game_id,player_id,player,team,opponent_team,mkt,book,point,pred,recent_avg,team_spread,inj,mates_out,opp_out,side,price,p_model,p_book_fair,ev,news
2026_04_ARI_NYG,00-0033119,Jacoby Brissett,ARI,NYG,pass_yds,draftkings,229.5,216.8848890025794,230.38906644493494,2.5,"",0.0,0.0,Over,-112,0.4075,0.5,-0.22866071428571433,false
2026_04_ARI_NYG,00-0033119,Jacoby Brissett,ARI,NYG,pass_yds,draftkings,229.5,216.8848890025794,230.38906644493494,2.5,"",0.0,0.0,Under,-112,0.5925,0.5,0.12151785714285723,false
2026_04_ARI_NYG,00-0041042,Malachi Fields,NYG,ARI,rec_yds,draftkings,22.5,23.250139513849234,24.29532351990771,-2.5,"",0.0,0.59,Over,-112,0.435,0.5,-0.1766071428571428,false
2026_04_ARI_NYG,00-0041042,Malachi Fields,NYG,ARI,rec_yds,draftkings,22.5,23.250139513849234,24.29532351990771,-2.5,"",0.0,0.59,Under,-112,0.565,0.5,0.06946428571428565,false
2026_04_ARI_NYG,00-0033307,Kendrick Bourne,ARI,NYG,rec_yds,draftkings,20.5,19.446646997802418,26.806983573417753,2.5,"",0.0,0.0,Over,-112,0.4525,0.5,-0.14348214285714284,false
2026_04_ARI_NYG,00-0033307,Kendrick Bourne,ARI,NYG,rec_yds,draftkings,20.5,19.446646997802418,26.806983573417753,2.5,"",0.0,0.0,Under,-112,0.5475,0.5,0.03633928571428574,false
2026_04_ARI_NYG,00-0036893,Najee Harris,NYG,ARI,rush_yds,draftkings,23.5,24.167038245745182,35.76332449359529,-2.5,"",0.0,0.0,Over,-112,0.5,0.5,-0.05357142857142855,false
2026_04_ARI_NYG,00-0036893,Najee Harris,NYG,ARI,rush_yds,draftkings,23.5,24.167038245745182,35.76332449359529,-2.5,"",0.0,0.0,Under,-112,0.5,0.5,-0.05357142857142855,false
2026_04_ARI_NYG,00-0033119,Jacoby Brissett,ARI,NYG,pass_yds,fanduel,230.5,216.8848890025794,230.38906644493494,2.5,"",0.0,0.0,Over,-113,0.405,0.5,-0.23659292035398222,false
2026_04_ARI_NYG,00-0033119,Jacoby Brissett,ARI,NYG,pass_yds,fanduel,230.5,216.8848890025794,230.38906644493494,2.5,"",0.0,0.0,Under,-113,0.595,0.5,0.1215486725663717,false
2026_04_ARI_NYG,00-0031503,Jameis Winston,NYG,ARI,pass_yds,fanduel,208.5,178.13615593336272,173.94237340210202,-2.5,"",0.0,0.59,Over,-113,0.3725,0.5,-0.2978539823008849,false
2026_04_ARI_NYG,00-0031503,Jameis Winston,NYG,ARI,pass_yds,fanduel,208.5,178.13615593336272,173.94237340210202,-2.5,"",0.0,0.59,Under,-113,0.6275,0.5,0.1828097345132743,false
2026_04_ARI_NYG,00-0038559,Michael Wilson,ARI,NYG,rec_yds,fanduel,56.5,60.28366158632531,67.99818155912376,2.5,"",0.0,0.0,Over,-113,0.5275,0.5,-0.005685840707964629,false
2026_04_ARI_NYG,00-0038559,Michael Wilson,ARI,NYG,rec_yds,fanduel,56.5,60.28366158632531,67.99818155912376,2.5,"",0.0,0.0,Under,-113,0.47250000000000003,0.5,-0.10935840707964595,false
2026_04_ARI_NYG,00-0039849,Marvin Harrison Jr.,ARI,NYG,rec_yds,fanduel,34.5,29.697018233838307,36.30374671182068,2.5,"",0.0,0.0,Over,-113,0.41,0.5,-0.22716814159292043,false
2026_04_ARI_NYG,00-0039849,Marvin Harrison Jr.,ARI,NYG,rec_yds,fanduel,34.5,29.697018233838307,36.30374671182068,2.5,"",0.0,0.0,Under,-113,0.5900000000000001,0.5,0.11212389380530996,false
2026_04_ARI_NYG,00-0037838,Isaiah Likely,NYG,ARI,rec_yds,fanduel,41.5,31.207666910817554,32.5034502949772,-2.5,"",0.0,0.59,Over,-113,0.37,0.5,-0.3025663716814159,false
2026_04_ARI_NYG,00-0037838,Isaiah Likely,NYG,ARI,rec_yds,fanduel,41.5,31.207666910817554,32.5034502949772,-2.5,"",0.0,0.59,Under,-113,0.63,0.5,0.1875221238938053,false
2026_04_ARI_NYG,00-0037744,Trey McBride,ARI,NYG,rec_yds,fanduel,63.5,66.18243402953176,72.50447189844394,2.5,"",0.0,0.0,Over,-113,0.515,0.5,-0.029247787610619413,false
2026_04_ARI_NYG,00-0037744,Trey McBride,ARI,NYG,rec_yds,fanduel,63.5,66.18243402953176,72.50447189844394,2.5,"",0.0,0.0,Under,-113,0.485,0.5,-0.08579646017699116,false
2026_04_ARI_NYG,00-0033307,Kendrick Bourne,ARI,NYG,rec_yds,fanduel,19.5,19.446646997802418,26.806983573417753,2.5,"",0.0,0.0,Over,-113,0.475,0.5,-0.10464601769911508,false
2026_04_ARI_NYG,00-0033307,Kendrick Bourne,ARI,NYG,rec_yds,fanduel,19.5,19.446646997802418,26.806983573417753,2.5,"",0.0,0.0,Under,-113,0.525,0.5,-0.010398230088495497,false
2026_04_ARI_NYG,00-0040715,Cam Skattebo,NYG,ARI,rec_yds,fanduel,18.5,19.307773325073775,23.962266618355144,-2.5,"",0.0,0.59,Over,-113,0.48,0.5,-0.09522123893805312,false
2026_04_ARI_NYG,00-0040715,Cam Skattebo,NYG,ARI,rec_yds,fanduel,18.5,19.307773325073775,23.962266618355144,-2.5,"",0.0,0.59,Under,-113,0.52,0.5,-0.019823008849557455,false
2026_04_ARI_NYG,00-0039847,Theo Johnson,NYG,ARI,rec_yds,fanduel,8.5,22.259387751703937,28.655282282229436,-2.5,"",0.0,0.59,Over,-113,0.6925,0.5,0.30533185840707966,true
2026_04_ARI_NYG,00-0039847,Theo Johnson,NYG,ARI,rec_yds,fanduel,8.5,22.259387751703937,28.655282282229436,-2.5,"",0.0,0.59,Under,-113,0.3075,0.5,-0.42037610619469024,true
2026_04_ARI_NYG,00-0041027,Jeremiyah Love,ARI,NYG,rec_yds,fanduel,16.5,15.76159057564033,15.234793947264366,2.5,"",0.0,0.0,Over,-113,0.455,0.5,-0.14234513274336275,false
2026_04_ARI_NYG,00-0041027,Jeremiyah Love,ARI,NYG,rec_yds,fanduel,16.5,15.76159057564033,15.234793947264366,2.5,"",0.0,0.0,Under,-113,0.5449999999999999,0.5,0.027300884955752114,false
2026_04_ARI_NYG,00-0041042,Malachi Fields,NYG,ARI,rec_yds,fanduel,23.5,23.250139513849234,24.29532351990771,-2.5,"",0.0,0.59,Over,-113,0.43,0.5,-0.1894690265486726,false
2026_04_ARI_NYG,00-0041042,Malachi Fields,NYG,ARI,rec_yds,fanduel,23.5,23.250139513849234,24.29532351990771,-2.5,"",0.0,0.59,Under,-113,0.5700000000000001,0.5,0.07442477876106213,false
2026_04_ARI_NYG,00-0036309,Darnell Mooney,NYG,ARI,rec_yds,fanduel,20.5,29.045774173845203,30.747541520578103,-2.5,"",0.0,0.59,Over,-113,0.605,0.5,0.1403982300884956,false
2026_04_ARI_NYG,00-0036309,Darnell Mooney,NYG,ARI,rec_yds,fanduel,20.5,29.045774173845203,30.747541520578103,-2.5,"",0.0,0.59,Under,-113,0.395,0.5,-0.25544247787610613,false
2026_04_ARI_NYG,00-0039337,Malik Nabers,NYG,ARI,rec_yds,fanduel,54.5,51.02383616435483,54.68066697742663,-2.5,"",0.0,0.59,Over,-113,0.455,0.5,-0.14234513274336275,false
2026_04_ARI_NYG,00-0039337,Malik Nabers,NYG,ARI,rec_yds,fanduel,54.5,51.02383616435483,54.68066697742663,-2.5,"",0.0,0.59,Under,-113,0.5449999999999999,0.5,0.027300884955752114,false
2026_04_ARI_NYG,00-0039849,Marvin Harrison Jr.,ARI,NYG,receptions,fanduel,2.5,2.4034638337222067,2.4350809327765917,2.5,"",0.0,0.0,Over,-114,0.4525,0.5,-0.15057017543859647,false
2026_04_ARI_NYG,00-0039849,Marvin Harrison Jr.,ARI,NYG,receptions,fanduel,2.5,2.4034638337222067,2.4350809327765917,2.5,"",0.0,0.0,Under,-114,0.5475,0.5,0.027763157894736767,false
2026_04_ARI_NYG,00-0040715,Cam Skattebo,NYG,ARI,rush_yds,fanduel,62.5,51.935640446723795,54.9744401021971,-2.5,"",0.0,0.0,Over,-113,0.4525,0.5,-0.14705752212389378,false
2026_04_ARI_NYG,00-0040715,Cam Skattebo,NYG,ARI,rush_yds,fanduel,62.5,51.935640446723795,54.9744401021971,-2.5,"",0.0,0.0,Under,-113,0.5475,0.5,0.032013274336283204,false
2026_04_ARI_NYG,00-0036893,Najee Harris,NYG,ARI,rush_yds,fanduel,23.5,24.167038245745182,35.76332449359529,-2.5,"",0.0,0.0,Over,-113,0.5,0.5,-0.05752212389380529,false
2026_04_ARI_NYG,00-0036893,Najee Harris,NYG,ARI,rush_yds,fanduel,23.5,24.167038245745182,35.76332449359529,-2.5,"",0.0,0.0,Under,-113,0.5,0.5,-0.05752212389380529,false
2026_04_ARI_NYG,00-0041027,Jeremiyah Love,ARI,NYG,rush_yds,fanduel,66.5,58.514192037891135,56.27048438216811,2.5,"",0.0,0.0,Over,-113,0.41,0.5,-0.22716814159292043,false
2026_04_ARI_NYG,00-0041027,Jeremiyah Love,ARI,NYG,rush_yds,fanduel,66.5,58.514192037891135,56.27048438216811,2.5,"",0.0,0.0,Under,-113,0.5900000000000001,0.5,0.11212389380530996,false
2026_04_ARI_NYG,00-0037263,Tyler Allgeier,ARI,NYG,rush_yds,fanduel,22.5,14.539284934632644,26.32341268663367,2.5,"",0.0,0.0,Over,-113,0.34,0.5,-0.3591150442477875,false
2026_04_ARI_NYG,00-0037263,Tyler Allgeier,ARI,NYG,rush_yds,fanduel,22.5,14.539284934632644,26.32341268663367,2.5,"",0.0,0.0,Under,-113,0.6599999999999999,0.5,0.24407079646017682,false
2026_04_ARI_NYG,00-0031503,Jameis Winston,NYG,ARI,pass_yds,betrivers,209.5,178.13615593336272,173.94237340210202,-2.5,"",0.0,0.59,Over,-115,0.36,0.5,-0.3269565217391305,false
2026_04_ARI_NYG,00-0031503,Jameis Winston,NYG,ARI,pass_yds,betrivers,209.5,178.13615593336272,173.94237340210202,-2.5,"",0.0,0.59,Under,-115,0.64,0.5,0.1965217391304348,false
2026_04_ARI_NYG,00-0040715,Cam Skattebo,NYG,ARI,rush_yds,betrivers,63.5,51.935640446723795,54.9744401021971,-2.5,"",0.0,0.0,Over,-115,0.4425,0.5,-0.17271739130434782,false
2026_04_ARI_NYG,00-0040715,Cam Skattebo,NYG,ARI,rush_yds,betrivers,63.5,51.935640446723795,54.9744401021971,-2.5,"",0.0,0.0,Under,-115,0.5575,0.5,0.042282608695652146,false
2026_04_ARI_NYG,00-0031503,Jameis Winston,NYG,ARI,pass_yds,betonlineag,210.5,178.13615593336272,173.94237340210202,-2.5,"",0.0,0.59,Over,-114,0.355,0.5,-0.3335964912280702,false
2026_04_ARI_NYG,00-0031503,Jameis Winston,NYG,ARI,pass_yds,betonlineag,210.5,178.13615593336272,173.94237340210202,-2.5,"",0.0,0.59,Under,-114,0.645,0.5,0.21078947368421053,false
2026_04_ARI_NYG,00-0033119,Jacoby Brissett,ARI,NYG,pass_yds,betonlineag,229.5,216.8848890025794,230.38906644493494,2.5,"",0.0,0.0,Over,-114,0.4075,0.5,-0.2350438596491229,false
2026_04_ARI_NYG,00-0033119,Jacoby Brissett,ARI,NYG,pass_yds,betonlineag,229.5,216.8848890025794,230.38906644493494,2.5,"",0.0,0.0,Under,-114,0.5925,0.5,0.11223684210526319,false
2026_04_ARI_NYG,00-0041042,Malachi Fields,NYG,ARI,rec_yds,betonlineag,23.5,23.250139513849234,24.29532351990771,-2.5,"",0.0,0.59,Over,-114,0.43,0.5,-0.19280701754385976,false
2026_04_ARI_NYG,00-0041042,Malachi Fields,NYG,ARI,rec_yds,betonlineag,23.5,23.250139513849234,24.29532351990771,-2.5,"",0.0,0.59,Under,-114,0.5700000000000001,0.5,0.07000000000000006,false
2026_04_ARI_NYG,00-0041027,Jeremiyah Love,ARI,NYG,rec_yds,betonlineag,17.5,15.76159057564033,15.234793947264366,2.5,"",0.0,0.0,Over,-114,0.4425,0.5,-0.1693421052631579,false
2026_04_ARI_NYG,00-0041027,Jeremiyah Love,ARI,NYG,rec_yds,betonlineag,17.5,15.76159057564033,15.234793947264366,2.5,"",0.0,0.0,Under,-114,0.5575,0.5,0.04653508771929821,false
2026_04_ARI_NYG,00-0039849,Marvin Harrison Jr.,ARI,NYG,rec_yds,betonlineag,34.5,29.697018233838307,36.30374671182068,2.5,"",0.0,0.0,Over,-114,0.41,0.5,-0.23035087719298258,false
2026_04_ARI_NYG,00-0039849,Marvin Harrison Jr.,ARI,NYG,rec_yds,betonlineag,34.5,29.697018233838307,36.30374671182068,2.5,"",0.0,0.0,Under,-114,0.5900000000000001,0.5,0.10754385964912294,false
2026_04_ARI_NYG,00-0039847,Theo Johnson,NYG,ARI,rec_yds,betonlineag,8.5,22.259387751703937,28.655282282229436,-2.5,"",0.0,0.59,Over,-114,0.6925,0.5,0.29995614035087714,true
2026_04_ARI_NYG,00-0039847,Theo Johnson,NYG,ARI,rec_yds,betonlineag,8.5,22.259387751703937,28.655282282229436,-2.5,"",0.0,0.59,Under,-114,0.3075,0.5,-0.42276315789473684,true
2026_04_ARI_NYG,00-0040715,Cam Skattebo,NYG,ARI,rec_yds,betonlineag,18.5,19.307773325073775,23.962266618355144,-2.5,"",0.0,0.59,Over,-114,0.48,0.5,-0.09894736842105267,false
2026_04_ARI_NYG,00-0040715,Cam Skattebo,NYG,ARI,rec_yds,betonlineag,18.5,19.307773325073775,23.962266618355144,-2.5,"",0.0,0.59,Under,-114,0.52,0.5,-0.023859649122807025,false
2026_04_ARI_NYG,00-0037838,Isaiah Likely,NYG,ARI,rec_yds,betonlineag,43.5,31.207666910817554,32.5034502949772,-2.5,"",0.0,0.59,Over,-114,0.355,0.5,-0.3335964912280702,false
2026_04_ARI_NYG,00-0037838,Isaiah Likely,NYG,ARI,rec_yds,betonlineag,43.5,31.207666910817554,32.5034502949772,-2.5,"",0.0,0.59,Under,-114,0.645,0.5,0.21078947368421053,false
2026_04_ARI_NYG,00-0036893,Najee Harris,NYG,ARI,rush_yds,betonlineag,23.5,24.167038245745182,35.76332449359529,-2.5,"",0.0,0.0,Over,-114,0.5,0.5,-0.06140350877192985,false
2026_04_ARI_NYG,00-0036893,Najee Harris,NYG,ARI,rush_yds,betonlineag,23.5,24.167038245745182,35.76332449359529,-2.5,"",0.0,0.0,Under,-114,0.5,0.5,-0.06140350877192985,false
2026_04_ARI_NYG,00-0041027,Jeremiyah Love,ARI,NYG,rush_yds,betonlineag,68.5,58.514192037891135,56.27048438216811,2.5,"",0.0,0.0,Over,-114,0.395,0.5,-0.2585087719298245,false
2026_04_ARI_NYG,00-0041027,Jeremiyah Love,ARI,NYG,rush_yds,betonlineag,68.5,58.514192037891135,56.27048438216811,2.5,"",0.0,0.0,Under,-114,0.605,0.5,0.13570175438596488,false
2026_04_ARI_NYG,00-0037263,Tyler Allgeier,ARI,NYG,rush_yds,betonlineag,22.5,14.539284934632644,26.32341268663367,2.5,"",0.0,0.0,Over,-114,0.34,0.5,-0.3617543859649122,false
2026_04_ARI_NYG,00-0037263,Tyler Allgeier,ARI,NYG,rush_yds,betonlineag,22.5,14.539284934632644,26.32341268663367,2.5,"",0.0,0.0,Under,-114,0.6599999999999999,0.5,0.23894736842105246,false
2026_04_ARI_NYG,00-0033119,Jacoby Brissett,ARI,NYG,pass_yds,betmgm,230.5,216.8848890025794,230.38906644493494,2.5,"",0.0,0.0,Over,-115,0.405,0.5,-0.2428260869565217,false
2026_04_ARI_NYG,00-0033119,Jacoby Brissett,ARI,NYG,pass_yds,betmgm,230.5,216.8848890025794,230.38906644493494,2.5,"",0.0,0.0,Under,-115,0.595,0.5,0.11239130434782607,false
2026_04_ARI_NYG,00-0031503,Jameis Winston,NYG,ARI,pass_yds,betmgm,207.5,178.13615593336272,173.94237340210202,-2.5,"",0.0,0.59,Over,-115,0.375,0.5,-0.29891304347826086,false
2026_04_ARI_NYG,00-0031503,Jameis Winston,NYG,ARI,pass_yds,betmgm,207.5,178.13615593336272,173.94237340210202,-2.5,"",0.0,0.59,Under,-115,0.625,0.5,0.1684782608695652,false
2026_04_ARI_NYG,00-0041027,Jeremiyah Love,ARI,NYG,rec_yds,betmgm,17.5,15.76159057564033,15.234793947264366,2.5,"",0.0,0.0,Over,-115,0.4425,0.5,-0.17271739130434782,false
2026_04_ARI_NYG,00-0041027,Jeremiyah Love,ARI,NYG,rec_yds,betmgm,17.5,15.76159057564033,15.234793947264366,2.5,"",0.0,0.0,Under,-115,0.5575,0.5,0.042282608695652146,false
2026_04_ARI_NYG,00-0038559,Michael Wilson,ARI,NYG,rec_yds,betmgm,58.5,60.28366158632531,67.99818155912376,2.5,"",0.0,0.0,Over,-115,0.5075,0.5,-0.05119565217391314,false
2026_04_ARI_NYG,00-0038559,Michael Wilson,ARI,NYG,rec_yds,betmgm,58.5,60.28366158632531,67.99818155912376,2.5,"",0.0,0.0,Under,-115,0.49250000000000005,0.5,-0.07923913043478253,false
2026_04_ARI_NYG,00-0039849,Marvin Harrison Jr.,ARI,NYG,rec_yds,betmgm,32.5,29.697018233838307,36.30374671182068,2.5,"",0.0,0.0,Over,-115,0.4425,0.5,-0.17271739130434782,false
2026_04_ARI_NYG,00-0039849,Marvin Harrison Jr.,ARI,NYG,rec_yds,betmgm,32.5,29.697018233838307,36.30374671182068,2.5,"",0.0,0.0,Under,-115,0.5575,0.5,0.042282608695652146,false
2026_04_ARI_NYG,00-0039337,Malik Nabers,NYG,ARI,rec_yds,betmgm,57.5,51.02383616435483,54.68066697742663,-2.5,"",0.0,0.59,Over,-115,0.4225,0.5,-0.21010869565217394,false
2026_04_ARI_NYG,00-0039337,Malik Nabers,NYG,ARI,rec_yds,betmgm,57.5,51.02383616435483,54.68066697742663,-2.5,"",0.0,0.59,Under,-115,0.5775,0.5,0.07967391304347826,false
2026_04_ARI_NYG,00-0033307,Kendrick Bourne,ARI,NYG,rec_yds,betmgm,20.5,19.446646997802418,26.806983573417753,2.5,"",0.0,0.0,Over,-115,0.4525,0.5,-0.15402173913043476,false
2026_04_ARI_NYG,00-0033307,Kendrick Bourne,ARI,NYG,rec_yds,betmgm,20.5,19.446646997802418,26.806983573417753,2.5,"",0.0,0.0,Under,-115,0.5475,0.5,0.02358695652173909,false
2026_04_ARI_NYG,00-0039847,Theo Johnson,NYG,ARI,rec_yds,betmgm,8.5,22.259387751703937,28.655282282229436,-2.5,"",0.0,0.59,Over,-115,0.6925,0.5,0.29467391304347823,true
2026_04_ARI_NYG,00-0039847,Theo Johnson,NYG,ARI,rec_yds,betmgm,8.5,22.259387751703937,28.655282282229436,-2.5,"",0.0,0.59,Under,-115,0.3075,0.5,-0.4251086956521739,true
2026_04_ARI_NYG,00-0037838,Isaiah Likely,NYG,ARI,rec_yds,betmgm,41.5,31.207666910817554,32.5034502949772,-2.5,"",0.0,0.59,Over,-115,0.37,0.5,-0.3082608695652174,false
2026_04_ARI_NYG,00-0037838,Isaiah Likely,NYG,ARI,rec_yds,betmgm,41.5,31.207666910817554,32.5034502949772,-2.5,"",0.0,0.59,Under,-115,0.63,0.5,0.1778260869565217,false
2026_04_ARI_NYG,00-0036309,Darnell Mooney,NYG,ARI,rec_yds,betmgm,20.5,29.045774173845203,30.747541520578103,-2.5,"",0.0,0.59,Over,-115,0.605,0.5,0.13108695652173907,false
2026_04_ARI_NYG,00-0036309,Darnell Mooney,NYG,ARI,rec_yds,betmgm,20.5,29.045774173845203,30.747541520578103,-2.5,"",0.0,0.59,Under,-115,0.395,0.5,-0.26152173913043475,false
2026_04_ARI_NYG,00-0037744,Trey McBride,ARI,NYG,rec_yds,betmgm,64.5,66.18243402953176,72.50447189844394,2.5,"",0.0,0.0,Over,-115,0.5025,0.5,-0.0605434782608697,false
2026_04_ARI_NYG,00-0037744,Trey McBride,ARI,NYG,rec_yds,betmgm,64.5,66.18243402953176,72.50447189844394,2.5,"",0.0,0.0,Under,-115,0.49750000000000005,0.5,-0.06989130434782598,false
2026_04_ARI_NYG,00-0039849,Marvin Harrison Jr.,ARI,NYG,receptions,betmgm,2.5,2.4034638337222067,2.4350809327765917,2.5,"",0.0,0.0,Over,-115,0.4525,0.5,-0.15402173913043476,false
2026_04_ARI_NYG,00-0039849,Marvin Harrison Jr.,ARI,NYG,receptions,betmgm,2.5,2.4034638337222067,2.4350809327765917,2.5,"",0.0,0.0,Under,-115,0.5475,0.5,0.02358695652173909,false
2026_04_ARI_NYG,00-0041027,Jeremiyah Love,ARI,NYG,rush_yds,betmgm,65.5,58.514192037891135,56.27048438216811,2.5,"",0.0,0.0,Over,-115,0.425,0.5,-0.20543478260869563,false
2026_04_ARI_NYG,00-0041027,Jeremiyah Love,ARI,NYG,rush_yds,betmgm,65.5,58.514192037891135,56.27048438216811,2.5,"",0.0,0.0,Under,-115,0.575,0.5,0.0749999999999999,false
2026_04_ARI_NYG,00-0040715,Cam Skattebo,NYG,ARI,rush_yds,betmgm,61.5,51.935640446723795,54.9744401021971,-2.5,"",0.0,0.0,Over,-115,0.4575,0.5,-0.14467391304347826,false
2026_04_ARI_NYG,00-0040715,Cam Skattebo,NYG,ARI,rush_yds,betmgm,61.5,51.935640446723795,54.9744401021971,-2.5,"",0.0,0.0,Under,-115,0.5425,0.5,0.014239130434782588,false
2026_04_ARI_NYG,00-0036893,Najee Harris,NYG,ARI,rush_yds,betmgm,24.5,24.167038245745182,35.76332449359529,-2.5,"",0.0,0.0,Over,-115,0.4725,0.5,-0.11663043478260882,false
2026_04_ARI_NYG,00-0036893,Najee Harris,NYG,ARI,rush_yds,betmgm,24.5,24.167038245745182,35.76332449359529,-2.5,"",0.0,0.0,Under,-115,0.5275000000000001,0.5,-0.013804347826086805,false
2026_04_ARI_NYG,00-0033119,Jacoby Brissett,ARI,NYG,pass_yds,bovada,229.5,216.8848890025794,230.38906644493494,2.5,"",0.0,0.0,Over,-115,0.4075,0.5,-0.23815217391304355,false
2026_04_ARI_NYG,00-0033119,Jacoby Brissett,ARI,NYG,pass_yds,bovada,229.5,216.8848890025794,230.38906644493494,2.5,"",0.0,0.0,Under,-115,0.5925,0.5,0.10771739130434788,false
2026_04_ARI_NYG,00-0031503,Jameis Winston,NYG,ARI,pass_yds,bovada,206.5,178.13615593336272,173.94237340210202,-2.5,"",0.0,0.59,Over,-115,0.3825,0.5,-0.284891304347826,false
2026_04_ARI_NYG,00-0031503,Jameis Winston,NYG,ARI,pass_yds,bovada,206.5,178.13615593336272,173.94237340210202,-2.5,"",0.0,0.59,Under,-115,0.6174999999999999,0.5,0.15445652173913027,false
2026_04_ARI_NYG,00-0040715,Cam Skattebo,NYG,ARI,rec_yds,bovada,18.5,19.307773325073775,23.962266618355144,-2.5,"",0.0,0.59,Over,-115,0.48,0.5,-0.10260869565217395,false
2026_04_ARI_NYG,00-0040715,Cam Skattebo,NYG,ARI,rec_yds,bovada,18.5,19.307773325073775,23.962266618355144,-2.5,"",0.0,0.59,Under,-115,0.52,0.5,-0.027826086956521723,false
2026_04_ARI_NYG,00-0036309,Darnell Mooney,NYG,ARI,rec_yds,bovada,20.5,29.045774173845203,30.747541520578103,-2.5,"",0.0,0.59,Over,-115,0.605,0.5,0.13108695652173907,false
2026_04_ARI_NYG,00-0036309,Darnell Mooney,NYG,ARI,rec_yds,bovada,20.5,29.045774173845203,30.747541520578103,-2.5,"",0.0,0.59,Under,-115,0.395,0.5,-0.26152173913043475,false
2026_04_ARI_NYG,00-0037838,Isaiah Likely,NYG,ARI,rec_yds,bovada,41.5,31.207666910817554,32.5034502949772,-2.5,"",0.0,0.59,Over,-115,0.37,0.5,-0.3082608695652174,false
2026_04_ARI_NYG,00-0037838,Isaiah Likely,NYG,ARI,rec_yds,bovada,41.5,31.207666910817554,32.5034502949772,-2.5,"",0.0,0.59,Under,-115,0.63,0.5,0.1778260869565217,false
2026_04_ARI_NYG,00-0033307,Kendrick Bourne,ARI,NYG,rec_yds,bovada,20.5,19.446646997802418,26.806983573417753,2.5,"",0.0,0.0,Over,-115,0.4525,0.5,-0.15402173913043476,false
2026_04_ARI_NYG,00-0033307,Kendrick Bourne,ARI,NYG,rec_yds,bovada,20.5,19.446646997802418,26.806983573417753,2.5,"",0.0,0.0,Under,-115,0.5475,0.5,0.02358695652173909,false
2026_04_ARI_NYG,00-0041042,Malachi Fields,NYG,ARI,rec_yds,bovada,22.5,23.250139513849234,24.29532351990771,-2.5,"",0.0,0.59,Over,-115,0.435,0.5,-0.18673913043478257,false
2026_04_ARI_NYG,00-0041042,Malachi Fields,NYG,ARI,rec_yds,bovada,22.5,23.250139513849234,24.29532351990771,-2.5,"",0.0,0.59,Under,-115,0.565,0.5,0.05630434782608684,false
2026_04_ARI_NYG,00-0039337,Malik Nabers,NYG,ARI,rec_yds,bovada,54.5,51.02383616435483,54.68066697742663,-2.5,"",0.0,0.59,Over,-115,0.455,0.5,-0.14934782608695646,false
2026_04_ARI_NYG,00-0039337,Malik Nabers,NYG,ARI,rec_yds,bovada,54.5,51.02383616435483,54.68066697742663,-2.5,"",0.0,0.59,Under,-115,0.5449999999999999,0.5,0.018913043478260727,false
2026_04_ARI_NYG,00-0038559,Michael Wilson,ARI,NYG,rec_yds,bovada,59.5,60.28366158632531,67.99818155912376,2.5,"",0.0,0.0,Over,-115,0.4875,0.5,-0.08858695652173909,false
2026_04_ARI_NYG,00-0038559,Michael Wilson,ARI,NYG,rec_yds,bovada,59.5,60.28366158632531,67.99818155912376,2.5,"",0.0,0.0,Under,-115,0.5125,0.5,-0.04184782608695664,false
2026_04_ARI_NYG,00-0039847,Theo Johnson,NYG,ARI,rec_yds,bovada,7.5,22.259387751703937,28.655282282229436,-2.5,"",0.0,0.59,Over,-115,0.7125,0.5,0.33206521739130435,true
2026_04_ARI_NYG,00-0039847,Theo Johnson,NYG,ARI,rec_yds,bovada,7.5,22.259387751703937,28.655282282229436,-2.5,"",0.0,0.59,Under,-115,0.2875,0.5,-0.4625,true
2026_04_ARI_NYG,00-0037744,Trey McBride,ARI,NYG,rec_yds,bovada,63.5,66.18243402953176,72.50447189844394,2.5,"",0.0,0.0,Over,-115,0.515,0.5,-0.037173913043478224,false
2026_04_ARI_NYG,00-0037744,Trey McBride,ARI,NYG,rec_yds,bovada,63.5,66.18243402953176,72.50447189844394,2.5,"",0.0,0.0,Under,-115,0.485,0.5,-0.09326086956521745,false
2026_04_ARI_NYG,00-0040715,Cam Skattebo,NYG,ARI,rush_yds,bovada,62.5,51.935640446723795,54.9744401021971,-2.5,"",0.0,0.0,Over,-115,0.4525,0.5,-0.15402173913043476,false
2026_04_ARI_NYG,00-0040715,Cam Skattebo,NYG,ARI,rush_yds,bovada,62.5,51.935640446723795,54.9744401021971,-2.5,"",0.0,0.0,Under,-115,0.5475,0.5,0.02358695652173909,false
2026_04_ARI_NYG,00-0041027,Jeremiyah Love,ARI,NYG,rush_yds,bovada,65.5,58.514192037891135,56.27048438216811,2.5,"",0.0,0.0,Over,-115,0.425,0.5,-0.20543478260869563,false
2026_04_ARI_NYG,00-0041027,Jeremiyah Love,ARI,NYG,rush_yds,bovada,65.5,58.514192037891135,56.27048438216811,2.5,"",0.0,0.0,Under,-115,0.575,0.5,0.0749999999999999,false
2026_04_ARI_NYG,00-0036893,Najee Harris,NYG,ARI,rush_yds,bovada,23.5,24.167038245745182,35.76332449359529,-2.5,"",0.0,0.0,Over,-115,0.5,0.5,-0.06521739130434784,false
2026_04_ARI_NYG,00-0036893,Najee Harris,NYG,ARI,rush_yds,bovada,23.5,24.167038245745182,35.76332449359529,-2.5,"",0.0,0.0,Under,-115,0.5,0.5,-0.06521739130434784,false
2026_04_ARI_NYG,00-0037263,Tyler Allgeier,ARI,NYG,rush_yds,bovada,21.5,14.539284934632644,26.32341268663367,2.5,"",0.0,0.0,Over,-115,0.3775,0.5,-0.29423913043478267,false
2026_04_ARI_NYG,00-0037263,Tyler Allgeier,ARI,NYG,rush_yds,bovada,21.5,14.539284934632644,26.32341268663367,2.5,"",0.0,0.0,Under,-115,0.6225,0.5,0.163804347826087,false
2026_04_TEN_BAL,00-0032764,Derrick Henry,BAL,TEN,rush_yds,draftkings,99.5,108.04222988654313,107.81217596969148,11.5,"",0.0,0.0,Over,-112,0.525,0.5,-0.006249999999999922,false
2026_04_TEN_BAL,00-0032764,Derrick Henry,BAL,TEN,rush_yds,draftkings,99.5,108.04222988654313,107.81217596969148,11.5,"",0.0,0.0,Under,-112,0.475,0.5,-0.10089285714285717,false
2026_04_TEN_BAL,00-0034796,Lamar Jackson,BAL,TEN,pass_yds,fanduel,213.5,208.80574311463224,211.87556072748842,11.5,"",0.0,0.0,Over,-113,0.465,0.5,-0.12349557522123883,false
2026_04_TEN_BAL,00-0034796,Lamar Jackson,BAL,TEN,pass_yds,fanduel,213.5,208.80574311463224,211.87556072748842,11.5,"",0.0,0.0,Under,-113,0.5349999999999999,0.5,0.008451327433628197,false
2026_04_TEN_BAL,00-0040676,Cam Ward,TEN,BAL,pass_yds,fanduel,187.5,182.47885997306108,173.20626156692657,-11.5,"",0.0,0.0,Over,-113,0.4975,0.5,-0.06223451327433621,false
2026_04_TEN_BAL,00-0040676,Cam Ward,TEN,BAL,pass_yds,fanduel,187.5,182.47885997306108,173.20626156692657,-11.5,"",0.0,0.0,Under,-113,0.5025,0.5,-0.05280973451327442,false
2026_04_TEN_BAL,00-0036550,Rashod Bateman,BAL,TEN,rec_yds,fanduel,26.5,27.90513571224305,27.47760766192496,11.5,"",0.0,0.0,Over,-113,0.505,0.5,-0.04809734513274333,false
2026_04_TEN_BAL,00-0036550,Rashod Bateman,BAL,TEN,rec_yds,fanduel,26.5,27.90513571224305,27.47760766192496,11.5,"",0.0,0.0,Under,-113,0.495,0.5,-0.06694690265486725,false
2026_04_TEN_BAL,00-0039064,Zay Flowers,BAL,TEN,rec_yds,fanduel,71.5,55.94057219887515,86.57843263817468,11.5,Q,0.0,0.0,Over,-113,0.3375,0.5,-0.36382743362831854,false
2026_04_TEN_BAL,00-0039064,Zay Flowers,BAL,TEN,rec_yds,fanduel,71.5,55.94057219887515,86.57843263817468,11.5,Q,0.0,0.0,Under,-113,0.6625,0.5,0.2487831858407079,false
2026_04_TEN_BAL,00-0041438,Carnell Tate,TEN,BAL,rec_yds,fanduel,43.5,45.236368676184156,42.21904471989196,-11.5,"",0.0,0.0,Over,-113,0.54,0.5,0.017876106194690378,false
2026_04_TEN_BAL,00-0041438,Carnell Tate,TEN,BAL,rec_yds,fanduel,43.5,45.236368676184156,42.21904471989196,-11.5,"",0.0,0.0,Under,-113,0.45999999999999996,0.5,-0.13292035398230095,false
2026_04_TEN_BAL,00-0040584,Gunnar Helm,TEN,BAL,rec_yds,fanduel,18.5,15.76351900683137,19.47441346358427,-11.5,"",0.0,0.0,Over,-113,0.42,0.5,-0.2083185840707965,false
2026_04_TEN_BAL,00-0040584,Gunnar Helm,TEN,BAL,rec_yds,fanduel,18.5,15.76351900683137,19.47441346358427,-11.5,"",0.0,0.0,Under,-113,0.5800000000000001,0.5,0.09327433628318604,false
2026_04_TEN_BAL,00-0039032,Tyjae Spears,TEN,BAL,rec_yds,fanduel,12.5,9.797574598574911,16.872967325345748,-11.5,Q,0.0,0.0,Over,-113,0.4025,0.5,-0.24130530973451314,false
2026_04_TEN_BAL,00-0039032,Tyjae Spears,TEN,BAL,rec_yds,fanduel,12.5,9.797574598574911,16.872967325345748,-11.5,Q,0.0,0.0,Under,-113,0.5974999999999999,0.5,0.12626106194690256,false
2026_04_TEN_BAL,00-0038117,Wan'Dale Robinson,TEN,BAL,rec_yds,fanduel,37.5,45.41508071147943,52.94998398130999,-11.5,"",0.0,0.0,Over,-113,0.605,0.5,0.1403982300884956,true
2026_04_TEN_BAL,00-0038117,Wan'Dale Robinson,TEN,BAL,rec_yds,fanduel,37.5,45.41508071147943,52.94998398130999,-11.5,"",0.0,0.0,Under,-113,0.395,0.5,-0.25544247787610613,true
2026_04_TEN_BAL,00-0034753,Mark Andrews,BAL,TEN,rec_yds,fanduel,37.5,29.521030407632786,29.824881984319124,11.5,"",0.0,0.0,Over,-113,0.3525,0.5,-0.3355530973451327,false
2026_04_TEN_BAL,00-0034753,Mark Andrews,BAL,TEN,rec_yds,fanduel,37.5,29.521030407632786,29.824881984319124,11.5,"",0.0,0.0,Under,-113,0.6475,0.5,0.22050884955752204,false
2026_04_TEN_BAL,00-0040170,Elic Ayomanor,TEN,BAL,rec_yds,fanduel,19.5,27.802073056401525,32.42591087669064,-11.5,"",0.0,0.0,Over,-113,0.61,0.5,0.14982300884955757,true
2026_04_TEN_BAL,00-0040170,Elic Ayomanor,TEN,BAL,rec_yds,fanduel,19.5,27.802073056401525,32.42591087669064,-11.5,"",0.0,0.0,Under,-113,0.39,0.5,-0.2648672566371681,true
2026_04_TEN_BAL,00-0035261,Tony Pollard,TEN,BAL,rush_yds,fanduel,48.5,51.81206559633644,67.27707803559272,-11.5,"",0.0,0.55,Over,-113,0.585,0.5,0.10269911504424778,false
2026_04_TEN_BAL,00-0035261,Tony Pollard,TEN,BAL,rush_yds,fanduel,48.5,51.81206559633644,67.27707803559272,-11.5,"",0.0,0.55,Under,-113,0.41500000000000004,0.5,-0.2177433628318583,false
2026_04_TEN_BAL,00-0032764,Derrick Henry,BAL,TEN,rush_yds,fanduel,96.5,108.04222988654313,107.81217596969148,11.5,"",0.0,0.0,Over,-113,0.5625,0.5,0.06028761061946908,false
2026_04_TEN_BAL,00-0032764,Derrick Henry,BAL,TEN,rush_yds,fanduel,96.5,108.04222988654313,107.81217596969148,11.5,"",0.0,0.0,Under,-113,0.4375,0.5,-0.17533185840707965,false
2026_04_TEN_BAL,00-0041438,Carnell Tate,TEN,BAL,rec_yds,betonlineag,43.5,45.236368676184156,42.21904471989196,-11.5,"",0.0,0.0,Over,-114,0.54,0.5,0.013684210526315854,false
2026_04_TEN_BAL,00-0041438,Carnell Tate,TEN,BAL,rec_yds,betonlineag,43.5,45.236368676184156,42.21904471989196,-11.5,"",0.0,0.0,Under,-114,0.45999999999999996,0.5,-0.13649122807017555,false
2026_04_TEN_BAL,00-0034753,Mark Andrews,BAL,TEN,rec_yds,betonlineag,36.5,29.521030407632786,29.824881984319124,11.5,"",0.0,0.0,Over,-114,0.36,0.5,-0.3242105263157895,false
2026_04_TEN_BAL,00-0034753,Mark Andrews,BAL,TEN,rec_yds,betonlineag,36.5,29.521030407632786,29.824881984319124,11.5,"",0.0,0.0,Under,-114,0.64,0.5,0.2014035087719298,false
2026_04_TEN_BAL,00-0039064,Zay Flowers,BAL,TEN,rec_yds,betonlineag,72.5,55.94057219887515,86.57843263817468,11.5,Q,0.0,0.0,Over,-114,0.3275,0.5,-0.385219298245614,false
2026_04_TEN_BAL,00-0039064,Zay Flowers,BAL,TEN,rec_yds,betonlineag,72.5,55.94057219887515,86.57843263817468,11.5,Q,0.0,0.0,Under,-114,0.6725,0.5,0.2624122807017544,false
2026_04_TEN_BAL,00-0032764,Derrick Henry,BAL,TEN,rush_yds,betonlineag,98.5,108.04222988654313,107.81217596969148,11.5,"",0.0,0.0,Over,-114,0.5325,0.5,-0.00039473684210533655,false
2026_04_TEN_BAL,00-0032764,Derrick Henry,BAL,TEN,rush_yds,betonlineag,98.5,108.04222988654313,107.81217596969148,11.5,"",0.0,0.0,Under,-114,0.4675,0.5,-0.12241228070175436,false
2026_04_TEN_BAL,00-0040676,Cam Ward,TEN,BAL,pass_yds,betmgm,188.5,182.47885997306108,173.20626156692657,-11.5,"",0.0,0.0,Over,-115,0.495,0.5,-0.0745652173913044,false
2026_04_TEN_BAL,00-0040676,Cam Ward,TEN,BAL,pass_yds,betmgm,188.5,182.47885997306108,173.20626156692657,-11.5,"",0.0,0.0,Under,-115,0.505,0.5,-0.05586956521739128,false
2026_04_TEN_BAL,00-0034796,Lamar Jackson,BAL,TEN,pass_yds,betmgm,218.5,208.80574311463224,211.87556072748842,11.5,"",0.0,0.0,Over,-115,0.4375,0.5,-0.18206521739130438,false
2026_04_TEN_BAL,00-0034796,Lamar Jackson,BAL,TEN,pass_yds,betmgm,218.5,208.80574311463224,211.87556072748842,11.5,"",0.0,0.0,Under,-115,0.5625,0.5,0.0516304347826087,false
2026_04_TEN_BAL,00-0039064,Zay Flowers,BAL,TEN,rec_yds,betmgm,70.5,55.94057219887515,86.57843263817468,11.5,Q,0.0,0.0,Over,-115,0.34,0.5,-0.36434782608695643,false
2026_04_TEN_BAL,00-0039064,Zay Flowers,BAL,TEN,rec_yds,betmgm,70.5,55.94057219887515,86.57843263817468,11.5,Q,0.0,0.0,Under,-115,0.6599999999999999,0.5,0.2339130434782607,false
2026_04_TEN_BAL,00-0039032,Tyjae Spears,TEN,BAL,rec_yds,betmgm,12.5,9.797574598574911,16.872967325345748,-11.5,Q,0.0,0.0,Over,-115,0.4025,0.5,-0.2474999999999999,false
2026_04_TEN_BAL,00-0039032,Tyjae Spears,TEN,BAL,rec_yds,betmgm,12.5,9.797574598574911,16.872967325345748,-11.5,Q,0.0,0.0,Under,-115,0.5974999999999999,0.5,0.11706521739130415,false
2026_04_TEN_BAL,00-0036550,Rashod Bateman,BAL,TEN,rec_yds,betmgm,28.5,27.90513571224305,27.47760766192496,11.5,"",0.0,0.0,Over,-115,0.475,0.5,-0.11195652173913051,false
2026_04_TEN_BAL,00-0036550,Rashod Bateman,BAL,TEN,rec_yds,betmgm,28.5,27.90513571224305,27.47760766192496,11.5,"",0.0,0.0,Under,-115,0.525,0.5,-0.018478260869565166,false
2026_04_TEN_BAL,00-0035261,Tony Pollard,TEN,BAL,rush_yds,betmgm,47.5,51.81206559633644,67.27707803559272,-11.5,"",0.0,0.55,Over,-115,0.585,0.5,0.09369565217391296,false
2026_04_TEN_BAL,00-0035261,Tony Pollard,TEN,BAL,rush_yds,betmgm,47.5,51.81206559633644,67.27707803559272,-11.5,"",0.0,0.55,Under,-115,0.41500000000000004,0.5,-0.22413043478260863,false
2026_04_TEN_BAL,00-0032764,Derrick Henry,BAL,TEN,rush_yds,betmgm,99.5,108.04222988654313,107.81217596969148,11.5,"",0.0,0.0,Over,-115,0.525,0.5,-0.018478260869565166,false
2026_04_TEN_BAL,00-0032764,Derrick Henry,BAL,TEN,rush_yds,betmgm,99.5,108.04222988654313,107.81217596969148,11.5,"",0.0,0.0,Under,-115,0.475,0.5,-0.11195652173913051,false
2026_04_TEN_BAL,00-0040676,Cam Ward,TEN,BAL,pass_yds,bovada,186.5,182.47885997306108,173.20626156692657,-11.5,"",0.0,0.0,Over,-115,0.5,0.5,-0.06521739130434784,false
2026_04_TEN_BAL,00-0040676,Cam Ward,TEN,BAL,pass_yds,bovada,186.5,182.47885997306108,173.20626156692657,-11.5,"",0.0,0.0,Under,-115,0.5,0.5,-0.06521739130434784,false
2026_04_TEN_BAL,00-0034796,Lamar Jackson,BAL,TEN,pass_yds,bovada,217.5,208.80574311463224,211.87556072748842,11.5,"",0.0,0.0,Over,-115,0.44,0.5,-0.17739130434782613,false
2026_04_TEN_BAL,00-0034796,Lamar Jackson,BAL,TEN,pass_yds,bovada,217.5,208.80574311463224,211.87556072748842,11.5,"",0.0,0.0,Under,-115,0.56,0.5,0.04695652173913051,false
2026_04_TEN_BAL,00-0041438,Carnell Tate,TEN,BAL,rec_yds,bovada,44.5,45.236368676184156,42.21904471989196,-11.5,"",0.0,0.0,Over,-115,0.525,0.5,-0.018478260869565166,false
2026_04_TEN_BAL,00-0041438,Carnell Tate,TEN,BAL,rec_yds,bovada,44.5,45.236368676184156,42.21904471989196,-11.5,"",0.0,0.0,Under,-115,0.475,0.5,-0.11195652173913051,false
2026_04_TEN_BAL,00-0034753,Mark Andrews,BAL,TEN,rec_yds,bovada,39.5,29.521030407632786,29.824881984319124,11.5,"",0.0,0.0,Over,-115,0.315,0.5,-0.4110869565217392,false
2026_04_TEN_BAL,00-0034753,Mark Andrews,BAL,TEN,rec_yds,bovada,39.5,29.521030407632786,29.824881984319124,11.5,"",0.0,0.0,Under,-115,0.685,0.5,0.28065217391304353,false
2026_04_TEN_BAL,00-0039032,Tyjae Spears,TEN,BAL,rec_yds,bovada,12.5,9.797574598574911,16.872967325345748,-11.5,Q,0.0,0.0,Over,-115,0.4025,0.5,-0.2474999999999999,false
2026_04_TEN_BAL,00-0039032,Tyjae Spears,TEN,BAL,rec_yds,bovada,12.5,9.797574598574911,16.872967325345748,-11.5,Q,0.0,0.0,Under,-115,0.5974999999999999,0.5,0.11706521739130415,false
2026_04_TEN_BAL,00-0039064,Zay Flowers,BAL,TEN,rec_yds,bovada,74.5,55.94057219887515,86.57843263817468,11.5,Q,0.0,0.0,Over,-115,0.305,0.5,-0.42978260869565227,false
2026_04_TEN_BAL,00-0039064,Zay Flowers,BAL,TEN,rec_yds,bovada,74.5,55.94057219887515,86.57843263817468,11.5,Q,0.0,0.0,Under,-115,0.6950000000000001,0.5,0.29934782608695665,false
2026_04_TEN_BAL,00-0032764,Derrick Henry,BAL,TEN,rush_yds,bovada,99.5,108.04222988654313,107.81217596969148,11.5,"",0.0,0.0,Over,-115,0.525,0.5,-0.018478260869565166,false
2026_04_TEN_BAL,00-0032764,Derrick Henry,BAL,TEN,rush_yds,bovada,99.5,108.04222988654313,107.81217596969148,11.5,"",0.0,0.0,Under,-115,0.475,0.5,-0.11195652173913051,false
2026_04_TEN_BAL,00-0035261,Tony Pollard,TEN,BAL,rush_yds,bovada,48.5,51.81206559633644,67.27707803559272,-11.5,"",0.0,0.55,Over,-115,0.585,0.5,0.09369565217391296,false
2026_04_TEN_BAL,00-0035261,Tony Pollard,TEN,BAL,rush_yds,bovada,48.5,51.81206559633644,67.27707803559272,-11.5,"",0.0,0.55,Under,-115,0.41500000000000004,0.5,-0.22413043478260863,false
2026_04_NE_BUF,00-0037816,Romeo Doubs,NE,BUF,rec_yds,draftkings,39.5,36.23023996537453,54.978192336891304,-7.0,"",0.0,0.0,Over,-112,0.445,0.5,-0.15767857142857133,false
2026_04_NE_BUF,00-0037816,Romeo Doubs,NE,BUF,rec_yds,draftkings,39.5,36.23023996537453,54.978192336891304,-7.0,"",0.0,0.0,Under,-112,0.5549999999999999,0.5,0.050535714285714184,false
2026_04_NE_BUF,00-0033090,Hunter Henry,NE,BUF,rec_yds,draftkings,29.5,27.539601791141674,30.852954513754998,-7.0,"",0.0,0.0,Over,-112,0.4675,0.5,-0.11508928571428562,false
2026_04_NE_BUF,00-0033090,Hunter Henry,NE,BUF,rec_yds,draftkings,29.5,27.539601791141674,30.852954513754998,-7.0,"",0.0,0.0,Under,-112,0.5325,0.5,0.007946428571428521,false
2026_04_NE_BUF,00-0034857,Josh Allen,BUF,NE,pass_yds,fanduel,242.5,264.3791753479903,243.9976619807886,7.0,"",0.0,0.95,Over,-113,0.5875,0.5,0.10741150442477887,false
2026_04_NE_BUF,00-0034857,Josh Allen,BUF,NE,pass_yds,fanduel,242.5,264.3791753479903,243.9976619807886,7.0,"",0.0,0.95,Under,-113,0.4125,0.5,-0.2224557522123894,false
2026_04_NE_BUF,00-0039851,Drake Maye,NE,BUF,pass_yds,fanduel,231.5,196.4538575123922,216.20063842990243,-7.0,"",0.0,0.0,Over,-113,0.345,0.5,-0.3496902654867257,false
2026_04_NE_BUF,00-0039851,Drake Maye,NE,BUF,pass_yds,fanduel,231.5,196.4538575123922,216.20063842990243,-7.0,"",0.0,0.0,Under,-113,0.655,0.5,0.23464601769911508,false
2026_04_NE_BUF,00-0033555,Mack Hollins,NE,BUF,rec_yds,fanduel,42.5,39.66535686516975,52.490370479774185,-7.0,"",0.0,0.0,Over,-113,0.4325,0.5,-0.18475663716814156,false
2026_04_NE_BUF,00-0033555,Mack Hollins,NE,BUF,rec_yds,fanduel,42.5,39.66535686516975,52.490370479774185,-7.0,"",0.0,0.0,Under,-113,0.5675,0.5,0.06971238938053104,false
2026_04_NE_BUF,00-0039901,Keon Coleman,BUF,NE,rec_yds,fanduel,12.5,25.73366841497812,30.661714596640252,7.0,ltd,0.0,0.95,Over,-113,0.71,0.5,0.3383185840707964,true
2026_04_NE_BUF,00-0039901,Keon Coleman,BUF,NE,rec_yds,fanduel,12.5,25.73366841497812,30.661714596640252,7.0,ltd,0.0,0.95,Under,-113,0.29000000000000004,0.5,-0.453362831858407,true
2026_04_NE_BUF,00-0036875,Rhamondre Stevenson,NE,BUF,rec_yds,fanduel,17.5,16.80931550153521,24.127589469027786,-7.0,"",0.0,0.0,Over,-113,0.4325,0.5,-0.18475663716814156,false
2026_04_NE_BUF,00-0036875,Rhamondre Stevenson,NE,BUF,rec_yds,fanduel,17.5,16.80931550153521,24.127589469027786,-7.0,"",0.0,0.0,Under,-113,0.5675,0.5,0.06971238938053104,false
2026_04_NE_BUF,00-0038621,DeMario Douglas,NE,BUF,rec_yds,fanduel,30.5,12.07916853326029,24.01269889654303,-7.0,"",0.0,0.0,Over,-113,0.17,0.5,-0.6795575221238938,false
2026_04_NE_BUF,00-0038621,DeMario Douglas,NE,BUF,rec_yds,fanduel,30.5,12.07916853326029,24.01269889654303,-7.0,"",0.0,0.0,Under,-113,0.83,0.5,0.5645132743362832,false
2026_04_NE_BUF,00-0033090,Hunter Henry,NE,BUF,rec_yds,fanduel,30.5,27.539601791141674,30.852954513754998,-7.0,"",0.0,0.0,Over,-113,0.4375,0.5,-0.17533185840707965,false
2026_04_NE_BUF,00-0033090,Hunter Henry,NE,BUF,rec_yds,fanduel,30.5,27.539601791141674,30.852954513754998,-7.0,"",0.0,0.0,Under,-113,0.5625,0.5,0.06028761061946908,false
2026_04_NE_BUF,00-0034827,DJ Moore,BUF,NE,rec_yds,fanduel,50.5,38.45852049979416,47.5748720775946,7.0,ltd,0.0,0.95,Over,-113,0.33,0.5,-0.3779646017699114,false
2026_04_NE_BUF,00-0034827,DJ Moore,BUF,NE,rec_yds,fanduel,50.5,38.45852049979416,47.5748720775946,7.0,ltd,0.0,0.95,Under,-113,0.6699999999999999,0.5,0.26292035398230074,false
2026_04_NE_BUF,00-0037816,Romeo Doubs,NE,BUF,rec_yds,fanduel,39.5,36.23023996537453,54.978192336891304,-7.0,"",0.0,0.0,Over,-113,0.445,0.5,-0.16119469026548666,false
2026_04_NE_BUF,00-0037816,Romeo Doubs,NE,BUF,rec_yds,fanduel,39.5,36.23023996537453,54.978192336891304,-7.0,"",0.0,0.0,Under,-113,0.5549999999999999,0.5,0.04615044247787603,false
2026_04_NE_BUF,00-0038933,Dalton Kincaid,BUF,NE,rec_yds,fanduel,47.5,39.7548709653255,60.526909840791134,7.0,"",0.0,0.95,Over,-113,0.36,0.5,-0.32141592920353984,false
2026_04_NE_BUF,00-0038933,Dalton Kincaid,BUF,NE,rec_yds,fanduel,47.5,39.7548709653255,60.526909840791134,7.0,"",0.0,0.95,Under,-113,0.64,0.5,0.2063716814159292,false
2026_04_NE_BUF,00-0037261,Khalil Shakir,BUF,NE,rec_yds,fanduel,38.5,40.908868786015496,43.037070801625966,7.0,"",0.0,0.95,Over,-113,0.4825,0.5,-0.0905088495575222,false
2026_04_NE_BUF,00-0037261,Khalil Shakir,BUF,NE,rec_yds,fanduel,38.5,40.908868786015496,43.037070801625966,7.0,"",0.0,0.95,Under,-113,0.5175000000000001,0.5,-0.024535398230088323,false
2026_04_NE_BUF,00-0040734,TreVeyon Henderson,NE,BUF,rush_yds,fanduel,39.5,28.57168008123604,42.661863817359155,-7.0,"",0.0,0.46,Over,-113,0.335,0.5,-0.3685398230088496,false
2026_04_NE_BUF,00-0040734,TreVeyon Henderson,NE,BUF,rush_yds,fanduel,39.5,28.57168008123604,42.661863817359155,-7.0,"",0.0,0.46,Under,-113,0.665,0.5,0.253495575221239,false
2026_04_NE_BUF,00-0037248,James Cook,BUF,NE,rush_yds,fanduel,85.5,82.94079826019919,99.31768637257396,7.0,"",0.0,0.57,Over,-113,0.4425,0.5,-0.1659070796460177,false
2026_04_NE_BUF,00-0037248,James Cook,BUF,NE,rush_yds,fanduel,85.5,82.94079826019919,99.31768637257396,7.0,"",0.0,0.57,Under,-113,0.5575,0.5,0.05086283185840712,false
2026_04_NE_BUF,00-0036875,Rhamondre Stevenson,NE,BUF,rush_yds,fanduel,32.5,42.91445603854074,46.949859951800704,-7.0,"",0.0,0.46,Over,-113,0.67,0.5,0.26292035398230096,false
2026_04_NE_BUF,00-0036875,Rhamondre Stevenson,NE,BUF,rush_yds,fanduel,32.5,42.91445603854074,46.949859951800704,-7.0,"",0.0,0.46,Under,-113,0.32999999999999996,0.5,-0.3779646017699116,false
2026_04_NE_BUF,00-0034857,Josh Allen,BUF,NE,pass_yds,betonlineag,242.5,264.3791753479903,243.9976619807886,7.0,"",0.0,0.95,Over,-114,0.5875,0.5,0.10285087719298247,false
2026_04_NE_BUF,00-0034857,Josh Allen,BUF,NE,pass_yds,betonlineag,242.5,264.3791753479903,243.9976619807886,7.0,"",0.0,0.95,Under,-114,0.4125,0.5,-0.22565789473684217,false
2026_04_NE_BUF,00-0039851,Drake Maye,NE,BUF,pass_yds,betonlineag,229.5,196.4538575123922,216.20063842990243,-7.0,"",0.0,0.0,Over,-114,0.36,0.5,-0.3242105263157895,false
2026_04_NE_BUF,00-0039851,Drake Maye,NE,BUF,pass_yds,betonlineag,229.5,196.4538575123922,216.20063842990243,-7.0,"",0.0,0.0,Under,-114,0.64,0.5,0.2014035087719298,false
2026_04_NE_BUF,00-0039901,Keon Coleman,BUF,NE,rec_yds,betonlineag,13.5,25.73366841497812,30.661714596640252,7.0,ltd,0.0,0.95,Over,-114,0.68,0.5,0.27649122807017545,true
2026_04_NE_BUF,00-0039901,Keon Coleman,BUF,NE,rec_yds,betonlineag,13.5,25.73366841497812,30.661714596640252,7.0,ltd,0.0,0.95,Under,-114,0.31999999999999995,0.5,-0.3992982456140352,true
2026_04_NE_BUF,00-0037816,Romeo Doubs,NE,BUF,rec_yds,betonlineag,40.5,36.23023996537453,54.978192336891304,-7.0,"",0.0,0.0,Over,-114,0.44,0.5,-0.17403508771929832,false
2026_04_NE_BUF,00-0037816,Romeo Doubs,NE,BUF,rec_yds,betonlineag,40.5,36.23023996537453,54.978192336891304,-7.0,"",0.0,0.0,Under,-114,0.56,0.5,0.05122807017543868,false
2026_04_NE_BUF,00-0033555,Mack Hollins,NE,BUF,rec_yds,betonlineag,42.5,39.66535686516975,52.490370479774185,-7.0,"",0.0,0.0,Over,-114,0.4325,0.5,-0.18811403508771934,false
2026_04_NE_BUF,00-0033555,Mack Hollins,NE,BUF,rec_yds,betonlineag,42.5,39.66535686516975,52.490370479774185,-7.0,"",0.0,0.0,Under,-114,0.5675,0.5,0.06530701754385965,false
2026_04_NE_BUF,00-0040734,TreVeyon Henderson,NE,BUF,rush_yds,betonlineag,40.5,28.57168008123604,42.661863817359155,-7.0,"",0.0,0.46,Over,-114,0.3275,0.5,-0.385219298245614,false
2026_04_NE_BUF,00-0040734,TreVeyon Henderson,NE,BUF,rush_yds,betonlineag,40.5,28.57168008123604,42.661863817359155,-7.0,"",0.0,0.46,Under,-114,0.6725,0.5,0.2624122807017544,false
2026_04_NE_BUF,00-0036875,Rhamondre Stevenson,NE,BUF,rush_yds,betonlineag,32.5,42.91445603854074,46.949859951800704,-7.0,"",0.0,0.46,Over,-114,0.67,0.5,0.2577192982456141,false
2026_04_NE_BUF,00-0036875,Rhamondre Stevenson,NE,BUF,rush_yds,betonlineag,32.5,42.91445603854074,46.949859951800704,-7.0,"",0.0,0.46,Under,-114,0.32999999999999996,0.5,-0.38052631578947377,false
2026_04_NE_BUF,00-0039851,Drake Maye,NE,BUF,pass_yds,betrivers,226.5,196.4538575123922,216.20063842990243,-7.0,"",0.0,0.0,Over,-115,0.37,0.5,-0.3082608695652174,false
2026_04_NE_BUF,00-0039851,Drake Maye,NE,BUF,pass_yds,betrivers,226.5,196.4538575123922,216.20063842990243,-7.0,"",0.0,0.0,Under,-115,0.63,0.5,0.1778260869565217,false
2026_04_NE_BUF,00-0039901,Keon Coleman,BUF,NE,rec_yds,betrivers,14.5,25.73366841497812,30.661714596640252,7.0,ltd,0.0,0.95,Over,-115,0.66,0.5,0.23391304347826092,true
2026_04_NE_BUF,00-0039901,Keon Coleman,BUF,NE,rec_yds,betrivers,14.5,25.73366841497812,30.661714596640252,7.0,ltd,0.0,0.95,Under,-115,0.33999999999999997,0.5,-0.3643478260869566,true
2026_04_NE_BUF,00-0037248,James Cook,BUF,NE,rush_yds,betrivers,88.5,82.94079826019919,99.31768637257396,7.0,"",0.0,0.57,Over,-115,0.42,0.5,-0.21478260869565224,false
2026_04_NE_BUF,00-0037248,James Cook,BUF,NE,rush_yds,betrivers,88.5,82.94079826019919,99.31768637257396,7.0,"",0.0,0.57,Under,-115,0.5800000000000001,0.5,0.08434782608695668,false
2026_04_NE_BUF,00-0039851,Drake Maye,NE,BUF,pass_yds,betmgm,226.5,196.4538575123922,216.20063842990243,-7.0,"",0.0,0.0,Over,-115,0.37,0.5,-0.3082608695652174,false
2026_04_NE_BUF,00-0039851,Drake Maye,NE,BUF,pass_yds,betmgm,226.5,196.4538575123922,216.20063842990243,-7.0,"",0.0,0.0,Under,-115,0.63,0.5,0.1778260869565217,false
2026_04_NE_BUF,00-0034857,Josh Allen,BUF,NE,pass_yds,betmgm,241.5,264.3791753479903,243.9976619807886,7.0,"",0.0,0.95,Over,-115,0.6,0.5,0.12173913043478257,false
2026_04_NE_BUF,00-0034857,Josh Allen,BUF,NE,pass_yds,betmgm,241.5,264.3791753479903,243.9976619807886,7.0,"",0.0,0.95,Under,-115,0.4,0.5,-0.25217391304347825,false
2026_04_NE_BUF,00-0037261,Khalil Shakir,BUF,NE,rec_yds,betmgm,37.5,40.908868786015496,43.037070801625966,7.0,"",0.0,0.95,Over,-115,0.505,0.5,-0.05586956521739128,false
2026_04_NE_BUF,00-0037261,Khalil Shakir,BUF,NE,rec_yds,betmgm,37.5,40.908868786015496,43.037070801625966,7.0,"",0.0,0.95,Under,-115,0.495,0.5,-0.0745652173913044,false
2026_04_NE_BUF,00-0034827,DJ Moore,BUF,NE,rec_yds,betmgm,51.5,38.45852049979416,47.5748720775946,7.0,ltd,0.0,0.95,Over,-115,0.315,0.5,-0.4110869565217392,false
2026_04_NE_BUF,00-0034827,DJ Moore,BUF,NE,rec_yds,betmgm,51.5,38.45852049979416,47.5748720775946,7.0,ltd,0.0,0.95,Under,-115,0.685,0.5,0.28065217391304353,false
2026_04_NE_BUF,00-0038621,DeMario Douglas,NE,BUF,rec_yds,betmgm,29.5,12.07916853326029,24.01269889654303,-7.0,"",0.0,0.0,Over,-115,0.175,0.5,-0.6728260869565217,false
2026_04_NE_BUF,00-0038621,DeMario Douglas,NE,BUF,rec_yds,betmgm,29.5,12.07916853326029,24.01269889654303,-7.0,"",0.0,0.0,Under,-115,0.825,0.5,0.542391304347826,false
2026_04_NE_BUF,00-0033555,Mack Hollins,NE,BUF,rec_yds,betmgm,44.5,39.66535686516975,52.490370479774185,-7.0,"",0.0,0.0,Over,-115,0.4,0.5,-0.25217391304347825,false
2026_04_NE_BUF,00-0033555,Mack Hollins,NE,BUF,rec_yds,betmgm,44.5,39.66535686516975,52.490370479774185,-7.0,"",0.0,0.0,Under,-115,0.6,0.5,0.12173913043478257,false
2026_04_NE_BUF,00-0038933,Dalton Kincaid,BUF,NE,rec_yds,betmgm,49.5,39.7548709653255,60.526909840791134,7.0,"",0.0,0.95,Over,-115,0.3275,0.5,-0.3877173913043478,false
2026_04_NE_BUF,00-0038933,Dalton Kincaid,BUF,NE,rec_yds,betmgm,49.5,39.7548709653255,60.526909840791134,7.0,"",0.0,0.95,Under,-115,0.6725,0.5,0.2572826086956521,false
2026_04_NE_BUF,00-0036875,Rhamondre Stevenson,NE,BUF,rec_yds,betmgm,17.5,16.80931550153521,24.127589469027786,-7.0,"",0.0,0.0,Over,-115,0.4325,0.5,-0.19141304347826088,false
2026_04_NE_BUF,00-0036875,Rhamondre Stevenson,NE,BUF,rec_yds,betmgm,17.5,16.80931550153521,24.127589469027786,-7.0,"",0.0,0.0,Under,-115,0.5675,0.5,0.060978260869565204,false
2026_04_NE_BUF,00-0033090,Hunter Henry,NE,BUF,rec_yds,betmgm,31.5,27.539601791141674,30.852954513754998,-7.0,"",0.0,0.0,Over,-115,0.435,0.5,-0.18673913043478257,false
2026_04_NE_BUF,00-0033090,Hunter Henry,NE,BUF,rec_yds,betmgm,31.5,27.539601791141674,30.852954513754998,-7.0,"",0.0,0.0,Under,-115,0.565,0.5,0.05630434782608684,false
2026_04_NE_BUF,00-0037248,James Cook,BUF,NE,rush_yds,betmgm,86.5,82.94079826019919,99.31768637257396,7.0,"",0.0,0.57,Over,-115,0.425,0.5,-0.20543478260869563,false
2026_04_NE_BUF,00-0037248,James Cook,BUF,NE,rush_yds,betmgm,86.5,82.94079826019919,99.31768637257396,7.0,"",0.0,0.57,Under,-115,0.575,0.5,0.0749999999999999,false
2026_04_NE_BUF,00-0040734,TreVeyon Henderson,NE,BUF,rush_yds,betmgm,40.5,28.57168008123604,42.661863817359155,-7.0,"",0.0,0.46,Over,-115,0.3275,0.5,-0.3877173913043478,false
2026_04_NE_BUF,00-0040734,TreVeyon Henderson,NE,BUF,rush_yds,betmgm,40.5,28.57168008123604,42.661863817359155,-7.0,"",0.0,0.46,Under,-115,0.6725,0.5,0.2572826086956521,false
2026_04_NE_BUF,00-0039851,Drake Maye,NE,BUF,pass_yds,bovada,229.5,196.4538575123922,216.20063842990243,-7.0,"",0.0,0.0,Over,-115,0.36,0.5,-0.3269565217391305,false
2026_04_NE_BUF,00-0039851,Drake Maye,NE,BUF,pass_yds,bovada,229.5,196.4538575123922,216.20063842990243,-7.0,"",0.0,0.0,Under,-115,0.64,0.5,0.1965217391304348,false
2026_04_NE_BUF,00-0034857,Josh Allen,BUF,NE,pass_yds,bovada,242.5,264.3791753479903,243.9976619807886,7.0,"",0.0,0.95,Over,-115,0.5875,0.5,0.09836956521739137,false
2026_04_NE_BUF,00-0034857,Josh Allen,BUF,NE,pass_yds,bovada,242.5,264.3791753479903,243.9976619807886,7.0,"",0.0,0.95,Under,-115,0.4125,0.5,-0.228804347826087,false
2026_04_NE_BUF,00-0034827,DJ Moore,BUF,NE,rec_yds,bovada,49.5,38.45852049979416,47.5748720775946,7.0,ltd,0.0,0.95,Over,-115,0.3475,0.5,-0.35032608695652184,false
2026_04_NE_BUF,00-0034827,DJ Moore,BUF,NE,rec_yds,bovada,49.5,38.45852049979416,47.5748720775946,7.0,ltd,0.0,0.95,Under,-115,0.6525000000000001,0.5,0.21989130434782622,false
2026_04_NE_BUF,00-0038933,Dalton Kincaid,BUF,NE,rec_yds,bovada,47.5,39.7548709653255,60.526909840791134,7.0,"",0.0,0.95,Over,-115,0.36,0.5,-0.3269565217391305,false
2026_04_NE_BUF,00-0038933,Dalton Kincaid,BUF,NE,rec_yds,bovada,47.5,39.7548709653255,60.526909840791134,7.0,"",0.0,0.95,Under,-115,0.64,0.5,0.1965217391304348,false
2026_04_NE_BUF,00-0033090,Hunter Henry,NE,BUF,rec_yds,bovada,29.5,27.539601791141674,30.852954513754998,-7.0,"",0.0,0.0,Over,-115,0.4675,0.5,-0.1259782608695652,false
2026_04_NE_BUF,00-0033090,Hunter Henry,NE,BUF,rec_yds,bovada,29.5,27.539601791141674,30.852954513754998,-7.0,"",0.0,0.0,Under,-115,0.5325,0.5,-0.00445652173913047,false
2026_04_NE_BUF,00-0039901,Keon Coleman,BUF,NE,rec_yds,bovada,13.5,25.73366841497812,30.661714596640252,7.0,ltd,0.0,0.95,Over,-115,0.68,0.5,0.27130434782608703,true
2026_04_NE_BUF,00-0039901,Keon Coleman,BUF,NE,rec_yds,bovada,13.5,25.73366841497812,30.661714596640252,7.0,ltd,0.0,0.95,Under,-115,0.31999999999999995,0.5,-0.4017391304347827,true
2026_04_NE_BUF,00-0037816,Romeo Doubs,NE,BUF,rec_yds,bovada,39.5,36.23023996537453,54.978192336891304,-7.0,"",0.0,0.0,Over,-115,0.445,0.5,-0.16804347826086952,false
2026_04_NE_BUF,00-0037816,Romeo Doubs,NE,BUF,rec_yds,bovada,39.5,36.23023996537453,54.978192336891304,-7.0,"",0.0,0.0,Under,-115,0.5549999999999999,0.5,0.037608695652173785,false
2026_04_NE_BUF,00-0037248,James Cook,BUF,NE,rush_yds,bovada,86.5,82.94079826019919,99.31768637257396,7.0,"",0.0,0.57,Over,-115,0.425,0.5,-0.20543478260869563,false
2026_04_NE_BUF,00-0037248,James Cook,BUF,NE,rush_yds,bovada,86.5,82.94079826019919,99.31768637257396,7.0,"",0.0,0.57,Under,-115,0.575,0.5,0.0749999999999999,false
2026_04_NE_BUF,00-0036875,Rhamondre Stevenson,NE,BUF,rush_yds,bovada,32.5,42.91445603854074,46.949859951800704,-7.0,"",0.0,0.46,Over,-115,0.67,0.5,0.2526086956521739,false
2026_04_NE_BUF,00-0036875,Rhamondre Stevenson,NE,BUF,rush_yds,bovada,32.5,42.91445603854074,46.949859951800704,-7.0,"",0.0,0.46,Under,-115,0.32999999999999996,0.5,-0.38304347826086965,false
2026_04_NYJ_CHI,00-0030565,Geno Smith,NYJ,CHI,pass_yds,draftkings,227.5,255.56007760353273,222.7330845953512,-3.5,"",0.71,1.54,Over,-112,0.6075,0.5,0.14991071428571434,false
2026_04_NYJ_CHI,00-0030565,Geno Smith,NYJ,CHI,pass_yds,draftkings,227.5,255.56007760353273,222.7330845953512,-3.5,"",0.71,1.54,Under,-112,0.39249999999999996,0.5,-0.2570535714285715,false
2026_04_NYJ_CHI,00-0039919,Rome Odunze,CHI,NYJ,rec_yds,draftkings,32.5,38.098095356387645,45.69909992643126,3.5,"",0.0,0.0,Over,-112,0.5725,0.5,0.08366071428571431,false
2026_04_NYJ_CHI,00-0039919,Rome Odunze,CHI,NYJ,rec_yds,draftkings,32.5,38.098095356387645,45.69909992643126,3.5,"",0.0,0.0,Under,-112,0.4275,0.5,-0.1908035714285714,false
2026_04_NYJ_CHI,00-0036275,D'Andre Swift,CHI,NYJ,rush_yds,draftkings,64.5,59.905994130964636,72.07184152257493,3.5,"",0.0,0.09,Over,-112,0.455,0.5,-0.13874999999999987,false
2026_04_NYJ_CHI,00-0036275,D'Andre Swift,CHI,NYJ,rush_yds,draftkings,64.5,59.905994130964636,72.07184152257493,3.5,"",0.0,0.09,Under,-112,0.5449999999999999,0.5,0.03160714285714272,false
2026_04_NYJ_CHI,00-0030565,Geno Smith,NYJ,CHI,pass_yds,fanduel,227.5,255.56007760353273,222.7330845953512,-3.5,"",0.71,1.54,Over,-113,0.6075,0.5,0.1451106194690267,false
2026_04_NYJ_CHI,00-0030565,Geno Smith,NYJ,CHI,pass_yds,fanduel,227.5,255.56007760353273,222.7330845953512,-3.5,"",0.71,1.54,Under,-113,0.39249999999999996,0.5,-0.2601548672566372,false
2026_04_NYJ_CHI,00-0037740,Garrett Wilson,NYJ,CHI,rec_yds,fanduel,75.5,59.66365276510404,64.05531107067858,-3.5,"",0.71,1.54,Over,-113,0.35,0.5,-0.34026548672566376,false
2026_04_NYJ_CHI,00-0037740,Garrett Wilson,NYJ,CHI,rec_yds,fanduel,75.5,59.66365276510404,64.05531107067858,-3.5,"",0.71,1.54,Under,-113,0.65,0.5,0.22522123893805313,false
2026_04_NYJ_CHI,00-0039919,Rome Odunze,CHI,NYJ,rec_yds,fanduel,32.5,38.098095356387645,45.69909992643126,3.5,"",0.0,0.0,Over,-113,0.5725,0.5,0.079137168141593,false
2026_04_NYJ_CHI,00-0039919,Rome Odunze,CHI,NYJ,rec_yds,fanduel,32.5,38.098095356387645,45.69909992643126,3.5,"",0.0,0.0,Under,-113,0.4275,0.5,-0.19418141592920352,false
2026_04_NYJ_CHI,00-0040735,Luther Burden III,CHI,NYJ,rec_yds,fanduel,46.5,40.209214947799566,50.78367506586843,3.5,"",0.0,0.0,Over,-113,0.365,0.5,-0.3119911504424779,false
2026_04_NYJ_CHI,00-0040735,Luther Burden III,CHI,NYJ,rec_yds,fanduel,46.5,40.209214947799566,50.78367506586843,3.5,"",0.0,0.0,Under,-113,0.635,0.5,0.19694690265486725,false
2026_04_NYJ_CHI,00-0041032,Kenyon Sadiq,NYJ,CHI,rec_yds,fanduel,41.5,29.17314055957443,52.64690470233312,-3.5,Q,0.65,1.54,Over,-113,0.285,0.5,-0.4627876106194691,false
2026_04_NYJ_CHI,00-0041032,Kenyon Sadiq,NYJ,CHI,rec_yds,fanduel,41.5,29.17314055957443,52.64690470233312,-3.5,Q,0.65,1.54,Under,-113,0.7150000000000001,0.5,0.3477433628318586,false
2026_04_NYJ_CHI,00-0040126,Colston Loveland,CHI,NYJ,rec_yds,fanduel,33.5,37.00555889242104,45.37102660425587,3.5,"",0.0,0.0,Over,-113,0.505,0.5,-0.04809734513274333,false
2026_04_NYJ_CHI,00-0040126,Colston Loveland,CHI,NYJ,rec_yds,fanduel,33.5,37.00555889242104,45.37102660425587,3.5,"",0.0,0.0,Under,-113,0.495,0.5,-0.06694690265486725,false
2026_04_NYJ_CHI,00-0032464,Kalif Raymond,CHI,NYJ,rec_yds,fanduel,31.5,32.216789618978055,44.91065438169217,3.5,"",0.0,0.0,Over,-113,0.5125,0.5,-0.033960176991150504,false
2026_04_NYJ_CHI,00-0032464,Kalif Raymond,CHI,NYJ,rec_yds,fanduel,31.5,32.216789618978055,44.91065438169217,3.5,"",0.0,0.0,Under,-113,0.48750000000000004,0.5,-0.08108407079646007,false
2026_04_NYJ_CHI,00-0039451,Isaiah Williams,NYJ,CHI,rec_yds,fanduel,22.5,18.992688573158432,20.12581841628256,-3.5,"",0.71,1.54,Over,-113,0.39,0.5,-0.2648672566371681,false
2026_04_NYJ_CHI,00-0039451,Isaiah Williams,NYJ,CHI,rec_yds,fanduel,22.5,18.992688573158432,20.12581841628256,-3.5,"",0.71,1.54,Under,-113,0.61,0.5,0.14982300884955757,false
2026_04_NYJ_CHI,00-0036275,D'Andre Swift,CHI,NYJ,rush_yds,fanduel,63.5,59.905994130964636,72.07184152257493,3.5,"",0.0,0.09,Over,-113,0.4625,0.5,-0.12820796460176986,false
2026_04_NYJ_CHI,00-0036275,D'Andre Swift,CHI,NYJ,rush_yds,fanduel,63.5,59.905994130964636,72.07184152257493,3.5,"",0.0,0.09,Under,-113,0.5375,0.5,0.013163716814159288,false
2026_04_NYJ_CHI,00-0040236,Kyle Monangai,CHI,NYJ,rush_yds,fanduel,39.5,31.05013864670513,47.5338038288148,3.5,"",0.0,0.09,Over,-113,0.36,0.5,-0.32141592920353984,false
2026_04_NYJ_CHI,00-0040236,Kyle Monangai,CHI,NYJ,rush_yds,fanduel,39.5,31.05013864670513,47.5338038288148,3.5,"",0.0,0.09,Under,-113,0.64,0.5,0.2063716814159292,false
2026_04_NYJ_CHI,00-0041032,Kenyon Sadiq,NYJ,CHI,rec_yds,betonlineag,41.5,29.17314055957443,52.64690470233312,-3.5,Q,0.65,1.54,Over,-114,0.285,0.5,-0.4650000000000001,false
2026_04_NYJ_CHI,00-0041032,Kenyon Sadiq,NYJ,CHI,rec_yds,betonlineag,41.5,29.17314055957443,52.64690470233312,-3.5,Q,0.65,1.54,Under,-114,0.7150000000000001,0.5,0.3421929824561405,false
2026_04_NYJ_CHI,00-0037740,Garrett Wilson,NYJ,CHI,rec_yds,betonlineag,75.5,59.66365276510404,64.05531107067858,-3.5,"",0.71,1.54,Over,-114,0.35,0.5,-0.34298245614035094,false
2026_04_NYJ_CHI,00-0037740,Garrett Wilson,NYJ,CHI,rec_yds,betonlineag,75.5,59.66365276510404,64.05531107067858,-3.5,"",0.71,1.54,Under,-114,0.65,0.5,0.22017543859649125,false
2026_04_NYJ_CHI,00-0040126,Colston Loveland,CHI,NYJ,rec_yds,betonlineag,33.5,37.00555889242104,45.37102660425587,3.5,"",0.0,0.0,Over,-114,0.505,0.5,-0.05201754385964913,false
2026_04_NYJ_CHI,00-0040126,Colston Loveland,CHI,NYJ,rec_yds,betonlineag,33.5,37.00555889242104,45.37102660425587,3.5,"",0.0,0.0,Under,-114,0.495,0.5,-0.07078947368421057,false
2026_04_NYJ_CHI,00-0032464,Kalif Raymond,CHI,NYJ,rec_yds,betonlineag,31.5,32.216789618978055,44.91065438169217,3.5,"",0.0,0.0,Over,-114,0.5125,0.5,-0.03793859649122816,false
2026_04_NYJ_CHI,00-0032464,Kalif Raymond,CHI,NYJ,rec_yds,betonlineag,31.5,32.216789618978055,44.91065438169217,3.5,"",0.0,0.0,Under,-114,0.48750000000000004,0.5,-0.08486842105263154,false
2026_04_NYJ_CHI,00-0039451,Isaiah Williams,NYJ,CHI,rec_yds,betonlineag,24.5,18.992688573158432,20.12581841628256,-3.5,"",0.71,1.54,Over,-114,0.3625,0.5,-0.3195175438596491,false
2026_04_NYJ_CHI,00-0039451,Isaiah Williams,NYJ,CHI,rec_yds,betonlineag,24.5,18.992688573158432,20.12581841628256,-3.5,"",0.71,1.54,Under,-114,0.6375,0.5,0.19671052631578934,false
2026_04_NYJ_CHI,00-0036275,D'Andre Swift,CHI,NYJ,rush_yds,betonlineag,64.5,59.905994130964636,72.07184152257493,3.5,"",0.0,0.09,Over,-114,0.455,0.5,-0.1458771929824561,false
2026_04_NYJ_CHI,00-0036275,D'Andre Swift,CHI,NYJ,rush_yds,betonlineag,64.5,59.905994130964636,72.07184152257493,3.5,"",0.0,0.09,Under,-114,0.5449999999999999,0.5,0.023070175438596352,false
2026_04_NYJ_CHI,00-0040126,Colston Loveland,CHI,NYJ,rec_yds,betrivers,33.5,37.00555889242104,45.37102660425587,3.5,"",0.0,0.0,Over,-115,0.505,0.5,-0.05586956521739128,false
2026_04_NYJ_CHI,00-0040126,Colston Loveland,CHI,NYJ,rec_yds,betrivers,33.5,37.00555889242104,45.37102660425587,3.5,"",0.0,0.0,Under,-115,0.495,0.5,-0.0745652173913044,false
2026_04_NYJ_CHI,00-0040126,Colston Loveland,CHI,NYJ,rec_yds,betmgm,33.5,37.00555889242104,45.37102660425587,3.5,"",0.0,0.0,Over,-115,0.505,0.5,-0.05586956521739128,false
2026_04_NYJ_CHI,00-0040126,Colston Loveland,CHI,NYJ,rec_yds,betmgm,33.5,37.00555889242104,45.37102660425587,3.5,"",0.0,0.0,Under,-115,0.495,0.5,-0.0745652173913044,false
2026_04_NYJ_CHI,00-0032464,Kalif Raymond,CHI,NYJ,rec_yds,betmgm,30.5,32.216789618978055,44.91065438169217,3.5,"",0.0,0.0,Over,-115,0.52,0.5,-0.027826086956521723,false
2026_04_NYJ_CHI,00-0032464,Kalif Raymond,CHI,NYJ,rec_yds,betmgm,30.5,32.216789618978055,44.91065438169217,3.5,"",0.0,0.0,Under,-115,0.48,0.5,-0.10260869565217395,false
2026_04_NYJ_CHI,00-0040735,Luther Burden III,CHI,NYJ,rec_yds,betmgm,45.5,40.209214947799566,50.78367506586843,3.5,"",0.0,0.0,Over,-115,0.3775,0.5,-0.29423913043478267,false
2026_04_NYJ_CHI,00-0040735,Luther Burden III,CHI,NYJ,rec_yds,betmgm,45.5,40.209214947799566,50.78367506586843,3.5,"",0.0,0.0,Under,-115,0.6225,0.5,0.163804347826087,false
2026_04_NYJ_CHI,00-0036275,D'Andre Swift,CHI,NYJ,rush_yds,betmgm,61.5,59.905994130964636,72.07184152257493,3.5,"",0.0,0.09,Over,-115,0.49,0.5,-0.0839130434782609,false
2026_04_NYJ_CHI,00-0036275,D'Andre Swift,CHI,NYJ,rush_yds,betmgm,61.5,59.905994130964636,72.07184152257493,3.5,"",0.0,0.09,Under,-115,0.51,0.5,-0.04652173913043478,false
2026_04_NYJ_CHI,00-0040236,Kyle Monangai,CHI,NYJ,rush_yds,betmgm,40.5,31.05013864670513,47.5338038288148,3.5,"",0.0,0.09,Over,-115,0.355,0.5,-0.336304347826087,false
2026_04_NYJ_CHI,00-0040236,Kyle Monangai,CHI,NYJ,rush_yds,betmgm,40.5,31.05013864670513,47.5338038288148,3.5,"",0.0,0.09,Under,-115,0.645,0.5,0.2058695652173913,false
2026_04_NYJ_CHI,00-0030565,Geno Smith,NYJ,CHI,pass_yds,bovada,227.5,255.56007760353273,222.7330845953512,-3.5,"",0.71,1.54,Over,-115,0.6075,0.5,0.1357608695652175,false
2026_04_NYJ_CHI,00-0030565,Geno Smith,NYJ,CHI,pass_yds,bovada,227.5,255.56007760353273,222.7330845953512,-3.5,"",0.71,1.54,Under,-115,0.39249999999999996,0.5,-0.2661956521739131,false
2026_04_NYJ_CHI,00-0040126,Colston Loveland,CHI,NYJ,rec_yds,bovada,34.5,37.00555889242104,45.37102660425587,3.5,"",0.0,0.0,Over,-115,0.5025,0.5,-0.0605434782608697,false
2026_04_NYJ_CHI,00-0040126,Colston Loveland,CHI,NYJ,rec_yds,bovada,34.5,37.00555889242104,45.37102660425587,3.5,"",0.0,0.0,Under,-115,0.49750000000000005,0.5,-0.06989130434782598,false
2026_04_NYJ_CHI,00-0037740,Garrett Wilson,NYJ,CHI,rec_yds,bovada,75.5,59.66365276510404,64.05531107067858,-3.5,"",0.71,1.54,Over,-115,0.35,0.5,-0.34565217391304354,false
2026_04_NYJ_CHI,00-0037740,Garrett Wilson,NYJ,CHI,rec_yds,bovada,75.5,59.66365276510404,64.05531107067858,-3.5,"",0.71,1.54,Under,-115,0.65,0.5,0.2152173913043478,false
2026_04_NYJ_CHI,00-0032464,Kalif Raymond,CHI,NYJ,rec_yds,bovada,32.5,32.216789618978055,44.91065438169217,3.5,"",0.0,0.0,Over,-115,0.4975,0.5,-0.06989130434782603,false
2026_04_NYJ_CHI,00-0032464,Kalif Raymond,CHI,NYJ,rec_yds,bovada,32.5,32.216789618978055,44.91065438169217,3.5,"",0.0,0.0,Under,-115,0.5025,0.5,-0.0605434782608697,false
2026_04_NYJ_CHI,00-0041032,Kenyon Sadiq,NYJ,CHI,rec_yds,bovada,43.5,29.17314055957443,52.64690470233312,-3.5,Q,0.65,1.54,Over,-115,0.2375,0.5,-0.5559782608695651,false
2026_04_NYJ_CHI,00-0041032,Kenyon Sadiq,NYJ,CHI,rec_yds,bovada,43.5,29.17314055957443,52.64690470233312,-3.5,Q,0.65,1.54,Under,-115,0.7625,0.5,0.42554347826086947,false
2026_04_NYJ_CHI,00-0040735,Luther Burden III,CHI,NYJ,rec_yds,bovada,47.5,40.209214947799566,50.78367506586843,3.5,"",0.0,0.0,Over,-115,0.3475,0.5,-0.35032608695652184,false
2026_04_NYJ_CHI,00-0040735,Luther Burden III,CHI,NYJ,rec_yds,bovada,47.5,40.209214947799566,50.78367506586843,3.5,"",0.0,0.0,Under,-115,0.6525000000000001,0.5,0.21989130434782622,false
2026_04_NYJ_CHI,00-0039919,Rome Odunze,CHI,NYJ,rec_yds,bovada,32.5,38.098095356387645,45.69909992643126,3.5,"",0.0,0.0,Over,-115,0.5725,0.5,0.07032608695652176,false
2026_04_NYJ_CHI,00-0039919,Rome Odunze,CHI,NYJ,rec_yds,bovada,32.5,38.098095356387645,45.69909992643126,3.5,"",0.0,0.0,Under,-115,0.4275,0.5,-0.20076086956521744,false
2026_04_NYJ_CHI,00-0036275,D'Andre Swift,CHI,NYJ,rush_yds,bovada,64.5,59.905994130964636,72.07184152257493,3.5,"",0.0,0.09,Over,-115,0.455,0.5,-0.14934782608695646,false
2026_04_NYJ_CHI,00-0036275,D'Andre Swift,CHI,NYJ,rush_yds,bovada,64.5,59.905994130964636,72.07184152257493,3.5,"",0.0,0.09,Under,-115,0.5449999999999999,0.5,0.018913043478260727,false
2026_04_NYJ_CHI,00-0040236,Kyle Monangai,CHI,NYJ,rush_yds,bovada,39.5,31.05013864670513,47.5338038288148,3.5,"",0.0,0.09,Over,-115,0.36,0.5,-0.3269565217391305,false
2026_04_NYJ_CHI,00-0040236,Kyle Monangai,CHI,NYJ,rush_yds,bovada,39.5,31.05013864670513,47.5338038288148,3.5,"",0.0,0.09,Under,-115,0.64,0.5,0.1965217391304348,false
2026_04_JAX_CIN,00-0036442,Joe Burrow,CIN,JAX,pass_yds,draftkings,272.5,271.57120642082276,255.93191626660456,2.5,"",0.11,0.0,Over,-112,0.445,0.5,-0.15767857142857133,false
2026_04_JAX_CIN,00-0036442,Joe Burrow,CIN,JAX,pass_yds,draftkings,272.5,271.57120642082276,255.93191626660456,2.5,"",0.11,0.0,Under,-112,0.5549999999999999,0.5,0.050535714285714184,false
2026_04_JAX_CIN,00-0038935,Brenton Strange,JAX,CIN,rec_yds,draftkings,36.5,32.53349349694124,32.378301736420056,-2.5,"",0.0,0.28,Over,-112,0.425,0.5,-0.19553571428571426,false
2026_04_JAX_CIN,00-0038935,Brenton Strange,JAX,CIN,rec_yds,draftkings,36.5,32.53349349694124,32.378301736420056,-2.5,"",0.0,0.28,Under,-112,0.575,0.5,0.08839285714285705,false
2026_04_JAX_CIN,00-0038597,Chase Brown,CIN,JAX,rush_yds,draftkings,59.5,60.036386985256165,67.70413153460086,2.5,"",0.0,0.0,Over,-112,0.5075,0.5,-0.03937500000000005,false
2026_04_JAX_CIN,00-0038597,Chase Brown,CIN,JAX,rush_yds,draftkings,59.5,60.036386985256165,67.70413153460086,2.5,"",0.0,0.0,Under,-112,0.49250000000000005,0.5,-0.06776785714285705,false
2026_04_JAX_CIN,00-0040719,Bhayshul Tuten,JAX,CIN,rush_yds,draftkings,57.5,54.15907069879294,43.08204216818615,-2.5,"",0.0,0.0,Over,-112,0.52,0.5,-0.01571428571428568,false
2026_04_JAX_CIN,00-0040719,Bhayshul Tuten,JAX,CIN,rush_yds,draftkings,57.5,54.15907069879294,43.08204216818615,-2.5,"",0.0,0.0,Under,-112,0.48,0.5,-0.09142857142857141,false
2026_04_JAX_CIN,00-0036971,Trevor Lawrence,JAX,CIN,pass_yds,fanduel,258.5,239.7149149210251,225.82087046237464,-2.5,"",0.0,0.28,Over,-113,0.375,0.5,-0.29314159292035397,false
2026_04_JAX_CIN,00-0036971,Trevor Lawrence,JAX,CIN,pass_yds,fanduel,258.5,239.7149149210251,225.82087046237464,-2.5,"",0.0,0.28,Under,-113,0.625,0.5,0.17809734513274345,false
2026_04_JAX_CIN,00-0036442,Joe Burrow,CIN,JAX,pass_yds,fanduel,269.5,271.57120642082276,255.93191626660456,2.5,"",0.11,0.0,Over,-113,0.4625,0.5,-0.12820796460176986,false
2026_04_JAX_CIN,00-0036442,Joe Burrow,CIN,JAX,pass_yds,fanduel,269.5,271.57120642082276,255.93191626660456,2.5,"",0.11,0.0,Under,-113,0.5375,0.5,0.013163716814159288,false
2026_04_JAX_CIN,00-0036900,Ja'Marr Chase,CIN,JAX,rec_yds,fanduel,81.5,77.14617886131353,80.77542554148054,2.5,"",0.11,0.0,Over,-113,0.495,0.5,-0.06694690265486725,false
2026_04_JAX_CIN,00-0036900,Ja'Marr Chase,CIN,JAX,rec_yds,fanduel,81.5,77.14617886131353,80.77542554148054,2.5,"",0.11,0.0,Under,-113,0.505,0.5,-0.04809734513274333,false
2026_04_JAX_CIN,00-0038935,Brenton Strange,JAX,CIN,rec_yds,fanduel,36.5,32.53349349694124,32.378301736420056,-2.5,"",0.0,0.28,Over,-113,0.425,0.5,-0.19889380530973444,false
2026_04_JAX_CIN,00-0038935,Brenton Strange,JAX,CIN,rec_yds,fanduel,36.5,32.53349349694124,32.378301736420056,-2.5,"",0.0,0.28,Under,-113,0.575,0.5,0.08384955752212386,false
2026_04_JAX_CIN,00-0038606,Parker Washington,JAX,CIN,rec_yds,fanduel,75.5,60.532002228114756,74.07996488826598,-2.5,"",0.0,0.28,Over,-113,0.3575,0.5,-0.3261283185840709,false
2026_04_JAX_CIN,00-0038606,Parker Washington,JAX,CIN,rec_yds,fanduel,75.5,60.532002228114756,74.07996488826598,-2.5,"",0.0,0.28,Under,-113,0.6425000000000001,0.5,0.2110840707964603,false
2026_04_JAX_CIN,00-0038597,Chase Brown,CIN,JAX,rec_yds,fanduel,19.5,15.90171620656453,21.48257505684939,2.5,"",0.0,0.0,Over,-113,0.4025,0.5,-0.24130530973451314,false
2026_04_JAX_CIN,00-0038597,Chase Brown,CIN,JAX,rec_yds,fanduel,19.5,15.90171620656453,21.48257505684939,2.5,"",0.0,0.0,Under,-113,0.5974999999999999,0.5,0.12626106194690256,false
2026_04_JAX_CIN,00-0036410,Tee Higgins,CIN,JAX,rec_yds,fanduel,62.5,64.7464223192132,71.3534402134996,2.5,"",0.11,0.0,Over,-113,0.515,0.5,-0.029247787610619413,false
2026_04_JAX_CIN,00-0036410,Tee Higgins,CIN,JAX,rec_yds,fanduel,62.5,64.7464223192132,71.3534402134996,2.5,"",0.11,0.0,Under,-113,0.485,0.5,-0.08579646017699116,false
2026_04_JAX_CIN,00-0034829,Mike Gesicki,CIN,JAX,rec_yds,fanduel,27.5,28.40912004595741,38.27397897842776,2.5,"",0.0,0.0,Over,-113,0.4825,0.5,-0.0905088495575222,false
2026_04_JAX_CIN,00-0034829,Mike Gesicki,CIN,JAX,rec_yds,fanduel,27.5,28.40912004595741,38.27397897842776,2.5,"",0.0,0.0,Under,-113,0.5175000000000001,0.5,-0.024535398230088323,false
2026_04_JAX_CIN,00-0039893,Brian Thomas Jr,JAX,CIN,rec_yds,fanduel,26.5,32.80582282945738,39.21753048042568,-2.5,"",0.0,0.28,Over,-113,0.56,0.5,0.055575221238938155,false
2026_04_JAX_CIN,00-0039893,Brian Thomas Jr,JAX,CIN,rec_yds,fanduel,26.5,32.80582282945738,39.21753048042568,-2.5,"",0.0,0.28,Under,-113,0.43999999999999995,0.5,-0.17061946902654873,false
2026_04_JAX_CIN,00-0034960,Jakobi Meyers,JAX,CIN,rec_yds,fanduel,41.5,35.90809158878358,45.33408985106883,-2.5,"",0.0,0.28,Over,-113,0.4025,0.5,-0.24130530973451314,false
2026_04_JAX_CIN,00-0034960,Jakobi Meyers,JAX,CIN,rec_yds,fanduel,41.5,35.90809158878358,45.33408985106883,-2.5,"",0.0,0.28,Under,-113,0.5974999999999999,0.5,0.12626106194690256,false
2026_04_JAX_CIN,00-0040719,Bhayshul Tuten,JAX,CIN,rush_yds,fanduel,55.5,54.15907069879294,43.08204216818615,-2.5,"",0.0,0.0,Over,-113,0.5375,0.5,0.013163716814159288,false
2026_04_JAX_CIN,00-0040719,Bhayshul Tuten,JAX,CIN,rush_yds,fanduel,55.5,54.15907069879294,43.08204216818615,-2.5,"",0.0,0.0,Under,-113,0.4625,0.5,-0.12820796460176986,false
2026_04_JAX_CIN,00-0038597,Chase Brown,CIN,JAX,rush_yds,fanduel,58.5,60.036386985256165,67.70413153460086,2.5,"",0.0,0.0,Over,-113,0.515,0.5,-0.029247787610619413,false
2026_04_JAX_CIN,00-0038597,Chase Brown,CIN,JAX,rush_yds,fanduel,58.5,60.036386985256165,67.70413153460086,2.5,"",0.0,0.0,Under,-113,0.485,0.5,-0.08579646017699116,false
2026_04_JAX_CIN,00-0038611,Chris Rodriguez Jr.,JAX,CIN,rush_yds,fanduel,17.5,20.830077160243547,37.47110475531689,-2.5,"",0.0,0.0,Over,-113,0.5375,0.5,0.013163716814159288,true
2026_04_JAX_CIN,00-0038611,Chris Rodriguez Jr.,JAX,CIN,rush_yds,fanduel,17.5,20.830077160243547,37.47110475531689,-2.5,"",0.0,0.0,Under,-113,0.4625,0.5,-0.12820796460176986,true
2026_04_JAX_CIN,00-0034829,Mike Gesicki,CIN,JAX,rec_yds,betonlineag,27.5,28.40912004595741,38.27397897842776,2.5,"",0.0,0.0,Over,-114,0.4825,0.5,-0.09425438596491237,false
2026_04_JAX_CIN,00-0034829,Mike Gesicki,CIN,JAX,rec_yds,betonlineag,27.5,28.40912004595741,38.27397897842776,2.5,"",0.0,0.0,Under,-114,0.5175000000000001,0.5,-0.028552631578947274,false
2026_04_JAX_CIN,00-0036900,Ja'Marr Chase,CIN,JAX,rec_yds,betonlineag,86.5,77.14617886131353,80.77542554148054,2.5,"",0.11,0.0,Over,-114,0.445,0.5,-0.1646491228070175,false
2026_04_JAX_CIN,00-0036900,Ja'Marr Chase,CIN,JAX,rec_yds,betonlineag,86.5,77.14617886131353,80.77542554148054,2.5,"",0.11,0.0,Under,-114,0.5549999999999999,0.5,0.041842105263157736,false
2026_04_JAX_CIN,00-0038597,Chase Brown,CIN,JAX,rush_yds,betonlineag,58.5,60.036386985256165,67.70413153460086,2.5,"",0.0,0.0,Over,-114,0.515,0.5,-0.033245614035087745,false
2026_04_JAX_CIN,00-0038597,Chase Brown,CIN,JAX,rush_yds,betonlineag,58.5,60.036386985256165,67.70413153460086,2.5,"",0.0,0.0,Under,-114,0.485,0.5,-0.08956140350877195,false
2026_04_JAX_CIN,00-0038611,Chris Rodriguez Jr.,JAX,CIN,rush_yds,betonlineag,17.5,20.830077160243547,37.47110475531689,-2.5,"",0.0,0.0,Over,-114,0.5375,0.5,0.008991228070175383,true
2026_04_JAX_CIN,00-0038611,Chris Rodriguez Jr.,JAX,CIN,rush_yds,betonlineag,17.5,20.830077160243547,37.47110475531689,-2.5,"",0.0,0.0,Under,-114,0.4625,0.5,-0.13179824561403508,true
2026_04_JAX_CIN,00-0040719,Bhayshul Tuten,JAX,CIN,rush_yds,betonlineag,57.5,54.15907069879294,43.08204216818615,-2.5,"",0.0,0.0,Over,-114,0.52,0.5,-0.023859649122807025,false
2026_04_JAX_CIN,00-0040719,Bhayshul Tuten,JAX,CIN,rush_yds,betonlineag,57.5,54.15907069879294,43.08204216818615,-2.5,"",0.0,0.0,Under,-114,0.48,0.5,-0.09894736842105267,false
2026_04_JAX_CIN,00-0038935,Brenton Strange,JAX,CIN,rec_yds,betrivers,35.5,32.53349349694124,32.378301736420056,-2.5,"",0.0,0.28,Over,-115,0.43,0.5,-0.1960869565217392,false
2026_04_JAX_CIN,00-0038935,Brenton Strange,JAX,CIN,rec_yds,betrivers,35.5,32.53349349694124,32.378301736420056,-2.5,"",0.0,0.28,Under,-115,0.5700000000000001,0.5,0.06565217391304357,false
2026_04_JAX_CIN,00-0036971,Trevor Lawrence,JAX,CIN,pass_yds,betmgm,261.5,239.7149149210251,225.82087046237464,-2.5,"",0.0,0.28,Over,-115,0.36,0.5,-0.3269565217391305,false
2026_04_JAX_CIN,00-0036971,Trevor Lawrence,JAX,CIN,pass_yds,betmgm,261.5,239.7149149210251,225.82087046237464,-2.5,"",0.0,0.28,Under,-115,0.64,0.5,0.1965217391304348,false
2026_04_JAX_CIN,00-0036442,Joe Burrow,CIN,JAX,pass_yds,betmgm,270.5,271.57120642082276,255.93191626660456,2.5,"",0.11,0.0,Over,-115,0.4575,0.5,-0.14467391304347826,false
2026_04_JAX_CIN,00-0036442,Joe Burrow,CIN,JAX,pass_yds,betmgm,270.5,271.57120642082276,255.93191626660456,2.5,"",0.11,0.0,Under,-115,0.5425,0.5,0.014239130434782588,false
2026_04_JAX_CIN,00-0036410,Tee Higgins,CIN,JAX,rec_yds,betmgm,61.5,64.7464223192132,71.3534402134996,2.5,"",0.11,0.0,Over,-115,0.53,0.5,-0.009130434782608665,false
2026_04_JAX_CIN,00-0036410,Tee Higgins,CIN,JAX,rec_yds,betmgm,61.5,64.7464223192132,71.3534402134996,2.5,"",0.11,0.0,Under,-115,0.47,0.5,-0.12130434782608701,false
2026_04_JAX_CIN,00-0034829,Mike Gesicki,CIN,JAX,rec_yds,betmgm,27.5,28.40912004595741,38.27397897842776,2.5,"",0.0,0.0,Over,-115,0.4825,0.5,-0.09793478260869576,false
2026_04_JAX_CIN,00-0034829,Mike Gesicki,CIN,JAX,rec_yds,betmgm,27.5,28.40912004595741,38.27397897842776,2.5,"",0.0,0.0,Under,-115,0.5175000000000001,0.5,-0.03249999999999986,false
2026_04_JAX_CIN,00-0039893,Brian Thomas Jr,JAX,CIN,rec_yds,betmgm,27.5,32.80582282945738,39.21753048042568,-2.5,"",0.0,0.28,Over,-115,0.5325,0.5,-0.00445652173913047,false
2026_04_JAX_CIN,00-0039893,Brian Thomas Jr,JAX,CIN,rec_yds,betmgm,27.5,32.80582282945738,39.21753048042568,-2.5,"",0.0,0.28,Under,-115,0.4675,0.5,-0.1259782608695652,false
2026_04_JAX_CIN,00-0038606,Parker Washington,JAX,CIN,rec_yds,betmgm,77.5,60.532002228114756,74.07996488826598,-2.5,"",0.0,0.28,Over,-115,0.33,0.5,-0.3830434782608695,false
2026_04_JAX_CIN,00-0038606,Parker Washington,JAX,CIN,rec_yds,betmgm,77.5,60.532002228114756,74.07996488826598,-2.5,"",0.0,0.28,Under,-115,0.6699999999999999,0.5,0.2526086956521738,false
2026_04_JAX_CIN,00-0036900,Ja'Marr Chase,CIN,JAX,rec_yds,betmgm,83.5,77.14617886131353,80.77542554148054,2.5,"",0.11,0.0,Over,-115,0.4825,0.5,-0.09793478260869576,false
2026_04_JAX_CIN,00-0036900,Ja'Marr Chase,CIN,JAX,rec_yds,betmgm,83.5,77.14617886131353,80.77542554148054,2.5,"",0.11,0.0,Under,-115,0.5175000000000001,0.5,-0.03249999999999986,false
2026_04_JAX_CIN,00-0038597,Chase Brown,CIN,JAX,rec_yds,betmgm,19.5,15.90171620656453,21.48257505684939,2.5,"",0.0,0.0,Over,-115,0.4025,0.5,-0.2474999999999999,false
2026_04_JAX_CIN,00-0038597,Chase Brown,CIN,JAX,rec_yds,betmgm,19.5,15.90171620656453,21.48257505684939,2.5,"",0.0,0.0,Under,-115,0.5974999999999999,0.5,0.11706521739130415,false
2026_04_JAX_CIN,00-0036410,Tee Higgins,CIN,JAX,receptions,betmgm,4.5,4.111400532080638,4.66608470639915,2.5,"",0.11,0.0,Over,-115,0.4325,0.5,-0.19141304347826088,false
2026_04_JAX_CIN,00-0036410,Tee Higgins,CIN,JAX,receptions,betmgm,4.5,4.111400532080638,4.66608470639915,2.5,"",0.11,0.0,Under,-115,0.5675,0.5,0.060978260869565204,false
2026_04_JAX_CIN,00-0038611,Chris Rodriguez Jr.,JAX,CIN,rush_yds,betmgm,17.5,20.830077160243547,37.47110475531689,-2.5,"",0.0,0.0,Over,-115,0.5375,0.5,0.004891304347826031,true
2026_04_JAX_CIN,00-0038611,Chris Rodriguez Jr.,JAX,CIN,rush_yds,betmgm,17.5,20.830077160243547,37.47110475531689,-2.5,"",0.0,0.0,Under,-115,0.4625,0.5,-0.1353260869565217,true
2026_04_JAX_CIN,00-0036442,Joe Burrow,CIN,JAX,pass_yds,bovada,272.5,271.57120642082276,255.93191626660456,2.5,"",0.11,0.0,Over,-115,0.445,0.5,-0.16804347826086952,false
2026_04_JAX_CIN,00-0036442,Joe Burrow,CIN,JAX,pass_yds,bovada,272.5,271.57120642082276,255.93191626660456,2.5,"",0.11,0.0,Under,-115,0.5549999999999999,0.5,0.037608695652173785,false
2026_04_JAX_CIN,00-0036971,Trevor Lawrence,JAX,CIN,pass_yds,bovada,258.5,239.7149149210251,225.82087046237464,-2.5,"",0.0,0.28,Over,-115,0.375,0.5,-0.29891304347826086,false
2026_04_JAX_CIN,00-0036971,Trevor Lawrence,JAX,CIN,pass_yds,bovada,258.5,239.7149149210251,225.82087046237464,-2.5,"",0.0,0.28,Under,-115,0.625,0.5,0.1684782608695652,false
2026_04_JAX_CIN,00-0038935,Brenton Strange,JAX,CIN,rec_yds,bovada,36.5,32.53349349694124,32.378301736420056,-2.5,"",0.0,0.28,Over,-115,0.425,0.5,-0.20543478260869563,false
2026_04_JAX_CIN,00-0038935,Brenton Strange,JAX,CIN,rec_yds,bovada,36.5,32.53349349694124,32.378301736420056,-2.5,"",0.0,0.28,Under,-115,0.575,0.5,0.0749999999999999,false
2026_04_JAX_CIN,00-0039893,Brian Thomas Jr,JAX,CIN,rec_yds,bovada,27.5,32.80582282945738,39.21753048042568,-2.5,"",0.0,0.28,Over,-115,0.5325,0.5,-0.00445652173913047,false
2026_04_JAX_CIN,00-0039893,Brian Thomas Jr,JAX,CIN,rec_yds,bovada,27.5,32.80582282945738,39.21753048042568,-2.5,"",0.0,0.28,Under,-115,0.4675,0.5,-0.1259782608695652,false
2026_04_JAX_CIN,00-0038597,Chase Brown,CIN,JAX,rec_yds,bovada,19.5,15.90171620656453,21.48257505684939,2.5,"",0.0,0.0,Over,-115,0.4025,0.5,-0.2474999999999999,false
2026_04_JAX_CIN,00-0038597,Chase Brown,CIN,JAX,rec_yds,bovada,19.5,15.90171620656453,21.48257505684939,2.5,"",0.0,0.0,Under,-115,0.5974999999999999,0.5,0.11706521739130415,false
2026_04_JAX_CIN,00-0036900,Ja'Marr Chase,CIN,JAX,rec_yds,bovada,83.5,77.14617886131353,80.77542554148054,2.5,"",0.11,0.0,Over,-115,0.4825,0.5,-0.09793478260869576,false
2026_04_JAX_CIN,00-0036900,Ja'Marr Chase,CIN,JAX,rec_yds,bovada,83.5,77.14617886131353,80.77542554148054,2.5,"",0.11,0.0,Under,-115,0.5175000000000001,0.5,-0.03249999999999986,false
2026_04_JAX_CIN,00-0034960,Jakobi Meyers,JAX,CIN,rec_yds,bovada,41.5,35.90809158878358,45.33408985106883,-2.5,"",0.0,0.28,Over,-115,0.4025,0.5,-0.2474999999999999,false
2026_04_JAX_CIN,00-0034960,Jakobi Meyers,JAX,CIN,rec_yds,bovada,41.5,35.90809158878358,45.33408985106883,-2.5,"",0.0,0.28,Under,-115,0.5974999999999999,0.5,0.11706521739130415,false
2026_04_JAX_CIN,00-0034829,Mike Gesicki,CIN,JAX,rec_yds,bovada,27.5,28.40912004595741,38.27397897842776,2.5,"",0.0,0.0,Over,-115,0.4825,0.5,-0.09793478260869576,false
2026_04_JAX_CIN,00-0034829,Mike Gesicki,CIN,JAX,rec_yds,bovada,27.5,28.40912004595741,38.27397897842776,2.5,"",0.0,0.0,Under,-115,0.5175000000000001,0.5,-0.03249999999999986,false
2026_04_JAX_CIN,00-0038606,Parker Washington,JAX,CIN,rec_yds,bovada,77.5,60.532002228114756,74.07996488826598,-2.5,"",0.0,0.28,Over,-115,0.33,0.5,-0.3830434782608695,false
2026_04_JAX_CIN,00-0038606,Parker Washington,JAX,CIN,rec_yds,bovada,77.5,60.532002228114756,74.07996488826598,-2.5,"",0.0,0.28,Under,-115,0.6699999999999999,0.5,0.2526086956521738,false
2026_04_JAX_CIN,00-0036410,Tee Higgins,CIN,JAX,rec_yds,bovada,63.5,64.7464223192132,71.3534402134996,2.5,"",0.11,0.0,Over,-115,0.5025,0.5,-0.0605434782608697,false
2026_04_JAX_CIN,00-0036410,Tee Higgins,CIN,JAX,rec_yds,bovada,63.5,64.7464223192132,71.3534402134996,2.5,"",0.11,0.0,Under,-115,0.49750000000000005,0.5,-0.06989130434782598,false
2026_04_JAX_CIN,00-0040719,Bhayshul Tuten,JAX,CIN,rush_yds,bovada,57.5,54.15907069879294,43.08204216818615,-2.5,"",0.0,0.0,Over,-115,0.52,0.5,-0.027826086956521723,false
2026_04_JAX_CIN,00-0040719,Bhayshul Tuten,JAX,CIN,rush_yds,bovada,57.5,54.15907069879294,43.08204216818615,-2.5,"",0.0,0.0,Under,-115,0.48,0.5,-0.10260869565217395,false
2026_04_JAX_CIN,00-0038597,Chase Brown,CIN,JAX,rush_yds,bovada,59.5,60.036386985256165,67.70413153460086,2.5,"",0.0,0.0,Over,-115,0.5075,0.5,-0.05119565217391314,false
2026_04_JAX_CIN,00-0038597,Chase Brown,CIN,JAX,rush_yds,bovada,59.5,60.036386985256165,67.70413153460086,2.5,"",0.0,0.0,Under,-115,0.49250000000000005,0.5,-0.07923913043478253,false
2026_04_DAL_HOU,00-0039163,C.J. Stroud,HOU,DAL,pass_yds,draftkings,244.5,229.91351378896903,234.51126909537476,3.0,"",0.0,0.67,Over,-112,0.4075,0.5,-0.22866071428571433,false
2026_04_DAL_HOU,00-0039163,C.J. Stroud,HOU,DAL,pass_yds,draftkings,244.5,229.91351378896903,234.51126909537476,3.0,"",0.0,0.67,Under,-112,0.5925,0.5,0.12151785714285723,false
2026_04_DAL_HOU,00-0036554,Nico Collins,HOU,DAL,rec_yds,draftkings,73.5,60.11145267809635,69.5182570314839,3.0,"",0.0,0.67,Over,-112,0.3775,0.5,-0.2854464285714286,false
2026_04_DAL_HOU,00-0036554,Nico Collins,HOU,DAL,rec_yds,draftkings,73.5,60.11145267809635,69.5182570314839,3.0,"",0.0,0.67,Under,-112,0.6225,0.5,0.17830357142857156,false
2026_04_DAL_HOU,00-0037247,George Pickens,DAL,HOU,rec_yds,draftkings,69.5,53.38168233484233,65.66967976239754,-3.0,"",0.0,0.62,Over,-112,0.3675,0.5,-0.30437500000000006,false
2026_04_DAL_HOU,00-0037247,George Pickens,DAL,HOU,rec_yds,draftkings,69.5,53.38168233484233,65.66967976239754,-3.0,"",0.0,0.62,Under,-112,0.6325000000000001,0.5,0.19723214285714297,false
2026_04_DAL_HOU,00-0039163,C.J. Stroud,HOU,DAL,pass_yds,fanduel,244.5,229.91351378896903,234.51126909537476,3.0,"",0.0,0.67,Over,-113,0.4075,0.5,-0.23188053097345135,false
2026_04_DAL_HOU,00-0039163,C.J. Stroud,HOU,DAL,pass_yds,fanduel,244.5,229.91351378896903,234.51126909537476,3.0,"",0.0,0.67,Under,-113,0.5925,0.5,0.11683628318584083,false
2026_04_DAL_HOU,00-0033077,Dak Prescott,DAL,HOU,pass_yds,fanduel,266.5,239.27922393747315,251.94277346787447,-3.0,"",0.0,0.62,Over,-113,0.3175,0.5,-0.4015265486725664,false
2026_04_DAL_HOU,00-0033077,Dak Prescott,DAL,HOU,pass_yds,fanduel,266.5,239.27922393747315,251.94277346787447,-3.0,"",0.0,0.62,Under,-113,0.6825,0.5,0.28648230088495574,false
2026_04_DAL_HOU,00-0039410,Ryan Flournoy,DAL,HOU,rec_yds,fanduel,33.5,25.120233916789335,31.452149410987445,-3.0,"",0.0,0.62,Over,-113,0.3925,0.5,-0.26015486725663706,false
2026_04_DAL_HOU,00-0039410,Ryan Flournoy,DAL,HOU,rec_yds,fanduel,33.5,25.120233916789335,31.452149410987445,-3.0,"",0.0,0.62,Under,-113,0.6074999999999999,0.5,0.14511061946902648,false
2026_04_DAL_HOU,00-0037247,George Pickens,DAL,HOU,rec_yds,fanduel,68.5,53.38168233484233,65.66967976239754,-3.0,"",0.0,0.62,Over,-113,0.38,0.5,-0.283716814159292,false
2026_04_DAL_HOU,00-0037247,George Pickens,DAL,HOU,rec_yds,fanduel,68.5,53.38168233484233,65.66967976239754,-3.0,"",0.0,0.62,Under,-113,0.62,0.5,0.1686725663716815,false
2026_04_DAL_HOU,00-0036997,Javonte Williams,DAL,HOU,rec_yds,fanduel,13.5,12.023068389137837,10.992310931305528,-3.0,"",0.0,0.62,Over,-113,0.435,0.5,-0.18004424778761052,false
2026_04_DAL_HOU,00-0036997,Javonte Williams,DAL,HOU,rec_yds,fanduel,13.5,12.023068389137837,10.992310931305528,-3.0,"",0.0,0.62,Under,-113,0.565,0.5,0.06499999999999995,false
2026_04_DAL_HOU,00-0036554,Nico Collins,HOU,DAL,rec_yds,fanduel,72.5,60.11145267809635,69.5182570314839,3.0,"",0.0,0.67,Over,-113,0.385,0.5,-0.27429203539823005,false
2026_04_DAL_HOU,00-0036554,Nico Collins,HOU,DAL,rec_yds,fanduel,72.5,60.11145267809635,69.5182570314839,3.0,"",0.0,0.67,Under,-113,0.615,0.5,0.15924778761061953,false
2026_04_DAL_HOU,00-0038618,Xavier Hutchinson,HOU,DAL,rec_yds,fanduel,26.5,33.91443912307543,34.94490471645812,3.0,"",0.0,0.67,Over,-113,0.5775,0.5,0.08856194690265495,false
2026_04_DAL_HOU,00-0038618,Xavier Hutchinson,HOU,DAL,rec_yds,fanduel,26.5,33.91443912307543,34.94490471645812,3.0,"",0.0,0.67,Under,-113,0.4225,0.5,-0.20360619469026547,false
2026_04_DAL_HOU,00-0038041,Jake Ferguson,DAL,HOU,rec_yds,fanduel,23.5,20.76570481196475,25.271365995391307,-3.0,"",0.0,0.62,Over,-113,0.4575,0.5,-0.13763274336283182,false
2026_04_DAL_HOU,00-0038041,Jake Ferguson,DAL,HOU,rec_yds,fanduel,23.5,20.76570481196475,25.271365995391307,-3.0,"",0.0,0.62,Under,-113,0.5425,0.5,0.022588495575221246,false
2026_04_DAL_HOU,00-0036358,CeeDee Lamb,DAL,HOU,rec_yds,fanduel,76.5,60.475650608704846,85.05709432863608,-3.0,"",0.0,0.62,Over,-113,0.34,0.5,-0.3591150442477875,false
2026_04_DAL_HOU,00-0036358,CeeDee Lamb,DAL,HOU,rec_yds,fanduel,76.5,60.475650608704846,85.05709432863608,-3.0,"",0.0,0.62,Under,-113,0.6599999999999999,0.5,0.24407079646017682,false
2026_04_DAL_HOU,00-0034383,Dalton Schultz,HOU,DAL,rec_yds,fanduel,40.5,35.3033784830528,52.19508150168909,3.0,ltd,0.0,0.67,Over,-113,0.3975,0.5,-0.2507300884955752,false
2026_04_DAL_HOU,00-0034383,Dalton Schultz,HOU,DAL,rec_yds,fanduel,40.5,35.3033784830528,52.19508150168909,3.0,ltd,0.0,0.67,Under,-113,0.6025,0.5,0.13568584070796474,false
2026_04_DAL_HOU,00-0038608,Kayshon Boutte,HOU,DAL,rec_yds,fanduel,23.5,25.252139306988823,31.776177856666155,3.0,"",0.0,0.67,Over,-113,0.555,0.5,0.0461504424778762,false
2026_04_DAL_HOU,00-0038608,Kayshon Boutte,HOU,DAL,rec_yds,fanduel,23.5,25.252139306988823,31.776177856666155,3.0,"",0.0,0.67,Under,-113,0.44499999999999995,0.5,-0.16119469026548677,false
2026_04_DAL_HOU,00-0035685,David Montgomery,HOU,DAL,rush_yds,fanduel,44.5,29.46936782501259,34.824858183732665,3.0,"",0.0,0.63,Over,-113,0.305,0.5,-0.42508849557522127,false
2026_04_DAL_HOU,00-0035685,David Montgomery,HOU,DAL,rush_yds,fanduel,44.5,29.46936782501259,34.824858183732665,3.0,"",0.0,0.63,Under,-113,0.6950000000000001,0.5,0.31004424778761075,false
2026_04_DAL_HOU,00-0040583,Woody Marks,HOU,DAL,rush_yds,fanduel,33.5,41.14097459489508,40.2047090417723,3.0,"",0.0,0.63,Over,-113,0.6125,0.5,0.15453539823008866,false
2026_04_DAL_HOU,00-0040583,Woody Marks,HOU,DAL,rush_yds,fanduel,33.5,41.14097459489508,40.2047090417723,3.0,"",0.0,0.63,Under,-113,0.38749999999999996,0.5,-0.2695796460176992,false
2026_04_DAL_HOU,00-0036997,Javonte Williams,DAL,HOU,rush_yds,fanduel,59.5,48.99246958216685,63.10121265594864,-3.0,"",0.0,0.94,Over,-113,0.4525,0.5,-0.14705752212389378,false
2026_04_DAL_HOU,00-0036997,Javonte Williams,DAL,HOU,rush_yds,fanduel,59.5,48.99246958216685,63.10121265594864,-3.0,"",0.0,0.94,Under,-113,0.5475,0.5,0.032013274336283204,false
2026_04_DAL_HOU,00-0036997,Javonte Williams,DAL,HOU,rec_yds,betonlineag,13.5,12.023068389137837,10.992310931305528,-3.0,"",0.0,0.62,Over,-114,0.435,0.5,-0.18342105263157893,false
2026_04_DAL_HOU,00-0036997,Javonte Williams,DAL,HOU,rec_yds,betonlineag,13.5,12.023068389137837,10.992310931305528,-3.0,"",0.0,0.62,Under,-114,0.565,0.5,0.060614035087719176,false
2026_04_DAL_HOU,00-0034383,Dalton Schultz,HOU,DAL,rec_yds,betonlineag,38.5,35.3033784830528,52.19508150168909,3.0,ltd,0.0,0.67,Over,-114,0.42,0.5,-0.21157894736842114,false
2026_04_DAL_HOU,00-0034383,Dalton Schultz,HOU,DAL,rec_yds,betonlineag,38.5,35.3033784830528,52.19508150168909,3.0,ltd,0.0,0.67,Under,-114,0.5800000000000001,0.5,0.0887719298245615,false
2026_04_DAL_HOU,00-0037247,George Pickens,DAL,HOU,rec_yds,betonlineag,70.5,53.38168233484233,65.66967976239754,-3.0,"",0.0,0.62,Over,-114,0.355,0.5,-0.3335964912280702,false
2026_04_DAL_HOU,00-0037247,George Pickens,DAL,HOU,rec_yds,betonlineag,70.5,53.38168233484233,65.66967976239754,-3.0,"",0.0,0.62,Under,-114,0.645,0.5,0.21078947368421053,false
2026_04_DAL_HOU,00-0038618,Xavier Hutchinson,HOU,DAL,rec_yds,betonlineag,26.5,33.91443912307543,34.94490471645812,3.0,"",0.0,0.67,Over,-114,0.5775,0.5,0.08407894736842103,false
2026_04_DAL_HOU,00-0038618,Xavier Hutchinson,HOU,DAL,rec_yds,betonlineag,26.5,33.91443912307543,34.94490471645812,3.0,"",0.0,0.67,Under,-114,0.4225,0.5,-0.20688596491228073,false
2026_04_DAL_HOU,00-0040583,Woody Marks,HOU,DAL,rush_yds,betonlineag,33.5,41.14097459489508,40.2047090417723,3.0,"",0.0,0.63,Over,-114,0.6125,0.5,0.14978070175438607,false
2026_04_DAL_HOU,00-0040583,Woody Marks,HOU,DAL,rush_yds,betonlineag,33.5,41.14097459489508,40.2047090417723,3.0,"",0.0,0.63,Under,-114,0.38749999999999996,0.5,-0.2725877192982457,false
2026_04_DAL_HOU,00-0035685,David Montgomery,HOU,DAL,rush_yds,betonlineag,43.5,29.46936782501259,34.824858183732665,3.0,"",0.0,0.63,Over,-114,0.3175,0.5,-0.40399122807017546,false
2026_04_DAL_HOU,00-0035685,David Montgomery,HOU,DAL,rush_yds,betonlineag,43.5,29.46936782501259,34.824858183732665,3.0,"",0.0,0.63,Under,-114,0.6825,0.5,0.2811842105263157,false
2026_04_DAL_HOU,00-0036997,Javonte Williams,DAL,HOU,rush_yds,betonlineag,58.5,48.99246958216685,63.10121265594864,-3.0,"",0.0,0.94,Over,-114,0.465,0.5,-0.12710526315789467,false
2026_04_DAL_HOU,00-0036997,Javonte Williams,DAL,HOU,rush_yds,betonlineag,58.5,48.99246958216685,63.10121265594864,-3.0,"",0.0,0.94,Under,-114,0.5349999999999999,0.5,0.004298245614034912,false
2026_04_DAL_HOU,00-0036554,Nico Collins,HOU,DAL,rec_yds,betrivers,74.5,60.11145267809635,69.5182570314839,3.0,"",0.0,0.67,Over,-115,0.3675,0.5,-0.3129347826086957,false
2026_04_DAL_HOU,00-0036554,Nico Collins,HOU,DAL,rec_yds,betrivers,74.5,60.11145267809635,69.5182570314839,3.0,"",0.0,0.67,Under,-115,0.6325000000000001,0.5,0.1825000000000001,false
2026_04_DAL_HOU,00-0040583,Woody Marks,HOU,DAL,rush_yds,betrivers,33.5,41.14097459489508,40.2047090417723,3.0,"",0.0,0.63,Over,-115,0.6125,0.5,0.145108695652174,false
2026_04_DAL_HOU,00-0040583,Woody Marks,HOU,DAL,rush_yds,betrivers,33.5,41.14097459489508,40.2047090417723,3.0,"",0.0,0.63,Under,-115,0.38749999999999996,0.5,-0.27554347826086967,false
2026_04_DAL_HOU,00-0033077,Dak Prescott,DAL,HOU,pass_yds,betmgm,264.5,239.27922393747315,251.94277346787447,-3.0,"",0.0,0.62,Over,-115,0.33,0.5,-0.3830434782608695,false
2026_04_DAL_HOU,00-0033077,Dak Prescott,DAL,HOU,pass_yds,betmgm,264.5,239.27922393747315,251.94277346787447,-3.0,"",0.0,0.62,Under,-115,0.6699999999999999,0.5,0.2526086956521738,false
2026_04_DAL_HOU,00-0039163,C.J. Stroud,HOU,DAL,pass_yds,betmgm,247.5,229.91351378896903,234.51126909537476,3.0,"",0.0,0.67,Over,-115,0.4,0.5,-0.25217391304347825,false
2026_04_DAL_HOU,00-0039163,C.J. Stroud,HOU,DAL,pass_yds,betmgm,247.5,229.91351378896903,234.51126909537476,3.0,"",0.0,0.67,Under,-115,0.6,0.5,0.12173913043478257,false
2026_04_DAL_HOU,00-0039410,Ryan Flournoy,DAL,HOU,rec_yds,betmgm,33.5,25.120233916789335,31.452149410987445,-3.0,"",0.0,0.62,Over,-115,0.3925,0.5,-0.26619565217391294,false
2026_04_DAL_HOU,00-0039410,Ryan Flournoy,DAL,HOU,rec_yds,betmgm,33.5,25.120233916789335,31.452149410987445,-3.0,"",0.0,0.62,Under,-115,0.6074999999999999,0.5,0.13576086956521727,false
2026_04_DAL_HOU,00-0038041,Jake Ferguson,DAL,HOU,rec_yds,betmgm,25.5,20.76570481196475,25.271365995391307,-3.0,"",0.0,0.62,Over,-115,0.435,0.5,-0.18673913043478257,false
2026_04_DAL_HOU,00-0038041,Jake Ferguson,DAL,HOU,rec_yds,betmgm,25.5,20.76570481196475,25.271365995391307,-3.0,"",0.0,0.62,Under,-115,0.565,0.5,0.05630434782608684,false
2026_04_DAL_HOU,00-0036554,Nico Collins,HOU,DAL,rec_yds,betmgm,71.5,60.11145267809635,69.5182570314839,3.0,"",0.0,0.67,Over,-115,0.3925,0.5,-0.26619565217391294,false
2026_04_DAL_HOU,00-0036554,Nico Collins,HOU,DAL,rec_yds,betmgm,71.5,60.11145267809635,69.5182570314839,3.0,"",0.0,0.67,Under,-115,0.6074999999999999,0.5,0.13576086956521727,false
2026_04_DAL_HOU,00-0036358,CeeDee Lamb,DAL,HOU,rec_yds,betmgm,77.5,60.475650608704846,85.05709432863608,-3.0,"",0.0,0.62,Over,-115,0.33,0.5,-0.3830434782608695,false
2026_04_DAL_HOU,00-0036358,CeeDee Lamb,DAL,HOU,rec_yds,betmgm,77.5,60.475650608704846,85.05709432863608,-3.0,"",0.0,0.62,Under,-115,0.6699999999999999,0.5,0.2526086956521738,false
2026_04_DAL_HOU,00-0034383,Dalton Schultz,HOU,DAL,rec_yds,betmgm,42.5,35.3033784830528,52.19508150168909,3.0,ltd,0.0,0.67,Over,-115,0.3775,0.5,-0.29423913043478267,false
2026_04_DAL_HOU,00-0034383,Dalton Schultz,HOU,DAL,rec_yds,betmgm,42.5,35.3033784830528,52.19508150168909,3.0,ltd,0.0,0.67,Under,-115,0.6225,0.5,0.163804347826087,false
2026_04_DAL_HOU,00-0037247,George Pickens,DAL,HOU,rec_yds,betmgm,66.5,53.38168233484233,65.66967976239754,-3.0,"",0.0,0.62,Over,-115,0.3875,0.5,-0.2755434782608696,false
2026_04_DAL_HOU,00-0037247,George Pickens,DAL,HOU,rec_yds,betmgm,66.5,53.38168233484233,65.66967976239754,-3.0,"",0.0,0.62,Under,-115,0.6125,0.5,0.145108695652174,false
2026_04_DAL_HOU,00-0035685,David Montgomery,HOU,DAL,rush_yds,betmgm,44.5,29.46936782501259,34.824858183732665,3.0,"",0.0,0.63,Over,-115,0.305,0.5,-0.42978260869565227,false
2026_04_DAL_HOU,00-0035685,David Montgomery,HOU,DAL,rush_yds,betmgm,44.5,29.46936782501259,34.824858183732665,3.0,"",0.0,0.63,Under,-115,0.6950000000000001,0.5,0.29934782608695665,false
2026_04_DAL_HOU,00-0040583,Woody Marks,HOU,DAL,rush_yds,betmgm,34.5,41.14097459489508,40.2047090417723,3.0,"",0.0,0.63,Over,-115,0.61,0.5,0.14043478260869557,false
2026_04_DAL_HOU,00-0040583,Woody Marks,HOU,DAL,rush_yds,betmgm,34.5,41.14097459489508,40.2047090417723,3.0,"",0.0,0.63,Under,-115,0.39,0.5,-0.2708695652173913,false
2026_04_DAL_HOU,00-0039163,C.J. Stroud,HOU,DAL,pass_yds,bovada,244.5,229.91351378896903,234.51126909537476,3.0,"",0.0,0.67,Over,-115,0.4075,0.5,-0.23815217391304355,false
2026_04_DAL_HOU,00-0039163,C.J. Stroud,HOU,DAL,pass_yds,bovada,244.5,229.91351378896903,234.51126909537476,3.0,"",0.0,0.67,Under,-115,0.5925,0.5,0.10771739130434788,false
2026_04_DAL_HOU,00-0033077,Dak Prescott,DAL,HOU,pass_yds,bovada,268.5,239.27922393747315,251.94277346787447,-3.0,"",0.0,0.62,Over,-115,0.3125,0.5,-0.4157608695652174,false
2026_04_DAL_HOU,00-0033077,Dak Prescott,DAL,HOU,pass_yds,bovada,268.5,239.27922393747315,251.94277346787447,-3.0,"",0.0,0.62,Under,-115,0.6875,0.5,0.28532608695652173,false
2026_04_DAL_HOU,00-0036358,CeeDee Lamb,DAL,HOU,rec_yds,bovada,76.5,60.475650608704846,85.05709432863608,-3.0,"",0.0,0.62,Over,-115,0.34,0.5,-0.36434782608695643,false
2026_04_DAL_HOU,00-0036358,CeeDee Lamb,DAL,HOU,rec_yds,bovada,76.5,60.475650608704846,85.05709432863608,-3.0,"",0.0,0.62,Under,-115,0.6599999999999999,0.5,0.2339130434782607,false
2026_04_DAL_HOU,00-0034383,Dalton Schultz,HOU,DAL,rec_yds,bovada,39.5,35.3033784830528,52.19508150168909,3.0,ltd,0.0,0.67,Over,-115,0.4075,0.5,-0.23815217391304355,false
2026_04_DAL_HOU,00-0034383,Dalton Schultz,HOU,DAL,rec_yds,bovada,39.5,35.3033784830528,52.19508150168909,3.0,ltd,0.0,0.67,Under,-115,0.5925,0.5,0.10771739130434788,false
2026_04_DAL_HOU,00-0037247,George Pickens,DAL,HOU,rec_yds,bovada,69.5,53.38168233484233,65.66967976239754,-3.0,"",0.0,0.62,Over,-115,0.3675,0.5,-0.3129347826086957,false
2026_04_DAL_HOU,00-0037247,George Pickens,DAL,HOU,rec_yds,bovada,69.5,53.38168233484233,65.66967976239754,-3.0,"",0.0,0.62,Under,-115,0.6325000000000001,0.5,0.1825000000000001,false
2026_04_DAL_HOU,00-0038608,Kayshon Boutte,HOU,DAL,rec_yds,bovada,22.5,25.252139306988823,31.776177856666155,3.0,"",0.0,0.67,Over,-115,0.5675,0.5,0.060978260869565204,false
2026_04_DAL_HOU,00-0038608,Kayshon Boutte,HOU,DAL,rec_yds,bovada,22.5,25.252139306988823,31.776177856666155,3.0,"",0.0,0.67,Under,-115,0.4325,0.5,-0.19141304347826088,false
2026_04_DAL_HOU,00-0036554,Nico Collins,HOU,DAL,rec_yds,bovada,73.5,60.11145267809635,69.5182570314839,3.0,"",0.0,0.67,Over,-115,0.3775,0.5,-0.29423913043478267,false
2026_04_DAL_HOU,00-0036554,Nico Collins,HOU,DAL,rec_yds,bovada,73.5,60.11145267809635,69.5182570314839,3.0,"",0.0,0.67,Under,-115,0.6225,0.5,0.163804347826087,false
2026_04_DAL_HOU,00-0039410,Ryan Flournoy,DAL,HOU,rec_yds,bovada,33.5,25.120233916789335,31.452149410987445,-3.0,"",0.0,0.62,Over,-115,0.3925,0.5,-0.26619565217391294,false
2026_04_DAL_HOU,00-0039410,Ryan Flournoy,DAL,HOU,rec_yds,bovada,33.5,25.120233916789335,31.452149410987445,-3.0,"",0.0,0.62,Under,-115,0.6074999999999999,0.5,0.13576086956521727,false
2026_04_DAL_HOU,00-0038618,Xavier Hutchinson,HOU,DAL,rec_yds,bovada,26.5,33.91443912307543,34.94490471645812,3.0,"",0.0,0.67,Over,-115,0.5775,0.5,0.07967391304347826,false
2026_04_DAL_HOU,00-0038618,Xavier Hutchinson,HOU,DAL,rec_yds,bovada,26.5,33.91443912307543,34.94490471645812,3.0,"",0.0,0.67,Under,-115,0.4225,0.5,-0.21010869565217394,false
2026_04_DAL_HOU,00-0035685,David Montgomery,HOU,DAL,rush_yds,bovada,44.5,29.46936782501259,34.824858183732665,3.0,"",0.0,0.63,Over,-115,0.305,0.5,-0.42978260869565227,false
2026_04_DAL_HOU,00-0035685,David Montgomery,HOU,DAL,rush_yds,bovada,44.5,29.46936782501259,34.824858183732665,3.0,"",0.0,0.63,Under,-115,0.6950000000000001,0.5,0.29934782608695665,false
2026_04_DAL_HOU,00-0036997,Javonte Williams,DAL,HOU,rush_yds,bovada,57.5,48.99246958216685,63.10121265594864,-3.0,"",0.0,0.94,Over,-115,0.4725,0.5,-0.11663043478260882,false
2026_04_DAL_HOU,00-0036997,Javonte Williams,DAL,HOU,rush_yds,bovada,57.5,48.99246958216685,63.10121265594864,-3.0,"",0.0,0.94,Under,-115,0.5275000000000001,0.5,-0.013804347826086805,false
2026_04_DAL_HOU,00-0040583,Woody Marks,HOU,DAL,rush_yds,bovada,33.5,41.14097459489508,40.2047090417723,3.0,"",0.0,0.63,Over,-115,0.6125,0.5,0.145108695652174,false
2026_04_DAL_HOU,00-0040583,Woody Marks,HOU,DAL,rush_yds,bovada,33.5,41.14097459489508,40.2047090417723,3.0,"",0.0,0.63,Under,-115,0.38749999999999996,0.5,-0.27554347826086967,false
2026_04_GB_TB,00-0036264,Jordan Love,GB,TB,pass_yds,draftkings,240.5,253.29179852053764,245.47375910799155,3.0,"",0.0,0.67,Over,-112,0.53,0.5,0.0032142857142857806,false
2026_04_GB_TB,00-0036264,Jordan Love,GB,TB,pass_yds,draftkings,240.5,253.29179852053764,245.47375910799155,3.0,"",0.0,0.67,Under,-112,0.47,0.5,-0.11035714285714288,false
2026_04_GB_TB,00-0040129,Emeka Egbuka,TB,GB,rec_yds,draftkings,37.5,43.98228801223004,42.58901577492705,-3.0,"",0.0,0.0,Over,-112,0.59,0.5,0.11678571428571427,false
2026_04_GB_TB,00-0040129,Emeka Egbuka,TB,GB,rec_yds,draftkings,37.5,43.98228801223004,42.58901577492705,-3.0,"",0.0,0.0,Under,-112,0.41000000000000003,0.5,-0.22392857142857137,false
2026_04_GB_TB,00-0036264,Jordan Love,GB,TB,pass_yds,fanduel,238.5,253.29179852053764,245.47375910799155,3.0,"",0.0,0.67,Over,-113,0.545,0.5,0.027300884955752336,false
2026_04_GB_TB,00-0036264,Jordan Love,GB,TB,pass_yds,fanduel,238.5,253.29179852053764,245.47375910799155,3.0,"",0.0,0.67,Under,-113,0.45499999999999996,0.5,-0.1423451327433629,false
2026_04_GB_TB,00-0038129,Cade Otton,TB,GB,rec_yds,fanduel,24.5,37.45747978706476,41.448468615472024,-3.0,"",0.07,0.0,Over,-113,0.715,0.5,0.34774336283185836,true
2026_04_GB_TB,00-0038129,Cade Otton,TB,GB,rec_yds,fanduel,24.5,37.45747978706476,41.448468615472024,-3.0,"",0.07,0.0,Under,-113,0.28500000000000003,0.5,-0.46278761061946894,true
2026_04_GB_TB,00-0039361,Bucky Irving,TB,GB,rec_yds,fanduel,11.5,14.64729045993596,20.427843797250638,-3.0,"",0.0,0.0,Over,-113,0.53,0.5,-0.0009734513274335388,true
2026_04_GB_TB,00-0039361,Bucky Irving,TB,GB,rec_yds,fanduel,11.5,14.64729045993596,20.427843797250638,-3.0,"",0.0,0.0,Under,-113,0.47,0.5,-0.11407079646017704,true
2026_04_GB_TB,00-0040129,Emeka Egbuka,TB,GB,rec_yds,fanduel,37.5,43.98228801223004,42.58901577492705,-3.0,"",0.0,0.0,Over,-113,0.59,0.5,0.11212389380530974,false
2026_04_GB_TB,00-0040129,Emeka Egbuka,TB,GB,rec_yds,fanduel,37.5,43.98228801223004,42.58901577492705,-3.0,"",0.0,0.0,Under,-113,0.41000000000000003,0.5,-0.22716814159292026,false
2026_04_GB_TB,00-0038124,Christian Watson,GB,TB,rec_yds,fanduel,67.5,56.5955665932195,70.08671555732958,3.0,"",0.0,0.67,Over,-113,0.3825,0.5,-0.279004424778761,false
2026_04_GB_TB,00-0038124,Christian Watson,GB,TB,rec_yds,fanduel,67.5,56.5955665932195,70.08671555732958,3.0,"",0.0,0.67,Under,-113,0.6174999999999999,0.5,0.1639601769911504,false
2026_04_GB_TB,00-0033921,Chris Godwin,TB,GB,rec_yds,fanduel,27.5,33.7313057888288,43.84103008758281,-3.0,"",0.0,0.0,Over,-113,0.565,0.5,0.06499999999999995,true
2026_04_GB_TB,00-0033921,Chris Godwin,TB,GB,rec_yds,fanduel,27.5,33.7313057888288,43.84103008758281,-3.0,"",0.0,0.0,Under,-113,0.43500000000000005,0.5,-0.18004424778761052,true
2026_04_GB_TB,00-0036919,Kenny Gainwell,TB,GB,rec_yds,fanduel,8.5,17.427375099310783,24.373955483076553,-3.0,"",0.0,0.0,Over,-113,0.69,0.5,0.30061946902654857,true
2026_04_GB_TB,00-0036919,Kenny Gainwell,TB,GB,rec_yds,fanduel,8.5,17.427375099310783,24.373955483076553,-3.0,"",0.0,0.0,Under,-113,0.31000000000000005,0.5,-0.4156637168141592,true
2026_04_GB_TB,00-0038996,Tucker Kraft,GB,TB,rec_yds,fanduel,40.5,39.851408553175716,47.46068326070601,3.0,"",0.0,0.67,Over,-113,0.455,0.5,-0.14234513274336275,false
2026_04_GB_TB,00-0038996,Tucker Kraft,GB,TB,rec_yds,fanduel,40.5,39.851408553175716,47.46068326070601,3.0,"",0.0,0.67,Under,-113,0.5449999999999999,0.5,0.027300884955752114,false
2026_04_GB_TB,00-0040667,Matthew Golden,GB,TB,rec_yds,fanduel,56.5,40.21698670925648,53.603292941629824,3.0,"",0.0,0.67,Over,-113,0.2725,0.5,-0.4863495575221239,true
2026_04_GB_TB,00-0040667,Matthew Golden,GB,TB,rec_yds,fanduel,56.5,40.21698670925648,53.603292941629824,3.0,"",0.0,0.67,Under,-113,0.7275,0.5,0.37130530973451337,true
2026_04_GB_TB,00-0041048,Ted Hurst III,TB,GB,rec_yds,fanduel,21.5,28.870944655100057,34.59966120047719,-3.0,"",0.0,0.0,Over,-113,0.575,0.5,0.08384955752212386,true
2026_04_GB_TB,00-0041048,Ted Hurst III,TB,GB,rec_yds,fanduel,21.5,28.870944655100057,34.59966120047719,-3.0,"",0.0,0.0,Under,-113,0.42500000000000004,0.5,-0.19889380530973438,true
2026_04_GB_TB,00-0040667,Matthew Golden,GB,TB,receptions,fanduel,4.5,3.0159128398598156,3.2403826011536463,3.0,"",0.0,0.67,Over,-114,0.2625,0.5,-0.5072368421052632,true
2026_04_GB_TB,00-0040667,Matthew Golden,GB,TB,receptions,fanduel,4.5,3.0159128398598156,3.2403826011536463,3.0,"",0.0,0.67,Under,-114,0.7375,0.5,0.3844298245614035,true
2026_04_GB_TB,00-0039361,Bucky Irving,TB,GB,receptions,fanduel,2.5,2.9625126613177475,3.1554495946001406,-3.0,"",0.0,0.0,Over,-114,0.55,0.5,0.03245614035087724,true
2026_04_GB_TB,00-0039361,Bucky Irving,TB,GB,receptions,fanduel,2.5,2.9625126613177475,3.1554495946001406,-3.0,"",0.0,0.0,Under,-114,0.44999999999999996,0.5,-0.15526315789473694,true
2026_04_GB_TB,00-0033921,Chris Godwin,TB,GB,receptions,fanduel,2.5,2.9896193536600566,3.935430088160969,-3.0,"",0.0,0.0,Over,-114,0.57,0.5,0.0699999999999999,true
2026_04_GB_TB,00-0033921,Chris Godwin,TB,GB,receptions,fanduel,2.5,2.9896193536600566,3.935430088160969,-3.0,"",0.0,0.0,Under,-114,0.43000000000000005,0.5,-0.1928070175438596,true
2026_04_GB_TB,00-0039811,MarShawn Lloyd,GB,TB,rush_yds,fanduel,23.5,25.350574243881194,20.015209504849615,3.0,"",0.0,0.62,Over,-113,0.51,0.5,-0.03867256637168137,false
2026_04_GB_TB,00-0039811,MarShawn Lloyd,GB,TB,rush_yds,fanduel,23.5,25.350574243881194,20.015209504849615,3.0,"",0.0,0.62,Under,-113,0.49,0.5,-0.0763716814159292,false
2026_04_GB_TB,00-0039361,Bucky Irving,TB,GB,rush_yds,fanduel,55.5,58.7695144525457,61.60670580551925,-3.0,"",0.0,0.57,Over,-113,0.5425,0.5,0.022588495575221246,true
2026_04_GB_TB,00-0039361,Bucky Irving,TB,GB,rush_yds,fanduel,55.5,58.7695144525457,61.60670580551925,-3.0,"",0.0,0.57,Under,-113,0.4575,0.5,-0.13763274336283182,true
2026_04_GB_TB,00-0038996,Tucker Kraft,GB,TB,rec_yds,betonlineag,41.5,39.851408553175716,47.46068326070601,3.0,"",0.0,0.67,Over,-114,0.435,0.5,-0.18342105263157893,false
2026_04_GB_TB,00-0038996,Tucker Kraft,GB,TB,rec_yds,betonlineag,41.5,39.851408553175716,47.46068326070601,3.0,"",0.0,0.67,Under,-114,0.565,0.5,0.060614035087719176,false
2026_04_GB_TB,00-0040667,Matthew Golden,GB,TB,rec_yds,betonlineag,58.5,40.21698670925648,53.603292941629824,3.0,"",0.0,0.67,Over,-114,0.2425,0.5,-0.544780701754386,true
2026_04_GB_TB,00-0040667,Matthew Golden,GB,TB,rec_yds,betonlineag,58.5,40.21698670925648,53.603292941629824,3.0,"",0.0,0.67,Under,-114,0.7575000000000001,0.5,0.4219736842105264,true
2026_04_GB_TB,00-0039361,Bucky Irving,TB,GB,rush_yds,betonlineag,54.5,58.7695144525457,61.60670580551925,-3.0,"",0.0,0.57,Over,-114,0.555,0.5,0.04184210526315796,true
2026_04_GB_TB,00-0039361,Bucky Irving,TB,GB,rush_yds,betonlineag,54.5,58.7695144525457,61.60670580551925,-3.0,"",0.0,0.57,Under,-114,0.44499999999999995,0.5,-0.16464912280701766,true
2026_04_GB_TB,00-0036264,Jordan Love,GB,TB,pass_yds,betrivers,234.5,253.29179852053764,245.47375910799155,3.0,"",0.0,0.67,Over,-115,0.575,0.5,0.0749999999999999,false
2026_04_GB_TB,00-0036264,Jordan Love,GB,TB,pass_yds,betrivers,234.5,253.29179852053764,245.47375910799155,3.0,"",0.0,0.67,Under,-115,0.42500000000000004,0.5,-0.20543478260869558,false
2026_04_GB_TB,00-0040667,Matthew Golden,GB,TB,rec_yds,betrivers,58.5,40.21698670925648,53.603292941629824,3.0,"",0.0,0.67,Over,-115,0.2425,0.5,-0.5466304347826088,true
2026_04_GB_TB,00-0040667,Matthew Golden,GB,TB,rec_yds,betrivers,58.5,40.21698670925648,53.603292941629824,3.0,"",0.0,0.67,Under,-115,0.7575000000000001,0.5,0.4161956521739132,true
2026_04_GB_TB,00-0041048,Ted Hurst III,TB,GB,rec_yds,betrivers,21.5,28.870944655100057,34.59966120047719,-3.0,"",0.0,0.0,Over,-115,0.575,0.5,0.0749999999999999,true
2026_04_GB_TB,00-0041048,Ted Hurst III,TB,GB,rec_yds,betrivers,21.5,28.870944655100057,34.59966120047719,-3.0,"",0.0,0.0,Under,-115,0.42500000000000004,0.5,-0.20543478260869558,true
2026_04_GB_TB,00-0036264,Jordan Love,GB,TB,pass_yds,bovada,240.5,253.29179852053764,245.47375910799155,3.0,"",0.0,0.67,Over,-115,0.53,0.5,-0.009130434782608665,false
2026_04_GB_TB,00-0036264,Jordan Love,GB,TB,pass_yds,bovada,240.5,253.29179852053764,245.47375910799155,3.0,"",0.0,0.67,Under,-115,0.47,0.5,-0.12130434782608701,false
2026_04_GB_TB,00-0033921,Chris Godwin,TB,GB,rec_yds,bovada,26.5,33.7313057888288,43.84103008758281,-3.0,"",0.0,0.0,Over,-115,0.5775,0.5,0.07967391304347826,true
2026_04_GB_TB,00-0033921,Chris Godwin,TB,GB,rec_yds,bovada,26.5,33.7313057888288,43.84103008758281,-3.0,"",0.0,0.0,Under,-115,0.4225,0.5,-0.21010869565217394,true
2026_04_GB_TB,00-0038124,Christian Watson,GB,TB,rec_yds,bovada,68.5,56.5955665932195,70.08671555732958,3.0,"",0.0,0.67,Over,-115,0.3725,0.5,-0.3035869565217391,false
2026_04_GB_TB,00-0038124,Christian Watson,GB,TB,rec_yds,bovada,68.5,56.5955665932195,70.08671555732958,3.0,"",0.0,0.67,Under,-115,0.6275,0.5,0.17315217391304338,false
2026_04_GB_TB,00-0040129,Emeka Egbuka,TB,GB,rec_yds,bovada,37.5,43.98228801223004,42.58901577492705,-3.0,"",0.0,0.0,Over,-115,0.59,0.5,0.10304347826086946,false
2026_04_GB_TB,00-0040129,Emeka Egbuka,TB,GB,rec_yds,bovada,37.5,43.98228801223004,42.58901577492705,-3.0,"",0.0,0.0,Under,-115,0.41000000000000003,0.5,-0.2334782608695652,false
2026_04_GB_TB,00-0036919,Kenny Gainwell,TB,GB,rec_yds,bovada,9.5,17.427375099310783,24.373955483076553,-3.0,"",0.0,0.0,Over,-115,0.665,0.5,0.24326086956521742,true
2026_04_GB_TB,00-0036919,Kenny Gainwell,TB,GB,rec_yds,bovada,9.5,17.427375099310783,24.373955483076553,-3.0,"",0.0,0.0,Under,-115,0.33499999999999996,0.5,-0.3736956521739131,true
2026_04_GB_TB,00-0040667,Matthew Golden,GB,TB,rec_yds,bovada,56.5,40.21698670925648,53.603292941629824,3.0,"",0.0,0.67,Over,-115,0.2725,0.5,-0.4905434782608696,true
2026_04_GB_TB,00-0040667,Matthew Golden,GB,TB,rec_yds,bovada,56.5,40.21698670925648,53.603292941629824,3.0,"",0.0,0.67,Under,-115,0.7275,0.5,0.36010869565217396,true
2026_04_GB_TB,00-0041048,Ted Hurst III,TB,GB,rec_yds,bovada,22.5,28.870944655100057,34.59966120047719,-3.0,"",0.0,0.0,Over,-115,0.5525,0.5,0.032934782608695645,true
2026_04_GB_TB,00-0041048,Ted Hurst III,TB,GB,rec_yds,bovada,22.5,28.870944655100057,34.59966120047719,-3.0,"",0.0,0.0,Under,-115,0.4475,0.5,-0.16336956521739132,true
2026_04_GB_TB,00-0038996,Tucker Kraft,GB,TB,rec_yds,bovada,40.5,39.851408553175716,47.46068326070601,3.0,"",0.0,0.67,Over,-115,0.455,0.5,-0.14934782608695646,false
2026_04_GB_TB,00-0038996,Tucker Kraft,GB,TB,rec_yds,bovada,40.5,39.851408553175716,47.46068326070601,3.0,"",0.0,0.67,Under,-115,0.5449999999999999,0.5,0.018913043478260727,false
2026_04_GB_TB,00-0039361,Bucky Irving,TB,GB,rush_yds,bovada,57.5,58.7695144525457,61.60670580551925,-3.0,"",0.0,0.57,Over,-115,0.5325,0.5,-0.00445652173913047,true
2026_04_GB_TB,00-0039361,Bucky Irving,TB,GB,rush_yds,bovada,57.5,58.7695144525457,61.60670580551925,-3.0,"",0.0,0.57,Under,-115,0.4675,0.5,-0.1259782608695652,true
2026_04_GB_TB,00-0036264,Jordan Love,GB,TB,pass_yds,betmgm,240.5,253.29179852053764,245.47375910799155,3.0,"",0.0,0.67,Over,-115,0.53,0.5,-0.009130434782608665,false
2026_04_GB_TB,00-0036264,Jordan Love,GB,TB,pass_yds,betmgm,240.5,253.29179852053764,245.47375910799155,3.0,"",0.0,0.67,Under,-115,0.47,0.5,-0.12130434782608701,false
2026_04_GB_TB,00-0038124,Christian Watson,GB,TB,rec_yds,betmgm,65.5,56.5955665932195,70.08671555732958,3.0,"",0.0,0.67,Over,-115,0.395,0.5,-0.26152173913043475,false
2026_04_GB_TB,00-0038124,Christian Watson,GB,TB,rec_yds,betmgm,65.5,56.5955665932195,70.08671555732958,3.0,"",0.0,0.67,Under,-115,0.605,0.5,0.13108695652173907,false
2026_04_GB_TB,00-0041048,Ted Hurst III,TB,GB,rec_yds,betmgm,22.5,28.870944655100057,34.59966120047719,-3.0,"",0.0,0.0,Over,-115,0.5525,0.5,0.032934782608695645,true
2026_04_GB_TB,00-0041048,Ted Hurst III,TB,GB,rec_yds,betmgm,22.5,28.870944655100057,34.59966120047719,-3.0,"",0.0,0.0,Under,-115,0.4475,0.5,-0.16336956521739132,true
2026_04_GB_TB,00-0040129,Emeka Egbuka,TB,GB,rec_yds,betmgm,36.5,43.98228801223004,42.58901577492705,-3.0,"",0.0,0.0,Over,-115,0.6,0.5,0.12173913043478257,false
2026_04_GB_TB,00-0040129,Emeka Egbuka,TB,GB,rec_yds,betmgm,36.5,43.98228801223004,42.58901577492705,-3.0,"",0.0,0.0,Under,-115,0.4,0.5,-0.25217391304347825,false
2026_04_GB_TB,00-0040667,Matthew Golden,GB,TB,rec_yds,betmgm,56.5,40.21698670925648,53.603292941629824,3.0,"",0.0,0.67,Over,-115,0.2725,0.5,-0.4905434782608696,true
2026_04_GB_TB,00-0040667,Matthew Golden,GB,TB,rec_yds,betmgm,56.5,40.21698670925648,53.603292941629824,3.0,"",0.0,0.67,Under,-115,0.7275,0.5,0.36010869565217396,true
2026_04_GB_TB,00-0038996,Tucker Kraft,GB,TB,rec_yds,betmgm,39.5,39.851408553175716,47.46068326070601,3.0,"",0.0,0.67,Over,-115,0.465,0.5,-0.1306521739130434,false
2026_04_GB_TB,00-0038996,Tucker Kraft,GB,TB,rec_yds,betmgm,39.5,39.851408553175716,47.46068326070601,3.0,"",0.0,0.67,Under,-115,0.5349999999999999,0.5,0.0002173913043476694,false
2026_04_GB_TB,00-0040667,Matthew Golden,GB,TB,receptions,betmgm,4.5,3.0159128398598156,3.2403826011536463,3.0,"",0.0,0.67,Over,-115,0.2625,0.5,-0.5092391304347826,true
2026_04_GB_TB,00-0040667,Matthew Golden,GB,TB,receptions,betmgm,4.5,3.0159128398598156,3.2403826011536463,3.0,"",0.0,0.67,Under,-115,0.7375,0.5,0.3788043478260871,true
2026_04_LA_PHI,00-0026498,Matthew Stafford,LA,PHI,pass_yds,draftkings,251.5,219.80162954484734,301.4832087038211,3.5,"",0.0,0.72,Over,-112,0.32,0.5,-0.3942857142857142,false
2026_04_LA_PHI,00-0026498,Matthew Stafford,LA,PHI,pass_yds,draftkings,251.5,219.80162954484734,301.4832087038211,3.5,"",0.0,0.72,Under,-112,0.6799999999999999,0.5,0.28714285714285703,false
2026_04_LA_PHI,00-0031381,Davante Adams,LA,PHI,rec_yds,draftkings,61.5,59.050999361149735,85.54099178107808,3.5,"",0.0,0.72,Over,-112,0.455,0.5,-0.13874999999999987,false
2026_04_LA_PHI,00-0031381,Davante Adams,LA,PHI,rec_yds,draftkings,61.5,59.050999361149735,85.54099178107808,3.5,"",0.0,0.72,Under,-112,0.5449999999999999,0.5,0.03160714285714272,false
2026_04_LA_PHI,00-0026498,Matthew Stafford,LA,PHI,pass_yds,fanduel,250.5,219.80162954484734,301.4832087038211,3.5,"",0.0,0.72,Over,-113,0.3225,0.5,-0.3921017699115044,false
2026_04_LA_PHI,00-0026498,Matthew Stafford,LA,PHI,pass_yds,fanduel,250.5,219.80162954484734,301.4832087038211,3.5,"",0.0,0.72,Under,-113,0.6775,0.5,0.2770575221238938,false
2026_04_LA_PHI,00-0036389,Jalen Hurts,PHI,LA,pass_yds,fanduel,187.5,218.70385320009336,194.3398706474221,-3.5,"",1.48,0.76,Over,-113,0.6425,0.5,0.21108407079646008,false
2026_04_LA_PHI,00-0036389,Jalen Hurts,PHI,LA,pass_yds,fanduel,187.5,218.70385320009336,194.3398706474221,-3.5,"",1.48,0.76,Under,-113,0.35750000000000004,0.5,-0.3261283185840707,false
2026_04_LA_PHI,00-0033110,Tyler Higbee,LA,PHI,rec_yds,fanduel,31.5,20.650002369895756,34.02491304506414,3.5,ltd,0.48,0.72,Over,-113,0.3225,0.5,-0.3921017699115044,false
2026_04_LA_PHI,00-0033110,Tyler Higbee,LA,PHI,rec_yds,fanduel,31.5,20.650002369895756,34.02491304506414,3.5,ltd,0.48,0.72,Under,-113,0.6775,0.5,0.2770575221238938,false
2026_04_LA_PHI,00-0039075,Puka Nacua,LA,PHI,rec_yds,fanduel,75.5,71.9517094375186,105.73902962263016,3.5,"",0.0,0.72,Over,-113,0.49,0.5,-0.0763716814159292,false
2026_04_LA_PHI,00-0039075,Puka Nacua,LA,PHI,rec_yds,fanduel,75.5,71.9517094375186,105.73902962263016,3.5,"",0.0,0.72,Under,-113,0.51,0.5,-0.03867256637168137,false
2026_04_LA_PHI,00-0031381,Davante Adams,LA,PHI,rec_yds,fanduel,60.5,59.050999361149735,85.54099178107808,3.5,"",0.0,0.72,Over,-113,0.4625,0.5,-0.12820796460176986,false
2026_04_LA_PHI,00-0031381,Davante Adams,LA,PHI,rec_yds,fanduel,60.5,59.050999361149735,85.54099178107808,3.5,"",0.0,0.72,Under,-113,0.5375,0.5,0.013163716814159288,false
2026_04_LA_PHI,00-0030061,Zach Ertz,PHI,LA,rec_yds,fanduel,21.5,26.825863964922952,37.8010084083475,-3.5,"",0.73,0.76,Over,-113,0.58,0.5,0.09327433628318582,true
2026_04_LA_PHI,00-0030061,Zach Ertz,PHI,LA,rec_yds,fanduel,21.5,26.825863964922952,37.8010084083475,-3.5,"",0.73,0.76,Under,-113,0.42000000000000004,0.5,-0.20831858407079634,true
2026_04_LA_PHI,00-0038393,Dontayvion Wicks,PHI,LA,rec_yds,fanduel,56.5,34.1673441654505,37.790555559971956,-3.5,"",1.48,0.76,Over,-113,0.2575,0.5,-0.5146238938053096,true
2026_04_LA_PHI,00-0038393,Dontayvion Wicks,PHI,LA,rec_yds,fanduel,56.5,34.1673441654505,37.790555559971956,-3.5,"",1.48,0.76,Under,-113,0.7424999999999999,0.5,0.399579646017699,true
2026_04_LA_PHI,00-0037840,Kyren Williams,LA,PHI,rec_yds,fanduel,13.5,18.067792618099695,26.980447237629413,3.5,"",0.0,0.72,Over,-113,0.595,0.5,0.1215486725663717,true
2026_04_LA_PHI,00-0037840,Kyren Williams,LA,PHI,rec_yds,fanduel,13.5,18.067792618099695,26.980447237629413,3.5,"",0.0,0.72,Under,-113,0.405,0.5,-0.23659292035398222,true
2026_04_LA_PHI,00-0040867,Makai Lemon,PHI,LA,rec_yds,fanduel,35.5,19.556635358822042,14.614195131168584,-3.5,"",1.48,0.76,Over,-113,0.245,0.5,-0.5381858407079646,true
2026_04_LA_PHI,00-0040867,Makai Lemon,PHI,LA,rec_yds,fanduel,35.5,19.556635358822042,14.614195131168584,-3.5,"",1.48,0.76,Under,-113,0.755,0.5,0.423141592920354,true
2026_04_LA_PHI,00-0037840,Kyren Williams,LA,PHI,rush_yds,fanduel,57.5,70.48639002919745,70.89351444378549,3.5,"",0.0,0.98,Over,-113,0.5975,0.5,0.1262610619469028,true
2026_04_LA_PHI,00-0037840,Kyren Williams,LA,PHI,rush_yds,fanduel,57.5,70.48639002919745,70.89351444378549,3.5,"",0.0,0.98,Under,-113,0.40249999999999997,0.5,-0.2413053097345133,true
2026_04_LA_PHI,00-0034844,Saquon Barkley,PHI,LA,rush_yds,fanduel,68.5,63.814288730694614,75.27342864009557,-3.5,"",0.0,0.72,Over,-113,0.425,0.5,-0.19889380530973444,false
2026_04_LA_PHI,00-0034844,Saquon Barkley,PHI,LA,rush_yds,fanduel,68.5,63.814288730694614,75.27342864009557,-3.5,"",0.0,0.72,Under,-113,0.575,0.5,0.08384955752212386,false
2026_04_LA_PHI,00-0039738,Blake Corum,LA,PHI,rush_yds,fanduel,39.5,23.781228451909517,46.35505723663194,3.5,"",0.0,0.98,Over,-113,0.285,0.5,-0.4627876106194691,false
2026_04_LA_PHI,00-0039738,Blake Corum,LA,PHI,rush_yds,fanduel,39.5,23.781228451909517,46.35505723663194,3.5,"",0.0,0.98,Under,-113,0.7150000000000001,0.5,0.3477433628318586,false
2026_04_LA_PHI,00-0026498,Matthew Stafford,LA,PHI,pass_yds,betonlineag,249.5,219.80162954484734,301.4832087038211,3.5,"",0.0,0.72,Over,-114,0.3225,0.5,-0.39460526315789474,false
2026_04_LA_PHI,00-0026498,Matthew Stafford,LA,PHI,pass_yds,betonlineag,249.5,219.80162954484734,301.4832087038211,3.5,"",0.0,0.72,Under,-114,0.6775,0.5,0.271798245614035,false
2026_04_LA_PHI,00-0036389,Jalen Hurts,PHI,LA,pass_yds,betonlineag,184.5,218.70385320009336,194.3398706474221,-3.5,"",1.48,0.76,Over,-114,0.65,0.5,0.22017543859649125,false
2026_04_LA_PHI,00-0036389,Jalen Hurts,PHI,LA,pass_yds,betonlineag,184.5,218.70385320009336,194.3398706474221,-3.5,"",1.48,0.76,Under,-114,0.35,0.5,-0.34298245614035094,false
2026_04_LA_PHI,00-0030061,Zach Ertz,PHI,LA,rec_yds,betonlineag,22.5,26.825863964922952,37.8010084083475,-3.5,"",0.73,0.76,Over,-114,0.5675,0.5,0.06530701754385965,true
2026_04_LA_PHI,00-0030061,Zach Ertz,PHI,LA,rec_yds,betonlineag,22.5,26.825863964922952,37.8010084083475,-3.5,"",0.73,0.76,Under,-114,0.4325,0.5,-0.18811403508771934,true
2026_04_LA_PHI,00-0039075,Puka Nacua,LA,PHI,rec_yds,betonlineag,73.5,71.9517094375186,105.73902962263016,3.5,"",0.0,0.72,Over,-114,0.5025,0.5,-0.0567105263157896,false
2026_04_LA_PHI,00-0039075,Puka Nacua,LA,PHI,rec_yds,betonlineag,73.5,71.9517094375186,105.73902962263016,3.5,"",0.0,0.72,Under,-114,0.49750000000000005,0.5,-0.0660964912280701,false
2026_04_LA_PHI,00-0031381,Davante Adams,LA,PHI,rec_yds,betonlineag,61.5,59.050999361149735,85.54099178107808,3.5,"",0.0,0.72,Over,-114,0.455,0.5,-0.1458771929824561,false
2026_04_LA_PHI,00-0031381,Davante Adams,LA,PHI,rec_yds,betonlineag,61.5,59.050999361149735,85.54099178107808,3.5,"",0.0,0.72,Under,-114,0.5449999999999999,0.5,0.023070175438596352,false
2026_04_LA_PHI,00-0034844,Saquon Barkley,PHI,LA,rush_yds,betonlineag,68.5,63.814288730694614,75.27342864009557,-3.5,"",0.0,0.72,Over,-114,0.425,0.5,-0.2021929824561403,false
2026_04_LA_PHI,00-0034844,Saquon Barkley,PHI,LA,rush_yds,betonlineag,68.5,63.814288730694614,75.27342864009557,-3.5,"",0.0,0.72,Under,-114,0.575,0.5,0.07938596491228056,false
2026_04_LA_PHI,00-0037840,Kyren Williams,LA,PHI,rush_yds,betonlineag,60.5,70.48639002919745,70.89351444378549,3.5,"",0.0,0.98,Over,-114,0.5625,0.5,0.05592105263157893,true
2026_04_LA_PHI,00-0037840,Kyren Williams,LA,PHI,rush_yds,betonlineag,60.5,70.48639002919745,70.89351444378549,3.5,"",0.0,0.98,Under,-114,0.4375,0.5,-0.17872807017543862,true
2026_04_LA_PHI,00-0026498,Matthew Stafford,LA,PHI,pass_yds,betrivers,249.5,219.80162954484734,301.4832087038211,3.5,"",0.0,0.72,Over,-115,0.3225,0.5,-0.39706521739130435,false
2026_04_LA_PHI,00-0026498,Matthew Stafford,LA,PHI,pass_yds,betrivers,249.5,219.80162954484734,301.4832087038211,3.5,"",0.0,0.72,Under,-115,0.6775,0.5,0.2666304347826086,false
2026_04_LA_PHI,00-0039738,Blake Corum,LA,PHI,rush_yds,betrivers,41.5,23.781228451909517,46.35505723663194,3.5,"",0.0,0.98,Over,-115,0.2525,0.5,-0.5279347826086958,false
2026_04_LA_PHI,00-0039738,Blake Corum,LA,PHI,rush_yds,betrivers,41.5,23.781228451909517,46.35505723663194,3.5,"",0.0,0.98,Under,-115,0.7475,0.5,0.3975000000000001,false
2026_04_LA_PHI,00-0037840,Kyren Williams,LA,PHI,rush_yds,betrivers,59.5,70.48639002919745,70.89351444378549,3.5,"",0.0,0.98,Over,-115,0.575,0.5,0.0749999999999999,true
2026_04_LA_PHI,00-0037840,Kyren Williams,LA,PHI,rush_yds,betrivers,59.5,70.48639002919745,70.89351444378549,3.5,"",0.0,0.98,Under,-115,0.42500000000000004,0.5,-0.20543478260869558,true
2026_04_LA_PHI,00-0036389,Jalen Hurts,PHI,LA,pass_yds,betmgm,186.5,218.70385320009336,194.3398706474221,-3.5,"",1.48,0.76,Over,-115,0.645,0.5,0.2058695652173913,false
2026_04_LA_PHI,00-0036389,Jalen Hurts,PHI,LA,pass_yds,betmgm,186.5,218.70385320009336,194.3398706474221,-3.5,"",1.48,0.76,Under,-115,0.355,0.5,-0.336304347826087,false
2026_04_LA_PHI,00-0026498,Matthew Stafford,LA,PHI,pass_yds,betmgm,251.5,219.80162954484734,301.4832087038211,3.5,"",0.0,0.72,Over,-115,0.32,0.5,-0.40173913043478254,false
2026_04_LA_PHI,00-0026498,Matthew Stafford,LA,PHI,pass_yds,betmgm,251.5,219.80162954484734,301.4832087038211,3.5,"",0.0,0.72,Under,-115,0.6799999999999999,0.5,0.2713043478260868,false
2026_04_LA_PHI,00-0039075,Puka Nacua,LA,PHI,rec_yds,betmgm,78.5,71.9517094375186,105.73902962263016,3.5,"",0.0,0.72,Over,-115,0.455,0.5,-0.14934782608695646,false
2026_04_LA_PHI,00-0039075,Puka Nacua,LA,PHI,rec_yds,betmgm,78.5,71.9517094375186,105.73902962263016,3.5,"",0.0,0.72,Under,-115,0.5449999999999999,0.5,0.018913043478260727,false
2026_04_LA_PHI,00-0040867,Makai Lemon,PHI,LA,rec_yds,betmgm,34.5,19.556635358822042,14.614195131168584,-3.5,"",1.48,0.76,Over,-115,0.255,0.5,-0.5232608695652174,true
2026_04_LA_PHI,00-0040867,Makai Lemon,PHI,LA,rec_yds,betmgm,34.5,19.556635358822042,14.614195131168584,-3.5,"",1.48,0.76,Under,-115,0.745,0.5,0.39282608695652166,true
2026_04_LA_PHI,00-0038393,Dontayvion Wicks,PHI,LA,rec_yds,betmgm,53.5,34.1673441654505,37.790555559971956,-3.5,"",1.48,0.76,Over,-115,0.2775,0.5,-0.4811956521739129,true
2026_04_LA_PHI,00-0038393,Dontayvion Wicks,PHI,LA,rec_yds,betmgm,53.5,34.1673441654505,37.790555559971956,-3.5,"",1.48,0.76,Under,-115,0.7224999999999999,0.5,0.35076086956521724,true
2026_04_LA_PHI,00-0033110,Tyler Higbee,LA,PHI,rec_yds,betmgm,32.5,20.650002369895756,34.02491304506414,3.5,ltd,0.48,0.72,Over,-115,0.3125,0.5,-0.4157608695652174,false
2026_04_LA_PHI,00-0033110,Tyler Higbee,LA,PHI,rec_yds,betmgm,32.5,20.650002369895756,34.02491304506414,3.5,ltd,0.48,0.72,Under,-115,0.6875,0.5,0.28532608695652173,false
2026_04_LA_PHI,00-0040867,Makai Lemon,PHI,LA,receptions,betmgm,3.5,1.9322095934540862,2.339956546029059,-3.5,"",1.48,0.76,Over,-115,0.1925,0.5,-0.6401086956521739,true
2026_04_LA_PHI,00-0040867,Makai Lemon,PHI,LA,receptions,betmgm,3.5,1.9322095934540862,2.339956546029059,-3.5,"",1.48,0.76,Under,-115,0.8075,0.5,0.5096739130434782,true
2026_04_LA_PHI,00-0037840,Kyren Williams,LA,PHI,rush_yds,betmgm,60.5,70.48639002919745,70.89351444378549,3.5,"",0.0,0.98,Over,-115,0.5625,0.5,0.0516304347826087,true
2026_04_LA_PHI,00-0037840,Kyren Williams,LA,PHI,rush_yds,betmgm,60.5,70.48639002919745,70.89351444378549,3.5,"",0.0,0.98,Under,-115,0.4375,0.5,-0.18206521739130438,true
2026_04_LA_PHI,00-0039738,Blake Corum,LA,PHI,rush_yds,betmgm,42.5,23.781228451909517,46.35505723663194,3.5,"",0.0,0.98,Over,-115,0.2525,0.5,-0.5279347826086958,false
2026_04_LA_PHI,00-0039738,Blake Corum,LA,PHI,rush_yds,betmgm,42.5,23.781228451909517,46.35505723663194,3.5,"",0.0,0.98,Under,-115,0.7475,0.5,0.3975000000000001,false
2026_04_LA_PHI,00-0034844,Saquon Barkley,PHI,LA,rush_yds,betmgm,66.5,63.814288730694614,75.27342864009557,-3.5,"",0.0,0.72,Over,-115,0.4425,0.5,-0.17271739130434782,false
2026_04_LA_PHI,00-0034844,Saquon Barkley,PHI,LA,rush_yds,betmgm,66.5,63.814288730694614,75.27342864009557,-3.5,"",0.0,0.72,Under,-115,0.5575,0.5,0.042282608695652146,false
2026_04_LA_PHI,00-0036389,Jalen Hurts,PHI,LA,pass_yds,bovada,186.5,218.70385320009336,194.3398706474221,-3.5,"",1.48,0.76,Over,-115,0.645,0.5,0.2058695652173913,false
2026_04_LA_PHI,00-0036389,Jalen Hurts,PHI,LA,pass_yds,bovada,186.5,218.70385320009336,194.3398706474221,-3.5,"",1.48,0.76,Under,-115,0.355,0.5,-0.336304347826087,false
2026_04_LA_PHI,00-0026498,Matthew Stafford,LA,PHI,pass_yds,bovada,251.5,219.80162954484734,301.4832087038211,3.5,"",0.0,0.72,Over,-115,0.32,0.5,-0.40173913043478254,false
2026_04_LA_PHI,00-0026498,Matthew Stafford,LA,PHI,pass_yds,bovada,251.5,219.80162954484734,301.4832087038211,3.5,"",0.0,0.72,Under,-115,0.6799999999999999,0.5,0.2713043478260868,false
2026_04_LA_PHI,00-0031381,Davante Adams,LA,PHI,rec_yds,bovada,61.5,59.050999361149735,85.54099178107808,3.5,"",0.0,0.72,Over,-115,0.455,0.5,-0.14934782608695646,false
2026_04_LA_PHI,00-0031381,Davante Adams,LA,PHI,rec_yds,bovada,61.5,59.050999361149735,85.54099178107808,3.5,"",0.0,0.72,Under,-115,0.5449999999999999,0.5,0.018913043478260727,false
2026_04_LA_PHI,00-0038393,Dontayvion Wicks,PHI,LA,rec_yds,bovada,55.5,34.1673441654505,37.790555559971956,-3.5,"",1.48,0.76,Over,-115,0.265,0.5,-0.5045652173913043,true
2026_04_LA_PHI,00-0038393,Dontayvion Wicks,PHI,LA,rec_yds,bovada,55.5,34.1673441654505,37.790555559971956,-3.5,"",1.48,0.76,Under,-115,0.735,0.5,0.37413043478260866,true
2026_04_LA_PHI,00-0040867,Makai Lemon,PHI,LA,rec_yds,bovada,36.5,19.556635358822042,14.614195131168584,-3.5,"",1.48,0.76,Over,-115,0.24,0.5,-0.551304347826087,true
2026_04_LA_PHI,00-0040867,Makai Lemon,PHI,LA,rec_yds,bovada,36.5,19.556635358822042,14.614195131168584,-3.5,"",1.48,0.76,Under,-115,0.76,0.5,0.4208695652173913,true
2026_04_LA_PHI,00-0039075,Puka Nacua,LA,PHI,rec_yds,bovada,75.5,71.9517094375186,105.73902962263016,3.5,"",0.0,0.72,Over,-115,0.49,0.5,-0.0839130434782609,false
2026_04_LA_PHI,00-0039075,Puka Nacua,LA,PHI,rec_yds,bovada,75.5,71.9517094375186,105.73902962263016,3.5,"",0.0,0.72,Under,-115,0.51,0.5,-0.04652173913043478,false
2026_04_LA_PHI,00-0033110,Tyler Higbee,LA,PHI,rec_yds,bovada,32.5,20.650002369895756,34.02491304506414,3.5,ltd,0.48,0.72,Over,-115,0.3125,0.5,-0.4157608695652174,false
2026_04_LA_PHI,00-0033110,Tyler Higbee,LA,PHI,rec_yds,bovada,32.5,20.650002369895756,34.02491304506414,3.5,ltd,0.48,0.72,Under,-115,0.6875,0.5,0.28532608695652173,false
2026_04_LA_PHI,00-0039738,Blake Corum,LA,PHI,rush_yds,bovada,38.5,23.781228451909517,46.35505723663194,3.5,"",0.0,0.98,Over,-115,0.2925,0.5,-0.4531521739130435,false
2026_04_LA_PHI,00-0039738,Blake Corum,LA,PHI,rush_yds,bovada,38.5,23.781228451909517,46.35505723663194,3.5,"",0.0,0.98,Under,-115,0.7075,0.5,0.32271739130434784,false
2026_04_LA_PHI,00-0034844,Saquon Barkley,PHI,LA,rush_yds,bovada,68.5,63.814288730694614,75.27342864009557,-3.5,"",0.0,0.72,Over,-115,0.425,0.5,-0.20543478260869563,false
2026_04_LA_PHI,00-0034844,Saquon Barkley,PHI,LA,rush_yds,bovada,68.5,63.814288730694614,75.27342864009557,-3.5,"",0.0,0.72,Under,-115,0.575,0.5,0.0749999999999999,false
2026_04_MIA_MIN,00-0040198,Ollie Gordon II,MIA,MIN,rush_yds,draftkings,25.5,12.39074165840353,14.090467203683733,-10.0,"",0.0,0.0,Over,-112,0.2575,0.5,-0.5125892857142856,true
2026_04_MIA_MIN,00-0040198,Ollie Gordon II,MIA,MIN,rush_yds,draftkings,25.5,12.39074165840353,14.090467203683733,-10.0,"",0.0,0.0,Under,-112,0.7424999999999999,0.5,0.40544642857142854,true
2026_04_MIA_MIN,00-0035228,Kyler Murray,MIN,MIA,pass_yds,fanduel,207.5,202.5609551080213,181.58266116202273,10.0,"",0.7,0.56,Over,-113,0.51,0.5,-0.03867256637168137,false
2026_04_MIA_MIN,00-0035228,Kyler Murray,MIN,MIA,pass_yds,fanduel,207.5,202.5609551080213,181.58266116202273,10.0,"",0.7,0.56,Under,-113,0.49,0.5,-0.0763716814159292,false
2026_04_MIA_MIN,00-0038994,Jordan Addison,MIN,MIA,rec_yds,fanduel,61.5,36.518268336405555,36.61367085685367,10.0,"",0.7,0.56,Over,-113,0.2325,0.5,-0.5617477876106194,true
2026_04_MIA_MIN,00-0038994,Jordan Addison,MIN,MIA,rec_yds,fanduel,61.5,36.518268336405555,36.61367085685367,10.0,"",0.7,0.56,Under,-113,0.7675,0.5,0.4467035398230088,true
2026_04_MIA_MIN,00-0041529,Kevin Coleman Jr.,MIA,MIN,rec_yds,fanduel,14.5,14.529448349536374,1.6296408505888347,-10.0,"",0.88,0.01,Over,-113,0.47,0.5,-0.11407079646017704,true
2026_04_MIA_MIN,00-0041529,Kevin Coleman Jr.,MIA,MIN,rec_yds,fanduel,14.5,14.529448349536374,1.6296408505888347,-10.0,"",0.88,0.01,Under,-113,0.53,0.5,-0.0009734513274335388,true
2026_04_MIA_MIN,00-0037252,Greg Dulcich,MIA,MIN,rec_yds,fanduel,29.5,25.968835870521332,33.77464662144145,-10.0,"",0.0,0.01,Over,-113,0.4425,0.5,-0.1659070796460177,false
2026_04_MIA_MIN,00-0037252,Greg Dulcich,MIA,MIN,rec_yds,fanduel,29.5,25.968835870521332,33.77464662144145,-10.0,"",0.0,0.01,Under,-113,0.5575,0.5,0.05086283185840712,false
2026_04_MIA_MIN,00-0036259,Jauan Jennings,MIN,MIA,rec_yds,fanduel,26.5,32.185900613303055,29.775956539364657,10.0,"",0.7,0.56,Over,-113,0.5775,0.5,0.08856194690265495,false
2026_04_MIA_MIN,00-0036259,Jauan Jennings,MIN,MIA,rec_yds,fanduel,26.5,32.185900613303055,29.775956539364657,10.0,"",0.7,0.56,Under,-113,0.4225,0.5,-0.20360619469026547,false
2026_04_MIA_MIN,00-0039880,Malik Washington,MIA,MIN,rec_yds,fanduel,40.5,29.273291571405196,30.774758174867692,-10.0,"",0.88,0.01,Over,-113,0.2825,0.5,-0.4675,true
2026_04_MIA_MIN,00-0039880,Malik Washington,MIA,MIN,rec_yds,fanduel,40.5,29.273291571405196,30.774758174867692,-10.0,"",0.88,0.01,Under,-113,0.7175,0.5,0.35245575221238945,true
2026_04_MIA_MIN,00-0041525,Chris Bell,MIA,MIN,rec_yds,fanduel,34.5,26.730403435837623,33.23295263050073,-10.0,"",0.88,0.01,Over,-113,0.39,0.5,-0.2648672566371681,true
2026_04_MIA_MIN,00-0041525,Chris Bell,MIA,MIN,rec_yds,fanduel,34.5,26.730403435837623,33.23295263050073,-10.0,"",0.88,0.01,Under,-113,0.61,0.5,0.14982300884955757,true
2026_04_MIA_MIN,00-0035229,T.J. Hockenson,MIN,MIA,rec_yds,fanduel,38.5,32.60770193092166,27.91283038404964,10.0,"",0.0,0.56,Over,-113,0.4125,0.5,-0.2224557522123894,true
2026_04_MIA_MIN,00-0035229,T.J. Hockenson,MIN,MIA,rec_yds,fanduel,38.5,32.60770193092166,27.91283038404964,10.0,"",0.0,0.56,Under,-113,0.5875,0.5,0.10741150442477887,true
2026_04_MIA_MIN,00-0033293,Aaron Jones,MIN,MIA,rec_yds,fanduel,19.5,17.77569368404178,14.660935214589227,10.0,ltd,0.0,0.56,Over,-113,0.4375,0.5,-0.17533185840707965,true
2026_04_MIA_MIN,00-0033293,Aaron Jones,MIN,MIA,rec_yds,fanduel,19.5,17.77569368404178,14.660935214589227,10.0,ltd,0.0,0.56,Under,-113,0.5625,0.5,0.06028761061946908,true
2026_04_MIA_MIN,00-0041525,Chris Bell,MIA,MIN,receptions,fanduel,2.5,1.7407264678947998,1.8473708305243508,-10.0,"",0.88,0.01,Over,-114,0.3325,0.5,-0.3758333333333333,true
2026_04_MIA_MIN,00-0041525,Chris Bell,MIA,MIN,receptions,fanduel,2.5,1.7407264678947998,1.8473708305243508,-10.0,"",0.88,0.01,Under,-114,0.6675,0.5,0.25302631578947365,true
2026_04_MIA_MIN,00-0041529,Kevin Coleman Jr.,MIA,MIN,receptions,fanduel,1.5,1.184171506249527,0.5432136168629449,-10.0,"",0.88,0.01,Over,-114,0.41,0.5,-0.23035087719298258,true
2026_04_MIA_MIN,00-0041529,Kevin Coleman Jr.,MIA,MIN,receptions,fanduel,1.5,1.184171506249527,0.5432136168629449,-10.0,"",0.88,0.01,Under,-114,0.5900000000000001,0.5,0.10754385964912294,true
2026_04_MIA_MIN,00-0040198,Ollie Gordon II,MIA,MIN,rush_yds,fanduel,23.5,12.39074165840353,14.090467203683733,-10.0,"",0.0,0.0,Over,-113,0.2825,0.5,-0.4675,true
2026_04_MIA_MIN,00-0040198,Ollie Gordon II,MIA,MIN,rush_yds,fanduel,23.5,12.39074165840353,14.090467203683733,-10.0,"",0.0,0.0,Under,-113,0.7175,0.5,0.35245575221238945,true
2026_04_MIA_MIN,00-0033293,Aaron Jones,MIN,MIA,rush_yds,fanduel,65.5,61.82196908134833,58.89738901151887,10.0,ltd,0.0,0.2,Over,-113,0.455,0.5,-0.14234513274336275,true
2026_04_MIA_MIN,00-0033293,Aaron Jones,MIN,MIA,rush_yds,fanduel,65.5,61.82196908134833,58.89738901151887,10.0,ltd,0.0,0.2,Under,-113,0.5449999999999999,0.5,0.027300884955752114,true
2026_04_MIA_MIN,00-0039880,Malik Washington,MIA,MIN,rec_yds,betonlineag,40.5,29.273291571405196,30.774758174867692,-10.0,"",0.88,0.01,Over,-114,0.2825,0.5,-0.46969298245614044,true
2026_04_MIA_MIN,00-0039880,Malik Washington,MIA,MIN,rec_yds,betonlineag,40.5,29.273291571405196,30.774758174867692,-10.0,"",0.88,0.01,Under,-114,0.7175,0.5,0.34688596491228074,true
2026_04_MIA_MIN,00-0041525,Chris Bell,MIA,MIN,rec_yds,betonlineag,34.5,26.730403435837623,33.23295263050073,-10.0,"",0.88,0.01,Over,-114,0.39,0.5,-0.26789473684210524,true
2026_04_MIA_MIN,00-0041525,Chris Bell,MIA,MIN,rec_yds,betonlineag,34.5,26.730403435837623,33.23295263050073,-10.0,"",0.88,0.01,Under,-114,0.61,0.5,0.1450877192982456,true
2026_04_MIA_MIN,00-0038994,Jordan Addison,MIN,MIA,rec_yds,betonlineag,64.5,36.518268336405555,36.61367085685367,10.0,"",0.7,0.56,Over,-114,0.2175,0.5,-0.5917105263157895,true
2026_04_MIA_MIN,00-0038994,Jordan Addison,MIN,MIA,rec_yds,betonlineag,64.5,36.518268336405555,36.61367085685367,10.0,"",0.7,0.56,Under,-114,0.7825,0.5,0.46890350877192977,true
2026_04_MIA_MIN,00-0041529,Kevin Coleman Jr.,MIA,MIN,receptions,betonlineag,1.5,1.184171506249527,0.5432136168629449,-10.0,"",0.88,0.01,Over,-114,0.41,0.5,-0.23035087719298258,true
2026_04_MIA_MIN,00-0041529,Kevin Coleman Jr.,MIA,MIN,receptions,betonlineag,1.5,1.184171506249527,0.5432136168629449,-10.0,"",0.88,0.01,Under,-114,0.5900000000000001,0.5,0.10754385964912294,true
2026_04_MIA_MIN,00-0040198,Ollie Gordon II,MIA,MIN,rush_yds,betonlineag,25.5,12.39074165840353,14.090467203683733,-10.0,"",0.0,0.0,Over,-114,0.2575,0.5,-0.5166228070175438,true
2026_04_MIA_MIN,00-0040198,Ollie Gordon II,MIA,MIN,rush_yds,betonlineag,25.5,12.39074165840353,14.090467203683733,-10.0,"",0.0,0.0,Under,-114,0.7424999999999999,0.5,0.393815789473684,true
2026_04_MIA_MIN,00-0035228,Kyler Murray,MIN,MIA,pass_yds,betrivers,200.5,202.5609551080213,181.58266116202273,10.0,"",0.7,0.56,Over,-115,0.535,0.5,0.00021739130434789145,false
2026_04_MIA_MIN,00-0035228,Kyler Murray,MIN,MIA,pass_yds,betrivers,200.5,202.5609551080213,181.58266116202273,10.0,"",0.7,0.56,Under,-115,0.46499999999999997,0.5,-0.13065217391304357,false
2026_04_MIA_MIN,00-0035229,T.J. Hockenson,MIN,MIA,rec_yds,betrivers,37.5,32.60770193092166,27.91283038404964,10.0,"",0.0,0.56,Over,-115,0.4225,0.5,-0.21010869565217394,true
2026_04_MIA_MIN,00-0035229,T.J. Hockenson,MIN,MIA,rec_yds,betrivers,37.5,32.60770193092166,27.91283038404964,10.0,"",0.0,0.56,Under,-115,0.5775,0.5,0.07967391304347826,true
2026_04_MIA_MIN,00-0039880,Malik Washington,MIA,MIN,rec_yds,betrivers,38.5,29.273291571405196,30.774758174867692,-10.0,"",0.88,0.01,Over,-115,0.3325,0.5,-0.3783695652173913,true
2026_04_MIA_MIN,00-0039880,Malik Washington,MIA,MIN,rec_yds,betrivers,38.5,29.273291571405196,30.774758174867692,-10.0,"",0.88,0.01,Under,-115,0.6675,0.5,0.24793478260869561,true
2026_04_MIA_MIN,00-0035228,Kyler Murray,MIN,MIA,pass_yds,betmgm,205.5,202.5609551080213,181.58266116202273,10.0,"",0.7,0.56,Over,-115,0.5175,0.5,-0.032500000000000084,false
2026_04_MIA_MIN,00-0035228,Kyler Murray,MIN,MIA,pass_yds,betmgm,205.5,202.5609551080213,181.58266116202273,10.0,"",0.7,0.56,Under,-115,0.48250000000000004,0.5,-0.09793478260869559,false
2026_04_MIA_MIN,00-0035229,T.J. Hockenson,MIN,MIA,rec_yds,betmgm,37.5,32.60770193092166,27.91283038404964,10.0,"",0.0,0.56,Over,-115,0.4225,0.5,-0.21010869565217394,true
2026_04_MIA_MIN,00-0035229,T.J. Hockenson,MIN,MIA,rec_yds,betmgm,37.5,32.60770193092166,27.91283038404964,10.0,"",0.0,0.56,Under,-115,0.5775,0.5,0.07967391304347826,true
2026_04_MIA_MIN,00-0033293,Aaron Jones,MIN,MIA,rec_yds,betmgm,21.5,17.77569368404178,14.660935214589227,10.0,ltd,0.0,0.56,Over,-115,0.4025,0.5,-0.2474999999999999,true
2026_04_MIA_MIN,00-0033293,Aaron Jones,MIN,MIA,rec_yds,betmgm,21.5,17.77569368404178,14.660935214589227,10.0,ltd,0.0,0.56,Under,-115,0.5974999999999999,0.5,0.11706521739130415,true
2026_04_MIA_MIN,00-0041529,Kevin Coleman Jr.,MIA,MIN,rec_yds,betmgm,14.5,14.529448349536374,1.6296408505888347,-10.0,"",0.88,0.01,Over,-115,0.47,0.5,-0.12130434782608701,true
2026_04_MIA_MIN,00-0041529,Kevin Coleman Jr.,MIA,MIN,rec_yds,betmgm,14.5,14.529448349536374,1.6296408505888347,-10.0,"",0.88,0.01,Under,-115,0.53,0.5,-0.009130434782608665,true
2026_04_MIA_MIN,00-0041525,Chris Bell,MIA,MIN,rec_yds,betmgm,33.5,26.730403435837623,33.23295263050073,-10.0,"",0.88,0.01,Over,-115,0.4025,0.5,-0.2474999999999999,true
2026_04_MIA_MIN,00-0041525,Chris Bell,MIA,MIN,rec_yds,betmgm,33.5,26.730403435837623,33.23295263050073,-10.0,"",0.88,0.01,Under,-115,0.5974999999999999,0.5,0.11706521739130415,true
2026_04_MIA_MIN,00-0036259,Jauan Jennings,MIN,MIA,rec_yds,betmgm,28.5,32.185900613303055,29.775956539364657,10.0,"",0.7,0.56,Over,-115,0.54,0.5,0.009565217391304393,false
2026_04_MIA_MIN,00-0036259,Jauan Jennings,MIN,MIA,rec_yds,betmgm,28.5,32.185900613303055,29.775956539364657,10.0,"",0.7,0.56,Under,-115,0.45999999999999996,0.5,-0.14000000000000007,false
2026_04_MIA_MIN,00-0038994,Jordan Addison,MIN,MIA,rec_yds,betmgm,63.5,36.518268336405555,36.61367085685367,10.0,"",0.7,0.56,Over,-115,0.22,0.5,-0.5886956521739131,true
2026_04_MIA_MIN,00-0038994,Jordan Addison,MIN,MIA,rec_yds,betmgm,63.5,36.518268336405555,36.61367085685367,10.0,"",0.7,0.56,Under,-115,0.78,0.5,0.4582608695652174,true
2026_04_MIA_MIN,00-0038994,Jordan Addison,MIN,MIA,receptions,betmgm,4.5,2.8583126426642105,2.458080445251098,10.0,"",0.7,0.56,Over,-115,0.15,0.5,-0.7195652173913043,true
2026_04_MIA_MIN,00-0038994,Jordan Addison,MIN,MIA,receptions,betmgm,4.5,2.8583126426642105,2.458080445251098,10.0,"",0.7,0.56,Under,-115,0.85,0.5,0.5891304347826086,true
2026_04_MIA_MIN,00-0033293,Aaron Jones,MIN,MIA,rush_yds,betmgm,66.5,61.82196908134833,58.89738901151887,10.0,ltd,0.0,0.2,Over,-115,0.45,0.5,-0.15869565217391307,true
2026_04_MIA_MIN,00-0033293,Aaron Jones,MIN,MIA,rush_yds,betmgm,66.5,61.82196908134833,58.89738901151887,10.0,ltd,0.0,0.2,Under,-115,0.55,0.5,0.02826086956521745,true
2026_04_MIA_MIN,00-0035228,Kyler Murray,MIN,MIA,pass_yds,bovada,204.5,202.5609551080213,181.58266116202273,10.0,"",0.7,0.56,Over,-115,0.52,0.5,-0.027826086956521723,false
2026_04_MIA_MIN,00-0035228,Kyler Murray,MIN,MIA,pass_yds,bovada,204.5,202.5609551080213,181.58266116202273,10.0,"",0.7,0.56,Under,-115,0.48,0.5,-0.10260869565217395,false
2026_04_MIA_MIN,00-0033293,Aaron Jones,MIN,MIA,rec_yds,bovada,19.5,17.77569368404178,14.660935214589227,10.0,ltd,0.0,0.56,Over,-115,0.4375,0.5,-0.18206521739130438,true
2026_04_MIA_MIN,00-0033293,Aaron Jones,MIN,MIA,rec_yds,bovada,19.5,17.77569368404178,14.660935214589227,10.0,ltd,0.0,0.56,Under,-115,0.5625,0.5,0.0516304347826087,true
2026_04_MIA_MIN,00-0041525,Chris Bell,MIA,MIN,rec_yds,bovada,33.5,26.730403435837623,33.23295263050073,-10.0,"",0.88,0.01,Over,-115,0.4025,0.5,-0.2474999999999999,true
2026_04_MIA_MIN,00-0041525,Chris Bell,MIA,MIN,rec_yds,bovada,33.5,26.730403435837623,33.23295263050073,-10.0,"",0.88,0.01,Under,-115,0.5974999999999999,0.5,0.11706521739130415,true
2026_04_MIA_MIN,00-0037252,Greg Dulcich,MIA,MIN,rec_yds,bovada,30.5,25.968835870521332,33.77464662144145,-10.0,"",0.0,0.01,Over,-115,0.4275,0.5,-0.20076086956521744,false
2026_04_MIA_MIN,00-0037252,Greg Dulcich,MIA,MIN,rec_yds,bovada,30.5,25.968835870521332,33.77464662144145,-10.0,"",0.0,0.01,Under,-115,0.5725,0.5,0.07032608695652176,false
2026_04_MIA_MIN,00-0036259,Jauan Jennings,MIN,MIA,rec_yds,bovada,27.5,32.185900613303055,29.775956539364657,10.0,"",0.7,0.56,Over,-115,0.5575,0.5,0.042282608695652146,false
2026_04_MIA_MIN,00-0036259,Jauan Jennings,MIN,MIA,rec_yds,bovada,27.5,32.185900613303055,29.775956539364657,10.0,"",0.7,0.56,Under,-115,0.4425,0.5,-0.17271739130434782,false
2026_04_MIA_MIN,00-0038994,Jordan Addison,MIN,MIA,rec_yds,bovada,62.5,36.518268336405555,36.61367085685367,10.0,"",0.7,0.56,Over,-115,0.225,0.5,-0.5793478260869566,true
2026_04_MIA_MIN,00-0038994,Jordan Addison,MIN,MIA,rec_yds,bovada,62.5,36.518268336405555,36.61367085685367,10.0,"",0.7,0.56,Under,-115,0.775,0.5,0.4489130434782609,true
2026_04_MIA_MIN,00-0039880,Malik Washington,MIA,MIN,rec_yds,bovada,39.5,29.273291571405196,30.774758174867692,-10.0,"",0.88,0.01,Over,-115,0.315,0.5,-0.4110869565217392,true
2026_04_MIA_MIN,00-0039880,Malik Washington,MIA,MIN,rec_yds,bovada,39.5,29.273291571405196,30.774758174867692,-10.0,"",0.88,0.01,Under,-115,0.685,0.5,0.28065217391304353,true
2026_04_MIA_MIN,00-0035229,T.J. Hockenson,MIN,MIA,rec_yds,bovada,38.5,32.60770193092166,27.91283038404964,10.0,"",0.0,0.56,Over,-115,0.4125,0.5,-0.228804347826087,true
2026_04_MIA_MIN,00-0035229,T.J. Hockenson,MIN,MIA,rec_yds,bovada,38.5,32.60770193092166,27.91283038404964,10.0,"",0.0,0.56,Under,-115,0.5875,0.5,0.09836956521739137,true
2026_04_MIA_MIN,00-0041525,Chris Bell,MIA,MIN,receptions,bovada,2.5,1.7407264678947998,1.8473708305243508,-10.0,"",0.88,0.01,Over,-115,0.3325,0.5,-0.3783695652173913,true
2026_04_MIA_MIN,00-0041525,Chris Bell,MIA,MIN,receptions,bovada,2.5,1.7407264678947998,1.8473708305243508,-10.0,"",0.88,0.01,Under,-115,0.6675,0.5,0.24793478260869561,true
2026_04_MIA_MIN,00-0033293,Aaron Jones,MIN,MIA,rush_yds,bovada,67.5,61.82196908134833,58.89738901151887,10.0,ltd,0.0,0.2,Over,-115,0.45,0.5,-0.15869565217391307,true
2026_04_MIA_MIN,00-0033293,Aaron Jones,MIN,MIA,rush_yds,bovada,67.5,61.82196908134833,58.89738901151887,10.0,ltd,0.0,0.2,Under,-115,0.55,0.5,0.02826086956521745,true
2026_04_MIA_MIN,00-0040198,Ollie Gordon II,MIA,MIN,rush_yds,bovada,25.5,12.39074165840353,14.090467203683733,-10.0,"",0.0,0.0,Over,-115,0.2575,0.5,-0.518586956521739,true
2026_04_MIA_MIN,00-0040198,Ollie Gordon II,MIA,MIN,rush_yds,bovada,25.5,12.39074165840353,14.090467203683733,-10.0,"",0.0,0.0,Under,-115,0.7424999999999999,0.5,0.38815217391304335,true
2026_04_DEN_SF,00-0040134,Pat Bryant,DEN,SF,rec_yds,draftkings,22.5,14.062032990299205,29.150252812918925,-3.0,"",0.0,0.0,Over,-112,0.3425,0.5,-0.3516964285714285,false
2026_04_DEN_SF,00-0040134,Pat Bryant,DEN,SF,rec_yds,draftkings,22.5,14.062032990299205,29.150252812918925,-3.0,"",0.0,0.0,Under,-112,0.6575,0.5,0.24455357142857137,false
2026_04_DEN_SF,00-0039732,Bo Nix,DEN,SF,pass_yds,fanduel,221.5,229.21779116447755,225.58949895330153,-3.0,"",0.0,0.0,Over,-113,0.5275,0.5,-0.005685840707964629,false
2026_04_DEN_SF,00-0039732,Bo Nix,DEN,SF,pass_yds,fanduel,221.5,229.21779116447755,225.58949895330153,-3.0,"",0.0,0.0,Under,-113,0.47250000000000003,0.5,-0.10935840707964595,false
2026_04_DEN_SF,00-0037834,Brock Purdy,SF,DEN,pass_yds,fanduel,233.5,224.84572798804888,243.8651921431779,3.0,"",0.0,0.0,Over,-113,0.4475,0.5,-0.15648230088495574,false
2026_04_DEN_SF,00-0037834,Brock Purdy,SF,DEN,pass_yds,fanduel,233.5,224.84572798804888,243.8651921431779,3.0,"",0.0,0.0,Under,-113,0.5525,0.5,0.04143805309734516,false
2026_04_DEN_SF,00-0036613,Jaylen Waddle,DEN,SF,rec_yds,fanduel,56.5,45.09189620966194,49.08943069139091,-3.0,"",0.0,0.0,Over,-113,0.4025,0.5,-0.24130530973451314,false
2026_04_DEN_SF,00-0036613,Jaylen Waddle,DEN,SF,rec_yds,fanduel,56.5,45.09189620966194,49.08943069139091,-3.0,"",0.0,0.0,Under,-113,0.5974999999999999,0.5,0.12626106194690256,false
2026_04_DEN_SF,00-0040730,RJ Harvey,DEN,SF,rec_yds,fanduel,21.5,17.25121860230541,28.524721577901225,-3.0,"",0.0,0.0,Over,-113,0.4,0.5,-0.24601769911504417,true
2026_04_DEN_SF,00-0040730,RJ Harvey,DEN,SF,rec_yds,fanduel,21.5,17.25121860230541,28.524721577901225,-3.0,"",0.0,0.0,Under,-113,0.6,0.5,0.13097345132743365,true
2026_04_DEN_SF,00-0040134,Pat Bryant,DEN,SF,rec_yds,fanduel,22.5,14.062032990299205,29.150252812918925,-3.0,"",0.0,0.0,Over,-113,0.3425,0.5,-0.3544026548672566,false
2026_04_DEN_SF,00-0040134,Pat Bryant,DEN,SF,rec_yds,fanduel,22.5,14.062032990299205,29.150252812918925,-3.0,"",0.0,0.0,Under,-113,0.6575,0.5,0.23935840707964595,false
2026_04_DEN_SF,00-0031408,Mike Evans,SF,DEN,rec_yds,fanduel,44.5,41.880997526080705,50.55556071116534,3.0,Q,0.0,0.0,Over,-113,0.435,0.5,-0.18004424778761052,false
2026_04_DEN_SF,00-0031408,Mike Evans,SF,DEN,rec_yds,fanduel,44.5,41.880997526080705,50.55556071116534,3.0,Q,0.0,0.0,Under,-113,0.565,0.5,0.06499999999999995,false
2026_04_DEN_SF,00-0039868,Troy Franklin,DEN,SF,rec_yds,fanduel,5.5,13.985866500436781,28.399205138604955,-3.0,"",0.0,0.0,Over,-113,0.7375,0.5,0.3901548672566373,true
2026_04_DEN_SF,00-0039868,Troy Franklin,DEN,SF,rec_yds,fanduel,5.5,13.985866500436781,28.399205138604955,-3.0,"",0.0,0.0,Under,-113,0.26249999999999996,0.5,-0.5051991150442479,true
2026_04_DEN_SF,00-0033881,Evan Engram,DEN,SF,rec_yds,fanduel,17.5,15.737363637948004,22.57693854433718,-3.0,"",0.0,0.0,Over,-113,0.4425,0.5,-0.1659070796460177,false
2026_04_DEN_SF,00-0033881,Evan Engram,DEN,SF,rec_yds,fanduel,17.5,15.737363637948004,22.57693854433718,-3.0,"",0.0,0.0,Under,-113,0.5575,0.5,0.05086283185840712,false
2026_04_DEN_SF,00-0033280,Christian McCaffrey,SF,DEN,rec_yds,fanduel,41.5,37.369460569939605,40.82583660952811,3.0,"",0.0,0.0,Over,-113,0.4475,0.5,-0.15648230088495574,false
2026_04_DEN_SF,00-0033280,Christian McCaffrey,SF,DEN,rec_yds,fanduel,41.5,37.369460569939605,40.82583660952811,3.0,"",0.0,0.0,Under,-113,0.5525,0.5,0.04143805309734516,false
2026_04_DEN_SF,00-0033288,George Kittle,SF,DEN,rec_yds,fanduel,63.5,46.05232249887544,59.01515884629708,3.0,"",0.0,0.0,Over,-113,0.335,0.5,-0.3685398230088496,false
2026_04_DEN_SF,00-0033288,George Kittle,SF,DEN,rec_yds,fanduel,63.5,46.05232249887544,59.01515884629708,3.0,"",0.0,0.0,Under,-113,0.665,0.5,0.253495575221239,false
2026_04_DEN_SF,00-0035719,Deebo Samuel,SF,DEN,rec_yds,fanduel,34.5,34.54543583040607,47.53617204724576,3.0,"",0.0,0.0,Over,-113,0.4925,0.5,-0.07165929203539828,false
2026_04_DEN_SF,00-0035719,Deebo Samuel,SF,DEN,rec_yds,fanduel,34.5,34.54543583040607,47.53617204724576,3.0,"",0.0,0.0,Under,-113,0.5075000000000001,0.5,-0.04338495575221224,false
2026_04_DEN_SF,00-0034348,Courtland Sutton,DEN,SF,rec_yds,fanduel,38.5,42.581903806403275,41.15147197760761,-3.0,"",0.0,0.0,Over,-113,0.5325,0.5,0.0037389380530973293,false
2026_04_DEN_SF,00-0034348,Courtland Sutton,DEN,SF,rec_yds,fanduel,38.5,42.581903806403275,41.15147197760761,-3.0,"",0.0,0.0,Under,-113,0.4675,0.5,-0.1187831858407079,false
2026_04_DEN_SF,00-0033280,Christian McCaffrey,SF,DEN,rush_yds,fanduel,65.5,57.613442883619314,61.864010304579416,3.0,"",0.0,0.36,Over,-113,0.4175,0.5,-0.21303097345132743,false
2026_04_DEN_SF,00-0033280,Christian McCaffrey,SF,DEN,rush_yds,fanduel,65.5,57.613442883619314,61.864010304579416,3.0,"",0.0,0.36,Under,-113,0.5825,0.5,0.09798672566371691,false
2026_04_DEN_SF,00-0040730,RJ Harvey,DEN,SF,rush_yds,fanduel,15.5,24.49029600561196,28.29235011596783,-3.0,"",0.0,1.56,Over,-113,0.645,0.5,0.21579646017699117,true
2026_04_DEN_SF,00-0040730,RJ Harvey,DEN,SF,rush_yds,fanduel,15.5,24.49029600561196,28.29235011596783,-3.0,"",0.0,1.56,Under,-113,0.355,0.5,-0.3308407079646018,true
2026_04_DEN_SF,00-0036158,J.K. Dobbins,DEN,SF,rush_yds,fanduel,58.5,53.43288617880651,60.60209019357035,-3.0,"",0.0,1.56,Over,-113,0.5125,0.5,-0.033960176991150504,false
2026_04_DEN_SF,00-0036158,J.K. Dobbins,DEN,SF,rush_yds,fanduel,58.5,53.43288617880651,60.60209019357035,-3.0,"",0.0,1.56,Under,-113,0.48750000000000004,0.5,-0.08108407079646007,false
2026_04_DEN_SF,00-0041052,Kaelon Black,SF,DEN,rush_yds,fanduel,21.5,19.23183413504315,32.96085000042404,3.0,"",0.0,0.36,Over,-113,0.445,0.5,-0.16119469026548666,false
2026_04_DEN_SF,00-0041052,Kaelon Black,SF,DEN,rush_yds,fanduel,21.5,19.23183413504315,32.96085000042404,3.0,"",0.0,0.36,Under,-113,0.5549999999999999,0.5,0.04615044247787603,false
2026_04_DEN_SF,00-0036613,Jaylen Waddle,DEN,SF,rec_yds,betonlineag,56.5,45.09189620966194,49.08943069139091,-3.0,"",0.0,0.0,Over,-114,0.4025,0.5,-0.24442982456140344,false
2026_04_DEN_SF,00-0036613,Jaylen Waddle,DEN,SF,rec_yds,betonlineag,56.5,45.09189620966194,49.08943069139091,-3.0,"",0.0,0.0,Under,-114,0.5974999999999999,0.5,0.12162280701754369,false
2026_04_DEN_SF,00-0033288,George Kittle,SF,DEN,rec_yds,betonlineag,64.5,46.05232249887544,59.01515884629708,3.0,"",0.0,0.0,Over,-114,0.325,0.5,-0.38991228070175443,false
2026_04_DEN_SF,00-0033288,George Kittle,SF,DEN,rec_yds,betonlineag,64.5,46.05232249887544,59.01515884629708,3.0,"",0.0,0.0,Under,-114,0.675,0.5,0.26710526315789473,false
2026_04_DEN_SF,00-0033280,Christian McCaffrey,SF,DEN,rec_yds,betonlineag,41.5,37.369460569939605,40.82583660952811,3.0,"",0.0,0.0,Over,-114,0.4475,0.5,-0.15995614035087719,false
2026_04_DEN_SF,00-0033280,Christian McCaffrey,SF,DEN,rec_yds,betonlineag,41.5,37.369460569939605,40.82583660952811,3.0,"",0.0,0.0,Under,-114,0.5525,0.5,0.03714912280701749,false
2026_04_DEN_SF,00-0034348,Courtland Sutton,DEN,SF,rec_yds,betonlineag,39.5,42.581903806403275,41.15147197760761,-3.0,"",0.0,0.0,Over,-114,0.52,0.5,-0.023859649122807025,false
2026_04_DEN_SF,00-0034348,Courtland Sutton,DEN,SF,rec_yds,betonlineag,39.5,42.581903806403275,41.15147197760761,-3.0,"",0.0,0.0,Under,-114,0.48,0.5,-0.09894736842105267,false
2026_04_DEN_SF,00-0036158,J.K. Dobbins,DEN,SF,rush_yds,betonlineag,60.5,53.43288617880651,60.60209019357035,-3.0,"",0.0,1.56,Over,-114,0.49,0.5,-0.08017543859649129,false
2026_04_DEN_SF,00-0036158,J.K. Dobbins,DEN,SF,rush_yds,betonlineag,60.5,53.43288617880651,60.60209019357035,-3.0,"",0.0,1.56,Under,-114,0.51,0.5,-0.04263157894736841,false
2026_04_DEN_SF,00-0033280,Christian McCaffrey,SF,DEN,rush_yds,betonlineag,67.5,57.613442883619314,61.864010304579416,3.0,"",0.0,0.36,Over,-114,0.4,0.5,-0.24912280701754386,false
2026_04_DEN_SF,00-0033280,Christian McCaffrey,SF,DEN,rush_yds,betonlineag,67.5,57.613442883619314,61.864010304579416,3.0,"",0.0,0.36,Under,-114,0.6,0.5,0.12631578947368416,false
2026_04_DEN_SF,00-0041052,Kaelon Black,SF,DEN,rush_yds,betonlineag,20.5,19.23183413504315,32.96085000042404,3.0,"",0.0,0.36,Over,-114,0.4625,0.5,-0.13179824561403508,false
2026_04_DEN_SF,00-0041052,Kaelon Black,SF,DEN,rush_yds,betonlineag,20.5,19.23183413504315,32.96085000042404,3.0,"",0.0,0.36,Under,-114,0.5375,0.5,0.008991228070175383,false
2026_04_DEN_SF,00-0033288,George Kittle,SF,DEN,rec_yds,betrivers,64.5,46.05232249887544,59.01515884629708,3.0,"",0.0,0.0,Over,-115,0.325,0.5,-0.39239130434782615,false
2026_04_DEN_SF,00-0033288,George Kittle,SF,DEN,rec_yds,betrivers,64.5,46.05232249887544,59.01515884629708,3.0,"",0.0,0.0,Under,-115,0.675,0.5,0.26195652173913053,false
2026_04_DEN_SF,00-0033280,Christian McCaffrey,SF,DEN,rush_yds,betrivers,65.5,57.613442883619314,61.864010304579416,3.0,"",0.0,0.36,Over,-115,0.4175,0.5,-0.2194565217391305,false
2026_04_DEN_SF,00-0033280,Christian McCaffrey,SF,DEN,rush_yds,betrivers,65.5,57.613442883619314,61.864010304579416,3.0,"",0.0,0.36,Under,-115,0.5825,0.5,0.08902173913043476,false
2026_04_DEN_SF,00-0039732,Bo Nix,DEN,SF,pass_yds,bovada,222.5,229.21779116447755,225.58949895330153,-3.0,"",0.0,0.0,Over,-115,0.525,0.5,-0.018478260869565166,false
2026_04_DEN_SF,00-0039732,Bo Nix,DEN,SF,pass_yds,bovada,222.5,229.21779116447755,225.58949895330153,-3.0,"",0.0,0.0,Under,-115,0.475,0.5,-0.11195652173913051,false
2026_04_DEN_SF,00-0037834,Brock Purdy,SF,DEN,pass_yds,bovada,235.5,224.84572798804888,243.8651921431779,3.0,"",0.0,0.0,Over,-115,0.435,0.5,-0.18673913043478257,false
2026_04_DEN_SF,00-0037834,Brock Purdy,SF,DEN,pass_yds,bovada,235.5,224.84572798804888,243.8651921431779,3.0,"",0.0,0.0,Under,-115,0.565,0.5,0.05630434782608684,false
2026_04_DEN_SF,00-0033280,Christian McCaffrey,SF,DEN,rec_yds,bovada,42.5,37.369460569939605,40.82583660952811,3.0,"",0.0,0.0,Over,-115,0.435,0.5,-0.18673913043478257,false
2026_04_DEN_SF,00-0033280,Christian McCaffrey,SF,DEN,rec_yds,bovada,42.5,37.369460569939605,40.82583660952811,3.0,"",0.0,0.0,Under,-115,0.565,0.5,0.05630434782608684,false
2026_04_DEN_SF,00-0034348,Courtland Sutton,DEN,SF,rec_yds,bovada,39.5,42.581903806403275,41.15147197760761,-3.0,"",0.0,0.0,Over,-115,0.52,0.5,-0.027826086956521723,false
2026_04_DEN_SF,00-0034348,Courtland Sutton,DEN,SF,rec_yds,bovada,39.5,42.581903806403275,41.15147197760761,-3.0,"",0.0,0.0,Under,-115,0.48,0.5,-0.10260869565217395,false
2026_04_DEN_SF,00-0033288,George Kittle,SF,DEN,rec_yds,bovada,65.5,46.05232249887544,59.01515884629708,3.0,"",0.0,0.0,Over,-115,0.3225,0.5,-0.39706521739130435,false
2026_04_DEN_SF,00-0033288,George Kittle,SF,DEN,rec_yds,bovada,65.5,46.05232249887544,59.01515884629708,3.0,"",0.0,0.0,Under,-115,0.6775,0.5,0.2666304347826086,false
2026_04_DEN_SF,00-0036613,Jaylen Waddle,DEN,SF,rec_yds,bovada,57.5,45.09189620966194,49.08943069139091,-3.0,"",0.0,0.0,Over,-115,0.3925,0.5,-0.26619565217391294,false
2026_04_DEN_SF,00-0036613,Jaylen Waddle,DEN,SF,rec_yds,bovada,57.5,45.09189620966194,49.08943069139091,-3.0,"",0.0,0.0,Under,-115,0.6074999999999999,0.5,0.13576086956521727,false
2026_04_DEN_SF,00-0040134,Pat Bryant,DEN,SF,rec_yds,bovada,22.5,14.062032990299205,29.150252812918925,-3.0,"",0.0,0.0,Over,-115,0.3425,0.5,-0.35967391304347823,false
2026_04_DEN_SF,00-0040134,Pat Bryant,DEN,SF,rec_yds,bovada,22.5,14.062032990299205,29.150252812918925,-3.0,"",0.0,0.0,Under,-115,0.6575,0.5,0.2292391304347825,false
2026_04_DEN_SF,00-0033280,Christian McCaffrey,SF,DEN,rush_yds,bovada,65.5,57.613442883619314,61.864010304579416,3.0,"",0.0,0.36,Over,-115,0.4175,0.5,-0.2194565217391305,false
2026_04_DEN_SF,00-0033280,Christian McCaffrey,SF,DEN,rush_yds,bovada,65.5,57.613442883619314,61.864010304579416,3.0,"",0.0,0.36,Under,-115,0.5825,0.5,0.08902173913043476,false
2026_04_DEN_SF,00-0036158,J.K. Dobbins,DEN,SF,rush_yds,bovada,59.5,53.43288617880651,60.60209019357035,-3.0,"",0.0,1.56,Over,-115,0.495,0.5,-0.0745652173913044,false
2026_04_DEN_SF,00-0036158,J.K. Dobbins,DEN,SF,rush_yds,bovada,59.5,53.43288617880651,60.60209019357035,-3.0,"",0.0,1.56,Under,-115,0.505,0.5,-0.05586956521739128,false
2026_04_DEN_SF,00-0041052,Kaelon Black,SF,DEN,rush_yds,bovada,21.5,19.23183413504315,32.96085000042404,3.0,"",0.0,0.36,Over,-115,0.445,0.5,-0.16804347826086952,false
2026_04_DEN_SF,00-0041052,Kaelon Black,SF,DEN,rush_yds,bovada,21.5,19.23183413504315,32.96085000042404,3.0,"",0.0,0.36,Under,-115,0.5549999999999999,0.5,0.037608695652173785,false
2026_04_DEN_SF,00-0040730,RJ Harvey,DEN,SF,rush_yds,bovada,15.5,24.49029600561196,28.29235011596783,-3.0,"",0.0,1.56,Over,-115,0.645,0.5,0.2058695652173913,true
2026_04_DEN_SF,00-0040730,RJ Harvey,DEN,SF,rush_yds,bovada,15.5,24.49029600561196,28.29235011596783,-3.0,"",0.0,1.56,Under,-115,0.355,0.5,-0.336304347826087,true
2026_04_KC_LV,00-0039067,Rashee Rice,KC,LV,rec_yds,draftkings,57.5,53.02466571931566,67.98999410865851,4.5,"",0.0,0.0,Over,-112,0.4475,0.5,-0.15294642857142854,false
2026_04_KC_LV,00-0039067,Rashee Rice,KC,LV,rec_yds,draftkings,57.5,53.02466571931566,67.98999410865851,4.5,"",0.0,0.0,Under,-112,0.5525,0.5,0.045803571428571443,false
2026_04_KC_LV,00-0040122,Ashton Jeanty,LV,KC,rec_yds,draftkings,20.5,23.810589433674124,26.212715084860218,-4.5,"",0.0,0.0,Over,-112,0.525,0.5,-0.006249999999999922,false
2026_04_KC_LV,00-0040122,Ashton Jeanty,LV,KC,rec_yds,draftkings,20.5,23.810589433674124,26.212715084860218,-4.5,"",0.0,0.0,Under,-112,0.475,0.5,-0.10089285714285717,false
2026_04_KC_LV,00-0040122,Ashton Jeanty,LV,KC,rush_yds,draftkings,55.5,59.89019036427125,63.73369569195081,-4.5,"",0.0,0.0,Over,-112,0.54,0.5,0.022142857142857242,false
2026_04_KC_LV,00-0040122,Ashton Jeanty,LV,KC,rush_yds,draftkings,55.5,59.89019036427125,63.73369569195081,-4.5,"",0.0,0.0,Under,-112,0.45999999999999996,0.5,-0.12928571428571434,false
2026_04_KC_LV,00-0029604,Kirk Cousins,LV,KC,pass_yds,fanduel,223.5,214.28239673897883,207.8015252551221,-4.5,"",0.0,0.0,Over,-113,0.4225,0.5,-0.20360619469026547,false
2026_04_KC_LV,00-0029604,Kirk Cousins,LV,KC,pass_yds,fanduel,223.5,214.28239673897883,207.8015252551221,-4.5,"",0.0,0.0,Under,-113,0.5775,0.5,0.08856194690265495,false
2026_04_KC_LV,00-0033873,Patrick Mahomes,KC,LV,pass_yds,fanduel,238.5,273.27451423133095,257.510478366701,4.5,"",0.0,0.0,Over,-113,0.6475,0.5,0.22050884955752204,false
2026_04_KC_LV,00-0033873,Patrick Mahomes,KC,LV,pass_yds,fanduel,238.5,273.27451423133095,257.510478366701,4.5,"",0.0,0.0,Under,-113,0.35250000000000004,0.5,-0.33555309734513267,false
2026_04_KC_LV,00-0039894,Xavier Worthy,KC,LV,rec_yds,fanduel,33.5,35.179704925663295,31.512544118749,4.5,"",0.0,0.0,Over,-113,0.515,0.5,-0.029247787610619413,false
2026_04_KC_LV,00-0039894,Xavier Worthy,KC,LV,rec_yds,fanduel,33.5,35.179704925663295,31.512544118749,4.5,"",0.0,0.0,Under,-113,0.485,0.5,-0.08579646017699116,false
2026_04_KC_LV,00-0039066,Michael Mayer,LV,KC,rec_yds,fanduel,25.5,20.1351327192671,29.515647159031474,-4.5,"",0.0,0.0,Over,-113,0.39,0.5,-0.2648672566371681,false
2026_04_KC_LV,00-0039066,Michael Mayer,LV,KC,rec_yds,fanduel,25.5,20.1351327192671,29.515647159031474,-4.5,"",0.0,0.0,Under,-113,0.61,0.5,0.14982300884955757,false
2026_04_KC_LV,00-0030506,Travis Kelce,KC,LV,rec_yds,fanduel,47.5,47.374990865142294,54.736154344250146,4.5,"",0.0,0.0,Over,-113,0.49,0.5,-0.0763716814159292,false
2026_04_KC_LV,00-0030506,Travis Kelce,KC,LV,rec_yds,fanduel,47.5,47.374990865142294,54.736154344250146,4.5,"",0.0,0.0,Under,-113,0.51,0.5,-0.03867256637168137,false
2026_04_KC_LV,00-0039067,Rashee Rice,KC,LV,rec_yds,fanduel,55.5,53.02466571931566,67.98999410865851,4.5,"",0.0,0.0,Over,-113,0.465,0.5,-0.12349557522123883,false
2026_04_KC_LV,00-0039067,Rashee Rice,KC,LV,rec_yds,fanduel,55.5,53.02466571931566,67.98999410865851,4.5,"",0.0,0.0,Under,-113,0.5349999999999999,0.5,0.008451327433628197,false
2026_04_KC_LV,00-0040122,Ashton Jeanty,LV,KC,rec_yds,fanduel,19.5,23.810589433674124,26.212715084860218,-4.5,"",0.0,0.0,Over,-113,0.545,0.5,0.027300884955752336,false
2026_04_KC_LV,00-0040122,Ashton Jeanty,LV,KC,rec_yds,fanduel,19.5,23.810589433674124,26.212715084860218,-4.5,"",0.0,0.0,Under,-113,0.45499999999999996,0.5,-0.1423451327433629,false
2026_04_KC_LV,00-0038563,Tre Tucker,LV,KC,rec_yds,fanduel,38.5,36.936572525120674,45.982507354734416,-4.5,"",0.0,0.0,Over,-113,0.455,0.5,-0.14234513274336275,false
2026_04_KC_LV,00-0038563,Tre Tucker,LV,KC,rec_yds,fanduel,38.5,36.936572525120674,45.982507354734416,-4.5,"",0.0,0.0,Under,-113,0.5449999999999999,0.5,0.027300884955752114,false
2026_04_KC_LV,00-0037291,Jalen Nailor,LV,KC,rec_yds,fanduel,19.5,14.345397653035864,21.683087023284696,-4.5,"",0.0,0.0,Over,-113,0.3775,0.5,-0.28842920353982304,false
2026_04_KC_LV,00-0037291,Jalen Nailor,LV,KC,rec_yds,fanduel,19.5,14.345397653035864,21.683087023284696,-4.5,"",0.0,0.0,Under,-113,0.6225,0.5,0.17338495575221247,false
2026_04_KC_LV,00-0038134,Kenneth Walker III,KC,LV,rec_yds,fanduel,22.5,20.26198381335569,26.64190326282352,4.5,"",0.0,0.0,Over,-113,0.44,0.5,-0.17061946902654873,false
2026_04_KC_LV,00-0038134,Kenneth Walker III,KC,LV,rec_yds,fanduel,22.5,20.26198381335569,26.64190326282352,4.5,"",0.0,0.0,Under,-113,0.56,0.5,0.055575221238938155,false
2026_04_KC_LV,00-0039338,Brock Bowers,LV,KC,rec_yds,fanduel,69.5,47.95426611210446,62.53773719824398,-4.5,ltd,0.0,0.0,Over,-113,0.2925,0.5,-0.4486504424778761,false
2026_04_KC_LV,00-0039338,Brock Bowers,LV,KC,rec_yds,fanduel,69.5,47.95426611210446,62.53773719824398,-4.5,ltd,0.0,0.0,Under,-113,0.7075,0.5,0.33360619469026553,false
2026_04_KC_LV,00-0038134,Kenneth Walker III,KC,LV,rush_yds,fanduel,86.5,89.88330372795177,93.8818694775153,4.5,"",0.0,0.0,Over,-113,0.4975,0.5,-0.06223451327433621,false
2026_04_KC_LV,00-0038134,Kenneth Walker III,KC,LV,rush_yds,fanduel,86.5,89.88330372795177,93.8818694775153,4.5,"",0.0,0.0,Under,-113,0.5025,0.5,-0.05280973451327442,false
2026_04_KC_LV,00-0040122,Ashton Jeanty,LV,KC,rush_yds,fanduel,59.5,59.89019036427125,63.73369569195081,-4.5,"",0.0,0.0,Over,-113,0.5125,0.5,-0.033960176991150504,false
2026_04_KC_LV,00-0040122,Ashton Jeanty,LV,KC,rush_yds,fanduel,59.5,59.89019036427125,63.73369569195081,-4.5,"",0.0,0.0,Under,-113,0.48750000000000004,0.5,-0.08108407079646007,false
2026_04_KC_LV,00-0029604,Kirk Cousins,LV,KC,pass_yds,betonlineag,222.5,214.28239673897883,207.8015252551221,-4.5,"",0.0,0.0,Over,-114,0.43,0.5,-0.19280701754385976,false
2026_04_KC_LV,00-0029604,Kirk Cousins,LV,KC,pass_yds,betonlineag,222.5,214.28239673897883,207.8015252551221,-4.5,"",0.0,0.0,Under,-114,0.5700000000000001,0.5,0.07000000000000006,false
2026_04_KC_LV,00-0039338,Brock Bowers,LV,KC,rec_yds,betonlineag,74.5,47.95426611210446,62.53773719824398,-4.5,ltd,0.0,0.0,Over,-114,0.2525,0.5,-0.5260087719298246,false
2026_04_KC_LV,00-0039338,Brock Bowers,LV,KC,rec_yds,betonlineag,74.5,47.95426611210446,62.53773719824398,-4.5,ltd,0.0,0.0,Under,-114,0.7475,0.5,0.40320175438596495,false
2026_04_KC_LV,00-0037291,Jalen Nailor,LV,KC,rec_yds,betonlineag,20.5,14.345397653035864,21.683087023284696,-4.5,"",0.0,0.0,Over,-114,0.35,0.5,-0.34298245614035094,false
2026_04_KC_LV,00-0037291,Jalen Nailor,LV,KC,rec_yds,betonlineag,20.5,14.345397653035864,21.683087023284696,-4.5,"",0.0,0.0,Under,-114,0.65,0.5,0.22017543859649125,false
2026_04_KC_LV,00-0039067,Rashee Rice,KC,LV,rec_yds,betonlineag,58.5,53.02466571931566,67.98999410865851,4.5,"",0.0,0.0,Over,-114,0.44,0.5,-0.17403508771929832,false
2026_04_KC_LV,00-0039067,Rashee Rice,KC,LV,rec_yds,betonlineag,58.5,53.02466571931566,67.98999410865851,4.5,"",0.0,0.0,Under,-114,0.56,0.5,0.05122807017543868,false
2026_04_KC_LV,00-0040122,Ashton Jeanty,LV,KC,rush_yds,betonlineag,57.5,59.89019036427125,63.73369569195081,-4.5,"",0.0,0.0,Over,-114,0.52,0.5,-0.023859649122807025,false
2026_04_KC_LV,00-0040122,Ashton Jeanty,LV,KC,rush_yds,betonlineag,57.5,59.89019036427125,63.73369569195081,-4.5,"",0.0,0.0,Under,-114,0.48,0.5,-0.09894736842105267,false
2026_04_KC_LV,00-0029604,Kirk Cousins,LV,KC,pass_yds,betrivers,226.5,214.28239673897883,207.8015252551221,-4.5,"",0.0,0.0,Over,-115,0.4025,0.5,-0.2474999999999999,false
2026_04_KC_LV,00-0029604,Kirk Cousins,LV,KC,pass_yds,betrivers,226.5,214.28239673897883,207.8015252551221,-4.5,"",0.0,0.0,Under,-115,0.5974999999999999,0.5,0.11706521739130415,false
2026_04_KC_LV,00-0038134,Kenneth Walker III,KC,LV,rush_yds,betrivers,86.5,89.88330372795177,93.8818694775153,4.5,"",0.0,0.0,Over,-115,0.4975,0.5,-0.06989130434782603,false
2026_04_KC_LV,00-0038134,Kenneth Walker III,KC,LV,rush_yds,betrivers,86.5,89.88330372795177,93.8818694775153,4.5,"",0.0,0.0,Under,-115,0.5025,0.5,-0.0605434782608697,false
2026_04_KC_LV,00-0033873,Patrick Mahomes,KC,LV,pass_yds,betmgm,238.5,273.27451423133095,257.510478366701,4.5,"",0.0,0.0,Over,-115,0.6475,0.5,0.2105434782608695,false
2026_04_KC_LV,00-0033873,Patrick Mahomes,KC,LV,pass_yds,betmgm,238.5,273.27451423133095,257.510478366701,4.5,"",0.0,0.0,Under,-115,0.35250000000000004,0.5,-0.3409782608695652,false
2026_04_KC_LV,00-0029604,Kirk Cousins,LV,KC,pass_yds,betmgm,226.5,214.28239673897883,207.8015252551221,-4.5,"",0.0,0.0,Over,-115,0.4025,0.5,-0.2474999999999999,false
2026_04_KC_LV,00-0029604,Kirk Cousins,LV,KC,pass_yds,betmgm,226.5,214.28239673897883,207.8015252551221,-4.5,"",0.0,0.0,Under,-115,0.5974999999999999,0.5,0.11706521739130415,false
2026_04_KC_LV,00-0039894,Xavier Worthy,KC,LV,rec_yds,betmgm,35.5,35.179704925663295,31.512544118749,4.5,"",0.0,0.0,Over,-115,0.475,0.5,-0.11195652173913051,false
2026_04_KC_LV,00-0039894,Xavier Worthy,KC,LV,rec_yds,betmgm,35.5,35.179704925663295,31.512544118749,4.5,"",0.0,0.0,Under,-115,0.525,0.5,-0.018478260869565166,false
2026_04_KC_LV,00-0039067,Rashee Rice,KC,LV,rec_yds,betmgm,56.5,53.02466571931566,67.98999410865851,4.5,"",0.0,0.0,Over,-115,0.46,0.5,-0.14,false
2026_04_KC_LV,00-0039067,Rashee Rice,KC,LV,rec_yds,betmgm,56.5,53.02466571931566,67.98999410865851,4.5,"",0.0,0.0,Under,-115,0.54,0.5,0.009565217391304393,false
2026_04_KC_LV,00-0038134,Kenneth Walker III,KC,LV,rec_yds,betmgm,23.5,20.26198381335569,26.64190326282352,4.5,"",0.0,0.0,Over,-115,0.4275,0.5,-0.20076086956521744,false
2026_04_KC_LV,00-0038134,Kenneth Walker III,KC,LV,rec_yds,betmgm,23.5,20.26198381335569,26.64190326282352,4.5,"",0.0,0.0,Under,-115,0.5725,0.5,0.07032608695652176,false
2026_04_KC_LV,00-0039338,Brock Bowers,LV,KC,rec_yds,betmgm,73.5,47.95426611210446,62.53773719824398,-4.5,ltd,0.0,0.0,Over,-115,0.2575,0.5,-0.518586956521739,false
2026_04_KC_LV,00-0039338,Brock Bowers,LV,KC,rec_yds,betmgm,73.5,47.95426611210446,62.53773719824398,-4.5,ltd,0.0,0.0,Under,-115,0.7424999999999999,0.5,0.38815217391304335,false
2026_04_KC_LV,00-0040122,Ashton Jeanty,LV,KC,rec_yds,betmgm,21.5,23.810589433674124,26.212715084860218,-4.5,"",0.0,0.0,Over,-115,0.5025,0.5,-0.0605434782608697,false
2026_04_KC_LV,00-0040122,Ashton Jeanty,LV,KC,rec_yds,betmgm,21.5,23.810589433674124,26.212715084860218,-4.5,"",0.0,0.0,Under,-115,0.49750000000000005,0.5,-0.06989130434782598,false
2026_04_KC_LV,00-0030506,Travis Kelce,KC,LV,rec_yds,betmgm,47.5,47.374990865142294,54.736154344250146,4.5,"",0.0,0.0,Over,-115,0.49,0.5,-0.0839130434782609,false
2026_04_KC_LV,00-0030506,Travis Kelce,KC,LV,rec_yds,betmgm,47.5,47.374990865142294,54.736154344250146,4.5,"",0.0,0.0,Under,-115,0.51,0.5,-0.04652173913043478,false
2026_04_KC_LV,00-0037291,Jalen Nailor,LV,KC,rec_yds,betmgm,21.5,14.345397653035864,21.683087023284696,-4.5,"",0.0,0.0,Over,-115,0.3425,0.5,-0.35967391304347823,false
2026_04_KC_LV,00-0037291,Jalen Nailor,LV,KC,rec_yds,betmgm,21.5,14.345397653035864,21.683087023284696,-4.5,"",0.0,0.0,Under,-115,0.6575,0.5,0.2292391304347825,false
2026_04_KC_LV,00-0038563,Tre Tucker,LV,KC,rec_yds,betmgm,37.5,36.936572525120674,45.982507354734416,-4.5,"",0.0,0.0,Over,-115,0.465,0.5,-0.1306521739130434,false
2026_04_KC_LV,00-0038563,Tre Tucker,LV,KC,rec_yds,betmgm,37.5,36.936572525120674,45.982507354734416,-4.5,"",0.0,0.0,Under,-115,0.5349999999999999,0.5,0.0002173913043476694,false
2026_04_KC_LV,00-0039066,Michael Mayer,LV,KC,rec_yds,betmgm,23.5,20.1351327192671,29.515647159031474,-4.5,"",0.0,0.0,Over,-115,0.43,0.5,-0.1960869565217392,false
2026_04_KC_LV,00-0039066,Michael Mayer,LV,KC,rec_yds,betmgm,23.5,20.1351327192671,29.515647159031474,-4.5,"",0.0,0.0,Under,-115,0.5700000000000001,0.5,0.06565217391304357,false
2026_04_KC_LV,00-0038134,Kenneth Walker III,KC,LV,rush_yds,betmgm,86.5,89.88330372795177,93.8818694775153,4.5,"",0.0,0.0,Over,-115,0.4975,0.5,-0.06989130434782603,false
2026_04_KC_LV,00-0038134,Kenneth Walker III,KC,LV,rush_yds,betmgm,86.5,89.88330372795177,93.8818694775153,4.5,"",0.0,0.0,Under,-115,0.5025,0.5,-0.0605434782608697,false
2026_04_KC_LV,00-0029604,Kirk Cousins,LV,KC,pass_yds,bovada,222.5,214.28239673897883,207.8015252551221,-4.5,"",0.0,0.0,Over,-115,0.43,0.5,-0.1960869565217392,false
2026_04_KC_LV,00-0029604,Kirk Cousins,LV,KC,pass_yds,bovada,222.5,214.28239673897883,207.8015252551221,-4.5,"",0.0,0.0,Under,-115,0.5700000000000001,0.5,0.06565217391304357,false
2026_04_KC_LV,00-0033873,Patrick Mahomes,KC,LV,pass_yds,bovada,237.5,273.27451423133095,257.510478366701,4.5,"",0.0,0.0,Over,-115,0.6475,0.5,0.2105434782608695,false
2026_04_KC_LV,00-0033873,Patrick Mahomes,KC,LV,pass_yds,bovada,237.5,273.27451423133095,257.510478366701,4.5,"",0.0,0.0,Under,-115,0.35250000000000004,0.5,-0.3409782608695652,false
2026_04_KC_LV,00-0040122,Ashton Jeanty,LV,KC,rec_yds,bovada,20.5,23.810589433674124,26.212715084860218,-4.5,"",0.0,0.0,Over,-115,0.525,0.5,-0.018478260869565166,false
2026_04_KC_LV,00-0040122,Ashton Jeanty,LV,KC,rec_yds,bovada,20.5,23.810589433674124,26.212715084860218,-4.5,"",0.0,0.0,Under,-115,0.475,0.5,-0.11195652173913051,false
2026_04_KC_LV,00-0039338,Brock Bowers,LV,KC,rec_yds,bovada,69.5,47.95426611210446,62.53773719824398,-4.5,ltd,0.0,0.0,Over,-115,0.2925,0.5,-0.4531521739130435,false
2026_04_KC_LV,00-0039338,Brock Bowers,LV,KC,rec_yds,bovada,69.5,47.95426611210446,62.53773719824398,-4.5,ltd,0.0,0.0,Under,-115,0.7075,0.5,0.32271739130434784,false
2026_04_KC_LV,00-0037291,Jalen Nailor,LV,KC,rec_yds,bovada,20.5,14.345397653035864,21.683087023284696,-4.5,"",0.0,0.0,Over,-115,0.35,0.5,-0.34565217391304354,false
2026_04_KC_LV,00-0037291,Jalen Nailor,LV,KC,rec_yds,bovada,20.5,14.345397653035864,21.683087023284696,-4.5,"",0.0,0.0,Under,-115,0.65,0.5,0.2152173913043478,false
2026_04_KC_LV,00-0039067,Rashee Rice,KC,LV,rec_yds,bovada,57.5,53.02466571931566,67.98999410865851,4.5,"",0.0,0.0,Over,-115,0.4475,0.5,-0.16336956521739132,false
2026_04_KC_LV,00-0039067,Rashee Rice,KC,LV,rec_yds,bovada,57.5,53.02466571931566,67.98999410865851,4.5,"",0.0,0.0,Under,-115,0.5525,0.5,0.032934782608695645,false
2026_04_KC_LV,00-0030506,Travis Kelce,KC,LV,rec_yds,bovada,49.5,47.374990865142294,54.736154344250146,4.5,"",0.0,0.0,Over,-115,0.4675,0.5,-0.1259782608695652,false
2026_04_KC_LV,00-0030506,Travis Kelce,KC,LV,rec_yds,bovada,49.5,47.374990865142294,54.736154344250146,4.5,"",0.0,0.0,Under,-115,0.5325,0.5,-0.00445652173913047,false
2026_04_KC_LV,00-0038563,Tre Tucker,LV,KC,rec_yds,bovada,37.5,36.936572525120674,45.982507354734416,-4.5,"",0.0,0.0,Over,-115,0.465,0.5,-0.1306521739130434,false
2026_04_KC_LV,00-0038563,Tre Tucker,LV,KC,rec_yds,bovada,37.5,36.936572525120674,45.982507354734416,-4.5,"",0.0,0.0,Under,-115,0.5349999999999999,0.5,0.0002173913043476694,false
2026_04_KC_LV,00-0039894,Xavier Worthy,KC,LV,rec_yds,bovada,34.5,35.179704925663295,31.512544118749,4.5,"",0.0,0.0,Over,-115,0.5025,0.5,-0.0605434782608697,false
2026_04_KC_LV,00-0039894,Xavier Worthy,KC,LV,rec_yds,bovada,34.5,35.179704925663295,31.512544118749,4.5,"",0.0,0.0,Under,-115,0.49750000000000005,0.5,-0.06989130434782598,false
2026_04_KC_LV,00-0040122,Ashton Jeanty,LV,KC,rush_yds,bovada,55.5,59.89019036427125,63.73369569195081,-4.5,"",0.0,0.0,Over,-115,0.54,0.5,0.009565217391304393,false
2026_04_KC_LV,00-0040122,Ashton Jeanty,LV,KC,rush_yds,bovada,55.5,59.89019036427125,63.73369569195081,-4.5,"",0.0,0.0,Under,-115,0.45999999999999996,0.5,-0.14000000000000007,false
2026_04_KC_LV,00-0038134,Kenneth Walker III,KC,LV,rush_yds,bovada,86.5,89.88330372795177,93.8818694775153,4.5,"",0.0,0.0,Over,-115,0.4975,0.5,-0.06989130434782603,false
2026_04_KC_LV,00-0038134,Kenneth Walker III,KC,LV,rush_yds,bovada,86.5,89.88330372795177,93.8818694775153,4.5,"",0.0,0.0,Under,-115,0.5025,0.5,-0.0605434782608697,false
2026_04_LAC_SEA,00-0038543,Jaxon Smith-Njigba,SEA,LAC,rec_yds,draftkings,95.5,72.62772890281619,104.06289505202075,7.0,"",0.0,0.0,Over,-112,0.3675,0.5,-0.30437500000000006,false
2026_04_LAC_SEA,00-0038543,Jaxon Smith-Njigba,SEA,LAC,rec_yds,draftkings,95.5,72.62772890281619,104.06289505202075,7.0,"",0.0,0.0,Under,-112,0.6325000000000001,0.5,0.19723214285714297,false
2026_04_LAC_SEA,00-0036355,Justin Herbert,LAC,SEA,pass_yds,fanduel,199.5,196.89789040346685,211.40402849370207,-7.0,"",0.18,0.0,Over,-113,0.51,0.5,-0.03867256637168137,false
2026_04_LAC_SEA,00-0036355,Justin Herbert,LAC,SEA,pass_yds,fanduel,199.5,196.89789040346685,211.40402849370207,-7.0,"",0.18,0.0,Under,-113,0.49,0.5,-0.0763716814159292,false
2026_04_LAC_SEA,00-0034869,Sam Darnold,SEA,LAC,pass_yds,fanduel,233.5,227.23676544566715,222.2240426095587,7.0,"",0.0,0.0,Over,-113,0.46,0.5,-0.1329203539823009,false
2026_04_LAC_SEA,00-0034869,Sam Darnold,SEA,LAC,pass_yds,fanduel,233.5,227.23676544566715,222.2240426095587,7.0,"",0.0,0.0,Under,-113,0.54,0.5,0.017876106194690378,false
2026_04_LAC_SEA,00-0040189,Oronde Gadsden II,LAC,SEA,rec_yds,fanduel,27.5,15.831114524318671,26.053263624006963,-7.0,"",0.48,0.0,Over,-113,0.295,0.5,-0.4439380530973452,false
2026_04_LAC_SEA,00-0040189,Oronde Gadsden II,LAC,SEA,rec_yds,fanduel,27.5,15.831114524318671,26.053263624006963,-7.0,"",0.48,0.0,Under,-113,0.7050000000000001,0.5,0.32889380530973467,false
2026_04_LAC_SEA,00-0040727,Tre Harris,LAC,SEA,rec_yds,fanduel,36.5,26.45689451178726,36.16305442781835,-7.0,"",0.18,0.0,Over,-113,0.365,0.5,-0.3119911504424779,false
2026_04_LAC_SEA,00-0040727,Tre Harris,LAC,SEA,rec_yds,fanduel,36.5,26.45689451178726,36.16305442781835,-7.0,"",0.18,0.0,Under,-113,0.635,0.5,0.19694690265486725,false
2026_04_LAC_SEA,00-0037545,Rashid Shaheed,SEA,LAC,rec_yds,fanduel,23.5,18.381924098589653,23.72644101762443,7.0,"",0.0,0.0,Over,-113,0.3725,0.5,-0.2978539823008849,false
2026_04_LAC_SEA,00-0037545,Rashid Shaheed,SEA,LAC,rec_yds,fanduel,23.5,18.381924098589653,23.72644101762443,7.0,"",0.0,0.0,Under,-113,0.6275,0.5,0.1828097345132743,false
2026_04_LAC_SEA,00-0039793,AJ Barner,SEA,LAC,rec_yds,fanduel,30.5,30.544772274397104,30.52200765695458,7.0,"",0.0,0.0,Over,-113,0.5325,0.5,0.0037389380530973293,false
2026_04_LAC_SEA,00-0039793,AJ Barner,SEA,LAC,rec_yds,fanduel,30.5,30.544772274397104,30.52200765695458,7.0,"",0.0,0.0,Under,-113,0.4675,0.5,-0.1187831858407079,false
2026_04_LAC_SEA,00-0033908,Cooper Kupp,SEA,LAC,rec_yds,fanduel,23.5,34.47109040091873,38.23835144361881,7.0,"",0.0,0.0,Over,-113,0.6225,0.5,0.17338495575221247,true
2026_04_LAC_SEA,00-0033908,Cooper Kupp,SEA,LAC,rec_yds,fanduel,23.5,34.47109040091873,38.23835144361881,7.0,"",0.0,0.0,Under,-113,0.37749999999999995,0.5,-0.2884292035398231,true
2026_04_LAC_SEA,00-0038543,Jaxon Smith-Njigba,SEA,LAC,rec_yds,fanduel,93.5,72.62772890281619,104.06289505202075,7.0,"",0.0,0.0,Over,-113,0.375,0.5,-0.29314159292035397,false
2026_04_LAC_SEA,00-0038543,Jaxon Smith-Njigba,SEA,LAC,rec_yds,fanduel,93.5,72.62772890281619,104.06289505202075,7.0,"",0.0,0.0,Under,-113,0.625,0.5,0.17809734513274345,false
2026_04_LAC_SEA,00-0039915,Ladd McConkey,LAC,SEA,rec_yds,fanduel,47.5,31.094032190824933,49.885322476877676,-7.0,Q,0.18,0.0,Over,-113,0.29,0.5,-0.45336283185840703,false
2026_04_LAC_SEA,00-0039915,Ladd McConkey,LAC,SEA,rec_yds,fanduel,47.5,31.094032190824933,49.885322476877676,-7.0,Q,0.18,0.0,Under,-113,0.71,0.5,0.3383185840707964,false
2026_04_LAC_SEA,00-0038544,Quentin Johnston,LAC,SEA,rec_yds,fanduel,34.5,39.38115726883589,38.93996141634014,-7.0,"",0.18,0.0,Over,-113,0.55,0.5,0.036725663716814294,false
2026_04_LAC_SEA,00-0038544,Quentin Johnston,LAC,SEA,rec_yds,fanduel,34.5,39.38115726883589,38.93996141634014,-7.0,"",0.18,0.0,Under,-113,0.44999999999999996,0.5,-0.15176991150442487,false
2026_04_LAC_SEA,00-0040666,Omarion Hampton,LAC,SEA,rush_yds,fanduel,45.5,40.70091705771901,55.67716926423581,-7.0,"",0.0,0.0,Over,-113,0.445,0.5,-0.16119469026548666,false
2026_04_LAC_SEA,00-0040666,Omarion Hampton,LAC,SEA,rush_yds,fanduel,45.5,40.70091705771901,55.67716926423581,-7.0,"",0.0,0.0,Under,-113,0.5549999999999999,0.5,0.04615044247787603,false
2026_04_LAC_SEA,00-0038797,Emanuel Wilson,SEA,LAC,rush_yds,fanduel,47.5,20.55338889806892,32.10730308929003,7.0,"",0.82,0.49,Over,-113,0.1625,0.5,-0.6936946902654868,true
2026_04_LAC_SEA,00-0038797,Emanuel Wilson,SEA,LAC,rush_yds,fanduel,47.5,20.55338889806892,32.10730308929003,7.0,"",0.82,0.49,Under,-113,0.8375,0.5,0.5786504424778762,true
2026_04_LAC_SEA,00-0040189,Oronde Gadsden II,LAC,SEA,rec_yds,betonlineag,27.5,15.831114524318671,26.053263624006963,-7.0,"",0.48,0.0,Over,-114,0.295,0.5,-0.4462280701754387,false
2026_04_LAC_SEA,00-0040189,Oronde Gadsden II,LAC,SEA,rec_yds,betonlineag,27.5,15.831114524318671,26.053263624006963,-7.0,"",0.48,0.0,Under,-114,0.7050000000000001,0.5,0.32342105263157905,false
2026_04_LAC_SEA,00-0040666,Omarion Hampton,LAC,SEA,rush_yds,betonlineag,45.5,40.70091705771901,55.67716926423581,-7.0,"",0.0,0.0,Over,-114,0.445,0.5,-0.1646491228070175,false
2026_04_LAC_SEA,00-0040666,Omarion Hampton,LAC,SEA,rush_yds,betonlineag,45.5,40.70091705771901,55.67716926423581,-7.0,"",0.0,0.0,Under,-114,0.5549999999999999,0.5,0.041842105263157736,false
2026_04_LAC_SEA,00-0039793,AJ Barner,SEA,LAC,rec_yds,betrivers,29.5,30.544772274397104,30.52200765695458,7.0,"",0.0,0.0,Over,-115,0.54,0.5,0.009565217391304393,false
2026_04_LAC_SEA,00-0039793,AJ Barner,SEA,LAC,rec_yds,betrivers,29.5,30.544772274397104,30.52200765695458,7.0,"",0.0,0.0,Under,-115,0.45999999999999996,0.5,-0.14000000000000007,false
2026_04_LAC_SEA,00-0036355,Justin Herbert,LAC,SEA,pass_yds,betmgm,200.5,196.89789040346685,211.40402849370207,-7.0,"",0.18,0.0,Over,-115,0.51,0.5,-0.04652173913043478,false
2026_04_LAC_SEA,00-0036355,Justin Herbert,LAC,SEA,pass_yds,betmgm,200.5,196.89789040346685,211.40402849370207,-7.0,"",0.18,0.0,Under,-115,0.49,0.5,-0.0839130434782609,false
2026_04_LAC_SEA,00-0034869,Sam Darnold,SEA,LAC,pass_yds,betmgm,232.5,227.23676544566715,222.2240426095587,7.0,"",0.0,0.0,Over,-115,0.46,0.5,-0.14,false
2026_04_LAC_SEA,00-0034869,Sam Darnold,SEA,LAC,pass_yds,betmgm,232.5,227.23676544566715,222.2240426095587,7.0,"",0.0,0.0,Under,-115,0.54,0.5,0.009565217391304393,false
2026_04_LAC_SEA,00-0038543,Jaxon Smith-Njigba,SEA,LAC,rec_yds,betmgm,90.5,72.62772890281619,104.06289505202075,7.0,"",0.0,0.0,Over,-115,0.3925,0.5,-0.26619565217391294,false
2026_04_LAC_SEA,00-0038543,Jaxon Smith-Njigba,SEA,LAC,rec_yds,betmgm,90.5,72.62772890281619,104.06289505202075,7.0,"",0.0,0.0,Under,-115,0.6074999999999999,0.5,0.13576086956521727,false
2026_04_LAC_SEA,00-0037545,Rashid Shaheed,SEA,LAC,rec_yds,betmgm,22.5,18.381924098589653,23.72644101762443,7.0,"",0.0,0.0,Over,-115,0.39,0.5,-0.2708695652173913,false
2026_04_LAC_SEA,00-0037545,Rashid Shaheed,SEA,LAC,rec_yds,betmgm,22.5,18.381924098589653,23.72644101762443,7.0,"",0.0,0.0,Under,-115,0.61,0.5,0.14043478260869557,false
2026_04_LAC_SEA,00-0040727,Tre Harris,LAC,SEA,rec_yds,betmgm,34.5,26.45689451178726,36.16305442781835,-7.0,"",0.18,0.0,Over,-115,0.395,0.5,-0.26152173913043475,false
2026_04_LAC_SEA,00-0040727,Tre Harris,LAC,SEA,rec_yds,betmgm,34.5,26.45689451178726,36.16305442781835,-7.0,"",0.18,0.0,Under,-115,0.605,0.5,0.13108695652173907,false
2026_04_LAC_SEA,00-0038544,Quentin Johnston,LAC,SEA,rec_yds,betmgm,33.5,39.38115726883589,38.93996141634014,-7.0,"",0.18,0.0,Over,-115,0.56,0.5,0.04695652173913051,false
2026_04_LAC_SEA,00-0038544,Quentin Johnston,LAC,SEA,rec_yds,betmgm,33.5,39.38115726883589,38.93996141634014,-7.0,"",0.18,0.0,Under,-115,0.43999999999999995,0.5,-0.17739130434782618,false
2026_04_LAC_SEA,00-0040666,Omarion Hampton,LAC,SEA,rush_yds,betmgm,44.5,40.70091705771901,55.67716926423581,-7.0,"",0.0,0.0,Over,-115,0.455,0.5,-0.14934782608695646,false
2026_04_LAC_SEA,00-0040666,Omarion Hampton,LAC,SEA,rush_yds,betmgm,44.5,40.70091705771901,55.67716926423581,-7.0,"",0.0,0.0,Under,-115,0.5449999999999999,0.5,0.018913043478260727,false
2026_04_LAC_SEA,00-0036355,Justin Herbert,LAC,SEA,pass_yds,bovada,200.5,196.89789040346685,211.40402849370207,-7.0,"",0.18,0.0,Over,-115,0.51,0.5,-0.04652173913043478,false
2026_04_LAC_SEA,00-0036355,Justin Herbert,LAC,SEA,pass_yds,bovada,200.5,196.89789040346685,211.40402849370207,-7.0,"",0.18,0.0,Under,-115,0.49,0.5,-0.0839130434782609,false
2026_04_LAC_SEA,00-0034869,Sam Darnold,SEA,LAC,pass_yds,bovada,233.5,227.23676544566715,222.2240426095587,7.0,"",0.0,0.0,Over,-115,0.46,0.5,-0.14,false
2026_04_LAC_SEA,00-0034869,Sam Darnold,SEA,LAC,pass_yds,bovada,233.5,227.23676544566715,222.2240426095587,7.0,"",0.0,0.0,Under,-115,0.54,0.5,0.009565217391304393,false
2026_04_LAC_SEA,00-0039793,AJ Barner,SEA,LAC,rec_yds,bovada,31.5,30.544772274397104,30.52200765695458,7.0,"",0.0,0.0,Over,-115,0.51,0.5,-0.04652173913043478,false
2026_04_LAC_SEA,00-0039793,AJ Barner,SEA,LAC,rec_yds,bovada,31.5,30.544772274397104,30.52200765695458,7.0,"",0.0,0.0,Under,-115,0.49,0.5,-0.0839130434782609,false
2026_04_LAC_SEA,00-0033908,Cooper Kupp,SEA,LAC,rec_yds,bovada,23.5,34.47109040091873,38.23835144361881,7.0,"",0.0,0.0,Over,-115,0.6225,0.5,0.163804347826087,true
2026_04_LAC_SEA,00-0033908,Cooper Kupp,SEA,LAC,rec_yds,bovada,23.5,34.47109040091873,38.23835144361881,7.0,"",0.0,0.0,Under,-115,0.37749999999999995,0.5,-0.2942391304347827,true
2026_04_LAC_SEA,00-0038543,Jaxon Smith-Njigba,SEA,LAC,rec_yds,bovada,95.5,72.62772890281619,104.06289505202075,7.0,"",0.0,0.0,Over,-115,0.3675,0.5,-0.3129347826086957,false
2026_04_LAC_SEA,00-0038543,Jaxon Smith-Njigba,SEA,LAC,rec_yds,bovada,95.5,72.62772890281619,104.06289505202075,7.0,"",0.0,0.0,Under,-115,0.6325000000000001,0.5,0.1825000000000001,false
2026_04_LAC_SEA,00-0039915,Ladd McConkey,LAC,SEA,rec_yds,bovada,47.5,31.094032190824933,49.885322476877676,-7.0,Q,0.18,0.0,Over,-115,0.29,0.5,-0.4578260869565217,false
2026_04_LAC_SEA,00-0039915,Ladd McConkey,LAC,SEA,rec_yds,bovada,47.5,31.094032190824933,49.885322476877676,-7.0,Q,0.18,0.0,Under,-115,0.71,0.5,0.32739130434782604,false
2026_04_LAC_SEA,00-0040189,Oronde Gadsden II,LAC,SEA,rec_yds,bovada,28.5,15.831114524318671,26.053263624006963,-7.0,"",0.48,0.0,Over,-115,0.285,0.5,-0.46717391304347833,false
2026_04_LAC_SEA,00-0040189,Oronde Gadsden II,LAC,SEA,rec_yds,bovada,28.5,15.831114524318671,26.053263624006963,-7.0,"",0.48,0.0,Under,-115,0.7150000000000001,0.5,0.33673913043478276,false
2026_04_LAC_SEA,00-0037545,Rashid Shaheed,SEA,LAC,rec_yds,bovada,22.5,18.381924098589653,23.72644101762443,7.0,"",0.0,0.0,Over,-115,0.39,0.5,-0.2708695652173913,false
2026_04_LAC_SEA,00-0037545,Rashid Shaheed,SEA,LAC,rec_yds,bovada,22.5,18.381924098589653,23.72644101762443,7.0,"",0.0,0.0,Under,-115,0.61,0.5,0.14043478260869557,false
2026_04_LAC_SEA,00-0040727,Tre Harris,LAC,SEA,rec_yds,bovada,35.5,26.45689451178726,36.16305442781835,-7.0,"",0.18,0.0,Over,-115,0.3825,0.5,-0.284891304347826,false
2026_04_LAC_SEA,00-0040727,Tre Harris,LAC,SEA,rec_yds,bovada,35.5,26.45689451178726,36.16305442781835,-7.0,"",0.18,0.0,Under,-115,0.6174999999999999,0.5,0.15445652173913027,false
2026_04_LAC_SEA,00-0038797,Emanuel Wilson,SEA,LAC,rush_yds,bovada,49.5,20.55338889806892,32.10730308929003,7.0,"",0.82,0.49,Over,-115,0.1425,0.5,-0.7335869565217392,true
2026_04_LAC_SEA,00-0038797,Emanuel Wilson,SEA,LAC,rush_yds,bovada,49.5,20.55338889806892,32.10730308929003,7.0,"",0.82,0.49,Under,-115,0.8575,0.5,0.6031521739130435,true
2026_04_LAC_SEA,00-0040666,Omarion Hampton,LAC,SEA,rush_yds,bovada,46.5,40.70091705771901,55.67716926423581,-7.0,"",0.0,0.0,Over,-115,0.43,0.5,-0.1960869565217392,false
2026_04_LAC_SEA,00-0040666,Omarion Hampton,LAC,SEA,rush_yds,bovada,46.5,40.70091705771901,55.67716926423581,-7.0,"",0.0,0.0,Under,-115,0.5700000000000001,0.5,0.06565217391304357,false
2026_04_DET_CAR,00-0033106,Jared Goff,DET,CAR,pass_yds,draftkings,257.5,261.14302535623415,280.7758016256247,3.5,"",0.0,0.0,Over,-112,0.475,0.5,-0.10089285714285717,false
2026_04_DET_CAR,00-0033106,Jared Goff,DET,CAR,pass_yds,draftkings,257.5,261.14302535623415,280.7758016256247,3.5,"",0.0,0.0,Under,-112,0.525,0.5,-0.006249999999999922,false
2026_04_DET_CAR,00-0040124,Tetairoa McMillan,CAR,DET,rec_yds,draftkings,72.5,58.88355480189439,60.12865296281391,-3.5,"",0.44,0.0,Over,-112,0.3425,0.5,-0.3516964285714285,true
2026_04_DET_CAR,00-0040124,Tetairoa McMillan,CAR,DET,rec_yds,draftkings,72.5,58.88355480189439,60.12865296281391,-3.5,"",0.44,0.0,Under,-112,0.6575,0.5,0.24455357142857137,true
2026_04_DET_CAR,00-0039065,Sam LaPorta,DET,CAR,rec_yds,draftkings,48.5,41.6972574928549,52.41124484993481,3.5,"",0.0,0.0,Over,-112,0.37,0.5,-0.29964285714285716,false
2026_04_DET_CAR,00-0039065,Sam LaPorta,DET,CAR,rec_yds,draftkings,48.5,41.6972574928549,52.41124484993481,3.5,"",0.0,0.0,Under,-112,0.63,0.5,0.1925,false
2026_04_DET_CAR,00-0036555,Chuba Hubbard,CAR,DET,rush_yds,draftkings,66.5,48.95518924551863,45.69564087795096,-3.5,"",0.0,0.0,Over,-112,0.335,0.5,-0.36589285714285713,true
2026_04_DET_CAR,00-0036555,Chuba Hubbard,CAR,DET,rush_yds,draftkings,66.5,48.95518924551863,45.69564087795096,-3.5,"",0.0,0.0,Under,-112,0.665,0.5,0.25875000000000015,true
2026_04_DET_CAR,00-0039150,Bryce Young,CAR,DET,pass_yds,fanduel,242.5,248.2608409491603,244.23475022316248,-3.5,"",0.44,0.0,Over,-113,0.4975,0.5,-0.06223451327433621,false
2026_04_DET_CAR,00-0039150,Bryce Young,CAR,DET,pass_yds,fanduel,242.5,248.2608409491603,244.23475022316248,-3.5,"",0.44,0.0,Under,-113,0.5025,0.5,-0.05280973451327442,false
2026_04_DET_CAR,00-0033106,Jared Goff,DET,CAR,pass_yds,fanduel,257.5,261.14302535623415,280.7758016256247,3.5,"",0.0,0.0,Over,-113,0.475,0.5,-0.10464601769911508,false
2026_04_DET_CAR,00-0033106,Jared Goff,DET,CAR,pass_yds,fanduel,257.5,261.14302535623415,280.7758016256247,3.5,"",0.0,0.0,Under,-113,0.525,0.5,-0.010398230088495497,false
2026_04_DET_CAR,00-0039139,Jahmyr Gibbs,DET,CAR,rec_yds,fanduel,35.5,37.54006884137487,45.65387386958739,3.5,"",0.0,0.0,Over,-113,0.5225,0.5,-0.015110619469026587,false
2026_04_DET_CAR,00-0039139,Jahmyr Gibbs,DET,CAR,rec_yds,fanduel,35.5,37.54006884137487,45.65387386958739,3.5,"",0.0,0.0,Under,-113,0.47750000000000004,0.5,-0.09993362831858399,false
2026_04_DET_CAR,00-0036963,Amon-Ra St. Brown,DET,CAR,rec_yds,fanduel,75.5,77.043689382904,83.27615220961887,3.5,"",0.0,0.0,Over,-113,0.5425,0.5,0.022588495575221246,false
2026_04_DET_CAR,00-0036963,Amon-Ra St. Brown,DET,CAR,rec_yds,fanduel,75.5,77.043689382904,83.27615220961887,3.5,"",0.0,0.0,Under,-113,0.4575,0.5,-0.13763274336283182,false
2026_04_DET_CAR,00-0040124,Tetairoa McMillan,CAR,DET,rec_yds,fanduel,70.5,58.88355480189439,60.12865296281391,-3.5,"",0.44,0.0,Over,-113,0.36,0.5,-0.32141592920353984,true
2026_04_DET_CAR,00-0040124,Tetairoa McMillan,CAR,DET,rec_yds,fanduel,70.5,58.88355480189439,60.12865296281391,-3.5,"",0.44,0.0,Under,-113,0.64,0.5,0.2063716814159292,true
2026_04_DET_CAR,00-0031610,Darren Waller,CAR,DET,rec_yds,fanduel,34.5,27.049151785366128,35.17969558031205,-3.5,"",0.0,0.0,Over,-113,0.4025,0.5,-0.24130530973451314,false
2026_04_DET_CAR,00-0031610,Darren Waller,CAR,DET,rec_yds,fanduel,34.5,27.049151785366128,35.17969558031205,-3.5,"",0.0,0.0,Under,-113,0.5974999999999999,0.5,0.12626106194690256,false
2026_04_DET_CAR,00-0039065,Sam LaPorta,DET,CAR,rec_yds,fanduel,47.5,41.6972574928549,52.41124484993481,3.5,"",0.0,0.0,Over,-113,0.3825,0.5,-0.279004424778761,false
2026_04_DET_CAR,00-0039065,Sam LaPorta,DET,CAR,rec_yds,fanduel,47.5,41.6972574928549,52.41124484993481,3.5,"",0.0,0.0,Under,-113,0.6174999999999999,0.5,0.1639601769911504,false
2026_04_DET_CAR,00-0037240,Jameson Williams,DET,CAR,rec_yds,fanduel,50.5,55.0990806723728,60.78712415912301,3.5,"",0.0,0.0,Over,-113,0.565,0.5,0.06499999999999995,false
2026_04_DET_CAR,00-0037240,Jameson Williams,DET,CAR,rec_yds,fanduel,50.5,55.0990806723728,60.78712415912301,3.5,"",0.0,0.0,Under,-113,0.43500000000000005,0.5,-0.18004424778761052,false
2026_04_DET_CAR,00-0039139,Jahmyr Gibbs,DET,CAR,rush_yds,fanduel,94.5,93.5639451469748,79.32772740575524,3.5,"",0.0,0.0,Over,-113,0.465,0.5,-0.12349557522123883,false
2026_04_DET_CAR,00-0039139,Jahmyr Gibbs,DET,CAR,rush_yds,fanduel,94.5,93.5639451469748,79.32772740575524,3.5,"",0.0,0.0,Under,-113,0.5349999999999999,0.5,0.008451327433628197,false
2026_04_DET_CAR,00-0036555,Chuba Hubbard,CAR,DET,rush_yds,fanduel,65.5,48.95518924551863,45.69564087795096,-3.5,"",0.0,0.0,Over,-113,0.3425,0.5,-0.3544026548672566,true
2026_04_DET_CAR,00-0036555,Chuba Hubbard,CAR,DET,rush_yds,fanduel,65.5,48.95518924551863,45.69564087795096,-3.5,"",0.0,0.0,Under,-113,0.6575,0.5,0.23935840707964595,true
2026_04_DET_CAR,00-0039150,Bryce Young,CAR,DET,pass_yds,betonlineag,242.5,248.2608409491603,244.23475022316248,-3.5,"",0.44,0.0,Over,-114,0.4975,0.5,-0.06609649122807015,false
2026_04_DET_CAR,00-0039150,Bryce Young,CAR,DET,pass_yds,betonlineag,242.5,248.2608409491603,244.23475022316248,-3.5,"",0.44,0.0,Under,-114,0.5025,0.5,-0.0567105263157896,false
2026_04_DET_CAR,00-0039139,Jahmyr Gibbs,DET,CAR,rec_yds,betonlineag,37.5,37.54006884137487,45.65387386958739,3.5,"",0.0,0.0,Over,-114,0.5075,0.5,-0.04732456140350888,false
2026_04_DET_CAR,00-0039139,Jahmyr Gibbs,DET,CAR,rec_yds,betonlineag,37.5,37.54006884137487,45.65387386958739,3.5,"",0.0,0.0,Under,-114,0.49250000000000005,0.5,-0.07548245614035082,false
2026_04_DET_CAR,00-0037240,Jameson Williams,DET,CAR,rec_yds,betonlineag,52.5,55.0990806723728,60.78712415912301,3.5,"",0.0,0.0,Over,-114,0.5325,0.5,-0.00039473684210533655,false
2026_04_DET_CAR,00-0037240,Jameson Williams,DET,CAR,rec_yds,betonlineag,52.5,55.0990806723728,60.78712415912301,3.5,"",0.0,0.0,Under,-114,0.4675,0.5,-0.12241228070175436,false
2026_04_DET_CAR,00-0040124,Tetairoa McMillan,CAR,DET,rec_yds,betonlineag,73.5,58.88355480189439,60.12865296281391,-3.5,"",0.44,0.0,Over,-114,0.34,0.5,-0.3617543859649122,true
2026_04_DET_CAR,00-0040124,Tetairoa McMillan,CAR,DET,rec_yds,betonlineag,73.5,58.88355480189439,60.12865296281391,-3.5,"",0.44,0.0,Under,-114,0.6599999999999999,0.5,0.23894736842105246,true
2026_04_DET_CAR,00-0031610,Darren Waller,CAR,DET,rec_yds,betonlineag,35.5,27.049151785366128,35.17969558031205,-3.5,"",0.0,0.0,Over,-114,0.3875,0.5,-0.27258771929824566,false
2026_04_DET_CAR,00-0031610,Darren Waller,CAR,DET,rec_yds,betonlineag,35.5,27.049151785366128,35.17969558031205,-3.5,"",0.0,0.0,Under,-114,0.6125,0.5,0.14978070175438607,false
2026_04_DET_CAR,00-0039139,Jahmyr Gibbs,DET,CAR,rush_yds,betonlineag,96.5,93.5639451469748,79.32772740575524,3.5,"",0.0,0.0,Over,-114,0.4475,0.5,-0.15995614035087719,false
2026_04_DET_CAR,00-0039139,Jahmyr Gibbs,DET,CAR,rush_yds,betonlineag,96.5,93.5639451469748,79.32772740575524,3.5,"",0.0,0.0,Under,-114,0.5525,0.5,0.03714912280701749,false
2026_04_DET_CAR,00-0036555,Chuba Hubbard,CAR,DET,rush_yds,betonlineag,66.5,48.95518924551863,45.69564087795096,-3.5,"",0.0,0.0,Over,-114,0.335,0.5,-0.371140350877193,true
2026_04_DET_CAR,00-0036555,Chuba Hubbard,CAR,DET,rush_yds,betonlineag,66.5,48.95518924551863,45.69564087795096,-3.5,"",0.0,0.0,Under,-114,0.665,0.5,0.2483333333333334,true
2026_04_DET_CAR,00-0039150,Bryce Young,CAR,DET,pass_yds,bovada,242.5,248.2608409491603,244.23475022316248,-3.5,"",0.44,0.0,Over,-115,0.4975,0.5,-0.06989130434782603,false
2026_04_DET_CAR,00-0039150,Bryce Young,CAR,DET,pass_yds,bovada,242.5,248.2608409491603,244.23475022316248,-3.5,"",0.44,0.0,Under,-115,0.5025,0.5,-0.0605434782608697,false
2026_04_DET_CAR,00-0033106,Jared Goff,DET,CAR,pass_yds,bovada,257.5,261.14302535623415,280.7758016256247,3.5,"",0.0,0.0,Over,-115,0.475,0.5,-0.11195652173913051,false
2026_04_DET_CAR,00-0033106,Jared Goff,DET,CAR,pass_yds,bovada,257.5,261.14302535623415,280.7758016256247,3.5,"",0.0,0.0,Under,-115,0.525,0.5,-0.018478260869565166,false
2026_04_DET_CAR,00-0036963,Amon-Ra St. Brown,DET,CAR,rec_yds,bovada,77.5,77.043689382904,83.27615220961887,3.5,"",0.0,0.0,Over,-115,0.5075,0.5,-0.05119565217391314,false
2026_04_DET_CAR,00-0036963,Amon-Ra St. Brown,DET,CAR,rec_yds,bovada,77.5,77.043689382904,83.27615220961887,3.5,"",0.0,0.0,Under,-115,0.49250000000000005,0.5,-0.07923913043478253,false
2026_04_DET_CAR,00-0031610,Darren Waller,CAR,DET,rec_yds,bovada,35.5,27.049151785366128,35.17969558031205,-3.5,"",0.0,0.0,Over,-115,0.3875,0.5,-0.2755434782608696,false
2026_04_DET_CAR,00-0031610,Darren Waller,CAR,DET,rec_yds,bovada,35.5,27.049151785366128,35.17969558031205,-3.5,"",0.0,0.0,Under,-115,0.6125,0.5,0.145108695652174,false
2026_04_DET_CAR,00-0037240,Jameson Williams,DET,CAR,rec_yds,bovada,50.5,55.0990806723728,60.78712415912301,3.5,"",0.0,0.0,Over,-115,0.565,0.5,0.05630434782608684,false
2026_04_DET_CAR,00-0037240,Jameson Williams,DET,CAR,rec_yds,bovada,50.5,55.0990806723728,60.78712415912301,3.5,"",0.0,0.0,Under,-115,0.43500000000000005,0.5,-0.18673913043478252,false
2026_04_DET_CAR,00-0039065,Sam LaPorta,DET,CAR,rec_yds,bovada,48.5,41.6972574928549,52.41124484993481,3.5,"",0.0,0.0,Over,-115,0.37,0.5,-0.3082608695652174,false
2026_04_DET_CAR,00-0039065,Sam LaPorta,DET,CAR,rec_yds,bovada,48.5,41.6972574928549,52.41124484993481,3.5,"",0.0,0.0,Under,-115,0.63,0.5,0.1778260869565217,false
2026_04_DET_CAR,00-0040124,Tetairoa McMillan,CAR,DET,rec_yds,bovada,72.5,58.88355480189439,60.12865296281391,-3.5,"",0.44,0.0,Over,-115,0.3425,0.5,-0.35967391304347823,true
2026_04_DET_CAR,00-0040124,Tetairoa McMillan,CAR,DET,rec_yds,bovada,72.5,58.88355480189439,60.12865296281391,-3.5,"",0.44,0.0,Under,-115,0.6575,0.5,0.2292391304347825,true
2026_04_DET_CAR,00-0036555,Chuba Hubbard,CAR,DET,rush_yds,bovada,66.5,48.95518924551863,45.69564087795096,-3.5,"",0.0,0.0,Over,-115,0.335,0.5,-0.3736956521739131,true
2026_04_DET_CAR,00-0036555,Chuba Hubbard,CAR,DET,rush_yds,bovada,66.5,48.95518924551863,45.69564087795096,-3.5,"",0.0,0.0,Under,-115,0.665,0.5,0.24326086956521742,true
2026_04_DET_CAR,00-0039139,Jahmyr Gibbs,DET,CAR,rush_yds,bovada,94.5,93.5639451469748,79.32772740575524,3.5,"",0.0,0.0,Over,-115,0.465,0.5,-0.1306521739130434,false
2026_04_DET_CAR,00-0039139,Jahmyr Gibbs,DET,CAR,rush_yds,bovada,94.5,93.5639451469748,79.32772740575524,3.5,"",0.0,0.0,Under,-115,0.5349999999999999,0.5,0.0002173913043476694,false
2026_04_DET_CAR,00-0039150,Bryce Young,CAR,DET,pass_yds,betmgm,241.5,248.2608409491603,244.23475022316248,-3.5,"",0.44,0.0,Over,-115,0.51,0.5,-0.04652173913043478,false
2026_04_DET_CAR,00-0039150,Bryce Young,CAR,DET,pass_yds,betmgm,241.5,248.2608409491603,244.23475022316248,-3.5,"",0.44,0.0,Under,-115,0.49,0.5,-0.0839130434782609,false
2026_04_DET_CAR,00-0037240,Jameson Williams,DET,CAR,rec_yds,betmgm,48.5,55.0990806723728,60.78712415912301,3.5,"",0.0,0.0,Over,-115,0.5825,0.5,0.08902173913043476,false
2026_04_DET_CAR,00-0037240,Jameson Williams,DET,CAR,rec_yds,betmgm,48.5,55.0990806723728,60.78712415912301,3.5,"",0.0,0.0,Under,-115,0.4175,0.5,-0.2194565217391305,false
2026_04_DET_CAR,00-0031610,Darren Waller,CAR,DET,rec_yds,betmgm,32.5,27.049151785366128,35.17969558031205,-3.5,"",0.0,0.0,Over,-115,0.42,0.5,-0.21478260869565224,false
2026_04_DET_CAR,00-0031610,Darren Waller,CAR,DET,rec_yds,betmgm,32.5,27.049151785366128,35.17969558031205,-3.5,"",0.0,0.0,Under,-115,0.5800000000000001,0.5,0.08434782608695668,false
2026_04_DET_CAR,00-0040124,Tetairoa McMillan,CAR,DET,rec_yds,betmgm,74.5,58.88355480189439,60.12865296281391,-3.5,"",0.44,0.0,Over,-115,0.325,0.5,-0.39239130434782615,true
2026_04_DET_CAR,00-0040124,Tetairoa McMillan,CAR,DET,rec_yds,betmgm,74.5,58.88355480189439,60.12865296281391,-3.5,"",0.44,0.0,Under,-115,0.675,0.5,0.26195652173913053,true
2026_04_DET_CAR,00-0036963,Amon-Ra St. Brown,DET,CAR,rec_yds,betmgm,76.5,77.043689382904,83.27615220961887,3.5,"",0.0,0.0,Over,-115,0.535,0.5,0.00021739130434789145,false
2026_04_DET_CAR,00-0036963,Amon-Ra St. Brown,DET,CAR,rec_yds,betmgm,76.5,77.043689382904,83.27615220961887,3.5,"",0.0,0.0,Under,-115,0.46499999999999997,0.5,-0.13065217391304357,false
2026_04_DET_CAR,00-0039065,Sam LaPorta,DET,CAR,rec_yds,betmgm,44.5,41.6972574928549,52.41124484993481,3.5,"",0.0,0.0,Over,-115,0.4075,0.5,-0.23815217391304355,false
2026_04_DET_CAR,00-0039065,Sam LaPorta,DET,CAR,rec_yds,betmgm,44.5,41.6972574928549,52.41124484993481,3.5,"",0.0,0.0,Under,-115,0.5925,0.5,0.10771739130434788,false
2026_04_DET_CAR,00-0039139,Jahmyr Gibbs,DET,CAR,rush_yds,betmgm,95.5,93.5639451469748,79.32772740575524,3.5,"",0.0,0.0,Over,-115,0.455,0.5,-0.14934782608695646,false
2026_04_DET_CAR,00-0039139,Jahmyr Gibbs,DET,CAR,rush_yds,betmgm,95.5,93.5639451469748,79.32772740575524,3.5,"",0.0,0.0,Under,-115,0.5449999999999999,0.5,0.018913043478260727,false
2026_04_ATL_NO,00-0038551,Kendre Miller,NO,ATL,rush_yds,draftkings,25.5,10.834125012933882,24.351152922376016,1.5,"",0.0,0.0,Over,-112,0.2,0.5,-0.6214285714285714,false
2026_04_ATL_NO,00-0038551,Kendre Miller,NO,ATL,rush_yds,draftkings,25.5,10.834125012933882,24.351152922376016,1.5,"",0.0,0.0,Under,-112,0.8,0.5,0.5142857142857145,false
2026_04_ATL_NO,00-0039917,Michael Penix Jr.,ATL,NO,pass_yds,fanduel,224.5,227.10259259943885,216.71179631938716,-1.5,"",0.0,0.0,Over,-114,0.4875,0.5,-0.08486842105263159,false
2026_04_ATL_NO,00-0039917,Michael Penix Jr.,ATL,NO,pass_yds,fanduel,224.5,227.10259259943885,216.71179631938716,-1.5,"",0.0,0.0,Under,-114,0.5125,0.5,-0.03793859649122816,false
2026_04_ATL_NO,00-0040743,Tyler Shough,NO,ATL,pass_yds,fanduel,254.5,261.0693108956794,270.28520318410136,1.5,"",0.0,0.0,Over,-114,0.495,0.5,-0.07078947368421057,false
2026_04_ATL_NO,00-0040743,Tyler Shough,NO,ATL,pass_yds,fanduel,254.5,261.0693108956794,270.28520318410136,1.5,"",0.0,0.0,Under,-114,0.505,0.5,-0.05201754385964913,false
2026_04_ATL_NO,00-0038542,Bijan Robinson,ATL,NO,rec_yds,fanduel,39.5,32.52299397479807,39.24763005083163,-1.5,"",0.0,0.0,Over,-114,0.3875,0.5,-0.27258771929824566,false
2026_04_ATL_NO,00-0038542,Bijan Robinson,ATL,NO,rec_yds,fanduel,39.5,32.52299397479807,39.24763005083163,-1.5,"",0.0,0.0,Under,-114,0.6125,0.5,0.14978070175438607,false
2026_04_ATL_NO,00-0036040,Juwan Johnson,NO,ATL,rec_yds,fanduel,40.5,45.86798029665469,58.165773050914574,1.5,"",0.0,0.0,Over,-114,0.585,0.5,0.098157894736842,false
2026_04_ATL_NO,00-0036040,Juwan Johnson,NO,ATL,rec_yds,fanduel,40.5,45.86798029665469,58.165773050914574,1.5,"",0.0,0.0,Under,-114,0.41500000000000004,0.5,-0.2209649122807017,false
2026_04_ATL_NO,00-0037238,Drake London,ATL,NO,rec_yds,fanduel,78.5,67.83595295897788,84.55349451043982,-1.5,"",0.0,0.0,Over,-114,0.41,0.5,-0.23035087719298258,false
2026_04_ATL_NO,00-0037238,Drake London,ATL,NO,rec_yds,fanduel,78.5,67.83595295897788,84.55349451043982,-1.5,"",0.0,0.0,Under,-114,0.5900000000000001,0.5,0.10754385964912294,false
2026_04_ATL_NO,00-0033906,Alvin Kamara,NO,ATL,rec_yds,fanduel,15.5,13.528360418390463,15.490923292283359,1.5,"",0.0,0.0,Over,-114,0.4675,0.5,-0.12241228070175436,false
2026_04_ATL_NO,00-0033906,Alvin Kamara,NO,ATL,rec_yds,fanduel,15.5,13.528360418390463,15.490923292283359,1.5,"",0.0,0.0,Under,-114,0.5325,0.5,-0.00039473684210533655,false
2026_04_ATL_NO,00-0035644,Noah Fant,NO,ATL,rec_yds,fanduel,16.5,12.599302859571432,19.681068475531955,1.5,ltd,0.0,0.0,Over,-114,0.4,0.5,-0.24912280701754386,false
2026_04_ATL_NO,00-0035644,Noah Fant,NO,ATL,rec_yds,fanduel,16.5,12.599302859571432,19.681068475531955,1.5,ltd,0.0,0.0,Under,-114,0.6,0.5,0.12631578947368416,false
2026_04_ATL_NO,00-0036970,Kyle Pitts,ATL,NO,rec_yds,fanduel,29.5,33.55764905438143,37.68905204260197,-1.5,"",0.0,0.0,Over,-114,0.5225,0.5,-0.019166666666666776,false
2026_04_ATL_NO,00-0036970,Kyle Pitts,ATL,NO,rec_yds,fanduel,29.5,33.55764905438143,37.68905204260197,-1.5,"",0.0,0.0,Under,-114,0.47750000000000004,0.5,-0.10364035087719292,false
2026_04_ATL_NO,00-0039424,Devaughn Vele,NO,ATL,rec_yds,fanduel,44.5,41.22885517103616,46.21070970776557,1.5,"",0.0,0.0,Over,-114,0.4175,0.5,-0.21627192982456145,false
2026_04_ATL_NO,00-0039424,Devaughn Vele,NO,ATL,rec_yds,fanduel,44.5,41.22885517103616,46.21070970776557,1.5,"",0.0,0.0,Under,-114,0.5825,0.5,0.09346491228070175,false
2026_04_ATL_NO,00-0037239,Chris Olave,NO,ATL,rec_yds,fanduel,85.5,79.01525818679008,99.00403131920578,1.5,"",0.0,0.0,Over,-114,0.4875,0.5,-0.08486842105263159,false
2026_04_ATL_NO,00-0037239,Chris Olave,NO,ATL,rec_yds,fanduel,85.5,79.01525818679008,99.00403131920578,1.5,"",0.0,0.0,Under,-114,0.5125,0.5,-0.03793859649122816,false
2026_04_ATL_NO,00-0036040,Juwan Johnson,NO,ATL,receptions,fanduel,3.5,3.8915743910950913,4.79680555306685,1.5,"",0.0,0.0,Over,-114,0.535,0.5,0.004298245614035134,false
2026_04_ATL_NO,00-0036040,Juwan Johnson,NO,ATL,receptions,fanduel,3.5,3.8915743910950913,4.79680555306685,1.5,"",0.0,0.0,Under,-114,0.46499999999999997,0.5,-0.12710526315789483,false
2026_04_ATL_NO,00-0038542,Bijan Robinson,ATL,NO,receptions,fanduel,4.5,3.033689193961564,4.33902937734329,-1.5,"",0.0,0.0,Over,-114,0.2275,0.5,-0.572938596491228,false
2026_04_ATL_NO,00-0038542,Bijan Robinson,ATL,NO,receptions,fanduel,4.5,3.033689193961564,4.33902937734329,-1.5,"",0.0,0.0,Under,-114,0.7725,0.5,0.4501315789473683,false
2026_04_ATL_NO,00-0038542,Bijan Robinson,ATL,NO,rush_yds,fanduel,85.5,89.7867695550424,105.30073022861536,-1.5,"",0.0,0.0,Over,-114,0.5025,0.5,-0.0567105263157896,false
2026_04_ATL_NO,00-0038542,Bijan Robinson,ATL,NO,rush_yds,fanduel,85.5,89.7867695550424,105.30073022861536,-1.5,"",0.0,0.0,Under,-114,0.49750000000000005,0.5,-0.0660964912280701,false
2026_04_ATL_NO,00-0037746,Brian Robinson Jr.,ATL,NO,rush_yds,fanduel,29.5,22.620550665887787,28.604747178019434,-1.5,"",0.0,0.0,Over,-114,0.365,0.5,-0.3148245614035088,false
2026_04_ATL_NO,00-0037746,Brian Robinson Jr.,ATL,NO,rush_yds,fanduel,29.5,22.620550665887787,28.604747178019434,-1.5,"",0.0,0.0,Under,-114,0.635,0.5,0.1920175438596491,false
2026_04_ATL_NO,00-0033906,Alvin Kamara,NO,ATL,rush_yds,fanduel,37.5,16.552636853515068,36.58482283642212,1.5,"",0.0,0.0,Over,-114,0.1825,0.5,-0.6574122807017544,false
2026_04_ATL_NO,00-0033906,Alvin Kamara,NO,ATL,rush_yds,fanduel,37.5,16.552636853515068,36.58482283642212,1.5,"",0.0,0.0,Under,-114,0.8175,0.5,0.5346052631578947,false
2026_04_ATL_NO,00-0038551,Kendre Miller,NO,ATL,rush_yds,fanduel,25.5,10.834125012933882,24.351152922376016,1.5,"",0.0,0.0,Over,-114,0.2,0.5,-0.624561403508772,false
2026_04_ATL_NO,00-0038551,Kendre Miller,NO,ATL,rush_yds,fanduel,25.5,10.834125012933882,24.351152922376016,1.5,"",0.0,0.0,Under,-114,0.8,0.5,0.5017543859649123,false
2026_04_ATL_NO,00-0039917,Michael Penix Jr.,ATL,NO,pass_yds,betonlineag,228.5,227.10259259943885,216.71179631938716,-1.5,"",0.0,0.0,Over,-114,0.475,0.5,-0.10833333333333339,false
2026_04_ATL_NO,00-0039917,Michael Penix Jr.,ATL,NO,pass_yds,betonlineag,228.5,227.10259259943885,216.71179631938716,-1.5,"",0.0,0.0,Under,-114,0.525,0.5,-0.014473684210526305,false
2026_04_ATL_NO,00-0039424,Devaughn Vele,NO,ATL,rec_yds,betonlineag,44.5,41.22885517103616,46.21070970776557,1.5,"",0.0,0.0,Over,-114,0.4175,0.5,-0.21627192982456145,false
2026_04_ATL_NO,00-0039424,Devaughn Vele,NO,ATL,rec_yds,betonlineag,44.5,41.22885517103616,46.21070970776557,1.5,"",0.0,0.0,Under,-114,0.5825,0.5,0.09346491228070175,false
2026_04_ATL_NO,00-0037239,Chris Olave,NO,ATL,rec_yds,betonlineag,85.5,79.01525818679008,99.00403131920578,1.5,"",0.0,0.0,Over,-114,0.4875,0.5,-0.08486842105263159,false
2026_04_ATL_NO,00-0037239,Chris Olave,NO,ATL,rec_yds,betonlineag,85.5,79.01525818679008,99.00403131920578,1.5,"",0.0,0.0,Under,-114,0.5125,0.5,-0.03793859649122816,false
2026_04_ATL_NO,00-0035644,Noah Fant,NO,ATL,rec_yds,betonlineag,17.5,12.599302859571432,19.681068475531955,1.5,ltd,0.0,0.0,Over,-114,0.37,0.5,-0.3054385964912281,false
2026_04_ATL_NO,00-0035644,Noah Fant,NO,ATL,rec_yds,betonlineag,17.5,12.599302859571432,19.681068475531955,1.5,ltd,0.0,0.0,Under,-114,0.63,0.5,0.18263157894736837,false
2026_04_ATL_NO,00-0036970,Kyle Pitts,ATL,NO,rec_yds,betonlineag,29.5,33.55764905438143,37.68905204260197,-1.5,"",0.0,0.0,Over,-114,0.5225,0.5,-0.019166666666666776,false
2026_04_ATL_NO,00-0036970,Kyle Pitts,ATL,NO,rec_yds,betonlineag,29.5,33.55764905438143,37.68905204260197,-1.5,"",0.0,0.0,Under,-114,0.47750000000000004,0.5,-0.10364035087719292,false
2026_04_ATL_NO,00-0036040,Juwan Johnson,NO,ATL,rec_yds,betonlineag,41.5,45.86798029665469,58.165773050914574,1.5,"",0.0,0.0,Over,-114,0.575,0.5,0.07938596491228056,false
2026_04_ATL_NO,00-0036040,Juwan Johnson,NO,ATL,rec_yds,betonlineag,41.5,45.86798029665469,58.165773050914574,1.5,"",0.0,0.0,Under,-114,0.42500000000000004,0.5,-0.2021929824561403,false
2026_04_ATL_NO,00-0037746,Brian Robinson Jr.,ATL,NO,rush_yds,betonlineag,29.5,22.620550665887787,28.604747178019434,-1.5,"",0.0,0.0,Over,-114,0.365,0.5,-0.3148245614035088,false
2026_04_ATL_NO,00-0037746,Brian Robinson Jr.,ATL,NO,rush_yds,betonlineag,29.5,22.620550665887787,28.604747178019434,-1.5,"",0.0,0.0,Under,-114,0.635,0.5,0.1920175438596491,false
2026_04_ATL_NO,00-0038542,Bijan Robinson,ATL,NO,rush_yds,betonlineag,85.5,89.7867695550424,105.30073022861536,-1.5,"",0.0,0.0,Over,-114,0.5025,0.5,-0.0567105263157896,false
2026_04_ATL_NO,00-0038542,Bijan Robinson,ATL,NO,rush_yds,betonlineag,85.5,89.7867695550424,105.30073022861536,-1.5,"",0.0,0.0,Under,-114,0.49750000000000005,0.5,-0.0660964912280701,false
2026_04_ATL_NO,00-0033906,Alvin Kamara,NO,ATL,rush_yds,betonlineag,37.5,16.552636853515068,36.58482283642212,1.5,"",0.0,0.0,Over,-114,0.1825,0.5,-0.6574122807017544,false
2026_04_ATL_NO,00-0033906,Alvin Kamara,NO,ATL,rush_yds,betonlineag,37.5,16.552636853515068,36.58482283642212,1.5,"",0.0,0.0,Under,-114,0.8175,0.5,0.5346052631578947,false
2026_04_ATL_NO,00-0038542,Bijan Robinson,ATL,NO,rush_yds,betrivers,89.5,89.7867695550424,105.30073022861536,-1.5,"",0.0,0.0,Over,-115,0.47,0.5,-0.12130434782608701,false
2026_04_ATL_NO,00-0038542,Bijan Robinson,ATL,NO,rush_yds,betrivers,89.5,89.7867695550424,105.30073022861536,-1.5,"",0.0,0.0,Under,-115,0.53,0.5,-0.009130434782608665,false
2026_04_ATL_NO,00-0040743,Tyler Shough,NO,ATL,pass_yds,betmgm,254.5,261.0693108956794,270.28520318410136,1.5,"",0.0,0.0,Over,-115,0.495,0.5,-0.0745652173913044,false
2026_04_ATL_NO,00-0040743,Tyler Shough,NO,ATL,pass_yds,betmgm,254.5,261.0693108956794,270.28520318410136,1.5,"",0.0,0.0,Under,-115,0.505,0.5,-0.05586956521739128,false
2026_04_ATL_NO,00-0039917,Michael Penix Jr.,ATL,NO,pass_yds,betmgm,226.5,227.10259259943885,216.71179631938716,-1.5,"",0.0,0.0,Over,-115,0.4825,0.5,-0.09793478260869576,false
2026_04_ATL_NO,00-0039917,Michael Penix Jr.,ATL,NO,pass_yds,betmgm,226.5,227.10259259943885,216.71179631938716,-1.5,"",0.0,0.0,Under,-115,0.5175000000000001,0.5,-0.03249999999999986,false
2026_04_ATL_NO,00-0037239,Chris Olave,NO,ATL,rec_yds,betmgm,84.5,79.01525818679008,99.00403131920578,1.5,"",0.0,0.0,Over,-115,0.5,0.5,-0.06521739130434784,false
2026_04_ATL_NO,00-0037239,Chris Olave,NO,ATL,rec_yds,betmgm,84.5,79.01525818679008,99.00403131920578,1.5,"",0.0,0.0,Under,-115,0.5,0.5,-0.06521739130434784,false
2026_04_ATL_NO,00-0039424,Devaughn Vele,NO,ATL,rec_yds,betmgm,44.5,41.22885517103616,46.21070970776557,1.5,"",0.0,0.0,Over,-115,0.4175,0.5,-0.2194565217391305,false
2026_04_ATL_NO,00-0039424,Devaughn Vele,NO,ATL,rec_yds,betmgm,44.5,41.22885517103616,46.21070970776557,1.5,"",0.0,0.0,Under,-115,0.5825,0.5,0.08902173913043476,false
2026_04_ATL_NO,00-0038542,Bijan Robinson,ATL,NO,rec_yds,betmgm,39.5,32.52299397479807,39.24763005083163,-1.5,"",0.0,0.0,Over,-115,0.3875,0.5,-0.2755434782608696,false
2026_04_ATL_NO,00-0038542,Bijan Robinson,ATL,NO,rec_yds,betmgm,39.5,32.52299397479807,39.24763005083163,-1.5,"",0.0,0.0,Under,-115,0.6125,0.5,0.145108695652174,false
2026_04_ATL_NO,00-0036970,Kyle Pitts,ATL,NO,rec_yds,betmgm,28.5,33.55764905438143,37.68905204260197,-1.5,"",0.0,0.0,Over,-115,0.54,0.5,0.009565217391304393,false
2026_04_ATL_NO,00-0036970,Kyle Pitts,ATL,NO,rec_yds,betmgm,28.5,33.55764905438143,37.68905204260197,-1.5,"",0.0,0.0,Under,-115,0.45999999999999996,0.5,-0.14000000000000007,false
2026_04_ATL_NO,00-0037238,Drake London,ATL,NO,rec_yds,betmgm,77.5,67.83595295897788,84.55349451043982,-1.5,"",0.0,0.0,Over,-115,0.415,0.5,-0.2241304347826087,false
2026_04_ATL_NO,00-0037238,Drake London,ATL,NO,rec_yds,betmgm,77.5,67.83595295897788,84.55349451043982,-1.5,"",0.0,0.0,Under,-115,0.585,0.5,0.09369565217391296,false
2026_04_ATL_NO,00-0033906,Alvin Kamara,NO,ATL,rec_yds,betmgm,16.5,13.528360418390463,15.490923292283359,1.5,"",0.0,0.0,Over,-115,0.445,0.5,-0.16804347826086952,false
2026_04_ATL_NO,00-0033906,Alvin Kamara,NO,ATL,rec_yds,betmgm,16.5,13.528360418390463,15.490923292283359,1.5,"",0.0,0.0,Under,-115,0.5549999999999999,0.5,0.037608695652173785,false
2026_04_ATL_NO,00-0038542,Bijan Robinson,ATL,NO,rush_yds,betmgm,85.5,89.7867695550424,105.30073022861536,-1.5,"",0.0,0.0,Over,-115,0.5025,0.5,-0.0605434782608697,false
2026_04_ATL_NO,00-0038542,Bijan Robinson,ATL,NO,rush_yds,betmgm,85.5,89.7867695550424,105.30073022861536,-1.5,"",0.0,0.0,Under,-115,0.49750000000000005,0.5,-0.06989130434782598,false
2026_04_ATL_NO,00-0037746,Brian Robinson Jr.,ATL,NO,rush_yds,betmgm,30.5,22.620550665887787,28.604747178019434,-1.5,"",0.0,0.0,Over,-115,0.35,0.5,-0.34565217391304354,false
2026_04_ATL_NO,00-0037746,Brian Robinson Jr.,ATL,NO,rush_yds,betmgm,30.5,22.620550665887787,28.604747178019434,-1.5,"",0.0,0.0,Under,-115,0.65,0.5,0.2152173913043478,false
2026_04_ATL_NO,00-0038551,Kendre Miller,NO,ATL,rush_yds,betmgm,25.5,10.834125012933882,24.351152922376016,1.5,"",0.0,0.0,Over,-115,0.2,0.5,-0.6260869565217392,false
2026_04_ATL_NO,00-0038551,Kendre Miller,NO,ATL,rush_yds,betmgm,25.5,10.834125012933882,24.351152922376016,1.5,"",0.0,0.0,Under,-115,0.8,0.5,0.4956521739130435,false
2026_04_ATL_NO,00-0033906,Alvin Kamara,NO,ATL,rush_yds,betmgm,36.5,16.552636853515068,36.58482283642212,1.5,"",0.0,0.0,Over,-115,0.195,0.5,-0.6354347826086956,false
2026_04_ATL_NO,00-0033906,Alvin Kamara,NO,ATL,rush_yds,betmgm,36.5,16.552636853515068,36.58482283642212,1.5,"",0.0,0.0,Under,-115,0.8049999999999999,0.5,0.5049999999999999,false
2026_04_ATL_NO,00-0039917,Michael Penix Jr.,ATL,NO,pass_yds,bovada,228.5,227.10259259943885,216.71179631938716,-1.5,"",0.0,0.0,Over,-115,0.475,0.5,-0.11195652173913051,false
2026_04_ATL_NO,00-0039917,Michael Penix Jr.,ATL,NO,pass_yds,bovada,228.5,227.10259259943885,216.71179631938716,-1.5,"",0.0,0.0,Under,-115,0.525,0.5,-0.018478260869565166,false
2026_04_ATL_NO,00-0040743,Tyler Shough,NO,ATL,pass_yds,bovada,257.5,261.0693108956794,270.28520318410136,1.5,"",0.0,0.0,Over,-115,0.4725,0.5,-0.11663043478260882,false
2026_04_ATL_NO,00-0040743,Tyler Shough,NO,ATL,pass_yds,bovada,257.5,261.0693108956794,270.28520318410136,1.5,"",0.0,0.0,Under,-115,0.5275000000000001,0.5,-0.013804347826086805,false
2026_04_ATL_NO,00-0037239,Chris Olave,NO,ATL,rec_yds,bovada,85.5,79.01525818679008,99.00403131920578,1.5,"",0.0,0.0,Over,-115,0.4875,0.5,-0.08858695652173909,false
2026_04_ATL_NO,00-0037239,Chris Olave,NO,ATL,rec_yds,bovada,85.5,79.01525818679008,99.00403131920578,1.5,"",0.0,0.0,Under,-115,0.5125,0.5,-0.04184782608695664,false
2026_04_ATL_NO,00-0037238,Drake London,ATL,NO,rec_yds,bovada,78.5,67.83595295897788,84.55349451043982,-1.5,"",0.0,0.0,Over,-115,0.41,0.5,-0.2334782608695653,false
2026_04_ATL_NO,00-0037238,Drake London,ATL,NO,rec_yds,bovada,78.5,67.83595295897788,84.55349451043982,-1.5,"",0.0,0.0,Under,-115,0.5900000000000001,0.5,0.10304347826086968,false
2026_04_ATL_NO,00-0036040,Juwan Johnson,NO,ATL,rec_yds,bovada,40.5,45.86798029665469,58.165773050914574,1.5,"",0.0,0.0,Over,-115,0.585,0.5,0.09369565217391296,false
2026_04_ATL_NO,00-0036040,Juwan Johnson,NO,ATL,rec_yds,bovada,40.5,45.86798029665469,58.165773050914574,1.5,"",0.0,0.0,Under,-115,0.41500000000000004,0.5,-0.22413043478260863,false
2026_04_ATL_NO,00-0036970,Kyle Pitts,ATL,NO,rec_yds,bovada,28.5,33.55764905438143,37.68905204260197,-1.5,"",0.0,0.0,Over,-115,0.54,0.5,0.009565217391304393,false
2026_04_ATL_NO,00-0036970,Kyle Pitts,ATL,NO,rec_yds,bovada,28.5,33.55764905438143,37.68905204260197,-1.5,"",0.0,0.0,Under,-115,0.45999999999999996,0.5,-0.14000000000000007,false
2026_04_ATL_NO,00-0035644,Noah Fant,NO,ATL,rec_yds,bovada,17.5,12.599302859571432,19.681068475531955,1.5,ltd,0.0,0.0,Over,-115,0.37,0.5,-0.3082608695652174,false
2026_04_ATL_NO,00-0035644,Noah Fant,NO,ATL,rec_yds,bovada,17.5,12.599302859571432,19.681068475531955,1.5,ltd,0.0,0.0,Under,-115,0.63,0.5,0.1778260869565217,false
2026_04_ATL_NO,00-0038542,Bijan Robinson,ATL,NO,rush_yds,bovada,86.5,89.7867695550424,105.30073022861536,-1.5,"",0.0,0.0,Over,-115,0.4975,0.5,-0.06989130434782603,false
2026_04_ATL_NO,00-0038542,Bijan Robinson,ATL,NO,rush_yds,bovada,86.5,89.7867695550424,105.30073022861536,-1.5,"",0.0,0.0,Under,-115,0.5025,0.5,-0.0605434782608697,false
2026_04_ATL_NO,00-0038551,Kendre Miller,NO,ATL,rush_yds,bovada,25.5,10.834125012933882,24.351152922376016,1.5,"",0.0,0.0,Over,-115,0.2,0.5,-0.6260869565217392,false
2026_04_ATL_NO,00-0038551,Kendre Miller,NO,ATL,rush_yds,bovada,25.5,10.834125012933882,24.351152922376016,1.5,"",0.0,0.0,Under,-115,0.8,0.5,0.4956521739130435,false
2026_04_TEN_BAL,00-0035261,Tony Pollard,TEN,BAL,rush_yds,betrivers,46.5,51.81206559633644,67.27707803559272,-11.5,"",0.0,0.55,Over,-114,0.5975,0.4989820846905537,0.12162280701754391,false
2026_04_TEN_BAL,00-0035261,Tony Pollard,TEN,BAL,rush_yds,betrivers,46.5,51.81206559633644,67.27707803559272,-11.5,"",0.0,0.55,Under,-115,0.40249999999999997,0.5010179153094463,-0.24750000000000005,false
2026_04_NE_BUF,00-0038933,Dalton Kincaid,BUF,NE,rec_yds,betrivers,51.5,39.7548709653255,60.526909840791134,7.0,"",0.0,0.95,Over,-114,0.31,0.4989820846905537,-0.4180701754385965,false
2026_04_NE_BUF,00-0038933,Dalton Kincaid,BUF,NE,rec_yds,betrivers,51.5,39.7548709653255,60.526909840791134,7.0,"",0.0,0.95,Under,-115,0.69,0.5010179153094463,0.2899999999999999,false
2026_04_GB_TB,00-0039361,Bucky Irving,TB,GB,rush_yds,draftkings,57.5,58.7695144525457,61.60670580551925,-3.0,"",0.0,0.57,Over,-112,0.5325,0.501060130608091,0.007946428571428521,true
2026_04_GB_TB,00-0039361,Bucky Irving,TB,GB,rush_yds,draftkings,57.5,58.7695144525457,61.60670580551925,-3.0,"",0.0,0.57,Under,-111,0.4675,0.49893986939190904,-0.11132882882882877,true
2026_04_LA_PHI,00-0040867,Makai Lemon,PHI,LA,rec_yds,betrivers,35.5,19.556635358822042,14.614195131168584,-3.5,"",1.48,0.76,Over,-115,0.245,0.5010179153094463,-0.5419565217391304,true
2026_04_LA_PHI,00-0040867,Makai Lemon,PHI,LA,rec_yds,betrivers,35.5,19.556635358822042,14.614195131168584,-3.5,"",1.48,0.76,Under,-114,0.755,0.4989820846905537,0.4172807017543859,true
2026_04_MIA_MIN,00-0041525,Chris Bell,MIA,MIN,receptions,draftkings,2.5,1.7407264678947998,1.8473708305243508,-10.0,"",0.88,0.01,Over,-113,0.3325,0.5010457625700661,-0.3732522123893805,true
2026_04_MIA_MIN,00-0041525,Chris Bell,MIA,MIN,receptions,draftkings,2.5,1.7407264678947998,1.8473708305243508,-10.0,"",0.88,0.01,Under,-112,0.6675,0.49895423742993394,0.2634821428571429,true
2026_04_KC_LV,00-0033873,Patrick Mahomes,KC,LV,pass_yds,draftkings,237.5,273.27451423133095,257.510478366701,4.5,"",0.0,0.0,Over,-111,0.6475,0.49893986939190915,0.23083333333333322,false
2026_04_KC_LV,00-0033873,Patrick Mahomes,KC,LV,pass_yds,draftkings,237.5,273.27451423133095,257.510478366701,4.5,"",0.0,0.0,Under,-112,0.35250000000000004,0.5010601306080908,-0.33276785714285706,false
2026_04_KC_LV,00-0038563,Tre Tucker,LV,KC,rec_yds,betrivers,38.5,36.936572525120674,45.982507354734416,-4.5,"",0.0,0.0,Over,-115,0.455,0.5010179153094463,-0.14934782608695646,false
2026_04_KC_LV,00-0038563,Tre Tucker,LV,KC,rec_yds,betrivers,38.5,36.936572525120674,45.982507354734416,-4.5,"",0.0,0.0,Under,-114,0.5449999999999999,0.4989820846905537,0.023070175438596352,false
2026_04_DET_CAR,00-0039139,Jahmyr Gibbs,DET,CAR,rec_yds,betrivers,35.5,37.54006884137487,45.65387386958739,3.5,"",0.0,0.0,Over,-115,0.5225,0.5010179153094463,-0.023152173913043583,false
2026_04_DET_CAR,00-0039139,Jahmyr Gibbs,DET,CAR,rec_yds,betrivers,35.5,37.54006884137487,45.65387386958739,3.5,"",0.0,0.0,Under,-114,0.47750000000000004,0.4989820846905537,-0.10364035087719292,false
2026_04_ARI_NYG,00-0031503,Jameis Winston,NYG,ARI,pass_yds,draftkings,206.5,178.13615593336272,173.94237340210202,-2.5,"",0.0,0.59,Over,-113,0.3825,0.5021058838394474,-0.279004424778761,false
2026_04_ARI_NYG,00-0031503,Jameis Winston,NYG,ARI,pass_yds,draftkings,206.5,178.13615593336272,173.94237340210202,-2.5,"",0.0,0.59,Under,-111,0.6174999999999999,0.49789411616055257,0.17380630630630622,false
2026_04_ARI_NYG,00-0037744,Trey McBride,ARI,NYG,rec_yds,draftkings,63.5,66.18243402953176,72.50447189844394,2.5,"",0.0,0.0,Over,-111,0.515,0.4978941161605526,-0.021036036036035988,false
2026_04_ARI_NYG,00-0037744,Trey McBride,ARI,NYG,rec_yds,draftkings,63.5,66.18243402953176,72.50447189844394,2.5,"",0.0,0.0,Under,-113,0.485,0.5021058838394474,-0.08579646017699116,false
2026_04_ARI_NYG,00-0039337,Malik Nabers,NYG,ARI,rec_yds,draftkings,54.5,51.02383616435483,54.68066697742663,-2.5,"",0.0,0.59,Over,-111,0.455,0.4978941161605526,-0.13509009009009,false
2026_04_ARI_NYG,00-0039337,Malik Nabers,NYG,ARI,rec_yds,draftkings,54.5,51.02383616435483,54.68066697742663,-2.5,"",0.0,0.59,Under,-113,0.5449999999999999,0.5021058838394474,0.027300884955752114,false
2026_04_ARI_NYG,00-0037838,Isaiah Likely,NYG,ARI,rec_yds,draftkings,41.5,31.207666910817554,32.5034502949772,-2.5,"",0.0,0.59,Over,-111,0.37,0.4978941161605526,-0.2966666666666667,false
2026_04_ARI_NYG,00-0037838,Isaiah Likely,NYG,ARI,rec_yds,draftkings,41.5,31.207666910817554,32.5034502949772,-2.5,"",0.0,0.59,Under,-113,0.63,0.5021058838394474,0.1875221238938053,false
2026_04_TEN_BAL,00-0034796,Lamar Jackson,BAL,TEN,pass_yds,draftkings,217.5,208.80574311463224,211.87556072748842,11.5,"",0.0,0.0,Over,-111,0.44,0.4978941161605526,-0.16360360360360365,false
2026_04_TEN_BAL,00-0034796,Lamar Jackson,BAL,TEN,pass_yds,draftkings,217.5,208.80574311463224,211.87556072748842,11.5,"",0.0,0.0,Under,-113,0.56,0.5021058838394474,0.055575221238938155,false
2026_04_TEN_BAL,00-0040676,Cam Ward,TEN,BAL,pass_yds,draftkings,186.5,182.47885997306108,173.20626156692657,-11.5,"",0.0,0.0,Over,-111,0.5,0.4978941161605526,-0.04954954954954954,false
2026_04_TEN_BAL,00-0040676,Cam Ward,TEN,BAL,pass_yds,draftkings,186.5,182.47885997306108,173.20626156692657,-11.5,"",0.0,0.0,Under,-113,0.5,0.5021058838394474,-0.05752212389380529,false
2026_04_TEN_BAL,00-0039064,Zay Flowers,BAL,TEN,rec_yds,draftkings,74.5,55.94057219887515,86.57843263817468,11.5,Q,0.0,0.0,Over,-111,0.305,0.4978941161605526,-0.42022522522522526,false
2026_04_TEN_BAL,00-0039064,Zay Flowers,BAL,TEN,rec_yds,draftkings,74.5,55.94057219887515,86.57843263817468,11.5,Q,0.0,0.0,Under,-113,0.6950000000000001,0.5021058838394474,0.31004424778761075,false
2026_04_TEN_BAL,00-0039032,Tyjae Spears,TEN,BAL,rec_yds,draftkings,12.5,9.797574598574911,16.872967325345748,-11.5,Q,0.0,0.0,Over,-111,0.4025,0.4978941161605526,-0.2348873873873873,false
2026_04_TEN_BAL,00-0039032,Tyjae Spears,TEN,BAL,rec_yds,draftkings,12.5,9.797574598574911,16.872967325345748,-11.5,Q,0.0,0.0,Under,-113,0.5974999999999999,0.5021058838394474,0.12626106194690256,false
2026_04_NE_BUF,00-0034857,Josh Allen,BUF,NE,pass_yds,draftkings,242.5,264.3791753479903,243.9976619807886,7.0,"",0.0,0.95,Over,-113,0.5875,0.5021058838394474,0.10741150442477887,false
2026_04_NE_BUF,00-0034857,Josh Allen,BUF,NE,pass_yds,draftkings,242.5,264.3791753479903,243.9976619807886,7.0,"",0.0,0.95,Under,-111,0.4125,0.49789411616055257,-0.21587837837837842,false
2026_04_NE_BUF,00-0039851,Drake Maye,NE,BUF,pass_yds,draftkings,229.5,196.4538575123922,216.20063842990243,-7.0,"",0.0,0.0,Over,-111,0.36,0.4978941161605526,-0.31567567567567567,false
2026_04_NE_BUF,00-0039851,Drake Maye,NE,BUF,pass_yds,draftkings,229.5,196.4538575123922,216.20063842990243,-7.0,"",0.0,0.0,Under,-113,0.64,0.5021058838394474,0.2063716814159292,false
2026_04_NYJ_CHI,00-0040735,Luther Burden III,CHI,NYJ,rec_yds,draftkings,47.5,40.209214947799566,50.78367506586843,3.5,"",0.0,0.0,Over,-111,0.3475,0.4978941161605526,-0.33943693693693705,false
2026_04_NYJ_CHI,00-0040735,Luther Burden III,CHI,NYJ,rec_yds,draftkings,47.5,40.209214947799566,50.78367506586843,3.5,"",0.0,0.0,Under,-113,0.6525000000000001,0.5021058838394474,0.22993362831858422,false
2026_04_JAX_CIN,00-0036971,Trevor Lawrence,JAX,CIN,pass_yds,draftkings,258.5,239.7149149210251,225.82087046237464,-2.5,"",0.0,0.28,Over,-113,0.375,0.5021058838394474,-0.29314159292035397,false
2026_04_JAX_CIN,00-0036971,Trevor Lawrence,JAX,CIN,pass_yds,draftkings,258.5,239.7149149210251,225.82087046237464,-2.5,"",0.0,0.28,Under,-111,0.625,0.49789411616055257,0.18806306306306309,false
2026_04_JAX_CIN,00-0036900,Ja'Marr Chase,CIN,JAX,rec_yds,draftkings,83.5,77.14617886131353,80.77542554148054,2.5,"",0.11,0.0,Over,-113,0.4825,0.5021058838394474,-0.0905088495575222,false
2026_04_JAX_CIN,00-0036900,Ja'Marr Chase,CIN,JAX,rec_yds,draftkings,83.5,77.14617886131353,80.77542554148054,2.5,"",0.11,0.0,Under,-111,0.5175000000000001,0.49789411616055257,-0.016283783783783645,false
2026_04_JAX_CIN,00-0038606,Parker Washington,JAX,CIN,rec_yds,draftkings,77.5,60.532002228114756,74.07996488826598,-2.5,"",0.0,0.28,Over,-111,0.33,0.4978941161605526,-0.3727027027027026,false
2026_04_JAX_CIN,00-0038606,Parker Washington,JAX,CIN,rec_yds,draftkings,77.5,60.532002228114756,74.07996488826598,-2.5,"",0.0,0.28,Under,-113,0.6699999999999999,0.5021058838394474,0.26292035398230074,false
2026_04_JAX_CIN,00-0036410,Tee Higgins,CIN,JAX,rec_yds,draftkings,63.5,64.7464223192132,71.3534402134996,2.5,"",0.11,0.0,Over,-111,0.5025,0.4978941161605526,-0.04479729729729737,false
2026_04_JAX_CIN,00-0036410,Tee Higgins,CIN,JAX,rec_yds,draftkings,63.5,64.7464223192132,71.3534402134996,2.5,"",0.11,0.0,Under,-113,0.49750000000000005,0.5021058838394474,-0.062234513274336156,false
2026_04_JAX_CIN,00-0034829,Mike Gesicki,CIN,JAX,rec_yds,draftkings,27.5,28.40912004595741,38.27397897842776,2.5,"",0.0,0.0,Over,-111,0.4825,0.4978941161605526,-0.08281531531531539,false
2026_04_JAX_CIN,00-0034829,Mike Gesicki,CIN,JAX,rec_yds,draftkings,27.5,28.40912004595741,38.27397897842776,2.5,"",0.0,0.0,Under,-113,0.5175000000000001,0.5021058838394474,-0.024535398230088323,false
2026_04_JAX_CIN,00-0038597,Chase Brown,CIN,JAX,rec_yds,draftkings,19.5,15.90171620656453,21.48257505684939,2.5,"",0.0,0.0,Over,-111,0.4025,0.4978941161605526,-0.2348873873873873,false
2026_04_JAX_CIN,00-0038597,Chase Brown,CIN,JAX,rec_yds,draftkings,19.5,15.90171620656453,21.48257505684939,2.5,"",0.0,0.0,Under,-113,0.5974999999999999,0.5021058838394474,0.12626106194690256,false
2026_04_DAL_HOU,00-0033077,Dak Prescott,DAL,HOU,pass_yds,draftkings,268.5,239.27922393747315,251.94277346787447,-3.0,"",0.0,0.62,Over,-111,0.3125,0.4978941161605526,-0.40596846846846846,false
2026_04_DAL_HOU,00-0033077,Dak Prescott,DAL,HOU,pass_yds,draftkings,268.5,239.27922393747315,251.94277346787447,-3.0,"",0.0,0.62,Under,-113,0.6875,0.5021058838394474,0.2959070796460177,false
2026_04_DAL_HOU,00-0039410,Ryan Flournoy,DAL,HOU,rec_yds,draftkings,33.5,25.120233916789335,31.452149410987445,-3.0,"",0.0,0.62,Over,-111,0.3925,0.4978941161605526,-0.25389639639639633,false
2026_04_DAL_HOU,00-0039410,Ryan Flournoy,DAL,HOU,rec_yds,draftkings,33.5,25.120233916789335,31.452149410987445,-3.0,"",0.0,0.62,Under,-113,0.6074999999999999,0.5021058838394474,0.14511061946902648,false
2026_04_DAL_HOU,00-0038618,Xavier Hutchinson,HOU,DAL,rec_yds,draftkings,26.5,33.91443912307543,34.94490471645812,3.0,"",0.0,0.67,Over,-113,0.5775,0.5021058838394474,0.08856194690265495,false
2026_04_DAL_HOU,00-0038618,Xavier Hutchinson,HOU,DAL,rec_yds,draftkings,26.5,33.91443912307543,34.94490471645812,3.0,"",0.0,0.67,Under,-111,0.4225,0.49789411616055257,-0.19686936936936938,false
2026_04_DAL_HOU,00-0036997,Javonte Williams,DAL,HOU,rush_yds,draftkings,57.5,48.99246958216685,63.10121265594864,-3.0,"",0.0,0.94,Over,-113,0.4725,0.5021058838394474,-0.10935840707964611,false
2026_04_DAL_HOU,00-0036997,Javonte Williams,DAL,HOU,rush_yds,draftkings,57.5,48.99246958216685,63.10121265594864,-3.0,"",0.0,0.94,Under,-111,0.5275000000000001,0.49789411616055257,0.0027252252252253917,false
2026_04_DAL_HOU,00-0035685,David Montgomery,HOU,DAL,rush_yds,draftkings,44.5,29.46936782501259,34.824858183732665,3.0,"",0.0,0.63,Over,-111,0.305,0.4978941161605526,-0.42022522522522526,false
2026_04_DAL_HOU,00-0035685,David Montgomery,HOU,DAL,rush_yds,draftkings,44.5,29.46936782501259,34.824858183732665,3.0,"",0.0,0.63,Under,-113,0.6950000000000001,0.5021058838394474,0.31004424778761075,false
2026_04_DAL_HOU,00-0040583,Woody Marks,HOU,DAL,rush_yds,draftkings,33.5,41.14097459489508,40.2047090417723,3.0,"",0.0,0.63,Over,-113,0.6125,0.5021058838394474,0.15453539823008866,false
2026_04_DAL_HOU,00-0040583,Woody Marks,HOU,DAL,rush_yds,draftkings,33.5,41.14097459489508,40.2047090417723,3.0,"",0.0,0.63,Under,-111,0.38749999999999996,0.49789411616055257,-0.26340090090090096,false
2026_04_GB_TB,00-0040667,Matthew Golden,GB,TB,rec_yds,draftkings,56.5,40.21698670925648,53.603292941629824,3.0,"",0.0,0.67,Over,-113,0.2725,0.5021058838394474,-0.4863495575221239,true
2026_04_GB_TB,00-0040667,Matthew Golden,GB,TB,rec_yds,draftkings,56.5,40.21698670925648,53.603292941629824,3.0,"",0.0,0.67,Under,-111,0.7275,0.49789411616055257,0.3829054054054055,true
2026_04_GB_TB,00-0038996,Tucker Kraft,GB,TB,rec_yds,draftkings,40.5,39.851408553175716,47.46068326070601,3.0,"",0.0,0.67,Over,-111,0.455,0.4978941161605526,-0.13509009009009,false
2026_04_GB_TB,00-0038996,Tucker Kraft,GB,TB,rec_yds,draftkings,40.5,39.851408553175716,47.46068326070601,3.0,"",0.0,0.67,Under,-113,0.5449999999999999,0.5021058838394474,0.027300884955752114,false
2026_04_GB_TB,00-0041048,Ted Hurst III,TB,GB,rec_yds,draftkings,22.5,28.870944655100057,34.59966120047719,-3.0,"",0.0,0.0,Over,-111,0.5525,0.4978941161605526,0.05024774774774776,true
2026_04_GB_TB,00-0041048,Ted Hurst III,TB,GB,rec_yds,draftkings,22.5,28.870944655100057,34.59966120047719,-3.0,"",0.0,0.0,Under,-113,0.4475,0.5021058838394474,-0.15648230088495574,true
2026_04_GB_TB,00-0036919,Kenny Gainwell,TB,GB,rec_yds,draftkings,9.5,17.427375099310783,24.373955483076553,-3.0,"",0.0,0.0,Over,-113,0.665,0.5021058838394474,0.253495575221239,true
2026_04_GB_TB,00-0036919,Kenny Gainwell,TB,GB,rec_yds,draftkings,9.5,17.427375099310783,24.373955483076553,-3.0,"",0.0,0.0,Under,-111,0.33499999999999996,0.49789411616055257,-0.36319819819819826,true
2026_04_LA_PHI,00-0036389,Jalen Hurts,PHI,LA,pass_yds,draftkings,186.5,218.70385320009336,194.3398706474221,-3.5,"",1.48,0.76,Over,-113,0.645,0.5021058838394474,0.21579646017699117,false
2026_04_LA_PHI,00-0036389,Jalen Hurts,PHI,LA,pass_yds,draftkings,186.5,218.70385320009336,194.3398706474221,-3.5,"",1.48,0.76,Under,-111,0.355,0.49789411616055257,-0.3251801801801802,false
2026_04_LA_PHI,00-0039075,Puka Nacua,LA,PHI,rec_yds,draftkings,75.5,71.9517094375186,105.73902962263016,3.5,"",0.0,0.72,Over,-113,0.49,0.5021058838394474,-0.0763716814159292,false
2026_04_LA_PHI,00-0039075,Puka Nacua,LA,PHI,rec_yds,draftkings,75.5,71.9517094375186,105.73902962263016,3.5,"",0.0,0.72,Under,-111,0.51,0.49789411616055257,-0.030540540540540506,false
2026_04_LA_PHI,00-0039738,Blake Corum,LA,PHI,rush_yds,draftkings,38.5,23.781228451909517,46.35505723663194,3.5,"",0.0,0.98,Over,-113,0.2925,0.5021058838394474,-0.4486504424778761,false
2026_04_LA_PHI,00-0039738,Blake Corum,LA,PHI,rush_yds,draftkings,38.5,23.781228451909517,46.35505723663194,3.5,"",0.0,0.98,Under,-111,0.7075,0.49789411616055257,0.34488738738738745,false
2026_04_MIA_MIN,00-0035228,Kyler Murray,MIN,MIA,pass_yds,draftkings,204.5,202.5609551080213,181.58266116202273,10.0,"",0.7,0.56,Over,-111,0.52,0.4978941161605526,-0.01153153153153147,false
2026_04_MIA_MIN,00-0035228,Kyler Murray,MIN,MIA,pass_yds,draftkings,204.5,202.5609551080213,181.58266116202273,10.0,"",0.7,0.56,Under,-113,0.48,0.5021058838394474,-0.09522123893805312,false
2026_04_MIA_MIN,00-0038994,Jordan Addison,MIN,MIA,rec_yds,draftkings,62.5,36.518268336405555,36.61367085685367,10.0,"",0.7,0.56,Over,-113,0.225,0.5021058838394474,-0.5758849557522124,true
2026_04_MIA_MIN,00-0038994,Jordan Addison,MIN,MIA,rec_yds,draftkings,62.5,36.518268336405555,36.61367085685367,10.0,"",0.7,0.56,Under,-111,0.775,0.49789411616055257,0.4731981981981983,true
2026_04_MIA_MIN,00-0035229,T.J. Hockenson,MIN,MIA,rec_yds,draftkings,38.5,32.60770193092166,27.91283038404964,10.0,"",0.0,0.56,Over,-113,0.4125,0.5021058838394474,-0.2224557522123894,true
2026_04_MIA_MIN,00-0035229,T.J. Hockenson,MIN,MIA,rec_yds,draftkings,38.5,32.60770193092166,27.91283038404964,10.0,"",0.0,0.56,Under,-111,0.5875,0.49789411616055257,0.11677927927927934,true
2026_04_MIA_MIN,00-0033293,Aaron Jones,MIN,MIA,rec_yds,draftkings,19.5,17.77569368404178,14.660935214589227,10.0,ltd,0.0,0.56,Over,-111,0.4375,0.4978941161605526,-0.16835585585585583,true
2026_04_MIA_MIN,00-0033293,Aaron Jones,MIN,MIA,rec_yds,draftkings,19.5,17.77569368404178,14.660935214589227,10.0,ltd,0.0,0.56,Under,-113,0.5625,0.5021058838394474,0.06028761061946908,true
2026_04_MIA_MIN,00-0033293,Aaron Jones,MIN,MIA,rush_yds,draftkings,67.5,61.82196908134833,58.89738901151887,10.0,ltd,0.0,0.2,Over,-113,0.45,0.5021058838394474,-0.15176991150442481,true
2026_04_MIA_MIN,00-0033293,Aaron Jones,MIN,MIA,rush_yds,draftkings,67.5,61.82196908134833,58.89738901151887,10.0,ltd,0.0,0.2,Under,-111,0.55,0.49789411616055257,0.045495495495495586,true
2026_04_DEN_SF,00-0037834,Brock Purdy,SF,DEN,pass_yds,draftkings,235.5,224.84572798804888,243.8651921431779,3.0,"",0.0,0.0,Over,-113,0.435,0.5021058838394474,-0.18004424778761052,false
2026_04_DEN_SF,00-0037834,Brock Purdy,SF,DEN,pass_yds,draftkings,235.5,224.84572798804888,243.8651921431779,3.0,"",0.0,0.0,Under,-111,0.565,0.49789411616055257,0.07400900900900886,false
2026_04_DEN_SF,00-0039732,Bo Nix,DEN,SF,pass_yds,draftkings,222.5,229.21779116447755,225.58949895330153,-3.0,"",0.0,0.0,Over,-111,0.525,0.4978941161605526,-0.002027027027026951,false
2026_04_DEN_SF,00-0039732,Bo Nix,DEN,SF,pass_yds,draftkings,222.5,229.21779116447755,225.58949895330153,-3.0,"",0.0,0.0,Under,-113,0.475,0.5021058838394474,-0.10464601769911508,false
2026_04_DEN_SF,00-0034348,Courtland Sutton,DEN,SF,rec_yds,draftkings,39.5,42.581903806403275,41.15147197760761,-3.0,"",0.0,0.0,Over,-111,0.52,0.4978941161605526,-0.01153153153153147,false
2026_04_DEN_SF,00-0034348,Courtland Sutton,DEN,SF,rec_yds,draftkings,39.5,42.581903806403275,41.15147197760761,-3.0,"",0.0,0.0,Under,-113,0.48,0.5021058838394474,-0.09522123893805312,false
2026_04_DEN_SF,00-0033280,Christian McCaffrey,SF,DEN,rush_yds,draftkings,65.5,57.613442883619314,61.864010304579416,3.0,"",0.0,0.36,Over,-113,0.4175,0.5021058838394474,-0.21303097345132743,false
2026_04_DEN_SF,00-0033280,Christian McCaffrey,SF,DEN,rush_yds,draftkings,65.5,57.613442883619314,61.864010304579416,3.0,"",0.0,0.36,Under,-111,0.5825,0.49789411616055257,0.10727477477477476,false
2026_04_DEN_SF,00-0036158,J.K. Dobbins,DEN,SF,rush_yds,draftkings,59.5,53.43288617880651,60.60209019357035,-3.0,"",0.0,1.56,Over,-113,0.495,0.5021058838394474,-0.06694690265486725,false
2026_04_DEN_SF,00-0036158,J.K. Dobbins,DEN,SF,rush_yds,draftkings,59.5,53.43288617880651,60.60209019357035,-3.0,"",0.0,1.56,Under,-111,0.505,0.49789411616055257,-0.040045045045045025,false
2026_04_DEN_SF,00-0040730,RJ Harvey,DEN,SF,rush_yds,draftkings,15.5,24.49029600561196,28.29235011596783,-3.0,"",0.0,1.56,Over,-111,0.645,0.4978941161605526,0.22608108108108116,true
2026_04_DEN_SF,00-0040730,RJ Harvey,DEN,SF,rush_yds,draftkings,15.5,24.49029600561196,28.29235011596783,-3.0,"",0.0,1.56,Under,-113,0.355,0.5021058838394474,-0.3308407079646018,true
2026_04_KC_LV,00-0029604,Kirk Cousins,LV,KC,pass_yds,draftkings,222.5,214.28239673897883,207.8015252551221,-4.5,"",0.0,0.0,Over,-111,0.43,0.4978941161605526,-0.1826126126126127,false
2026_04_KC_LV,00-0029604,Kirk Cousins,LV,KC,pass_yds,draftkings,222.5,214.28239673897883,207.8015252551221,-4.5,"",0.0,0.0,Under,-113,0.5700000000000001,0.5021058838394474,0.07442477876106213,false
2026_04_KC_LV,00-0039338,Brock Bowers,LV,KC,rec_yds,draftkings,69.5,47.95426611210446,62.53773719824398,-4.5,ltd,0.0,0.0,Over,-111,0.2925,0.4978941161605526,-0.44398648648648653,false
2026_04_KC_LV,00-0039338,Brock Bowers,LV,KC,rec_yds,draftkings,69.5,47.95426611210446,62.53773719824398,-4.5,ltd,0.0,0.0,Under,-113,0.7075,0.5021058838394474,0.33360619469026553,false
2026_04_KC_LV,00-0038563,Tre Tucker,LV,KC,rec_yds,draftkings,37.5,36.936572525120674,45.982507354734416,-4.5,"",0.0,0.0,Over,-111,0.465,0.4978941161605526,-0.11608108108108095,false
2026_04_KC_LV,00-0038563,Tre Tucker,LV,KC,rec_yds,draftkings,37.5,36.936572525120674,45.982507354734416,-4.5,"",0.0,0.0,Under,-113,0.5349999999999999,0.5021058838394474,0.008451327433628197,false
2026_04_KC_LV,00-0039894,Xavier Worthy,KC,LV,rec_yds,draftkings,34.5,35.179704925663295,31.512544118749,4.5,"",0.0,0.0,Over,-113,0.5025,0.5021058838394474,-0.05280973451327442,false
2026_04_KC_LV,00-0039894,Xavier Worthy,KC,LV,rec_yds,draftkings,34.5,35.179704925663295,31.512544118749,4.5,"",0.0,0.0,Under,-111,0.49750000000000005,0.49789411616055257,-0.05430180180180172,false
2026_04_KC_LV,00-0037291,Jalen Nailor,LV,KC,rec_yds,draftkings,20.5,14.345397653035864,21.683087023284696,-4.5,"",0.0,0.0,Over,-111,0.35,0.4978941161605526,-0.3346846846846847,false
2026_04_KC_LV,00-0037291,Jalen Nailor,LV,KC,rec_yds,draftkings,20.5,14.345397653035864,21.683087023284696,-4.5,"",0.0,0.0,Under,-113,0.65,0.5021058838394474,0.22522123893805313,false
2026_04_LAC_SEA,00-0034869,Sam Darnold,SEA,LAC,pass_yds,draftkings,233.5,227.23676544566715,222.2240426095587,7.0,"",0.0,0.0,Over,-113,0.46,0.5021058838394474,-0.1329203539823009,false
2026_04_LAC_SEA,00-0034869,Sam Darnold,SEA,LAC,pass_yds,draftkings,233.5,227.23676544566715,222.2240426095587,7.0,"",0.0,0.0,Under,-111,0.54,0.49789411616055257,0.02648648648648655,false
2026_04_LAC_SEA,00-0036355,Justin Herbert,LAC,SEA,pass_yds,draftkings,200.5,196.89789040346685,211.40402849370207,-7.0,"",0.18,0.0,Over,-111,0.51,0.4978941161605526,-0.030540540540540506,false
2026_04_LAC_SEA,00-0036355,Justin Herbert,LAC,SEA,pass_yds,draftkings,200.5,196.89789040346685,211.40402849370207,-7.0,"",0.18,0.0,Under,-113,0.49,0.5021058838394474,-0.0763716814159292,false
2026_04_LAC_SEA,00-0039915,Ladd McConkey,LAC,SEA,rec_yds,draftkings,47.5,31.094032190824933,49.885322476877676,-7.0,Q,0.18,0.0,Over,-111,0.29,0.4978941161605526,-0.4487387387387387,false
2026_04_LAC_SEA,00-0039915,Ladd McConkey,LAC,SEA,rec_yds,draftkings,47.5,31.094032190824933,49.885322476877676,-7.0,Q,0.18,0.0,Under,-113,0.71,0.5021058838394474,0.3383185840707964,false
2026_04_LAC_SEA,00-0040727,Tre Harris,LAC,SEA,rec_yds,draftkings,35.5,26.45689451178726,36.16305442781835,-7.0,"",0.18,0.0,Over,-113,0.3825,0.5021058838394474,-0.279004424778761,false
2026_04_LAC_SEA,00-0040727,Tre Harris,LAC,SEA,rec_yds,draftkings,35.5,26.45689451178726,36.16305442781835,-7.0,"",0.18,0.0,Under,-111,0.6174999999999999,0.49789411616055257,0.17380630630630622,false
2026_04_LAC_SEA,00-0039793,AJ Barner,SEA,LAC,rec_yds,draftkings,31.5,30.544772274397104,30.52200765695458,7.0,"",0.0,0.0,Over,-113,0.51,0.5021058838394474,-0.03867256637168137,false
2026_04_LAC_SEA,00-0039793,AJ Barner,SEA,LAC,rec_yds,draftkings,31.5,30.544772274397104,30.52200765695458,7.0,"",0.0,0.0,Under,-111,0.49,0.49789411616055257,-0.06855855855855858,false
2026_04_LAC_SEA,00-0033908,Cooper Kupp,SEA,LAC,rec_yds,draftkings,23.5,34.47109040091873,38.23835144361881,7.0,"",0.0,0.0,Over,-111,0.6225,0.4978941161605526,0.1833108108108109,true
2026_04_LAC_SEA,00-0033908,Cooper Kupp,SEA,LAC,rec_yds,draftkings,23.5,34.47109040091873,38.23835144361881,7.0,"",0.0,0.0,Under,-113,0.37749999999999995,0.5021058838394474,-0.2884292035398231,true
2026_04_LAC_SEA,00-0037545,Rashid Shaheed,SEA,LAC,rec_yds,draftkings,22.5,18.381924098589653,23.72644101762443,7.0,"",0.0,0.0,Over,-113,0.39,0.5021058838394474,-0.2648672566371681,false
2026_04_LAC_SEA,00-0037545,Rashid Shaheed,SEA,LAC,rec_yds,draftkings,22.5,18.381924098589653,23.72644101762443,7.0,"",0.0,0.0,Under,-111,0.61,0.49789411616055257,0.15954954954954959,false
2026_04_LAC_SEA,00-0038797,Emanuel Wilson,SEA,LAC,rush_yds,draftkings,49.5,20.55338889806892,32.10730308929003,7.0,"",0.82,0.49,Over,-113,0.1425,0.5021058838394474,-0.7313938053097345,true
2026_04_LAC_SEA,00-0038797,Emanuel Wilson,SEA,LAC,rush_yds,draftkings,49.5,20.55338889806892,32.10730308929003,7.0,"",0.82,0.49,Under,-111,0.8575,0.49789411616055257,0.6300225225225226,true
2026_04_LAC_SEA,00-0040666,Omarion Hampton,LAC,SEA,rush_yds,draftkings,46.5,40.70091705771901,55.67716926423581,-7.0,"",0.0,0.0,Over,-113,0.43,0.5021058838394474,-0.1894690265486726,false
2026_04_LAC_SEA,00-0040666,Omarion Hampton,LAC,SEA,rush_yds,draftkings,46.5,40.70091705771901,55.67716926423581,-7.0,"",0.0,0.0,Under,-111,0.5700000000000001,0.49789411616055257,0.08351351351351366,false
2026_04_DET_CAR,00-0039150,Bryce Young,CAR,DET,pass_yds,draftkings,242.5,248.2608409491603,244.23475022316248,-3.5,"",0.44,0.0,Over,-113,0.4975,0.5021058838394474,-0.06223451327433621,false
2026_04_DET_CAR,00-0039150,Bryce Young,CAR,DET,pass_yds,draftkings,242.5,248.2608409491603,244.23475022316248,-3.5,"",0.44,0.0,Under,-111,0.5025,0.49789411616055257,-0.04479729729729737,false
2026_04_DET_CAR,00-0031610,Darren Waller,CAR,DET,rec_yds,draftkings,35.5,27.049151785366128,35.17969558031205,-3.5,"",0.0,0.0,Over,-113,0.3875,0.5021058838394474,-0.2695796460176991,false
2026_04_DET_CAR,00-0031610,Darren Waller,CAR,DET,rec_yds,draftkings,35.5,27.049151785366128,35.17969558031205,-3.5,"",0.0,0.0,Under,-111,0.6125,0.49789411616055257,0.16430180180180187,false
2026_04_ATL_NO,00-0040743,Tyler Shough,NO,ATL,pass_yds,draftkings,257.5,261.0693108956794,270.28520318410136,1.5,"",0.0,0.0,Over,-113,0.4725,0.5021058838394474,-0.10935840707964611,false
2026_04_ATL_NO,00-0040743,Tyler Shough,NO,ATL,pass_yds,draftkings,257.5,261.0693108956794,270.28520318410136,1.5,"",0.0,0.0,Under,-111,0.5275000000000001,0.49789411616055257,0.0027252252252253917,false
2026_04_ATL_NO,00-0039917,Michael Penix Jr.,ATL,NO,pass_yds,draftkings,228.5,227.10259259943885,216.71179631938716,-1.5,"",0.0,0.0,Over,-111,0.475,0.4978941161605526,-0.09707207207207214,false
2026_04_ATL_NO,00-0039917,Michael Penix Jr.,ATL,NO,pass_yds,draftkings,228.5,227.10259259943885,216.71179631938716,-1.5,"",0.0,0.0,Under,-113,0.525,0.5021058838394474,-0.010398230088495497,false
2026_04_ATL_NO,00-0037239,Chris Olave,NO,ATL,rec_yds,draftkings,85.5,79.01525818679008,99.00403131920578,1.5,"",0.0,0.0,Over,-111,0.4875,0.4978941161605526,-0.07331081081081076,false
2026_04_ATL_NO,00-0037239,Chris Olave,NO,ATL,rec_yds,draftkings,85.5,79.01525818679008,99.00403131920578,1.5,"",0.0,0.0,Under,-113,0.5125,0.5021058838394474,-0.033960176991150504,false
2026_04_ATL_NO,00-0037238,Drake London,ATL,NO,rec_yds,draftkings,78.5,67.83595295897788,84.55349451043982,-1.5,"",0.0,0.0,Over,-113,0.41,0.5021058838394474,-0.22716814159292043,false
2026_04_ATL_NO,00-0037238,Drake London,ATL,NO,rec_yds,draftkings,78.5,67.83595295897788,84.55349451043982,-1.5,"",0.0,0.0,Under,-111,0.5900000000000001,0.49789411616055257,0.12153153153153173,false
2026_04_ATL_NO,00-0036970,Kyle Pitts,ATL,NO,rec_yds,draftkings,28.5,33.55764905438143,37.68905204260197,-1.5,"",0.0,0.0,Over,-113,0.54,0.5021058838394474,0.017876106194690378,false
2026_04_ATL_NO,00-0036970,Kyle Pitts,ATL,NO,rec_yds,draftkings,28.5,33.55764905438143,37.68905204260197,-1.5,"",0.0,0.0,Under,-111,0.45999999999999996,0.49789411616055257,-0.12558558558558564,false
2026_04_ATL_NO,00-0035644,Noah Fant,NO,ATL,rec_yds,draftkings,17.5,12.599302859571432,19.681068475531955,1.5,ltd,0.0,0.0,Over,-113,0.37,0.5021058838394474,-0.3025663716814159,false
2026_04_ATL_NO,00-0035644,Noah Fant,NO,ATL,rec_yds,draftkings,17.5,12.599302859571432,19.681068475531955,1.5,ltd,0.0,0.0,Under,-111,0.63,0.49789411616055257,0.19756756756756755,false
2026_04_ATL_NO,00-0038542,Bijan Robinson,ATL,NO,rush_yds,draftkings,86.5,89.7867695550424,105.30073022861536,-1.5,"",0.0,0.0,Over,-113,0.4975,0.5021058838394474,-0.06223451327433621,false
2026_04_ATL_NO,00-0038542,Bijan Robinson,ATL,NO,rush_yds,draftkings,86.5,89.7867695550424,105.30073022861536,-1.5,"",0.0,0.0,Under,-111,0.5025,0.49789411616055257,-0.04479729729729737,false
2026_04_ARI_NYG,00-0037838,Isaiah Likely,NYG,ARI,rec_yds,betrivers,41.5,31.207666910817554,32.5034502949772,-2.5,"",0.0,0.59,Over,-114,0.37,0.4969864995178399,-0.3054385964912281,false
2026_04_ARI_NYG,00-0037838,Isaiah Likely,NYG,ARI,rec_yds,betrivers,41.5,31.207666910817554,32.5034502949772,-2.5,"",0.0,0.59,Under,-117,0.63,0.5030135004821601,0.16846153846153844,false
2026_04_ARI_NYG,00-0037744,Trey McBride,ARI,NYG,rec_yds,betrivers,63.5,66.18243402953176,72.50447189844394,2.5,"",0.0,0.0,Over,-117,0.515,0.5030135004821601,-0.044829059829059825,false
2026_04_ARI_NYG,00-0037744,Trey McBride,ARI,NYG,rec_yds,betrivers,63.5,66.18243402953176,72.50447189844394,2.5,"",0.0,0.0,Under,-114,0.485,0.4969864995178399,-0.08956140350877195,false
2026_04_ARI_NYG,00-0038559,Michael Wilson,ARI,NYG,rec_yds,betrivers,54.5,60.28366158632531,67.99818155912376,2.5,"",0.0,0.0,Over,-117,0.54,0.5030135004821601,0.0015384615384615996,false
2026_04_ARI_NYG,00-0038559,Michael Wilson,ARI,NYG,rec_yds,betrivers,54.5,60.28366158632531,67.99818155912376,2.5,"",0.0,0.0,Under,-114,0.45999999999999996,0.4969864995178399,-0.13649122807017555,false
2026_04_ARI_NYG,00-0039849,Marvin Harrison Jr.,ARI,NYG,rec_yds,betrivers,31.5,29.697018233838307,36.30374671182068,2.5,"",0.0,0.0,Over,-117,0.465,0.5030135004821601,-0.1375641025641025,false
2026_04_ARI_NYG,00-0039849,Marvin Harrison Jr.,ARI,NYG,rec_yds,betrivers,31.5,29.697018233838307,36.30374671182068,2.5,"",0.0,0.0,Under,-114,0.5349999999999999,0.4969864995178399,0.004298245614034912,false
2026_04_ARI_NYG,00-0037263,Tyler Allgeier,ARI,NYG,rush_yds,betrivers,21.5,14.539284934632644,26.32341268663367,2.5,"",0.0,0.0,Over,-117,0.3775,0.5030135004821601,-0.29985042735042744,false
2026_04_ARI_NYG,00-0037263,Tyler Allgeier,ARI,NYG,rush_yds,betrivers,21.5,14.539284934632644,26.32341268663367,2.5,"",0.0,0.0,Under,-114,0.6225,0.4969864995178399,0.1685526315789474,false
2026_04_ARI_NYG,00-0033307,Kendrick Bourne,ARI,NYG,rec_yds,betonlineag,20.5,19.446646997802418,26.806983573417753,2.5,"",0.0,0.0,Over,-115,0.4525,0.5030953363598846,-0.15402173913043476,false
2026_04_ARI_NYG,00-0033307,Kendrick Bourne,ARI,NYG,rec_yds,betonlineag,20.5,19.446646997802418,26.806983573417753,2.5,"",0.0,0.0,Under,-112,0.5475,0.49690466364011543,0.03633928571428574,false
2026_04_ARI_NYG,00-0037744,Trey McBride,ARI,NYG,rec_yds,betonlineag,63.5,66.18243402953176,72.50447189844394,2.5,"",0.0,0.0,Over,-115,0.515,0.5030953363598846,-0.037173913043478224,false
2026_04_ARI_NYG,00-0037744,Trey McBride,ARI,NYG,rec_yds,betonlineag,63.5,66.18243402953176,72.50447189844394,2.5,"",0.0,0.0,Under,-112,0.485,0.49690466364011543,-0.08196428571428571,false
2026_04_ARI_NYG,00-0039849,Marvin Harrison Jr.,ARI,NYG,receptions,betonlineag,2.5,2.4034638337222067,2.4350809327765917,2.5,"",0.0,0.0,Over,-112,0.4525,0.4969046636401156,-0.14348214285714284,false
2026_04_ARI_NYG,00-0039849,Marvin Harrison Jr.,ARI,NYG,receptions,betonlineag,2.5,2.4034638337222067,2.4350809327765917,2.5,"",0.0,0.0,Under,-115,0.5475,0.5030953363598845,0.02358695652173909,false
2026_04_ARI_NYG,00-0040715,Cam Skattebo,NYG,ARI,rush_yds,betonlineag,62.5,51.935640446723795,54.9744401021971,-2.5,"",0.0,0.0,Over,-115,0.4525,0.5030953363598846,-0.15402173913043476,false
2026_04_ARI_NYG,00-0040715,Cam Skattebo,NYG,ARI,rush_yds,betonlineag,62.5,51.935640446723795,54.9744401021971,-2.5,"",0.0,0.0,Under,-112,0.5475,0.49690466364011543,0.03633928571428574,false
2026_04_TEN_BAL,00-0040676,Cam Ward,TEN,BAL,pass_yds,betonlineag,187.5,182.47885997306108,173.20626156692657,-11.5,"",0.0,0.0,Over,-115,0.4975,0.5030953363598846,-0.06989130434782603,false
2026_04_TEN_BAL,00-0040676,Cam Ward,TEN,BAL,pass_yds,betonlineag,187.5,182.47885997306108,173.20626156692657,-11.5,"",0.0,0.0,Under,-112,0.5025,0.49690466364011543,-0.04883928571428581,false
2026_04_TEN_BAL,00-0040584,Gunnar Helm,TEN,BAL,rec_yds,betonlineag,19.5,15.76351900683137,19.47441346358427,-11.5,"",0.0,0.0,Over,-112,0.3975,0.4969046636401156,-0.24758928571428573,false
2026_04_TEN_BAL,00-0040584,Gunnar Helm,TEN,BAL,rec_yds,betonlineag,19.5,15.76351900683137,19.47441346358427,-11.5,"",0.0,0.0,Under,-115,0.6025,0.5030953363598845,0.12641304347826088,false
2026_04_TEN_BAL,00-0038117,Wan'Dale Robinson,TEN,BAL,rec_yds,betonlineag,37.5,45.41508071147943,52.94998398130999,-11.5,"",0.0,0.0,Over,-115,0.605,0.5030953363598846,0.13108695652173907,true
2026_04_TEN_BAL,00-0038117,Wan'Dale Robinson,TEN,BAL,rec_yds,betonlineag,37.5,45.41508071147943,52.94998398130999,-11.5,"",0.0,0.0,Under,-112,0.395,0.49690466364011543,-0.25232142857142853,true
2026_04_TEN_BAL,00-0040170,Elic Ayomanor,TEN,BAL,rec_yds,betonlineag,19.5,27.802073056401525,32.42591087669064,-11.5,"",0.0,0.0,Over,-115,0.61,0.5030953363598846,0.14043478260869557,true
2026_04_TEN_BAL,00-0040170,Elic Ayomanor,TEN,BAL,rec_yds,betonlineag,19.5,27.802073056401525,32.42591087669064,-11.5,"",0.0,0.0,Under,-112,0.39,0.49690466364011543,-0.26178571428571423,true
2026_04_TEN_BAL,00-0036550,Rashod Bateman,BAL,TEN,rec_yds,betonlineag,26.5,27.90513571224305,27.47760766192496,11.5,"",0.0,0.0,Over,-115,0.505,0.5030953363598846,-0.05586956521739128,false
2026_04_TEN_BAL,00-0036550,Rashod Bateman,BAL,TEN,rec_yds,betonlineag,26.5,27.90513571224305,27.47760766192496,11.5,"",0.0,0.0,Under,-112,0.495,0.49690466364011543,-0.06303571428571425,false
2026_04_TEN_BAL,00-0034796,Lamar Jackson,BAL,TEN,pass_yds,betrivers,209.5,208.80574311463224,211.87556072748842,11.5,"",0.0,0.0,Over,-117,0.4775,0.5030135004821601,-0.11438034188034191,false
2026_04_TEN_BAL,00-0034796,Lamar Jackson,BAL,TEN,pass_yds,betrivers,209.5,208.80574311463224,211.87556072748842,11.5,"",0.0,0.0,Under,-114,0.5225,0.4969864995178399,-0.019166666666666776,false
2026_04_TEN_BAL,00-0040676,Cam Ward,TEN,BAL,pass_yds,betrivers,179.5,182.47885997306108,173.20626156692657,-11.5,"",0.0,0.0,Over,-117,0.5175,0.5030135004821601,-0.040192307692307805,false
2026_04_TEN_BAL,00-0040676,Cam Ward,TEN,BAL,pass_yds,betrivers,179.5,182.47885997306108,173.20626156692657,-11.5,"",0.0,0.0,Under,-114,0.48250000000000004,0.4969864995178399,-0.0942543859649122,false
2026_04_TEN_BAL,00-0039064,Zay Flowers,BAL,TEN,rec_yds,betrivers,73.5,55.94057219887515,86.57843263817468,11.5,Q,0.0,0.0,Over,-114,0.3225,0.4969864995178399,-0.39460526315789474,false
2026_04_TEN_BAL,00-0039064,Zay Flowers,BAL,TEN,rec_yds,betrivers,73.5,55.94057219887515,86.57843263817468,11.5,Q,0.0,0.0,Under,-117,0.6775,0.5030135004821601,0.256559829059829,false
2026_04_TEN_BAL,00-0038117,Wan'Dale Robinson,TEN,BAL,rec_yds,betrivers,37.5,45.41508071147943,52.94998398130999,-11.5,"",0.0,0.0,Over,-114,0.605,0.4969864995178399,0.13570175438596488,true
2026_04_TEN_BAL,00-0038117,Wan'Dale Robinson,TEN,BAL,rec_yds,betrivers,37.5,45.41508071147943,52.94998398130999,-11.5,"",0.0,0.0,Under,-117,0.395,0.5030135004821601,-0.26739316239316235,true
2026_04_TEN_BAL,00-0041438,Carnell Tate,TEN,BAL,rec_yds,betrivers,43.5,45.236368676184156,42.21904471989196,-11.5,"",0.0,0.0,Over,-117,0.54,0.5030135004821601,0.0015384615384615996,false
2026_04_TEN_BAL,00-0041438,Carnell Tate,TEN,BAL,rec_yds,betrivers,43.5,45.236368676184156,42.21904471989196,-11.5,"",0.0,0.0,Under,-114,0.45999999999999996,0.4969864995178399,-0.13649122807017555,false
2026_04_NE_BUF,00-0037261,Khalil Shakir,BUF,NE,rec_yds,betonlineag,37.5,40.908868786015496,43.037070801625966,7.0,"",0.0,0.95,Over,-115,0.505,0.5030953363598846,-0.05586956521739128,false
2026_04_NE_BUF,00-0037261,Khalil Shakir,BUF,NE,rec_yds,betonlineag,37.5,40.908868786015496,43.037070801625966,7.0,"",0.0,0.95,Under,-112,0.495,0.49690466364011543,-0.06303571428571425,false
2026_04_NE_BUF,00-0033090,Hunter Henry,NE,BUF,rec_yds,betonlineag,29.5,27.539601791141674,30.852954513754998,-7.0,"",0.0,0.0,Over,-115,0.4675,0.5030953363598846,-0.1259782608695652,false
2026_04_NE_BUF,00-0033090,Hunter Henry,NE,BUF,rec_yds,betonlineag,29.5,27.539601791141674,30.852954513754998,-7.0,"",0.0,0.0,Under,-112,0.5325,0.49690466364011543,0.007946428571428521,false
2026_04_NE_BUF,00-0036875,Rhamondre Stevenson,NE,BUF,rec_yds,betonlineag,17.5,16.80931550153521,24.127589469027786,-7.0,"",0.0,0.0,Over,-112,0.4325,0.4969046636401156,-0.1813392857142857,false
2026_04_NE_BUF,00-0036875,Rhamondre Stevenson,NE,BUF,rec_yds,betonlineag,17.5,16.80931550153521,24.127589469027786,-7.0,"",0.0,0.0,Under,-115,0.5675,0.5030953363598845,0.060978260869565204,false
2026_04_NE_BUF,00-0034857,Josh Allen,BUF,NE,pass_yds,betrivers,240.5,264.3791753479903,243.9976619807886,7.0,"",0.0,0.95,Over,-117,0.605,0.5030135004821601,0.12209401709401702,false
2026_04_NE_BUF,00-0034857,Josh Allen,BUF,NE,pass_yds,betrivers,240.5,264.3791753479903,243.9976619807886,7.0,"",0.0,0.95,Under,-114,0.395,0.4969864995178399,-0.2585087719298245,false
2026_04_NE_BUF,00-0033555,Mack Hollins,NE,BUF,rec_yds,betrivers,43.5,39.66535686516975,52.490370479774185,-7.0,"",0.0,0.0,Over,-117,0.4175,0.5030135004821601,-0.22566239316239323,false
2026_04_NE_BUF,00-0033555,Mack Hollins,NE,BUF,rec_yds,betrivers,43.5,39.66535686516975,52.490370479774185,-7.0,"",0.0,0.0,Under,-114,0.5825,0.4969864995178399,0.09346491228070175,false
2026_04_NE_BUF,00-0034827,DJ Moore,BUF,NE,rec_yds,betrivers,53.5,38.45852049979416,47.5748720775946,7.0,ltd,0.0,0.95,Over,-117,0.3025,0.5030135004821601,-0.4389529914529915,false
2026_04_NE_BUF,00-0034827,DJ Moore,BUF,NE,rec_yds,betrivers,53.5,38.45852049979416,47.5748720775946,7.0,ltd,0.0,0.95,Under,-114,0.6975,0.4969864995178399,0.30934210526315786,false
2026_04_NE_BUF,00-0033090,Hunter Henry,NE,BUF,rec_yds,betrivers,30.5,27.539601791141674,30.852954513754998,-7.0,"",0.0,0.0,Over,-114,0.4375,0.4969864995178399,-0.17872807017543862,false
2026_04_NE_BUF,00-0033090,Hunter Henry,NE,BUF,rec_yds,betrivers,30.5,27.539601791141674,30.852954513754998,-7.0,"",0.0,0.0,Under,-117,0.5625,0.5030135004821601,0.043269230769230727,false
2026_04_NE_BUF,00-0037816,Romeo Doubs,NE,BUF,rec_yds,betrivers,39.5,36.23023996537453,54.978192336891304,-7.0,"",0.0,0.0,Over,-114,0.445,0.4969864995178399,-0.1646491228070175,false
2026_04_NE_BUF,00-0037816,Romeo Doubs,NE,BUF,rec_yds,betrivers,39.5,36.23023996537453,54.978192336891304,-7.0,"",0.0,0.0,Under,-117,0.5549999999999999,0.5030135004821601,0.02935897435897422,false
2026_04_NE_BUF,00-0040734,TreVeyon Henderson,NE,BUF,rush_yds,betrivers,40.5,28.57168008123604,42.661863817359155,-7.0,"",0.0,0.46,Over,-117,0.3275,0.5030135004821601,-0.39258547008547007,false
2026_04_NE_BUF,00-0040734,TreVeyon Henderson,NE,BUF,rush_yds,betrivers,40.5,28.57168008123604,42.661863817359155,-7.0,"",0.0,0.46,Under,-114,0.6725,0.4969864995178399,0.2624122807017544,false
2026_04_NYJ_CHI,00-0030565,Geno Smith,NYJ,CHI,pass_yds,betonlineag,227.5,255.56007760353273,222.7330845953512,-3.5,"",0.71,1.54,Over,-115,0.6075,0.5030953363598846,0.1357608695652175,false
2026_04_NYJ_CHI,00-0030565,Geno Smith,NYJ,CHI,pass_yds,betonlineag,227.5,255.56007760353273,222.7330845953512,-3.5,"",0.71,1.54,Under,-112,0.39249999999999996,0.49690466364011543,-0.2570535714285715,false
2026_04_NYJ_CHI,00-0040735,Luther Burden III,CHI,NYJ,rec_yds,betonlineag,46.5,40.209214947799566,50.78367506586843,3.5,"",0.0,0.0,Over,-115,0.365,0.5030953363598846,-0.3176086956521739,false
2026_04_NYJ_CHI,00-0040735,Luther Burden III,CHI,NYJ,rec_yds,betonlineag,46.5,40.209214947799566,50.78367506586843,3.5,"",0.0,0.0,Under,-112,0.635,0.49690466364011543,0.2019642857142857,false
2026_04_NYJ_CHI,00-0030565,Geno Smith,NYJ,CHI,pass_yds,betrivers,229.5,255.56007760353273,222.7330845953512,-3.5,"",0.71,1.54,Over,-114,0.6025,0.4969864995178399,0.13100877192982463,false
2026_04_NYJ_CHI,00-0030565,Geno Smith,NYJ,CHI,pass_yds,betrivers,229.5,255.56007760353273,222.7330845953512,-3.5,"",0.71,1.54,Under,-117,0.39749999999999996,0.5030135004821601,-0.26275641025641033,false
2026_04_NYJ_CHI,00-0032464,Kalif Raymond,CHI,NYJ,rec_yds,betrivers,31.5,32.216789618978055,44.91065438169217,3.5,"",0.0,0.0,Over,-114,0.5125,0.4969864995178399,-0.03793859649122816,false
2026_04_NYJ_CHI,00-0032464,Kalif Raymond,CHI,NYJ,rec_yds,betrivers,31.5,32.216789618978055,44.91065438169217,3.5,"",0.0,0.0,Under,-117,0.48750000000000004,0.5030135004821601,-0.09583333333333327,false
2026_04_NYJ_CHI,00-0037740,Garrett Wilson,NYJ,CHI,rec_yds,betrivers,77.5,59.66365276510404,64.05531107067858,-3.5,"",0.71,1.54,Over,-114,0.3275,0.4969864995178399,-0.385219298245614,false
2026_04_NYJ_CHI,00-0037740,Garrett Wilson,NYJ,CHI,rec_yds,betrivers,77.5,59.66365276510404,64.05531107067858,-3.5,"",0.71,1.54,Under,-117,0.6725,0.5030135004821601,0.24728632478632473,false
2026_04_NYJ_CHI,00-0041032,Kenyon Sadiq,NYJ,CHI,rec_yds,betrivers,45.5,29.17314055957443,52.64690470233312,-3.5,Q,0.65,1.54,Over,-117,0.22,0.5030135004821601,-0.591965811965812,false
2026_04_NYJ_CHI,00-0041032,Kenyon Sadiq,NYJ,CHI,rec_yds,betrivers,45.5,29.17314055957443,52.64690470233312,-3.5,Q,0.65,1.54,Under,-114,0.78,0.4969864995178399,0.4642105263157895,false
2026_04_NYJ_CHI,00-0040735,Luther Burden III,CHI,NYJ,rec_yds,betrivers,47.5,40.209214947799566,50.78367506586843,3.5,"",0.0,0.0,Over,-114,0.3475,0.4969864995178399,-0.34767543859649136,false
2026_04_NYJ_CHI,00-0040735,Luther Burden III,CHI,NYJ,rec_yds,betrivers,47.5,40.209214947799566,50.78367506586843,3.5,"",0.0,0.0,Under,-117,0.6525000000000001,0.5030135004821601,0.2101923076923078,false
2026_04_NYJ_CHI,00-0036275,D'Andre Swift,CHI,NYJ,rush_yds,betrivers,63.5,59.905994130964636,72.07184152257493,3.5,"",0.0,0.09,Over,-117,0.4625,0.5030135004821601,-0.1422008547008547,false
2026_04_NYJ_CHI,00-0036275,D'Andre Swift,CHI,NYJ,rush_yds,betrivers,63.5,59.905994130964636,72.07184152257493,3.5,"",0.0,0.09,Under,-114,0.5375,0.4969864995178399,0.008991228070175383,false
2026_04_JAX_CIN,00-0036971,Trevor Lawrence,JAX,CIN,pass_yds,betonlineag,258.5,239.7149149210251,225.82087046237464,-2.5,"",0.0,0.28,Over,-115,0.375,0.5030953363598846,-0.29891304347826086,false
2026_04_JAX_CIN,00-0036971,Trevor Lawrence,JAX,CIN,pass_yds,betonlineag,258.5,239.7149149210251,225.82087046237464,-2.5,"",0.0,0.28,Under,-112,0.625,0.49690466364011543,0.1830357142857143,false
2026_04_JAX_CIN,00-0038597,Chase Brown,CIN,JAX,rec_yds,betonlineag,19.5,15.90171620656453,21.48257505684939,2.5,"",0.0,0.0,Over,-115,0.4025,0.5030953363598846,-0.2474999999999999,false
2026_04_JAX_CIN,00-0038597,Chase Brown,CIN,JAX,rec_yds,betonlineag,19.5,15.90171620656453,21.48257505684939,2.5,"",0.0,0.0,Under,-112,0.5974999999999999,0.49690466364011543,0.1309821428571427,false
2026_04_JAX_CIN,00-0036971,Trevor Lawrence,JAX,CIN,pass_yds,betrivers,259.5,239.7149149210251,225.82087046237464,-2.5,"",0.0,0.28,Over,-114,0.3725,0.4969864995178399,-0.3007456140350877,false
2026_04_JAX_CIN,00-0036971,Trevor Lawrence,JAX,CIN,pass_yds,betrivers,259.5,239.7149149210251,225.82087046237464,-2.5,"",0.0,0.28,Under,-117,0.6275,0.5030135004821601,0.16382478632478625,false
2026_04_JAX_CIN,00-0036442,Joe Burrow,CIN,JAX,pass_yds,betrivers,268.5,271.57120642082276,255.93191626660456,2.5,"",0.11,0.0,Over,-117,0.475,0.5030135004821601,-0.1190170940170941,false
2026_04_JAX_CIN,00-0036442,Joe Burrow,CIN,JAX,pass_yds,betrivers,268.5,271.57120642082276,255.93191626660456,2.5,"",0.11,0.0,Under,-114,0.525,0.4969864995178399,-0.014473684210526305,false
2026_04_JAX_CIN,00-0038597,Chase Brown,CIN,JAX,rec_yds,betrivers,19.5,15.90171620656453,21.48257505684939,2.5,"",0.0,0.0,Over,-117,0.4025,0.5030135004821601,-0.2534829059829059,false
2026_04_JAX_CIN,00-0038597,Chase Brown,CIN,JAX,rec_yds,betrivers,19.5,15.90171620656453,21.48257505684939,2.5,"",0.0,0.0,Under,-114,0.5974999999999999,0.4969864995178399,0.12162280701754369,false
2026_04_JAX_CIN,00-0034960,Jakobi Meyers,JAX,CIN,rec_yds,betrivers,40.5,35.90809158878358,45.33408985106883,-2.5,"",0.0,0.28,Over,-114,0.4125,0.4969864995178399,-0.22565789473684217,false
2026_04_JAX_CIN,00-0034960,Jakobi Meyers,JAX,CIN,rec_yds,betrivers,40.5,35.90809158878358,45.33408985106883,-2.5,"",0.0,0.28,Under,-117,0.5875,0.5030135004821601,0.08963675213675215,false
2026_04_JAX_CIN,00-0036900,Ja'Marr Chase,CIN,JAX,rec_yds,betrivers,82.5,77.14617886131353,80.77542554148054,2.5,"",0.11,0.0,Over,-114,0.495,0.4969864995178399,-0.07078947368421057,false
2026_04_JAX_CIN,00-0036900,Ja'Marr Chase,CIN,JAX,rec_yds,betrivers,82.5,77.14617886131353,80.77542554148054,2.5,"",0.11,0.0,Under,-117,0.505,0.5030135004821601,-0.0633760683760684,false
2026_04_JAX_CIN,00-0038606,Parker Washington,JAX,CIN,rec_yds,betrivers,74.5,60.532002228114756,74.07996488826598,-2.5,"",0.0,0.28,Over,-117,0.36,0.5030135004821601,-0.33230769230769236,false
2026_04_JAX_CIN,00-0038606,Parker Washington,JAX,CIN,rec_yds,betrivers,74.5,60.532002228114756,74.07996488826598,-2.5,"",0.0,0.28,Under,-114,0.64,0.4969864995178399,0.2014035087719298,false
2026_04_JAX_CIN,00-0039893,Brian Thomas Jr,JAX,CIN,rec_yds,betrivers,27.5,32.80582282945738,39.21753048042568,-2.5,"",0.0,0.28,Over,-114,0.5325,0.4969864995178399,-0.00039473684210533655,false
2026_04_JAX_CIN,00-0039893,Brian Thomas Jr,JAX,CIN,rec_yds,betrivers,27.5,32.80582282945738,39.21753048042568,-2.5,"",0.0,0.28,Under,-117,0.4675,0.5030135004821601,-0.13292735042735038,false
2026_04_JAX_CIN,00-0040719,Bhayshul Tuten,JAX,CIN,rush_yds,betrivers,57.5,54.15907069879294,43.08204216818615,-2.5,"",0.0,0.0,Over,-114,0.52,0.4969864995178399,-0.023859649122807025,false
2026_04_JAX_CIN,00-0040719,Bhayshul Tuten,JAX,CIN,rush_yds,betrivers,57.5,54.15907069879294,43.08204216818615,-2.5,"",0.0,0.0,Under,-117,0.48,0.5030135004821601,-0.10974358974358978,false
2026_04_JAX_CIN,00-0038597,Chase Brown,CIN,JAX,rush_yds,betrivers,62.5,60.036386985256165,67.70413153460086,2.5,"",0.0,0.0,Over,-114,0.47,0.4969864995178399,-0.11771929824561411,false
2026_04_JAX_CIN,00-0038597,Chase Brown,CIN,JAX,rush_yds,betrivers,62.5,60.036386985256165,67.70413153460086,2.5,"",0.0,0.0,Under,-117,0.53,0.5030135004821601,-0.01700854700854698,false
2026_04_DAL_HOU,00-0033077,Dak Prescott,DAL,HOU,pass_yds,betonlineag,266.5,239.27922393747315,251.94277346787447,-3.0,"",0.0,0.62,Over,-115,0.3175,0.5030953363598846,-0.40641304347826085,false
2026_04_DAL_HOU,00-0033077,Dak Prescott,DAL,HOU,pass_yds,betonlineag,266.5,239.27922393747315,251.94277346787447,-3.0,"",0.0,0.62,Under,-112,0.6825,0.49690466364011543,0.291875,false
2026_04_DAL_HOU,00-0036358,CeeDee Lamb,DAL,HOU,rec_yds,betonlineag,76.5,60.475650608704846,85.05709432863608,-3.0,"",0.0,0.62,Over,-115,0.34,0.5030953363598846,-0.36434782608695643,false
2026_04_DAL_HOU,00-0036358,CeeDee Lamb,DAL,HOU,rec_yds,betonlineag,76.5,60.475650608704846,85.05709432863608,-3.0,"",0.0,0.62,Under,-112,0.6599999999999999,0.49690466364011543,0.2492857142857141,false
2026_04_DAL_HOU,00-0036554,Nico Collins,HOU,DAL,rec_yds,betonlineag,72.5,60.11145267809635,69.5182570314839,3.0,"",0.0,0.67,Over,-115,0.385,0.5030953363598846,-0.2802173913043478,false
2026_04_DAL_HOU,00-0036554,Nico Collins,HOU,DAL,rec_yds,betonlineag,72.5,60.11145267809635,69.5182570314839,3.0,"",0.0,0.67,Under,-112,0.615,0.49690466364011543,0.1641071428571429,false
2026_04_DAL_HOU,00-0039410,Ryan Flournoy,DAL,HOU,rec_yds,betonlineag,33.5,25.120233916789335,31.452149410987445,-3.0,"",0.0,0.62,Over,-115,0.3925,0.5030953363598846,-0.26619565217391294,false
2026_04_DAL_HOU,00-0039410,Ryan Flournoy,DAL,HOU,rec_yds,betonlineag,33.5,25.120233916789335,31.452149410987445,-3.0,"",0.0,0.62,Under,-112,0.6074999999999999,0.49690466364011543,0.14991071428571423,false
2026_04_DAL_HOU,00-0039163,C.J. Stroud,HOU,DAL,pass_yds,betrivers,242.5,229.91351378896903,234.51126909537476,3.0,"",0.0,0.67,Over,-117,0.425,0.5030135004821601,-0.21175213675213672,false
2026_04_DAL_HOU,00-0039163,C.J. Stroud,HOU,DAL,pass_yds,betrivers,242.5,229.91351378896903,234.51126909537476,3.0,"",0.0,0.67,Under,-114,0.575,0.4969864995178399,0.07938596491228056,false
2026_04_DAL_HOU,00-0033077,Dak Prescott,DAL,HOU,pass_yds,betrivers,270.5,239.27922393747315,251.94277346787447,-3.0,"",0.0,0.62,Over,-117,0.2875,0.5030135004821601,-0.46677350427350434,false
2026_04_DAL_HOU,00-0033077,Dak Prescott,DAL,HOU,pass_yds,betrivers,270.5,239.27922393747315,251.94277346787447,-3.0,"",0.0,0.62,Under,-114,0.7125,0.4969864995178399,0.3375,false
2026_04_DAL_HOU,00-0036997,Javonte Williams,DAL,HOU,rec_yds,betrivers,12.5,12.023068389137837,10.992310931305528,-3.0,"",0.0,0.62,Over,-117,0.465,0.5030135004821601,-0.1375641025641025,false
2026_04_DAL_HOU,00-0036997,Javonte Williams,DAL,HOU,rec_yds,betrivers,12.5,12.023068389137837,10.992310931305528,-3.0,"",0.0,0.62,Under,-114,0.5349999999999999,0.4969864995178399,0.004298245614034912,false
2026_04_DAL_HOU,00-0038618,Xavier Hutchinson,HOU,DAL,rec_yds,betrivers,27.5,33.91443912307543,34.94490471645812,3.0,"",0.0,0.67,Over,-117,0.5675,0.5030135004821601,0.052542735042735045,false
2026_04_DAL_HOU,00-0038618,Xavier Hutchinson,HOU,DAL,rec_yds,betrivers,27.5,33.91443912307543,34.94490471645812,3.0,"",0.0,0.67,Under,-114,0.4325,0.4969864995178399,-0.18811403508771934,false
2026_04_DAL_HOU,00-0037247,George Pickens,DAL,HOU,rec_yds,betrivers,68.5,53.38168233484233,65.66967976239754,-3.0,"",0.0,0.62,Over,-114,0.38,0.4969864995178399,-0.2866666666666667,false
2026_04_DAL_HOU,00-0037247,George Pickens,DAL,HOU,rec_yds,betrivers,68.5,53.38168233484233,65.66967976239754,-3.0,"",0.0,0.62,Under,-117,0.62,0.5030135004821601,0.14991452991452991,false
2026_04_DAL_HOU,00-0036358,CeeDee Lamb,DAL,HOU,rec_yds,betrivers,75.5,60.475650608704846,85.05709432863608,-3.0,"",0.0,0.62,Over,-117,0.355,0.5030135004821601,-0.3415811965811966,false
2026_04_DAL_HOU,00-0036358,CeeDee Lamb,DAL,HOU,rec_yds,betrivers,75.5,60.475650608704846,85.05709432863608,-3.0,"",0.0,0.62,Under,-114,0.645,0.4969864995178399,0.21078947368421053,false
2026_04_DAL_HOU,00-0038608,Kayshon Boutte,HOU,DAL,rec_yds,betrivers,25.5,25.252139306988823,31.776177856666155,3.0,"",0.0,0.67,Over,-117,0.51,0.5030135004821601,-0.05410256410256409,false
2026_04_DAL_HOU,00-0038608,Kayshon Boutte,HOU,DAL,rec_yds,betrivers,25.5,25.252139306988823,31.776177856666155,3.0,"",0.0,0.67,Under,-114,0.49,0.4969864995178399,-0.08017543859649129,false
2026_04_GB_TB,00-0040129,Emeka Egbuka,TB,GB,rec_yds,betonlineag,37.5,43.98228801223004,42.58901577492705,-3.0,"",0.0,0.0,Over,-115,0.59,0.5030953363598846,0.10304347826086946,false
2026_04_GB_TB,00-0040129,Emeka Egbuka,TB,GB,rec_yds,betonlineag,37.5,43.98228801223004,42.58901577492705,-3.0,"",0.0,0.0,Under,-112,0.41000000000000003,0.49690466364011543,-0.22392857142857137,false
2026_04_GB_TB,00-0036919,Kenny Gainwell,TB,GB,rec_yds,betonlineag,9.5,17.427375099310783,24.373955483076553,-3.0,"",0.0,0.0,Over,-115,0.665,0.5030953363598846,0.24326086956521742,true
2026_04_GB_TB,00-0036919,Kenny Gainwell,TB,GB,rec_yds,betonlineag,9.5,17.427375099310783,24.373955483076553,-3.0,"",0.0,0.0,Under,-112,0.33499999999999996,0.49690466364011543,-0.3658928571428572,true
2026_04_GB_TB,00-0041048,Ted Hurst III,TB,GB,rec_yds,betonlineag,21.5,28.870944655100057,34.59966120047719,-3.0,"",0.0,0.0,Over,-115,0.575,0.5030953363598846,0.0749999999999999,true
2026_04_GB_TB,00-0041048,Ted Hurst III,TB,GB,rec_yds,betonlineag,21.5,28.870944655100057,34.59966120047719,-3.0,"",0.0,0.0,Under,-112,0.42500000000000004,0.49690466364011543,-0.1955357142857142,true
2026_04_GB_TB,00-0038129,Cade Otton,TB,GB,rec_yds,betonlineag,24.5,37.45747978706476,41.448468615472024,-3.0,"",0.07,0.0,Over,-115,0.715,0.5030953363598846,0.33673913043478254,true
2026_04_GB_TB,00-0038129,Cade Otton,TB,GB,rec_yds,betonlineag,24.5,37.45747978706476,41.448468615472024,-3.0,"",0.07,0.0,Under,-112,0.28500000000000003,0.49690466364011543,-0.4605357142857142,true
2026_04_GB_TB,00-0038124,Christian Watson,GB,TB,rec_yds,betrivers,63.5,56.5955665932195,70.08671555732958,3.0,"",0.0,0.67,Over,-117,0.4275,0.5030135004821601,-0.20711538461538465,false
2026_04_GB_TB,00-0038124,Christian Watson,GB,TB,rec_yds,betrivers,63.5,56.5955665932195,70.08671555732958,3.0,"",0.0,0.67,Under,-114,0.5725,0.4969864995178399,0.07469298245614031,false
2026_04_GB_TB,00-0038996,Tucker Kraft,GB,TB,rec_yds,betrivers,40.5,39.851408553175716,47.46068326070601,3.0,"",0.0,0.67,Over,-117,0.455,0.5030135004821601,-0.15611111111111103,false
2026_04_GB_TB,00-0038996,Tucker Kraft,GB,TB,rec_yds,betrivers,40.5,39.851408553175716,47.46068326070601,3.0,"",0.0,0.67,Under,-114,0.5449999999999999,0.4969864995178399,0.023070175438596352,false
2026_04_GB_TB,00-0033921,Chris Godwin,TB,GB,rec_yds,betrivers,25.5,33.7313057888288,43.84103008758281,-3.0,"",0.0,0.0,Over,-114,0.595,0.4969864995178399,0.11692982456140344,true
2026_04_GB_TB,00-0033921,Chris Godwin,TB,GB,rec_yds,betrivers,25.5,33.7313057888288,43.84103008758281,-3.0,"",0.0,0.0,Under,-117,0.405,0.5030135004821601,-0.24884615384615383,true
2026_04_LA_PHI,00-0037840,Kyren Williams,LA,PHI,rec_yds,betonlineag,13.5,18.067792618099695,26.980447237629413,3.5,"",0.0,0.72,Over,-115,0.595,0.5030953363598846,0.11239130434782607,true
2026_04_LA_PHI,00-0037840,Kyren Williams,LA,PHI,rec_yds,betonlineag,13.5,18.067792618099695,26.980447237629413,3.5,"",0.0,0.72,Under,-112,0.405,0.49690466364011543,-0.23339285714285707,true
2026_04_LA_PHI,00-0038393,Dontayvion Wicks,PHI,LA,rec_yds,betonlineag,56.5,34.1673441654505,37.790555559971956,-3.5,"",1.48,0.76,Over,-112,0.2575,0.4969046636401156,-0.5125892857142856,true
2026_04_LA_PHI,00-0038393,Dontayvion Wicks,PHI,LA,rec_yds,betonlineag,56.5,34.1673441654505,37.790555559971956,-3.5,"",1.48,0.76,Under,-115,0.7424999999999999,0.5030953363598845,0.38815217391304335,true
2026_04_LA_PHI,00-0033110,Tyler Higbee,LA,PHI,rec_yds,betonlineag,32.5,20.650002369895756,34.02491304506414,3.5,ltd,0.48,0.72,Over,-112,0.3125,0.4969046636401156,-0.40848214285714285,false
2026_04_LA_PHI,00-0033110,Tyler Higbee,LA,PHI,rec_yds,betonlineag,32.5,20.650002369895756,34.02491304506414,3.5,ltd,0.48,0.72,Under,-115,0.6875,0.5030953363598845,0.28532608695652173,false
2026_04_LA_PHI,00-0036389,Jalen Hurts,PHI,LA,pass_yds,betrivers,190.5,218.70385320009336,194.3398706474221,-3.5,"",1.48,0.76,Over,-114,0.635,0.4969864995178399,0.1920175438596491,false
2026_04_LA_PHI,00-0036389,Jalen Hurts,PHI,LA,pass_yds,betrivers,190.5,218.70385320009336,194.3398706474221,-3.5,"",1.48,0.76,Under,-117,0.365,0.5030135004821601,-0.32303418803418804,false
2026_04_LA_PHI,00-0031381,Davante Adams,LA,PHI,rec_yds,betrivers,60.5,59.050999361149735,85.54099178107808,3.5,"",0.0,0.72,Over,-117,0.4625,0.5030135004821601,-0.1422008547008547,false
2026_04_LA_PHI,00-0031381,Davante Adams,LA,PHI,rec_yds,betrivers,60.5,59.050999361149735,85.54099178107808,3.5,"",0.0,0.72,Under,-114,0.5375,0.4969864995178399,0.008991228070175383,false
2026_04_LA_PHI,00-0030061,Zach Ertz,PHI,LA,rec_yds,betrivers,19.5,26.825863964922952,37.8010084083475,-3.5,"",0.73,0.76,Over,-114,0.615,0.4969864995178399,0.15447368421052632,true
2026_04_LA_PHI,00-0030061,Zach Ertz,PHI,LA,rec_yds,betrivers,19.5,26.825863964922952,37.8010084083475,-3.5,"",0.73,0.76,Under,-117,0.385,0.5030135004821601,-0.28594017094017093,true
2026_04_MIA_MIN,00-0033293,Aaron Jones,MIN,MIA,rush_yds,betonlineag,66.5,61.82196908134833,58.89738901151887,10.0,ltd,0.0,0.2,Over,-115,0.45,0.5030953363598846,-0.15869565217391307,true
2026_04_MIA_MIN,00-0033293,Aaron Jones,MIN,MIA,rush_yds,betonlineag,66.5,61.82196908134833,58.89738901151887,10.0,ltd,0.0,0.2,Under,-112,0.55,0.49690466364011543,0.0410714285714287,true
2026_04_MIA_MIN,00-0041529,Kevin Coleman Jr.,MIA,MIN,rec_yds,betrivers,14.5,14.529448349536374,1.6296408505888347,-10.0,"",0.88,0.01,Over,-117,0.47,0.5030135004821601,-0.12829059829059836,true
2026_04_MIA_MIN,00-0041529,Kevin Coleman Jr.,MIA,MIN,rec_yds,betrivers,14.5,14.529448349536374,1.6296408505888347,-10.0,"",0.88,0.01,Under,-114,0.53,0.4969864995178399,-0.0050877192982455854,true
2026_04_MIA_MIN,00-0038994,Jordan Addison,MIN,MIA,rec_yds,betrivers,62.5,36.518268336405555,36.61367085685367,10.0,"",0.7,0.56,Over,-114,0.225,0.4969864995178399,-0.5776315789473685,true
2026_04_MIA_MIN,00-0038994,Jordan Addison,MIN,MIA,rec_yds,betrivers,62.5,36.518268336405555,36.61367085685367,10.0,"",0.7,0.56,Under,-117,0.775,0.5030135004821601,0.4373931623931624,true
2026_04_DEN_SF,00-0036613,Jaylen Waddle,DEN,SF,rec_yds,draftkings,57.5,45.09189620966194,49.08943069139091,-3.0,"",0.0,0.0,Over,-114,0.3925,0.5031375502008032,-0.2632017543859648,false
2026_04_DEN_SF,00-0036613,Jaylen Waddle,DEN,SF,rec_yds,draftkings,57.5,45.09189620966194,49.08943069139091,-3.0,"",0.0,0.0,Under,-111,0.6074999999999999,0.4968624497991968,0.1547972972972972,false
2026_04_DEN_SF,00-0037834,Brock Purdy,SF,DEN,pass_yds,betonlineag,236.5,224.84572798804888,243.8651921431779,3.0,"",0.0,0.0,Over,-115,0.42,0.5030953363598846,-0.21478260869565224,false
2026_04_DEN_SF,00-0037834,Brock Purdy,SF,DEN,pass_yds,betonlineag,236.5,224.84572798804888,243.8651921431779,3.0,"",0.0,0.0,Under,-112,0.5800000000000001,0.49690466364011543,0.09785714285714298,false
2026_04_DEN_SF,00-0040134,Pat Bryant,DEN,SF,rec_yds,betonlineag,22.5,14.062032990299205,29.150252812918925,-3.0,"",0.0,0.0,Over,-115,0.3425,0.5030953363598846,-0.35967391304347823,false
2026_04_DEN_SF,00-0040134,Pat Bryant,DEN,SF,rec_yds,betonlineag,22.5,14.062032990299205,29.150252812918925,-3.0,"",0.0,0.0,Under,-112,0.6575,0.49690466364011543,0.24455357142857137,false
2026_04_DEN_SF,00-0039868,Troy Franklin,DEN,SF,rec_yds,betonlineag,5.5,13.985866500436781,28.399205138604955,-3.0,"",0.0,0.0,Over,-112,0.7375,0.4969046636401156,0.39598214285714295,true
2026_04_DEN_SF,00-0039868,Troy Franklin,DEN,SF,rec_yds,betonlineag,5.5,13.985866500436781,28.399205138604955,-3.0,"",0.0,0.0,Under,-115,0.26249999999999996,0.5030953363598845,-0.5092391304347827,true
2026_04_DEN_SF,00-0035719,Deebo Samuel,SF,DEN,rec_yds,betonlineag,34.5,34.54543583040607,47.53617204724576,3.0,"",0.0,0.0,Over,-115,0.4925,0.5030953363598846,-0.0792391304347827,false
2026_04_DEN_SF,00-0035719,Deebo Samuel,SF,DEN,rec_yds,betonlineag,34.5,34.54543583040607,47.53617204724576,3.0,"",0.0,0.0,Under,-112,0.5075000000000001,0.49690466364011543,-0.03937499999999988,false
2026_04_DEN_SF,00-0040730,RJ Harvey,DEN,SF,rush_yds,betonlineag,15.5,24.49029600561196,28.29235011596783,-3.0,"",0.0,1.56,Over,-115,0.645,0.5030953363598846,0.2058695652173913,true
2026_04_DEN_SF,00-0040730,RJ Harvey,DEN,SF,rush_yds,betonlineag,15.5,24.49029600561196,28.29235011596783,-3.0,"",0.0,1.56,Under,-112,0.355,0.49690466364011543,-0.3280357142857143,true
2026_04_DEN_SF,00-0037834,Brock Purdy,SF,DEN,pass_yds,betrivers,234.5,224.84572798804888,243.8651921431779,3.0,"",0.0,0.0,Over,-114,0.4425,0.4969864995178399,-0.1693421052631579,false
2026_04_DEN_SF,00-0037834,Brock Purdy,SF,DEN,pass_yds,betrivers,234.5,224.84572798804888,243.8651921431779,3.0,"",0.0,0.0,Under,-117,0.5575,0.5030135004821601,0.033995726495726464,false
2026_04_DEN_SF,00-0039732,Bo Nix,DEN,SF,pass_yds,betrivers,221.5,229.21779116447755,225.58949895330153,-3.0,"",0.0,0.0,Over,-117,0.5275,0.5030135004821601,-0.021645299145299224,false
2026_04_DEN_SF,00-0039732,Bo Nix,DEN,SF,pass_yds,betrivers,221.5,229.21779116447755,225.58949895330153,-3.0,"",0.0,0.0,Under,-114,0.47250000000000003,0.4969864995178399,-0.11302631578947364,false
2026_04_DEN_SF,00-0039868,Troy Franklin,DEN,SF,rec_yds,betrivers,4.5,13.985866500436781,28.399205138604955,-3.0,"",0.0,0.0,Over,-117,0.76,0.5030135004821601,0.4095726495726496,true
2026_04_DEN_SF,00-0039868,Troy Franklin,DEN,SF,rec_yds,betrivers,4.5,13.985866500436781,28.399205138604955,-3.0,"",0.0,0.0,Under,-114,0.24,0.4969864995178399,-0.5494736842105263,true
2026_04_DEN_SF,00-0040134,Pat Bryant,DEN,SF,rec_yds,betrivers,21.5,14.062032990299205,29.150252812918925,-3.0,"",0.0,0.0,Over,-117,0.365,0.5030135004821601,-0.32303418803418804,false
2026_04_DEN_SF,00-0040134,Pat Bryant,DEN,SF,rec_yds,betrivers,21.5,14.062032990299205,29.150252812918925,-3.0,"",0.0,0.0,Under,-114,0.635,0.4969864995178399,0.1920175438596491,false
2026_04_DEN_SF,00-0036613,Jaylen Waddle,DEN,SF,rec_yds,betrivers,57.5,45.09189620966194,49.08943069139091,-3.0,"",0.0,0.0,Over,-114,0.3925,0.4969864995178399,-0.2632017543859648,false
2026_04_DEN_SF,00-0036613,Jaylen Waddle,DEN,SF,rec_yds,betrivers,57.5,45.09189620966194,49.08943069139091,-3.0,"",0.0,0.0,Under,-117,0.6074999999999999,0.5030135004821601,0.1267307692307691,false
2026_04_DEN_SF,00-0035719,Deebo Samuel,SF,DEN,rec_yds,betrivers,35.5,34.54543583040607,47.53617204724576,3.0,"",0.0,0.0,Over,-114,0.4725,0.4969864995178399,-0.11302631578947381,false
2026_04_DEN_SF,00-0035719,Deebo Samuel,SF,DEN,rec_yds,betrivers,35.5,34.54543583040607,47.53617204724576,3.0,"",0.0,0.0,Under,-117,0.5275000000000001,0.5030135004821601,-0.021645299145299002,false
2026_04_DEN_SF,00-0040730,RJ Harvey,DEN,SF,rec_yds,betrivers,21.5,17.25121860230541,28.524721577901225,-3.0,"",0.0,0.0,Over,-117,0.4,0.5030135004821601,-0.2581196581196581,true
2026_04_DEN_SF,00-0040730,RJ Harvey,DEN,SF,rec_yds,betrivers,21.5,17.25121860230541,28.524721577901225,-3.0,"",0.0,0.0,Under,-114,0.6,0.4969864995178399,0.12631578947368416,true
2026_04_DEN_SF,00-0041052,Kaelon Black,SF,DEN,rush_yds,betrivers,22.5,19.23183413504315,32.96085000042404,3.0,"",0.0,0.36,Over,-114,0.435,0.4969864995178399,-0.18342105263157893,false
2026_04_DEN_SF,00-0041052,Kaelon Black,SF,DEN,rush_yds,betrivers,22.5,19.23183413504315,32.96085000042404,3.0,"",0.0,0.36,Under,-117,0.565,0.5030135004821601,0.0479059829059828,false
2026_04_DEN_SF,00-0036158,J.K. Dobbins,DEN,SF,rush_yds,betrivers,59.5,53.43288617880651,60.60209019357035,-3.0,"",0.0,1.56,Over,-114,0.495,0.4969864995178399,-0.07078947368421057,false
2026_04_DEN_SF,00-0036158,J.K. Dobbins,DEN,SF,rush_yds,betrivers,59.5,53.43288617880651,60.60209019357035,-3.0,"",0.0,1.56,Under,-117,0.505,0.5030135004821601,-0.0633760683760684,false
2026_04_KC_LV,00-0033873,Patrick Mahomes,KC,LV,pass_yds,betonlineag,237.5,273.27451423133095,257.510478366701,4.5,"",0.0,0.0,Over,-115,0.6475,0.5030953363598846,0.2105434782608695,false
2026_04_KC_LV,00-0033873,Patrick Mahomes,KC,LV,pass_yds,betonlineag,237.5,273.27451423133095,257.510478366701,4.5,"",0.0,0.0,Under,-112,0.35250000000000004,0.49690466364011543,-0.33276785714285706,false
2026_04_KC_LV,00-0038134,Kenneth Walker III,KC,LV,rec_yds,betonlineag,22.5,20.26198381335569,26.64190326282352,4.5,"",0.0,0.0,Over,-115,0.44,0.5030953363598846,-0.17739130434782613,false
2026_04_KC_LV,00-0038134,Kenneth Walker III,KC,LV,rec_yds,betonlineag,22.5,20.26198381335569,26.64190326282352,4.5,"",0.0,0.0,Under,-112,0.56,0.49690466364011543,0.060000000000000164,false
2026_04_KC_LV,00-0039066,Michael Mayer,LV,KC,rec_yds,betonlineag,24.5,20.1351327192671,29.515647159031474,-4.5,"",0.0,0.0,Over,-115,0.41,0.5030953363598846,-0.2334782608695653,false
2026_04_KC_LV,00-0039066,Michael Mayer,LV,KC,rec_yds,betonlineag,24.5,20.1351327192671,29.515647159031474,-4.5,"",0.0,0.0,Under,-112,0.5900000000000001,0.49690466364011543,0.11678571428571449,false
2026_04_KC_LV,00-0038134,Kenneth Walker III,KC,LV,rush_yds,betonlineag,86.5,89.88330372795177,93.8818694775153,4.5,"",0.0,0.0,Over,-115,0.4975,0.5030953363598846,-0.06989130434782603,false
2026_04_KC_LV,00-0038134,Kenneth Walker III,KC,LV,rush_yds,betonlineag,86.5,89.88330372795177,93.8818694775153,4.5,"",0.0,0.0,Under,-112,0.5025,0.49690466364011543,-0.04883928571428581,false
2026_04_KC_LV,00-0033873,Patrick Mahomes,KC,LV,pass_yds,betrivers,237.5,273.27451423133095,257.510478366701,4.5,"",0.0,0.0,Over,-117,0.6475,0.5030135004821601,0.2009188034188033,false
2026_04_KC_LV,00-0033873,Patrick Mahomes,KC,LV,pass_yds,betrivers,237.5,273.27451423133095,257.510478366701,4.5,"",0.0,0.0,Under,-114,0.35250000000000004,0.4969864995178399,-0.3382894736842105,false
2026_04_KC_LV,00-0039338,Brock Bowers,LV,KC,rec_yds,betrivers,72.5,47.95426611210446,62.53773719824398,-4.5,ltd,0.0,0.0,Over,-114,0.27,0.4969864995178399,-0.4931578947368421,false
2026_04_KC_LV,00-0039338,Brock Bowers,LV,KC,rec_yds,betrivers,72.5,47.95426611210446,62.53773719824398,-4.5,ltd,0.0,0.0,Under,-117,0.73,0.5030135004821601,0.3539316239316239,false
2026_04_KC_LV,00-0038134,Kenneth Walker III,KC,LV,rec_yds,betrivers,20.5,20.26198381335569,26.64190326282352,4.5,"",0.0,0.0,Over,-117,0.485,0.5030135004821601,-0.10047008547008551,false
2026_04_KC_LV,00-0038134,Kenneth Walker III,KC,LV,rec_yds,betrivers,20.5,20.26198381335569,26.64190326282352,4.5,"",0.0,0.0,Under,-114,0.515,0.4969864995178399,-0.033245614035087745,false
2026_04_KC_LV,00-0039067,Rashee Rice,KC,LV,rec_yds,betrivers,57.5,53.02466571931566,67.98999410865851,4.5,"",0.0,0.0,Over,-114,0.4475,0.4969864995178399,-0.15995614035087719,false
2026_04_KC_LV,00-0039067,Rashee Rice,KC,LV,rec_yds,betrivers,57.5,53.02466571931566,67.98999410865851,4.5,"",0.0,0.0,Under,-117,0.5525,0.5030135004821601,0.0247222222222222,false
2026_04_LAC_SEA,00-0039793,AJ Barner,SEA,LAC,rec_yds,betonlineag,30.5,30.544772274397104,30.52200765695458,7.0,"",0.0,0.0,Over,-115,0.5325,0.5030953363598846,-0.00445652173913047,false
2026_04_LAC_SEA,00-0039793,AJ Barner,SEA,LAC,rec_yds,betonlineag,30.5,30.544772274397104,30.52200765695458,7.0,"",0.0,0.0,Under,-112,0.4675,0.49690466364011543,-0.11508928571428562,false
2026_04_LAC_SEA,00-0039915,Ladd McConkey,LAC,SEA,rec_yds,betonlineag,47.5,31.094032190824933,49.885322476877676,-7.0,Q,0.18,0.0,Over,-115,0.29,0.5030953363598846,-0.4578260869565217,false
2026_04_LAC_SEA,00-0039915,Ladd McConkey,LAC,SEA,rec_yds,betonlineag,47.5,31.094032190824933,49.885322476877676,-7.0,Q,0.18,0.0,Under,-112,0.71,0.49690466364011543,0.34392857142857136,false
2026_04_LAC_SEA,00-0038797,Emanuel Wilson,SEA,LAC,rush_yds,betonlineag,49.5,20.55338889806892,32.10730308929003,7.0,"",0.82,0.49,Over,-115,0.1425,0.5030953363598846,-0.7335869565217392,true
2026_04_LAC_SEA,00-0038797,Emanuel Wilson,SEA,LAC,rush_yds,betonlineag,49.5,20.55338889806892,32.10730308929003,7.0,"",0.82,0.49,Under,-112,0.8575,0.49690466364011543,0.6231250000000002,true
2026_04_LAC_SEA,00-0036355,Justin Herbert,LAC,SEA,pass_yds,betrivers,197.5,196.89789040346685,211.40402849370207,-7.0,"",0.18,0.0,Over,-114,0.515,0.4969864995178399,-0.033245614035087745,false
2026_04_LAC_SEA,00-0036355,Justin Herbert,LAC,SEA,pass_yds,betrivers,197.5,196.89789040346685,211.40402849370207,-7.0,"",0.18,0.0,Under,-117,0.485,0.5030135004821601,-0.10047008547008551,false
2026_04_LAC_SEA,00-0034869,Sam Darnold,SEA,LAC,pass_yds,betrivers,236.5,227.23676544566715,222.2240426095587,7.0,"",0.0,0.0,Over,-117,0.4425,0.5030135004821601,-0.1792948717948718,false
2026_04_LAC_SEA,00-0034869,Sam Darnold,SEA,LAC,pass_yds,betrivers,236.5,227.23676544566715,222.2240426095587,7.0,"",0.0,0.0,Under,-114,0.5575,0.4969864995178399,0.04653508771929821,false
2026_04_LAC_SEA,00-0038543,Jaxon Smith-Njigba,SEA,LAC,rec_yds,betrivers,93.5,72.62772890281619,104.06289505202075,7.0,"",0.0,0.0,Over,-117,0.375,0.5030135004821601,-0.3044871794871795,false
2026_04_LAC_SEA,00-0038543,Jaxon Smith-Njigba,SEA,LAC,rec_yds,betrivers,93.5,72.62772890281619,104.06289505202075,7.0,"",0.0,0.0,Under,-114,0.625,0.4969864995178399,0.17324561403508765,false
2026_04_LAC_SEA,00-0039915,Ladd McConkey,LAC,SEA,rec_yds,betrivers,46.5,31.094032190824933,49.885322476877676,-7.0,Q,0.18,0.0,Over,-114,0.3,0.4969864995178399,-0.43684210526315786,false
2026_04_LAC_SEA,00-0039915,Ladd McConkey,LAC,SEA,rec_yds,betrivers,46.5,31.094032190824933,49.885322476877676,-7.0,Q,0.18,0.0,Under,-117,0.7,0.5030135004821601,0.29829059829059823,false
2026_04_LAC_SEA,00-0037545,Rashid Shaheed,SEA,LAC,rec_yds,betrivers,20.5,18.381924098589653,23.72644101762443,7.0,"",0.0,0.0,Over,-114,0.415,0.4969864995178399,-0.22096491228070175,false
2026_04_LAC_SEA,00-0037545,Rashid Shaheed,SEA,LAC,rec_yds,betrivers,20.5,18.381924098589653,23.72644101762443,7.0,"",0.0,0.0,Under,-117,0.585,0.5030135004821601,0.08499999999999991,false
2026_04_DET_CAR,00-0033106,Jared Goff,DET,CAR,pass_yds,betonlineag,257.5,261.14302535623415,280.7758016256247,3.5,"",0.0,0.0,Over,-115,0.475,0.5030953363598846,-0.11195652173913051,false
2026_04_DET_CAR,00-0033106,Jared Goff,DET,CAR,pass_yds,betonlineag,257.5,261.14302535623415,280.7758016256247,3.5,"",0.0,0.0,Under,-112,0.525,0.49690466364011543,-0.006249999999999922,false
2026_04_DET_CAR,00-0039150,Bryce Young,CAR,DET,pass_yds,betrivers,243.5,248.2608409491603,244.23475022316248,-3.5,"",0.44,0.0,Over,-114,0.495,0.4969864995178399,-0.07078947368421057,false
2026_04_DET_CAR,00-0039150,Bryce Young,CAR,DET,pass_yds,betrivers,243.5,248.2608409491603,244.23475022316248,-3.5,"",0.44,0.0,Under,-117,0.505,0.5030135004821601,-0.0633760683760684,false
2026_04_DET_CAR,00-0033106,Jared Goff,DET,CAR,pass_yds,betrivers,260.5,261.14302535623415,280.7758016256247,3.5,"",0.0,0.0,Over,-114,0.4475,0.4969864995178399,-0.15995614035087719,false
2026_04_DET_CAR,00-0033106,Jared Goff,DET,CAR,pass_yds,betrivers,260.5,261.14302535623415,280.7758016256247,3.5,"",0.0,0.0,Under,-117,0.5525,0.5030135004821601,0.0247222222222222,false
2026_04_DET_CAR,00-0039065,Sam LaPorta,DET,CAR,rec_yds,betrivers,48.5,41.6972574928549,52.41124484993481,3.5,"",0.0,0.0,Over,-114,0.37,0.4969864995178399,-0.3054385964912281,false
2026_04_DET_CAR,00-0039065,Sam LaPorta,DET,CAR,rec_yds,betrivers,48.5,41.6972574928549,52.41124484993481,3.5,"",0.0,0.0,Under,-117,0.63,0.5030135004821601,0.16846153846153844,false
2026_04_DET_CAR,00-0036963,Amon-Ra St. Brown,DET,CAR,rec_yds,betrivers,77.5,77.043689382904,83.27615220961887,3.5,"",0.0,0.0,Over,-117,0.5075,0.5030135004821601,-0.05873931623931633,false
2026_04_DET_CAR,00-0036963,Amon-Ra St. Brown,DET,CAR,rec_yds,betrivers,77.5,77.043689382904,83.27615220961887,3.5,"",0.0,0.0,Under,-114,0.49250000000000005,0.4969864995178399,-0.07548245614035082,false
2026_04_DET_CAR,00-0037240,Jameson Williams,DET,CAR,rec_yds,betrivers,50.5,55.0990806723728,60.78712415912301,3.5,"",0.0,0.0,Over,-117,0.565,0.5030135004821601,0.0479059829059828,false
2026_04_DET_CAR,00-0037240,Jameson Williams,DET,CAR,rec_yds,betrivers,50.5,55.0990806723728,60.78712415912301,3.5,"",0.0,0.0,Under,-114,0.43500000000000005,0.4969864995178399,-0.18342105263157887,false
2026_04_DET_CAR,00-0040124,Tetairoa McMillan,CAR,DET,rec_yds,betrivers,75.5,58.88355480189439,60.12865296281391,-3.5,"",0.44,0.0,Over,-114,0.3075,0.4969864995178399,-0.42276315789473684,true
2026_04_DET_CAR,00-0040124,Tetairoa McMillan,CAR,DET,rec_yds,betrivers,75.5,58.88355480189439,60.12865296281391,-3.5,"",0.44,0.0,Under,-117,0.6925,0.5030135004821601,0.2843803418803419,true
2026_04_DET_CAR,00-0031610,Darren Waller,CAR,DET,rec_yds,betrivers,35.5,27.049151785366128,35.17969558031205,-3.5,"",0.0,0.0,Over,-114,0.3875,0.4969864995178399,-0.27258771929824566,false
2026_04_DET_CAR,00-0031610,Darren Waller,CAR,DET,rec_yds,betrivers,35.5,27.049151785366128,35.17969558031205,-3.5,"",0.0,0.0,Under,-117,0.6125,0.5030135004821601,0.13600427350427358,false
2026_04_DET_CAR,00-0036555,Chuba Hubbard,CAR,DET,rush_yds,betrivers,69.5,48.95518924551863,45.69564087795096,-3.5,"",0.0,0.0,Over,-114,0.2975,0.4969864995178399,-0.4415350877192983,true
2026_04_DET_CAR,00-0036555,Chuba Hubbard,CAR,DET,rush_yds,betrivers,69.5,48.95518924551863,45.69564087795096,-3.5,"",0.0,0.0,Under,-117,0.7025,0.5030135004821601,0.3029273504273504,true
2026_04_DET_CAR,00-0039139,Jahmyr Gibbs,DET,CAR,rush_yds,betrivers,96.5,93.5639451469748,79.32772740575524,3.5,"",0.0,0.0,Over,-114,0.4475,0.4969864995178399,-0.15995614035087719,false
2026_04_DET_CAR,00-0039139,Jahmyr Gibbs,DET,CAR,rush_yds,betrivers,96.5,93.5639451469748,79.32772740575524,3.5,"",0.0,0.0,Under,-117,0.5525,0.5030135004821601,0.0247222222222222,false
2026_04_ATL_NO,00-0036040,Juwan Johnson,NO,ATL,rec_yds,draftkings,40.5,45.86798029665469,58.165773050914574,1.5,"",0.0,0.0,Over,-114,0.585,0.5031375502008032,0.098157894736842,false
2026_04_ATL_NO,00-0036040,Juwan Johnson,NO,ATL,rec_yds,draftkings,40.5,45.86798029665469,58.165773050914574,1.5,"",0.0,0.0,Under,-111,0.41500000000000004,0.4968624497991968,-0.21112612612612608,false
2026_04_ATL_NO,00-0038542,Bijan Robinson,ATL,NO,rec_yds,betonlineag,39.5,32.52299397479807,39.24763005083163,-1.5,"",0.0,0.0,Over,-115,0.3875,0.5030953363598846,-0.2755434782608696,false
2026_04_ATL_NO,00-0038542,Bijan Robinson,ATL,NO,rec_yds,betonlineag,39.5,32.52299397479807,39.24763005083163,-1.5,"",0.0,0.0,Under,-112,0.6125,0.49690466364011543,0.15937500000000016,false
2026_04_ATL_NO,00-0039917,Michael Penix Jr.,ATL,NO,pass_yds,betrivers,220.5,227.10259259943885,216.71179631938716,-1.5,"",0.0,0.0,Over,-114,0.5225,0.4969864995178399,-0.019166666666666776,false
2026_04_ATL_NO,00-0039917,Michael Penix Jr.,ATL,NO,pass_yds,betrivers,220.5,227.10259259943885,216.71179631938716,-1.5,"",0.0,0.0,Under,-117,0.47750000000000004,0.5030135004821601,-0.11438034188034185,false
2026_04_ATL_NO,00-0040743,Tyler Shough,NO,ATL,pass_yds,betrivers,253.5,261.0693108956794,270.28520318410136,1.5,"",0.0,0.0,Over,-114,0.4975,0.4969864995178399,-0.06609649122807015,false
2026_04_ATL_NO,00-0040743,Tyler Shough,NO,ATL,pass_yds,betrivers,253.5,261.0693108956794,270.28520318410136,1.5,"",0.0,0.0,Under,-117,0.5025,0.5030135004821601,-0.06801282051282065,false
2026_04_ATL_NO,00-0036970,Kyle Pitts,ATL,NO,rec_yds,betrivers,27.5,33.55764905438143,37.68905204260197,-1.5,"",0.0,0.0,Over,-114,0.57,0.4969864995178399,0.0699999999999999,false
2026_04_ATL_NO,00-0036970,Kyle Pitts,ATL,NO,rec_yds,betrivers,27.5,33.55764905438143,37.68905204260197,-1.5,"",0.0,0.0,Under,-117,0.43000000000000005,0.5030135004821601,-0.2024786324786324,false
2026_04_ATL_NO,00-0035644,Noah Fant,NO,ATL,rec_yds,betrivers,16.5,12.599302859571432,19.681068475531955,1.5,ltd,0.0,0.0,Over,-117,0.4,0.5030135004821601,-0.2581196581196581,false
2026_04_ATL_NO,00-0035644,Noah Fant,NO,ATL,rec_yds,betrivers,16.5,12.599302859571432,19.681068475531955,1.5,ltd,0.0,0.0,Under,-114,0.6,0.4969864995178399,0.12631578947368416,false
2026_04_ATL_NO,00-0038542,Bijan Robinson,ATL,NO,rec_yds,betrivers,38.5,32.52299397479807,39.24763005083163,-1.5,"",0.0,0.0,Over,-117,0.405,0.5030135004821601,-0.24884615384615383,false
2026_04_ATL_NO,00-0038542,Bijan Robinson,ATL,NO,rec_yds,betrivers,38.5,32.52299397479807,39.24763005083163,-1.5,"",0.0,0.0,Under,-114,0.595,0.4969864995178399,0.11692982456140344,false
2026_04_ATL_NO,00-0037238,Drake London,ATL,NO,rec_yds,betrivers,76.5,67.83595295897788,84.55349451043982,-1.5,"",0.0,0.0,Over,-117,0.4225,0.5030135004821601,-0.2163888888888889,false
2026_04_ATL_NO,00-0037238,Drake London,ATL,NO,rec_yds,betrivers,76.5,67.83595295897788,84.55349451043982,-1.5,"",0.0,0.0,Under,-114,0.5775,0.4969864995178399,0.08407894736842103,false
2026_04_ATL_NO,00-0036040,Juwan Johnson,NO,ATL,rec_yds,betrivers,39.5,45.86798029665469,58.165773050914574,1.5,"",0.0,0.0,Over,-117,0.595,0.5030135004821601,0.10354700854700849,false
2026_04_ATL_NO,00-0036040,Juwan Johnson,NO,ATL,rec_yds,betrivers,39.5,45.86798029665469,58.165773050914574,1.5,"",0.0,0.0,Under,-114,0.405,0.4969864995178399,-0.23973684210526314,false
2026_04_ATL_NO,00-0033906,Alvin Kamara,NO,ATL,rush_yds,betrivers,36.5,16.552636853515068,36.58482283642212,1.5,"",0.0,0.0,Over,-117,0.195,0.5030135004821601,-0.6383333333333333,false
2026_04_ATL_NO,00-0033906,Alvin Kamara,NO,ATL,rush_yds,betrivers,36.5,16.552636853515068,36.58482283642212,1.5,"",0.0,0.0,Under,-114,0.8049999999999999,0.4969864995178399,0.5111403508771928,false
2026_04_ARI_NYG,00-0038559,Michael Wilson,ARI,NYG,rec_yds,draftkings,59.5,60.28366158632531,67.99818155912376,2.5,"",0.0,0.0,Over,-110,0.4875,0.495787700084246,-0.06931818181818178,false
2026_04_ARI_NYG,00-0038559,Michael Wilson,ARI,NYG,rec_yds,draftkings,59.5,60.28366158632531,67.99818155912376,2.5,"",0.0,0.0,Under,-114,0.5125,0.504212299915754,-0.03793859649122816,false
2026_04_ARI_NYG,00-0036309,Darnell Mooney,NYG,ARI,rec_yds,draftkings,20.5,29.045774173845203,30.747541520578103,-2.5,"",0.0,0.59,Over,-114,0.605,0.5042122999157539,0.13570175438596488,false
2026_04_ARI_NYG,00-0036309,Darnell Mooney,NYG,ARI,rec_yds,draftkings,20.5,29.045774173845203,30.747541520578103,-2.5,"",0.0,0.59,Under,-110,0.395,0.4957877000842461,-0.2459090909090909,false
2026_04_ARI_NYG,00-0040715,Cam Skattebo,NYG,ARI,rec_yds,draftkings,18.5,19.307773325073775,23.962266618355144,-2.5,"",0.0,0.59,Over,-110,0.48,0.495787700084246,-0.08363636363636368,false
2026_04_ARI_NYG,00-0040715,Cam Skattebo,NYG,ARI,rec_yds,draftkings,18.5,19.307773325073775,23.962266618355144,-2.5,"",0.0,0.59,Under,-114,0.52,0.504212299915754,-0.023859649122807025,false
2026_04_ARI_NYG,00-0039847,Theo Johnson,NYG,ARI,rec_yds,draftkings,7.5,22.259387751703937,28.655282282229436,-2.5,"",0.0,0.59,Over,-110,0.7125,0.495787700084246,0.36022727272727273,true
2026_04_ARI_NYG,00-0039847,Theo Johnson,NYG,ARI,rec_yds,draftkings,7.5,22.259387751703937,28.655282282229436,-2.5,"",0.0,0.59,Under,-114,0.2875,0.504212299915754,-0.4603070175438597,true
2026_04_ARI_NYG,00-0039849,Marvin Harrison Jr.,ARI,NYG,receptions,draftkings,2.5,2.4034638337222067,2.4350809327765917,2.5,"",0.0,0.0,Over,-111,0.4525,0.4958445875753168,-0.13984234234234233,false
2026_04_ARI_NYG,00-0039849,Marvin Harrison Jr.,ARI,NYG,receptions,draftkings,2.5,2.4034638337222067,2.4350809327765917,2.5,"",0.0,0.0,Under,-115,0.5475,0.5041554124246832,0.02358695652173909,false
2026_04_ARI_NYG,00-0041027,Jeremiyah Love,ARI,NYG,rush_yds,draftkings,65.5,58.514192037891135,56.27048438216811,2.5,"",0.0,0.0,Over,-114,0.425,0.5042122999157539,-0.2021929824561403,false
2026_04_ARI_NYG,00-0041027,Jeremiyah Love,ARI,NYG,rush_yds,draftkings,65.5,58.514192037891135,56.27048438216811,2.5,"",0.0,0.0,Under,-110,0.575,0.4957877000842461,0.09772727272727266,false
2026_04_ARI_NYG,00-0040715,Cam Skattebo,NYG,ARI,rush_yds,draftkings,62.5,51.935640446723795,54.9744401021971,-2.5,"",0.0,0.0,Over,-110,0.4525,0.495787700084246,-0.1361363636363636,false
2026_04_ARI_NYG,00-0040715,Cam Skattebo,NYG,ARI,rush_yds,draftkings,62.5,51.935640446723795,54.9744401021971,-2.5,"",0.0,0.0,Under,-114,0.5475,0.504212299915754,0.027763157894736767,false
2026_04_ARI_NYG,00-0037263,Tyler Allgeier,ARI,NYG,rush_yds,draftkings,21.5,14.539284934632644,26.32341268663367,2.5,"",0.0,0.0,Over,-110,0.3775,0.495787700084246,-0.27931818181818185,false
2026_04_ARI_NYG,00-0037263,Tyler Allgeier,ARI,NYG,rush_yds,draftkings,21.5,14.539284934632644,26.32341268663367,2.5,"",0.0,0.0,Under,-114,0.6225,0.504212299915754,0.1685526315789474,false
2026_04_ARI_NYG,00-0033119,Jacoby Brissett,ARI,NYG,pass_yds,betrivers,227.5,216.8848890025794,230.38906644493494,2.5,"",0.0,0.0,Over,-113,0.4175,0.4959548561951377,-0.21303097345132743,false
2026_04_ARI_NYG,00-0033119,Jacoby Brissett,ARI,NYG,pass_yds,betrivers,227.5,216.8848890025794,230.38906644493494,2.5,"",0.0,0.0,Under,-117,0.5825,0.5040451438048623,0.08036324786324789,false
2026_04_ARI_NYG,00-0041027,Jeremiyah Love,ARI,NYG,rush_yds,betrivers,66.5,58.514192037891135,56.27048438216811,2.5,"",0.0,0.0,Over,-113,0.41,0.4959548561951377,-0.22716814159292043,false
2026_04_ARI_NYG,00-0041027,Jeremiyah Love,ARI,NYG,rush_yds,betrivers,66.5,58.514192037891135,56.27048438216811,2.5,"",0.0,0.0,Under,-117,0.5900000000000001,0.5040451438048623,0.09427350427350445,false
2026_04_TEN_BAL,00-0041438,Carnell Tate,TEN,BAL,rec_yds,draftkings,44.5,45.236368676184156,42.21904471989196,-11.5,"",0.0,0.0,Over,-114,0.525,0.5042122999157539,-0.014473684210526305,false
2026_04_TEN_BAL,00-0041438,Carnell Tate,TEN,BAL,rec_yds,draftkings,44.5,45.236368676184156,42.21904471989196,-11.5,"",0.0,0.0,Under,-110,0.475,0.4957877000842461,-0.09318181818181825,false
2026_04_TEN_BAL,00-0034753,Mark Andrews,BAL,TEN,rec_yds,draftkings,39.5,29.521030407632786,29.824881984319124,11.5,"",0.0,0.0,Over,-114,0.315,0.5042122999157539,-0.40868421052631587,false
2026_04_TEN_BAL,00-0034753,Mark Andrews,BAL,TEN,rec_yds,draftkings,39.5,29.521030407632786,29.824881984319124,11.5,"",0.0,0.0,Under,-110,0.685,0.4957877000842461,0.30772727272727285,false
2026_04_TEN_BAL,00-0035261,Tony Pollard,TEN,BAL,rush_yds,draftkings,48.5,51.81206559633644,67.27707803559272,-11.5,"",0.0,0.55,Over,-110,0.585,0.495787700084246,0.11681818181818171,false
2026_04_TEN_BAL,00-0035261,Tony Pollard,TEN,BAL,rush_yds,draftkings,48.5,51.81206559633644,67.27707803559272,-11.5,"",0.0,0.55,Under,-114,0.41500000000000004,0.504212299915754,-0.2209649122807017,false
2026_04_TEN_BAL,00-0040170,Elic Ayomanor,TEN,BAL,rec_yds,betrivers,18.5,27.802073056401525,32.42591087669064,-11.5,"",0.0,0.0,Over,-117,0.6225,0.5040451438048622,0.1545512820512821,true
2026_04_TEN_BAL,00-0040170,Elic Ayomanor,TEN,BAL,rec_yds,betrivers,18.5,27.802073056401525,32.42591087669064,-11.5,"",0.0,0.0,Under,-113,0.37749999999999995,0.4959548561951378,-0.2884292035398231,true
2026_04_NE_BUF,00-0034827,DJ Moore,BUF,NE,rec_yds,draftkings,49.5,38.45852049979416,47.5748720775946,7.0,ltd,0.0,0.95,Over,-114,0.3475,0.5042122999157539,-0.34767543859649136,false
2026_04_NE_BUF,00-0034827,DJ Moore,BUF,NE,rec_yds,draftkings,49.5,38.45852049979416,47.5748720775946,7.0,ltd,0.0,0.95,Under,-110,0.6525000000000001,0.4957877000842461,0.24568181818181833,false
2026_04_NE_BUF,00-0038933,Dalton Kincaid,BUF,NE,rec_yds,draftkings,47.5,39.7548709653255,60.526909840791134,7.0,"",0.0,0.95,Over,-110,0.36,0.495787700084246,-0.31272727272727274,false
2026_04_NE_BUF,00-0038933,Dalton Kincaid,BUF,NE,rec_yds,draftkings,47.5,39.7548709653255,60.526909840791134,7.0,"",0.0,0.95,Under,-114,0.64,0.504212299915754,0.2014035087719298,false
2026_04_NE_BUF,00-0039901,Keon Coleman,BUF,NE,rec_yds,draftkings,13.5,25.73366841497812,30.661714596640252,7.0,ltd,0.0,0.95,Over,-114,0.68,0.5042122999157539,0.27649122807017545,true
2026_04_NE_BUF,00-0039901,Keon Coleman,BUF,NE,rec_yds,draftkings,13.5,25.73366841497812,30.661714596640252,7.0,ltd,0.0,0.95,Under,-110,0.31999999999999995,0.4957877000842461,-0.3890909090909092,true
2026_04_NE_BUF,00-0037248,James Cook,BUF,NE,rush_yds,draftkings,86.5,82.94079826019919,99.31768637257396,7.0,"",0.0,0.57,Over,-114,0.425,0.5042122999157539,-0.2021929824561403,false
2026_04_NE_BUF,00-0037248,James Cook,BUF,NE,rush_yds,draftkings,86.5,82.94079826019919,99.31768637257396,7.0,"",0.0,0.57,Under,-110,0.575,0.4957877000842461,0.09772727272727266,false
2026_04_NE_BUF,00-0036875,Rhamondre Stevenson,NE,BUF,rush_yds,draftkings,32.5,42.91445603854074,46.949859951800704,-7.0,"",0.0,0.46,Over,-110,0.67,0.495787700084246,0.27909090909090917,false
2026_04_NE_BUF,00-0036875,Rhamondre Stevenson,NE,BUF,rush_yds,draftkings,32.5,42.91445603854074,46.949859951800704,-7.0,"",0.0,0.46,Under,-114,0.32999999999999996,0.504212299915754,-0.38052631578947377,false
2026_04_NYJ_CHI,00-0037740,Garrett Wilson,NYJ,CHI,rec_yds,draftkings,75.5,59.66365276510404,64.05531107067858,-3.5,"",0.71,1.54,Over,-110,0.35,0.495787700084246,-0.33181818181818185,false
2026_04_NYJ_CHI,00-0037740,Garrett Wilson,NYJ,CHI,rec_yds,draftkings,75.5,59.66365276510404,64.05531107067858,-3.5,"",0.71,1.54,Under,-114,0.65,0.504212299915754,0.22017543859649125,false
2026_04_NYJ_CHI,00-0041032,Kenyon Sadiq,NYJ,CHI,rec_yds,draftkings,43.5,29.17314055957443,52.64690470233312,-3.5,Q,0.65,1.54,Over,-110,0.2375,0.495787700084246,-0.5465909090909091,false
2026_04_NYJ_CHI,00-0041032,Kenyon Sadiq,NYJ,CHI,rec_yds,draftkings,43.5,29.17314055957443,52.64690470233312,-3.5,Q,0.65,1.54,Under,-114,0.7625,0.504212299915754,0.4313596491228069,false
2026_04_NYJ_CHI,00-0040126,Colston Loveland,CHI,NYJ,rec_yds,draftkings,34.5,37.00555889242104,45.37102660425587,3.5,"",0.0,0.0,Over,-110,0.5025,0.495787700084246,-0.04068181818181832,false
2026_04_NYJ_CHI,00-0040126,Colston Loveland,CHI,NYJ,rec_yds,draftkings,34.5,37.00555889242104,45.37102660425587,3.5,"",0.0,0.0,Under,-114,0.49750000000000005,0.504212299915754,-0.0660964912280701,false
2026_04_NYJ_CHI,00-0032464,Kalif Raymond,CHI,NYJ,rec_yds,draftkings,32.5,32.216789618978055,44.91065438169217,3.5,"",0.0,0.0,Over,-110,0.4975,0.495787700084246,-0.050227272727272676,false
2026_04_NYJ_CHI,00-0032464,Kalif Raymond,CHI,NYJ,rec_yds,draftkings,32.5,32.216789618978055,44.91065438169217,3.5,"",0.0,0.0,Under,-114,0.5025,0.504212299915754,-0.0567105263157896,false
2026_04_NYJ_CHI,00-0040236,Kyle Monangai,CHI,NYJ,rush_yds,draftkings,39.5,31.05013864670513,47.5338038288148,3.5,"",0.0,0.09,Over,-110,0.36,0.495787700084246,-0.31272727272727274,false
2026_04_NYJ_CHI,00-0040236,Kyle Monangai,CHI,NYJ,rush_yds,draftkings,39.5,31.05013864670513,47.5338038288148,3.5,"",0.0,0.09,Under,-114,0.64,0.504212299915754,0.2014035087719298,false
2026_04_JAX_CIN,00-0034960,Jakobi Meyers,JAX,CIN,rec_yds,draftkings,41.5,35.90809158878358,45.33408985106883,-2.5,"",0.0,0.28,Over,-110,0.4025,0.495787700084246,-0.23159090909090901,false
2026_04_JAX_CIN,00-0034960,Jakobi Meyers,JAX,CIN,rec_yds,draftkings,41.5,35.90809158878358,45.33408985106883,-2.5,"",0.0,0.28,Under,-114,0.5974999999999999,0.504212299915754,0.12162280701754369,false
2026_04_JAX_CIN,00-0039893,Brian Thomas Jr,JAX,CIN,rec_yds,draftkings,27.5,32.80582282945738,39.21753048042568,-2.5,"",0.0,0.28,Over,-114,0.5325,0.5042122999157539,-0.00039473684210533655,false
2026_04_JAX_CIN,00-0039893,Brian Thomas Jr,JAX,CIN,rec_yds,draftkings,27.5,32.80582282945738,39.21753048042568,-2.5,"",0.0,0.28,Under,-110,0.4675,0.4957877000842461,-0.10749999999999998,false
2026_04_DAL_HOU,00-0036358,CeeDee Lamb,DAL,HOU,rec_yds,draftkings,76.5,60.475650608704846,85.05709432863608,-3.0,"",0.0,0.62,Over,-114,0.34,0.5042122999157539,-0.3617543859649122,false
2026_04_DAL_HOU,00-0036358,CeeDee Lamb,DAL,HOU,rec_yds,draftkings,76.5,60.475650608704846,85.05709432863608,-3.0,"",0.0,0.62,Under,-110,0.6599999999999999,0.4957877000842461,0.2599999999999998,false
2026_04_DAL_HOU,00-0034383,Dalton Schultz,HOU,DAL,rec_yds,draftkings,39.5,35.3033784830528,52.19508150168909,3.0,ltd,0.0,0.67,Over,-110,0.4075,0.495787700084246,-0.2220454545454546,false
2026_04_DAL_HOU,00-0034383,Dalton Schultz,HOU,DAL,rec_yds,draftkings,39.5,35.3033784830528,52.19508150168909,3.0,ltd,0.0,0.67,Under,-114,0.5925,0.504212299915754,0.11223684210526319,false
2026_04_DAL_HOU,00-0038608,Kayshon Boutte,HOU,DAL,rec_yds,draftkings,22.5,25.252139306988823,31.776177856666155,3.0,"",0.0,0.67,Over,-114,0.5675,0.5042122999157539,0.06530701754385965,false
2026_04_DAL_HOU,00-0038608,Kayshon Boutte,HOU,DAL,rec_yds,draftkings,22.5,25.252139306988823,31.776177856666155,3.0,"",0.0,0.67,Under,-110,0.4325,0.4957877000842461,-0.17431818181818182,false
2026_04_DAL_HOU,00-0038041,Jake Ferguson,DAL,HOU,receptions,draftkings,3.5,2.979769580269636,3.1888223184794438,-3.0,"",0.0,0.62,Over,-111,0.365,0.4958445875753168,-0.3061711711711712,false
2026_04_DAL_HOU,00-0038041,Jake Ferguson,DAL,HOU,receptions,draftkings,3.5,2.979769580269636,3.1888223184794438,-3.0,"",0.0,0.62,Under,-115,0.635,0.5041554124246832,0.1871739130434783,false
2026_04_GB_TB,00-0038124,Christian Watson,GB,TB,rec_yds,draftkings,68.5,56.5955665932195,70.08671555732958,3.0,"",0.0,0.67,Over,-110,0.3725,0.495787700084246,-0.2888636363636363,false
2026_04_GB_TB,00-0038124,Christian Watson,GB,TB,rec_yds,draftkings,68.5,56.5955665932195,70.08671555732958,3.0,"",0.0,0.67,Under,-114,0.6275,0.504212299915754,0.1779385964912279,false
2026_04_GB_TB,00-0033921,Chris Godwin,TB,GB,rec_yds,draftkings,26.5,33.7313057888288,43.84103008758281,-3.0,"",0.0,0.0,Over,-110,0.5775,0.495787700084246,0.10250000000000004,true
2026_04_GB_TB,00-0033921,Chris Godwin,TB,GB,rec_yds,draftkings,26.5,33.7313057888288,43.84103008758281,-3.0,"",0.0,0.0,Under,-114,0.4225,0.504212299915754,-0.20688596491228073,true
2026_04_LA_PHI,00-0038393,Dontayvion Wicks,PHI,LA,rec_yds,draftkings,55.5,34.1673441654505,37.790555559971956,-3.5,"",1.48,0.76,Over,-110,0.265,0.495787700084246,-0.4940909090909091,true
2026_04_LA_PHI,00-0038393,Dontayvion Wicks,PHI,LA,rec_yds,draftkings,55.5,34.1673441654505,37.790555559971956,-3.5,"",1.48,0.76,Under,-114,0.735,0.504212299915754,0.37973684210526315,true
2026_04_LA_PHI,00-0040867,Makai Lemon,PHI,LA,rec_yds,draftkings,36.5,19.556635358822042,14.614195131168584,-3.5,"",1.48,0.76,Over,-114,0.24,0.5042122999157539,-0.5494736842105263,true
2026_04_LA_PHI,00-0040867,Makai Lemon,PHI,LA,rec_yds,draftkings,36.5,19.556635358822042,14.614195131168584,-3.5,"",1.48,0.76,Under,-110,0.76,0.4957877000842461,0.4509090909090909,true
2026_04_LA_PHI,00-0033110,Tyler Higbee,LA,PHI,rec_yds,draftkings,32.5,20.650002369895756,34.02491304506414,3.5,ltd,0.48,0.72,Over,-110,0.3125,0.495787700084246,-0.40340909090909094,false
2026_04_LA_PHI,00-0033110,Tyler Higbee,LA,PHI,rec_yds,draftkings,32.5,20.650002369895756,34.02491304506414,3.5,ltd,0.48,0.72,Under,-114,0.6875,0.504212299915754,0.2905701754385964,false
2026_04_LA_PHI,00-0034844,Saquon Barkley,PHI,LA,rush_yds,draftkings,68.5,63.814288730694614,75.27342864009557,-3.5,"",0.0,0.72,Over,-110,0.425,0.495787700084246,-0.1886363636363636,false
2026_04_LA_PHI,00-0034844,Saquon Barkley,PHI,LA,rush_yds,draftkings,68.5,63.814288730694614,75.27342864009557,-3.5,"",0.0,0.72,Under,-114,0.575,0.504212299915754,0.07938596491228056,false
2026_04_MIA_MIN,00-0039880,Malik Washington,MIA,MIN,rec_yds,draftkings,39.5,29.273291571405196,30.774758174867692,-10.0,"",0.88,0.01,Over,-114,0.315,0.5042122999157539,-0.40868421052631587,true
2026_04_MIA_MIN,00-0039880,Malik Washington,MIA,MIN,rec_yds,draftkings,39.5,29.273291571405196,30.774758174867692,-10.0,"",0.88,0.01,Under,-110,0.685,0.4957877000842461,0.30772727272727285,true
2026_04_MIA_MIN,00-0041525,Chris Bell,MIA,MIN,rec_yds,draftkings,33.5,26.730403435837623,33.23295263050073,-10.0,"",0.88,0.01,Over,-110,0.4025,0.495787700084246,-0.23159090909090901,true
2026_04_MIA_MIN,00-0041525,Chris Bell,MIA,MIN,rec_yds,draftkings,33.5,26.730403435837623,33.23295263050073,-10.0,"",0.88,0.01,Under,-114,0.5974999999999999,0.504212299915754,0.12162280701754369,true
2026_04_MIA_MIN,00-0037252,Greg Dulcich,MIA,MIN,rec_yds,draftkings,30.5,25.968835870521332,33.77464662144145,-10.0,"",0.0,0.01,Over,-110,0.4275,0.495787700084246,-0.1838636363636364,false
2026_04_MIA_MIN,00-0037252,Greg Dulcich,MIA,MIN,rec_yds,draftkings,30.5,25.968835870521332,33.77464662144145,-10.0,"",0.0,0.01,Under,-114,0.5725,0.504212299915754,0.07469298245614031,false
2026_04_MIA_MIN,00-0036259,Jauan Jennings,MIN,MIA,rec_yds,draftkings,27.5,32.185900613303055,29.775956539364657,10.0,"",0.7,0.56,Over,-114,0.5575,0.5042122999157539,0.04653508771929821,false
2026_04_MIA_MIN,00-0036259,Jauan Jennings,MIN,MIA,rec_yds,draftkings,27.5,32.185900613303055,29.775956539364657,10.0,"",0.7,0.56,Under,-110,0.4425,0.4957877000842461,-0.1552272727272727,false
2026_04_DEN_SF,00-0033288,George Kittle,SF,DEN,rec_yds,draftkings,65.5,46.05232249887544,59.01515884629708,3.0,"",0.0,0.0,Over,-110,0.3225,0.495787700084246,-0.38431818181818184,false
2026_04_DEN_SF,00-0033288,George Kittle,SF,DEN,rec_yds,draftkings,65.5,46.05232249887544,59.01515884629708,3.0,"",0.0,0.0,Under,-114,0.6775,0.504212299915754,0.271798245614035,false
2026_04_DEN_SF,00-0031408,Mike Evans,SF,DEN,rec_yds,draftkings,45.5,41.880997526080705,50.55556071116534,3.0,Q,0.0,0.0,Over,-114,0.43,0.5042122999157539,-0.19280701754385976,false
2026_04_DEN_SF,00-0031408,Mike Evans,SF,DEN,rec_yds,draftkings,45.5,41.880997526080705,50.55556071116534,3.0,Q,0.0,0.0,Under,-110,0.5700000000000001,0.4957877000842461,0.08818181818181825,false
2026_04_DEN_SF,00-0033280,Christian McCaffrey,SF,DEN,rec_yds,draftkings,42.5,37.369460569939605,40.82583660952811,3.0,"",0.0,0.0,Over,-110,0.435,0.495787700084246,-0.1695454545454545,false
2026_04_DEN_SF,00-0033280,Christian McCaffrey,SF,DEN,rec_yds,draftkings,42.5,37.369460569939605,40.82583660952811,3.0,"",0.0,0.0,Under,-114,0.565,0.504212299915754,0.060614035087719176,false
2026_04_DEN_SF,00-0041052,Kaelon Black,SF,DEN,rush_yds,draftkings,21.5,19.23183413504315,32.96085000042404,3.0,"",0.0,0.36,Over,-110,0.445,0.495787700084246,-0.1504545454545454,false
2026_04_DEN_SF,00-0041052,Kaelon Black,SF,DEN,rush_yds,draftkings,21.5,19.23183413504315,32.96085000042404,3.0,"",0.0,0.36,Under,-114,0.5549999999999999,0.504212299915754,0.041842105263157736,false
2026_04_DEN_SF,00-0033881,Evan Engram,DEN,SF,rec_yds,betrivers,15.5,15.737363637948004,22.57693854433718,-3.0,"",0.0,0.0,Over,-113,0.475,0.4959548561951377,-0.10464601769911508,false
2026_04_DEN_SF,00-0033881,Evan Engram,DEN,SF,rec_yds,betrivers,15.5,15.737363637948004,22.57693854433718,-3.0,"",0.0,0.0,Under,-117,0.525,0.5040451438048623,-0.026282051282051244,false
2026_04_KC_LV,00-0030506,Travis Kelce,KC,LV,rec_yds,draftkings,49.5,47.374990865142294,54.736154344250146,4.5,"",0.0,0.0,Over,-114,0.4675,0.5042122999157539,-0.12241228070175436,false
2026_04_KC_LV,00-0030506,Travis Kelce,KC,LV,rec_yds,draftkings,49.5,47.374990865142294,54.736154344250146,4.5,"",0.0,0.0,Under,-110,0.5325,0.4957877000842461,0.016590909090909045,false
2026_04_KC_LV,00-0038134,Kenneth Walker III,KC,LV,rush_yds,draftkings,86.5,89.88330372795177,93.8818694775153,4.5,"",0.0,0.0,Over,-114,0.4975,0.5042122999157539,-0.06609649122807015,false
2026_04_KC_LV,00-0038134,Kenneth Walker III,KC,LV,rush_yds,draftkings,86.5,89.88330372795177,93.8818694775153,4.5,"",0.0,0.0,Under,-110,0.5025,0.4957877000842461,-0.04068181818181832,false
2026_04_LAC_SEA,00-0040189,Oronde Gadsden II,LAC,SEA,rec_yds,draftkings,28.5,15.831114524318671,26.053263624006963,-7.0,"",0.48,0.0,Over,-110,0.285,0.495787700084246,-0.45590909090909104,false
2026_04_LAC_SEA,00-0040189,Oronde Gadsden II,LAC,SEA,rec_yds,draftkings,28.5,15.831114524318671,26.053263624006963,-7.0,"",0.48,0.0,Under,-114,0.7150000000000001,0.504212299915754,0.3421929824561405,false
2026_04_LAC_SEA,00-0040189,Oronde Gadsden II,LAC,SEA,rec_yds,betrivers,26.5,15.831114524318671,26.053263624006963,-7.0,"",0.48,0.0,Over,-113,0.3,0.4959548561951377,-0.4345132743362831,false
2026_04_LAC_SEA,00-0040189,Oronde Gadsden II,LAC,SEA,rec_yds,betrivers,26.5,15.831114524318671,26.053263624006963,-7.0,"",0.48,0.0,Under,-117,0.7,0.5040451438048623,0.29829059829059823,false
2026_04_DET_CAR,00-0036963,Amon-Ra St. Brown,DET,CAR,rec_yds,draftkings,77.5,77.043689382904,83.27615220961887,3.5,"",0.0,0.0,Over,-114,0.5075,0.5042122999157539,-0.04732456140350888,false
2026_04_DET_CAR,00-0036963,Amon-Ra St. Brown,DET,CAR,rec_yds,draftkings,77.5,77.043689382904,83.27615220961887,3.5,"",0.0,0.0,Under,-110,0.49250000000000005,0.4957877000842461,-0.0597727272727272,false
2026_04_DET_CAR,00-0037240,Jameson Williams,DET,CAR,rec_yds,draftkings,50.5,55.0990806723728,60.78712415912301,3.5,"",0.0,0.0,Over,-110,0.565,0.495787700084246,0.0786363636363635,false
2026_04_DET_CAR,00-0037240,Jameson Williams,DET,CAR,rec_yds,draftkings,50.5,55.0990806723728,60.78712415912301,3.5,"",0.0,0.0,Under,-114,0.43500000000000005,0.504212299915754,-0.18342105263157887,false
2026_04_DET_CAR,00-0039139,Jahmyr Gibbs,DET,CAR,rush_yds,draftkings,94.5,93.5639451469748,79.32772740575524,3.5,"",0.0,0.0,Over,-114,0.465,0.5042122999157539,-0.12710526315789467,false
2026_04_DET_CAR,00-0039139,Jahmyr Gibbs,DET,CAR,rush_yds,draftkings,94.5,93.5639451469748,79.32772740575524,3.5,"",0.0,0.0,Under,-110,0.5349999999999999,0.4957877000842461,0.021363636363636196,false
2026_04_ATL_NO,00-0036040,Juwan Johnson,NO,ATL,receptions,draftkings,3.5,3.8915743910950913,4.79680555306685,1.5,"",0.0,0.0,Over,-115,0.535,0.5041554124246832,0.00021739130434789145,false
2026_04_ATL_NO,00-0036040,Juwan Johnson,NO,ATL,receptions,draftkings,3.5,3.8915743910950913,4.79680555306685,1.5,"",0.0,0.0,Under,-111,0.46499999999999997,0.4958445875753168,-0.11608108108108112,false
2026_04_ARI_NYG,00-0039849,Marvin Harrison Jr.,ARI,NYG,rec_yds,draftkings,34.5,29.697018233838307,36.30374671182068,2.5,"",0.0,0.0,Over,-110,0.41,0.4947698744769875,-0.2172727272727274,false
2026_04_ARI_NYG,00-0039849,Marvin Harrison Jr.,ARI,NYG,rec_yds,draftkings,34.5,29.697018233838307,36.30374671182068,2.5,"",0.0,0.0,Under,-115,0.5900000000000001,0.5052301255230125,0.10304347826086968,false
2026_04_ARI_NYG,00-0041042,Malachi Fields,NYG,ARI,rec_yds,betrivers,25.5,23.250139513849234,24.29532351990771,-2.5,"",0.0,0.59,Over,-118,0.405,0.5050233081498151,-0.2517796610169491,false
2026_04_ARI_NYG,00-0041042,Malachi Fields,NYG,ARI,rec_yds,betrivers,25.5,23.250139513849234,24.29532351990771,-2.5,"",0.0,0.59,Under,-113,0.595,0.4949766918501849,0.1215486725663717,false
2026_04_ARI_NYG,00-0039337,Malik Nabers,NYG,ARI,rec_yds,betrivers,55.5,51.02383616435483,54.68066697742663,-2.5,"",0.0,0.59,Over,-118,0.44,0.5050233081498151,-0.18711864406779666,false
2026_04_ARI_NYG,00-0039337,Malik Nabers,NYG,ARI,rec_yds,betrivers,55.5,51.02383616435483,54.68066697742663,-2.5,"",0.0,0.59,Under,-113,0.56,0.4949766918501849,0.055575221238938155,false
2026_04_ARI_NYG,00-0040715,Cam Skattebo,NYG,ARI,rec_yds,betrivers,20.5,19.307773325073775,23.962266618355144,-2.5,"",0.0,0.59,Over,-118,0.435,0.5050233081498151,-0.19635593220338982,false
2026_04_ARI_NYG,00-0040715,Cam Skattebo,NYG,ARI,rec_yds,betrivers,20.5,19.307773325073775,23.962266618355144,-2.5,"",0.0,0.59,Under,-113,0.565,0.4949766918501849,0.06499999999999995,false
2026_04_ARI_NYG,00-0036309,Darnell Mooney,NYG,ARI,rec_yds,betonlineag,20.5,29.045774173845203,30.747541520578103,-2.5,"",0.0,0.59,Over,-116,0.605,0.5051597457277305,0.12655172413793092,false
2026_04_ARI_NYG,00-0036309,Darnell Mooney,NYG,ARI,rec_yds,betonlineag,20.5,29.045774173845203,30.747541520578103,-2.5,"",0.0,0.59,Under,-111,0.395,0.4948402542722695,-0.2491441441441441,false
2026_04_TEN_BAL,00-0040584,Gunnar Helm,TEN,BAL,rec_yds,draftkings,19.5,15.76351900683137,19.47441346358427,-11.5,"",0.0,0.0,Over,-110,0.3975,0.4947698744769875,-0.24113636363636365,false
2026_04_TEN_BAL,00-0040584,Gunnar Helm,TEN,BAL,rec_yds,draftkings,19.5,15.76351900683137,19.47441346358427,-11.5,"",0.0,0.0,Under,-115,0.6025,0.5052301255230125,0.12641304347826088,false
2026_04_TEN_BAL,00-0034796,Lamar Jackson,BAL,TEN,pass_yds,betonlineag,213.5,208.80574311463224,211.87556072748842,11.5,"",0.0,0.0,Over,-116,0.465,0.5051597457277305,-0.13413793103448268,false
2026_04_TEN_BAL,00-0034796,Lamar Jackson,BAL,TEN,pass_yds,betonlineag,213.5,208.80574311463224,211.87556072748842,11.5,"",0.0,0.0,Under,-111,0.5349999999999999,0.4948402542722695,0.016981981981981864,false
2026_04_TEN_BAL,00-0039032,Tyjae Spears,TEN,BAL,rec_yds,betonlineag,12.5,9.797574598574911,16.872967325345748,-11.5,Q,0.0,0.0,Over,-116,0.4025,0.5051597457277305,-0.25051724137931025,false
2026_04_TEN_BAL,00-0039032,Tyjae Spears,TEN,BAL,rec_yds,betonlineag,12.5,9.797574598574911,16.872967325345748,-11.5,Q,0.0,0.0,Under,-111,0.5974999999999999,0.4948402542722695,0.13578828828828815,false
2026_04_TEN_BAL,00-0035261,Tony Pollard,TEN,BAL,rush_yds,betonlineag,48.5,51.81206559633644,67.27707803559272,-11.5,"",0.0,0.55,Over,-111,0.585,0.4948402542722694,0.11202702702702694,false
2026_04_TEN_BAL,00-0035261,Tony Pollard,TEN,BAL,rush_yds,betonlineag,48.5,51.81206559633644,67.27707803559272,-11.5,"",0.0,0.55,Under,-116,0.41500000000000004,0.5051597457277306,-0.22724137931034477,false
2026_04_TEN_BAL,00-0036550,Rashod Bateman,BAL,TEN,rec_yds,betrivers,26.5,27.90513571224305,27.47760766192496,11.5,"",0.0,0.0,Over,-113,0.505,0.4949766918501849,-0.04809734513274333,false
2026_04_TEN_BAL,00-0036550,Rashod Bateman,BAL,TEN,rec_yds,betrivers,26.5,27.90513571224305,27.47760766192496,11.5,"",0.0,0.0,Under,-118,0.495,0.5050233081498151,-0.0855084745762712,false
2026_04_TEN_BAL,00-0034753,Mark Andrews,BAL,TEN,rec_yds,betrivers,38.5,29.521030407632786,29.824881984319124,11.5,"",0.0,0.0,Over,-113,0.335,0.4949766918501849,-0.3685398230088496,false
2026_04_TEN_BAL,00-0034753,Mark Andrews,BAL,TEN,rec_yds,betrivers,38.5,29.521030407632786,29.824881984319124,11.5,"",0.0,0.0,Under,-118,0.665,0.5050233081498151,0.2285593220338984,false
2026_04_TEN_BAL,00-0034837,Calvin Ridley,TEN,BAL,rec_yds,betrivers,5.5,19.75303328482885,39.75329802241518,-11.5,"",0.0,0.0,Over,-113,0.7975,0.4949766918501849,0.5032522123893806,true
2026_04_TEN_BAL,00-0034837,Calvin Ridley,TEN,BAL,rec_yds,betrivers,5.5,19.75303328482885,39.75329802241518,-11.5,"",0.0,0.0,Under,-118,0.2025,0.5050233081498151,-0.6258898305084746,true
2026_04_TEN_BAL,00-0032764,Derrick Henry,BAL,TEN,rush_yds,betrivers,96.5,108.04222988654313,107.81217596969148,11.5,"",0.0,0.0,Over,-113,0.5625,0.4949766918501849,0.06028761061946908,false
2026_04_TEN_BAL,00-0032764,Derrick Henry,BAL,TEN,rush_yds,betrivers,96.5,108.04222988654313,107.81217596969148,11.5,"",0.0,0.0,Under,-118,0.4375,0.5050233081498151,-0.1917372881355932,false
2026_04_NE_BUF,00-0037261,Khalil Shakir,BUF,NE,rec_yds,draftkings,37.5,40.908868786015496,43.037070801625966,7.0,"",0.0,0.95,Over,-115,0.505,0.5052301255230126,-0.05586956521739128,false
2026_04_NE_BUF,00-0037261,Khalil Shakir,BUF,NE,rec_yds,draftkings,37.5,40.908868786015496,43.037070801625966,7.0,"",0.0,0.95,Under,-110,0.495,0.4947698744769874,-0.05500000000000005,false
2026_04_NE_BUF,00-0038933,Dalton Kincaid,BUF,NE,rec_yds,betonlineag,47.5,39.7548709653255,60.526909840791134,7.0,"",0.0,0.95,Over,-116,0.36,0.5051597457277305,-0.32965517241379316,false
2026_04_NE_BUF,00-0038933,Dalton Kincaid,BUF,NE,rec_yds,betonlineag,47.5,39.7548709653255,60.526909840791134,7.0,"",0.0,0.95,Under,-111,0.64,0.4948402542722695,0.21657657657657658,false
2026_04_NE_BUF,00-0033555,Mack Hollins,NE,BUF,receptions,betonlineag,3.5,3.118542734892735,3.816181603569324,-7.0,"",0.0,0.0,Over,-116,0.4425,0.5051597457277305,-0.17603448275862071,false
2026_04_NE_BUF,00-0033555,Mack Hollins,NE,BUF,receptions,betonlineag,3.5,3.118542734892735,3.816181603569324,-7.0,"",0.0,0.0,Under,-111,0.5575,0.4948402542722695,0.059752252252252225,false
2026_04_NE_BUF,00-0038621,DeMario Douglas,NE,BUF,rec_yds,betrivers,27.5,12.07916853326029,24.01269889654303,-7.0,"",0.0,0.0,Over,-118,0.2075,0.5050233081498151,-0.6166525423728814,false
2026_04_NE_BUF,00-0038621,DeMario Douglas,NE,BUF,rec_yds,betrivers,27.5,12.07916853326029,24.01269889654303,-7.0,"",0.0,0.0,Under,-113,0.7925,0.4949766918501849,0.4938274336283186,false
2026_04_NE_BUF,00-0036875,Rhamondre Stevenson,NE,BUF,rec_yds,betrivers,16.5,16.80931550153521,24.127589469027786,-7.0,"",0.0,0.0,Over,-118,0.455,0.5050233081498151,-0.1594067796610169,false
2026_04_NE_BUF,00-0036875,Rhamondre Stevenson,NE,BUF,rec_yds,betrivers,16.5,16.80931550153521,24.127589469027786,-7.0,"",0.0,0.0,Under,-113,0.5449999999999999,0.4949766918501849,0.027300884955752114,false
2026_04_NYJ_CHI,00-0040236,Kyle Monangai,CHI,NYJ,rush_yds,betonlineag,39.5,31.05013864670513,47.5338038288148,3.5,"",0.0,0.09,Over,-116,0.36,0.5051597457277305,-0.32965517241379316,false
2026_04_NYJ_CHI,00-0040236,Kyle Monangai,CHI,NYJ,rush_yds,betonlineag,39.5,31.05013864670513,47.5338038288148,3.5,"",0.0,0.09,Under,-111,0.64,0.4948402542722695,0.21657657657657658,false
2026_04_NYJ_CHI,00-0039451,Isaiah Williams,NYJ,CHI,rec_yds,betrivers,24.5,18.992688573158432,20.12581841628256,-3.5,"",0.71,1.54,Over,-118,0.3625,0.5050233081498151,-0.3302966101694915,false
2026_04_NYJ_CHI,00-0039451,Isaiah Williams,NYJ,CHI,rec_yds,betrivers,24.5,18.992688573158432,20.12581841628256,-3.5,"",0.71,1.54,Under,-113,0.6375,0.4949766918501849,0.20165929203539812,false
2026_04_NYJ_CHI,00-0039919,Rome Odunze,CHI,NYJ,rec_yds,betrivers,32.5,38.098095356387645,45.69909992643126,3.5,"",0.0,0.0,Over,-113,0.5725,0.4949766918501849,0.079137168141593,false
2026_04_NYJ_CHI,00-0039919,Rome Odunze,CHI,NYJ,rec_yds,betrivers,32.5,38.098095356387645,45.69909992643126,3.5,"",0.0,0.0,Under,-118,0.4275,0.5050233081498151,-0.2102118644067797,false
2026_04_NYJ_CHI,00-0040236,Kyle Monangai,CHI,NYJ,rush_yds,betrivers,39.5,31.05013864670513,47.5338038288148,3.5,"",0.0,0.09,Over,-118,0.36,0.5050233081498151,-0.3349152542372882,false
2026_04_NYJ_CHI,00-0040236,Kyle Monangai,CHI,NYJ,rush_yds,betrivers,39.5,31.05013864670513,47.5338038288148,3.5,"",0.0,0.09,Under,-113,0.64,0.4949766918501849,0.2063716814159292,false
2026_04_JAX_CIN,00-0036442,Joe Burrow,CIN,JAX,pass_yds,betonlineag,269.5,271.57120642082276,255.93191626660456,2.5,"",0.11,0.0,Over,-116,0.4625,0.5051597457277305,-0.13879310344827583,false
2026_04_JAX_CIN,00-0036442,Joe Burrow,CIN,JAX,pass_yds,betonlineag,269.5,271.57120642082276,255.93191626660456,2.5,"",0.11,0.0,Under,-111,0.5375,0.4948402542722695,0.021734234234234207,false
2026_04_JAX_CIN,00-0036410,Tee Higgins,CIN,JAX,rec_yds,betonlineag,62.5,64.7464223192132,71.3534402134996,2.5,"",0.11,0.0,Over,-116,0.515,0.5051597457277305,-0.041034482758620705,false
2026_04_JAX_CIN,00-0036410,Tee Higgins,CIN,JAX,rec_yds,betonlineag,62.5,64.7464223192132,71.3534402134996,2.5,"",0.11,0.0,Under,-111,0.485,0.4948402542722695,-0.0780630630630631,false
2026_04_JAX_CIN,00-0039893,Brian Thomas Jr,JAX,CIN,rec_yds,betonlineag,26.5,32.80582282945738,39.21753048042568,-2.5,"",0.0,0.28,Over,-116,0.56,0.5051597457277305,0.04275862068965525,false
2026_04_JAX_CIN,00-0039893,Brian Thomas Jr,JAX,CIN,rec_yds,betonlineag,26.5,32.80582282945738,39.21753048042568,-2.5,"",0.0,0.28,Under,-111,0.43999999999999995,0.4948402542722695,-0.1636036036036037,false
2026_04_JAX_CIN,00-0038606,Parker Washington,JAX,CIN,rec_yds,betonlineag,75.5,60.532002228114756,74.07996488826598,-2.5,"",0.0,0.28,Over,-116,0.3575,0.5051597457277305,-0.3343103448275863,false
2026_04_JAX_CIN,00-0038606,Parker Washington,JAX,CIN,rec_yds,betonlineag,75.5,60.532002228114756,74.07996488826598,-2.5,"",0.0,0.28,Under,-111,0.6425000000000001,0.4948402542722695,0.22132882882882898,false
2026_04_JAX_CIN,00-0036410,Tee Higgins,CIN,JAX,rec_yds,betrivers,60.5,64.7464223192132,71.3534402134996,2.5,"",0.11,0.0,Over,-118,0.545,0.5050233081498151,0.0068644067796610475,false
2026_04_JAX_CIN,00-0036410,Tee Higgins,CIN,JAX,rec_yds,betrivers,60.5,64.7464223192132,71.3534402134996,2.5,"",0.11,0.0,Under,-113,0.45499999999999996,0.4949766918501849,-0.1423451327433629,false
2026_04_JAX_CIN,00-0038611,Chris Rodriguez Jr.,JAX,CIN,rush_yds,betrivers,17.5,20.830077160243547,37.47110475531689,-2.5,"",0.0,0.0,Over,-118,0.5375,0.5050233081498151,-0.006991525423728884,true
2026_04_JAX_CIN,00-0038611,Chris Rodriguez Jr.,JAX,CIN,rush_yds,betrivers,17.5,20.830077160243547,37.47110475531689,-2.5,"",0.0,0.0,Under,-113,0.4625,0.4949766918501849,-0.12820796460176986,true
2026_04_DAL_HOU,00-0038041,Jake Ferguson,DAL,HOU,rec_yds,betonlineag,24.5,20.76570481196475,25.271365995391307,-3.0,"",0.0,0.62,Over,-111,0.44,0.4948402542722694,-0.16360360360360365,false
2026_04_DAL_HOU,00-0038041,Jake Ferguson,DAL,HOU,rec_yds,betonlineag,24.5,20.76570481196475,25.271365995391307,-3.0,"",0.0,0.62,Under,-116,0.56,0.5051597457277306,0.04275862068965525,false
2026_04_DAL_HOU,00-0034383,Dalton Schultz,HOU,DAL,rec_yds,betrivers,40.5,35.3033784830528,52.19508150168909,3.0,ltd,0.0,0.67,Over,-113,0.3975,0.4949766918501849,-0.2507300884955752,false
2026_04_DAL_HOU,00-0034383,Dalton Schultz,HOU,DAL,rec_yds,betrivers,40.5,35.3033784830528,52.19508150168909,3.0,ltd,0.0,0.67,Under,-118,0.6025,0.5050233081498151,0.11309322033898306,false
2026_04_DAL_HOU,00-0039410,Ryan Flournoy,DAL,HOU,rec_yds,betrivers,33.5,25.120233916789335,31.452149410987445,-3.0,"",0.0,0.62,Over,-118,0.3925,0.5050233081498151,-0.27487288135593213,false
2026_04_DAL_HOU,00-0039410,Ryan Flournoy,DAL,HOU,rec_yds,betrivers,33.5,25.120233916789335,31.452149410987445,-3.0,"",0.0,0.62,Under,-113,0.6074999999999999,0.4949766918501849,0.14511061946902648,false
2026_04_DAL_HOU,00-0036997,Javonte Williams,DAL,HOU,rush_yds,betrivers,58.5,48.99246958216685,63.10121265594864,-3.0,"",0.0,0.94,Over,-118,0.465,0.5050233081498151,-0.14093220338983042,false
2026_04_DAL_HOU,00-0036997,Javonte Williams,DAL,HOU,rush_yds,betrivers,58.5,48.99246958216685,63.10121265594864,-3.0,"",0.0,0.94,Under,-113,0.5349999999999999,0.4949766918501849,0.008451327433628197,false
2026_04_DAL_HOU,00-0035685,David Montgomery,HOU,DAL,rush_yds,betrivers,44.5,29.46936782501259,34.824858183732665,3.0,"",0.0,0.63,Over,-118,0.305,0.5050233081498151,-0.43652542372881364,false
2026_04_DAL_HOU,00-0035685,David Montgomery,HOU,DAL,rush_yds,betrivers,44.5,29.46936782501259,34.824858183732665,3.0,"",0.0,0.63,Under,-113,0.6950000000000001,0.4949766918501849,0.31004424778761075,false
2026_04_GB_TB,00-0033921,Chris Godwin,TB,GB,rec_yds,betonlineag,26.5,33.7313057888288,43.84103008758281,-3.0,"",0.0,0.0,Over,-111,0.5775,0.4948402542722694,0.0977702702702703,true
2026_04_GB_TB,00-0033921,Chris Godwin,TB,GB,rec_yds,betonlineag,26.5,33.7313057888288,43.84103008758281,-3.0,"",0.0,0.0,Under,-116,0.4225,0.5051597457277306,-0.21327586206896554,true
2026_04_GB_TB,00-0040129,Emeka Egbuka,TB,GB,rec_yds,betrivers,36.5,43.98228801223004,42.58901577492705,-3.0,"",0.0,0.0,Over,-118,0.6,0.5050233081498151,0.1084745762711864,false
2026_04_GB_TB,00-0040129,Emeka Egbuka,TB,GB,rec_yds,betrivers,36.5,43.98228801223004,42.58901577492705,-3.0,"",0.0,0.0,Under,-113,0.4,0.4949766918501849,-0.24601769911504417,false
2026_04_GB_TB,00-0038129,Cade Otton,TB,GB,rec_yds,betrivers,25.5,37.45747978706476,41.448468615472024,-3.0,"",0.07,0.0,Over,-113,0.7025,0.4949766918501849,0.3241814159292036,true
2026_04_GB_TB,00-0038129,Cade Otton,TB,GB,rec_yds,betrivers,25.5,37.45747978706476,41.448468615472024,-3.0,"",0.07,0.0,Under,-118,0.2975,0.5050233081498151,-0.4503813559322034,true
2026_04_LA_PHI,00-0030061,Zach Ertz,PHI,LA,receptions,draftkings,2.5,2.8198633922079375,3.7273123722561796,-3.5,"",0.73,0.76,Over,-110,0.5075,0.4947698744769875,-0.03113636363636374,true
2026_04_LA_PHI,00-0030061,Zach Ertz,PHI,LA,receptions,draftkings,2.5,2.8198633922079375,3.7273123722561796,-3.5,"",0.73,0.76,Under,-115,0.49250000000000005,0.5052301255230125,-0.07923913043478253,true
2026_04_LA_PHI,00-0039738,Blake Corum,LA,PHI,rush_yds,betonlineag,38.5,23.781228451909517,46.35505723663194,3.5,"",0.0,0.98,Over,-116,0.2925,0.5051597457277305,-0.4553448275862069,false
2026_04_LA_PHI,00-0039738,Blake Corum,LA,PHI,rush_yds,betonlineag,38.5,23.781228451909517,46.35505723663194,3.5,"",0.0,0.98,Under,-111,0.7075,0.4948402542722695,0.34488738738738745,false
2026_04_LA_PHI,00-0039075,Puka Nacua,LA,PHI,rec_yds,betrivers,74.5,71.9517094375186,105.73902962263016,3.5,"",0.0,0.72,Over,-118,0.4975,0.5050233081498151,-0.08088983050847454,false
2026_04_LA_PHI,00-0039075,Puka Nacua,LA,PHI,rec_yds,betrivers,74.5,71.9517094375186,105.73902962263016,3.5,"",0.0,0.72,Under,-113,0.5025,0.4949766918501849,-0.05280973451327442,false
2026_04_LA_PHI,00-0038393,Dontayvion Wicks,PHI,LA,rec_yds,betrivers,55.5,34.1673441654505,37.790555559971956,-3.5,"",1.48,0.76,Over,-113,0.265,0.4949766918501849,-0.5004867256637168,true
2026_04_LA_PHI,00-0038393,Dontayvion Wicks,PHI,LA,rec_yds,betrivers,55.5,34.1673441654505,37.790555559971956,-3.5,"",1.48,0.76,Under,-118,0.735,0.5050233081498151,0.3578813559322034,true
2026_04_LA_PHI,00-0033110,Tyler Higbee,LA,PHI,rec_yds,betrivers,31.5,20.650002369895756,34.02491304506414,3.5,ltd,0.48,0.72,Over,-118,0.3225,0.5050233081498151,-0.4041949152542373,false
2026_04_LA_PHI,00-0033110,Tyler Higbee,LA,PHI,rec_yds,betrivers,31.5,20.650002369895756,34.02491304506414,3.5,ltd,0.48,0.72,Under,-113,0.6775,0.4949766918501849,0.2770575221238938,false
2026_04_LA_PHI,00-0037840,Kyren Williams,LA,PHI,rec_yds,betrivers,13.5,18.067792618099695,26.980447237629413,3.5,"",0.0,0.72,Over,-118,0.595,0.5050233081498151,0.09923728813559318,true
2026_04_LA_PHI,00-0037840,Kyren Williams,LA,PHI,rec_yds,betrivers,13.5,18.067792618099695,26.980447237629413,3.5,"",0.0,0.72,Under,-113,0.405,0.4949766918501849,-0.23659292035398222,true
2026_04_LA_PHI,00-0034844,Saquon Barkley,PHI,LA,rush_yds,betrivers,67.5,63.814288730694614,75.27342864009557,-3.5,"",0.0,0.72,Over,-118,0.4275,0.5050233081498151,-0.2102118644067797,false
2026_04_LA_PHI,00-0034844,Saquon Barkley,PHI,LA,rush_yds,betrivers,67.5,63.814288730694614,75.27342864009557,-3.5,"",0.0,0.72,Under,-113,0.5725,0.4949766918501849,0.079137168141593,false
2026_04_MIA_MIN,00-0035228,Kyler Murray,MIN,MIA,pass_yds,betonlineag,205.5,202.5609551080213,181.58266116202273,10.0,"",0.7,0.56,Over,-116,0.5175,0.5051597457277305,-0.036379310344827664,false
2026_04_MIA_MIN,00-0035228,Kyler Murray,MIN,MIA,pass_yds,betonlineag,205.5,202.5609551080213,181.58266116202273,10.0,"",0.7,0.56,Under,-111,0.48250000000000004,0.4948402542722695,-0.08281531531531522,false
2026_04_MIA_MIN,00-0037252,Greg Dulcich,MIA,MIN,rec_yds,betonlineag,29.5,25.968835870521332,33.77464662144145,-10.0,"",0.0,0.01,Over,-116,0.4425,0.5051597457277305,-0.17603448275862071,false
2026_04_MIA_MIN,00-0037252,Greg Dulcich,MIA,MIN,rec_yds,betonlineag,29.5,25.968835870521332,33.77464662144145,-10.0,"",0.0,0.01,Under,-111,0.5575,0.4948402542722695,0.059752252252252225,false
2026_04_MIA_MIN,00-0033293,Aaron Jones,MIN,MIA,rec_yds,betonlineag,19.5,17.77569368404178,14.660935214589227,10.0,ltd,0.0,0.56,Over,-116,0.4375,0.5051597457277305,-0.1853448275862069,true
2026_04_MIA_MIN,00-0033293,Aaron Jones,MIN,MIA,rec_yds,betonlineag,19.5,17.77569368404178,14.660935214589227,10.0,ltd,0.0,0.56,Under,-111,0.5625,0.4948402542722695,0.0692567567567568,true
2026_04_MIA_MIN,00-0035229,T.J. Hockenson,MIN,MIA,rec_yds,betonlineag,38.5,32.60770193092166,27.91283038404964,10.0,"",0.0,0.56,Over,-116,0.4125,0.5051597457277305,-0.23189655172413798,true
2026_04_MIA_MIN,00-0035229,T.J. Hockenson,MIN,MIA,rec_yds,betonlineag,38.5,32.60770193092166,27.91283038404964,10.0,"",0.0,0.56,Under,-111,0.5875,0.4948402542722695,0.11677927927927934,true
2026_04_MIA_MIN,00-0041525,Chris Bell,MIA,MIN,rec_yds,betrivers,31.5,26.730403435837623,33.23295263050073,-10.0,"",0.88,0.01,Over,-118,0.4325,0.5050233081498151,-0.20097457627118648,true
2026_04_MIA_MIN,00-0041525,Chris Bell,MIA,MIN,rec_yds,betrivers,31.5,26.730403435837623,33.23295263050073,-10.0,"",0.88,0.01,Under,-113,0.5675,0.4949766918501849,0.06971238938053104,true
2026_04_MIA_MIN,00-0037252,Greg Dulcich,MIA,MIN,rec_yds,betrivers,27.5,25.968835870521332,33.77464662144145,-10.0,"",0.0,0.01,Over,-118,0.455,0.5050233081498151,-0.1594067796610169,false
2026_04_MIA_MIN,00-0037252,Greg Dulcich,MIA,MIN,rec_yds,betrivers,27.5,25.968835870521332,33.77464662144145,-10.0,"",0.0,0.01,Under,-113,0.5449999999999999,0.4949766918501849,0.027300884955752114,false
2026_04_MIA_MIN,00-0040198,Ollie Gordon II,MIA,MIN,rush_yds,betrivers,23.5,12.39074165840353,14.090467203683733,-10.0,"",0.0,0.0,Over,-118,0.2825,0.5050233081498151,-0.4780932203389831,true
2026_04_MIA_MIN,00-0040198,Ollie Gordon II,MIA,MIN,rush_yds,betrivers,23.5,12.39074165840353,14.090467203683733,-10.0,"",0.0,0.0,Under,-113,0.7175,0.4949766918501849,0.35245575221238945,true
2026_04_MIA_MIN,00-0033293,Aaron Jones,MIN,MIA,rush_yds,betrivers,65.5,61.82196908134833,58.89738901151887,10.0,ltd,0.0,0.2,Over,-113,0.455,0.4949766918501849,-0.14234513274336275,true
2026_04_MIA_MIN,00-0033293,Aaron Jones,MIN,MIA,rush_yds,betrivers,65.5,61.82196908134833,58.89738901151887,10.0,ltd,0.0,0.2,Under,-118,0.5449999999999999,0.5050233081498151,0.006864406779660881,true
2026_04_DEN_SF,00-0039732,Bo Nix,DEN,SF,pass_yds,betonlineag,221.5,229.21779116447755,225.58949895330153,-3.0,"",0.0,0.0,Over,-116,0.5275,0.5051597457277305,-0.01775862068965528,false
2026_04_DEN_SF,00-0039732,Bo Nix,DEN,SF,pass_yds,betonlineag,221.5,229.21779116447755,225.58949895330153,-3.0,"",0.0,0.0,Under,-111,0.47250000000000003,0.4948402542722695,-0.10182432432432426,false
2026_04_DEN_SF,00-0040730,RJ Harvey,DEN,SF,rec_yds,betonlineag,22.5,17.25121860230541,28.524721577901225,-3.0,"",0.0,0.0,Over,-111,0.395,0.4948402542722694,-0.2491441441441441,true
2026_04_DEN_SF,00-0040730,RJ Harvey,DEN,SF,rec_yds,betonlineag,22.5,17.25121860230541,28.524721577901225,-3.0,"",0.0,0.0,Under,-116,0.605,0.5051597457277306,0.12655172413793092,true
2026_04_DEN_SF,00-0036613,Jaylen Waddle,DEN,SF,receptions,betonlineag,4.5,3.0371306207294513,3.538166820489953,-3.0,"",0.0,0.0,Over,-111,0.23,0.4948402542722694,-0.5627927927927928,false
2026_04_DEN_SF,00-0036613,Jaylen Waddle,DEN,SF,receptions,betonlineag,4.5,3.0371306207294513,3.538166820489953,-3.0,"",0.0,0.0,Under,-116,0.77,0.5051597457277306,0.4337931034482758,false
2026_04_DEN_SF,00-0033280,Christian McCaffrey,SF,DEN,rec_yds,betrivers,40.5,37.369460569939605,40.82583660952811,3.0,"",0.0,0.0,Over,-118,0.4675,0.5050233081498151,-0.13631355932203387,false
2026_04_DEN_SF,00-0033280,Christian McCaffrey,SF,DEN,rec_yds,betrivers,40.5,37.369460569939605,40.82583660952811,3.0,"",0.0,0.0,Under,-113,0.5325,0.4949766918501849,0.0037389380530973293,false
2026_04_DEN_SF,00-0034348,Courtland Sutton,DEN,SF,rec_yds,betrivers,37.5,42.581903806403275,41.15147197760761,-3.0,"",0.0,0.0,Over,-113,0.5375,0.4949766918501849,0.013163716814159288,false
2026_04_DEN_SF,00-0034348,Courtland Sutton,DEN,SF,rec_yds,betrivers,37.5,42.581903806403275,41.15147197760761,-3.0,"",0.0,0.0,Under,-118,0.4625,0.5050233081498151,-0.14555084745762709,false
2026_04_KC_LV,00-0030506,Travis Kelce,KC,LV,rec_yds,betrivers,46.5,47.374990865142294,54.736154344250146,4.5,"",0.0,0.0,Over,-118,0.505,0.5050233081498151,-0.06703389830508477,false
2026_04_KC_LV,00-0030506,Travis Kelce,KC,LV,rec_yds,betrivers,46.5,47.374990865142294,54.736154344250146,4.5,"",0.0,0.0,Under,-113,0.495,0.4949766918501849,-0.06694690265486725,false
2026_04_KC_LV,00-0040122,Ashton Jeanty,LV,KC,rec_yds,betrivers,18.5,23.810589433674124,26.212715084860218,-4.5,"",0.0,0.0,Over,-118,0.5725,0.5050233081498151,0.05766949152542372,false
2026_04_KC_LV,00-0040122,Ashton Jeanty,LV,KC,rec_yds,betrivers,18.5,23.810589433674124,26.212715084860218,-4.5,"",0.0,0.0,Under,-113,0.4275,0.4949766918501849,-0.19418141592920352,false
2026_04_KC_LV,00-0039894,Xavier Worthy,KC,LV,rec_yds,betrivers,33.5,35.179704925663295,31.512544118749,4.5,"",0.0,0.0,Over,-118,0.515,0.5050233081498151,-0.04855932203389829,false
2026_04_KC_LV,00-0039894,Xavier Worthy,KC,LV,rec_yds,betrivers,33.5,35.179704925663295,31.512544118749,4.5,"",0.0,0.0,Under,-113,0.485,0.4949766918501849,-0.08579646017699116,false
2026_04_LAC_SEA,00-0036355,Justin Herbert,LAC,SEA,pass_yds,betonlineag,199.5,196.89789040346685,211.40402849370207,-7.0,"",0.18,0.0,Over,-116,0.51,0.5051597457277305,-0.0503448275862069,false
2026_04_LAC_SEA,00-0036355,Justin Herbert,LAC,SEA,pass_yds,betonlineag,199.5,196.89789040346685,211.40402849370207,-7.0,"",0.18,0.0,Under,-111,0.49,0.4948402542722695,-0.06855855855855858,false
2026_04_LAC_SEA,00-0034869,Sam Darnold,SEA,LAC,pass_yds,betonlineag,234.5,227.23676544566715,222.2240426095587,7.0,"",0.0,0.0,Over,-116,0.45,0.5051597457277305,-0.16206896551724143,false
2026_04_LAC_SEA,00-0034869,Sam Darnold,SEA,LAC,pass_yds,betonlineag,234.5,227.23676544566715,222.2240426095587,7.0,"",0.0,0.0,Under,-111,0.55,0.4948402542722695,0.045495495495495586,false
2026_04_LAC_SEA,00-0037545,Rashid Shaheed,SEA,LAC,rec_yds,betonlineag,22.5,18.381924098589653,23.72644101762443,7.0,"",0.0,0.0,Over,-116,0.39,0.5051597457277305,-0.27379310344827584,false
2026_04_LAC_SEA,00-0037545,Rashid Shaheed,SEA,LAC,rec_yds,betonlineag,22.5,18.381924098589653,23.72644101762443,7.0,"",0.0,0.0,Under,-111,0.61,0.4948402542722695,0.15954954954954959,false
2026_04_LAC_SEA,00-0040727,Tre Harris,LAC,SEA,rec_yds,betonlineag,36.5,26.45689451178726,36.16305442781835,-7.0,"",0.18,0.0,Over,-116,0.365,0.5051597457277305,-0.3203448275862069,false
2026_04_LAC_SEA,00-0040727,Tre Harris,LAC,SEA,rec_yds,betonlineag,36.5,26.45689451178726,36.16305442781835,-7.0,"",0.18,0.0,Under,-111,0.635,0.4948402542722695,0.20707207207207212,false
2026_04_LAC_SEA,00-0038543,Jaxon Smith-Njigba,SEA,LAC,rec_yds,betonlineag,93.5,72.62772890281619,104.06289505202075,7.0,"",0.0,0.0,Over,-116,0.375,0.5051597457277305,-0.3017241379310345,false
2026_04_LAC_SEA,00-0038543,Jaxon Smith-Njigba,SEA,LAC,rec_yds,betonlineag,93.5,72.62772890281619,104.06289505202075,7.0,"",0.0,0.0,Under,-111,0.625,0.4948402542722695,0.18806306306306309,false
2026_04_LAC_SEA,00-0038544,Quentin Johnston,LAC,SEA,rec_yds,betrivers,35.5,39.38115726883589,38.93996141634014,-7.0,"",0.18,0.0,Over,-113,0.5425,0.4949766918501849,0.022588495575221246,false
2026_04_LAC_SEA,00-0038544,Quentin Johnston,LAC,SEA,rec_yds,betrivers,35.5,39.38115726883589,38.93996141634014,-7.0,"",0.18,0.0,Under,-118,0.4575,0.5050233081498151,-0.1547881355932203,false
2026_04_LAC_SEA,00-0040727,Tre Harris,LAC,SEA,rec_yds,betrivers,33.5,26.45689451178726,36.16305442781835,-7.0,"",0.18,0.0,Over,-118,0.4075,0.5050233081498151,-0.2471610169491526,false
2026_04_LAC_SEA,00-0040727,Tre Harris,LAC,SEA,rec_yds,betrivers,33.5,26.45689451178726,36.16305442781835,-7.0,"",0.18,0.0,Under,-113,0.5925,0.4949766918501849,0.11683628318584083,false
2026_04_LAC_SEA,00-0033908,Cooper Kupp,SEA,LAC,rec_yds,betrivers,23.5,34.47109040091873,38.23835144361881,7.0,"",0.0,0.0,Over,-113,0.6225,0.4949766918501849,0.17338495575221247,true
2026_04_LAC_SEA,00-0033908,Cooper Kupp,SEA,LAC,rec_yds,betrivers,23.5,34.47109040091873,38.23835144361881,7.0,"",0.0,0.0,Under,-118,0.37749999999999995,0.5050233081498151,-0.302584745762712,true
2026_04_DET_CAR,00-0039139,Jahmyr Gibbs,DET,CAR,rec_yds,draftkings,37.5,37.54006884137487,45.65387386958739,3.5,"",0.0,0.0,Over,-115,0.5075,0.5052301255230126,-0.05119565217391314,false
2026_04_DET_CAR,00-0039139,Jahmyr Gibbs,DET,CAR,rec_yds,draftkings,37.5,37.54006884137487,45.65387386958739,3.5,"",0.0,0.0,Under,-110,0.49250000000000005,0.4947698744769874,-0.0597727272727272,false
2026_04_DET_CAR,00-0039065,Sam LaPorta,DET,CAR,rec_yds,betonlineag,47.5,41.6972574928549,52.41124484993481,3.5,"",0.0,0.0,Over,-116,0.3825,0.5051597457277305,-0.28775862068965513,false
2026_04_DET_CAR,00-0039065,Sam LaPorta,DET,CAR,rec_yds,betonlineag,47.5,41.6972574928549,52.41124484993481,3.5,"",0.0,0.0,Under,-111,0.6174999999999999,0.4948402542722695,0.17380630630630622,false
2026_04_ATL_NO,00-0040743,Tyler Shough,NO,ATL,pass_yds,betonlineag,254.5,261.0693108956794,270.28520318410136,1.5,"",0.0,0.0,Over,-116,0.495,0.5051597457277305,-0.07827586206896553,false
2026_04_ATL_NO,00-0040743,Tyler Shough,NO,ATL,pass_yds,betonlineag,254.5,261.0693108956794,270.28520318410136,1.5,"",0.0,0.0,Under,-111,0.505,0.4948402542722695,-0.040045045045045025,false
2026_04_ATL_NO,00-0037238,Drake London,ATL,NO,rec_yds,betonlineag,78.5,67.83595295897788,84.55349451043982,-1.5,"",0.0,0.0,Over,-116,0.41,0.5051597457277305,-0.23655172413793113,false
2026_04_ATL_NO,00-0037238,Drake London,ATL,NO,rec_yds,betonlineag,78.5,67.83595295897788,84.55349451043982,-1.5,"",0.0,0.0,Under,-111,0.5900000000000001,0.4948402542722695,0.12153153153153173,false
2026_04_ATL_NO,00-0033906,Alvin Kamara,NO,ATL,rec_yds,betonlineag,15.5,13.528360418390463,15.490923292283359,1.5,"",0.0,0.0,Over,-116,0.4675,0.5051597457277305,-0.12948275862068964,false
2026_04_ATL_NO,00-0033906,Alvin Kamara,NO,ATL,rec_yds,betonlineag,15.5,13.528360418390463,15.490923292283359,1.5,"",0.0,0.0,Under,-111,0.5325,0.4948402542722695,0.012229729729729688,false
2026_04_ATL_NO,00-0036040,Juwan Johnson,NO,ATL,receptions,betonlineag,3.5,3.8915743910950913,4.79680555306685,1.5,"",0.0,0.0,Over,-116,0.535,0.5051597457277305,-0.0037931034482758252,false
2026_04_ATL_NO,00-0036040,Juwan Johnson,NO,ATL,receptions,betonlineag,3.5,3.8915743910950913,4.79680555306685,1.5,"",0.0,0.0,Under,-111,0.46499999999999997,0.4948402542722695,-0.11608108108108112,false
2026_04_ATL_NO,00-0038551,Kendre Miller,NO,ATL,rush_yds,betonlineag,25.5,10.834125012933882,24.351152922376016,1.5,"",0.0,0.0,Over,-116,0.2,0.5051597457277305,-0.6275862068965518,false
2026_04_ATL_NO,00-0038551,Kendre Miller,NO,ATL,rush_yds,betonlineag,25.5,10.834125012933882,24.351152922376016,1.5,"",0.0,0.0,Under,-111,0.8,0.4948402542722695,0.5207207207207208,false
2026_04_ATL_NO,00-0039424,Devaughn Vele,NO,ATL,rec_yds,betrivers,44.5,41.22885517103616,46.21070970776557,1.5,"",0.0,0.0,Over,-113,0.4175,0.4949766918501849,-0.21303097345132743,false
2026_04_ATL_NO,00-0039424,Devaughn Vele,NO,ATL,rec_yds,betrivers,44.5,41.22885517103616,46.21070970776557,1.5,"",0.0,0.0,Under,-118,0.5825,0.5050233081498151,0.0761440677966102,false
2026_04_ATL_NO,00-0037239,Chris Olave,NO,ATL,rec_yds,betrivers,81.5,79.01525818679008,99.00403131920578,1.5,"",0.0,0.0,Over,-113,0.51,0.4949766918501849,-0.03867256637168137,false
2026_04_ATL_NO,00-0037239,Chris Olave,NO,ATL,rec_yds,betrivers,81.5,79.01525818679008,99.00403131920578,1.5,"",0.0,0.0,Under,-118,0.49,0.5050233081498151,-0.09474576271186447,false
2026_04_ARI_NYG,00-0040715,Cam Skattebo,NYG,ARI,receptions,draftkings,2.5,2.778916305474084,2.670388522611978,-2.5,"",0.0,0.59,Over,-116,0.52,0.5062344139650873,-0.03172413793103446,false
2026_04_ARI_NYG,00-0040715,Cam Skattebo,NYG,ARI,receptions,draftkings,2.5,2.778916305474084,2.670388522611978,-2.5,"",0.0,0.59,Under,-110,0.48,0.4937655860349127,-0.08363636363636368,false
2026_04_TEN_BAL,00-0038117,Wan'Dale Robinson,TEN,BAL,rec_yds,draftkings,36.5,45.41508071147943,52.94998398130999,-11.5,"",0.0,0.0,Over,-115,0.6075,0.5063197809142617,0.1357608695652175,true
2026_04_TEN_BAL,00-0038117,Wan'Dale Robinson,TEN,BAL,rec_yds,draftkings,36.5,45.41508071147943,52.94998398130999,-11.5,"",0.0,0.0,Under,-109,0.39249999999999996,0.49368021908573834,-0.24740825688073398,true
2026_04_TEN_BAL,00-0036550,Rashod Bateman,BAL,TEN,rec_yds,draftkings,27.5,27.90513571224305,27.47760766192496,11.5,"",0.0,0.0,Over,-115,0.485,0.5063197809142617,-0.09326086956521745,false
2026_04_TEN_BAL,00-0036550,Rashod Bateman,BAL,TEN,rec_yds,draftkings,27.5,27.90513571224305,27.47760766192496,11.5,"",0.0,0.0,Under,-109,0.515,0.49368021908573834,-0.012522935779816446,false
2026_04_TEN_BAL,00-0040170,Elic Ayomanor,TEN,BAL,rec_yds,draftkings,19.5,27.802073056401525,32.42591087669064,-11.5,"",0.0,0.0,Over,-115,0.61,0.5063197809142617,0.14043478260869557,true
2026_04_TEN_BAL,00-0040170,Elic Ayomanor,TEN,BAL,rec_yds,draftkings,19.5,27.802073056401525,32.42591087669064,-11.5,"",0.0,0.0,Under,-109,0.39,0.49368021908573834,-0.2522018348623853,true
2026_04_NE_BUF,00-0033555,Mack Hollins,NE,BUF,rec_yds,draftkings,41.5,39.66535686516975,52.490370479774185,-7.0,"",0.0,0.0,Over,-115,0.44,0.5063197809142617,-0.17739130434782613,false
2026_04_NE_BUF,00-0033555,Mack Hollins,NE,BUF,rec_yds,draftkings,41.5,39.66535686516975,52.490370479774185,-7.0,"",0.0,0.0,Under,-109,0.56,0.49368021908573834,0.07376146788990834,false
2026_04_NE_BUF,00-0040734,TreVeyon Henderson,NE,BUF,rush_yds,draftkings,40.5,28.57168008123604,42.661863817359155,-7.0,"",0.0,0.46,Over,-115,0.3275,0.5063197809142617,-0.3877173913043478,false
2026_04_NE_BUF,00-0040734,TreVeyon Henderson,NE,BUF,rush_yds,draftkings,40.5,28.57168008123604,42.661863817359155,-7.0,"",0.0,0.46,Under,-109,0.6725,0.49368021908573834,0.2894724770642202,false
2026_04_NE_BUF,00-0036875,Rhamondre Stevenson,NE,BUF,receptions,fanduel,2.5,2.8100609952418445,2.7994889892512353,-7.0,"",0.0,0.0,Over,-118,0.5075,0.5060689431946916,-0.06241525423728822,false
2026_04_NE_BUF,00-0036875,Rhamondre Stevenson,NE,BUF,receptions,fanduel,2.5,2.8100609952418445,2.7994889892512353,-7.0,"",0.0,0.0,Under,-112,0.49250000000000005,0.49393105680530835,-0.06776785714285705,false
2026_04_DAL_HOU,00-0038041,Jake Ferguson,DAL,HOU,rec_yds,draftkings,24.5,20.76570481196475,25.271365995391307,-3.0,"",0.0,0.62,Over,-109,0.44,0.4936802190857383,-0.15633027522935783,false
2026_04_DAL_HOU,00-0038041,Jake Ferguson,DAL,HOU,rec_yds,draftkings,24.5,20.76570481196475,25.271365995391307,-3.0,"",0.0,0.62,Under,-115,0.56,0.5063197809142617,0.04695652173913051,false
2026_04_DAL_HOU,00-0036997,Javonte Williams,DAL,HOU,rec_yds,draftkings,13.5,12.023068389137837,10.992310931305528,-3.0,"",0.0,0.62,Over,-109,0.435,0.4936802190857383,-0.1659174311926605,false
2026_04_DAL_HOU,00-0036997,Javonte Williams,DAL,HOU,rec_yds,draftkings,13.5,12.023068389137837,10.992310931305528,-3.0,"",0.0,0.62,Under,-115,0.565,0.5063197809142617,0.05630434782608684,false
2026_04_GB_TB,00-0038129,Cade Otton,TB,GB,rec_yds,draftkings,25.5,37.45747978706476,41.448468615472024,-3.0,"",0.07,0.0,Over,-109,0.7025,0.4936802190857383,0.3469954128440368,true
2026_04_GB_TB,00-0038129,Cade Otton,TB,GB,rec_yds,draftkings,25.5,37.45747978706476,41.448468615472024,-3.0,"",0.07,0.0,Under,-115,0.2975,0.5063197809142617,-0.44380434782608696,true
2026_04_GB_TB,00-0039361,Bucky Irving,TB,GB,rec_yds,draftkings,12.5,14.64729045993596,20.427843797250638,-3.0,"",0.0,0.0,Over,-115,0.505,0.5063197809142617,-0.05586956521739128,true
2026_04_GB_TB,00-0039361,Bucky Irving,TB,GB,rec_yds,draftkings,12.5,14.64729045993596,20.427843797250638,-3.0,"",0.0,0.0,Under,-109,0.495,0.49368021908573834,-0.05087155963302753,true
2026_04_GB_TB,00-0039811,MarShawn Lloyd,GB,TB,rush_yds,betrivers,22.5,25.350574243881194,20.015209504849615,3.0,"",0.0,0.62,Over,-112,0.5375,0.4939310568053083,0.01741071428571428,false
2026_04_GB_TB,00-0039811,MarShawn Lloyd,GB,TB,rush_yds,betrivers,22.5,25.350574243881194,20.015209504849615,3.0,"",0.0,0.62,Under,-118,0.4625,0.5060689431946916,-0.14555084745762709,false
2026_04_LA_PHI,00-0037840,Kyren Williams,LA,PHI,rush_yds,draftkings,57.5,70.48639002919745,70.89351444378549,3.5,"",0.0,0.98,Over,-109,0.5975,0.4936802190857383,0.14566513761467903,true
2026_04_LA_PHI,00-0037840,Kyren Williams,LA,PHI,rush_yds,draftkings,57.5,70.48639002919745,70.89351444378549,3.5,"",0.0,0.98,Under,-115,0.40249999999999997,0.5063197809142617,-0.24750000000000005,true
2026_04_DEN_SF,00-0035719,Deebo Samuel,SF,DEN,rec_yds,draftkings,34.5,34.54543583040607,47.53617204724576,3.0,"",0.0,0.0,Over,-109,0.4925,0.4936802190857383,-0.05566513761467895,false
2026_04_DEN_SF,00-0035719,Deebo Samuel,SF,DEN,rec_yds,draftkings,34.5,34.54543583040607,47.53617204724576,3.0,"",0.0,0.0,Under,-115,0.5075000000000001,0.5063197809142617,-0.05119565217391292,false
2026_04_KC_LV,00-0039066,Michael Mayer,LV,KC,rec_yds,draftkings,24.5,20.1351327192671,29.515647159031474,-4.5,"",0.0,0.0,Over,-109,0.41,0.4936802190857383,-0.21385321100917437,false
2026_04_KC_LV,00-0039066,Michael Mayer,LV,KC,rec_yds,draftkings,24.5,20.1351327192671,29.515647159031474,-4.5,"",0.0,0.0,Under,-115,0.5900000000000001,0.5063197809142617,0.10304347826086968,false
2026_04_KC_LV,00-0038134,Kenneth Walker III,KC,LV,rec_yds,draftkings,22.5,20.26198381335569,26.64190326282352,4.5,"",0.0,0.0,Over,-109,0.44,0.4936802190857383,-0.15633027522935783,false
2026_04_KC_LV,00-0038134,Kenneth Walker III,KC,LV,rec_yds,draftkings,22.5,20.26198381335569,26.64190326282352,4.5,"",0.0,0.0,Under,-115,0.56,0.5063197809142617,0.04695652173913051,false
2026_04_KC_LV,00-0040122,Ashton Jeanty,LV,KC,rush_yds,betrivers,57.5,59.89019036427125,63.73369569195081,-4.5,"",0.0,0.0,Over,-118,0.52,0.5060689431946916,-0.039322033898305075,false
2026_04_KC_LV,00-0040122,Ashton Jeanty,LV,KC,rush_yds,betrivers,57.5,59.89019036427125,63.73369569195081,-4.5,"",0.0,0.0,Under,-112,0.48,0.49393105680530835,-0.09142857142857141,false
2026_04_LAC_SEA,00-0038544,Quentin Johnston,LAC,SEA,rec_yds,draftkings,35.5,39.38115726883589,38.93996141634014,-7.0,"",0.18,0.0,Over,-115,0.5425,0.5063197809142617,0.014239130434782588,false
2026_04_LAC_SEA,00-0038544,Quentin Johnston,LAC,SEA,rec_yds,draftkings,35.5,39.38115726883589,38.93996141634014,-7.0,"",0.18,0.0,Under,-109,0.4575,0.49368021908573834,-0.12277522935779811,false
2026_04_LAC_SEA,00-0040666,Omarion Hampton,LAC,SEA,rush_yds,betrivers,42.5,40.70091705771901,55.67716926423581,-7.0,"",0.0,0.0,Over,-118,0.485,0.5060689431946916,-0.10398305084745768,false
2026_04_LAC_SEA,00-0040666,Omarion Hampton,LAC,SEA,rush_yds,betrivers,42.5,40.70091705771901,55.67716926423581,-7.0,"",0.0,0.0,Under,-112,0.515,0.49393105680530835,-0.025178571428571384,false
2026_04_ATL_NO,00-0039424,Devaughn Vele,NO,ATL,rec_yds,draftkings,45.5,41.22885517103616,46.21070970776557,1.5,"",0.0,0.0,Over,-109,0.4075,0.4936802190857383,-0.21864678899082574,false
2026_04_ATL_NO,00-0039424,Devaughn Vele,NO,ATL,rec_yds,draftkings,45.5,41.22885517103616,46.21070970776557,1.5,"",0.0,0.0,Under,-115,0.5925,0.5063197809142617,0.10771739130434788,false
2026_04_ATL_NO,00-0033906,Alvin Kamara,NO,ATL,rec_yds,draftkings,15.5,13.528360418390463,15.490923292283359,1.5,"",0.0,0.0,Over,-115,0.4675,0.5063197809142617,-0.1259782608695652,false
2026_04_ATL_NO,00-0033906,Alvin Kamara,NO,ATL,rec_yds,draftkings,15.5,13.528360418390463,15.490923292283359,1.5,"",0.0,0.0,Under,-109,0.5325,0.49368021908573834,0.021032110091743106,false
2026_04_ATL_NO,00-0033906,Alvin Kamara,NO,ATL,rush_yds,draftkings,37.5,16.552636853515068,36.58482283642212,1.5,"",0.0,0.0,Over,-109,0.1825,0.4936802190857383,-0.6500688073394496,false
2026_04_ATL_NO,00-0033906,Alvin Kamara,NO,ATL,rush_yds,draftkings,37.5,16.552636853515068,36.58482283642212,1.5,"",0.0,0.0,Under,-115,0.8175,0.5063197809142617,0.5283695652173913,false
2026_04_ATL_NO,00-0037746,Brian Robinson Jr.,ATL,NO,rush_yds,draftkings,28.5,22.620550665887787,28.604747178019434,-1.5,"",0.0,0.0,Over,-115,0.38,0.5063197809142617,-0.28956521739130436,false
2026_04_ATL_NO,00-0037746,Brian Robinson Jr.,ATL,NO,rush_yds,draftkings,28.5,22.620550665887787,28.604747178019434,-1.5,"",0.0,0.0,Under,-109,0.62,0.49368021908573834,0.1888073394495413,false
2026_04_TEN_BAL,00-0041438,Carnell Tate,TEN,BAL,rec_yds,betmgm,45.5,45.236368676184156,42.21904471989196,-11.5,"",0.0,0.0,Over,-111,0.51,0.4928711096627016,-0.030540540540540506,false
2026_04_TEN_BAL,00-0041438,Carnell Tate,TEN,BAL,rec_yds,betmgm,45.5,45.236368676184156,42.21904471989196,-11.5,"",0.0,0.0,Under,-118,0.49,0.5071288903372984,-0.09474576271186447,false
2026_04_NE_BUF,00-0038621,DeMario Douglas,NE,BUF,rec_yds,draftkings,28.5,12.07916853326029,24.01269889654303,-7.0,"",0.0,0.0,Over,-116,0.1875,0.5073240143969199,-0.6508620689655172,false
2026_04_NE_BUF,00-0038621,DeMario Douglas,NE,BUF,rec_yds,draftkings,28.5,12.07916853326029,24.01269889654303,-7.0,"",0.0,0.0,Under,-109,0.8125,0.4926759856030801,0.5579128440366973,false
2026_04_NYJ_CHI,00-0041032,Kenyon Sadiq,NYJ,CHI,rec_yds,betmgm,41.5,29.17314055957443,52.64690470233312,-3.5,Q,0.65,1.54,Over,-111,0.285,0.4928711096627016,-0.45824324324324334,false
2026_04_NYJ_CHI,00-0041032,Kenyon Sadiq,NYJ,CHI,rec_yds,betmgm,41.5,29.17314055957443,52.64690470233312,-3.5,Q,0.65,1.54,Under,-118,0.7150000000000001,0.5071288903372984,0.32093220338983064,false
2026_04_DAL_HOU,00-0038618,Xavier Hutchinson,HOU,DAL,receptions,betmgm,2.5,2.8182137437862567,2.665149229105672,3.0,"",0.0,0.67,Over,-111,0.5125,0.4928711096627016,-0.025788288288288386,false
2026_04_DAL_HOU,00-0038618,Xavier Hutchinson,HOU,DAL,receptions,betmgm,2.5,2.8182137437862567,2.665149229105672,3.0,"",0.0,0.67,Under,-118,0.48750000000000004,0.5071288903372984,-0.09936440677966096,false
2026_04_GB_TB,00-0039811,MarShawn Lloyd,GB,TB,rush_yds,draftkings,22.5,25.350574243881194,20.015209504849615,3.0,"",0.0,0.62,Over,-116,0.5375,0.5073240143969199,0.0008620689655171598,false
2026_04_GB_TB,00-0039811,MarShawn Lloyd,GB,TB,rush_yds,draftkings,22.5,25.350574243881194,20.015209504849615,3.0,"",0.0,0.62,Under,-109,0.4625,0.4926759856030801,-0.11318807339449533,false
2026_04_LAC_SEA,00-0040189,Oronde Gadsden II,LAC,SEA,rec_yds,betmgm,27.5,15.831114524318671,26.053263624006963,-7.0,"",0.48,0.0,Over,-111,0.295,0.4928711096627016,-0.4392342342342343,false
2026_04_LAC_SEA,00-0040189,Oronde Gadsden II,LAC,SEA,rec_yds,betmgm,27.5,15.831114524318671,26.053263624006963,-7.0,"",0.48,0.0,Under,-118,0.7050000000000001,0.5071288903372984,0.3024576271186442,false
2026_04_ATL_NO,00-0038542,Bijan Robinson,ATL,NO,rec_yds,draftkings,39.5,32.52299397479807,39.24763005083163,-1.5,"",0.0,0.0,Over,-116,0.3875,0.5073240143969199,-0.278448275862069,false
2026_04_ATL_NO,00-0038542,Bijan Robinson,ATL,NO,rec_yds,draftkings,39.5,32.52299397479807,39.24763005083163,-1.5,"",0.0,0.0,Under,-109,0.6125,0.4926759856030801,0.17442660550458722,false
2026_04_ARI_NYG,00-0041027,Jeremiyah Love,ARI,NYG,rec_yds,draftkings,17.5,15.76159057564033,15.234793947264366,2.5,"",0.0,0.0,Over,-116,0.4425,0.5084288604180714,-0.17603448275862071,false
2026_04_ARI_NYG,00-0041027,Jeremiyah Love,ARI,NYG,rec_yds,draftkings,17.5,15.76159057564033,15.234793947264366,2.5,"",0.0,0.0,Under,-108,0.5575,0.49157113958192855,0.07370370370370372,false
2026_04_ARI_NYG,00-0036309,Darnell Mooney,NYG,ARI,rec_yds,betrivers,19.5,29.045774173845203,30.747541520578103,-2.5,"",0.0,0.59,Over,-112,0.62,0.4920127795527157,0.1735714285714286,false
2026_04_ARI_NYG,00-0036309,Darnell Mooney,NYG,ARI,rec_yds,betrivers,19.5,29.045774173845203,30.747541520578103,-2.5,"",0.0,0.59,Under,-120,0.38,0.5079872204472843,-0.3033333333333333,false
2026_04_ARI_NYG,00-0033307,Kendrick Bourne,ARI,NYG,rec_yds,betrivers,18.5,19.446646997802418,26.806983573417753,2.5,"",0.0,0.0,Over,-120,0.495,0.5079872204472844,-0.09249999999999997,false
2026_04_ARI_NYG,00-0033307,Kendrick Bourne,ARI,NYG,rec_yds,betrivers,18.5,19.446646997802418,26.806983573417753,2.5,"",0.0,0.0,Under,-112,0.505,0.4920127795527156,-0.044107142857142845,false
2026_04_ARI_NYG,00-0039337,Malik Nabers,NYG,ARI,rec_yds,betonlineag,54.5,51.02383616435483,54.68066697742663,-2.5,"",0.0,0.59,Over,-118,0.455,0.5082034454470877,-0.1594067796610169,false
2026_04_ARI_NYG,00-0039337,Malik Nabers,NYG,ARI,rec_yds,betonlineag,54.5,51.02383616435483,54.68066697742663,-2.5,"",0.0,0.59,Under,-110,0.5449999999999999,0.49179655455291227,0.0404545454545453,false
2026_04_TEN_BAL,00-0034837,Calvin Ridley,TEN,BAL,rec_yds,draftkings,3.5,19.75303328482885,39.75329802241518,-11.5,"",0.0,0.0,Over,-116,0.8325,0.5084288604180714,0.5501724137931034,true
2026_04_TEN_BAL,00-0034837,Calvin Ridley,TEN,BAL,rec_yds,draftkings,3.5,19.75303328482885,39.75329802241518,-11.5,"",0.0,0.0,Under,-108,0.16749999999999998,0.49157113958192855,-0.6774074074074075,true
2026_04_NE_BUF,00-0036875,Rhamondre Stevenson,NE,BUF,rec_yds,draftkings,16.5,16.80931550153521,24.127589469027786,-7.0,"",0.0,0.0,Over,-116,0.455,0.5084288604180714,-0.15275862068965512,false
2026_04_NE_BUF,00-0036875,Rhamondre Stevenson,NE,BUF,rec_yds,draftkings,16.5,16.80931550153521,24.127589469027786,-7.0,"",0.0,0.0,Under,-108,0.5449999999999999,0.49157113958192855,0.04962962962962947,false
2026_04_NE_BUF,00-0038621,DeMario Douglas,NE,BUF,rec_yds,betonlineag,29.5,12.07916853326029,24.01269889654303,-7.0,"",0.0,0.0,Over,-110,0.175,0.49179655455291227,-0.6659090909090909,false
2026_04_NE_BUF,00-0038621,DeMario Douglas,NE,BUF,rec_yds,betonlineag,29.5,12.07916853326029,24.01269889654303,-7.0,"",0.0,0.0,Under,-118,0.825,0.5082034454470877,0.5241525423728812,false
2026_04_NE_BUF,00-0037261,Khalil Shakir,BUF,NE,rec_yds,betrivers,40.5,40.908868786015496,43.037070801625966,7.0,"",0.0,0.95,Over,-120,0.4525,0.5079872204472844,-0.1704166666666666,false
2026_04_NE_BUF,00-0037261,Khalil Shakir,BUF,NE,rec_yds,betrivers,40.5,40.908868786015496,43.037070801625966,7.0,"",0.0,0.95,Under,-112,0.5475,0.4920127795527156,0.03633928571428574,false
2026_04_NE_BUF,00-0036875,Rhamondre Stevenson,NE,BUF,rush_yds,betrivers,33.5,42.91445603854074,46.949859951800704,-7.0,"",0.0,0.46,Over,-112,0.655,0.4920127795527157,0.23982142857142863,false
2026_04_NE_BUF,00-0036875,Rhamondre Stevenson,NE,BUF,rush_yds,betrivers,33.5,42.91445603854074,46.949859951800704,-7.0,"",0.0,0.46,Under,-120,0.345,0.5079872204472843,-0.36750000000000005,false
2026_04_NYJ_CHI,00-0039451,Isaiah Williams,NYJ,CHI,rec_yds,draftkings,21.5,18.992688573158432,20.12581841628256,-3.5,"",0.71,1.54,Over,-116,0.405,0.5084288604180714,-0.2458620689655172,false
2026_04_NYJ_CHI,00-0039451,Isaiah Williams,NYJ,CHI,rec_yds,draftkings,21.5,18.992688573158432,20.12581841628256,-3.5,"",0.71,1.54,Under,-108,0.595,0.49157113958192855,0.1459259259259259,false
2026_04_NYJ_CHI,00-0039919,Rome Odunze,CHI,NYJ,rec_yds,betonlineag,32.5,38.098095356387645,45.69909992643126,3.5,"",0.0,0.0,Over,-118,0.5725,0.5082034454470877,0.05766949152542372,false
2026_04_NYJ_CHI,00-0039919,Rome Odunze,CHI,NYJ,rec_yds,betonlineag,32.5,38.098095356387645,45.69909992643126,3.5,"",0.0,0.0,Under,-110,0.4275,0.49179655455291227,-0.1838636363636364,false
2026_04_JAX_CIN,00-0036410,Tee Higgins,CIN,JAX,receptions,betonlineag,4.5,4.111400532080638,4.66608470639915,2.5,"",0.11,0.0,Over,-110,0.4325,0.49179655455291227,-0.17431818181818182,false
2026_04_JAX_CIN,00-0036410,Tee Higgins,CIN,JAX,receptions,betonlineag,4.5,4.111400532080638,4.66608470639915,2.5,"",0.11,0.0,Under,-118,0.5675,0.5082034454470877,0.04843220338983051,false
2026_04_JAX_CIN,00-0034829,Mike Gesicki,CIN,JAX,rec_yds,betrivers,28.5,28.40912004595741,38.27397897842776,2.5,"",0.0,0.0,Over,-120,0.4725,0.5079872204472844,-0.1337500000000001,false
2026_04_JAX_CIN,00-0034829,Mike Gesicki,CIN,JAX,rec_yds,betrivers,28.5,28.40912004595741,38.27397897842776,2.5,"",0.0,0.0,Under,-112,0.5275000000000001,0.4920127795527156,-0.0015178571428569598,false
2026_04_DAL_HOU,00-0038041,Jake Ferguson,DAL,HOU,rec_yds,betrivers,25.5,20.76570481196475,25.271365995391307,-3.0,"",0.0,0.62,Over,-112,0.435,0.4920127795527157,-0.1766071428571428,false
2026_04_DAL_HOU,00-0038041,Jake Ferguson,DAL,HOU,rec_yds,betrivers,25.5,20.76570481196475,25.271365995391307,-3.0,"",0.0,0.62,Under,-120,0.565,0.5079872204472843,0.03583333333333327,false
2026_04_GB_TB,00-0039811,MarShawn Lloyd,GB,TB,rush_yds,betonlineag,23.5,25.350574243881194,20.015209504849615,3.0,"",0.0,0.62,Over,-110,0.51,0.49179655455291227,-0.026363636363636367,false
2026_04_GB_TB,00-0039811,MarShawn Lloyd,GB,TB,rush_yds,betonlineag,23.5,25.350574243881194,20.015209504849615,3.0,"",0.0,0.62,Under,-118,0.49,0.5082034454470877,-0.09474576271186447,false
2026_04_GB_TB,00-0039361,Bucky Irving,TB,GB,rush_yds,betrivers,56.5,58.7695144525457,61.60670580551925,-3.0,"",0.0,0.57,Over,-112,0.535,0.4920127795527157,0.012678571428571539,true
2026_04_GB_TB,00-0039361,Bucky Irving,TB,GB,rush_yds,betrivers,56.5,58.7695144525457,61.60670580551925,-3.0,"",0.0,0.57,Under,-120,0.46499999999999997,0.5079872204472843,-0.14750000000000002,true
2026_04_LA_PHI,00-0030061,Zach Ertz,PHI,LA,rec_yds,draftkings,23.5,26.825863964922952,37.8010084083475,-3.5,"",0.73,0.76,Over,-108,0.55,0.49157113958192844,0.059259259259259345,true
2026_04_LA_PHI,00-0030061,Zach Ertz,PHI,LA,rec_yds,draftkings,23.5,26.825863964922952,37.8010084083475,-3.5,"",0.73,0.76,Under,-116,0.44999999999999996,0.5084288604180716,-0.16206896551724148,true
2026_04_MIA_MIN,00-0036259,Jauan Jennings,MIN,MIA,rec_yds,betonlineag,26.5,32.185900613303055,29.775956539364657,10.0,"",0.7,0.56,Over,-118,0.5775,0.5082034454470877,0.06690677966101694,false
2026_04_MIA_MIN,00-0036259,Jauan Jennings,MIN,MIA,rec_yds,betonlineag,26.5,32.185900613303055,29.775956539364657,10.0,"",0.7,0.56,Under,-110,0.4225,0.49179655455291227,-0.19340909090909097,false
2026_04_MIA_MIN,00-0041529,Kevin Coleman Jr.,MIA,MIN,rec_yds,betonlineag,14.5,14.529448349536374,1.6296408505888347,-10.0,"",0.88,0.01,Over,-118,0.47,0.5082034454470877,-0.13169491525423738,true
2026_04_MIA_MIN,00-0041529,Kevin Coleman Jr.,MIA,MIN,rec_yds,betonlineag,14.5,14.529448349536374,1.6296408505888347,-10.0,"",0.88,0.01,Under,-110,0.53,0.49179655455291227,0.011818181818181839,true
2026_04_MIA_MIN,00-0041525,Chris Bell,MIA,MIN,receptions,betonlineag,2.5,1.7407264678947998,1.8473708305243508,-10.0,"",0.88,0.01,Over,-110,0.3325,0.49179655455291227,-0.3652272727272727,true
2026_04_MIA_MIN,00-0041525,Chris Bell,MIA,MIN,receptions,betonlineag,2.5,1.7407264678947998,1.8473708305243508,-10.0,"",0.88,0.01,Under,-118,0.6675,0.5082034454470877,0.23317796610169483,true
2026_04_MIA_MIN,00-0036259,Jauan Jennings,MIN,MIA,rec_yds,betrivers,26.5,32.185900613303055,29.775956539364657,10.0,"",0.7,0.56,Over,-112,0.5775,0.4920127795527157,0.09312500000000001,false
2026_04_MIA_MIN,00-0036259,Jauan Jennings,MIN,MIA,rec_yds,betrivers,26.5,32.185900613303055,29.775956539364657,10.0,"",0.7,0.56,Under,-120,0.4225,0.5079872204472843,-0.22541666666666665,false
2026_04_DEN_SF,00-0033881,Evan Engram,DEN,SF,rec_yds,draftkings,16.5,15.737363637948004,22.57693854433718,-3.0,"",0.0,0.0,Over,-116,0.4575,0.5084288604180714,-0.14810344827586208,false
2026_04_DEN_SF,00-0033881,Evan Engram,DEN,SF,rec_yds,draftkings,16.5,15.737363637948004,22.57693854433718,-3.0,"",0.0,0.0,Under,-108,0.5425,0.49157113958192855,0.04481481481481475,false
2026_04_DEN_SF,00-0033881,Evan Engram,DEN,SF,rec_yds,betonlineag,17.5,15.737363637948004,22.57693854433718,-3.0,"",0.0,0.0,Over,-110,0.4425,0.49179655455291227,-0.1552272727272727,false
2026_04_DEN_SF,00-0033881,Evan Engram,DEN,SF,rec_yds,betonlineag,17.5,15.737363637948004,22.57693854433718,-3.0,"",0.0,0.0,Under,-118,0.5575,0.5082034454470877,0.029957627118644026,false
2026_04_KC_LV,00-0038563,Tre Tucker,LV,KC,rec_yds,betonlineag,38.5,36.936572525120674,45.982507354734416,-4.5,"",0.0,0.0,Over,-110,0.455,0.49179655455291227,-0.1313636363636363,false
2026_04_KC_LV,00-0038563,Tre Tucker,LV,KC,rec_yds,betonlineag,38.5,36.936572525120674,45.982507354734416,-4.5,"",0.0,0.0,Under,-118,0.5449999999999999,0.5082034454470877,0.006864406779660881,false
2026_04_KC_LV,00-0039894,Xavier Worthy,KC,LV,rec_yds,betonlineag,33.5,35.179704925663295,31.512544118749,4.5,"",0.0,0.0,Over,-118,0.515,0.5082034454470877,-0.04855932203389829,false
2026_04_KC_LV,00-0039894,Xavier Worthy,KC,LV,rec_yds,betonlineag,33.5,35.179704925663295,31.512544118749,4.5,"",0.0,0.0,Under,-110,0.485,0.49179655455291227,-0.07409090909090915,false
2026_04_KC_LV,00-0030506,Travis Kelce,KC,LV,rec_yds,betonlineag,47.5,47.374990865142294,54.736154344250146,4.5,"",0.0,0.0,Over,-118,0.49,0.5082034454470877,-0.09474576271186447,false
2026_04_KC_LV,00-0030506,Travis Kelce,KC,LV,rec_yds,betonlineag,47.5,47.374990865142294,54.736154344250146,4.5,"",0.0,0.0,Under,-110,0.51,0.49179655455291227,-0.026363636363636367,false
2026_04_KC_LV,00-0039066,Michael Mayer,LV,KC,rec_yds,betrivers,23.5,20.1351327192671,29.515647159031474,-4.5,"",0.0,0.0,Over,-112,0.43,0.4920127795527157,-0.1860714285714286,false
2026_04_KC_LV,00-0039066,Michael Mayer,LV,KC,rec_yds,betrivers,23.5,20.1351327192671,29.515647159031474,-4.5,"",0.0,0.0,Under,-120,0.5700000000000001,0.5079872204472843,0.04500000000000015,false
2026_04_KC_LV,00-0037291,Jalen Nailor,LV,KC,rec_yds,betrivers,19.5,14.345397653035864,21.683087023284696,-4.5,"",0.0,0.0,Over,-112,0.3775,0.4920127795527157,-0.2854464285714286,false
2026_04_KC_LV,00-0037291,Jalen Nailor,LV,KC,rec_yds,betrivers,19.5,14.345397653035864,21.683087023284696,-4.5,"",0.0,0.0,Under,-120,0.6225,0.5079872204472843,0.1412500000000001,false
2026_04_LAC_SEA,00-0033908,Cooper Kupp,SEA,LAC,rec_yds,betonlineag,22.5,34.47109040091873,38.23835144361881,7.0,"",0.0,0.0,Over,-118,0.6375,0.5082034454470877,0.17775423728813544,true
2026_04_LAC_SEA,00-0033908,Cooper Kupp,SEA,LAC,rec_yds,betonlineag,22.5,34.47109040091873,38.23835144361881,7.0,"",0.0,0.0,Under,-110,0.36250000000000004,0.49179655455291227,-0.30795454545454537,true
2026_04_LAC_SEA,00-0038797,Emanuel Wilson,SEA,LAC,rush_yds,betrivers,51.5,20.55338889806892,32.10730308929003,7.0,"",0.82,0.49,Over,-120,0.1325,0.5079872204472844,-0.7570833333333332,true
2026_04_LAC_SEA,00-0038797,Emanuel Wilson,SEA,LAC,rush_yds,betrivers,51.5,20.55338889806892,32.10730308929003,7.0,"",0.82,0.49,Under,-112,0.8674999999999999,0.4920127795527156,0.6420535714285713,true
2026_04_ATL_NO,00-0037746,Brian Robinson Jr.,ATL,NO,rush_yds,betrivers,29.5,22.620550665887787,28.604747178019434,-1.5,"",0.0,0.0,Over,-120,0.365,0.5079872204472844,-0.3308333333333333,false
2026_04_ATL_NO,00-0037746,Brian Robinson Jr.,ATL,NO,rush_yds,betrivers,29.5,22.620550665887787,28.604747178019434,-1.5,"",0.0,0.0,Under,-112,0.635,0.4920127795527156,0.2019642857142857,false
2026_04_ARI_NYG,00-0041042,Malachi Fields,NYG,ARI,rec_yds,betmgm,25.5,23.250139513849234,24.29532351990771,-2.5,"",0.0,0.59,Over,-120,0.405,0.5090470446320868,-0.25749999999999995,false
2026_04_ARI_NYG,00-0041042,Malachi Fields,NYG,ARI,rec_yds,betmgm,25.5,23.250139513849234,24.29532351990771,-2.5,"",0.0,0.59,Under,-111,0.595,0.49095295536791317,0.13103603603603597,false
2026_04_ARI_NYG,00-0040715,Cam Skattebo,NYG,ARI,rec_yds,betmgm,18.5,19.307773325073775,23.962266618355144,-2.5,"",0.0,0.59,Over,-111,0.48,0.49095295536791317,-0.08756756756756762,false
2026_04_ARI_NYG,00-0040715,Cam Skattebo,NYG,ARI,rec_yds,betmgm,18.5,19.307773325073775,23.962266618355144,-2.5,"",0.0,0.59,Under,-120,0.52,0.5090470446320868,-0.046666666666666634,false
2026_04_ARI_NYG,00-0037263,Tyler Allgeier,ARI,NYG,rush_yds,betmgm,21.5,14.539284934632644,26.32341268663367,2.5,"",0.0,0.0,Over,-111,0.3775,0.49095295536791317,-0.28240990990990994,false
2026_04_ARI_NYG,00-0037263,Tyler Allgeier,ARI,NYG,rush_yds,betmgm,21.5,14.539284934632644,26.32341268663367,2.5,"",0.0,0.0,Under,-120,0.6225,0.5090470446320868,0.1412500000000001,false
2026_04_TEN_BAL,00-0040170,Elic Ayomanor,TEN,BAL,rec_yds,betmgm,20.5,27.802073056401525,32.42591087669064,-11.5,"",0.0,0.0,Over,-120,0.5875,0.5090470446320868,0.07708333333333339,true
2026_04_TEN_BAL,00-0040170,Elic Ayomanor,TEN,BAL,rec_yds,betmgm,20.5,27.802073056401525,32.42591087669064,-11.5,"",0.0,0.0,Under,-111,0.4125,0.49095295536791317,-0.21587837837837842,true
2026_04_TEN_BAL,00-0040584,Gunnar Helm,TEN,BAL,rec_yds,betmgm,20.5,15.76351900683137,19.47441346358427,-11.5,"",0.0,0.0,Over,-120,0.39,0.5090470446320868,-0.285,false
2026_04_TEN_BAL,00-0040584,Gunnar Helm,TEN,BAL,rec_yds,betmgm,20.5,15.76351900683137,19.47441346358427,-11.5,"",0.0,0.0,Under,-111,0.61,0.49095295536791317,0.15954954954954959,false
2026_04_TEN_BAL,00-0038117,Wan'Dale Robinson,TEN,BAL,rec_yds,betmgm,37.5,45.41508071147943,52.94998398130999,-11.5,"",0.0,0.0,Over,-120,0.605,0.5090470446320868,0.10916666666666663,true
2026_04_TEN_BAL,00-0038117,Wan'Dale Robinson,TEN,BAL,rec_yds,betmgm,37.5,45.41508071147943,52.94998398130999,-11.5,"",0.0,0.0,Under,-111,0.395,0.49095295536791317,-0.2491441441441441,true
2026_04_TEN_BAL,00-0034753,Mark Andrews,BAL,TEN,rec_yds,betmgm,38.5,29.521030407632786,29.824881984319124,11.5,"",0.0,0.0,Over,-120,0.335,0.5090470446320868,-0.38583333333333336,false
2026_04_TEN_BAL,00-0034753,Mark Andrews,BAL,TEN,rec_yds,betmgm,38.5,29.521030407632786,29.824881984319124,11.5,"",0.0,0.0,Under,-111,0.665,0.49095295536791317,0.2640990990990991,false
2026_04_NE_BUF,00-0039901,Keon Coleman,BUF,NE,rec_yds,betmgm,14.5,25.73366841497812,30.661714596640252,7.0,ltd,0.0,0.95,Over,-120,0.66,0.5090470446320868,0.21000000000000008,true
2026_04_NE_BUF,00-0039901,Keon Coleman,BUF,NE,rec_yds,betmgm,14.5,25.73366841497812,30.661714596640252,7.0,ltd,0.0,0.95,Under,-111,0.33999999999999997,0.49095295536791317,-0.35369369369369374,true
2026_04_NE_BUF,00-0036875,Rhamondre Stevenson,NE,BUF,rush_yds,betmgm,32.5,42.91445603854074,46.949859951800704,-7.0,"",0.0,0.46,Over,-111,0.67,0.49095295536791317,0.2736036036036037,false
2026_04_NE_BUF,00-0036875,Rhamondre Stevenson,NE,BUF,rush_yds,betmgm,32.5,42.91445603854074,46.949859951800704,-7.0,"",0.0,0.46,Under,-120,0.32999999999999996,0.5090470446320868,-0.3950000000000001,false
2026_04_JAX_CIN,00-0038935,Brenton Strange,JAX,CIN,rec_yds,betmgm,35.5,32.53349349694124,32.378301736420056,-2.5,"",0.0,0.28,Over,-120,0.43,0.5090470446320868,-0.21166666666666673,false
2026_04_JAX_CIN,00-0038935,Brenton Strange,JAX,CIN,rec_yds,betmgm,35.5,32.53349349694124,32.378301736420056,-2.5,"",0.0,0.28,Under,-111,0.5700000000000001,0.49095295536791317,0.08351351351351366,false
2026_04_DAL_HOU,00-0038618,Xavier Hutchinson,HOU,DAL,receptions,draftkings,2.5,2.8182137437862567,2.665149229105672,3.0,"",0.0,0.67,Over,-108,0.5125,0.4905802562170309,-0.012962962962963065,false
2026_04_DAL_HOU,00-0038618,Xavier Hutchinson,HOU,DAL,receptions,draftkings,2.5,2.8182137437862567,2.665149229105672,3.0,"",0.0,0.67,Under,-117,0.48750000000000004,0.5094197437829691,-0.09583333333333327,false
2026_04_DAL_HOU,00-0038618,Xavier Hutchinson,HOU,DAL,rec_yds,betmgm,28.5,33.91443912307543,34.94490471645812,3.0,"",0.0,0.67,Over,-111,0.55,0.49095295536791317,0.045495495495495586,false
2026_04_DAL_HOU,00-0038618,Xavier Hutchinson,HOU,DAL,rec_yds,betmgm,28.5,33.91443912307543,34.94490471645812,3.0,"",0.0,0.67,Under,-120,0.44999999999999996,0.5090470446320868,-0.17500000000000004,false
2026_04_DAL_HOU,00-0038608,Kayshon Boutte,HOU,DAL,rec_yds,betmgm,23.5,25.252139306988823,31.776177856666155,3.0,"",0.0,0.67,Over,-120,0.555,0.5090470446320868,0.017500000000000127,false
2026_04_DAL_HOU,00-0038608,Kayshon Boutte,HOU,DAL,rec_yds,betmgm,23.5,25.252139306988823,31.776177856666155,3.0,"",0.0,0.67,Under,-111,0.44499999999999995,0.49095295536791317,-0.1540990990990992,false
2026_04_GB_TB,00-0038129,Cade Otton,TB,GB,rec_yds,betmgm,25.5,37.45747978706476,41.448468615472024,-3.0,"",0.07,0.0,Over,-111,0.7025,0.49095295536791317,0.33538288288288287,true
2026_04_GB_TB,00-0038129,Cade Otton,TB,GB,rec_yds,betmgm,25.5,37.45747978706476,41.448468615472024,-3.0,"",0.07,0.0,Under,-120,0.2975,0.5090470446320868,-0.45458333333333334,true
2026_04_GB_TB,00-0036919,Kenny Gainwell,TB,GB,rec_yds,betmgm,10.5,17.427375099310783,24.373955483076553,-3.0,"",0.0,0.0,Over,-111,0.6375,0.49095295536791317,0.2118243243243243,true
2026_04_GB_TB,00-0036919,Kenny Gainwell,TB,GB,rec_yds,betmgm,10.5,17.427375099310783,24.373955483076553,-3.0,"",0.0,0.0,Under,-120,0.36250000000000004,0.5090470446320868,-0.3354166666666666,true
2026_04_GB_TB,00-0033921,Chris Godwin,TB,GB,rec_yds,betmgm,25.5,33.7313057888288,43.84103008758281,-3.0,"",0.0,0.0,Over,-120,0.595,0.5090470446320868,0.09083333333333332,true
2026_04_GB_TB,00-0033921,Chris Godwin,TB,GB,rec_yds,betmgm,25.5,33.7313057888288,43.84103008758281,-3.0,"",0.0,0.0,Under,-111,0.405,0.49095295536791317,-0.23013513513513506,true
2026_04_GB_TB,00-0039361,Bucky Irving,TB,GB,rush_yds,betmgm,54.5,58.7695144525457,61.60670580551925,-3.0,"",0.0,0.57,Over,-120,0.555,0.5090470446320868,0.017500000000000127,true
2026_04_GB_TB,00-0039361,Bucky Irving,TB,GB,rush_yds,betmgm,54.5,58.7695144525457,61.60670580551925,-3.0,"",0.0,0.57,Under,-111,0.44499999999999995,0.49095295536791317,-0.1540990990990992,true
2026_04_LA_PHI,00-0031381,Davante Adams,LA,PHI,receptions,betmgm,4.5,4.314415094897692,4.931352216647879,3.5,"",0.0,0.72,Over,-111,0.5175,0.49095295536791317,-0.016283783783783867,false
2026_04_LA_PHI,00-0031381,Davante Adams,LA,PHI,receptions,betmgm,4.5,4.314415094897692,4.931352216647879,3.5,"",0.0,0.72,Under,-120,0.48250000000000004,0.5090470446320868,-0.11541666666666656,false
2026_04_MIA_MIN,00-0036259,Jauan Jennings,MIN,MIA,receptions,betmgm,2.5,2.221617903824747,2.4169048918928486,10.0,"",0.7,0.56,Over,-111,0.385,0.49095295536791317,-0.26815315315315313,false
2026_04_MIA_MIN,00-0036259,Jauan Jennings,MIN,MIA,receptions,betmgm,2.5,2.221617903824747,2.4169048918928486,10.0,"",0.7,0.56,Under,-120,0.615,0.5090470446320868,0.12750000000000006,false
2026_04_MIA_MIN,00-0040198,Ollie Gordon II,MIA,MIN,rush_yds,betmgm,24.5,12.39074165840353,14.090467203683733,-10.0,"",0.0,0.0,Over,-120,0.2675,0.5090470446320868,-0.5095833333333333,true
2026_04_MIA_MIN,00-0040198,Ollie Gordon II,MIA,MIN,rush_yds,betmgm,24.5,12.39074165840353,14.090467203683733,-10.0,"",0.0,0.0,Under,-111,0.7324999999999999,0.49095295536791317,0.39240990990990976,true
2026_04_DEN_SF,00-0040730,RJ Harvey,DEN,SF,rec_yds,draftkings,22.5,17.25121860230541,28.524721577901225,-3.0,"",0.0,0.0,Over,-108,0.395,0.4905802562170309,-0.23925925925925923,true
2026_04_DEN_SF,00-0040730,RJ Harvey,DEN,SF,rec_yds,draftkings,22.5,17.25121860230541,28.524721577901225,-3.0,"",0.0,0.0,Under,-117,0.605,0.5094197437829691,0.12209401709401702,true
2026_04_LAC_SEA,00-0039793,AJ Barner,SEA,LAC,rec_yds,betmgm,28.5,30.544772274397104,30.52200765695458,7.0,"",0.0,0.0,Over,-111,0.5525,0.49095295536791317,0.05024774774774776,false
2026_04_LAC_SEA,00-0039793,AJ Barner,SEA,LAC,rec_yds,betmgm,28.5,30.544772274397104,30.52200765695458,7.0,"",0.0,0.0,Under,-120,0.4475,0.5090470446320868,-0.17958333333333332,false
2026_04_LAC_SEA,00-0038797,Emanuel Wilson,SEA,LAC,rush_yds,betmgm,48.5,20.55338889806892,32.10730308929003,7.0,"",0.82,0.49,Over,-120,0.15,0.5090470446320868,-0.725,true
2026_04_LAC_SEA,00-0038797,Emanuel Wilson,SEA,LAC,rush_yds,betmgm,48.5,20.55338889806892,32.10730308929003,7.0,"",0.82,0.49,Under,-111,0.85,0.49095295536791317,0.6157657657657657,true
2026_04_DET_CAR,00-0039139,Jahmyr Gibbs,DET,CAR,rec_yds,betmgm,37.5,37.54006884137487,45.65387386958739,3.5,"",0.0,0.0,Over,-111,0.5075,0.49095295536791317,-0.035292792792792904,false
2026_04_DET_CAR,00-0039139,Jahmyr Gibbs,DET,CAR,rec_yds,betmgm,37.5,37.54006884137487,45.65387386958739,3.5,"",0.0,0.0,Under,-120,0.49250000000000005,0.5090470446320868,-0.09708333333333324,false
2026_04_ATL_NO,00-0036040,Juwan Johnson,NO,ATL,rec_yds,betmgm,38.5,45.86798029665469,58.165773050914574,1.5,"",0.0,0.0,Over,-120,0.6025,0.5090470446320868,0.10458333333333347,false
2026_04_ATL_NO,00-0036040,Juwan Johnson,NO,ATL,rec_yds,betmgm,38.5,45.86798029665469,58.165773050914574,1.5,"",0.0,0.0,Under,-111,0.39749999999999996,0.49095295536791317,-0.24439189189189198,false
2026_04_ARI_NYG,00-0038559,Michael Wilson,ARI,NYG,rec_yds,betonlineag,58.5,60.28366158632531,67.99818155912376,2.5,"",0.0,0.0,Over,-119,0.5075,0.5102580936358786,-0.06602941176470595,false
2026_04_ARI_NYG,00-0038559,Michael Wilson,ARI,NYG,rec_yds,betonlineag,58.5,60.28366158632531,67.99818155912376,2.5,"",0.0,0.0,Under,-109,0.49250000000000005,0.4897419063641214,-0.055665137614678784,false
2026_04_ARI_NYG,00-0037744,Trey McBride,ARI,NYG,receptions,betmgm,6.5,6.189458553238992,8.12817727091938,2.5,"",0.0,0.0,Over,-120,0.46,0.5101214574898786,-0.15666666666666668,false
2026_04_ARI_NYG,00-0037744,Trey McBride,ARI,NYG,receptions,betmgm,6.5,6.189458553238992,8.12817727091938,2.5,"",0.0,0.0,Under,-110,0.54,0.4898785425101214,0.03090909090909094,false
2026_04_ARI_NYG,00-0041027,Jeremiyah Love,ARI,NYG,rec_yds,bovada,17.5,15.76159057564033,15.234793947264366,2.5,"",0.0,0.0,Over,-120,0.4425,0.5101214574898786,-0.18874999999999997,false
2026_04_ARI_NYG,00-0041027,Jeremiyah Love,ARI,NYG,rec_yds,bovada,17.5,15.76159057564033,15.234793947264366,2.5,"",0.0,0.0,Under,-110,0.5575,0.4898785425101214,0.06431818181818183,false
2026_04_ARI_NYG,00-0039849,Marvin Harrison Jr.,ARI,NYG,rec_yds,bovada,34.5,29.697018233838307,36.30374671182068,2.5,"",0.0,0.0,Over,-110,0.41,0.48987854251012153,-0.2172727272727274,false
2026_04_ARI_NYG,00-0039849,Marvin Harrison Jr.,ARI,NYG,rec_yds,bovada,34.5,29.697018233838307,36.30374671182068,2.5,"",0.0,0.0,Under,-120,0.5900000000000001,0.5101214574898785,0.08166666666666683,false
2026_04_ARI_NYG,00-0040715,Cam Skattebo,NYG,ARI,receptions,bovada,2.5,2.778916305474084,2.670388522611978,-2.5,"",0.0,0.59,Over,-120,0.52,0.5101214574898786,-0.046666666666666634,false
2026_04_ARI_NYG,00-0040715,Cam Skattebo,NYG,ARI,receptions,bovada,2.5,2.778916305474084,2.670388522611978,-2.5,"",0.0,0.59,Under,-110,0.48,0.4898785425101214,-0.08363636363636368,false
2026_04_ARI_NYG,00-0039849,Marvin Harrison Jr.,ARI,NYG,receptions,bovada,2.5,2.4034638337222067,2.4350809327765917,2.5,"",0.0,0.0,Over,-110,0.4525,0.48987854251012153,-0.1361363636363636,false
2026_04_ARI_NYG,00-0039849,Marvin Harrison Jr.,ARI,NYG,receptions,bovada,2.5,2.4034638337222067,2.4350809327765917,2.5,"",0.0,0.0,Under,-120,0.5475,0.5101214574898785,0.0037499999999999756,false
2026_04_ARI_NYG,00-0037744,Trey McBride,ARI,NYG,receptions,bovada,6.5,6.189458553238992,8.12817727091938,2.5,"",0.0,0.0,Over,-120,0.46,0.5101214574898786,-0.15666666666666668,false
2026_04_ARI_NYG,00-0037744,Trey McBride,ARI,NYG,receptions,bovada,6.5,6.189458553238992,8.12817727091938,2.5,"",0.0,0.0,Under,-110,0.54,0.4898785425101214,0.03090909090909094,false
2026_04_TEN_BAL,00-0034837,Calvin Ridley,TEN,BAL,rec_yds,bovada,3.5,19.75303328482885,39.75329802241518,-11.5,"",0.0,0.0,Over,-120,0.8325,0.5101214574898786,0.5262500000000001,true
2026_04_TEN_BAL,00-0034837,Calvin Ridley,TEN,BAL,rec_yds,bovada,3.5,19.75303328482885,39.75329802241518,-11.5,"",0.0,0.0,Under,-110,0.16749999999999998,0.4898785425101214,-0.6802272727272728,true
2026_04_TEN_BAL,00-0040170,Elic Ayomanor,TEN,BAL,rec_yds,bovada,19.5,27.802073056401525,32.42591087669064,-11.5,"",0.0,0.0,Over,-120,0.61,0.5101214574898786,0.11833333333333329,true
2026_04_TEN_BAL,00-0040170,Elic Ayomanor,TEN,BAL,rec_yds,bovada,19.5,27.802073056401525,32.42591087669064,-11.5,"",0.0,0.0,Under,-110,0.39,0.4898785425101214,-0.25545454545454543,true
2026_04_TEN_BAL,00-0040584,Gunnar Helm,TEN,BAL,rec_yds,bovada,19.5,15.76351900683137,19.47441346358427,-11.5,"",0.0,0.0,Over,-110,0.3975,0.48987854251012153,-0.24113636363636365,false
2026_04_TEN_BAL,00-0040584,Gunnar Helm,TEN,BAL,rec_yds,bovada,19.5,15.76351900683137,19.47441346358427,-11.5,"",0.0,0.0,Under,-120,0.6025,0.5101214574898785,0.10458333333333347,false
2026_04_TEN_BAL,00-0036550,Rashod Bateman,BAL,TEN,rec_yds,bovada,27.5,27.90513571224305,27.47760766192496,11.5,"",0.0,0.0,Over,-120,0.485,0.5101214574898786,-0.11083333333333334,false
2026_04_TEN_BAL,00-0036550,Rashod Bateman,BAL,TEN,rec_yds,bovada,27.5,27.90513571224305,27.47760766192496,11.5,"",0.0,0.0,Under,-110,0.515,0.4898785425101214,-0.016818181818181788,false
2026_04_TEN_BAL,00-0038117,Wan'Dale Robinson,TEN,BAL,rec_yds,bovada,36.5,45.41508071147943,52.94998398130999,-11.5,"",0.0,0.0,Over,-120,0.6075,0.5101214574898786,0.11375000000000013,true
2026_04_TEN_BAL,00-0038117,Wan'Dale Robinson,TEN,BAL,rec_yds,bovada,36.5,45.41508071147943,52.94998398130999,-11.5,"",0.0,0.0,Under,-110,0.39249999999999996,0.4898785425101214,-0.2506818181818183,true
2026_04_NE_BUF,00-0034827,DJ Moore,BUF,NE,rec_yds,betonlineag,52.5,38.45852049979416,47.5748720775946,7.0,ltd,0.0,0.95,Over,-109,0.3125,0.48974190636412124,-0.400802752293578,false
2026_04_NE_BUF,00-0034827,DJ Moore,BUF,NE,rec_yds,betonlineag,52.5,38.45852049979416,47.5748720775946,7.0,ltd,0.0,0.95,Under,-119,0.6875,0.5102580936358787,0.26523109243697485,false
2026_04_NE_BUF,00-0033555,Mack Hollins,NE,BUF,receptions,betmgm,3.5,3.118542734892735,3.816181603569324,-7.0,"",0.0,0.0,Over,-110,0.4425,0.48987854251012153,-0.1552272727272727,false
2026_04_NE_BUF,00-0033555,Mack Hollins,NE,BUF,receptions,betmgm,3.5,3.118542734892735,3.816181603569324,-7.0,"",0.0,0.0,Under,-120,0.5575,0.5101214574898785,0.022083333333333344,false
2026_04_NE_BUF,00-0038621,DeMario Douglas,NE,BUF,rec_yds,bovada,28.5,12.07916853326029,24.01269889654303,-7.0,"",0.0,0.0,Over,-120,0.1875,0.5101214574898786,-0.65625,false
2026_04_NE_BUF,00-0038621,DeMario Douglas,NE,BUF,rec_yds,bovada,28.5,12.07916853326029,24.01269889654303,-7.0,"",0.0,0.0,Under,-110,0.8125,0.4898785425101214,0.5511363636363636,false
2026_04_NE_BUF,00-0037261,Khalil Shakir,BUF,NE,rec_yds,bovada,37.5,40.908868786015496,43.037070801625966,7.0,"",0.0,0.95,Over,-120,0.505,0.5101214574898786,-0.07416666666666666,false
2026_04_NE_BUF,00-0037261,Khalil Shakir,BUF,NE,rec_yds,bovada,37.5,40.908868786015496,43.037070801625966,7.0,"",0.0,0.95,Under,-110,0.495,0.4898785425101214,-0.05500000000000005,false
2026_04_NE_BUF,00-0033555,Mack Hollins,NE,BUF,rec_yds,bovada,42.5,39.66535686516975,52.490370479774185,-7.0,"",0.0,0.0,Over,-110,0.4325,0.48987854251012153,-0.17431818181818182,false
2026_04_NE_BUF,00-0033555,Mack Hollins,NE,BUF,rec_yds,bovada,42.5,39.66535686516975,52.490370479774185,-7.0,"",0.0,0.0,Under,-120,0.5675,0.5101214574898785,0.04041666666666671,false
2026_04_NE_BUF,00-0036875,Rhamondre Stevenson,NE,BUF,rec_yds,bovada,16.5,16.80931550153521,24.127589469027786,-7.0,"",0.0,0.0,Over,-120,0.455,0.5101214574898786,-0.16583333333333322,false
2026_04_NE_BUF,00-0036875,Rhamondre Stevenson,NE,BUF,rec_yds,bovada,16.5,16.80931550153521,24.127589469027786,-7.0,"",0.0,0.0,Under,-110,0.5449999999999999,0.4898785425101214,0.0404545454545453,false
2026_04_NE_BUF,00-0040734,TreVeyon Henderson,NE,BUF,rush_yds,bovada,40.5,28.57168008123604,42.661863817359155,-7.0,"",0.0,0.46,Over,-120,0.3275,0.5101214574898786,-0.3995833333333333,false
2026_04_NE_BUF,00-0040734,TreVeyon Henderson,NE,BUF,rush_yds,bovada,40.5,28.57168008123604,42.661863817359155,-7.0,"",0.0,0.46,Under,-110,0.6725,0.4898785425101214,0.2838636363636363,false
2026_04_NYJ_CHI,00-0039451,Isaiah Williams,NYJ,CHI,receptions,draftkings,2.5,2.689819865409444,2.71083430276239,-3.5,"",0.71,1.54,Over,-118,0.53,0.510397604391948,-0.020847457627118593,false
2026_04_NYJ_CHI,00-0039451,Isaiah Williams,NYJ,CHI,receptions,draftkings,2.5,2.689819865409444,2.71083430276239,-3.5,"",0.71,1.54,Under,-108,0.47,0.48960239560805197,-0.09481481481481485,false
2026_04_NYJ_CHI,00-0039919,Rome Odunze,CHI,NYJ,receptions,fanduel,2.5,2.9419229098292106,2.7760412340568243,3.5,"",0.0,0.0,Over,-120,0.5475,0.5101214574898786,0.0037499999999999756,false
2026_04_NYJ_CHI,00-0039919,Rome Odunze,CHI,NYJ,receptions,fanduel,2.5,2.9419229098292106,2.7760412340568243,3.5,"",0.0,0.0,Under,-110,0.4525,0.4898785425101214,-0.1361363636363636,false
2026_04_NYJ_CHI,00-0037740,Garrett Wilson,NYJ,CHI,rec_yds,betmgm,75.5,59.66365276510404,64.05531107067858,-3.5,"",0.71,1.54,Over,-110,0.35,0.48987854251012153,-0.33181818181818185,false
2026_04_NYJ_CHI,00-0037740,Garrett Wilson,NYJ,CHI,rec_yds,betmgm,75.5,59.66365276510404,64.05531107067858,-3.5,"",0.71,1.54,Under,-120,0.65,0.5101214574898785,0.19166666666666676,false
2026_04_NYJ_CHI,00-0039451,Isaiah Williams,NYJ,CHI,rec_yds,betmgm,22.5,18.992688573158432,20.12581841628256,-3.5,"",0.71,1.54,Over,-120,0.39,0.5101214574898786,-0.285,false
2026_04_NYJ_CHI,00-0039451,Isaiah Williams,NYJ,CHI,rec_yds,betmgm,22.5,18.992688573158432,20.12581841628256,-3.5,"",0.71,1.54,Under,-110,0.61,0.4898785425101214,0.16454545454545455,false
2026_04_NYJ_CHI,00-0039451,Isaiah Williams,NYJ,CHI,receptions,betmgm,2.5,2.689819865409444,2.71083430276239,-3.5,"",0.71,1.54,Over,-120,0.53,0.5101214574898786,-0.028333333333333266,false
2026_04_NYJ_CHI,00-0039451,Isaiah Williams,NYJ,CHI,receptions,betmgm,2.5,2.689819865409444,2.71083430276239,-3.5,"",0.71,1.54,Under,-110,0.47,0.4898785425101214,-0.10272727272727278,false
2026_04_NYJ_CHI,00-0039451,Isaiah Williams,NYJ,CHI,rec_yds,bovada,21.5,18.992688573158432,20.12581841628256,-3.5,"",0.71,1.54,Over,-120,0.405,0.5101214574898786,-0.25749999999999995,false
2026_04_NYJ_CHI,00-0039451,Isaiah Williams,NYJ,CHI,rec_yds,bovada,21.5,18.992688573158432,20.12581841628256,-3.5,"",0.71,1.54,Under,-110,0.595,0.4898785425101214,0.13590909090909087,false
2026_04_NYJ_CHI,00-0039451,Isaiah Williams,NYJ,CHI,receptions,bovada,2.5,2.689819865409444,2.71083430276239,-3.5,"",0.71,1.54,Over,-120,0.53,0.5101214574898786,-0.028333333333333266,false
2026_04_NYJ_CHI,00-0039451,Isaiah Williams,NYJ,CHI,receptions,bovada,2.5,2.689819865409444,2.71083430276239,-3.5,"",0.71,1.54,Under,-110,0.47,0.4898785425101214,-0.10272727272727278,false
2026_04_JAX_CIN,00-0038611,Chris Rodriguez Jr.,JAX,CIN,rush_yds,draftkings,18.5,20.830077160243547,37.47110475531689,-2.5,"",0.0,0.0,Over,-107,0.5225,0.48945992664108945,0.01081775700934573,true
2026_04_JAX_CIN,00-0038611,Chris Rodriguez Jr.,JAX,CIN,rush_yds,draftkings,18.5,20.830077160243547,37.47110475531689,-2.5,"",0.0,0.0,Under,-117,0.47750000000000004,0.5105400733589105,-0.11438034188034185,true
2026_04_JAX_CIN,00-0036410,Tee Higgins,CIN,JAX,receptions,bovada,4.5,4.111400532080638,4.66608470639915,2.5,"",0.11,0.0,Over,-110,0.4325,0.48987854251012153,-0.17431818181818182,false
2026_04_JAX_CIN,00-0036410,Tee Higgins,CIN,JAX,receptions,bovada,4.5,4.111400532080638,4.66608470639915,2.5,"",0.11,0.0,Under,-120,0.5675,0.5101214574898785,0.04041666666666671,false
2026_04_JAX_CIN,00-0038611,Chris Rodriguez Jr.,JAX,CIN,rush_yds,bovada,18.5,20.830077160243547,37.47110475531689,-2.5,"",0.0,0.0,Over,-110,0.5225,0.48987854251012153,-0.0025000000000000577,true
2026_04_JAX_CIN,00-0038611,Chris Rodriguez Jr.,JAX,CIN,rush_yds,bovada,18.5,20.830077160243547,37.47110475531689,-2.5,"",0.0,0.0,Under,-120,0.47750000000000004,0.5101214574898785,-0.12458333333333327,true
2026_04_DAL_HOU,00-0034383,Dalton Schultz,HOU,DAL,receptions,fanduel,4.5,3.68190490924843,4.9111445635935125,3.0,ltd,0.0,0.67,Over,-110,0.4,0.48987854251012153,-0.23636363636363633,false
2026_04_DAL_HOU,00-0034383,Dalton Schultz,HOU,DAL,receptions,fanduel,4.5,3.68190490924843,4.9111445635935125,3.0,ltd,0.0,0.67,Under,-120,0.6,0.5101214574898785,0.09999999999999998,false
2026_04_DAL_HOU,00-0038608,Kayshon Boutte,HOU,DAL,rec_yds,betonlineag,23.5,25.252139306988823,31.776177856666155,3.0,"",0.0,0.67,Over,-119,0.555,0.5102580936358786,0.021386554621848852,false
2026_04_DAL_HOU,00-0038608,Kayshon Boutte,HOU,DAL,rec_yds,betonlineag,23.5,25.252139306988823,31.776177856666155,3.0,"",0.0,0.67,Under,-109,0.44499999999999995,0.4897419063641214,-0.1467431192660551,false
2026_04_DAL_HOU,00-0036997,Javonte Williams,DAL,HOU,rec_yds,betmgm,14.5,12.023068389137837,10.992310931305528,-3.0,"",0.0,0.62,Over,-110,0.405,0.48987854251012153,-0.22681818181818175,false
2026_04_DAL_HOU,00-0036997,Javonte Williams,DAL,HOU,rec_yds,betmgm,14.5,12.023068389137837,10.992310931305528,-3.0,"",0.0,0.62,Under,-120,0.595,0.5101214574898785,0.09083333333333332,false
2026_04_DAL_HOU,00-0036997,Javonte Williams,DAL,HOU,receptions,betmgm,2.5,2.0815727577658114,2.234898620609866,-3.0,"",0.0,0.62,Over,-120,0.4075,0.5101214574898786,-0.2529166666666667,false
2026_04_DAL_HOU,00-0036997,Javonte Williams,DAL,HOU,receptions,betmgm,2.5,2.0815727577658114,2.234898620609866,-3.0,"",0.0,0.62,Under,-110,0.5925,0.4898785425101214,0.13113636363636372,false
2026_04_DAL_HOU,00-0038041,Jake Ferguson,DAL,HOU,rec_yds,bovada,24.5,20.76570481196475,25.271365995391307,-3.0,"",0.0,0.62,Over,-110,0.44,0.48987854251012153,-0.1600000000000001,false
2026_04_DAL_HOU,00-0038041,Jake Ferguson,DAL,HOU,rec_yds,bovada,24.5,20.76570481196475,25.271365995391307,-3.0,"",0.0,0.62,Under,-120,0.56,0.5101214574898785,0.026666666666666783,false
2026_04_DAL_HOU,00-0036997,Javonte Williams,DAL,HOU,rec_yds,bovada,13.5,12.023068389137837,10.992310931305528,-3.0,"",0.0,0.62,Over,-110,0.435,0.48987854251012153,-0.1695454545454545,false
2026_04_DAL_HOU,00-0036997,Javonte Williams,DAL,HOU,rec_yds,bovada,13.5,12.023068389137837,10.992310931305528,-3.0,"",0.0,0.62,Under,-120,0.565,0.5101214574898785,0.03583333333333327,false
2026_04_DAL_HOU,00-0038041,Jake Ferguson,DAL,HOU,receptions,bovada,3.5,2.979769580269636,3.1888223184794438,-3.0,"",0.0,0.62,Over,-110,0.365,0.48987854251012153,-0.3031818181818182,false
2026_04_DAL_HOU,00-0038041,Jake Ferguson,DAL,HOU,receptions,bovada,3.5,2.979769580269636,3.1888223184794438,-3.0,"",0.0,0.62,Under,-120,0.635,0.5101214574898785,0.16416666666666668,false
2026_04_DAL_HOU,00-0036554,Nico Collins,HOU,DAL,receptions,bovada,5.5,4.137204328064814,4.657557680512696,3.0,"",0.0,0.67,Over,-110,0.28,0.48987854251012153,-0.4654545454545454,false
2026_04_DAL_HOU,00-0036554,Nico Collins,HOU,DAL,receptions,bovada,5.5,4.137204328064814,4.657557680512696,3.0,"",0.0,0.67,Under,-120,0.72,0.5101214574898785,0.31999999999999995,false
2026_04_DAL_HOU,00-0038618,Xavier Hutchinson,HOU,DAL,receptions,bovada,2.5,2.8182137437862567,2.665149229105672,3.0,"",0.0,0.67,Over,-110,0.5125,0.48987854251012153,-0.021590909090909216,false
2026_04_DAL_HOU,00-0038618,Xavier Hutchinson,HOU,DAL,receptions,bovada,2.5,2.8182137437862567,2.665149229105672,3.0,"",0.0,0.67,Under,-120,0.48750000000000004,0.5101214574898785,-0.1062499999999999,false
2026_04_GB_TB,00-0036264,Jordan Love,GB,TB,pass_yds,betonlineag,238.5,253.29179852053764,245.47375910799155,3.0,"",0.0,0.67,Over,-119,0.545,0.5102580936358786,0.0029831932773110026,false
2026_04_GB_TB,00-0036264,Jordan Love,GB,TB,pass_yds,betonlineag,238.5,253.29179852053764,245.47375910799155,3.0,"",0.0,0.67,Under,-109,0.45499999999999996,0.4897419063641214,-0.12756880733944959,false
2026_04_GB_TB,00-0039361,Bucky Irving,TB,GB,rec_yds,betonlineag,12.5,14.64729045993596,20.427843797250638,-3.0,"",0.0,0.0,Over,-119,0.505,0.5102580936358786,-0.07063025210084034,true
2026_04_GB_TB,00-0039361,Bucky Irving,TB,GB,rec_yds,betonlineag,12.5,14.64729045993596,20.427843797250638,-3.0,"",0.0,0.0,Under,-109,0.495,0.4897419063641214,-0.05087155963302753,true
2026_04_GB_TB,00-0039361,Bucky Irving,TB,GB,receptions,betonlineag,2.5,2.9625126613177475,3.1554495946001406,-3.0,"",0.0,0.0,Over,-119,0.55,0.5102580936358786,0.0121848739495799,true
2026_04_GB_TB,00-0039361,Bucky Irving,TB,GB,receptions,betonlineag,2.5,2.9625126613177475,3.1554495946001406,-3.0,"",0.0,0.0,Under,-109,0.44999999999999996,0.4897419063641214,-0.13715596330275237,true
2026_04_GB_TB,00-0039361,Bucky Irving,TB,GB,rec_yds,bovada,12.5,14.64729045993596,20.427843797250638,-3.0,"",0.0,0.0,Over,-120,0.505,0.5101214574898786,-0.07416666666666666,true
2026_04_GB_TB,00-0039361,Bucky Irving,TB,GB,rec_yds,bovada,12.5,14.64729045993596,20.427843797250638,-3.0,"",0.0,0.0,Under,-110,0.495,0.4898785425101214,-0.05500000000000005,true
2026_04_GB_TB,00-0038129,Cade Otton,TB,GB,rec_yds,bovada,25.5,37.45747978706476,41.448468615472024,-3.0,"",0.07,0.0,Over,-110,0.7025,0.48987854251012153,0.3411363636363637,true
2026_04_GB_TB,00-0038129,Cade Otton,TB,GB,rec_yds,bovada,25.5,37.45747978706476,41.448468615472024,-3.0,"",0.07,0.0,Under,-120,0.2975,0.5101214574898785,-0.45458333333333334,true
2026_04_GB_TB,00-0039811,MarShawn Lloyd,GB,TB,rush_yds,bovada,22.5,25.350574243881194,20.015209504849615,3.0,"",0.0,0.62,Over,-120,0.5375,0.5101214574898786,-0.014583333333333337,false
2026_04_GB_TB,00-0039811,MarShawn Lloyd,GB,TB,rush_yds,bovada,22.5,25.350574243881194,20.015209504849615,3.0,"",0.0,0.62,Under,-110,0.4625,0.4898785425101214,-0.11704545454545451,false
2026_04_GB_TB,00-0039361,Bucky Irving,TB,GB,rec_yds,betmgm,12.5,14.64729045993596,20.427843797250638,-3.0,"",0.0,0.0,Over,-120,0.505,0.5101214574898786,-0.07416666666666666,true
2026_04_GB_TB,00-0039361,Bucky Irving,TB,GB,rec_yds,betmgm,12.5,14.64729045993596,20.427843797250638,-3.0,"",0.0,0.0,Under,-110,0.495,0.4898785425101214,-0.05500000000000005,true
2026_04_GB_TB,00-0039361,Bucky Irving,TB,GB,receptions,betmgm,2.5,2.9625126613177475,3.1554495946001406,-3.0,"",0.0,0.0,Over,-110,0.55,0.48987854251012153,0.050000000000000044,true
2026_04_GB_TB,00-0039361,Bucky Irving,TB,GB,receptions,betmgm,2.5,2.9625126613177475,3.1554495946001406,-3.0,"",0.0,0.0,Under,-120,0.44999999999999996,0.5101214574898785,-0.17500000000000004,true
2026_04_LA_PHI,00-0040867,Makai Lemon,PHI,LA,receptions,fanduel,3.5,1.9322095934540862,2.339956546029059,-3.5,"",1.48,0.76,Over,-110,0.1925,0.48987854251012153,-0.6325000000000001,true
2026_04_LA_PHI,00-0040867,Makai Lemon,PHI,LA,receptions,fanduel,3.5,1.9322095934540862,2.339956546029059,-3.5,"",1.48,0.76,Under,-120,0.8075,0.5101214574898785,0.4804166666666667,true
2026_04_LA_PHI,00-0030061,Zach Ertz,PHI,LA,rec_yds,betmgm,19.5,26.825863964922952,37.8010084083475,-3.5,"",0.73,0.76,Over,-120,0.615,0.5101214574898786,0.12750000000000006,true
2026_04_LA_PHI,00-0030061,Zach Ertz,PHI,LA,rec_yds,betmgm,19.5,26.825863964922952,37.8010084083475,-3.5,"",0.73,0.76,Under,-110,0.385,0.4898785425101214,-0.265,true
2026_04_LA_PHI,00-0037840,Kyren Williams,LA,PHI,rec_yds,betmgm,12.5,18.067792618099695,26.980447237629413,3.5,"",0.0,0.72,Over,-120,0.605,0.5101214574898786,0.10916666666666663,true
2026_04_LA_PHI,00-0037840,Kyren Williams,LA,PHI,rec_yds,betmgm,12.5,18.067792618099695,26.980447237629413,3.5,"",0.0,0.72,Under,-110,0.395,0.4898785425101214,-0.2459090909090909,true
2026_04_LA_PHI,00-0039075,Puka Nacua,LA,PHI,receptions,betmgm,6.5,6.143304062209627,7.500607283933112,3.5,"",0.0,0.72,Over,-120,0.4525,0.5101214574898786,-0.1704166666666666,false
2026_04_LA_PHI,00-0039075,Puka Nacua,LA,PHI,receptions,betmgm,6.5,6.143304062209627,7.500607283933112,3.5,"",0.0,0.72,Under,-110,0.5475,0.4898785425101214,0.04522727272727267,false
2026_04_LA_PHI,00-0037840,Kyren Williams,LA,PHI,rec_yds,bovada,13.5,18.067792618099695,26.980447237629413,3.5,"",0.0,0.72,Over,-110,0.595,0.48987854251012153,0.13590909090909087,true
2026_04_LA_PHI,00-0037840,Kyren Williams,LA,PHI,rec_yds,bovada,13.5,18.067792618099695,26.980447237629413,3.5,"",0.0,0.72,Under,-120,0.405,0.5101214574898785,-0.25749999999999995,true
2026_04_LA_PHI,00-0030061,Zach Ertz,PHI,LA,rec_yds,bovada,23.5,26.825863964922952,37.8010084083475,-3.5,"",0.73,0.76,Over,-110,0.55,0.48987854251012153,0.050000000000000044,true
2026_04_LA_PHI,00-0030061,Zach Ertz,PHI,LA,rec_yds,bovada,23.5,26.825863964922952,37.8010084083475,-3.5,"",0.73,0.76,Under,-120,0.44999999999999996,0.5101214574898785,-0.17500000000000004,true
2026_04_LA_PHI,00-0031381,Davante Adams,LA,PHI,receptions,bovada,4.5,4.314415094897692,4.931352216647879,3.5,"",0.0,0.72,Over,-110,0.5175,0.48987854251012153,-0.012045454545454637,false
2026_04_LA_PHI,00-0031381,Davante Adams,LA,PHI,receptions,bovada,4.5,4.314415094897692,4.931352216647879,3.5,"",0.0,0.72,Under,-120,0.48250000000000004,0.5101214574898785,-0.11541666666666656,false
2026_04_LA_PHI,00-0030061,Zach Ertz,PHI,LA,receptions,bovada,2.5,2.8198633922079375,3.7273123722561796,-3.5,"",0.73,0.76,Over,-110,0.5075,0.48987854251012153,-0.03113636363636374,true
2026_04_LA_PHI,00-0030061,Zach Ertz,PHI,LA,receptions,bovada,2.5,2.8198633922079375,3.7273123722561796,-3.5,"",0.73,0.76,Under,-120,0.49250000000000005,0.5101214574898785,-0.09708333333333324,true
2026_04_LA_PHI,00-0037840,Kyren Williams,LA,PHI,rush_yds,bovada,57.5,70.48639002919745,70.89351444378549,3.5,"",0.0,0.98,Over,-110,0.5975,0.48987854251012153,0.14068181818181824,true
2026_04_LA_PHI,00-0037840,Kyren Williams,LA,PHI,rush_yds,bovada,57.5,70.48639002919745,70.89351444378549,3.5,"",0.0,0.98,Under,-120,0.40249999999999997,0.5101214574898785,-0.2620833333333334,true
2026_04_MIA_MIN,00-0041529,Kevin Coleman Jr.,MIA,MIN,rec_yds,draftkings,14.5,14.529448349536374,1.6296408505888347,-10.0,"",0.88,0.01,Over,-117,0.47,0.5105400733589106,-0.12829059829059836,true
2026_04_MIA_MIN,00-0041529,Kevin Coleman Jr.,MIA,MIN,rec_yds,draftkings,14.5,14.529448349536374,1.6296408505888347,-10.0,"",0.88,0.01,Under,-107,0.53,0.4894599266410894,0.025327102803738344,true
2026_04_MIA_MIN,00-0041529,Kevin Coleman Jr.,MIA,MIN,receptions,draftkings,1.5,1.184171506249527,0.5432136168629449,-10.0,"",0.88,0.01,Over,-118,0.41,0.510397604391948,-0.24254237288135605,true
2026_04_MIA_MIN,00-0041529,Kevin Coleman Jr.,MIA,MIN,receptions,draftkings,1.5,1.184171506249527,0.5432136168629449,-10.0,"",0.88,0.01,Under,-108,0.5900000000000001,0.48960239560805197,0.13629629629629647,true
2026_04_MIA_MIN,00-0033293,Aaron Jones,MIN,MIA,rec_yds,betrivers,17.5,17.77569368404178,14.660935214589227,10.0,ltd,0.0,0.56,Over,-120,0.475,0.5101214574898786,-0.1291666666666667,true
2026_04_MIA_MIN,00-0033293,Aaron Jones,MIN,MIA,rec_yds,betrivers,17.5,17.77569368404178,14.660935214589227,10.0,ltd,0.0,0.56,Under,-110,0.525,0.4898785425101214,0.002272727272727315,true
2026_04_MIA_MIN,00-0039880,Malik Washington,MIA,MIN,rec_yds,betmgm,38.5,29.273291571405196,30.774758174867692,-10.0,"",0.88,0.01,Over,-120,0.3325,0.5101214574898786,-0.39041666666666663,true
2026_04_MIA_MIN,00-0039880,Malik Washington,MIA,MIN,rec_yds,betmgm,38.5,29.273291571405196,30.774758174867692,-10.0,"",0.88,0.01,Under,-110,0.6675,0.4898785425101214,0.2743181818181818,true
2026_04_MIA_MIN,00-0041525,Chris Bell,MIA,MIN,receptions,betmgm,2.5,1.7407264678947998,1.8473708305243508,-10.0,"",0.88,0.01,Over,-120,0.3325,0.5101214574898786,-0.39041666666666663,true
2026_04_MIA_MIN,00-0041525,Chris Bell,MIA,MIN,receptions,betmgm,2.5,1.7407264678947998,1.8473708305243508,-10.0,"",0.88,0.01,Under,-110,0.6675,0.4898785425101214,0.2743181818181818,true
2026_04_MIA_MIN,00-0041529,Kevin Coleman Jr.,MIA,MIN,rec_yds,bovada,14.5,14.529448349536374,1.6296408505888347,-10.0,"",0.88,0.01,Over,-120,0.47,0.5101214574898786,-0.13833333333333336,true
2026_04_MIA_MIN,00-0041529,Kevin Coleman Jr.,MIA,MIN,rec_yds,bovada,14.5,14.529448349536374,1.6296408505888347,-10.0,"",0.88,0.01,Under,-110,0.53,0.4898785425101214,0.011818181818181839,true
2026_04_MIA_MIN,00-0041529,Kevin Coleman Jr.,MIA,MIN,receptions,bovada,1.5,1.184171506249527,0.5432136168629449,-10.0,"",0.88,0.01,Over,-120,0.41,0.5101214574898786,-0.2483333333333334,true
2026_04_MIA_MIN,00-0041529,Kevin Coleman Jr.,MIA,MIN,receptions,bovada,1.5,1.184171506249527,0.5432136168629449,-10.0,"",0.88,0.01,Under,-110,0.5900000000000001,0.4898785425101214,0.12636363636363646,true
2026_04_DEN_SF,00-0035719,Deebo Samuel,SF,DEN,rec_yds,bovada,34.5,34.54543583040607,47.53617204724576,3.0,"",0.0,0.0,Over,-110,0.4925,0.48987854251012153,-0.059772727272727366,false
2026_04_DEN_SF,00-0035719,Deebo Samuel,SF,DEN,rec_yds,bovada,34.5,34.54543583040607,47.53617204724576,3.0,"",0.0,0.0,Under,-120,0.5075000000000001,0.5101214574898785,-0.06958333333333322,false
2026_04_DEN_SF,00-0033881,Evan Engram,DEN,SF,rec_yds,bovada,16.5,15.737363637948004,22.57693854433718,-3.0,"",0.0,0.0,Over,-120,0.4575,0.5101214574898786,-0.16124999999999995,false
2026_04_DEN_SF,00-0033881,Evan Engram,DEN,SF,rec_yds,bovada,16.5,15.737363637948004,22.57693854433718,-3.0,"",0.0,0.0,Under,-110,0.5425,0.4898785425101214,0.03568181818181815,false
2026_04_DEN_SF,00-0040730,RJ Harvey,DEN,SF,rec_yds,bovada,22.5,17.25121860230541,28.524721577901225,-3.0,"",0.0,0.0,Over,-110,0.395,0.48987854251012153,-0.2459090909090909,true
2026_04_DEN_SF,00-0040730,RJ Harvey,DEN,SF,rec_yds,bovada,22.5,17.25121860230541,28.524721577901225,-3.0,"",0.0,0.0,Under,-120,0.605,0.5101214574898785,0.10916666666666663,true
2026_04_KC_LV,00-0040122,Ashton Jeanty,LV,KC,rec_yds,betonlineag,20.5,23.810589433674124,26.212715084860218,-4.5,"",0.0,0.0,Over,-119,0.525,0.5102580936358786,-0.03382352941176464,false
2026_04_KC_LV,00-0040122,Ashton Jeanty,LV,KC,rec_yds,betonlineag,20.5,23.810589433674124,26.212715084860218,-4.5,"",0.0,0.0,Under,-109,0.475,0.4897419063641214,-0.08922018348623856,false
2026_04_KC_LV,00-0038134,Kenneth Walker III,KC,LV,rec_yds,bovada,22.5,20.26198381335569,26.64190326282352,4.5,"",0.0,0.0,Over,-110,0.44,0.48987854251012153,-0.1600000000000001,false
2026_04_KC_LV,00-0038134,Kenneth Walker III,KC,LV,rec_yds,bovada,22.5,20.26198381335569,26.64190326282352,4.5,"",0.0,0.0,Under,-120,0.56,0.5101214574898785,0.026666666666666783,false
2026_04_KC_LV,00-0039066,Michael Mayer,LV,KC,rec_yds,bovada,24.5,20.1351327192671,29.515647159031474,-4.5,"",0.0,0.0,Over,-110,0.41,0.48987854251012153,-0.2172727272727274,false
2026_04_KC_LV,00-0039066,Michael Mayer,LV,KC,rec_yds,bovada,24.5,20.1351327192671,29.515647159031474,-4.5,"",0.0,0.0,Under,-120,0.5900000000000001,0.5101214574898785,0.08166666666666683,false
2026_04_LAC_SEA,00-0038544,Quentin Johnston,LAC,SEA,rec_yds,betonlineag,35.5,39.38115726883589,38.93996141634014,-7.0,"",0.18,0.0,Over,-119,0.5425,0.5102580936358786,-0.001617647058823557,false
2026_04_LAC_SEA,00-0038544,Quentin Johnston,LAC,SEA,rec_yds,betonlineag,35.5,39.38115726883589,38.93996141634014,-7.0,"",0.18,0.0,Under,-109,0.4575,0.4897419063641214,-0.12277522935779811,false
2026_04_LAC_SEA,00-0033908,Cooper Kupp,SEA,LAC,rec_yds,betmgm,22.5,34.47109040091873,38.23835144361881,7.0,"",0.0,0.0,Over,-120,0.6375,0.5101214574898786,0.16874999999999996,true
2026_04_LAC_SEA,00-0033908,Cooper Kupp,SEA,LAC,rec_yds,betmgm,22.5,34.47109040091873,38.23835144361881,7.0,"",0.0,0.0,Under,-110,0.36250000000000004,0.4898785425101214,-0.30795454545454537,true
2026_04_LAC_SEA,00-0038544,Quentin Johnston,LAC,SEA,rec_yds,bovada,35.5,39.38115726883589,38.93996141634014,-7.0,"",0.18,0.0,Over,-120,0.5425,0.5101214574898786,-0.005416666666666681,false
2026_04_LAC_SEA,00-0038544,Quentin Johnston,LAC,SEA,rec_yds,bovada,35.5,39.38115726883589,38.93996141634014,-7.0,"",0.18,0.0,Under,-110,0.4575,0.4898785425101214,-0.1265909090909091,false
2026_04_DET_CAR,00-0039139,Jahmyr Gibbs,DET,CAR,rec_yds,bovada,37.5,37.54006884137487,45.65387386958739,3.5,"",0.0,0.0,Over,-120,0.5075,0.5101214574898786,-0.06958333333333339,false
2026_04_DET_CAR,00-0039139,Jahmyr Gibbs,DET,CAR,rec_yds,bovada,37.5,37.54006884137487,45.65387386958739,3.5,"",0.0,0.0,Under,-110,0.49250000000000005,0.4898785425101214,-0.0597727272727272,false
2026_04_DET_CAR,00-0039139,Jahmyr Gibbs,DET,CAR,receptions,betmgm,4.5,4.7157675743312115,5.26133335943654,3.5,"",0.0,0.0,Over,-120,0.5575,0.5101214574898786,0.022083333333333344,false
2026_04_DET_CAR,00-0039139,Jahmyr Gibbs,DET,CAR,receptions,betmgm,4.5,4.7157675743312115,5.26133335943654,3.5,"",0.0,0.0,Under,-110,0.4425,0.4898785425101214,-0.1552272727272727,false
2026_04_DET_CAR,00-0036555,Chuba Hubbard,CAR,DET,rush_yds,betmgm,65.5,48.95518924551863,45.69564087795096,-3.5,"",0.0,0.0,Over,-120,0.3425,0.5101214574898786,-0.37208333333333327,true
2026_04_DET_CAR,00-0036555,Chuba Hubbard,CAR,DET,rush_yds,betmgm,65.5,48.95518924551863,45.69564087795096,-3.5,"",0.0,0.0,Under,-110,0.6575,0.4898785425101214,0.25522727272727264,true
2026_04_ATL_NO,00-0033906,Alvin Kamara,NO,ATL,rec_yds,betrivers,14.5,13.528360418390463,15.490923292283359,1.5,"",0.0,0.0,Over,-120,0.48,0.5101214574898786,-0.12,false
2026_04_ATL_NO,00-0033906,Alvin Kamara,NO,ATL,rec_yds,betrivers,14.5,13.528360418390463,15.490923292283359,1.5,"",0.0,0.0,Under,-110,0.52,0.4898785425101214,-0.007272727272727264,false
2026_04_ATL_NO,00-0038551,Kendre Miller,NO,ATL,rush_yds,betrivers,27.5,10.834125012933882,24.351152922376016,1.5,"",0.0,0.0,Over,-110,0.18,0.48987854251012153,-0.6563636363636365,false
2026_04_ATL_NO,00-0038551,Kendre Miller,NO,ATL,rush_yds,betrivers,27.5,10.834125012933882,24.351152922376016,1.5,"",0.0,0.0,Under,-120,0.8200000000000001,0.5101214574898785,0.5033333333333335,false
2026_04_ATL_NO,00-0035644,Noah Fant,NO,ATL,rec_yds,betmgm,15.5,12.599302859571432,19.681068475531955,1.5,ltd,0.0,0.0,Over,-120,0.4175,0.5101214574898786,-0.23458333333333337,false
2026_04_ATL_NO,00-0035644,Noah Fant,NO,ATL,rec_yds,betmgm,15.5,12.599302859571432,19.681068475531955,1.5,ltd,0.0,0.0,Under,-110,0.5825,0.4898785425101214,0.11204545454545456,false
2026_04_ATL_NO,00-0033906,Alvin Kamara,NO,ATL,rec_yds,bovada,15.5,13.528360418390463,15.490923292283359,1.5,"",0.0,0.0,Over,-120,0.4675,0.5101214574898786,-0.14291666666666658,false
2026_04_ATL_NO,00-0033906,Alvin Kamara,NO,ATL,rec_yds,bovada,15.5,13.528360418390463,15.490923292283359,1.5,"",0.0,0.0,Under,-110,0.5325,0.4898785425101214,0.016590909090909045,false
2026_04_ATL_NO,00-0038542,Bijan Robinson,ATL,NO,rec_yds,bovada,39.5,32.52299397479807,39.24763005083163,-1.5,"",0.0,0.0,Over,-120,0.3875,0.5101214574898786,-0.28958333333333336,false
2026_04_ATL_NO,00-0038542,Bijan Robinson,ATL,NO,rec_yds,bovada,39.5,32.52299397479807,39.24763005083163,-1.5,"",0.0,0.0,Under,-110,0.6125,0.4898785425101214,0.16931818181818192,false
2026_04_ATL_NO,00-0039424,Devaughn Vele,NO,ATL,rec_yds,bovada,45.5,41.22885517103616,46.21070970776557,1.5,"",0.0,0.0,Over,-110,0.4075,0.48987854251012153,-0.2220454545454546,false
2026_04_ATL_NO,00-0039424,Devaughn Vele,NO,ATL,rec_yds,bovada,45.5,41.22885517103616,46.21070970776557,1.5,"",0.0,0.0,Under,-120,0.5925,0.5101214574898785,0.08625000000000005,false
2026_04_ATL_NO,00-0036040,Juwan Johnson,NO,ATL,receptions,bovada,3.5,3.8915743910950913,4.79680555306685,1.5,"",0.0,0.0,Over,-120,0.535,0.5101214574898786,-0.01916666666666661,false
2026_04_ATL_NO,00-0036040,Juwan Johnson,NO,ATL,receptions,bovada,3.5,3.8915743910950913,4.79680555306685,1.5,"",0.0,0.0,Under,-110,0.46499999999999997,0.4898785425101214,-0.11227272727272736,false
2026_04_ATL_NO,00-0033906,Alvin Kamara,NO,ATL,rush_yds,bovada,37.5,16.552636853515068,36.58482283642212,1.5,"",0.0,0.0,Over,-110,0.1825,0.48987854251012153,-0.6515909090909091,false
2026_04_ATL_NO,00-0033906,Alvin Kamara,NO,ATL,rush_yds,bovada,37.5,16.552636853515068,36.58482283642212,1.5,"",0.0,0.0,Under,-120,0.8175,0.5101214574898785,0.49875,false
2026_04_ATL_NO,00-0037746,Brian Robinson Jr.,ATL,NO,rush_yds,bovada,28.5,22.620550665887787,28.604747178019434,-1.5,"",0.0,0.0,Over,-120,0.38,0.5101214574898786,-0.3033333333333333,false
2026_04_ATL_NO,00-0037746,Brian Robinson Jr.,ATL,NO,rush_yds,bovada,28.5,22.620550665887787,28.604747178019434,-1.5,"",0.0,0.0,Under,-110,0.62,0.4898785425101214,0.1836363636363636,false
2026_04_ARI_NYG,00-0039847,Theo Johnson,NYG,ARI,rec_yds,betrivers,8.5,22.259387751703937,28.655282282229436,-2.5,"",0.0,0.59,Over,-110,0.6925,0.48893805309734506,0.3220454545454545,true
2026_04_ARI_NYG,00-0039847,Theo Johnson,NYG,ARI,rec_yds,betrivers,8.5,22.259387751703937,28.655282282229436,-2.5,"",0.0,0.59,Under,-121,0.3075,0.5110619469026549,-0.43836776859504134,true
2026_04_ARI_NYG,00-0041027,Jeremiyah Love,ARI,NYG,rec_yds,betrivers,15.5,15.76159057564033,15.234793947264366,2.5,"",0.0,0.0,Over,-121,0.4725,0.5110619469026548,-0.13700413223140506,false
2026_04_ARI_NYG,00-0041027,Jeremiyah Love,ARI,NYG,rec_yds,betrivers,15.5,15.76159057564033,15.234793947264366,2.5,"",0.0,0.0,Under,-110,0.5275000000000001,0.48893805309734517,0.007045454545454688,false
2026_04_ARI_NYG,00-0036893,Najee Harris,NYG,ARI,rush_yds,betrivers,24.5,24.167038245745182,35.76332449359529,-2.5,"",0.0,0.0,Over,-110,0.4725,0.48893805309734506,-0.09795454545454557,false
2026_04_ARI_NYG,00-0036893,Najee Harris,NYG,ARI,rush_yds,betrivers,24.5,24.167038245745182,35.76332449359529,-2.5,"",0.0,0.0,Under,-121,0.5275000000000001,0.5110619469026549,-0.03654958677685932,false
2026_04_TEN_BAL,00-0039032,Tyjae Spears,TEN,BAL,rec_yds,betrivers,12.5,9.797574598574911,16.872967325345748,-11.5,Q,0.0,0.0,Over,-110,0.4025,0.48893805309734506,-0.23159090909090901,false
2026_04_TEN_BAL,00-0039032,Tyjae Spears,TEN,BAL,rec_yds,betrivers,12.5,9.797574598574911,16.872967325345748,-11.5,Q,0.0,0.0,Under,-121,0.5974999999999999,0.5110619469026549,0.09130165289256187,false
2026_04_TEN_BAL,00-0040584,Gunnar Helm,TEN,BAL,rec_yds,betrivers,17.5,15.76351900683137,19.47441346358427,-11.5,"",0.0,0.0,Over,-121,0.4425,0.5110619469026548,-0.19179752066115702,false
2026_04_TEN_BAL,00-0040584,Gunnar Helm,TEN,BAL,rec_yds,betrivers,17.5,15.76351900683137,19.47441346358427,-11.5,"",0.0,0.0,Under,-110,0.5575,0.48893805309734517,0.06431818181818183,false
2026_04_GB_TB,00-0036919,Kenny Gainwell,TB,GB,rec_yds,betrivers,8.5,17.427375099310783,24.373955483076553,-3.0,"",0.0,0.0,Over,-121,0.69,0.5110619469026548,0.26024793388429746,true
2026_04_GB_TB,00-0036919,Kenny Gainwell,TB,GB,rec_yds,betrivers,8.5,17.427375099310783,24.373955483076553,-3.0,"",0.0,0.0,Under,-110,0.31000000000000005,0.48893805309734517,-0.4081818181818181,true
2026_04_GB_TB,00-0039361,Bucky Irving,TB,GB,rec_yds,betrivers,13.5,14.64729045993596,20.427843797250638,-3.0,"",0.0,0.0,Over,-110,0.475,0.48893805309734506,-0.09318181818181825,true
2026_04_GB_TB,00-0039361,Bucky Irving,TB,GB,rec_yds,betrivers,13.5,14.64729045993596,20.427843797250638,-3.0,"",0.0,0.0,Under,-121,0.525,0.5110619469026549,-0.04111570247933877,true
2026_04_TEN_BAL,00-0034837,Calvin Ridley,TEN,BAL,rec_yds,betonlineag,4.5,19.75303328482885,39.75329802241518,-11.5,"",0.0,0.0,Over,-108,0.82,0.48768472906403937,0.5792592592592591,true
2026_04_TEN_BAL,00-0034837,Calvin Ridley,TEN,BAL,rec_yds,betonlineag,4.5,19.75303328482885,39.75329802241518,-11.5,"",0.0,0.0,Under,-120,0.18000000000000005,0.5123152709359606,-0.6699999999999999,true
2026_04_NE_BUF,00-0039901,Keon Coleman,BUF,NE,receptions,betonlineag,1.5,1.501301788505488,2.307882313352912,7.0,ltd,0.0,0.95,Over,-108,0.44,0.48768472906403937,-0.15259259259259267,true
2026_04_NE_BUF,00-0039901,Keon Coleman,BUF,NE,receptions,betonlineag,1.5,1.501301788505488,2.307882313352912,7.0,ltd,0.0,0.95,Under,-120,0.56,0.5123152709359606,0.026666666666666783,true
2026_04_NE_BUF,00-0036875,Rhamondre Stevenson,NE,BUF,receptions,betonlineag,2.5,2.8100609952418445,2.7994889892512353,-7.0,"",0.0,0.0,Over,-108,0.5075,0.48768472906403937,-0.022592592592592664,false
2026_04_NE_BUF,00-0036875,Rhamondre Stevenson,NE,BUF,receptions,betonlineag,2.5,2.8100609952418445,2.7994889892512353,-7.0,"",0.0,0.0,Under,-120,0.49250000000000005,0.5123152709359606,-0.09708333333333324,false
2026_04_NE_BUF,00-0037248,James Cook,BUF,NE,rush_yds,betonlineag,85.5,82.94079826019919,99.31768637257396,7.0,"",0.0,0.57,Over,-120,0.4425,0.5123152709359606,-0.18874999999999997,false
2026_04_NE_BUF,00-0037248,James Cook,BUF,NE,rush_yds,betonlineag,85.5,82.94079826019919,99.31768637257396,7.0,"",0.0,0.57,Under,-108,0.5575,0.48768472906403937,0.07370370370370372,false
2026_04_NYJ_CHI,00-0039919,Rome Odunze,CHI,NYJ,receptions,betonlineag,2.5,2.9419229098292106,2.7760412340568243,3.5,"",0.0,0.0,Over,-120,0.5475,0.5123152709359606,0.0037499999999999756,false
2026_04_NYJ_CHI,00-0039919,Rome Odunze,CHI,NYJ,receptions,betonlineag,2.5,2.9419229098292106,2.7760412340568243,3.5,"",0.0,0.0,Under,-108,0.4525,0.48768472906403937,-0.12851851851851848,false
2026_04_JAX_CIN,00-0036410,Tee Higgins,CIN,JAX,receptions,draftkings,4.5,4.111400532080638,4.66608470639915,2.5,"",0.11,0.0,Over,-107,0.4325,0.487517163899638,-0.16329439252336447,false
2026_04_JAX_CIN,00-0036410,Tee Higgins,CIN,JAX,receptions,draftkings,4.5,4.111400532080638,4.66608470639915,2.5,"",0.11,0.0,Under,-119,0.5675,0.5124828361003619,0.04439075630252104,false
2026_04_JAX_CIN,00-0034960,Jakobi Meyers,JAX,CIN,rec_yds,betonlineag,41.5,35.90809158878358,45.33408985106883,-2.5,"",0.0,0.28,Over,-120,0.4025,0.5123152709359606,-0.2620833333333332,false
2026_04_JAX_CIN,00-0034960,Jakobi Meyers,JAX,CIN,rec_yds,betonlineag,41.5,35.90809158878358,45.33408985106883,-2.5,"",0.0,0.28,Under,-108,0.5974999999999999,0.48768472906403937,0.15074074074074062,false
2026_04_JAX_CIN,00-0038935,Brenton Strange,JAX,CIN,rec_yds,betonlineag,38.5,32.53349349694124,32.378301736420056,-2.5,"",0.0,0.28,Over,-120,0.405,0.5123152709359606,-0.25749999999999995,false
2026_04_JAX_CIN,00-0038935,Brenton Strange,JAX,CIN,rec_yds,betonlineag,38.5,32.53349349694124,32.378301736420056,-2.5,"",0.0,0.28,Under,-108,0.595,0.48768472906403937,0.1459259259259259,false
2026_04_DAL_HOU,00-0036554,Nico Collins,HOU,DAL,receptions,draftkings,5.5,4.137204328064814,4.657557680512696,3.0,"",0.0,0.67,Over,-107,0.28,0.487517163899638,-0.45831775700934574,false
2026_04_DAL_HOU,00-0036554,Nico Collins,HOU,DAL,receptions,draftkings,5.5,4.137204328064814,4.657557680512696,3.0,"",0.0,0.67,Under,-119,0.72,0.5124828361003619,0.3250420168067226,false
2026_04_DAL_HOU,00-0039163,C.J. Stroud,HOU,DAL,pass_yds,betonlineag,244.5,229.91351378896903,234.51126909537476,3.0,"",0.0,0.67,Over,-120,0.4075,0.5123152709359606,-0.2529166666666667,false
2026_04_DAL_HOU,00-0039163,C.J. Stroud,HOU,DAL,pass_yds,betonlineag,244.5,229.91351378896903,234.51126909537476,3.0,"",0.0,0.67,Under,-108,0.5925,0.48768472906403937,0.1411111111111112,false
2026_04_DAL_HOU,00-0038618,Xavier Hutchinson,HOU,DAL,receptions,betonlineag,2.5,2.8182137437862567,2.665149229105672,3.0,"",0.0,0.67,Over,-108,0.5125,0.48768472906403937,-0.012962962962963065,false
2026_04_DAL_HOU,00-0038618,Xavier Hutchinson,HOU,DAL,receptions,betonlineag,2.5,2.8182137437862567,2.665149229105672,3.0,"",0.0,0.67,Under,-120,0.48750000000000004,0.5123152709359606,-0.1062499999999999,false
2026_04_GB_TB,00-0038124,Christian Watson,GB,TB,rec_yds,betonlineag,68.5,56.5955665932195,70.08671555732958,3.0,"",0.0,0.67,Over,-120,0.3725,0.5123152709359606,-0.3170833333333333,false
2026_04_GB_TB,00-0038124,Christian Watson,GB,TB,rec_yds,betonlineag,68.5,56.5955665932195,70.08671555732958,3.0,"",0.0,0.67,Under,-108,0.6275,0.48768472906403937,0.20851851851851844,false
2026_04_GB_TB,00-0040667,Matthew Golden,GB,TB,receptions,betonlineag,4.5,3.0159128398598156,3.2403826011536463,3.0,"",0.0,0.67,Over,-120,0.2625,0.5123152709359606,-0.51875,true
2026_04_GB_TB,00-0040667,Matthew Golden,GB,TB,receptions,betonlineag,4.5,3.0159128398598156,3.2403826011536463,3.0,"",0.0,0.67,Under,-108,0.7375,0.48768472906403937,0.4203703703703705,true
2026_04_LA_PHI,00-0037840,Kyren Williams,LA,PHI,rec_yds,draftkings,13.5,18.067792618099695,26.980447237629413,3.5,"",0.0,0.72,Over,-106,0.595,0.4873460435296103,0.15632075471698104,true
2026_04_LA_PHI,00-0037840,Kyren Williams,LA,PHI,rec_yds,draftkings,13.5,18.067792618099695,26.980447237629413,3.5,"",0.0,0.72,Under,-118,0.405,0.5126539564703897,-0.2517796610169491,true
2026_04_LA_PHI,00-0031381,Davante Adams,LA,PHI,receptions,draftkings,4.5,4.314415094897692,4.931352216647879,3.5,"",0.0,0.72,Over,-107,0.5175,0.487517163899638,0.0011448598130840426,false
2026_04_LA_PHI,00-0031381,Davante Adams,LA,PHI,receptions,draftkings,4.5,4.314415094897692,4.931352216647879,3.5,"",0.0,0.72,Under,-119,0.48250000000000004,0.5124828361003619,-0.11203781512605032,false
2026_04_LA_PHI,00-0030061,Zach Ertz,PHI,LA,receptions,betonlineag,2.5,2.8198633922079375,3.7273123722561796,-3.5,"",0.73,0.76,Over,-120,0.5075,0.5123152709359606,-0.06958333333333339,true
2026_04_LA_PHI,00-0030061,Zach Ertz,PHI,LA,receptions,betonlineag,2.5,2.8198633922079375,3.7273123722561796,-3.5,"",0.73,0.76,Under,-108,0.49250000000000005,0.48768472906403937,-0.051481481481481406,true
2026_04_ATL_NO,00-0038542,Bijan Robinson,ATL,NO,receptions,betonlineag,4.5,3.033689193961564,4.33902937734329,-1.5,"",0.0,0.0,Over,-108,0.2275,0.48768472906403937,-0.5618518518518518,false
2026_04_ATL_NO,00-0038542,Bijan Robinson,ATL,NO,receptions,betonlineag,4.5,3.033689193961564,4.33902937734329,-1.5,"",0.0,0.0,Under,-120,0.7725,0.5123152709359606,0.41625,false
2026_04_DEN_SF,00-0040730,RJ Harvey,DEN,SF,rush_yds,betrivers,15.5,24.49029600561196,28.29235011596783,-3.0,"",0.0,1.56,Over,-122,0.645,0.5130795235028976,0.17368852459016393,true
2026_04_DEN_SF,00-0040730,RJ Harvey,DEN,SF,rush_yds,betrivers,15.5,24.49029600561196,28.29235011596783,-3.0,"",0.0,1.56,Under,-109,0.355,0.48692047649710235,-0.3193119266055046,true
2026_04_ARI_NYG,00-0040715,Cam Skattebo,NYG,ARI,receptions,fanduel,2.5,2.778916305474084,2.670388522611978,-2.5,"",0.0,0.59,Over,-122,0.52,0.5141838223374939,-0.05377049180327864,false
2026_04_ARI_NYG,00-0040715,Cam Skattebo,NYG,ARI,receptions,fanduel,2.5,2.778916305474084,2.670388522611978,-2.5,"",0.0,0.59,Under,-108,0.48,0.48581617766250607,-0.0755555555555556,false
2026_04_DAL_HOU,00-0038618,Xavier Hutchinson,HOU,DAL,receptions,fanduel,2.5,2.8182137437862567,2.665149229105672,3.0,"",0.0,0.67,Over,-108,0.5125,0.48581617766250607,-0.012962962962963065,false
2026_04_DAL_HOU,00-0038618,Xavier Hutchinson,HOU,DAL,receptions,fanduel,2.5,2.8182137437862567,2.665149229105672,3.0,"",0.0,0.67,Under,-122,0.48750000000000004,0.5141838223374939,-0.1129098360655737,false
2026_04_KC_LV,00-0039338,Brock Bowers,LV,KC,receptions,fanduel,6.5,4.7743591645398675,6.124120122094284,-4.5,ltd,0.0,0.0,Over,-122,0.265,0.5141838223374939,-0.5177868852459016,false
2026_04_KC_LV,00-0039338,Brock Bowers,LV,KC,receptions,fanduel,6.5,4.7743591645398675,6.124120122094284,-4.5,ltd,0.0,0.0,Under,-108,0.735,0.48581617766250607,0.41555555555555557,false
2026_04_DEN_SF,00-0036613,Jaylen Waddle,DEN,SF,receptions,draftkings,4.5,3.0371306207294513,3.538166820489953,-3.0,"",0.0,0.0,Over,-106,0.23,0.48448874917273327,-0.5530188679245283,false
2026_04_DEN_SF,00-0036613,Jaylen Waddle,DEN,SF,receptions,draftkings,4.5,3.0371306207294513,3.538166820489953,-3.0,"",0.0,0.0,Under,-121,0.77,0.5155112508272668,0.40636363636363637,false
2026_04_NE_BUF,00-0033555,Mack Hollins,NE,BUF,receptions,fanduel,3.5,3.118542734892735,3.816181603569324,-7.0,"",0.0,0.0,Over,-122,0.4425,0.516439256945586,-0.19479508196721312,false
2026_04_NE_BUF,00-0033555,Mack Hollins,NE,BUF,receptions,fanduel,3.5,3.118542734892735,3.816181603569324,-7.0,"",0.0,0.0,Under,-106,0.5575,0.483560743054414,0.08344339622641506,false
2026_04_NYJ_CHI,00-0040735,Luther Burden III,CHI,NYJ,receptions,draftkings,4.5,3.9313340932215315,4.313266988468137,3.5,"",0.0,0.0,Over,-105,0.3725,0.4833368048323266,-0.2727380952380952,false
2026_04_NYJ_CHI,00-0040735,Luther Burden III,CHI,NYJ,receptions,draftkings,4.5,3.9313340932215315,4.313266988468137,3.5,"",0.0,0.0,Under,-121,0.6275,0.5166631951676735,0.146095041322314,false
2026_04_NYJ_CHI,00-0039919,Rome Odunze,CHI,NYJ,receptions,draftkings,2.5,2.9419229098292106,2.7760412340568243,3.5,"",0.0,0.0,Over,-121,0.5475,0.5166631951676735,-0.00002066115702481497,false
2026_04_NYJ_CHI,00-0039919,Rome Odunze,CHI,NYJ,receptions,draftkings,2.5,2.9419229098292106,2.7760412340568243,3.5,"",0.0,0.0,Under,-105,0.4525,0.48333680483232655,-0.11654761904761907,false
2026_04_LA_PHI,00-0039075,Puka Nacua,LA,PHI,receptions,fanduel,6.5,6.143304062209627,7.500607283933112,3.5,"",0.0,0.72,Over,-122,0.4525,0.516439256945586,-0.1765983606557377,false
2026_04_LA_PHI,00-0039075,Puka Nacua,LA,PHI,receptions,fanduel,6.5,6.143304062209627,7.500607283933112,3.5,"",0.0,0.72,Under,-106,0.5475,0.483560743054414,0.0640094339622641,false
2026_04_LA_PHI,00-0040867,Makai Lemon,PHI,LA,rec_yds,betonlineag,35.5,19.556635358822042,14.614195131168584,-3.5,"",1.48,0.76,Over,-122,0.245,0.516439256945586,-0.5541803278688524,true
2026_04_LA_PHI,00-0040867,Makai Lemon,PHI,LA,rec_yds,betonlineag,35.5,19.556635358822042,14.614195131168584,-3.5,"",1.48,0.76,Under,-106,0.755,0.483560743054414,0.46726415094339624,true
2026_04_DEN_SF,00-0039868,Troy Franklin,DEN,SF,rec_yds,draftkings,5.5,13.985866500436781,28.399205138604955,-3.0,"",0.0,0.0,Over,-104,0.7375,0.4831081081081081,0.44663461538461546,true
2026_04_DEN_SF,00-0039868,Troy Franklin,DEN,SF,rec_yds,draftkings,5.5,13.985866500436781,28.399205138604955,-3.0,"",0.0,0.0,Under,-120,0.26249999999999996,0.5168918918918919,-0.51875,true
2026_04_DEN_SF,00-0040730,RJ Harvey,DEN,SF,receptions,draftkings,3.5,2.595630558885465,3.897730997728658,-3.0,"",0.0,0.0,Over,-105,0.32,0.4833368048323266,-0.3752380952380952,true
2026_04_DEN_SF,00-0040730,RJ Harvey,DEN,SF,receptions,draftkings,3.5,2.595630558885465,3.897730997728658,-3.0,"",0.0,0.0,Under,-121,0.6799999999999999,0.5166631951676735,0.24198347107438012,true
2026_04_DET_CAR,00-0036963,Amon-Ra St. Brown,DET,CAR,rec_yds,betonlineag,75.5,77.043689382904,83.27615220961887,3.5,"",0.0,0.0,Over,-122,0.5425,0.516439256945586,-0.012827868852459012,false
2026_04_DET_CAR,00-0036963,Amon-Ra St. Brown,DET,CAR,rec_yds,betonlineag,75.5,77.043689382904,83.27615220961887,3.5,"",0.0,0.0,Under,-106,0.4575,0.483560743054414,-0.11089622641509428,false
2026_04_ARI_NYG,00-0037744,Trey McBride,ARI,NYG,receptions,betonlineag,6.5,6.189458553238992,8.12817727091938,2.5,"",0.0,0.0,Over,-123,0.46,0.5185070943861814,-0.16601626016260168,false
2026_04_ARI_NYG,00-0037744,Trey McBride,ARI,NYG,receptions,betonlineag,6.5,6.189458553238992,8.12817727091938,2.5,"",0.0,0.0,Under,-105,0.54,0.48149290561381863,0.05428571428571438,false
2026_04_NE_BUF,00-0033555,Mack Hollins,NE,BUF,receptions,draftkings,3.5,3.118542734892735,3.816181603569324,-7.0,"",0.0,0.0,Over,-104,0.4425,0.4812406203101551,-0.13201923076923072,false
2026_04_NE_BUF,00-0033555,Mack Hollins,NE,BUF,receptions,draftkings,3.5,3.118542734892735,3.816181603569324,-7.0,"",0.0,0.0,Under,-122,0.5575,0.5187593796898449,0.01446721311475413,false
2026_04_JAX_CIN,00-0038935,Brenton Strange,JAX,CIN,receptions,draftkings,3.5,3.024139421776412,3.0352278859222883,-2.5,"",0.0,0.28,Over,-104,0.38,0.4812406203101551,-0.2546153846153846,false
2026_04_JAX_CIN,00-0038935,Brenton Strange,JAX,CIN,receptions,draftkings,3.5,3.024139421776412,3.0352278859222883,-2.5,"",0.0,0.28,Under,-122,0.62,0.5187593796898449,0.12819672131147541,false
2026_04_LA_PHI,00-0031381,Davante Adams,LA,PHI,receptions,betonlineag,4.5,4.314415094897692,4.931352216647879,3.5,"",0.0,0.72,Over,-105,0.5175,0.48149290561381863,0.010357142857142732,false
2026_04_LA_PHI,00-0031381,Davante Adams,LA,PHI,receptions,betonlineag,4.5,4.314415094897692,4.931352216647879,3.5,"",0.0,0.72,Under,-123,0.48250000000000004,0.5185070943861814,-0.12522357723577232,false
2026_04_JAX_CIN,00-0036410,Tee Higgins,CIN,JAX,receptions,fanduel,4.5,4.111400532080638,4.66608470639915,2.5,"",0.11,0.0,Over,-106,0.4325,0.4808467741935484,-0.1594811320754717,false
2026_04_JAX_CIN,00-0036410,Tee Higgins,CIN,JAX,receptions,fanduel,4.5,4.111400532080638,4.66608470639915,2.5,"",0.11,0.0,Under,-125,0.5675,0.5191532258064516,0.02150000000000002,false
2026_04_DAL_HOU,00-0039410,Ryan Flournoy,DAL,HOU,receptions,draftkings,3.5,2.928388637573916,3.1266854784737825,-3.0,"",0.0,0.62,Over,-104,0.325,0.480324745257228,-0.36250000000000004,false
2026_04_DAL_HOU,00-0039410,Ryan Flournoy,DAL,HOU,receptions,draftkings,3.5,2.928388637573916,3.1266854784737825,-3.0,"",0.0,0.62,Under,-123,0.675,0.519675254742772,0.22378048780487814,false
2026_04_DAL_HOU,00-0036997,Javonte Williams,DAL,HOU,receptions,betonlineag,2.5,2.0815727577658114,2.234898620609866,-3.0,"",0.0,0.62,Over,-123,0.4075,0.519675254742772,-0.26119918699186995,false
2026_04_DAL_HOU,00-0036997,Javonte Williams,DAL,HOU,receptions,betonlineag,2.5,2.0815727577658114,2.234898620609866,-3.0,"",0.0,0.62,Under,-104,0.5925,0.480324745257228,0.16221153846153857,false
2026_04_GB_TB,00-0033921,Chris Godwin,TB,GB,receptions,betonlineag,2.5,2.9896193536600566,3.935430088160969,-3.0,"",0.0,0.0,Over,-123,0.57,0.519675254742772,0.03341463414634138,true
2026_04_GB_TB,00-0033921,Chris Godwin,TB,GB,receptions,betonlineag,2.5,2.9896193536600566,3.935430088160969,-3.0,"",0.0,0.0,Under,-104,0.43000000000000005,0.480324745257228,-0.1565384615384614,true
2026_04_LA_PHI,00-0039075,Puka Nacua,LA,PHI,receptions,betonlineag,6.5,6.143304062209627,7.500607283933112,3.5,"",0.0,0.72,Over,-123,0.4525,0.519675254742772,-0.1796138211382114,false
2026_04_LA_PHI,00-0039075,Puka Nacua,LA,PHI,receptions,betonlineag,6.5,6.143304062209627,7.500607283933112,3.5,"",0.0,0.72,Under,-104,0.5475,0.480324745257228,0.0739423076923077,false
2026_04_DEN_SF,00-0036613,Jaylen Waddle,DEN,SF,receptions,fanduel,4.5,3.0371306207294513,3.538166820489953,-3.0,"",0.0,0.0,Over,-106,0.23,0.4808467741935484,-0.5530188679245283,false
2026_04_DEN_SF,00-0036613,Jaylen Waddle,DEN,SF,receptions,fanduel,4.5,3.0371306207294513,3.538166820489953,-3.0,"",0.0,0.0,Under,-125,0.77,0.5191532258064516,0.3860000000000001,false
2026_04_KC_LV,00-0039066,Michael Mayer,LV,KC,receptions,draftkings,2.5,2.756297636901301,3.304893360000662,-4.5,"",0.0,0.0,Over,-123,0.515,0.519675254742772,-0.06630081300813007,false
2026_04_KC_LV,00-0039066,Michael Mayer,LV,KC,receptions,draftkings,2.5,2.756297636901301,3.304893360000662,-4.5,"",0.0,0.0,Under,-104,0.485,0.480324745257228,-0.04865384615384616,false
2026_04_DET_CAR,00-0039139,Jahmyr Gibbs,DET,CAR,receptions,betonlineag,4.5,4.7157675743312115,5.26133335943654,3.5,"",0.0,0.0,Over,-123,0.5575,0.519675254742772,0.010752032520325194,false
2026_04_DET_CAR,00-0039139,Jahmyr Gibbs,DET,CAR,receptions,betonlineag,4.5,4.7157675743312115,5.26133335943654,3.5,"",0.0,0.0,Under,-104,0.4425,0.480324745257228,-0.13201923076923072,false
2026_04_ARI_NYG,00-0040715,Cam Skattebo,NYG,ARI,receptions,betmgm,2.5,2.778916305474084,2.670388522611978,-2.5,"",0.0,0.59,Over,-125,0.52,0.5203045685279188,-0.06399999999999995,false
2026_04_ARI_NYG,00-0040715,Cam Skattebo,NYG,ARI,receptions,betmgm,2.5,2.778916305474084,2.670388522611978,-2.5,"",0.0,0.59,Under,-105,0.48,0.47969543147208116,-0.06285714285714294,false
2026_04_NE_BUF,00-0037816,Romeo Doubs,NE,BUF,rec_yds,betmgm,38.5,36.23023996537453,54.978192336891304,-7.0,"",0.0,0.0,Over,-125,0.465,0.5203045685279188,-0.16299999999999987,false
2026_04_NE_BUF,00-0037816,Romeo Doubs,NE,BUF,rec_yds,betmgm,38.5,36.23023996537453,54.978192336891304,-7.0,"",0.0,0.0,Under,-105,0.5349999999999999,0.47969543147208116,0.0445238095238093,false
2026_04_NE_BUF,00-0036875,Rhamondre Stevenson,NE,BUF,receptions,betmgm,2.5,2.8100609952418445,2.7994889892512353,-7.0,"",0.0,0.0,Over,-105,0.5075,0.4796954314720812,-0.009166666666666767,false
2026_04_NE_BUF,00-0036875,Rhamondre Stevenson,NE,BUF,receptions,betmgm,2.5,2.8100609952418445,2.7994889892512353,-7.0,"",0.0,0.0,Under,-125,0.49250000000000005,0.5203045685279188,-0.11349999999999988,false
2026_04_NE_BUF,00-0033555,Mack Hollins,NE,BUF,receptions,bovada,3.5,3.118542734892735,3.816181603569324,-7.0,"",0.0,0.0,Over,-105,0.4425,0.4796954314720812,-0.13607142857142857,false
2026_04_NE_BUF,00-0033555,Mack Hollins,NE,BUF,receptions,bovada,3.5,3.118542734892735,3.816181603569324,-7.0,"",0.0,0.0,Under,-125,0.5575,0.5203045685279188,0.003500000000000003,false
2026_04_NYJ_CHI,00-0030565,Geno Smith,NYJ,CHI,pass_yds,betmgm,223.5,255.56007760353273,222.7330845953512,-3.5,"",0.71,1.54,Over,-125,0.63,0.5203045685279188,0.134,false
2026_04_NYJ_CHI,00-0030565,Geno Smith,NYJ,CHI,pass_yds,betmgm,223.5,255.56007760353273,222.7330845953512,-3.5,"",0.71,1.54,Under,-105,0.37,0.47969543147208116,-0.27761904761904765,false
2026_04_NYJ_CHI,00-0039919,Rome Odunze,CHI,NYJ,rec_yds,betmgm,32.5,38.098095356387645,45.69909992643126,3.5,"",0.0,0.0,Over,-125,0.5725,0.5203045685279188,0.030500000000000027,false
2026_04_NYJ_CHI,00-0039919,Rome Odunze,CHI,NYJ,rec_yds,betmgm,32.5,38.098095356387645,45.69909992643126,3.5,"",0.0,0.0,Under,-105,0.4275,0.47969543147208116,-0.16535714285714292,false
2026_04_NYJ_CHI,00-0040735,Luther Burden III,CHI,NYJ,receptions,bovada,4.5,3.9313340932215315,4.313266988468137,3.5,"",0.0,0.0,Over,-105,0.3725,0.4796954314720812,-0.2727380952380952,false
2026_04_NYJ_CHI,00-0040735,Luther Burden III,CHI,NYJ,receptions,bovada,4.5,3.9313340932215315,4.313266988468137,3.5,"",0.0,0.0,Under,-125,0.6275,0.5203045685279188,0.12949999999999995,false
2026_04_NYJ_CHI,00-0039919,Rome Odunze,CHI,NYJ,receptions,bovada,2.5,2.9419229098292106,2.7760412340568243,3.5,"",0.0,0.0,Over,-125,0.5475,0.5203045685279188,-0.014500000000000013,false
2026_04_NYJ_CHI,00-0039919,Rome Odunze,CHI,NYJ,receptions,bovada,2.5,2.9419229098292106,2.7760412340568243,3.5,"",0.0,0.0,Under,-105,0.4525,0.47969543147208116,-0.11654761904761907,false
2026_04_JAX_CIN,00-0034960,Jakobi Meyers,JAX,CIN,rec_yds,betmgm,40.5,35.90809158878358,45.33408985106883,-2.5,"",0.0,0.28,Over,-125,0.4125,0.5203045685279188,-0.2575,false
2026_04_JAX_CIN,00-0034960,Jakobi Meyers,JAX,CIN,rec_yds,betmgm,40.5,35.90809158878358,45.33408985106883,-2.5,"",0.0,0.28,Under,-105,0.5875,0.47969543147208116,0.14702380952380956,false
2026_04_JAX_CIN,00-0038935,Brenton Strange,JAX,CIN,receptions,betmgm,3.5,3.024139421776412,3.0352278859222883,-2.5,"",0.0,0.28,Over,-105,0.38,0.4796954314720812,-0.2580952380952381,false
2026_04_JAX_CIN,00-0038935,Brenton Strange,JAX,CIN,receptions,betmgm,3.5,3.024139421776412,3.0352278859222883,-2.5,"",0.0,0.28,Under,-125,0.62,0.5203045685279188,0.11599999999999999,false
2026_04_JAX_CIN,00-0038935,Brenton Strange,JAX,CIN,receptions,bovada,3.5,3.024139421776412,3.0352278859222883,-2.5,"",0.0,0.28,Over,-105,0.38,0.4796954314720812,-0.2580952380952381,false
2026_04_JAX_CIN,00-0038935,Brenton Strange,JAX,CIN,receptions,bovada,3.5,3.024139421776412,3.0352278859222883,-2.5,"",0.0,0.28,Under,-125,0.62,0.5203045685279188,0.11599999999999999,false
2026_04_JAX_CIN,00-0034829,Mike Gesicki,CIN,JAX,receptions,bovada,2.5,2.5316771742529802,3.0697486972718977,2.5,"",0.0,0.0,Over,-125,0.4775,0.5203045685279188,-0.14049999999999996,false
2026_04_JAX_CIN,00-0034829,Mike Gesicki,CIN,JAX,receptions,bovada,2.5,2.5316771742529802,3.0697486972718977,2.5,"",0.0,0.0,Under,-105,0.5225,0.47969543147208116,0.020119047619047536,false
2026_04_DAL_HOU,00-0039410,Ryan Flournoy,DAL,HOU,receptions,betmgm,3.5,2.928388637573916,3.1266854784737825,-3.0,"",0.0,0.62,Over,-105,0.325,0.4796954314720812,-0.3654761904761905,false
2026_04_DAL_HOU,00-0039410,Ryan Flournoy,DAL,HOU,receptions,betmgm,3.5,2.928388637573916,3.1266854784737825,-3.0,"",0.0,0.62,Under,-125,0.675,0.5203045685279188,0.21500000000000008,false
2026_04_DAL_HOU,00-0036554,Nico Collins,HOU,DAL,receptions,betmgm,5.5,4.137204328064814,4.657557680512696,3.0,"",0.0,0.67,Over,-105,0.28,0.4796954314720812,-0.4533333333333333,false
2026_04_DAL_HOU,00-0036554,Nico Collins,HOU,DAL,receptions,betmgm,5.5,4.137204328064814,4.657557680512696,3.0,"",0.0,0.67,Under,-125,0.72,0.5203045685279188,0.29599999999999993,false
2026_04_DAL_HOU,00-0039410,Ryan Flournoy,DAL,HOU,receptions,bovada,3.5,2.928388637573916,3.1266854784737825,-3.0,"",0.0,0.62,Over,-105,0.325,0.4796954314720812,-0.3654761904761905,false
2026_04_DAL_HOU,00-0039410,Ryan Flournoy,DAL,HOU,receptions,bovada,3.5,2.928388637573916,3.1266854784737825,-3.0,"",0.0,0.62,Under,-125,0.675,0.5203045685279188,0.21500000000000008,false
2026_04_GB_TB,00-0033921,Chris Godwin,TB,GB,receptions,betmgm,2.5,2.9896193536600566,3.935430088160969,-3.0,"",0.0,0.0,Over,-125,0.57,0.5203045685279188,0.025999999999999912,true
2026_04_GB_TB,00-0033921,Chris Godwin,TB,GB,receptions,betmgm,2.5,2.9896193536600566,3.935430088160969,-3.0,"",0.0,0.0,Under,-105,0.43000000000000005,0.47969543147208116,-0.16047619047619038,true
2026_04_LA_PHI,00-0030061,Zach Ertz,PHI,LA,receptions,betmgm,2.5,2.8198633922079375,3.7273123722561796,-3.5,"",0.73,0.76,Over,-105,0.5075,0.4796954314720812,-0.009166666666666767,true
2026_04_LA_PHI,00-0030061,Zach Ertz,PHI,LA,receptions,betmgm,2.5,2.8198633922079375,3.7273123722561796,-3.5,"",0.73,0.76,Under,-125,0.49250000000000005,0.5203045685279188,-0.11349999999999988,true
2026_04_LA_PHI,00-0039075,Puka Nacua,LA,PHI,receptions,bovada,6.5,6.143304062209627,7.500607283933112,3.5,"",0.0,0.72,Over,-125,0.4525,0.5203045685279188,-0.18549999999999994,false
2026_04_LA_PHI,00-0039075,Puka Nacua,LA,PHI,receptions,bovada,6.5,6.143304062209627,7.500607283933112,3.5,"",0.0,0.72,Under,-105,0.5475,0.47969543147208116,0.06892857142857134,false
2026_04_MIA_MIN,00-0037252,Greg Dulcich,MIA,MIN,rec_yds,betmgm,28.5,25.968835870521332,33.77464662144145,-10.0,"",0.0,0.01,Over,-125,0.4475,0.5203045685279188,-0.19449999999999995,false
2026_04_MIA_MIN,00-0037252,Greg Dulcich,MIA,MIN,rec_yds,betmgm,28.5,25.968835870521332,33.77464662144145,-10.0,"",0.0,0.01,Under,-105,0.5525,0.47969543147208116,0.07869047619047609,false
2026_04_DEN_SF,00-0039868,Troy Franklin,DEN,SF,rec_yds,bovada,5.5,13.985866500436781,28.399205138604955,-3.0,"",0.0,0.0,Over,-105,0.7375,0.4796954314720812,0.4398809523809525,true
2026_04_DEN_SF,00-0039868,Troy Franklin,DEN,SF,rec_yds,bovada,5.5,13.985866500436781,28.399205138604955,-3.0,"",0.0,0.0,Under,-125,0.26249999999999996,0.5203045685279188,-0.5275000000000001,true
2026_04_DEN_SF,00-0036613,Jaylen Waddle,DEN,SF,receptions,bovada,4.5,3.0371306207294513,3.538166820489953,-3.0,"",0.0,0.0,Over,-105,0.23,0.4796954314720812,-0.550952380952381,false
2026_04_DEN_SF,00-0036613,Jaylen Waddle,DEN,SF,receptions,bovada,4.5,3.0371306207294513,3.538166820489953,-3.0,"",0.0,0.0,Under,-125,0.77,0.5203045685279188,0.3860000000000001,false
2026_04_DEN_SF,00-0040730,RJ Harvey,DEN,SF,receptions,bovada,3.5,2.595630558885465,3.897730997728658,-3.0,"",0.0,0.0,Over,-105,0.32,0.4796954314720812,-0.3752380952380952,true
2026_04_DEN_SF,00-0040730,RJ Harvey,DEN,SF,receptions,bovada,3.5,2.595630558885465,3.897730997728658,-3.0,"",0.0,0.0,Under,-125,0.6799999999999999,0.5203045685279188,0.22399999999999987,true
2026_04_KC_LV,00-0030506,Travis Kelce,KC,LV,receptions,betmgm,4.5,3.9995479279514354,4.357890154162346,4.5,"",0.0,0.0,Over,-105,0.395,0.4796954314720812,-0.2288095238095238,false
2026_04_KC_LV,00-0030506,Travis Kelce,KC,LV,receptions,betmgm,4.5,3.9995479279514354,4.357890154162346,4.5,"",0.0,0.0,Under,-125,0.605,0.5203045685279188,0.08899999999999997,false
2026_04_KC_LV,00-0040122,Ashton Jeanty,LV,KC,rush_yds,betmgm,58.5,59.89019036427125,63.73369569195081,-4.5,"",0.0,0.0,Over,-105,0.52,0.4796954314720812,0.015238095238095273,false
2026_04_KC_LV,00-0040122,Ashton Jeanty,LV,KC,rush_yds,betmgm,58.5,59.89019036427125,63.73369569195081,-4.5,"",0.0,0.0,Under,-125,0.48,0.5203045685279188,-0.136,false
2026_04_KC_LV,00-0039066,Michael Mayer,LV,KC,receptions,bovada,2.5,2.756297636901301,3.304893360000662,-4.5,"",0.0,0.0,Over,-125,0.515,0.5203045685279188,-0.07299999999999995,false
2026_04_KC_LV,00-0039066,Michael Mayer,LV,KC,receptions,bovada,2.5,2.756297636901301,3.304893360000662,-4.5,"",0.0,0.0,Under,-105,0.485,0.47969543147208116,-0.05309523809523814,false
2026_04_LAC_SEA,00-0039915,Ladd McConkey,LAC,SEA,rec_yds,betmgm,45.5,31.094032190824933,49.885322476877676,-7.0,Q,0.18,0.0,Over,-125,0.3175,0.5203045685279188,-0.4285,false
2026_04_LAC_SEA,00-0039915,Ladd McConkey,LAC,SEA,rec_yds,betmgm,45.5,31.094032190824933,49.885322476877676,-7.0,Q,0.18,0.0,Under,-105,0.6825,0.47969543147208116,0.3324999999999999,false
2026_04_LAC_SEA,00-0040189,Oronde Gadsden II,LAC,SEA,receptions,betmgm,2.5,1.744435503151037,2.0856819869551666,-7.0,"",0.48,0.0,Over,-125,0.33,0.5203045685279188,-0.4059999999999999,false
2026_04_LAC_SEA,00-0040189,Oronde Gadsden II,LAC,SEA,receptions,betmgm,2.5,1.744435503151037,2.0856819869551666,-7.0,"",0.48,0.0,Under,-105,0.6699999999999999,0.47969543147208116,0.30809523809523787,false
2026_04_ATL_NO,00-0038542,Bijan Robinson,ATL,NO,receptions,betmgm,4.5,3.033689193961564,4.33902937734329,-1.5,"",0.0,0.0,Over,-105,0.2275,0.4796954314720812,-0.5558333333333333,false
2026_04_ATL_NO,00-0038542,Bijan Robinson,ATL,NO,receptions,betmgm,4.5,3.033689193961564,4.33902937734329,-1.5,"",0.0,0.0,Under,-125,0.7725,0.5203045685279188,0.39049999999999996,false
2026_04_ATL_NO,00-0038542,Bijan Robinson,ATL,NO,receptions,bovada,4.5,3.033689193961564,4.33902937734329,-1.5,"",0.0,0.0,Over,-105,0.2275,0.4796954314720812,-0.5558333333333333,false
2026_04_ATL_NO,00-0038542,Bijan Robinson,ATL,NO,receptions,bovada,4.5,3.033689193961564,4.33902937734329,-1.5,"",0.0,0.0,Under,-125,0.7725,0.5203045685279188,0.39049999999999996,false
2026_04_ATL_NO,00-0038542,Bijan Robinson,ATL,NO,receptions,draftkings,4.5,3.033689193961564,4.33902937734329,-1.5,"",0.0,0.0,Over,-103,0.2275,0.47823563551944287,-0.551626213592233,false
2026_04_ATL_NO,00-0038542,Bijan Robinson,ATL,NO,receptions,draftkings,4.5,3.033689193961564,4.33902937734329,-1.5,"",0.0,0.0,Under,-124,0.7725,0.5217643644805572,0.39548387096774185,false
2026_04_ARI_NYG,00-0040715,Cam Skattebo,NYG,ARI,receptions,betonlineag,2.5,2.778916305474084,2.670388522611978,-2.5,"",0.0,0.59,Over,-125,0.52,0.5226570545829042,-0.06399999999999995,false
2026_04_ARI_NYG,00-0040715,Cam Skattebo,NYG,ARI,receptions,betonlineag,2.5,2.778916305474084,2.670388522611978,-2.5,"",0.0,0.59,Under,-103,0.48,0.47734294541709577,-0.05398058252427185,false
2026_04_NYJ_CHI,00-0039451,Isaiah Williams,NYJ,CHI,receptions,betonlineag,2.5,2.689819865409444,2.71083430276239,-3.5,"",0.71,1.54,Over,-125,0.53,0.5226570545829042,-0.04599999999999993,false
2026_04_NYJ_CHI,00-0039451,Isaiah Williams,NYJ,CHI,receptions,betonlineag,2.5,2.689819865409444,2.71083430276239,-3.5,"",0.71,1.54,Under,-103,0.47,0.47734294541709577,-0.07368932038834958,false
2026_04_JAX_CIN,00-0038935,Brenton Strange,JAX,CIN,receptions,betonlineag,3.5,3.024139421776412,3.0352278859222883,-2.5,"",0.0,0.28,Over,-103,0.38,0.4773429454170958,-0.25106796116504854,false
2026_04_JAX_CIN,00-0038935,Brenton Strange,JAX,CIN,receptions,betonlineag,3.5,3.024139421776412,3.0352278859222883,-2.5,"",0.0,0.28,Under,-125,0.62,0.5226570545829041,0.11599999999999999,false
2026_04_LA_PHI,00-0040867,Makai Lemon,PHI,LA,receptions,betonlineag,3.5,1.9322095934540862,2.339956546029059,-3.5,"",1.48,0.76,Over,-125,0.1925,0.5226570545829042,-0.6535,true
2026_04_LA_PHI,00-0040867,Makai Lemon,PHI,LA,receptions,betonlineag,3.5,1.9322095934540862,2.339956546029059,-3.5,"",1.48,0.76,Under,-103,0.8075,0.47734294541709577,0.5914805825242718,true
2026_04_TEN_BAL,00-0034837,Calvin Ridley,TEN,BAL,rec_yds,fanduel,5.5,19.75303328482885,39.75329802241518,-11.5,"",0.0,0.0,Over,-102,0.7975,0.47614107883817425,0.5793627450980392,true
2026_04_TEN_BAL,00-0034837,Calvin Ridley,TEN,BAL,rec_yds,fanduel,5.5,19.75303328482885,39.75329802241518,-11.5,"",0.0,0.0,Under,-125,0.2025,0.5238589211618258,-0.6355,true
2026_04_JAX_CIN,00-0034829,Mike Gesicki,CIN,JAX,receptions,draftkings,2.5,2.5316771742529802,3.0697486972718977,2.5,"",0.0,0.0,Over,-125,0.4775,0.5238589211618258,-0.14049999999999996,false
2026_04_JAX_CIN,00-0034829,Mike Gesicki,CIN,JAX,receptions,draftkings,2.5,2.5316771742529802,3.0697486972718977,2.5,"",0.0,0.0,Under,-102,0.5225,0.47614107883817425,0.034754901960784235,false
2026_04_LA_PHI,00-0039075,Puka Nacua,LA,PHI,receptions,draftkings,6.5,6.143304062209627,7.500607283933112,3.5,"",0.0,0.72,Over,-125,0.4525,0.5238589211618258,-0.18549999999999994,false
2026_04_LA_PHI,00-0039075,Puka Nacua,LA,PHI,receptions,draftkings,6.5,6.143304062209627,7.500607283933112,3.5,"",0.0,0.72,Under,-102,0.5475,0.47614107883817425,0.08426470588235291,false
2026_04_JAX_CIN,00-0034960,Jakobi Meyers,JAX,CIN,receptions,fanduel,3.5,3.254984871717092,3.9859374409579513,-2.5,"",0.0,0.28,Over,-128,0.455,0.5240847784200385,-0.18953124999999993,false
2026_04_JAX_CIN,00-0034960,Jakobi Meyers,JAX,CIN,receptions,fanduel,3.5,3.254984871717092,3.9859374409579513,-2.5,"",0.0,0.28,Under,-104,0.5449999999999999,0.47591522157996147,0.06903846153846138,false
2026_04_ARI_NYG,00-0037744,Trey McBride,ARI,NYG,receptions,draftkings,6.5,6.189458553238992,8.12817727091938,2.5,"",0.0,0.0,Over,-126,0.46,0.5259594617046021,-0.17492063492063498,false
2026_04_ARI_NYG,00-0037744,Trey McBride,ARI,NYG,receptions,draftkings,6.5,6.189458553238992,8.12817727091938,2.5,"",0.0,0.0,Under,-101,0.54,0.47404053829539794,0.07465346534653472,false
2026_04_JAX_CIN,00-0034829,Mike Gesicki,CIN,JAX,receptions,betonlineag,2.5,2.5316771742529802,3.0697486972718977,2.5,"",0.0,0.0,Over,-127,0.4775,0.5256105556466153,-0.14651574803149603,false
2026_04_JAX_CIN,00-0034829,Mike Gesicki,CIN,JAX,receptions,betonlineag,2.5,2.5316771742529802,3.0697486972718977,2.5,"",0.0,0.0,Under,-102,0.5225,0.4743894443533847,0.034754901960784235,false
2026_04_JAX_CIN,00-0034960,Jakobi Meyers,JAX,CIN,receptions,betmgm,3.5,3.254984871717092,3.9859374409579513,-2.5,"",0.0,0.28,Over,-130,0.455,0.5246062992125985,-0.1949999999999999,false
2026_04_JAX_CIN,00-0034960,Jakobi Meyers,JAX,CIN,receptions,betmgm,3.5,3.254984871717092,3.9859374409579513,-2.5,"",0.0,0.28,Under,-105,0.5449999999999999,0.4753937007874015,0.06404761904761891,false
2026_04_GB_TB,00-0038996,Tucker Kraft,GB,TB,receptions,betmgm,3.5,3.150742633361486,3.5386712946124557,3.0,"",0.0,0.67,Over,-130,0.4225,0.5246062992125985,-0.2525,false
2026_04_GB_TB,00-0038996,Tucker Kraft,GB,TB,receptions,betmgm,3.5,3.150742633361486,3.5386712946124557,3.0,"",0.0,0.67,Under,-105,0.5775,0.4753937007874015,0.12749999999999995,false
2026_04_LA_PHI,00-0040867,Makai Lemon,PHI,LA,receptions,draftkings,3.5,1.9322095934540862,2.339956546029059,-3.5,"",1.48,0.76,Over,-126,0.1925,0.5259594617046021,-0.6547222222222222,true
2026_04_LA_PHI,00-0040867,Makai Lemon,PHI,LA,receptions,draftkings,3.5,1.9322095934540862,2.339956546029059,-3.5,"",1.48,0.76,Under,-101,0.8075,0.47404053829539794,0.6070049504950495,true
2026_04_MIA_MIN,00-0038994,Jordan Addison,MIN,MIA,receptions,betonlineag,4.5,2.8583126426642105,2.458080445251098,10.0,"",0.7,0.56,Over,-102,0.15,0.47438944435338465,-0.7029411764705882,true
2026_04_MIA_MIN,00-0038994,Jordan Addison,MIN,MIA,receptions,betonlineag,4.5,2.8583126426642105,2.458080445251098,10.0,"",0.7,0.56,Under,-127,0.85,0.5256105556466153,0.5192913385826772,true
2026_04_DEN_SF,00-0040730,RJ Harvey,DEN,SF,receptions,betonlineag,3.5,2.595630558885465,3.897730997728658,-3.0,"",0.0,0.0,Over,-102,0.32,0.47438944435338465,-0.3662745098039215,true
2026_04_DEN_SF,00-0040730,RJ Harvey,DEN,SF,receptions,betonlineag,3.5,2.595630558885465,3.897730997728658,-3.0,"",0.0,0.0,Under,-127,0.6799999999999999,0.5256105556466153,0.2154330708661416,true
2026_04_DET_CAR,00-0037240,Jameson Williams,DET,CAR,receptions,betonlineag,3.5,3.9757914127496297,4.040694700697304,3.5,"",0.0,0.0,Over,-102,0.5425,0.47438944435338465,0.0743627450980392,false
2026_04_DET_CAR,00-0037240,Jameson Williams,DET,CAR,receptions,betonlineag,3.5,3.9757914127496297,4.040694700697304,3.5,"",0.0,0.0,Under,-127,0.4575,0.5256105556466153,-0.182263779527559,false
2026_04_KC_LV,00-0039338,Brock Bowers,LV,KC,receptions,betonlineag,6.5,4.7743591645398675,6.124120122094284,-4.5,ltd,0.0,0.0,Over,-128,0.265,0.5276888998277135,-0.52796875,false
2026_04_KC_LV,00-0039338,Brock Bowers,LV,KC,receptions,betonlineag,6.5,4.7743591645398675,6.124120122094284,-4.5,ltd,0.0,0.0,Under,-101,0.735,0.4723111001722865,0.4627227722772277,false
2026_04_ARI_NYG,00-0039337,Malik Nabers,NYG,ARI,receptions,fanduel,4.5,4.409899739002194,4.847254912183733,-2.5,"",0.0,0.59,Over,-130,0.5125,0.5281576830249397,-0.09326923076923083,false
2026_04_ARI_NYG,00-0039337,Malik Nabers,NYG,ARI,receptions,fanduel,4.5,4.409899739002194,4.847254912183733,-2.5,"",0.0,0.59,Under,-102,0.48750000000000004,0.4718423169750603,-0.0345588235294117,false
2026_04_NE_BUF,00-0039901,Keon Coleman,BUF,NE,receptions,fanduel,1.5,1.501301788505488,2.307882313352912,7.0,ltd,0.0,0.95,Over,-102,0.44,0.4718423169750603,-0.12862745098039224,true
2026_04_NE_BUF,00-0039901,Keon Coleman,BUF,NE,receptions,fanduel,1.5,1.501301788505488,2.307882313352912,7.0,ltd,0.0,0.95,Under,-130,0.56,0.5281576830249397,-0.009230769230769098,true
2026_04_NYJ_CHI,00-0039451,Isaiah Williams,NYJ,CHI,receptions,fanduel,2.5,2.689819865409444,2.71083430276239,-3.5,"",0.71,1.54,Over,-130,0.53,0.5281576830249397,-0.06230769230769223,false
2026_04_NYJ_CHI,00-0039451,Isaiah Williams,NYJ,CHI,receptions,fanduel,2.5,2.689819865409444,2.71083430276239,-3.5,"",0.71,1.54,Under,-102,0.47,0.4718423169750603,-0.06921568627450986,false
2026_04_NYJ_CHI,00-0037740,Garrett Wilson,NYJ,CHI,receptions,fanduel,6.5,5.025526966512382,5.757722763261328,-3.5,"",0.71,1.54,Over,-102,0.3175,0.4718423169750603,-0.3712254901960784,false
2026_04_NYJ_CHI,00-0037740,Garrett Wilson,NYJ,CHI,receptions,fanduel,6.5,5.025526966512382,5.757722763261328,-3.5,"",0.71,1.54,Under,-130,0.6825,0.5281576830249397,0.20750000000000002,false
2026_04_JAX_CIN,00-0034829,Mike Gesicki,CIN,JAX,receptions,fanduel,2.5,2.5316771742529802,3.0697486972718977,2.5,"",0.0,0.0,Over,-130,0.4775,0.5281576830249397,-0.15519230769230763,false
2026_04_JAX_CIN,00-0034829,Mike Gesicki,CIN,JAX,receptions,fanduel,2.5,2.5316771742529802,3.0697486972718977,2.5,"",0.0,0.0,Under,-102,0.5225,0.4718423169750603,0.034754901960784235,false
2026_04_DAL_HOU,00-0036358,CeeDee Lamb,DAL,HOU,receptions,fanduel,5.5,4.986314951108594,5.86035014077109,-3.0,"",0.0,0.62,Over,-130,0.4475,0.5281576830249397,-0.20826923076923076,false
2026_04_DAL_HOU,00-0036358,CeeDee Lamb,DAL,HOU,receptions,fanduel,5.5,4.986314951108594,5.86035014077109,-3.0,"",0.0,0.62,Under,-102,0.5525,0.4718423169750603,0.09416666666666662,false
2026_04_DAL_HOU,00-0036997,Javonte Williams,DAL,HOU,receptions,fanduel,2.5,2.0815727577658114,2.234898620609866,-3.0,"",0.0,0.62,Over,-130,0.4075,0.5281576830249397,-0.27903846153846157,false
2026_04_DAL_HOU,00-0036997,Javonte Williams,DAL,HOU,receptions,fanduel,2.5,2.0815727577658114,2.234898620609866,-3.0,"",0.0,0.62,Under,-102,0.5925,0.4718423169750603,0.17338235294117654,false
2026_04_MIA_MIN,00-0035229,T.J. Hockenson,MIN,MIA,receptions,fanduel,4.5,3.10969564973806,3.0921285410977917,10.0,"",0.0,0.56,Over,-102,0.275,0.4718423169750603,-0.4553921568627451,true
2026_04_MIA_MIN,00-0035229,T.J. Hockenson,MIN,MIA,receptions,fanduel,4.5,3.10969564973806,3.0921285410977917,10.0,"",0.0,0.56,Under,-130,0.725,0.5281576830249397,0.2826923076923077,true
2026_04_KC_LV,00-0039067,Rashee Rice,KC,LV,receptions,fanduel,4.5,4.856604893591027,5.658939819122861,4.5,"",0.0,0.0,Over,-130,0.5775,0.5281576830249397,0.021730769230769276,false
2026_04_KC_LV,00-0039067,Rashee Rice,KC,LV,receptions,fanduel,4.5,4.856604893591027,5.658939819122861,4.5,"",0.0,0.0,Under,-102,0.4225,0.4718423169750603,-0.16328431372549024,false
2026_04_DET_CAR,00-0037240,Jameson Williams,DET,CAR,receptions,fanduel,3.5,3.9757914127496297,4.040694700697304,3.5,"",0.0,0.0,Over,-102,0.5425,0.4718423169750603,0.0743627450980392,false
2026_04_DET_CAR,00-0037240,Jameson Williams,DET,CAR,receptions,fanduel,3.5,3.9757914127496297,4.040694700697304,3.5,"",0.0,0.0,Under,-130,0.4575,0.5281576830249397,-0.19057692307692303,false
2026_04_DET_CAR,00-0039139,Jahmyr Gibbs,DET,CAR,receptions,fanduel,4.5,4.7157675743312115,5.26133335943654,3.5,"",0.0,0.0,Over,-130,0.5575,0.5281576830249397,-0.013653846153846128,false
2026_04_DET_CAR,00-0039139,Jahmyr Gibbs,DET,CAR,receptions,fanduel,4.5,4.7157675743312115,5.26133335943654,3.5,"",0.0,0.0,Under,-102,0.4425,0.4718423169750603,-0.12367647058823528,false
2026_04_NYJ_CHI,00-0040126,Colston Loveland,CHI,NYJ,receptions,draftkings,3.5,3.7872949176285946,3.81547652034449,3.5,"",0.0,0.0,Over,100,0.5825,0.47193347193347185,0.16500000000000004,false
2026_04_NYJ_CHI,00-0040126,Colston Loveland,CHI,NYJ,receptions,draftkings,3.5,3.7872949176285946,3.81547652034449,3.5,"",0.0,0.0,Under,-127,0.4175,0.5280665280665282,-0.25375984251968503,false
2026_04_DAL_HOU,00-0036997,Javonte Williams,DAL,HOU,receptions,draftkings,2.5,2.0815727577658114,2.234898620609866,-3.0,"",0.0,0.62,Over,-127,0.4075,0.528066528066528,-0.2716338582677166,false
2026_04_DAL_HOU,00-0036997,Javonte Williams,DAL,HOU,receptions,draftkings,2.5,2.0815727577658114,2.234898620609866,-3.0,"",0.0,0.62,Under,100,0.5925,0.471933471933472,0.18500000000000005,false
2026_04_GB_TB,00-0039361,Bucky Irving,TB,GB,receptions,draftkings,2.5,2.9625126613177475,3.1554495946001406,-3.0,"",0.0,0.0,Over,-127,0.55,0.528066528066528,-0.01692913385826761,true
2026_04_GB_TB,00-0039361,Bucky Irving,TB,GB,receptions,draftkings,2.5,2.9625126613177475,3.1554495946001406,-3.0,"",0.0,0.0,Under,100,0.44999999999999996,0.471933471933472,-0.10000000000000009,true
2026_04_NYJ_CHI,00-0037740,Garrett Wilson,NYJ,CHI,receptions,draftkings,6.5,5.025526966512382,5.757722763261328,-3.5,"",0.71,1.54,Over,101,0.3175,0.4698318496538082,-0.361825,false
2026_04_NYJ_CHI,00-0037740,Garrett Wilson,NYJ,CHI,receptions,draftkings,6.5,5.025526966512382,5.757722763261328,-3.5,"",0.71,1.54,Under,-128,0.6825,0.5301681503461918,0.215703125,false
2026_04_TEN_BAL,00-0041438,Carnell Tate,TEN,BAL,receptions,draftkings,4.5,3.7340574227431627,4.4549066446877434,-11.5,"",0.0,0.0,Over,101,0.395,0.46898359581396304,-0.20604999999999996,false
2026_04_TEN_BAL,00-0041438,Carnell Tate,TEN,BAL,receptions,draftkings,4.5,3.7340574227431627,4.4549066446877434,-11.5,"",0.0,0.0,Under,-129,0.605,0.531016404186037,0.07399224806201549,false
2026_04_TEN_BAL,00-0040584,Gunnar Helm,TEN,BAL,receptions,betonlineag,2.5,2.700535281994263,2.6792522663159164,-11.5,"",0.0,0.0,Over,-130,0.5325,0.5306122448979592,-0.05788461538461542,false
2026_04_TEN_BAL,00-0040584,Gunnar Helm,TEN,BAL,receptions,betonlineag,2.5,2.700535281994263,2.6792522663159164,-11.5,"",0.0,0.0,Under,100,0.4675,0.4693877551020408,-0.06499999999999995,false
2026_04_TEN_BAL,00-0041438,Carnell Tate,TEN,BAL,receptions,bovada,4.5,3.7340574227431627,4.4549066446877434,-11.5,"",0.0,0.0,Over,100,0.395,0.4693877551020408,-0.20999999999999996,false
2026_04_TEN_BAL,00-0041438,Carnell Tate,TEN,BAL,receptions,bovada,4.5,3.7340574227431627,4.4549066446877434,-11.5,"",0.0,0.0,Under,-130,0.605,0.5306122448979592,0.07038461538461538,false
2026_04_NYJ_CHI,00-0037740,Garrett Wilson,NYJ,CHI,receptions,betonlineag,6.5,5.025526966512382,5.757722763261328,-3.5,"",0.71,1.54,Over,100,0.3175,0.4693877551020408,-0.365,false
2026_04_NYJ_CHI,00-0037740,Garrett Wilson,NYJ,CHI,receptions,betonlineag,6.5,5.025526966512382,5.757722763261328,-3.5,"",0.71,1.54,Under,-130,0.6825,0.5306122448979592,0.20750000000000002,false
2026_04_NYJ_CHI,00-0040126,Colston Loveland,CHI,NYJ,receptions,bovada,3.5,3.7872949176285946,3.81547652034449,3.5,"",0.0,0.0,Over,100,0.5825,0.4693877551020408,0.16500000000000004,false
2026_04_NYJ_CHI,00-0040126,Colston Loveland,CHI,NYJ,receptions,bovada,3.5,3.7872949176285946,3.81547652034449,3.5,"",0.0,0.0,Under,-130,0.4175,0.5306122448979592,-0.26134615384615384,false
2026_04_NYJ_CHI,00-0037740,Garrett Wilson,NYJ,CHI,receptions,bovada,6.5,5.025526966512382,5.757722763261328,-3.5,"",0.71,1.54,Over,100,0.3175,0.4693877551020408,-0.365,false
2026_04_NYJ_CHI,00-0037740,Garrett Wilson,NYJ,CHI,receptions,bovada,6.5,5.025526966512382,5.757722763261328,-3.5,"",0.71,1.54,Under,-130,0.6825,0.5306122448979592,0.20750000000000002,false
2026_04_JAX_CIN,00-0038606,Parker Washington,JAX,CIN,receptions,draftkings,5.5,4.001291931787993,4.820748580025425,-2.5,"",0.0,0.28,Over,101,0.2925,0.46898359581396304,-0.412075,false
2026_04_JAX_CIN,00-0038606,Parker Washington,JAX,CIN,receptions,draftkings,5.5,4.001291931787993,4.820748580025425,-2.5,"",0.0,0.28,Under,-129,0.7075,0.531016404186037,0.2559496124031009,false
2026_04_JAX_CIN,00-0038606,Parker Washington,JAX,CIN,receptions,bovada,5.5,4.001291931787993,4.820748580025425,-2.5,"",0.0,0.28,Over,100,0.2925,0.4693877551020408,-0.41500000000000004,false
2026_04_JAX_CIN,00-0038606,Parker Washington,JAX,CIN,receptions,bovada,5.5,4.001291931787993,4.820748580025425,-2.5,"",0.0,0.28,Under,-130,0.7075,0.5306122448979592,0.2517307692307693,false
2026_04_DAL_HOU,00-0039410,Ryan Flournoy,DAL,HOU,receptions,betonlineag,3.5,2.928388637573916,3.1266854784737825,-3.0,"",0.0,0.62,Over,100,0.325,0.4693877551020408,-0.35000000000000003,false
2026_04_DAL_HOU,00-0039410,Ryan Flournoy,DAL,HOU,receptions,betonlineag,3.5,2.928388637573916,3.1266854784737825,-3.0,"",0.0,0.62,Under,-130,0.675,0.5306122448979592,0.19423076923076932,false
2026_04_DAL_HOU,00-0034383,Dalton Schultz,HOU,DAL,receptions,betonlineag,4.5,3.68190490924843,4.9111445635935125,3.0,ltd,0.0,0.67,Over,100,0.4,0.4693877551020408,-0.19999999999999996,false
2026_04_DAL_HOU,00-0034383,Dalton Schultz,HOU,DAL,receptions,betonlineag,4.5,3.68190490924843,4.9111445635935125,3.0,ltd,0.0,0.67,Under,-130,0.6,0.5306122448979592,0.06153846153846154,false
2026_04_DAL_HOU,00-0036997,Javonte Williams,DAL,HOU,receptions,bovada,2.5,2.0815727577658114,2.234898620609866,-3.0,"",0.0,0.62,Over,-130,0.4075,0.5306122448979592,-0.27903846153846157,false
2026_04_DAL_HOU,00-0036997,Javonte Williams,DAL,HOU,receptions,bovada,2.5,2.0815727577658114,2.234898620609866,-3.0,"",0.0,0.62,Under,100,0.5925,0.4693877551020408,0.18500000000000005,false
2026_04_GB_TB,00-0040667,Matthew Golden,GB,TB,receptions,draftkings,4.5,3.0159128398598156,3.2403826011536463,3.0,"",0.0,0.67,Over,-129,0.2625,0.5310164041860369,-0.5340116279069768,true
2026_04_GB_TB,00-0040667,Matthew Golden,GB,TB,receptions,draftkings,4.5,3.0159128398598156,3.2403826011536463,3.0,"",0.0,0.67,Under,101,0.7375,0.4689835958139631,0.4823750000000001,true
2026_04_GB_TB,00-0039361,Bucky Irving,TB,GB,receptions,bovada,2.5,2.9625126613177475,3.1554495946001406,-3.0,"",0.0,0.0,Over,-130,0.55,0.5306122448979592,-0.026923076923076827,true
2026_04_GB_TB,00-0039361,Bucky Irving,TB,GB,receptions,bovada,2.5,2.9625126613177475,3.1554495946001406,-3.0,"",0.0,0.0,Under,100,0.44999999999999996,0.4693877551020408,-0.10000000000000009,true
2026_04_GB_TB,00-0040667,Matthew Golden,GB,TB,receptions,bovada,4.5,3.0159128398598156,3.2403826011536463,3.0,"",0.0,0.67,Over,-130,0.2625,0.5306122448979592,-0.5355769230769231,true
2026_04_GB_TB,00-0040667,Matthew Golden,GB,TB,receptions,bovada,4.5,3.0159128398598156,3.2403826011536463,3.0,"",0.0,0.67,Under,100,0.7375,0.4693877551020408,0.4750000000000001,true
2026_04_LA_PHI,00-0040867,Makai Lemon,PHI,LA,receptions,bovada,3.5,1.9322095934540862,2.339956546029059,-3.5,"",1.48,0.76,Over,-130,0.1925,0.5306122448979592,-0.6594230769230769,true
2026_04_LA_PHI,00-0040867,Makai Lemon,PHI,LA,receptions,bovada,3.5,1.9322095934540862,2.339956546029059,-3.5,"",1.48,0.76,Under,100,0.8075,0.4693877551020408,0.615,true
2026_04_MIA_MIN,00-0036259,Jauan Jennings,MIN,MIA,receptions,betonlineag,2.5,2.221617903824747,2.4169048918928486,10.0,"",0.7,0.56,Over,100,0.385,0.4693877551020408,-0.22999999999999998,false
2026_04_MIA_MIN,00-0036259,Jauan Jennings,MIN,MIA,receptions,betonlineag,2.5,2.221617903824747,2.4169048918928486,10.0,"",0.7,0.56,Under,-130,0.615,0.5306122448979592,0.08807692307692311,false
2026_04_DET_CAR,00-0031610,Darren Waller,CAR,DET,receptions,betonlineag,3.5,2.695283424188542,3.1773556842111,-3.5,"",0.0,0.0,Over,100,0.3325,0.4693877551020408,-0.33499999999999996,false
2026_04_DET_CAR,00-0031610,Darren Waller,CAR,DET,receptions,betonlineag,3.5,2.695283424188542,3.1773556842111,-3.5,"",0.0,0.0,Under,-130,0.6675,0.5306122448979592,0.1809615384615385,false
2026_04_ARI_NYG,00-0036309,Darnell Mooney,NYG,ARI,receptions,fanduel,1.5,1.9850614690494537,2.191565600615354,-2.5,"",0.0,0.59,Over,-132,0.585,0.532258064516129,0.02818181818181814,false
2026_04_ARI_NYG,00-0036309,Darnell Mooney,NYG,ARI,receptions,fanduel,1.5,1.9850614690494537,2.191565600615354,-2.5,"",0.0,0.59,Under,100,0.41500000000000004,0.467741935483871,-0.16999999999999993,false
2026_04_DAL_HOU,00-0038041,Jake Ferguson,DAL,HOU,receptions,fanduel,3.5,2.979769580269636,3.1888223184794438,-3.0,"",0.0,0.62,Over,100,0.365,0.4677419354838709,-0.27,false
2026_04_DAL_HOU,00-0038041,Jake Ferguson,DAL,HOU,receptions,fanduel,3.5,2.979769580269636,3.1888223184794438,-3.0,"",0.0,0.62,Under,-132,0.635,0.5322580645161291,0.11606060606060609,false
2026_04_MIA_MIN,00-0036259,Jauan Jennings,MIN,MIA,receptions,fanduel,2.5,2.221617903824747,2.4169048918928486,10.0,"",0.7,0.56,Over,100,0.385,0.4677419354838709,-0.22999999999999998,false
2026_04_MIA_MIN,00-0036259,Jauan Jennings,MIN,MIA,receptions,fanduel,2.5,2.221617903824747,2.4169048918928486,10.0,"",0.7,0.56,Under,-132,0.615,0.5322580645161291,0.08090909090909087,false
2026_04_DAL_HOU,00-0036554,Nico Collins,HOU,DAL,receptions,betonlineag,5.5,4.137204328064814,4.657557680512696,3.0,"",0.0,0.67,Over,102,0.28,0.46526552222043954,-0.43439999999999995,false
2026_04_DAL_HOU,00-0036554,Nico Collins,HOU,DAL,receptions,betonlineag,5.5,4.137204328064814,4.657557680512696,3.0,"",0.0,0.67,Under,-132,0.72,0.5347344777795604,0.2654545454545454,false
2026_04_DET_CAR,00-0039139,Jahmyr Gibbs,DET,CAR,receptions,draftkings,4.5,4.7157675743312115,5.26133335943654,3.5,"",0.0,0.0,Over,-131,0.5575,0.5351457951824201,-0.016927480916030524,false
2026_04_DET_CAR,00-0039139,Jahmyr Gibbs,DET,CAR,receptions,draftkings,4.5,4.7157675743312115,5.26133335943654,3.5,"",0.0,0.0,Under,103,0.4425,0.4648542048175799,-0.10172499999999995,false
2026_04_TEN_BAL,00-0040584,Gunnar Helm,TEN,BAL,receptions,betmgm,2.5,2.700535281994263,2.6792522663159164,-11.5,"",0.0,0.0,Over,-135,0.5325,0.5346534653465347,-0.07305555555555565,false
2026_04_TEN_BAL,00-0040584,Gunnar Helm,TEN,BAL,receptions,betmgm,2.5,2.700535281994263,2.6792522663159164,-11.5,"",0.0,0.0,Under,100,0.4675,0.4653465346534653,-0.06499999999999995,false
2026_04_NYJ_CHI,00-0039919,Rome Odunze,CHI,NYJ,receptions,betmgm,2.5,2.9419229098292106,2.7760412340568243,3.5,"",0.0,0.0,Over,-135,0.5475,0.5346534653465347,-0.04694444444444451,false
2026_04_NYJ_CHI,00-0039919,Rome Odunze,CHI,NYJ,receptions,betmgm,2.5,2.9419229098292106,2.7760412340568243,3.5,"",0.0,0.0,Under,100,0.4525,0.4653465346534653,-0.09499999999999997,false
2026_04_JAX_CIN,00-0038606,Parker Washington,JAX,CIN,receptions,betmgm,5.5,4.001291931787993,4.820748580025425,-2.5,"",0.0,0.28,Over,100,0.2925,0.4653465346534653,-0.41500000000000004,false
2026_04_JAX_CIN,00-0038606,Parker Washington,JAX,CIN,receptions,betmgm,5.5,4.001291931787993,4.820748580025425,-2.5,"",0.0,0.28,Under,-135,0.7075,0.5346534653465347,0.23157407407407404,false
2026_04_JAX_CIN,00-0038597,Chase Brown,CIN,JAX,rush_yds,betmgm,63.5,60.036386985256165,67.70413153460086,2.5,"",0.0,0.0,Over,100,0.455,0.4653465346534653,-0.08999999999999991,false
2026_04_JAX_CIN,00-0038597,Chase Brown,CIN,JAX,rush_yds,betmgm,63.5,60.036386985256165,67.70413153460086,2.5,"",0.0,0.0,Under,-135,0.5449999999999999,0.5346534653465347,-0.05129629629629645,false
2026_04_DAL_HOU,00-0036997,Javonte Williams,DAL,HOU,rush_yds,betmgm,55.5,48.99246958216685,63.10121265594864,-3.0,"",0.0,0.94,Over,-135,0.5,0.5346534653465347,-0.12962962962962965,false
2026_04_DAL_HOU,00-0036997,Javonte Williams,DAL,HOU,rush_yds,betmgm,55.5,48.99246958216685,63.10121265594864,-3.0,"",0.0,0.94,Under,100,0.5,0.4653465346534653,0.0,false
2026_04_KC_LV,00-0040122,Ashton Jeanty,LV,KC,receptions,betmgm,3.5,3.0327059882631877,3.63259260076211,-4.5,"",0.0,0.0,Over,100,0.37,0.4653465346534653,-0.26,false
2026_04_KC_LV,00-0040122,Ashton Jeanty,LV,KC,receptions,betmgm,3.5,3.0327059882631877,3.63259260076211,-4.5,"",0.0,0.0,Under,-135,0.63,0.5346534653465347,0.09666666666666662,false
2026_04_DET_CAR,00-0033106,Jared Goff,DET,CAR,pass_yds,betmgm,258.5,261.14302535623415,280.7758016256247,3.5,"",0.0,0.0,Over,100,0.4575,0.4653465346534653,-0.08499999999999996,false
2026_04_DET_CAR,00-0033106,Jared Goff,DET,CAR,pass_yds,betmgm,258.5,261.14302535623415,280.7758016256247,3.5,"",0.0,0.0,Under,-135,0.5425,0.5346534653465347,-0.055648148148148224,false
2026_04_TEN_BAL,00-0041438,Carnell Tate,TEN,BAL,receptions,betonlineag,4.5,3.7340574227431627,4.4549066446877434,-11.5,"",0.0,0.0,Over,103,0.395,0.46322988528598974,-0.19814999999999994,false
2026_04_TEN_BAL,00-0041438,Carnell Tate,TEN,BAL,receptions,betonlineag,4.5,3.7340574227431627,4.4549066446877434,-11.5,"",0.0,0.0,Under,-133,0.605,0.5367701147140103,0.05988721804511271,false
2026_04_NYJ_CHI,00-0040735,Luther Burden III,CHI,NYJ,receptions,betonlineag,4.5,3.9313340932215315,4.313266988468137,3.5,"",0.0,0.0,Over,103,0.3725,0.46322988528598974,-0.24382499999999996,false
2026_04_NYJ_CHI,00-0040735,Luther Burden III,CHI,NYJ,receptions,betonlineag,4.5,3.9313340932215315,4.313266988468137,3.5,"",0.0,0.0,Under,-133,0.6275,0.5367701147140103,0.0993045112781954,false
2026_04_MIA_MIN,00-0039880,Malik Washington,MIA,MIN,receptions,draftkings,4.5,2.9776140000821716,3.0979191891539855,-10.0,"",0.88,0.01,Over,104,0.2225,0.46281519310564956,-0.5460999999999999,true
2026_04_MIA_MIN,00-0039880,Malik Washington,MIA,MIN,receptions,draftkings,4.5,2.9776140000821716,3.0979191891539855,-10.0,"",0.88,0.01,Under,-132,0.7775,0.5371848068943504,0.36651515151515146,true
2026_04_KC_LV,00-0030506,Travis Kelce,KC,LV,receptions,betonlineag,4.5,3.9995479279514354,4.357890154162346,4.5,"",0.0,0.0,Over,103,0.395,0.46322988528598974,-0.19814999999999994,false
2026_04_KC_LV,00-0030506,Travis Kelce,KC,LV,receptions,betonlineag,4.5,3.9995479279514354,4.357890154162346,4.5,"",0.0,0.0,Under,-133,0.605,0.5367701147140103,0.05988721804511271,false
2026_04_KC_LV,00-0039066,Michael Mayer,LV,KC,receptions,betonlineag,2.5,2.756297636901301,3.304893360000662,-4.5,"",0.0,0.0,Over,-133,0.515,0.5367701147140101,-0.09778195488721803,false
2026_04_KC_LV,00-0039066,Michael Mayer,LV,KC,receptions,betonlineag,2.5,2.756297636901301,3.304893360000662,-4.5,"",0.0,0.0,Under,103,0.485,0.46322988528598985,-0.01545000000000002,false
2026_04_DET_CAR,00-0037240,Jameson Williams,DET,CAR,receptions,draftkings,3.5,3.9757914127496297,4.040694700697304,3.5,"",0.0,0.0,Over,104,0.5425,0.46281519310564956,0.10670000000000002,false
2026_04_DET_CAR,00-0037240,Jameson Williams,DET,CAR,receptions,draftkings,3.5,3.9757914127496297,4.040694700697304,3.5,"",0.0,0.0,Under,-132,0.4575,0.5371848068943504,-0.19590909090909087,false
2026_04_MIA_MIN,00-0038994,Jordan Addison,MIN,MIA,receptions,draftkings,4.5,2.8583126426642105,2.458080445251098,10.0,"",0.7,0.56,Over,104,0.15,0.4620082487309644,-0.694,true
2026_04_MIA_MIN,00-0038994,Jordan Addison,MIN,MIA,receptions,draftkings,4.5,2.8583126426642105,2.458080445251098,10.0,"",0.7,0.56,Under,-133,0.85,0.5379917512690355,0.48909774436090214,true
2026_04_MIA_MIN,00-0036259,Jauan Jennings,MIN,MIA,receptions,draftkings,2.5,2.221617903824747,2.4169048918928486,10.0,"",0.7,0.56,Over,104,0.385,0.4620082487309644,-0.21459999999999996,false
2026_04_MIA_MIN,00-0036259,Jauan Jennings,MIN,MIA,receptions,draftkings,2.5,2.221617903824747,2.4169048918928486,10.0,"",0.7,0.56,Under,-133,0.615,0.5379917512690355,0.07740601503759392,false
2026_04_TEN_BAL,00-0041438,Carnell Tate,TEN,BAL,receptions,fanduel,4.5,3.7340574227431627,4.4549066446877434,-11.5,"",0.0,0.0,Over,102,0.395,0.46209273182957394,-0.20209999999999995,false
2026_04_TEN_BAL,00-0041438,Carnell Tate,TEN,BAL,receptions,fanduel,4.5,3.7340574227431627,4.4549066446877434,-11.5,"",0.0,0.0,Under,-136,0.605,0.537907268170426,0.0498529411764706,false
2026_04_NYJ_CHI,00-0040126,Colston Loveland,CHI,NYJ,receptions,fanduel,3.5,3.7872949176285946,3.81547652034449,3.5,"",0.0,0.0,Over,102,0.5825,0.46209273182957394,0.17665000000000008,false
2026_04_NYJ_CHI,00-0040126,Colston Loveland,CHI,NYJ,receptions,fanduel,3.5,3.7872949176285946,3.81547652034449,3.5,"",0.0,0.0,Under,-136,0.4175,0.537907268170426,-0.27551470588235294,false
2026_04_JAX_CIN,00-0038935,Brenton Strange,JAX,CIN,receptions,fanduel,3.5,3.024139421776412,3.0352278859222883,-2.5,"",0.0,0.28,Over,102,0.38,0.46209273182957394,-0.2324,false
2026_04_JAX_CIN,00-0038935,Brenton Strange,JAX,CIN,receptions,fanduel,3.5,3.024139421776412,3.0352278859222883,-2.5,"",0.0,0.28,Under,-136,0.62,0.537907268170426,0.07588235294117651,false
2026_04_DAL_HOU,00-0036554,Nico Collins,HOU,DAL,receptions,fanduel,5.5,4.137204328064814,4.657557680512696,3.0,"",0.0,0.67,Over,102,0.28,0.46209273182957394,-0.43439999999999995,false
2026_04_DAL_HOU,00-0036554,Nico Collins,HOU,DAL,receptions,fanduel,5.5,4.137204328064814,4.657557680512696,3.0,"",0.0,0.67,Under,-136,0.72,0.537907268170426,0.24941176470588233,false
2026_04_DAL_HOU,00-0039410,Ryan Flournoy,DAL,HOU,receptions,fanduel,3.5,2.928388637573916,3.1266854784737825,-3.0,"",0.0,0.62,Over,102,0.325,0.46209273182957394,-0.3435,false
2026_04_DAL_HOU,00-0039410,Ryan Flournoy,DAL,HOU,receptions,fanduel,3.5,2.928388637573916,3.1266854784737825,-3.0,"",0.0,0.62,Under,-136,0.675,0.537907268170426,0.17132352941176482,false
2026_04_LA_PHI,00-0031381,Davante Adams,LA,PHI,receptions,fanduel,4.5,4.314415094897692,4.931352216647879,3.5,"",0.0,0.72,Over,102,0.5175,0.46209273182957394,0.04534999999999989,false
2026_04_LA_PHI,00-0031381,Davante Adams,LA,PHI,receptions,fanduel,4.5,4.314415094897692,4.931352216647879,3.5,"",0.0,0.72,Under,-136,0.48250000000000004,0.537907268170426,-0.162720588235294,false
2026_04_MIA_MIN,00-0038994,Jordan Addison,MIN,MIA,receptions,fanduel,4.5,2.8583126426642105,2.458080445251098,10.0,"",0.7,0.56,Over,102,0.15,0.46209273182957394,-0.697,true
2026_04_MIA_MIN,00-0038994,Jordan Addison,MIN,MIA,receptions,fanduel,4.5,2.8583126426642105,2.458080445251098,10.0,"",0.7,0.56,Under,-136,0.85,0.537907268170426,0.475,true
2026_04_MIA_MIN,00-0039880,Malik Washington,MIA,MIN,receptions,fanduel,4.5,2.9776140000821716,3.0979191891539855,-10.0,"",0.88,0.01,Over,102,0.2225,0.46209273182957394,-0.55055,true
2026_04_MIA_MIN,00-0039880,Malik Washington,MIA,MIN,receptions,fanduel,4.5,2.9776140000821716,3.0979191891539855,-10.0,"",0.88,0.01,Under,-136,0.7775,0.537907268170426,0.34919117647058817,true
2026_04_DEN_SF,00-0040730,RJ Harvey,DEN,SF,receptions,fanduel,3.5,2.595630558885465,3.897730997728658,-3.0,"",0.0,0.0,Over,102,0.32,0.46209273182957394,-0.3535999999999999,true
2026_04_DEN_SF,00-0040730,RJ Harvey,DEN,SF,receptions,fanduel,3.5,2.595630558885465,3.897730997728658,-3.0,"",0.0,0.0,Under,-136,0.6799999999999999,0.537907268170426,0.17999999999999994,true
2026_04_DET_CAR,00-0031610,Darren Waller,CAR,DET,receptions,fanduel,3.5,2.695283424188542,3.1773556842111,-3.5,"",0.0,0.0,Over,102,0.3325,0.46209273182957394,-0.32835,false
2026_04_DET_CAR,00-0031610,Darren Waller,CAR,DET,receptions,fanduel,3.5,2.695283424188542,3.1773556842111,-3.5,"",0.0,0.0,Under,-136,0.6675,0.537907268170426,0.15830882352941178,false
2026_04_ATL_NO,00-0037238,Drake London,ATL,NO,receptions,fanduel,5.5,4.680043631845303,5.212233473614841,-1.5,"",0.0,0.0,Over,-136,0.37,0.5379072681704261,-0.3579411764705882,false
2026_04_ATL_NO,00-0037238,Drake London,ATL,NO,receptions,fanduel,5.5,4.680043631845303,5.212233473614841,-1.5,"",0.0,0.0,Under,102,0.63,0.4620927318295739,0.27260000000000006,false
2026_04_TEN_BAL,00-0040584,Gunnar Helm,TEN,BAL,receptions,draftkings,2.5,2.700535281994263,2.6792522663159164,-11.5,"",0.0,0.0,Over,-134,0.5325,0.5400039315903282,-0.07011194029850748,false
2026_04_TEN_BAL,00-0040584,Gunnar Helm,TEN,BAL,receptions,draftkings,2.5,2.700535281994263,2.6792522663159164,-11.5,"",0.0,0.0,Under,105,0.4675,0.4599960684096718,-0.04162499999999991,false
2026_04_GB_TB,00-0033921,Chris Godwin,TB,GB,receptions,draftkings,2.5,2.9896193536600566,3.935430088160969,-3.0,"",0.0,0.0,Over,-134,0.57,0.5400039315903282,-0.004626865671641833,true
2026_04_GB_TB,00-0033921,Chris Godwin,TB,GB,receptions,draftkings,2.5,2.9896193536600566,3.935430088160969,-3.0,"",0.0,0.0,Under,105,0.43000000000000005,0.4599960684096718,-0.11849999999999988,true
2026_04_KC_LV,00-0039067,Rashee Rice,KC,LV,receptions,betonlineag,4.5,4.856604893591027,5.658939819122861,4.5,"",0.0,0.0,Over,-135,0.5775,0.539576802507837,0.00527777777777777,false
2026_04_KC_LV,00-0039067,Rashee Rice,KC,LV,receptions,betonlineag,4.5,4.856604893591027,5.658939819122861,4.5,"",0.0,0.0,Under,104,0.4225,0.460423197492163,-0.1381,false
2026_04_TEN_BAL,00-0040584,Gunnar Helm,TEN,BAL,receptions,bovada,2.5,2.700535281994263,2.6792522663159164,-11.5,"",0.0,0.0,Over,-135,0.5325,0.5407914020517831,-0.07305555555555565,false
2026_04_TEN_BAL,00-0040584,Gunnar Helm,TEN,BAL,receptions,bovada,2.5,2.700535281994263,2.6792522663159164,-11.5,"",0.0,0.0,Under,105,0.4675,0.4592085979482169,-0.04162499999999991,false
2026_04_NE_BUF,00-0039901,Keon Coleman,BUF,NE,receptions,bovada,1.5,1.501301788505488,2.307882313352912,7.0,ltd,0.0,0.95,Over,105,0.44,0.45920859794821695,-0.09800000000000003,true
2026_04_NE_BUF,00-0039901,Keon Coleman,BUF,NE,receptions,bovada,1.5,1.501301788505488,2.307882313352912,7.0,ltd,0.0,0.95,Under,-135,0.56,0.540791402051783,-0.02518518518518509,true
2026_04_DAL_HOU,00-0038041,Jake Ferguson,DAL,HOU,receptions,betonlineag,3.5,2.979769580269636,3.1888223184794438,-3.0,"",0.0,0.62,Over,105,0.365,0.45920859794821695,-0.25175000000000003,false
2026_04_DAL_HOU,00-0038041,Jake Ferguson,DAL,HOU,receptions,betonlineag,3.5,2.979769580269636,3.1888223184794438,-3.0,"",0.0,0.62,Under,-135,0.635,0.540791402051783,0.10537037037037034,false
2026_04_GB_TB,00-0033921,Chris Godwin,TB,GB,receptions,bovada,2.5,2.9896193536600566,3.935430088160969,-3.0,"",0.0,0.0,Over,-135,0.57,0.5407914020517831,-0.007777777777777883,true
2026_04_GB_TB,00-0033921,Chris Godwin,TB,GB,receptions,bovada,2.5,2.9896193536600566,3.935430088160969,-3.0,"",0.0,0.0,Under,105,0.43000000000000005,0.4592085979482169,-0.11849999999999988,true
2026_04_GB_TB,00-0040129,Emeka Egbuka,TB,GB,receptions,bovada,3.5,3.148863612196999,3.5100213278420425,-3.0,"",0.0,0.0,Over,105,0.4325,0.45920859794821695,-0.113375,false
2026_04_GB_TB,00-0040129,Emeka Egbuka,TB,GB,receptions,bovada,3.5,3.148863612196999,3.5100213278420425,-3.0,"",0.0,0.0,Under,-135,0.5675,0.540791402051783,-0.012129629629629657,false
2026_04_LA_PHI,00-0033110,Tyler Higbee,LA,PHI,receptions,bovada,3.5,2.36198395392513,3.171481017625884,3.5,ltd,0.48,0.72,Over,105,0.2625,0.45920859794821695,-0.46187500000000004,false
2026_04_LA_PHI,00-0033110,Tyler Higbee,LA,PHI,receptions,bovada,3.5,2.36198395392513,3.171481017625884,3.5,ltd,0.48,0.72,Under,-135,0.7375,0.540791402051783,0.2837962962962963,false
2026_04_MIA_MIN,00-0036259,Jauan Jennings,MIN,MIA,receptions,bovada,2.5,2.221617903824747,2.4169048918928486,10.0,"",0.7,0.56,Over,105,0.385,0.45920859794821695,-0.21074999999999994,false
2026_04_MIA_MIN,00-0036259,Jauan Jennings,MIN,MIA,receptions,bovada,2.5,2.221617903824747,2.4169048918928486,10.0,"",0.7,0.56,Under,-135,0.615,0.540791402051783,0.07055555555555554,false
2026_04_MIA_MIN,00-0038994,Jordan Addison,MIN,MIA,receptions,bovada,4.5,2.8583126426642105,2.458080445251098,10.0,"",0.7,0.56,Over,105,0.15,0.45920859794821695,-0.6925,true
2026_04_MIA_MIN,00-0038994,Jordan Addison,MIN,MIA,receptions,bovada,4.5,2.8583126426642105,2.458080445251098,10.0,"",0.7,0.56,Under,-135,0.85,0.540791402051783,0.4796296296296295,true
2026_04_MIA_MIN,00-0039880,Malik Washington,MIA,MIN,receptions,bovada,4.5,2.9776140000821716,3.0979191891539855,-10.0,"",0.88,0.01,Over,105,0.2225,0.45920859794821695,-0.5438749999999999,true
2026_04_MIA_MIN,00-0039880,Malik Washington,MIA,MIN,receptions,bovada,4.5,2.9776140000821716,3.0979191891539855,-10.0,"",0.88,0.01,Under,-135,0.7775,0.540791402051783,0.3534259259259258,true
2026_04_MIA_MIN,00-0035229,T.J. Hockenson,MIN,MIA,receptions,bovada,4.5,3.10969564973806,3.0921285410977917,10.0,"",0.0,0.56,Over,105,0.275,0.45920859794821695,-0.4362499999999999,true
2026_04_MIA_MIN,00-0035229,T.J. Hockenson,MIN,MIA,receptions,bovada,4.5,3.10969564973806,3.0921285410977917,10.0,"",0.0,0.56,Under,-135,0.725,0.540791402051783,0.26203703703703696,true
2026_04_KC_LV,00-0039067,Rashee Rice,KC,LV,receptions,bovada,4.5,4.856604893591027,5.658939819122861,4.5,"",0.0,0.0,Over,-135,0.5775,0.5407914020517831,0.00527777777777777,false
2026_04_KC_LV,00-0039067,Rashee Rice,KC,LV,receptions,bovada,4.5,4.856604893591027,5.658939819122861,4.5,"",0.0,0.0,Under,105,0.4225,0.4592085979482169,-0.13387500000000002,false
2026_04_LAC_SEA,00-0040189,Oronde Gadsden II,LAC,SEA,receptions,betonlineag,2.5,1.744435503151037,2.0856819869551666,-7.0,"",0.48,0.0,Over,-135,0.33,0.5407914020517831,-0.42555555555555546,false
2026_04_LAC_SEA,00-0040189,Oronde Gadsden II,LAC,SEA,receptions,betonlineag,2.5,1.744435503151037,2.0856819869551666,-7.0,"",0.48,0.0,Under,105,0.6699999999999999,0.4592085979482169,0.37349999999999983,false
2026_04_DET_CAR,00-0036963,Amon-Ra St. Brown,DET,CAR,receptions,bovada,7.5,6.33699780136464,7.344074555513237,3.5,"",0.0,0.0,Over,105,0.355,0.45920859794821695,-0.27225000000000005,false
2026_04_DET_CAR,00-0036963,Amon-Ra St. Brown,DET,CAR,receptions,bovada,7.5,6.33699780136464,7.344074555513237,3.5,"",0.0,0.0,Under,-135,0.645,0.540791402051783,0.12277777777777776,false
2026_04_DET_CAR,00-0031610,Darren Waller,CAR,DET,receptions,bovada,3.5,2.695283424188542,3.1773556842111,-3.5,"",0.0,0.0,Over,105,0.3325,0.45920859794821695,-0.31837499999999996,false
2026_04_DET_CAR,00-0031610,Darren Waller,CAR,DET,receptions,bovada,3.5,2.695283424188542,3.1773556842111,-3.5,"",0.0,0.0,Under,-135,0.6675,0.540791402051783,0.1619444444444444,false
2026_04_DET_CAR,00-0039139,Jahmyr Gibbs,DET,CAR,receptions,bovada,4.5,4.7157675743312115,5.26133335943654,3.5,"",0.0,0.0,Over,-135,0.5575,0.5407914020517831,-0.029537037037037084,false
2026_04_DET_CAR,00-0039139,Jahmyr Gibbs,DET,CAR,receptions,bovada,4.5,4.7157675743312115,5.26133335943654,3.5,"",0.0,0.0,Under,105,0.4425,0.4592085979482169,-0.09287499999999999,false
2026_04_DET_CAR,00-0037240,Jameson Williams,DET,CAR,receptions,bovada,3.5,3.9757914127496297,4.040694700697304,3.5,"",0.0,0.0,Over,105,0.5425,0.45920859794821695,0.11212500000000003,false
2026_04_DET_CAR,00-0037240,Jameson Williams,DET,CAR,receptions,bovada,3.5,3.9757914127496297,4.040694700697304,3.5,"",0.0,0.0,Under,-135,0.4575,0.540791402051783,-0.20361111111111108,false
2026_04_ATL_NO,00-0037238,Drake London,ATL,NO,receptions,betonlineag,5.5,4.680043631845303,5.212233473614841,-1.5,"",0.0,0.0,Over,-135,0.37,0.5407914020517831,-0.3559259259259259,false
2026_04_ATL_NO,00-0037238,Drake London,ATL,NO,receptions,betonlineag,5.5,4.680043631845303,5.212233473614841,-1.5,"",0.0,0.0,Under,105,0.63,0.4592085979482169,0.2915000000000001,false
2026_04_ATL_NO,00-0037239,Chris Olave,NO,ATL,receptions,betonlineag,6.5,6.375271679479737,7.4246709818369085,1.5,"",0.0,0.0,Over,-135,0.5125,0.5407914020517831,-0.10787037037037045,false
2026_04_ATL_NO,00-0037239,Chris Olave,NO,ATL,receptions,betonlineag,6.5,6.375271679479737,7.4246709818369085,1.5,"",0.0,0.0,Under,105,0.48750000000000004,0.4592085979482169,-0.0006249999999998757,false
2026_04_ATL_NO,00-0036970,Kyle Pitts,ATL,NO,receptions,bovada,2.5,2.992998613386338,3.433691018544867,-1.5,"",0.0,0.0,Over,-135,0.585,0.5407914020517831,0.018333333333333257,false
2026_04_ATL_NO,00-0036970,Kyle Pitts,ATL,NO,receptions,bovada,2.5,2.992998613386338,3.433691018544867,-1.5,"",0.0,0.0,Under,105,0.41500000000000004,0.4592085979482169,-0.14924999999999988,false
2026_04_NE_BUF,00-0039901,Keon Coleman,BUF,NE,receptions,draftkings,1.5,1.501301788505488,2.307882313352912,7.0,ltd,0.0,0.95,Over,106,0.44,0.45800038978756574,-0.09360000000000002,true
2026_04_NE_BUF,00-0039901,Keon Coleman,BUF,NE,receptions,draftkings,1.5,1.501301788505488,2.307882313352912,7.0,ltd,0.0,0.95,Under,-135,0.56,0.5419996102124343,-0.02518518518518509,true
2026_04_LA_PHI,00-0033110,Tyler Higbee,LA,PHI,receptions,draftkings,3.5,2.36198395392513,3.171481017625884,3.5,ltd,0.48,0.72,Over,106,0.2625,0.45722256664600125,-0.45925,false
2026_04_LA_PHI,00-0033110,Tyler Higbee,LA,PHI,receptions,draftkings,3.5,2.36198395392513,3.171481017625884,3.5,ltd,0.48,0.72,Under,-136,0.7375,0.5427774333539988,0.279779411764706,false
2026_04_MIA_MIN,00-0035229,T.J. Hockenson,MIN,MIA,receptions,draftkings,4.5,3.10969564973806,3.0921285410977917,10.0,"",0.0,0.56,Over,106,0.275,0.45722256664600125,-0.43349999999999994,true
2026_04_MIA_MIN,00-0035229,T.J. Hockenson,MIN,MIA,receptions,draftkings,4.5,3.10969564973806,3.0921285410977917,10.0,"",0.0,0.56,Under,-136,0.725,0.5427774333539988,0.2580882352941176,true
2026_04_DEN_SF,00-0031408,Mike Evans,SF,DEN,receptions,draftkings,3.5,3.93243728561886,4.058868260847549,3.0,Q,0.0,0.0,Over,-136,0.55,0.5427774333539988,-0.04558823529411754,false
2026_04_DEN_SF,00-0031408,Mike Evans,SF,DEN,receptions,draftkings,3.5,3.93243728561886,4.058868260847549,3.0,Q,0.0,0.0,Under,106,0.44999999999999996,0.45722256664600125,-0.07300000000000006,false
2026_04_DEN_SF,00-0033280,Christian McCaffrey,SF,DEN,receptions,fanduel,4.5,4.170026830864897,4.85147537132039,3.0,"",0.0,0.0,Over,-138,0.4425,0.5418848167539266,-0.23684782608695654,false
2026_04_DEN_SF,00-0033280,Christian McCaffrey,SF,DEN,receptions,fanduel,4.5,4.170026830864897,4.85147537132039,3.0,"",0.0,0.0,Under,104,0.5575,0.45811518324607337,0.13729999999999998,false
2026_04_DEN_SF,00-0031408,Mike Evans,SF,DEN,receptions,fanduel,3.5,3.93243728561886,4.058868260847549,3.0,Q,0.0,0.0,Over,-138,0.55,0.5418848167539266,-0.05144927536231875,false
2026_04_DEN_SF,00-0031408,Mike Evans,SF,DEN,receptions,fanduel,3.5,3.93243728561886,4.058868260847549,3.0,Q,0.0,0.0,Under,104,0.44999999999999996,0.45811518324607337,-0.08200000000000007,false
2026_04_JAX_CIN,00-0034960,Jakobi Meyers,JAX,CIN,receptions,betonlineag,3.5,3.254984871717092,3.9859374409579513,-2.5,"",0.0,0.28,Over,-137,0.455,0.5435460883633142,-0.21288321167883206,false
2026_04_JAX_CIN,00-0034960,Jakobi Meyers,JAX,CIN,receptions,betonlineag,3.5,3.254984871717092,3.9859374409579513,-2.5,"",0.0,0.28,Under,106,0.5449999999999999,0.4564539116366858,0.12269999999999992,false
2026_04_GB_TB,00-0040129,Emeka Egbuka,TB,GB,receptions,draftkings,3.5,3.148863612196999,3.5100213278420425,-3.0,"",0.0,0.0,Over,107,0.4325,0.456021023342093,-0.10472499999999996,false
2026_04_GB_TB,00-0040129,Emeka Egbuka,TB,GB,receptions,draftkings,3.5,3.148863612196999,3.5100213278420425,-3.0,"",0.0,0.0,Under,-136,0.5675,0.5439789766579071,-0.015220588235294097,false
2026_04_KC_LV,00-0039067,Rashee Rice,KC,LV,receptions,draftkings,4.5,4.856604893591027,5.658939819122861,4.5,"",0.0,0.0,Over,-136,0.5775,0.543978976657907,0.0021323529411765296,false
2026_04_KC_LV,00-0039067,Rashee Rice,KC,LV,receptions,draftkings,4.5,4.856604893591027,5.658939819122861,4.5,"",0.0,0.0,Under,107,0.4225,0.45602102334209305,-0.125425,false
2026_04_DET_CAR,00-0036963,Amon-Ra St. Brown,DET,CAR,receptions,draftkings,7.5,6.33699780136464,7.344074555513237,3.5,"",0.0,0.0,Over,107,0.355,0.456021023342093,-0.26515,false
2026_04_DET_CAR,00-0036963,Amon-Ra St. Brown,DET,CAR,receptions,draftkings,7.5,6.33699780136464,7.344074555513237,3.5,"",0.0,0.0,Under,-136,0.645,0.5439789766579071,0.119264705882353,false
2026_04_NE_BUF,00-0038621,DeMario Douglas,NE,BUF,receptions,draftkings,2.5,1.6825902153949388,2.0637222864090665,-7.0,"",0.0,0.0,Over,-137,0.28,0.5447473059413358,-0.5156204379562044,false
2026_04_NE_BUF,00-0038621,DeMario Douglas,NE,BUF,receptions,draftkings,2.5,1.6825902153949388,2.0637222864090665,-7.0,"",0.0,0.0,Under,107,0.72,0.4552526940586642,0.49039999999999995,false
2026_04_DET_CAR,00-0031610,Darren Waller,CAR,DET,receptions,draftkings,3.5,2.695283424188542,3.1773556842111,-3.5,"",0.0,0.0,Over,107,0.3325,0.45525269405866414,-0.3117249999999999,false
2026_04_DET_CAR,00-0031610,Darren Waller,CAR,DET,receptions,draftkings,3.5,2.695283424188542,3.1773556842111,-3.5,"",0.0,0.0,Under,-137,0.6675,0.5447473059413359,0.15472627737226274,false
2026_04_ATL_NO,00-0036970,Kyle Pitts,ATL,NO,receptions,draftkings,2.5,2.992998613386338,3.433691018544867,-1.5,"",0.0,0.0,Over,-137,0.585,0.5447473059413358,0.012007299270072935,false
2026_04_ATL_NO,00-0036970,Kyle Pitts,ATL,NO,receptions,draftkings,2.5,2.992998613386338,3.433691018544867,-1.5,"",0.0,0.0,Under,107,0.41500000000000004,0.4552526940586642,-0.1409499999999999,false
2026_04_ARI_NYG,00-0036309,Darnell Mooney,NYG,ARI,receptions,betmgm,1.5,1.9850614690494537,2.191565600615354,-2.5,"",0.0,0.59,Over,-140,0.585,0.5445920303605313,0.0028571428571427804,false
2026_04_ARI_NYG,00-0036309,Darnell Mooney,NYG,ARI,receptions,betmgm,1.5,1.9850614690494537,2.191565600615354,-2.5,"",0.0,0.59,Under,105,0.41500000000000004,0.4554079696394687,-0.14924999999999988,false
2026_04_JAX_CIN,00-0034829,Mike Gesicki,CIN,JAX,receptions,betmgm,2.5,2.5316771742529802,3.0697486972718977,2.5,"",0.0,0.0,Over,-140,0.4775,0.5445920303605313,-0.18142857142857138,false
2026_04_JAX_CIN,00-0034829,Mike Gesicki,CIN,JAX,receptions,betmgm,2.5,2.5316771742529802,3.0697486972718977,2.5,"",0.0,0.0,Under,105,0.5225,0.4554079696394687,0.071125,false
2026_04_JAX_CIN,00-0040719,Bhayshul Tuten,JAX,CIN,rush_yds,betmgm,54.5,54.15907069879294,43.08204216818615,-2.5,"",0.0,0.0,Over,-140,0.55,0.5445920303605313,-0.05714285714285705,false
2026_04_JAX_CIN,00-0040719,Bhayshul Tuten,JAX,CIN,rush_yds,betmgm,54.5,54.15907069879294,43.08204216818615,-2.5,"",0.0,0.0,Under,105,0.44999999999999996,0.4554079696394687,-0.07750000000000007,false
2026_04_LA_PHI,00-0031381,Davante Adams,LA,PHI,rec_yds,betmgm,63.5,59.050999361149735,85.54099178107808,3.5,"",0.0,0.72,Over,105,0.4475,0.4554079696394688,-0.08262499999999995,false
2026_04_LA_PHI,00-0031381,Davante Adams,LA,PHI,rec_yds,betmgm,63.5,59.050999361149735,85.54099178107808,3.5,"",0.0,0.72,Under,-140,0.5525,0.5445920303605312,-0.05285714285714288,false
2026_04_MIA_MIN,00-0035229,T.J. Hockenson,MIN,MIA,receptions,betmgm,4.5,3.10969564973806,3.0921285410977917,10.0,"",0.0,0.56,Over,105,0.275,0.4554079696394688,-0.4362499999999999,true
2026_04_MIA_MIN,00-0035229,T.J. Hockenson,MIN,MIA,receptions,betmgm,4.5,3.10969564973806,3.0921285410977917,10.0,"",0.0,0.56,Under,-140,0.725,0.5445920303605312,0.24285714285714288,true
2026_04_DET_CAR,00-0036963,Amon-Ra St. Brown,DET,CAR,receptions,betmgm,6.5,6.33699780136464,7.344074555513237,3.5,"",0.0,0.0,Over,-140,0.5075,0.5445920303605313,-0.13000000000000006,false
2026_04_DET_CAR,00-0036963,Amon-Ra St. Brown,DET,CAR,receptions,betmgm,6.5,6.33699780136464,7.344074555513237,3.5,"",0.0,0.0,Under,105,0.49250000000000005,0.4554079696394687,0.009625000000000106,false
2026_04_DET_CAR,00-0039065,Sam LaPorta,DET,CAR,receptions,betmgm,4.5,3.725926561686673,4.617782987012845,3.5,"",0.0,0.0,Over,105,0.4125,0.4554079696394688,-0.15437500000000004,false
2026_04_DET_CAR,00-0039065,Sam LaPorta,DET,CAR,receptions,betmgm,4.5,3.725926561686673,4.617782987012845,3.5,"",0.0,0.0,Under,-140,0.5875,0.5445920303605312,0.007142857142857173,false
2026_04_ATL_NO,00-0037239,Chris Olave,NO,ATL,receptions,betmgm,6.5,6.375271679479737,7.4246709818369085,1.5,"",0.0,0.0,Over,-140,0.5125,0.5445920303605313,-0.1214285714285715,false
2026_04_ATL_NO,00-0037239,Chris Olave,NO,ATL,receptions,betmgm,6.5,6.375271679479737,7.4246709818369085,1.5,"",0.0,0.0,Under,105,0.48750000000000004,0.4554079696394687,-0.0006249999999998757,false
2026_04_ARI_NYG,00-0036309,Darnell Mooney,NYG,ARI,receptions,betonlineag,1.5,1.9850614690494537,2.191565600615354,-2.5,"",0.0,0.59,Over,-139,0.585,0.5462570956657111,0.005863309352517887,false
2026_04_ARI_NYG,00-0036309,Darnell Mooney,NYG,ARI,receptions,betonlineag,1.5,1.9850614690494537,2.191565600615354,-2.5,"",0.0,0.59,Under,107,0.41500000000000004,0.4537429043342889,-0.1409499999999999,false
2026_04_NYJ_CHI,00-0040735,Luther Burden III,CHI,NYJ,receptions,fanduel,4.5,3.9313340932215315,4.313266988468137,3.5,"",0.0,0.0,Over,106,0.3725,0.45420136260408783,-0.2326499999999999,false
2026_04_NYJ_CHI,00-0040735,Luther Burden III,CHI,NYJ,receptions,fanduel,4.5,3.9313340932215315,4.313266988468137,3.5,"",0.0,0.0,Under,-140,0.6275,0.5457986373959122,0.07571428571428562,false
2026_04_JAX_CIN,00-0038606,Parker Washington,JAX,CIN,receptions,fanduel,5.5,4.001291931787993,4.820748580025425,-2.5,"",0.0,0.28,Over,106,0.2925,0.45420136260408783,-0.39745,false
2026_04_JAX_CIN,00-0038606,Parker Washington,JAX,CIN,receptions,fanduel,5.5,4.001291931787993,4.820748580025425,-2.5,"",0.0,0.28,Under,-140,0.7075,0.5457986373959122,0.21285714285714286,false
2026_04_LA_PHI,00-0030061,Zach Ertz,PHI,LA,receptions,fanduel,2.5,2.8198633922079375,3.7273123722561796,-3.5,"",0.73,0.76,Over,106,0.5075,0.45420136260408783,0.04544999999999988,true
2026_04_LA_PHI,00-0030061,Zach Ertz,PHI,LA,receptions,fanduel,2.5,2.8198633922079375,3.7273123722561796,-3.5,"",0.73,0.76,Under,-140,0.49250000000000005,0.5457986373959122,-0.15571428571428564,true
2026_04_KC_LV,00-0030506,Travis Kelce,KC,LV,receptions,fanduel,4.5,3.9995479279514354,4.357890154162346,4.5,"",0.0,0.0,Over,106,0.395,0.45420136260408783,-0.18629999999999997,false
2026_04_KC_LV,00-0030506,Travis Kelce,KC,LV,receptions,fanduel,4.5,3.9995479279514354,4.357890154162346,4.5,"",0.0,0.0,Under,-140,0.605,0.5457986373959122,0.037142857142857144,false
2026_04_LAC_SEA,00-0033908,Cooper Kupp,SEA,LAC,receptions,fanduel,2.5,2.971802731099326,3.2921260691622507,7.0,"",0.0,0.0,Over,106,0.5625,0.45420136260408783,0.15875000000000006,true
2026_04_LAC_SEA,00-0033908,Cooper Kupp,SEA,LAC,receptions,fanduel,2.5,2.971802731099326,3.2921260691622507,7.0,"",0.0,0.0,Under,-140,0.4375,0.5457986373959122,-0.25,true
2026_04_DET_CAR,00-0039065,Sam LaPorta,DET,CAR,receptions,fanduel,4.5,3.725926561686673,4.617782987012845,3.5,"",0.0,0.0,Over,106,0.4125,0.45420136260408783,-0.15025000000000005,false
2026_04_DET_CAR,00-0039065,Sam LaPorta,DET,CAR,receptions,fanduel,4.5,3.725926561686673,4.617782987012845,3.5,"",0.0,0.0,Under,-140,0.5875,0.5457986373959122,0.007142857142857173,false
2026_04_DEN_SF,00-0034348,Courtland Sutton,DEN,SF,receptions,draftkings,3.5,3.033459827636641,3.4897475935723126,-3.0,"",0.0,0.0,Over,109,0.37,0.4513606919604918,-0.22669999999999996,false
2026_04_DEN_SF,00-0034348,Courtland Sutton,DEN,SF,receptions,draftkings,3.5,3.033459827636641,3.4897475935723126,-3.0,"",0.0,0.0,Under,-139,0.63,0.5486393080395082,0.08323741007194241,false
2026_04_DEN_SF,00-0035719,Deebo Samuel,SF,DEN,receptions,draftkings,3.5,2.879101974644709,3.207745084202074,3.0,"",0.0,0.0,Over,109,0.3025,0.4513606919604918,-0.367775,false
2026_04_DEN_SF,00-0035719,Deebo Samuel,SF,DEN,receptions,draftkings,3.5,2.879101974644709,3.207745084202074,3.0,"",0.0,0.0,Under,-139,0.6975,0.5486393080395082,0.19929856115107913,false
2026_04_KC_LV,00-0030506,Travis Kelce,KC,LV,receptions,draftkings,4.5,3.9995479279514354,4.357890154162346,4.5,"",0.0,0.0,Over,109,0.395,0.4513606919604918,-0.17444999999999994,false
2026_04_KC_LV,00-0030506,Travis Kelce,KC,LV,receptions,draftkings,4.5,3.9995479279514354,4.357890154162346,4.5,"",0.0,0.0,Under,-139,0.605,0.5486393080395082,0.04025179856115102,false
2026_04_ATL_NO,00-0036970,Kyle Pitts,ATL,NO,receptions,betonlineag,2.5,2.992998613386338,3.433691018544867,-1.5,"",0.0,0.0,Over,-141,0.585,0.5489256569588981,-0.0001063829787234516,false
2026_04_ATL_NO,00-0036970,Kyle Pitts,ATL,NO,receptions,betonlineag,2.5,2.992998613386338,3.433691018544867,-1.5,"",0.0,0.0,Under,108,0.41500000000000004,0.45107434304110194,-0.13679999999999992,false
2026_04_NE_BUF,00-0036875,Rhamondre Stevenson,NE,BUF,receptions,draftkings,2.5,2.8100609952418445,2.7994889892512353,-7.0,"",0.0,0.0,Over,110,0.5075,0.44943820224719105,0.06574999999999998,false
2026_04_NE_BUF,00-0036875,Rhamondre Stevenson,NE,BUF,receptions,draftkings,2.5,2.8100609952418445,2.7994889892512353,-7.0,"",0.0,0.0,Under,-140,0.49250000000000005,0.550561797752809,-0.15571428571428564,false
2026_04_NYJ_CHI,00-0032464,Kalif Raymond,CHI,NYJ,receptions,betmgm,3.5,2.609170023943414,3.646966693152012,3.5,"",0.0,0.0,Over,105,0.3325,0.4518211157215307,-0.31837499999999996,false
2026_04_NYJ_CHI,00-0032464,Kalif Raymond,CHI,NYJ,receptions,betmgm,3.5,2.609170023943414,3.646966693152012,3.5,"",0.0,0.0,Under,-145,0.6675,0.5481788842784693,0.1278448275862069,false
2026_04_JAX_CIN,00-0036900,Ja'Marr Chase,CIN,JAX,receptions,betmgm,7.5,6.561461481295385,7.257900614040525,2.5,"",0.11,0.0,Over,105,0.41,0.4518211157215307,-0.1595000000000001,false
2026_04_JAX_CIN,00-0036900,Ja'Marr Chase,CIN,JAX,receptions,betmgm,7.5,6.561461481295385,7.257900614040525,2.5,"",0.11,0.0,Under,-145,0.5900000000000001,0.5481788842784693,-0.0031034482758618975,false
2026_04_DAL_HOU,00-0036358,CeeDee Lamb,DAL,HOU,receptions,betonlineag,5.5,4.986314951108594,5.86035014077109,-3.0,"",0.0,0.62,Over,-141,0.4475,0.5501129384532099,-0.23512411347517725,false
2026_04_DAL_HOU,00-0036358,CeeDee Lamb,DAL,HOU,receptions,betonlineag,5.5,4.986314951108594,5.86035014077109,-3.0,"",0.0,0.62,Under,109,0.5525,0.44988706154679015,0.154725,false
2026_04_GB_TB,00-0040129,Emeka Egbuka,TB,GB,receptions,betonlineag,3.5,3.148863612196999,3.5100213278420425,-3.0,"",0.0,0.0,Over,109,0.4325,0.4498870615467902,-0.09607499999999997,false
2026_04_GB_TB,00-0040129,Emeka Egbuka,TB,GB,receptions,betonlineag,3.5,3.148863612196999,3.5100213278420425,-3.0,"",0.0,0.0,Under,-141,0.5675,0.5501129384532097,-0.030017730496453898,false
2026_04_MIA_MIN,00-0035229,T.J. Hockenson,MIN,MIA,receptions,betonlineag,4.5,3.10969564973806,3.0921285410977917,10.0,"",0.0,0.56,Over,109,0.275,0.4498870615467902,-0.4252499999999999,true
2026_04_MIA_MIN,00-0035229,T.J. Hockenson,MIN,MIA,receptions,betonlineag,4.5,3.10969564973806,3.0921285410977917,10.0,"",0.0,0.56,Under,-141,0.725,0.5501129384532097,0.23918439716312057,true
2026_04_KC_LV,00-0038563,Tre Tucker,LV,KC,receptions,betmgm,3.5,3.021241699769703,3.3186116773578678,-4.5,"",0.0,0.0,Over,105,0.3825,0.4518211157215307,-0.21587499999999993,false
2026_04_KC_LV,00-0038563,Tre Tucker,LV,KC,receptions,betmgm,3.5,3.021241699769703,3.3186116773578678,-4.5,"",0.0,0.0,Under,-145,0.6174999999999999,0.5481788842784693,0.04336206896551714,false
2026_04_KC_LV,00-0039066,Michael Mayer,LV,KC,receptions,betmgm,2.5,2.756297636901301,3.304893360000662,-4.5,"",0.0,0.0,Over,-145,0.515,0.5481788842784694,-0.1298275862068965,false
2026_04_KC_LV,00-0039066,Michael Mayer,LV,KC,receptions,betmgm,2.5,2.756297636901301,3.304893360000662,-4.5,"",0.0,0.0,Under,105,0.485,0.4518211157215306,-0.005750000000000033,false
2026_04_LAC_SEA,00-0038543,Jaxon Smith-Njigba,SEA,LAC,receptions,betmgm,7.5,6.291514144244674,7.525578327260376,7.0,"",0.0,0.0,Over,105,0.3525,0.4518211157215307,-0.277375,false
2026_04_LAC_SEA,00-0038543,Jaxon Smith-Njigba,SEA,LAC,receptions,betmgm,7.5,6.291514144244674,7.525578327260376,7.0,"",0.0,0.0,Under,-145,0.6475,0.5481788842784693,0.094051724137931,false
2026_04_NE_BUF,00-0037261,Khalil Shakir,BUF,NE,receptions,draftkings,3.5,4.058019804476033,4.529533124139212,7.0,"",0.0,0.95,Over,-141,0.5725,0.5524688492321405,-0.021471631205673747,false
2026_04_NE_BUF,00-0037261,Khalil Shakir,BUF,NE,receptions,draftkings,3.5,4.058019804476033,4.529533124139212,7.0,"",0.0,0.95,Under,111,0.4275,0.44753115076785954,-0.09797499999999998,false
2026_04_DAL_HOU,00-0037247,George Pickens,DAL,HOU,receptions,fanduel,4.5,4.713593726436294,5.128095953180868,-3.0,"",0.0,0.62,Over,-144,0.5525,0.5510744774801296,-0.06381944444444448,false
2026_04_DAL_HOU,00-0037247,George Pickens,DAL,HOU,receptions,fanduel,4.5,4.713593726436294,5.128095953180868,-3.0,"",0.0,0.62,Under,108,0.4475,0.4489255225198704,-0.06919999999999993,false
2026_04_GB_TB,00-0040129,Emeka Egbuka,TB,GB,receptions,fanduel,3.5,3.148863612196999,3.5100213278420425,-3.0,"",0.0,0.0,Over,108,0.4325,0.4489255225198705,-0.10039999999999999,false
2026_04_GB_TB,00-0040129,Emeka Egbuka,TB,GB,receptions,fanduel,3.5,3.148863612196999,3.5100213278420425,-3.0,"",0.0,0.0,Under,-144,0.5675,0.5510744774801295,-0.038402777777777786,false
2026_04_KC_LV,00-0039338,Brock Bowers,LV,KC,receptions,draftkings,6.5,4.7743591645398675,6.124120122094284,-4.5,ltd,0.0,0.0,Over,-141,0.265,0.5524688492321405,-0.5470567375886525,false
2026_04_KC_LV,00-0039338,Brock Bowers,LV,KC,receptions,draftkings,6.5,4.7743591645398675,6.124120122094284,-4.5,ltd,0.0,0.0,Under,111,0.735,0.44753115076785954,0.5508500000000001,false
2026_04_LAC_SEA,00-0040189,Oronde Gadsden II,LAC,SEA,receptions,draftkings,2.5,1.744435503151037,2.0856819869551666,-7.0,"",0.48,0.0,Over,-141,0.33,0.5524688492321405,-0.43595744680851056,false
2026_04_LAC_SEA,00-0040189,Oronde Gadsden II,LAC,SEA,receptions,draftkings,2.5,1.744435503151037,2.0856819869551666,-7.0,"",0.48,0.0,Under,111,0.6699999999999999,0.44753115076785954,0.41369999999999996,false
2026_04_ATL_NO,00-0037239,Chris Olave,NO,ATL,receptions,draftkings,6.5,6.375271679479737,7.4246709818369085,1.5,"",0.0,0.0,Over,-141,0.5125,0.5524688492321405,-0.12402482269503551,false
2026_04_ATL_NO,00-0037239,Chris Olave,NO,ATL,receptions,draftkings,6.5,6.375271679479737,7.4246709818369085,1.5,"",0.0,0.0,Under,111,0.48750000000000004,0.44753115076785954,0.028625000000000123,false
2026_04_ARI_NYG,00-0036309,Darnell Mooney,NYG,ARI,receptions,draftkings,1.5,1.9850614690494537,2.191565600615354,-2.5,"",0.0,0.59,Over,-142,0.585,0.5531922750267716,-0.003028169014084592,false
2026_04_ARI_NYG,00-0036309,Darnell Mooney,NYG,ARI,receptions,draftkings,1.5,1.9850614690494537,2.191565600615354,-2.5,"",0.0,0.59,Under,111,0.41500000000000004,0.4468077249732284,-0.1243499999999999,false
2026_04_NE_BUF,00-0033090,Hunter Henry,NE,BUF,receptions,betonlineag,3.5,2.9138444344580026,2.71860961112653,-7.0,"",0.0,0.0,Over,110,0.32,0.4472667034787409,-0.3279999999999999,false
2026_04_NE_BUF,00-0033090,Hunter Henry,NE,BUF,receptions,betonlineag,3.5,2.9138444344580026,2.71860961112653,-7.0,"",0.0,0.0,Under,-143,0.6799999999999999,0.552733296521259,0.1555244755244754,false
2026_04_NE_BUF,00-0037261,Khalil Shakir,BUF,NE,receptions,betonlineag,3.5,4.058019804476033,4.529533124139212,7.0,"",0.0,0.95,Over,-143,0.5725,0.552733296521259,-0.02715034965034968,false
2026_04_NE_BUF,00-0037261,Khalil Shakir,BUF,NE,receptions,betonlineag,3.5,4.058019804476033,4.529533124139212,7.0,"",0.0,0.95,Under,110,0.4275,0.447266703478741,-0.10225000000000001,false
2026_04_NYJ_CHI,00-0040126,Colston Loveland,CHI,NYJ,receptions,betonlineag,3.5,3.7872949176285946,3.81547652034449,3.5,"",0.0,0.0,Over,110,0.5825,0.4472667034787409,0.22325000000000006,false
2026_04_NYJ_CHI,00-0040126,Colston Loveland,CHI,NYJ,receptions,betonlineag,3.5,3.7872949176285946,3.81547652034449,3.5,"",0.0,0.0,Under,-143,0.4175,0.552733296521259,-0.2905419580419581,false
2026_04_GB_TB,00-0038124,Christian Watson,GB,TB,receptions,betonlineag,4.5,4.080393307132554,4.254476956380815,3.0,"",0.0,0.67,Over,-143,0.41,0.552733296521259,-0.3032867132867134,false
2026_04_GB_TB,00-0038124,Christian Watson,GB,TB,receptions,betonlineag,4.5,4.080393307132554,4.254476956380815,3.0,"",0.0,0.67,Under,110,0.5900000000000001,0.447266703478741,0.2390000000000002,false
2026_04_MIA_MIN,00-0039880,Malik Washington,MIA,MIN,receptions,betonlineag,4.5,2.9776140000821716,3.0979191891539855,-10.0,"",0.88,0.01,Over,110,0.2225,0.4472667034787409,-0.53275,true
2026_04_MIA_MIN,00-0039880,Malik Washington,MIA,MIN,receptions,betonlineag,4.5,2.9776140000821716,3.0979191891539855,-10.0,"",0.88,0.01,Under,-143,0.7775,0.552733296521259,0.3212062937062936,true
2026_04_KC_LV,00-0037291,Jalen Nailor,LV,KC,receptions,betonlineag,1.5,1.6373768328639198,1.584669194887426,-4.5,"",0.0,0.0,Over,-143,0.4875,0.552733296521259,-0.17159090909090907,false
2026_04_KC_LV,00-0037291,Jalen Nailor,LV,KC,receptions,betonlineag,1.5,1.6373768328639198,1.584669194887426,-4.5,"",0.0,0.0,Under,110,0.5125,0.447266703478741,0.07624999999999993,false
2026_04_DET_CAR,00-0039065,Sam LaPorta,DET,CAR,receptions,betonlineag,4.5,3.725926561686673,4.617782987012845,3.5,"",0.0,0.0,Over,110,0.4125,0.4472667034787409,-0.13375000000000004,false
2026_04_DET_CAR,00-0039065,Sam LaPorta,DET,CAR,receptions,betonlineag,4.5,3.725926561686673,4.617782987012845,3.5,"",0.0,0.0,Under,-143,0.5875,0.552733296521259,-0.0016608391608391448,false
2026_04_JAX_CIN,00-0036900,Ja'Marr Chase,CIN,JAX,receptions,draftkings,7.5,6.561461481295385,7.257900614040525,2.5,"",0.11,0.0,Over,112,0.41,0.44563936358279316,-0.13080000000000008,false
2026_04_JAX_CIN,00-0036900,Ja'Marr Chase,CIN,JAX,receptions,draftkings,7.5,6.561461481295385,7.257900614040525,2.5,"",0.11,0.0,Under,-142,0.5900000000000001,0.5543606364172069,0.005492957746478955,false
2026_04_ARI_NYG,00-0036309,Darnell Mooney,NYG,ARI,receptions,bovada,1.5,1.9850614690494537,2.191565600615354,-2.5,"",0.0,0.59,Over,-145,0.585,0.554140127388535,-0.011551724137931041,false
2026_04_ARI_NYG,00-0036309,Darnell Mooney,NYG,ARI,receptions,bovada,1.5,1.9850614690494537,2.191565600615354,-2.5,"",0.0,0.59,Under,110,0.41500000000000004,0.445859872611465,-0.1284999999999999,false
2026_04_NE_BUF,00-0038621,DeMario Douglas,NE,BUF,receptions,bovada,2.5,1.6825902153949388,2.0637222864090665,-7.0,"",0.0,0.0,Over,-145,0.28,0.554140127388535,-0.5268965517241379,false
2026_04_NE_BUF,00-0038621,DeMario Douglas,NE,BUF,receptions,bovada,2.5,1.6825902153949388,2.0637222864090665,-7.0,"",0.0,0.0,Under,110,0.72,0.445859872611465,0.512,false
2026_04_NE_BUF,00-0037261,Khalil Shakir,BUF,NE,receptions,bovada,3.5,4.058019804476033,4.529533124139212,7.0,"",0.0,0.95,Over,-145,0.5725,0.554140127388535,-0.03267241379310343,false
2026_04_NE_BUF,00-0037261,Khalil Shakir,BUF,NE,receptions,bovada,3.5,4.058019804476033,4.529533124139212,7.0,"",0.0,0.95,Under,110,0.4275,0.445859872611465,-0.10225000000000001,false
2026_04_NE_BUF,00-0036875,Rhamondre Stevenson,NE,BUF,receptions,bovada,2.5,2.8100609952418445,2.7994889892512353,-7.0,"",0.0,0.0,Over,110,0.5075,0.4458598726114649,0.06574999999999998,false
2026_04_NE_BUF,00-0036875,Rhamondre Stevenson,NE,BUF,receptions,bovada,2.5,2.8100609952418445,2.7994889892512353,-7.0,"",0.0,0.0,Under,-145,0.49250000000000005,0.5541401273885351,-0.16784482758620678,false
2026_04_NYJ_CHI,00-0032464,Kalif Raymond,CHI,NYJ,receptions,bovada,3.5,2.609170023943414,3.646966693152012,3.5,"",0.0,0.0,Over,110,0.3325,0.4458598726114649,-0.3017499999999999,false
2026_04_NYJ_CHI,00-0032464,Kalif Raymond,CHI,NYJ,receptions,bovada,3.5,2.609170023943414,3.646966693152012,3.5,"",0.0,0.0,Under,-145,0.6675,0.5541401273885351,0.1278448275862069,false
2026_04_JAX_CIN,00-0034960,Jakobi Meyers,JAX,CIN,receptions,draftkings,3.5,3.254984871717092,3.9859374409579513,-2.5,"",0.0,0.28,Over,-143,0.455,0.555075435769738,-0.22681818181818175,false
2026_04_JAX_CIN,00-0034960,Jakobi Meyers,JAX,CIN,receptions,draftkings,3.5,3.254984871717092,3.9859374409579513,-2.5,"",0.0,0.28,Under,112,0.5449999999999999,0.44492456423026205,0.15539999999999987,false
2026_04_JAX_CIN,00-0036900,Ja'Marr Chase,CIN,JAX,receptions,bovada,7.5,6.561461481295385,7.257900614040525,2.5,"",0.11,0.0,Over,110,0.41,0.4458598726114649,-0.13900000000000007,false
2026_04_JAX_CIN,00-0036900,Ja'Marr Chase,CIN,JAX,receptions,bovada,7.5,6.561461481295385,7.257900614040525,2.5,"",0.11,0.0,Under,-145,0.5900000000000001,0.5541401273885351,-0.0031034482758618975,false
2026_04_JAX_CIN,00-0034960,Jakobi Meyers,JAX,CIN,receptions,bovada,3.5,3.254984871717092,3.9859374409579513,-2.5,"",0.0,0.28,Over,-145,0.455,0.554140127388535,-0.23120689655172405,false
2026_04_JAX_CIN,00-0034960,Jakobi Meyers,JAX,CIN,receptions,bovada,3.5,3.254984871717092,3.9859374409579513,-2.5,"",0.0,0.28,Under,110,0.5449999999999999,0.445859872611465,0.14449999999999985,false
2026_04_DAL_HOU,00-0036358,CeeDee Lamb,DAL,HOU,receptions,draftkings,5.5,4.986314951108594,5.86035014077109,-3.0,"",0.0,0.62,Over,-143,0.4475,0.555075435769738,-0.23956293706293708,false
2026_04_DAL_HOU,00-0036358,CeeDee Lamb,DAL,HOU,receptions,draftkings,5.5,4.986314951108594,5.86035014077109,-3.0,"",0.0,0.62,Under,112,0.5525,0.44492456423026205,0.1713,false
2026_04_DAL_HOU,00-0036358,CeeDee Lamb,DAL,HOU,receptions,bovada,5.5,4.986314951108594,5.86035014077109,-3.0,"",0.0,0.62,Over,-145,0.4475,0.554140127388535,-0.24387931034482757,false
2026_04_DAL_HOU,00-0036358,CeeDee Lamb,DAL,HOU,receptions,bovada,5.5,4.986314951108594,5.86035014077109,-3.0,"",0.0,0.62,Under,110,0.5525,0.445859872611465,0.16025,false
2026_04_GB_TB,00-0038124,Christian Watson,GB,TB,receptions,bovada,4.5,4.080393307132554,4.254476956380815,3.0,"",0.0,0.67,Over,-145,0.41,0.554140127388535,-0.3072413793103449,false
2026_04_GB_TB,00-0038124,Christian Watson,GB,TB,receptions,bovada,4.5,4.080393307132554,4.254476956380815,3.0,"",0.0,0.67,Under,110,0.5900000000000001,0.445859872611465,0.2390000000000002,false
2026_04_DEN_SF,00-0034348,Courtland Sutton,DEN,SF,receptions,bovada,3.5,3.033459827636641,3.4897475935723126,-3.0,"",0.0,0.0,Over,110,0.37,0.4458598726114649,-0.22299999999999998,false
2026_04_DEN_SF,00-0034348,Courtland Sutton,DEN,SF,receptions,bovada,3.5,3.033459827636641,3.4897475935723126,-3.0,"",0.0,0.0,Under,-145,0.63,0.5541401273885351,0.0644827586206897,false
2026_04_DEN_SF,00-0035719,Deebo Samuel,SF,DEN,receptions,bovada,3.5,2.879101974644709,3.207745084202074,3.0,"",0.0,0.0,Over,110,0.3025,0.4458598726114649,-0.36475,false
2026_04_DEN_SF,00-0035719,Deebo Samuel,SF,DEN,receptions,bovada,3.5,2.879101974644709,3.207745084202074,3.0,"",0.0,0.0,Under,-145,0.6975,0.5541401273885351,0.17853448275862072,false
2026_04_KC_LV,00-0039338,Brock Bowers,LV,KC,receptions,bovada,6.5,4.7743591645398675,6.124120122094284,-4.5,ltd,0.0,0.0,Over,-145,0.265,0.554140127388535,-0.5522413793103448,false
2026_04_KC_LV,00-0039338,Brock Bowers,LV,KC,receptions,bovada,6.5,4.7743591645398675,6.124120122094284,-4.5,ltd,0.0,0.0,Under,110,0.735,0.445859872611465,0.5435,false
2026_04_KC_LV,00-0030506,Travis Kelce,KC,LV,receptions,bovada,4.5,3.9995479279514354,4.357890154162346,4.5,"",0.0,0.0,Over,110,0.395,0.4458598726114649,-0.17049999999999993,false
2026_04_KC_LV,00-0030506,Travis Kelce,KC,LV,receptions,bovada,4.5,3.9995479279514354,4.357890154162346,4.5,"",0.0,0.0,Under,-145,0.605,0.5541401273885351,0.02224137931034481,false
2026_04_LAC_SEA,00-0038543,Jaxon Smith-Njigba,SEA,LAC,receptions,draftkings,6.5,6.291514144244674,7.525578327260376,7.0,"",0.0,0.0,Over,-143,0.5025,0.555075435769738,-0.1461013986013987,false
2026_04_LAC_SEA,00-0038543,Jaxon Smith-Njigba,SEA,LAC,receptions,draftkings,6.5,6.291514144244674,7.525578327260376,7.0,"",0.0,0.0,Under,112,0.49750000000000005,0.44492456423026205,0.05470000000000019,false
2026_04_LAC_SEA,00-0038543,Jaxon Smith-Njigba,SEA,LAC,receptions,bovada,6.5,6.291514144244674,7.525578327260376,7.0,"",0.0,0.0,Over,-145,0.5025,0.554140127388535,-0.15094827586206905,false
2026_04_LAC_SEA,00-0038543,Jaxon Smith-Njigba,SEA,LAC,receptions,bovada,6.5,6.291514144244674,7.525578327260376,7.0,"",0.0,0.0,Under,110,0.49750000000000005,0.445859872611465,0.04475000000000018,false
2026_04_LAC_SEA,00-0040189,Oronde Gadsden II,LAC,SEA,receptions,bovada,2.5,1.744435503151037,2.0856819869551666,-7.0,"",0.48,0.0,Over,-145,0.33,0.554140127388535,-0.4424137931034482,false
2026_04_LAC_SEA,00-0040189,Oronde Gadsden II,LAC,SEA,receptions,bovada,2.5,1.744435503151037,2.0856819869551666,-7.0,"",0.48,0.0,Under,110,0.6699999999999999,0.445859872611465,0.4069999999999999,false
2026_04_ATL_NO,00-0037239,Chris Olave,NO,ATL,receptions,bovada,6.5,6.375271679479737,7.4246709818369085,1.5,"",0.0,0.0,Over,-145,0.5125,0.554140127388535,-0.1340517241379311,false
2026_04_ATL_NO,00-0037239,Chris Olave,NO,ATL,receptions,bovada,6.5,6.375271679479737,7.4246709818369085,1.5,"",0.0,0.0,Under,110,0.48750000000000004,0.445859872611465,0.02375000000000016,false
2026_04_JAX_CIN,00-0038597,Chase Brown,CIN,JAX,receptions,fanduel,3.5,3.1923775757869315,3.816125408200252,2.5,"",0.0,0.0,Over,110,0.425,0.4451682953311618,-0.10749999999999993,false
2026_04_JAX_CIN,00-0038597,Chase Brown,CIN,JAX,receptions,fanduel,3.5,3.1923775757869315,3.816125408200252,2.5,"",0.0,0.0,Under,-146,0.575,0.5548317046688382,-0.031164383561643916,false
2026_04_DEN_SF,00-0033881,Evan Engram,DEN,SF,receptions,fanduel,2.5,2.1059785948122456,2.1799808972049446,-3.0,"",0.0,0.0,Over,110,0.385,0.4451682953311618,-0.19149999999999995,false
2026_04_DEN_SF,00-0033881,Evan Engram,DEN,SF,receptions,fanduel,2.5,2.1059785948122456,2.1799808972049446,-3.0,"",0.0,0.0,Under,-146,0.615,0.5548317046688382,0.03623287671232872,false
2026_04_DEN_SF,00-0033280,Christian McCaffrey,SF,DEN,receptions,betonlineag,4.5,4.170026830864897,4.85147537132039,3.0,"",0.0,0.0,Over,-145,0.4425,0.5553135493238951,-0.25232758620689655,false
2026_04_DEN_SF,00-0033280,Christian McCaffrey,SF,DEN,receptions,betonlineag,4.5,4.170026830864897,4.85147537132039,3.0,"",0.0,0.0,Under,111,0.5575,0.4446864506761049,0.17632500000000007,false
2026_04_DEN_SF,00-0033288,George Kittle,SF,DEN,receptions,betonlineag,4.5,3.576918884738057,4.606993094128247,3.0,"",0.0,0.0,Over,-145,0.3125,0.5553135493238951,-0.4719827586206896,false
2026_04_DEN_SF,00-0033288,George Kittle,SF,DEN,receptions,betonlineag,4.5,3.576918884738057,4.606993094128247,3.0,"",0.0,0.0,Under,111,0.6875,0.4446864506761049,0.45062500000000005,false
2026_04_DET_CAR,00-0036963,Amon-Ra St. Brown,DET,CAR,receptions,betonlineag,6.5,6.33699780136464,7.344074555513237,3.5,"",0.0,0.0,Over,-145,0.5075,0.5553135493238951,-0.14250000000000007,false
2026_04_DET_CAR,00-0036963,Amon-Ra St. Brown,DET,CAR,receptions,betonlineag,6.5,6.33699780136464,7.344074555513237,3.5,"",0.0,0.0,Under,111,0.49250000000000005,0.4446864506761049,0.03917500000000018,false
2026_04_NYJ_CHI,00-0032464,Kalif Raymond,CHI,NYJ,receptions,draftkings,3.5,2.609170023943414,3.646966693152012,3.5,"",0.0,0.0,Over,113,0.3325,0.44305636257989545,-0.291775,false
2026_04_NYJ_CHI,00-0032464,Kalif Raymond,CHI,NYJ,receptions,draftkings,3.5,2.609170023943414,3.646966693152012,3.5,"",0.0,0.0,Under,-144,0.6675,0.5569436374201046,0.1310416666666666,false
2026_04_NYJ_CHI,00-0041032,Kenyon Sadiq,NYJ,CHI,receptions,betonlineag,4.5,2.7109257202287322,4.239835016360958,-3.5,Q,0.65,1.54,Over,112,0.175,0.44351918899348297,-0.629,false
2026_04_NYJ_CHI,00-0041032,Kenyon Sadiq,NYJ,CHI,receptions,betonlineag,4.5,2.7109257202287322,4.239835016360958,-3.5,Q,0.65,1.54,Under,-145,0.825,0.556480811006517,0.3939655172413793,false
2026_04_GB_TB,00-0038124,Christian Watson,GB,TB,receptions,draftkings,4.5,4.080393307132554,4.254476956380815,3.0,"",0.0,0.67,Over,-144,0.41,0.5569436374201047,-0.30527777777777787,false
2026_04_GB_TB,00-0038124,Christian Watson,GB,TB,receptions,draftkings,4.5,4.080393307132554,4.254476956380815,3.0,"",0.0,0.67,Under,113,0.5900000000000001,0.44305636257989534,0.25670000000000015,false
2026_04_DEN_SF,00-0034348,Courtland Sutton,DEN,SF,receptions,betonlineag,3.5,3.033459827636641,3.4897475935723126,-3.0,"",0.0,0.0,Over,112,0.37,0.44351918899348297,-0.21559999999999996,false
2026_04_DEN_SF,00-0034348,Courtland Sutton,DEN,SF,receptions,betonlineag,3.5,3.033459827636641,3.4897475935723126,-3.0,"",0.0,0.0,Under,-145,0.63,0.556480811006517,0.0644827586206897,false
2026_04_NE_BUF,00-0037816,Romeo Doubs,NE,BUF,receptions,draftkings,3.5,2.8412622039185256,3.2326499344358424,-7.0,"",0.0,0.0,Over,113,0.3125,0.44235803918028344,-0.33437500000000003,false
2026_04_NE_BUF,00-0037816,Romeo Doubs,NE,BUF,receptions,draftkings,3.5,2.8412622039185256,3.2326499344358424,-7.0,"",0.0,0.0,Under,-145,0.6875,0.5576419608197165,0.16163793103448276,false
2026_04_ARI_NYG,00-0039337,Malik Nabers,NYG,ARI,receptions,draftkings,4.5,4.409899739002194,4.847254912183733,-2.5,"",0.0,0.59,Over,-145,0.5125,0.558797046641455,-0.1340517241379311,false
2026_04_ARI_NYG,00-0039337,Malik Nabers,NYG,ARI,receptions,draftkings,4.5,4.409899739002194,4.847254912183733,-2.5,"",0.0,0.59,Under,114,0.48750000000000004,0.441202953358545,0.04325000000000001,false
2026_04_ARI_NYG,00-0041027,Jeremiyah Love,ARI,NYG,receptions,betmgm,2.5,2.73065057083738,3.507414284495292,2.5,"",0.0,0.0,Over,-150,0.4975,0.5575221238938053,-0.17083333333333328,false
2026_04_ARI_NYG,00-0041027,Jeremiyah Love,ARI,NYG,receptions,betmgm,2.5,2.73065057083738,3.507414284495292,2.5,"",0.0,0.0,Under,110,0.5025,0.4424778761061947,0.05524999999999991,false
2026_04_TEN_BAL,00-0039064,Zay Flowers,BAL,TEN,receptions,fanduel,5.5,4.0493213722777845,4.782299859812926,11.5,Q,0.0,0.0,Over,112,0.2875,0.4414696667616063,-0.3905,false
2026_04_TEN_BAL,00-0039064,Zay Flowers,BAL,TEN,receptions,fanduel,5.5,4.0493213722777845,4.782299859812926,11.5,Q,0.0,0.0,Under,-148,0.7125,0.5585303332383937,0.19391891891891894,false
2026_04_TEN_BAL,00-0040584,Gunnar Helm,TEN,BAL,receptions,fanduel,2.5,2.700535281994263,2.6792522663159164,-11.5,"",0.0,0.0,Over,-148,0.5325,0.5585303332383936,-0.10770270270270277,false
2026_04_TEN_BAL,00-0040584,Gunnar Helm,TEN,BAL,receptions,fanduel,2.5,2.700535281994263,2.6792522663159164,-11.5,"",0.0,0.0,Under,112,0.4675,0.44146966676160637,-0.008899999999999908,false
2026_04_TEN_BAL,00-0040170,Elic Ayomanor,TEN,BAL,receptions,betmgm,1.5,1.9877783757913894,2.0357576572396288,-11.5,"",0.0,0.0,Over,-150,0.595,0.5575221238938053,-0.008333333333333415,true
2026_04_TEN_BAL,00-0040170,Elic Ayomanor,TEN,BAL,receptions,betmgm,1.5,1.9877783757913894,2.0357576572396288,-11.5,"",0.0,0.0,Under,110,0.405,0.4424778761061947,-0.1494999999999999,true
2026_04_TEN_BAL,00-0039032,Tyjae Spears,TEN,BAL,receptions,betmgm,2.5,2.1099792049354527,2.696743305708095,-11.5,Q,0.0,0.0,Over,110,0.38,0.4424778761061946,-0.20199999999999996,false
2026_04_TEN_BAL,00-0039032,Tyjae Spears,TEN,BAL,receptions,betmgm,2.5,2.1099792049354527,2.696743305708095,-11.5,Q,0.0,0.0,Under,-150,0.62,0.5575221238938054,0.033333333333333326,false
2026_04_TEN_BAL,00-0041438,Carnell Tate,TEN,BAL,receptions,betmgm,4.5,3.7340574227431627,4.4549066446877434,-11.5,"",0.0,0.0,Over,110,0.395,0.4424778761061946,-0.17049999999999993,false
2026_04_TEN_BAL,00-0041438,Carnell Tate,TEN,BAL,receptions,betmgm,4.5,3.7340574227431627,4.4549066446877434,-11.5,"",0.0,0.0,Under,-150,0.605,0.5575221238938054,0.008333333333333304,false
2026_04_NE_BUF,00-0038933,Dalton Kincaid,BUF,NE,receptions,fanduel,4.5,2.9900716788743766,3.8265693793834092,7.0,"",0.0,0.95,Over,112,0.2425,0.4414696667616063,-0.48590000000000005,false
2026_04_NE_BUF,00-0038933,Dalton Kincaid,BUF,NE,receptions,fanduel,4.5,2.9900716788743766,3.8265693793834092,7.0,"",0.0,0.95,Under,-148,0.7575000000000001,0.5585303332383937,0.2693243243243244,false
2026_04_NE_BUF,00-0038621,DeMario Douglas,NE,BUF,receptions,fanduel,2.5,1.6825902153949388,2.0637222864090665,-7.0,"",0.0,0.0,Over,-148,0.28,0.5585303332383936,-0.5308108108108107,false
2026_04_NE_BUF,00-0038621,DeMario Douglas,NE,BUF,receptions,fanduel,2.5,1.6825902153949388,2.0637222864090665,-7.0,"",0.0,0.0,Under,112,0.72,0.44146966676160637,0.5264,false
2026_04_NE_BUF,00-0037816,Romeo Doubs,NE,BUF,receptions,fanduel,3.5,2.8412622039185256,3.2326499344358424,-7.0,"",0.0,0.0,Over,112,0.3125,0.4414696667616063,-0.33749999999999997,false
2026_04_NE_BUF,00-0037816,Romeo Doubs,NE,BUF,receptions,fanduel,3.5,2.8412622039185256,3.2326499344358424,-7.0,"",0.0,0.0,Under,-148,0.6875,0.5585303332383937,0.15202702702702703,false
2026_04_NE_BUF,00-0033090,Hunter Henry,NE,BUF,receptions,fanduel,3.5,2.9138444344580026,2.71860961112653,-7.0,"",0.0,0.0,Over,112,0.32,0.4414696667616063,-0.3215999999999999,false
2026_04_NE_BUF,00-0033090,Hunter Henry,NE,BUF,receptions,fanduel,3.5,2.9138444344580026,2.71860961112653,-7.0,"",0.0,0.0,Under,-148,0.6799999999999999,0.5585303332383937,0.13945945945945937,false
2026_04_NE_BUF,00-0038621,DeMario Douglas,NE,BUF,receptions,betonlineag,2.5,1.6825902153949388,2.0637222864090665,-7.0,"",0.0,0.0,Over,-147,0.28,0.559015193444145,-0.5295238095238095,false
2026_04_NE_BUF,00-0038621,DeMario Douglas,NE,BUF,receptions,betonlineag,2.5,1.6825902153949388,2.0637222864090665,-7.0,"",0.0,0.0,Under,113,0.72,0.44098480655585504,0.5335999999999999,false
2026_04_NE_BUF,00-0039901,Keon Coleman,BUF,NE,receptions,betmgm,1.5,1.501301788505488,2.307882313352912,7.0,ltd,0.0,0.95,Over,110,0.44,0.4424778761061946,-0.07600000000000001,true
2026_04_NE_BUF,00-0039901,Keon Coleman,BUF,NE,receptions,betmgm,1.5,1.501301788505488,2.307882313352912,7.0,ltd,0.0,0.95,Under,-150,0.56,0.5575221238938054,-0.0666666666666666,true
2026_04_NE_BUF,00-0038933,Dalton Kincaid,BUF,NE,receptions,betmgm,4.5,2.9900716788743766,3.8265693793834092,7.0,"",0.0,0.95,Over,110,0.2425,0.4424778761061946,-0.4907500000000001,false
2026_04_NE_BUF,00-0038933,Dalton Kincaid,BUF,NE,receptions,betmgm,4.5,2.9900716788743766,3.8265693793834092,7.0,"",0.0,0.95,Under,-150,0.7575000000000001,0.5575221238938054,0.26250000000000007,false
2026_04_NE_BUF,00-0038621,DeMario Douglas,NE,BUF,receptions,betmgm,2.5,1.6825902153949388,2.0637222864090665,-7.0,"",0.0,0.0,Over,-150,0.28,0.5575221238938053,-0.5333333333333333,false
2026_04_NE_BUF,00-0038621,DeMario Douglas,NE,BUF,receptions,betmgm,2.5,1.6825902153949388,2.0637222864090665,-7.0,"",0.0,0.0,Under,110,0.72,0.4424778761061947,0.512,false
2026_04_NYJ_CHI,00-0041032,Kenyon Sadiq,NYJ,CHI,receptions,fanduel,4.5,2.7109257202287322,4.239835016360958,-3.5,Q,0.65,1.54,Over,112,0.175,0.4414696667616063,-0.629,false
2026_04_NYJ_CHI,00-0041032,Kenyon Sadiq,NYJ,CHI,receptions,fanduel,4.5,2.7109257202287322,4.239835016360958,-3.5,Q,0.65,1.54,Under,-148,0.825,0.5585303332383937,0.3824324324324323,false
2026_04_NYJ_CHI,00-0037740,Garrett Wilson,NYJ,CHI,receptions,betmgm,6.5,5.025526966512382,5.757722763261328,-3.5,"",0.71,1.54,Over,110,0.3175,0.4424778761061946,-0.33324999999999994,false
2026_04_NYJ_CHI,00-0037740,Garrett Wilson,NYJ,CHI,receptions,betmgm,6.5,5.025526966512382,5.757722763261328,-3.5,"",0.71,1.54,Under,-150,0.6825,0.5575221238938054,0.13749999999999996,false
2026_04_NYJ_CHI,00-0040735,Luther Burden III,CHI,NYJ,receptions,betmgm,4.5,3.9313340932215315,4.313266988468137,3.5,"",0.0,0.0,Over,110,0.3725,0.4424778761061946,-0.21774999999999994,false
2026_04_NYJ_CHI,00-0040735,Luther Burden III,CHI,NYJ,receptions,betmgm,4.5,3.9313340932215315,4.313266988468137,3.5,"",0.0,0.0,Under,-150,0.6275,0.5575221238938054,0.045833333333333226,false
2026_04_DAL_HOU,00-0038041,Jake Ferguson,DAL,HOU,receptions,betmgm,3.5,2.979769580269636,3.1888223184794438,-3.0,"",0.0,0.62,Over,110,0.365,0.4424778761061946,-0.23349999999999999,false
2026_04_DAL_HOU,00-0038041,Jake Ferguson,DAL,HOU,receptions,betmgm,3.5,2.979769580269636,3.1888223184794438,-3.0,"",0.0,0.62,Under,-150,0.635,0.5575221238938054,0.05833333333333335,false
2026_04_GB_TB,00-0040129,Emeka Egbuka,TB,GB,receptions,betmgm,3.5,3.148863612196999,3.5100213278420425,-3.0,"",0.0,0.0,Over,110,0.4325,0.4424778761061946,-0.09175,false
2026_04_GB_TB,00-0040129,Emeka Egbuka,TB,GB,receptions,betmgm,3.5,3.148863612196999,3.5100213278420425,-3.0,"",0.0,0.0,Under,-150,0.5675,0.5575221238938054,-0.054166666666666696,false
2026_04_GB_TB,00-0038129,Cade Otton,TB,GB,receptions,betmgm,2.5,3.4740839330079862,3.9392438219004284,-3.0,"",0.07,0.0,Over,-150,0.6475,0.5575221238938053,0.07916666666666661,true
2026_04_GB_TB,00-0038129,Cade Otton,TB,GB,receptions,betmgm,2.5,3.4740839330079862,3.9392438219004284,-3.0,"",0.07,0.0,Under,110,0.35250000000000004,0.4424778761061947,-0.25974999999999987,true
2026_04_LA_PHI,00-0038393,Dontayvion Wicks,PHI,LA,receptions,fanduel,3.5,2.355575053018078,2.54302377230974,-3.5,"",1.48,0.76,Over,-148,0.26,0.5585303332383936,-0.5643243243243243,true
2026_04_LA_PHI,00-0038393,Dontayvion Wicks,PHI,LA,receptions,fanduel,3.5,2.355575053018078,2.54302377230974,-3.5,"",1.48,0.76,Under,112,0.74,0.44146966676160637,0.5688000000000001,true
2026_04_LA_PHI,00-0033110,Tyler Higbee,LA,PHI,receptions,fanduel,3.5,2.36198395392513,3.171481017625884,3.5,ltd,0.48,0.72,Over,112,0.2625,0.4414696667616063,-0.4435,false
2026_04_LA_PHI,00-0033110,Tyler Higbee,LA,PHI,receptions,fanduel,3.5,2.36198395392513,3.171481017625884,3.5,ltd,0.48,0.72,Under,-148,0.7375,0.5585303332383937,0.23581081081081084,false
2026_04_DEN_SF,00-0033288,George Kittle,SF,DEN,receptions,fanduel,4.5,3.576918884738057,4.606993094128247,3.0,"",0.0,0.0,Over,-148,0.3125,0.5585303332383936,-0.47635135135135137,false
2026_04_DEN_SF,00-0033288,George Kittle,SF,DEN,receptions,fanduel,4.5,3.576918884738057,4.606993094128247,3.0,"",0.0,0.0,Under,112,0.6875,0.44146966676160637,0.4575,false
2026_04_KC_LV,00-0039338,Brock Bowers,LV,KC,receptions,betmgm,6.5,4.7743591645398675,6.124120122094284,-4.5,ltd,0.0,0.0,Over,-150,0.265,0.5575221238938053,-0.5583333333333333,false
2026_04_KC_LV,00-0039338,Brock Bowers,LV,KC,receptions,betmgm,6.5,4.7743591645398675,6.124120122094284,-4.5,ltd,0.0,0.0,Under,110,0.735,0.4424778761061947,0.5435,false
2026_04_LAC_SEA,00-0040189,Oronde Gadsden II,LAC,SEA,receptions,fanduel,2.5,1.744435503151037,2.0856819869551666,-7.0,"",0.48,0.0,Over,-148,0.33,0.5585303332383936,-0.44702702702702696,false
2026_04_LAC_SEA,00-0040189,Oronde Gadsden II,LAC,SEA,receptions,fanduel,2.5,1.744435503151037,2.0856819869551666,-7.0,"",0.48,0.0,Under,112,0.6699999999999999,0.44146966676160637,0.4203999999999999,false
2026_04_LAC_SEA,00-0038543,Jaxon Smith-Njigba,SEA,LAC,receptions,fanduel,6.5,6.291514144244674,7.525578327260376,7.0,"",0.0,0.0,Over,-148,0.5025,0.5585303332383936,-0.15797297297297308,false
2026_04_LAC_SEA,00-0038543,Jaxon Smith-Njigba,SEA,LAC,receptions,fanduel,6.5,6.291514144244674,7.525578327260376,7.0,"",0.0,0.0,Under,112,0.49750000000000005,0.44146966676160637,0.05470000000000019,false
2026_04_DET_CAR,00-0036963,Amon-Ra St. Brown,DET,CAR,receptions,fanduel,6.5,6.33699780136464,7.344074555513237,3.5,"",0.0,0.0,Over,-148,0.5075,0.5585303332383936,-0.14959459459459468,false
2026_04_DET_CAR,00-0036963,Amon-Ra St. Brown,DET,CAR,receptions,fanduel,6.5,6.33699780136464,7.344074555513237,3.5,"",0.0,0.0,Under,112,0.49250000000000005,0.44146966676160637,0.04410000000000014,false
2026_04_DET_CAR,00-0040124,Tetairoa McMillan,CAR,DET,receptions,betmgm,5.5,4.090259047821475,3.8395566287710956,-3.5,"",0.44,0.0,Over,110,0.28,0.4424778761061946,-0.4119999999999999,true
2026_04_DET_CAR,00-0040124,Tetairoa McMillan,CAR,DET,receptions,betmgm,5.5,4.090259047821475,3.8395566287710956,-3.5,"",0.44,0.0,Under,-150,0.72,0.5575221238938054,0.19999999999999996,true
2026_04_ATL_NO,00-0036970,Kyle Pitts,ATL,NO,receptions,fanduel,2.5,2.992998613386338,3.433691018544867,-1.5,"",0.0,0.0,Over,-148,0.585,0.5585303332383936,-0.019729729729729806,false
2026_04_ATL_NO,00-0036970,Kyle Pitts,ATL,NO,receptions,fanduel,2.5,2.992998613386338,3.433691018544867,-1.5,"",0.0,0.0,Under,112,0.41500000000000004,0.44146966676160637,-0.12019999999999986,false
2026_04_ATL_NO,00-0036970,Kyle Pitts,ATL,NO,receptions,betmgm,2.5,2.992998613386338,3.433691018544867,-1.5,"",0.0,0.0,Over,-150,0.585,0.5575221238938053,-0.025000000000000078,false
2026_04_ATL_NO,00-0036970,Kyle Pitts,ATL,NO,receptions,betmgm,2.5,2.992998613386338,3.433691018544867,-1.5,"",0.0,0.0,Under,110,0.41500000000000004,0.4424778761061947,-0.1284999999999999,false
2026_04_JAX_CIN,00-0038597,Chase Brown,CIN,JAX,receptions,draftkings,3.5,3.1923775757869315,3.816125408200252,2.5,"",0.0,0.0,Over,115,0.425,0.43936417217360246,-0.08625,false
2026_04_JAX_CIN,00-0038597,Chase Brown,CIN,JAX,receptions,draftkings,3.5,3.1923775757869315,3.816125408200252,2.5,"",0.0,0.0,Under,-146,0.575,0.5606358278263975,-0.031164383561643916,false
2026_04_NYJ_CHI,00-0041032,Kenyon Sadiq,NYJ,CHI,receptions,draftkings,4.5,2.7109257202287322,4.239835016360958,-3.5,Q,0.65,1.54,Over,115,0.175,0.4386821774265162,-0.62375,false
2026_04_NYJ_CHI,00-0041032,Kenyon Sadiq,NYJ,CHI,receptions,draftkings,4.5,2.7109257202287322,4.239835016360958,-3.5,Q,0.65,1.54,Under,-147,0.825,0.5613178225734838,0.3862244897959183,false
2026_04_DAL_HOU,00-0034383,Dalton Schultz,HOU,DAL,receptions,draftkings,4.5,3.68190490924843,4.9111445635935125,3.0,ltd,0.0,0.67,Over,115,0.4,0.4386821774265162,-0.14,false
2026_04_DAL_HOU,00-0034383,Dalton Schultz,HOU,DAL,receptions,draftkings,4.5,3.68190490924843,4.9111445635935125,3.0,ltd,0.0,0.67,Under,-147,0.6,0.5613178225734838,0.00816326530612238,false
2026_04_LAC_SEA,00-0040727,Tre Harris,LAC,SEA,receptions,draftkings,3.5,2.6153753003090707,2.6758300233230385,-7.0,"",0.18,0.0,Over,115,0.3275,0.4386821774265162,-0.295875,false
2026_04_LAC_SEA,00-0040727,Tre Harris,LAC,SEA,receptions,draftkings,3.5,2.6153753003090707,2.6758300233230385,-7.0,"",0.18,0.0,Under,-147,0.6725,0.5613178225734838,0.12998299319727885,false
2026_04_ATL_NO,00-0037238,Drake London,ATL,NO,receptions,draftkings,5.5,4.680043631845303,5.212233473614841,-1.5,"",0.0,0.0,Over,-147,0.37,0.5624601431304471,-0.37829931972789116,false
2026_04_ATL_NO,00-0037238,Drake London,ATL,NO,receptions,draftkings,5.5,4.680043631845303,5.212233473614841,-1.5,"",0.0,0.0,Under,116,0.63,0.4375398568695529,0.3608,false
2026_04_ARI_NYG,00-0039337,Malik Nabers,NYG,ARI,receptions,betonlineag,4.5,4.409899739002194,4.847254912183733,-2.5,"",0.0,0.59,Over,-149,0.5125,0.5626591727408448,-0.1435402684563759,false
2026_04_ARI_NYG,00-0039337,Malik Nabers,NYG,ARI,receptions,betonlineag,4.5,4.409899739002194,4.847254912183733,-2.5,"",0.0,0.59,Under,115,0.48750000000000004,0.43734082725915524,0.048125000000000084,false
2026_04_TEN_BAL,00-0034753,Mark Andrews,BAL,TEN,receptions,betonlineag,3.5,3.0314737844474653,3.292881229561313,11.5,"",0.0,0.0,Over,-149,0.375,0.5626591727408448,-0.3733221476510067,false
2026_04_TEN_BAL,00-0034753,Mark Andrews,BAL,TEN,receptions,betonlineag,3.5,3.0314737844474653,3.292881229561313,11.5,"",0.0,0.0,Under,115,0.625,0.43734082725915524,0.34375,false
2026_04_NYJ_CHI,00-0032464,Kalif Raymond,CHI,NYJ,receptions,betonlineag,3.5,2.609170023943414,3.646966693152012,3.5,"",0.0,0.0,Over,115,0.3325,0.43734082725915513,-0.285125,false
2026_04_NYJ_CHI,00-0032464,Kalif Raymond,CHI,NYJ,receptions,betonlineag,3.5,2.609170023943414,3.646966693152012,3.5,"",0.0,0.0,Under,-149,0.6675,0.5626591727408449,0.11548657718120803,false
2026_04_JAX_CIN,00-0038606,Parker Washington,JAX,CIN,receptions,betonlineag,5.5,4.001291931787993,4.820748580025425,-2.5,"",0.0,0.28,Over,115,0.2925,0.43734082725915513,-0.37112500000000004,false
2026_04_JAX_CIN,00-0038606,Parker Washington,JAX,CIN,receptions,betonlineag,5.5,4.001291931787993,4.820748580025425,-2.5,"",0.0,0.28,Under,-149,0.7075,0.5626591727408449,0.1823322147651007,false
2026_04_JAX_CIN,00-0038597,Chase Brown,CIN,JAX,receptions,betonlineag,3.5,3.1923775757869315,3.816125408200252,2.5,"",0.0,0.0,Over,115,0.425,0.43734082725915513,-0.08625,false
2026_04_JAX_CIN,00-0038597,Chase Brown,CIN,JAX,receptions,betonlineag,3.5,3.1923775757869315,3.816125408200252,2.5,"",0.0,0.0,Under,-149,0.575,0.5626591727408449,-0.03909395973154367,false
2026_04_JAX_CIN,00-0036900,Ja'Marr Chase,CIN,JAX,receptions,betonlineag,7.5,6.561461481295385,7.257900614040525,2.5,"",0.11,0.0,Over,115,0.41,0.43734082725915513,-0.11850000000000016,false
2026_04_JAX_CIN,00-0036900,Ja'Marr Chase,CIN,JAX,receptions,betonlineag,7.5,6.561461481295385,7.257900614040525,2.5,"",0.11,0.0,Under,-149,0.5900000000000001,0.5626591727408449,-0.014026845637583718,false
2026_04_DEN_SF,00-0033881,Evan Engram,DEN,SF,receptions,betonlineag,2.5,2.1059785948122456,2.1799808972049446,-3.0,"",0.0,0.0,Over,115,0.385,0.43734082725915513,-0.17225000000000001,false
2026_04_DEN_SF,00-0033881,Evan Engram,DEN,SF,receptions,betonlineag,2.5,2.1059785948122456,2.1799808972049446,-3.0,"",0.0,0.0,Under,-149,0.615,0.5626591727408449,0.027751677852349,false
2026_04_DEN_SF,00-0035719,Deebo Samuel,SF,DEN,receptions,betonlineag,3.5,2.879101974644709,3.207745084202074,3.0,"",0.0,0.0,Over,115,0.3025,0.43734082725915513,-0.349625,false
2026_04_DEN_SF,00-0035719,Deebo Samuel,SF,DEN,receptions,betonlineag,3.5,2.879101974644709,3.207745084202074,3.0,"",0.0,0.0,Under,-149,0.6975,0.5626591727408449,0.16562080536912754,false
2026_04_LAC_SEA,00-0038543,Jaxon Smith-Njigba,SEA,LAC,receptions,betonlineag,6.5,6.291514144244674,7.525578327260376,7.0,"",0.0,0.0,Over,-149,0.5025,0.5626591727408448,-0.16025167785234906,false
2026_04_LAC_SEA,00-0038543,Jaxon Smith-Njigba,SEA,LAC,receptions,betonlineag,6.5,6.291514144244674,7.525578327260376,7.0,"",0.0,0.0,Under,115,0.49750000000000005,0.43734082725915524,0.06962500000000005,false
2026_04_ARI_NYG,00-0037838,Isaiah Likely,NYG,ARI,receptions,bovada,4.5,3.056436830297381,3.3120012524079128,-2.5,"",0.0,0.59,Over,115,0.215,0.43668122270742354,-0.5377500000000001,false
2026_04_ARI_NYG,00-0037838,Isaiah Likely,NYG,ARI,receptions,bovada,4.5,3.056436830297381,3.3120012524079128,-2.5,"",0.0,0.59,Under,-150,0.785,0.5633187772925765,0.30833333333333335,false
2026_04_ARI_NYG,00-0039337,Malik Nabers,NYG,ARI,receptions,bovada,4.5,4.409899739002194,4.847254912183733,-2.5,"",0.0,0.59,Over,-150,0.5125,0.5633187772925765,-0.14583333333333343,false
2026_04_ARI_NYG,00-0039337,Malik Nabers,NYG,ARI,receptions,bovada,4.5,4.409899739002194,4.847254912183733,-2.5,"",0.0,0.59,Under,115,0.48750000000000004,0.4366812227074235,0.048125000000000084,false
2026_04_TEN_BAL,00-0040170,Elic Ayomanor,TEN,BAL,receptions,draftkings,1.5,1.9877783757913894,2.0357576572396288,-11.5,"",0.0,0.0,Over,-149,0.595,0.5638007147361783,-0.005671140939597363,true
2026_04_TEN_BAL,00-0040170,Elic Ayomanor,TEN,BAL,receptions,draftkings,1.5,1.9877783757913894,2.0357576572396288,-11.5,"",0.0,0.0,Under,116,0.405,0.4361992852638217,-0.12519999999999998,true
2026_04_TEN_BAL,00-0040170,Elic Ayomanor,TEN,BAL,receptions,bovada,1.5,1.9877783757913894,2.0357576572396288,-11.5,"",0.0,0.0,Over,-150,0.595,0.5633187772925765,-0.008333333333333415,true
2026_04_TEN_BAL,00-0040170,Elic Ayomanor,TEN,BAL,receptions,bovada,1.5,1.9877783757913894,2.0357576572396288,-11.5,"",0.0,0.0,Under,115,0.405,0.4366812227074235,-0.12924999999999998,true
2026_04_TEN_BAL,00-0038117,Wan'Dale Robinson,TEN,BAL,receptions,bovada,3.5,4.745473886328367,5.582719073540333,-11.5,"",0.0,0.0,Over,-150,0.72,0.5633187772925765,0.19999999999999996,true
2026_04_TEN_BAL,00-0038117,Wan'Dale Robinson,TEN,BAL,receptions,bovada,3.5,4.745473886328367,5.582719073540333,-11.5,"",0.0,0.0,Under,115,0.28,0.4366812227074235,-0.39799999999999996,true
2026_04_TEN_BAL,00-0039064,Zay Flowers,BAL,TEN,receptions,bovada,5.5,4.0493213722777845,4.782299859812926,11.5,Q,0.0,0.0,Over,115,0.2875,0.43668122270742354,-0.3818750000000001,false
2026_04_TEN_BAL,00-0039064,Zay Flowers,BAL,TEN,receptions,bovada,5.5,4.0493213722777845,4.782299859812926,11.5,Q,0.0,0.0,Under,-150,0.7125,0.5633187772925765,0.1875,false
2026_04_NE_BUF,00-0037816,Romeo Doubs,NE,BUF,receptions,bovada,3.5,2.8412622039185256,3.2326499344358424,-7.0,"",0.0,0.0,Over,115,0.3125,0.43668122270742354,-0.328125,false
2026_04_NE_BUF,00-0037816,Romeo Doubs,NE,BUF,receptions,bovada,3.5,2.8412622039185256,3.2326499344358424,-7.0,"",0.0,0.0,Under,-150,0.6875,0.5633187772925765,0.14583333333333331,false
2026_04_NYJ_CHI,00-0041032,Kenyon Sadiq,NYJ,CHI,receptions,bovada,4.5,2.7109257202287322,4.239835016360958,-3.5,Q,0.65,1.54,Over,115,0.175,0.43668122270742354,-0.62375,false
2026_04_NYJ_CHI,00-0041032,Kenyon Sadiq,NYJ,CHI,receptions,bovada,4.5,2.7109257202287322,4.239835016360958,-3.5,Q,0.65,1.54,Under,-150,0.825,0.5633187772925765,0.3749999999999999,false
2026_04_JAX_CIN,00-0039893,Brian Thomas Jr,JAX,CIN,receptions,bovada,2.5,2.7500367456841506,2.8772405192549018,-2.5,"",0.0,0.28,Over,115,0.5075,0.43668122270742354,0.0911249999999999,false
2026_04_JAX_CIN,00-0039893,Brian Thomas Jr,JAX,CIN,receptions,bovada,2.5,2.7500367456841506,2.8772405192549018,-2.5,"",0.0,0.28,Under,-150,0.49250000000000005,0.5633187772925765,-0.17916666666666659,false
2026_04_JAX_CIN,00-0038597,Chase Brown,CIN,JAX,receptions,bovada,3.5,3.1923775757869315,3.816125408200252,2.5,"",0.0,0.0,Over,115,0.425,0.43668122270742354,-0.08625,false
2026_04_JAX_CIN,00-0038597,Chase Brown,CIN,JAX,receptions,bovada,3.5,3.1923775757869315,3.816125408200252,2.5,"",0.0,0.0,Under,-150,0.575,0.5633187772925765,-0.04166666666666674,false
2026_04_DAL_HOU,00-0034383,Dalton Schultz,HOU,DAL,receptions,bovada,4.5,3.68190490924843,4.9111445635935125,3.0,ltd,0.0,0.67,Over,115,0.4,0.43668122270742354,-0.14,false
2026_04_DAL_HOU,00-0034383,Dalton Schultz,HOU,DAL,receptions,bovada,4.5,3.68190490924843,4.9111445635935125,3.0,ltd,0.0,0.67,Under,-150,0.6,0.5633187772925765,-5.551115123125783e-17,false
2026_04_DEN_SF,00-0033881,Evan Engram,DEN,SF,receptions,bovada,2.5,2.1059785948122456,2.1799808972049446,-3.0,"",0.0,0.0,Over,115,0.385,0.43668122270742354,-0.17225000000000001,false
2026_04_DEN_SF,00-0033881,Evan Engram,DEN,SF,receptions,bovada,2.5,2.1059785948122456,2.1799808972049446,-3.0,"",0.0,0.0,Under,-150,0.615,0.5633187772925765,0.024999999999999967,false
2026_04_DEN_SF,00-0033288,George Kittle,SF,DEN,receptions,bovada,4.5,3.576918884738057,4.606993094128247,3.0,"",0.0,0.0,Over,-150,0.3125,0.5633187772925765,-0.4791666666666667,false
2026_04_DEN_SF,00-0033288,George Kittle,SF,DEN,receptions,bovada,4.5,3.576918884738057,4.606993094128247,3.0,"",0.0,0.0,Under,115,0.6875,0.4366812227074235,0.4781249999999999,false
2026_04_LAC_SEA,00-0033908,Cooper Kupp,SEA,LAC,receptions,bovada,2.5,2.971802731099326,3.2921260691622507,7.0,"",0.0,0.0,Over,115,0.5625,0.43668122270742354,0.20937499999999998,true
2026_04_LAC_SEA,00-0033908,Cooper Kupp,SEA,LAC,receptions,bovada,2.5,2.971802731099326,3.2921260691622507,7.0,"",0.0,0.0,Under,-150,0.4375,0.5633187772925765,-0.27083333333333337,true
2026_04_LAC_SEA,00-0040727,Tre Harris,LAC,SEA,receptions,bovada,3.5,2.6153753003090707,2.6758300233230385,-7.0,"",0.18,0.0,Over,115,0.3275,0.43668122270742354,-0.295875,false
2026_04_LAC_SEA,00-0040727,Tre Harris,LAC,SEA,receptions,bovada,3.5,2.6153753003090707,2.6758300233230385,-7.0,"",0.18,0.0,Under,-150,0.6725,0.5633187772925765,0.12083333333333329,false
2026_04_ATL_NO,00-0037238,Drake London,ATL,NO,receptions,bovada,5.5,4.680043631845303,5.212233473614841,-1.5,"",0.0,0.0,Over,-150,0.37,0.5633187772925765,-0.38333333333333336,false
2026_04_ATL_NO,00-0037238,Drake London,ATL,NO,receptions,bovada,5.5,4.680043631845303,5.212233473614841,-1.5,"",0.0,0.0,Under,115,0.63,0.4366812227074235,0.3544999999999999,false
2026_04_TEN_BAL,00-0039064,Zay Flowers,BAL,TEN,receptions,draftkings,5.5,4.0493213722777845,4.782299859812926,11.5,Q,0.0,0.0,Over,117,0.2875,0.4350636870337043,-0.37612500000000004,false
2026_04_TEN_BAL,00-0039064,Zay Flowers,BAL,TEN,receptions,draftkings,5.5,4.0493213722777845,4.782299859812926,11.5,Q,0.0,0.0,Under,-149,0.7125,0.5649363129662957,0.19068791946308733,false
2026_04_NYJ_CHI,00-0032464,Kalif Raymond,CHI,NYJ,receptions,fanduel,3.5,2.609170023943414,3.646966693152012,3.5,"",0.0,0.0,Over,114,0.3325,0.4365299334811531,-0.28845,false
2026_04_NYJ_CHI,00-0032464,Kalif Raymond,CHI,NYJ,receptions,fanduel,3.5,2.609170023943414,3.646966693152012,3.5,"",0.0,0.0,Under,-152,0.6675,0.5634700665188469,0.10664473684210529,false
2026_04_DEN_SF,00-0033881,Evan Engram,DEN,SF,receptions,draftkings,2.5,2.1059785948122456,2.1799808972049446,-3.0,"",0.0,0.0,Over,117,0.385,0.4350636870337043,-0.16455000000000003,false
2026_04_DEN_SF,00-0033881,Evan Engram,DEN,SF,receptions,draftkings,2.5,2.1059785948122456,2.1799808972049446,-3.0,"",0.0,0.0,Under,-149,0.615,0.5649363129662957,0.027751677852349,false
2026_04_DEN_SF,00-0034348,Courtland Sutton,DEN,SF,receptions,fanduel,3.5,3.033459827636641,3.4897475935723126,-3.0,"",0.0,0.0,Over,114,0.37,0.4365299334811531,-0.20820000000000005,false
2026_04_DEN_SF,00-0034348,Courtland Sutton,DEN,SF,receptions,fanduel,3.5,3.033459827636641,3.4897475935723126,-3.0,"",0.0,0.0,Under,-152,0.63,0.5634700665188469,0.04447368421052633,false
2026_04_JAX_CIN,00-0039893,Brian Thomas Jr,JAX,CIN,receptions,draftkings,2.5,2.7500367456841506,2.8772405192549018,-2.5,"",0.0,0.28,Over,117,0.5075,0.4344048653344917,0.10127499999999989,false
2026_04_JAX_CIN,00-0039893,Brian Thomas Jr,JAX,CIN,receptions,draftkings,2.5,2.7500367456841506,2.8772405192549018,-2.5,"",0.0,0.28,Under,-150,0.49250000000000005,0.5655951346655084,-0.17916666666666659,false
2026_04_DAL_HOU,00-0037247,George Pickens,DAL,HOU,receptions,betonlineag,4.5,4.713593726436294,5.128095953180868,-3.0,"",0.0,0.62,Over,-152,0.5525,0.56575682382134,-0.08401315789473685,false
2026_04_DAL_HOU,00-0037247,George Pickens,DAL,HOU,receptions,betonlineag,4.5,4.713593726436294,5.128095953180868,-3.0,"",0.0,0.62,Under,116,0.4475,0.43424317617866004,-0.033399999999999985,false
2026_04_LAC_SEA,00-0033908,Cooper Kupp,SEA,LAC,receptions,draftkings,2.5,2.971802731099326,3.2921260691622507,7.0,"",0.0,0.0,Over,118,0.5625,0.43327556325823224,0.22624999999999995,true
2026_04_LAC_SEA,00-0033908,Cooper Kupp,SEA,LAC,receptions,draftkings,2.5,2.971802731099326,3.2921260691622507,7.0,"",0.0,0.0,Under,-150,0.4375,0.5667244367417678,-0.27083333333333337,true
2026_04_ARI_NYG,00-0037838,Isaiah Likely,NYG,ARI,receptions,draftkings,4.5,3.056436830297381,3.3120012524079128,-2.5,"",0.0,0.59,Over,118,0.215,0.4326243579578752,-0.5313000000000001,false
2026_04_ARI_NYG,00-0037838,Isaiah Likely,NYG,ARI,receptions,draftkings,4.5,3.056436830297381,3.3120012524079128,-2.5,"",0.0,0.59,Under,-151,0.785,0.5673756420421248,0.3048675496688743,false
2026_04_TEN_BAL,00-0038117,Wan'Dale Robinson,TEN,BAL,receptions,draftkings,3.5,4.745473886328367,5.582719073540333,-11.5,"",0.0,0.0,Over,-151,0.72,0.5673756420421249,0.1968211920529801,true
2026_04_TEN_BAL,00-0038117,Wan'Dale Robinson,TEN,BAL,receptions,draftkings,3.5,4.745473886328367,5.582719073540333,-11.5,"",0.0,0.0,Under,118,0.28,0.4326243579578751,-0.38959999999999995,true
2026_04_LA_PHI,00-0038393,Dontayvion Wicks,PHI,LA,receptions,betonlineag,3.5,2.355575053018078,2.54302377230974,-3.5,"",1.48,0.76,Over,-152,0.26,0.5668912415784408,-0.5689473684210526,true
2026_04_LA_PHI,00-0038393,Dontayvion Wicks,PHI,LA,receptions,betonlineag,3.5,2.355575053018078,2.54302377230974,-3.5,"",1.48,0.76,Under,117,0.74,0.43310875842155916,0.6057999999999999,true
2026_04_MIA_MIN,00-0033293,Aaron Jones,MIN,MIA,receptions,betonlineag,3.5,2.0480981427009426,2.2939462605641476,10.0,ltd,0.0,0.56,Over,117,0.21,0.43310875842155927,-0.5443,true
2026_04_MIA_MIN,00-0033293,Aaron Jones,MIN,MIA,receptions,betonlineag,3.5,2.0480981427009426,2.2939462605641476,10.0,ltd,0.0,0.56,Under,-152,0.79,0.5668912415784407,0.3097368421052632,true
2026_04_DEN_SF,00-0033288,George Kittle,SF,DEN,receptions,draftkings,4.5,3.576918884738057,4.606993094128247,3.0,"",0.0,0.0,Over,-151,0.3125,0.5673756420421249,-0.48054635761589404,false
2026_04_DEN_SF,00-0033288,George Kittle,SF,DEN,receptions,draftkings,4.5,3.576918884738057,4.606993094128247,3.0,"",0.0,0.0,Under,118,0.6875,0.4326243579578751,0.4987499999999999,false
2026_04_DEN_SF,00-0040134,Pat Bryant,DEN,SF,receptions,betonlineag,2.5,1.238670934735312,2.4093438275618744,-3.0,"",0.0,0.0,Over,117,0.2,0.43310875842155927,-0.5660000000000001,false
2026_04_DEN_SF,00-0040134,Pat Bryant,DEN,SF,receptions,betonlineag,2.5,1.238670934735312,2.4093438275618744,-3.0,"",0.0,0.0,Under,-152,0.8,0.5668912415784407,0.32631578947368434,false
2026_04_KC_LV,00-0040122,Ashton Jeanty,LV,KC,receptions,betonlineag,3.5,3.0327059882631877,3.63259260076211,-4.5,"",0.0,0.0,Over,117,0.37,0.43310875842155927,-0.19710000000000005,false
2026_04_KC_LV,00-0040122,Ashton Jeanty,LV,KC,receptions,betonlineag,3.5,3.0327059882631877,3.63259260076211,-4.5,"",0.0,0.0,Under,-152,0.63,0.5668912415784407,0.04447368421052633,false
2026_04_LAC_SEA,00-0033908,Cooper Kupp,SEA,LAC,receptions,betonlineag,2.5,2.971802731099326,3.2921260691622507,7.0,"",0.0,0.0,Over,117,0.5625,0.43310875842155927,0.22062499999999996,true
2026_04_LAC_SEA,00-0033908,Cooper Kupp,SEA,LAC,receptions,betonlineag,2.5,2.971802731099326,3.2921260691622507,7.0,"",0.0,0.0,Under,-152,0.4375,0.5668912415784407,-0.2746710526315789,true
2026_04_LAC_SEA,00-0040727,Tre Harris,LAC,SEA,receptions,betonlineag,3.5,2.6153753003090707,2.6758300233230385,-7.0,"",0.18,0.0,Over,117,0.3275,0.43310875842155927,-0.289325,false
2026_04_LAC_SEA,00-0040727,Tre Harris,LAC,SEA,receptions,betonlineag,3.5,2.6153753003090707,2.6758300233230385,-7.0,"",0.18,0.0,Under,-152,0.6725,0.5668912415784407,0.1149342105263158,false
2026_04_TEN_BAL,00-0040170,Elic Ayomanor,TEN,BAL,receptions,fanduel,1.5,1.9877783757913894,2.0357576572396288,-11.5,"",0.0,0.0,Over,-154,0.595,0.5670257738988136,-0.018636363636363673,true
2026_04_TEN_BAL,00-0040170,Elic Ayomanor,TEN,BAL,receptions,fanduel,1.5,1.9877783757913894,2.0357576572396288,-11.5,"",0.0,0.0,Under,116,0.405,0.4329742261011864,-0.12519999999999998,true
2026_04_TEN_BAL,00-0034753,Mark Andrews,BAL,TEN,receptions,betmgm,3.5,3.0314737844474653,3.292881229561313,11.5,"",0.0,0.0,Over,-155,0.375,0.5665108372290694,-0.38306451612903225,false
2026_04_TEN_BAL,00-0034753,Mark Andrews,BAL,TEN,receptions,betmgm,3.5,3.0314737844474653,3.292881229561313,11.5,"",0.0,0.0,Under,115,0.625,0.43348916277093064,0.34375,false
2026_04_NE_BUF,00-0037261,Khalil Shakir,BUF,NE,receptions,fanduel,3.5,4.058019804476033,4.529533124139212,7.0,"",0.0,0.95,Over,-154,0.5725,0.5670257738988136,-0.05574675324675321,false
2026_04_NE_BUF,00-0037261,Khalil Shakir,BUF,NE,receptions,fanduel,3.5,4.058019804476033,4.529533124139212,7.0,"",0.0,0.95,Under,116,0.4275,0.4329742261011864,-0.07660000000000006,false
2026_04_NYJ_CHI,00-0040126,Colston Loveland,CHI,NYJ,receptions,betmgm,3.5,3.7872949176285946,3.81547652034449,3.5,"",0.0,0.0,Over,115,0.5825,0.43348916277093075,0.252375,false
2026_04_NYJ_CHI,00-0040126,Colston Loveland,CHI,NYJ,receptions,betmgm,3.5,3.7872949176285946,3.81547652034449,3.5,"",0.0,0.0,Under,-155,0.4175,0.5665108372290693,-0.3131451612903226,false
2026_04_DAL_HOU,00-0034383,Dalton Schultz,HOU,DAL,receptions,betmgm,4.5,3.68190490924843,4.9111445635935125,3.0,ltd,0.0,0.67,Over,115,0.4,0.43348916277093075,-0.14,false
2026_04_DAL_HOU,00-0034383,Dalton Schultz,HOU,DAL,receptions,betmgm,4.5,3.68190490924843,4.9111445635935125,3.0,ltd,0.0,0.67,Under,-155,0.6,0.5665108372290693,-0.012903225806451646,false
2026_04_DAL_HOU,00-0036358,CeeDee Lamb,DAL,HOU,receptions,betmgm,5.5,4.986314951108594,5.86035014077109,-3.0,"",0.0,0.62,Over,-155,0.4475,0.5665108372290694,-0.26379032258064516,false
2026_04_DAL_HOU,00-0036358,CeeDee Lamb,DAL,HOU,receptions,betmgm,5.5,4.986314951108594,5.86035014077109,-3.0,"",0.0,0.62,Under,115,0.5525,0.43348916277093064,0.1878749999999999,false
2026_04_GB_TB,00-0038124,Christian Watson,GB,TB,receptions,fanduel,4.5,4.080393307132554,4.254476956380815,3.0,"",0.0,0.67,Over,-154,0.41,0.5670257738988136,-0.32376623376623387,false
2026_04_GB_TB,00-0038124,Christian Watson,GB,TB,receptions,fanduel,4.5,4.080393307132554,4.254476956380815,3.0,"",0.0,0.67,Under,116,0.5900000000000001,0.4329742261011864,0.2744000000000001,false
2026_04_LA_PHI,00-0038393,Dontayvion Wicks,PHI,LA,receptions,betmgm,3.5,2.355575053018078,2.54302377230974,-3.5,"",1.48,0.76,Over,-155,0.26,0.5665108372290694,-0.572258064516129,true
2026_04_LA_PHI,00-0038393,Dontayvion Wicks,PHI,LA,receptions,betmgm,3.5,2.355575053018078,2.54302377230974,-3.5,"",1.48,0.76,Under,115,0.74,0.43348916277093064,0.591,true
2026_04_MIA_MIN,00-0033293,Aaron Jones,MIN,MIA,receptions,fanduel,3.5,2.0480981427009426,2.2939462605641476,10.0,ltd,0.0,0.56,Over,116,0.21,0.43297422610118635,-0.5464,true
2026_04_MIA_MIN,00-0033293,Aaron Jones,MIN,MIA,receptions,fanduel,3.5,2.0480981427009426,2.2939462605641476,10.0,ltd,0.0,0.56,Under,-154,0.79,0.5670257738988136,0.302987012987013,true
2026_04_MIA_MIN,00-0033293,Aaron Jones,MIN,MIA,receptions,betmgm,3.5,2.0480981427009426,2.2939462605641476,10.0,ltd,0.0,0.56,Over,115,0.21,0.43348916277093075,-0.5485000000000001,true
2026_04_MIA_MIN,00-0033293,Aaron Jones,MIN,MIA,receptions,betmgm,3.5,2.0480981427009426,2.2939462605641476,10.0,ltd,0.0,0.56,Under,-155,0.79,0.5665108372290693,0.2996774193548387,true
2026_04_LAC_SEA,00-0040727,Tre Harris,LAC,SEA,receptions,betmgm,3.5,2.6153753003090707,2.6758300233230385,-7.0,"",0.18,0.0,Over,115,0.3275,0.43348916277093075,-0.295875,false
2026_04_LAC_SEA,00-0040727,Tre Harris,LAC,SEA,receptions,betmgm,3.5,2.6153753003090707,2.6758300233230385,-7.0,"",0.18,0.0,Under,-155,0.6725,0.5665108372290693,0.10637096774193544,false
2026_04_ATL_NO,00-0039424,Devaughn Vele,NO,ATL,receptions,betmgm,3.5,3.2770620358953453,3.8590480538193503,1.5,"",0.0,0.0,Over,-155,0.4825,0.5665108372290694,-0.20620967741935492,false
2026_04_ATL_NO,00-0039424,Devaughn Vele,NO,ATL,receptions,betmgm,3.5,3.2770620358953453,3.8590480538193503,1.5,"",0.0,0.0,Under,115,0.5175000000000001,0.43348916277093064,0.11262500000000009,false
2026_04_NE_BUF,00-0034827,DJ Moore,BUF,NE,receptions,draftkings,3.5,3.015907688389012,3.6075202665216195,7.0,ltd,0.0,0.95,Over,-152,0.405,0.5691423881821912,-0.3285526315789473,false
2026_04_NE_BUF,00-0034827,DJ Moore,BUF,NE,receptions,draftkings,3.5,3.015907688389012,3.6075202665216195,7.0,ltd,0.0,0.95,Under,119,0.595,0.4308576118178088,0.30304999999999993,false
2026_04_TEN_BAL,00-0040170,Elic Ayomanor,TEN,BAL,receptions,betonlineag,1.5,1.9877783757913894,2.0357576572396288,-11.5,"",0.0,0.0,Over,-154,0.595,0.5692871193108593,-0.018636363636363673,true
2026_04_TEN_BAL,00-0040170,Elic Ayomanor,TEN,BAL,receptions,betonlineag,1.5,1.9877783757913894,2.0357576572396288,-11.5,"",0.0,0.0,Under,118,0.405,0.4307128806891407,-0.11709999999999998,true
2026_04_NE_BUF,00-0037816,Romeo Doubs,NE,BUF,receptions,betonlineag,3.5,2.8412622039185256,3.2326499344358424,-7.0,"",0.0,0.0,Over,118,0.3125,0.4307128806891406,-0.31875000000000003,false
2026_04_NE_BUF,00-0037816,Romeo Doubs,NE,BUF,receptions,betonlineag,3.5,2.8412622039185256,3.2326499344358424,-7.0,"",0.0,0.0,Under,-154,0.6875,0.5692871193108594,0.1339285714285714,false
2026_04_JAX_CIN,00-0039893,Brian Thomas Jr,JAX,CIN,receptions,betonlineag,2.5,2.7500367456841506,2.8772405192549018,-2.5,"",0.0,0.28,Over,118,0.5075,0.4307128806891406,0.10634999999999983,false
2026_04_JAX_CIN,00-0039893,Brian Thomas Jr,JAX,CIN,receptions,betonlineag,2.5,2.7500367456841506,2.8772405192549018,-2.5,"",0.0,0.28,Under,-154,0.49250000000000005,0.5692871193108594,-0.18769480519480514,false
2026_04_KC_LV,00-0038563,Tre Tucker,LV,KC,receptions,betonlineag,3.5,3.021241699769703,3.3186116773578678,-4.5,"",0.0,0.0,Over,118,0.3825,0.4307128806891406,-0.16614999999999996,false
2026_04_KC_LV,00-0038563,Tre Tucker,LV,KC,receptions,betonlineag,3.5,3.021241699769703,3.3186116773578678,-4.5,"",0.0,0.0,Under,-154,0.6174999999999999,0.5692871193108594,0.018474025974025865,false
2026_04_DET_CAR,00-0040124,Tetairoa McMillan,CAR,DET,receptions,betonlineag,5.5,4.090259047821475,3.8395566287710956,-3.5,"",0.44,0.0,Over,118,0.28,0.4307128806891406,-0.38959999999999995,true
2026_04_DET_CAR,00-0040124,Tetairoa McMillan,CAR,DET,receptions,betonlineag,5.5,4.090259047821475,3.8395566287710956,-3.5,"",0.44,0.0,Under,-154,0.72,0.5692871193108594,0.1875324675324675,true
2026_04_ARI_NYG,00-0038559,Michael Wilson,ARI,NYG,receptions,draftkings,4.5,4.952196085908236,5.68716642943785,2.5,"",0.0,0.0,Over,-153,0.59,0.5708955223880597,-0.02437908496732033,false
2026_04_ARI_NYG,00-0038559,Michael Wilson,ARI,NYG,receptions,draftkings,4.5,4.952196085908236,5.68716642943785,2.5,"",0.0,0.0,Under,120,0.41000000000000003,0.42910447761194026,-0.09799999999999998,false
2026_04_LA_PHI,00-0038393,Dontayvion Wicks,PHI,LA,receptions,draftkings,3.5,2.355575053018078,2.54302377230974,-3.5,"",1.48,0.76,Over,-153,0.26,0.5708955223880597,-0.5700653594771241,true
2026_04_LA_PHI,00-0038393,Dontayvion Wicks,PHI,LA,receptions,draftkings,3.5,2.355575053018078,2.54302377230974,-3.5,"",1.48,0.76,Under,120,0.74,0.42910447761194026,0.628,true
2026_04_DEN_SF,00-0040134,Pat Bryant,DEN,SF,receptions,draftkings,2.5,1.238670934735312,2.4093438275618744,-3.0,"",0.0,0.0,Over,120,0.2,0.42847503373819157,-0.56,false
2026_04_DEN_SF,00-0040134,Pat Bryant,DEN,SF,receptions,draftkings,2.5,1.238670934735312,2.4093438275618744,-3.0,"",0.0,0.0,Under,-154,0.8,0.5715249662618085,0.3194805194805196,false
2026_04_DET_CAR,00-0039065,Sam LaPorta,DET,CAR,receptions,draftkings,4.5,3.725926561686673,4.617782987012845,3.5,"",0.0,0.0,Over,120,0.4125,0.42847503373819157,-0.09250000000000008,false
2026_04_DET_CAR,00-0039065,Sam LaPorta,DET,CAR,receptions,draftkings,4.5,3.725926561686673,4.617782987012845,3.5,"",0.0,0.0,Under,-154,0.5875,0.5715249662618085,-0.031006493506493482,false
2026_04_ARI_NYG,00-0038559,Michael Wilson,ARI,NYG,receptions,betonlineag,5.5,4.952196085908236,5.68716642943785,2.5,"",0.0,0.0,Over,120,0.4375,0.42723631508678234,-0.03749999999999998,false
2026_04_ARI_NYG,00-0038559,Michael Wilson,ARI,NYG,receptions,betonlineag,5.5,4.952196085908236,5.68716642943785,2.5,"",0.0,0.0,Under,-156,0.5625,0.5727636849132176,-0.07692307692307687,false
2026_04_TEN_BAL,00-0034753,Mark Andrews,BAL,TEN,receptions,draftkings,3.5,3.0314737844474653,3.292881229561313,11.5,"",0.0,0.0,Over,-155,0.375,0.5732574679943101,-0.38306451612903225,false
2026_04_TEN_BAL,00-0034753,Mark Andrews,BAL,TEN,receptions,draftkings,3.5,3.0314737844474653,3.292881229561313,11.5,"",0.0,0.0,Under,121,0.625,0.4267425320056899,0.38125,false
2026_04_GB_TB,00-0038996,Tucker Kraft,GB,TB,receptions,fanduel,3.5,3.150742633361486,3.5386712946124557,3.0,"",0.0,0.67,Over,-158,0.4225,0.571741584224155,-0.3100949367088608,false
2026_04_GB_TB,00-0038996,Tucker Kraft,GB,TB,receptions,fanduel,3.5,3.150742633361486,3.5386712946124557,3.0,"",0.0,0.67,Under,118,0.5775,0.428258415775845,0.25895,false
2026_04_LA_PHI,00-0037840,Kyren Williams,LA,PHI,receptions,fanduel,2.5,2.699202236407582,2.9533260497524427,3.5,"",0.0,0.72,Over,118,0.535,0.42825841577584495,0.1663,true
2026_04_LA_PHI,00-0037840,Kyren Williams,LA,PHI,receptions,fanduel,2.5,2.699202236407582,2.9533260497524427,3.5,"",0.0,0.72,Under,-158,0.46499999999999997,0.5717415842241551,-0.2406962025316456,true
2026_04_DEN_SF,00-0035719,Deebo Samuel,SF,DEN,receptions,fanduel,3.5,2.879101974644709,3.207745084202074,3.0,"",0.0,0.0,Over,118,0.3025,0.42825841577584495,-0.34055,false
2026_04_DEN_SF,00-0035719,Deebo Samuel,SF,DEN,receptions,fanduel,3.5,2.879101974644709,3.207745084202074,3.0,"",0.0,0.0,Under,-158,0.6975,0.5717415842241551,0.13895569620253168,false
2026_04_DEN_SF,00-0040134,Pat Bryant,DEN,SF,receptions,fanduel,2.5,1.238670934735312,2.4093438275618744,-3.0,"",0.0,0.0,Over,118,0.2,0.42825841577584495,-0.5640000000000001,false
2026_04_DEN_SF,00-0040134,Pat Bryant,DEN,SF,receptions,fanduel,2.5,1.238670934735312,2.4093438275618744,-3.0,"",0.0,0.0,Under,-158,0.8,0.5717415842241551,0.3063291139240507,false
2026_04_KC_LV,00-0039066,Michael Mayer,LV,KC,receptions,fanduel,2.5,2.756297636901301,3.304893360000662,-4.5,"",0.0,0.0,Over,-158,0.515,0.571741584224155,-0.15905063291139238,false
2026_04_KC_LV,00-0039066,Michael Mayer,LV,KC,receptions,fanduel,2.5,2.756297636901301,3.304893360000662,-4.5,"",0.0,0.0,Under,118,0.485,0.428258415775845,0.05729999999999991,false
2026_04_KC_LV,00-0038563,Tre Tucker,LV,KC,receptions,fanduel,3.5,3.021241699769703,3.3186116773578678,-4.5,"",0.0,0.0,Over,118,0.3825,0.42825841577584495,-0.16614999999999996,false
2026_04_KC_LV,00-0038563,Tre Tucker,LV,KC,receptions,fanduel,3.5,3.021241699769703,3.3186116773578678,-4.5,"",0.0,0.0,Under,-158,0.6174999999999999,0.5717415842241551,0.008322784810126493,false
2026_04_ATL_NO,00-0039424,Devaughn Vele,NO,ATL,receptions,betonlineag,3.5,3.2770620358953453,3.8590480538193503,1.5,"",0.0,0.0,Over,-156,0.4825,0.5727636849132176,-0.20820512820512826,false
2026_04_ATL_NO,00-0039424,Devaughn Vele,NO,ATL,receptions,betonlineag,3.5,3.2770620358953453,3.8590480538193503,1.5,"",0.0,0.0,Under,120,0.5175000000000001,0.4272363150867824,0.13850000000000018,false
2026_04_LA_PHI,00-0037840,Kyren Williams,LA,PHI,receptions,draftkings,2.5,2.699202236407582,2.9533260497524427,3.5,"",0.0,0.72,Over,122,0.535,0.4256384576865298,0.1877000000000001,true
2026_04_LA_PHI,00-0037840,Kyren Williams,LA,PHI,receptions,draftkings,2.5,2.699202236407582,2.9533260497524427,3.5,"",0.0,0.72,Under,-155,0.46499999999999997,0.5743615423134703,-0.23500000000000004,true
2026_04_KC_LV,00-0037291,Jalen Nailor,LV,KC,receptions,draftkings,1.5,1.6373768328639198,1.584669194887426,-4.5,"",0.0,0.0,Over,-156,0.4875,0.5749767565413734,-0.19999999999999996,false
2026_04_KC_LV,00-0037291,Jalen Nailor,LV,KC,receptions,draftkings,1.5,1.6373768328639198,1.584669194887426,-4.5,"",0.0,0.0,Under,122,0.5125,0.42502324345862663,0.13774999999999993,false
2026_04_LAC_SEA,00-0039915,Ladd McConkey,LAC,SEA,receptions,draftkings,4.5,3.168254072768687,3.592500847042615,-7.0,Q,0.18,0.0,Over,122,0.285,0.4250232434586267,-0.3673000000000001,false
2026_04_LAC_SEA,00-0039915,Ladd McConkey,LAC,SEA,receptions,draftkings,4.5,3.168254072768687,3.592500847042615,-7.0,Q,0.18,0.0,Under,-156,0.7150000000000001,0.5749767565413733,0.1733333333333335,false
2026_04_DET_CAR,00-0040124,Tetairoa McMillan,CAR,DET,receptions,draftkings,5.5,4.090259047821475,3.8395566287710956,-3.5,"",0.44,0.0,Over,122,0.28,0.4250232434586267,-0.37839999999999996,true
2026_04_DET_CAR,00-0040124,Tetairoa McMillan,CAR,DET,receptions,draftkings,5.5,4.090259047821475,3.8395566287710956,-3.5,"",0.44,0.0,Under,-156,0.72,0.5749767565413733,0.18153846153846154,true
2026_04_ARI_NYG,00-0038559,Michael Wilson,ARI,NYG,receptions,fanduel,5.5,4.952196085908236,5.68716642943785,2.5,"",0.0,0.0,Over,120,0.4375,0.4248366013071895,-0.03749999999999998,false
2026_04_ARI_NYG,00-0038559,Michael Wilson,ARI,NYG,receptions,fanduel,5.5,4.952196085908236,5.68716642943785,2.5,"",0.0,0.0,Under,-160,0.5625,0.5751633986928105,-0.0859375,false
2026_04_ARI_NYG,00-0037838,Isaiah Likely,NYG,ARI,receptions,betmgm,3.5,3.056436830297381,3.3120012524079128,-2.5,"",0.0,0.59,Over,-160,0.3625,0.5751633986928104,-0.41093749999999996,false
2026_04_ARI_NYG,00-0037838,Isaiah Likely,NYG,ARI,receptions,betmgm,3.5,3.056436830297381,3.3120012524079128,-2.5,"",0.0,0.59,Under,120,0.6375,0.4248366013071896,0.40249999999999986,false
2026_04_ARI_NYG,00-0039337,Malik Nabers,NYG,ARI,receptions,betmgm,4.5,4.409899739002194,4.847254912183733,-2.5,"",0.0,0.59,Over,-160,0.5125,0.5751633986928104,-0.16718750000000004,false
2026_04_ARI_NYG,00-0039337,Malik Nabers,NYG,ARI,receptions,betmgm,4.5,4.409899739002194,4.847254912183733,-2.5,"",0.0,0.59,Under,120,0.48750000000000004,0.4248366013071896,0.07250000000000012,false
2026_04_ARI_NYG,00-0038559,Michael Wilson,ARI,NYG,receptions,betmgm,4.5,4.952196085908236,5.68716642943785,2.5,"",0.0,0.0,Over,-160,0.59,0.5751633986928104,-0.041250000000000064,false
2026_04_ARI_NYG,00-0038559,Michael Wilson,ARI,NYG,receptions,betmgm,4.5,4.952196085908236,5.68716642943785,2.5,"",0.0,0.0,Under,120,0.41000000000000003,0.4248366013071896,-0.09799999999999998,false
2026_04_ARI_NYG,00-0038559,Michael Wilson,ARI,NYG,receptions,bovada,4.5,4.952196085908236,5.68716642943785,2.5,"",0.0,0.0,Over,-160,0.59,0.5751633986928104,-0.041250000000000064,false
2026_04_ARI_NYG,00-0038559,Michael Wilson,ARI,NYG,receptions,bovada,4.5,4.952196085908236,5.68716642943785,2.5,"",0.0,0.0,Under,120,0.41000000000000003,0.4248366013071896,-0.09799999999999998,false
2026_04_TEN_BAL,00-0039032,Tyjae Spears,TEN,BAL,receptions,fanduel,2.5,2.1099792049354527,2.696743305708095,-11.5,Q,0.0,0.0,Over,120,0.38,0.4248366013071895,-0.16400000000000003,false
2026_04_TEN_BAL,00-0039032,Tyjae Spears,TEN,BAL,receptions,fanduel,2.5,2.1099792049354527,2.696743305708095,-11.5,Q,0.0,0.0,Under,-160,0.62,0.5751633986928105,0.007500000000000007,false
2026_04_TEN_BAL,00-0034753,Mark Andrews,BAL,TEN,receptions,bovada,3.5,3.0314737844474653,3.292881229561313,11.5,"",0.0,0.0,Over,-160,0.375,0.5751633986928104,-0.390625,false
2026_04_TEN_BAL,00-0034753,Mark Andrews,BAL,TEN,receptions,bovada,3.5,3.0314737844474653,3.292881229561313,11.5,"",0.0,0.0,Under,120,0.625,0.4248366013071896,0.375,false
2026_04_NE_BUF,00-0038933,Dalton Kincaid,BUF,NE,receptions,draftkings,4.5,2.9900716788743766,3.8265693793834092,7.0,"",0.0,0.95,Over,123,0.2425,0.4233170265684967,-0.45922500000000005,false
2026_04_NE_BUF,00-0038933,Dalton Kincaid,BUF,NE,receptions,draftkings,4.5,2.9900716788743766,3.8265693793834092,7.0,"",0.0,0.95,Under,-157,0.7575000000000001,0.5766829734315033,0.23998407643312109,false
2026_04_NE_BUF,00-0037261,Khalil Shakir,BUF,NE,receptions,betmgm,3.5,4.058019804476033,4.529533124139212,7.0,"",0.0,0.95,Over,-160,0.5725,0.5751633986928104,-0.06968750000000001,false
2026_04_NE_BUF,00-0037261,Khalil Shakir,BUF,NE,receptions,betmgm,3.5,4.058019804476033,4.529533124139212,7.0,"",0.0,0.95,Under,120,0.4275,0.4248366013071896,-0.0595,false
2026_04_NE_BUF,00-0033090,Hunter Henry,NE,BUF,receptions,betmgm,3.5,2.9138444344580026,2.71860961112653,-7.0,"",0.0,0.0,Over,120,0.32,0.4248366013071895,-0.29599999999999993,false
2026_04_NE_BUF,00-0033090,Hunter Henry,NE,BUF,receptions,betmgm,3.5,2.9138444344580026,2.71860961112653,-7.0,"",0.0,0.0,Under,-160,0.6799999999999999,0.5751633986928105,0.10499999999999987,false
2026_04_NE_BUF,00-0034827,DJ Moore,BUF,NE,receptions,bovada,3.5,3.015907688389012,3.6075202665216195,7.0,ltd,0.0,0.95,Over,-160,0.405,0.5751633986928104,-0.34187499999999993,false
2026_04_NE_BUF,00-0034827,DJ Moore,BUF,NE,receptions,bovada,3.5,3.015907688389012,3.6075202665216195,7.0,ltd,0.0,0.95,Under,120,0.595,0.4248366013071896,0.30899999999999994,false
2026_04_NE_BUF,00-0038933,Dalton Kincaid,BUF,NE,receptions,bovada,4.5,2.9900716788743766,3.8265693793834092,7.0,"",0.0,0.95,Over,120,0.2425,0.4248366013071895,-0.4665000000000001,false
2026_04_NE_BUF,00-0038933,Dalton Kincaid,BUF,NE,receptions,bovada,4.5,2.9900716788743766,3.8265693793834092,7.0,"",0.0,0.95,Under,-160,0.7575000000000001,0.5751633986928105,0.23093750000000013,false
2026_04_JAX_CIN,00-0036900,Ja'Marr Chase,CIN,JAX,receptions,fanduel,7.5,6.561461481295385,7.257900614040525,2.5,"",0.11,0.0,Over,120,0.41,0.4248366013071895,-0.09800000000000014,false
2026_04_JAX_CIN,00-0036900,Ja'Marr Chase,CIN,JAX,receptions,fanduel,7.5,6.561461481295385,7.257900614040525,2.5,"",0.11,0.0,Under,-160,0.5900000000000001,0.5751633986928105,-0.0412499999999999,false
2026_04_JAX_CIN,00-0039893,Brian Thomas Jr,JAX,CIN,receptions,fanduel,2.5,2.7500367456841506,2.8772405192549018,-2.5,"",0.0,0.28,Over,120,0.5075,0.4248366013071895,0.11649999999999983,false
2026_04_JAX_CIN,00-0039893,Brian Thomas Jr,JAX,CIN,receptions,fanduel,2.5,2.7500367456841506,2.8772405192549018,-2.5,"",0.0,0.28,Under,-160,0.49250000000000005,0.5751633986928105,-0.1996874999999999,false
2026_04_JAX_CIN,00-0039893,Brian Thomas Jr,JAX,CIN,receptions,betmgm,2.5,2.7500367456841506,2.8772405192549018,-2.5,"",0.0,0.28,Over,120,0.5075,0.4248366013071895,0.11649999999999983,false
2026_04_JAX_CIN,00-0039893,Brian Thomas Jr,JAX,CIN,receptions,betmgm,2.5,2.7500367456841506,2.8772405192549018,-2.5,"",0.0,0.28,Under,-160,0.49250000000000005,0.5751633986928105,-0.1996874999999999,false
2026_04_JAX_CIN,00-0038597,Chase Brown,CIN,JAX,receptions,betmgm,3.5,3.1923775757869315,3.816125408200252,2.5,"",0.0,0.0,Over,120,0.425,0.4248366013071895,-0.06499999999999995,false
2026_04_JAX_CIN,00-0038597,Chase Brown,CIN,JAX,receptions,betmgm,3.5,3.1923775757869315,3.816125408200252,2.5,"",0.0,0.0,Under,-160,0.575,0.5751633986928105,-0.06562500000000004,false
2026_04_GB_TB,00-0038996,Tucker Kraft,GB,TB,receptions,draftkings,3.5,3.150742633361486,3.5386712946124557,3.0,"",0.0,0.67,Over,-157,0.4225,0.5766829734315034,-0.30839171974522295,false
2026_04_GB_TB,00-0038996,Tucker Kraft,GB,TB,receptions,draftkings,3.5,3.150742633361486,3.5386712946124557,3.0,"",0.0,0.67,Under,123,0.5775,0.42331702656849657,0.287825,false
2026_04_GB_TB,00-0038129,Cade Otton,TB,GB,receptions,fanduel,2.5,3.4740839330079862,3.9392438219004284,-3.0,"",0.07,0.0,Over,-160,0.6475,0.5751633986928104,0.05218749999999994,true
2026_04_GB_TB,00-0038129,Cade Otton,TB,GB,receptions,fanduel,2.5,3.4740839330079862,3.9392438219004284,-3.0,"",0.07,0.0,Under,120,0.35250000000000004,0.4248366013071896,-0.22449999999999992,true
2026_04_GB_TB,00-0038996,Tucker Kraft,GB,TB,receptions,bovada,3.5,3.150742633361486,3.5386712946124557,3.0,"",0.0,0.67,Over,-160,0.4225,0.5751633986928104,-0.31343750000000004,false
2026_04_GB_TB,00-0038996,Tucker Kraft,GB,TB,receptions,bovada,3.5,3.150742633361486,3.5386712946124557,3.0,"",0.0,0.67,Under,120,0.5775,0.4248366013071896,0.27049999999999996,false
2026_04_GB_TB,00-0038124,Christian Watson,GB,TB,receptions,betmgm,5.5,4.080393307132554,4.254476956380815,3.0,"",0.0,0.67,Over,120,0.2775,0.4248366013071895,-0.3894999999999999,false
2026_04_GB_TB,00-0038124,Christian Watson,GB,TB,receptions,betmgm,5.5,4.080393307132554,4.254476956380815,3.0,"",0.0,0.67,Under,-160,0.7224999999999999,0.5751633986928105,0.1740624999999999,false
2026_04_LA_PHI,00-0033110,Tyler Higbee,LA,PHI,receptions,betmgm,3.5,2.36198395392513,3.171481017625884,3.5,ltd,0.48,0.72,Over,120,0.2625,0.4248366013071895,-0.42250000000000004,false
2026_04_LA_PHI,00-0033110,Tyler Higbee,LA,PHI,receptions,betmgm,3.5,2.36198395392513,3.171481017625884,3.5,ltd,0.48,0.72,Under,-160,0.7375,0.5751633986928105,0.19843750000000004,false
2026_04_LA_PHI,00-0038393,Dontayvion Wicks,PHI,LA,receptions,bovada,3.5,2.355575053018078,2.54302377230974,-3.5,"",1.48,0.76,Over,-160,0.26,0.5751633986928104,-0.5775,true
2026_04_LA_PHI,00-0038393,Dontayvion Wicks,PHI,LA,receptions,bovada,3.5,2.355575053018078,2.54302377230974,-3.5,"",1.48,0.76,Under,120,0.74,0.4248366013071896,0.628,true
2026_04_LA_PHI,00-0037840,Kyren Williams,LA,PHI,receptions,bovada,2.5,2.699202236407582,2.9533260497524427,3.5,"",0.0,0.72,Over,120,0.535,0.4248366013071895,0.17700000000000005,true
2026_04_LA_PHI,00-0037840,Kyren Williams,LA,PHI,receptions,bovada,2.5,2.699202236407582,2.9533260497524427,3.5,"",0.0,0.72,Under,-160,0.46499999999999997,0.5751633986928105,-0.24437500000000006,true
2026_04_DEN_SF,00-0033280,Christian McCaffrey,SF,DEN,receptions,draftkings,4.5,4.170026830864897,4.85147537132039,3.0,"",0.0,0.0,Over,-157,0.4425,0.5766829734315034,-0.2756528662420382,false
2026_04_DEN_SF,00-0033280,Christian McCaffrey,SF,DEN,receptions,draftkings,4.5,4.170026830864897,4.85147537132039,3.0,"",0.0,0.0,Under,123,0.5575,0.42331702656849657,0.24322500000000002,false
2026_04_DEN_SF,00-0040134,Pat Bryant,DEN,SF,receptions,bovada,2.5,1.238670934735312,2.4093438275618744,-3.0,"",0.0,0.0,Over,120,0.2,0.4248366013071895,-0.56,false
2026_04_DEN_SF,00-0040134,Pat Bryant,DEN,SF,receptions,bovada,2.5,1.238670934735312,2.4093438275618744,-3.0,"",0.0,0.0,Under,-160,0.8,0.5751633986928105,0.30000000000000004,false
2026_04_KC_LV,00-0040122,Ashton Jeanty,LV,KC,receptions,fanduel,3.5,3.0327059882631877,3.63259260076211,-4.5,"",0.0,0.0,Over,120,0.37,0.4248366013071895,-0.186,false
2026_04_KC_LV,00-0040122,Ashton Jeanty,LV,KC,receptions,fanduel,3.5,3.0327059882631877,3.63259260076211,-4.5,"",0.0,0.0,Under,-160,0.63,0.5751633986928105,0.023749999999999993,false
2026_04_KC_LV,00-0039067,Rashee Rice,KC,LV,receptions,betmgm,4.5,4.856604893591027,5.658939819122861,4.5,"",0.0,0.0,Over,-160,0.5775,0.5751633986928104,-0.061562499999999964,false
2026_04_KC_LV,00-0039067,Rashee Rice,KC,LV,receptions,betmgm,4.5,4.856604893591027,5.658939819122861,4.5,"",0.0,0.0,Under,120,0.4225,0.4248366013071896,-0.07050000000000001,false
2026_04_KC_LV,00-0037291,Jalen Nailor,LV,KC,receptions,bovada,1.5,1.6373768328639198,1.584669194887426,-4.5,"",0.0,0.0,Over,-160,0.4875,0.5751633986928104,-0.20781249999999996,false
2026_04_KC_LV,00-0037291,Jalen Nailor,LV,KC,receptions,bovada,1.5,1.6373768328639198,1.584669194887426,-4.5,"",0.0,0.0,Under,120,0.5125,0.4248366013071896,0.12749999999999984,false
2026_04_LAC_SEA,00-0040727,Tre Harris,LAC,SEA,receptions,fanduel,3.5,2.6153753003090707,2.6758300233230385,-7.0,"",0.18,0.0,Over,120,0.3275,0.4248366013071895,-0.27949999999999997,false
2026_04_LAC_SEA,00-0040727,Tre Harris,LAC,SEA,receptions,fanduel,3.5,2.6153753003090707,2.6758300233230385,-7.0,"",0.18,0.0,Under,-160,0.6725,0.5751633986928105,0.09281249999999996,false
2026_04_LAC_SEA,00-0039915,Ladd McConkey,LAC,SEA,receptions,bovada,4.5,3.168254072768687,3.592500847042615,-7.0,Q,0.18,0.0,Over,120,0.285,0.4248366013071895,-0.3730000000000001,false
2026_04_LAC_SEA,00-0039915,Ladd McConkey,LAC,SEA,receptions,bovada,4.5,3.168254072768687,3.592500847042615,-7.0,Q,0.18,0.0,Under,-160,0.7150000000000001,0.5751633986928105,0.1618750000000001,false
2026_04_DET_CAR,00-0039065,Sam LaPorta,DET,CAR,receptions,bovada,4.5,3.725926561686673,4.617782987012845,3.5,"",0.0,0.0,Over,120,0.4125,0.4248366013071895,-0.09250000000000008,false
2026_04_DET_CAR,00-0039065,Sam LaPorta,DET,CAR,receptions,bovada,4.5,3.725926561686673,4.617782987012845,3.5,"",0.0,0.0,Under,-160,0.5875,0.5751633986928105,-0.04531249999999998,false
2026_04_DET_CAR,00-0040124,Tetairoa McMillan,CAR,DET,receptions,bovada,5.5,4.090259047821475,3.8395566287710956,-3.5,"",0.44,0.0,Over,120,0.28,0.4248366013071895,-0.38399999999999995,true
2026_04_DET_CAR,00-0040124,Tetairoa McMillan,CAR,DET,receptions,bovada,5.5,4.090259047821475,3.8395566287710956,-3.5,"",0.44,0.0,Under,-160,0.72,0.5751633986928105,0.16999999999999993,true
2026_04_ATL_NO,00-0037238,Drake London,ATL,NO,receptions,betmgm,5.5,4.680043631845303,5.212233473614841,-1.5,"",0.0,0.0,Over,-160,0.37,0.5751633986928104,-0.39875,false
2026_04_ATL_NO,00-0037238,Drake London,ATL,NO,receptions,betmgm,5.5,4.680043631845303,5.212233473614841,-1.5,"",0.0,0.0,Under,120,0.63,0.4248366013071896,0.386,false
2026_04_TEN_BAL,00-0039032,Tyjae Spears,TEN,BAL,receptions,betonlineag,2.5,2.1099792049354527,2.696743305708095,-11.5,Q,0.0,0.0,Over,122,0.38,0.4232164449818621,-0.15639999999999998,false
2026_04_TEN_BAL,00-0039032,Tyjae Spears,TEN,BAL,receptions,betonlineag,2.5,2.1099792049354527,2.696743305708095,-11.5,Q,0.0,0.0,Under,-159,0.62,0.5767835550181379,0.009937106918238958,false
2026_04_GB_TB,00-0038996,Tucker Kraft,GB,TB,receptions,betonlineag,3.5,3.150742633361486,3.5386712946124557,3.0,"",0.0,0.67,Over,-159,0.4225,0.5767835550181378,-0.31177672955974844,false
2026_04_GB_TB,00-0038996,Tucker Kraft,GB,TB,receptions,betonlineag,3.5,3.150742633361486,3.5386712946124557,3.0,"",0.0,0.67,Under,122,0.5775,0.42321644498186217,0.28205,false
2026_04_LAC_SEA,00-0038544,Quentin Johnston,LAC,SEA,receptions,betonlineag,3.5,3.018024505491385,2.963754648252437,-7.0,"",0.18,0.0,Over,122,0.3975,0.4232164449818621,-0.11755000000000004,false
2026_04_LAC_SEA,00-0038544,Quentin Johnston,LAC,SEA,receptions,betonlineag,3.5,3.018024505491385,2.963754648252437,-7.0,"",0.18,0.0,Under,-159,0.6025,0.5767835550181379,-0.018569182389937045,false
2026_04_LA_PHI,00-0037840,Kyren Williams,LA,PHI,receptions,betonlineag,2.5,2.699202236407582,2.9533260497524427,3.5,"",0.0,0.72,Over,124,0.535,0.4198571520494176,0.19840000000000002,true
2026_04_LA_PHI,00-0037840,Kyren Williams,LA,PHI,receptions,betonlineag,2.5,2.699202236407582,2.9533260497524427,3.5,"",0.0,0.72,Under,-161,0.46499999999999997,0.5801428479505824,-0.24618012422360258,true
2026_04_ATL_NO,00-0033906,Alvin Kamara,NO,ATL,receptions,draftkings,3.5,2.2816465384848144,2.9571377149341,1.5,"",0.0,0.0,Over,125,0.23,0.4193548387096774,-0.4825,false
2026_04_ATL_NO,00-0033906,Alvin Kamara,NO,ATL,receptions,draftkings,3.5,2.2816465384848144,2.9571377149341,1.5,"",0.0,0.0,Under,-160,0.77,0.5806451612903226,0.25125000000000003,false
2026_04_NE_BUF,00-0033090,Hunter Henry,NE,BUF,receptions,draftkings,3.5,2.9138444344580026,2.71860961112653,-7.0,"",0.0,0.0,Over,126,0.32,0.4176935633581922,-0.27679999999999993,false
2026_04_NE_BUF,00-0033090,Hunter Henry,NE,BUF,receptions,draftkings,3.5,2.9138444344580026,2.71860961112653,-7.0,"",0.0,0.0,Under,-161,0.6799999999999999,0.5823064366418078,0.10236024844720482,false
2026_04_GB_TB,00-0041048,Ted Hurst III,TB,GB,receptions,draftkings,1.5,2.05304851650508,1.8850499013413151,-3.0,"",0.0,0.0,Over,-161,0.6175,0.5823064366418078,0.0010403726708074768,true
2026_04_GB_TB,00-0041048,Ted Hurst III,TB,GB,receptions,draftkings,1.5,2.05304851650508,1.8850499013413151,-3.0,"",0.0,0.0,Under,126,0.38249999999999995,0.4176935633581922,-0.13555000000000011,true
2026_04_TEN_BAL,00-0038117,Wan'Dale Robinson,TEN,BAL,receptions,betonlineag,3.5,4.745473886328367,5.582719073540333,-11.5,"",0.0,0.0,Over,-164,0.72,0.5829383886255923,0.1590243902439024,true
2026_04_TEN_BAL,00-0038117,Wan'Dale Robinson,TEN,BAL,receptions,betonlineag,3.5,4.745473886328367,5.582719073540333,-11.5,"",0.0,0.0,Under,125,0.28,0.41706161137440767,-0.36999999999999994,true
2026_04_NE_BUF,00-0034827,DJ Moore,BUF,NE,receptions,betonlineag,3.5,3.015907688389012,3.6075202665216195,7.0,ltd,0.0,0.95,Over,-164,0.405,0.5829383886255923,-0.34804878048780485,false
2026_04_NE_BUF,00-0034827,DJ Moore,BUF,NE,receptions,betonlineag,3.5,3.015907688389012,3.6075202665216195,7.0,ltd,0.0,0.95,Under,125,0.595,0.41706161137440767,0.3387499999999999,false
2026_04_DAL_HOU,00-0037247,George Pickens,DAL,HOU,receptions,draftkings,4.5,4.713593726436294,5.128095953180868,-3.0,"",0.0,0.62,Over,-162,0.5525,0.5839552831327214,-0.10645061728395067,false
2026_04_DAL_HOU,00-0037247,George Pickens,DAL,HOU,receptions,draftkings,4.5,4.713593726436294,5.128095953180868,-3.0,"",0.0,0.62,Under,127,0.4475,0.4160447168672786,0.015824999999999978,false
2026_04_LAC_SEA,00-0038544,Quentin Johnston,LAC,SEA,receptions,draftkings,3.5,3.018024505491385,2.963754648252437,-7.0,"",0.18,0.0,Over,127,0.3975,0.41604471686727856,-0.09767499999999996,false
2026_04_LAC_SEA,00-0038544,Quentin Johnston,LAC,SEA,receptions,draftkings,3.5,3.018024505491385,2.963754648252437,-7.0,"",0.18,0.0,Under,-162,0.6025,0.5839552831327215,-0.025586419753086398,false
2026_04_LAC_SEA,00-0039915,Ladd McConkey,LAC,SEA,receptions,betonlineag,3.5,3.168254072768687,3.592500847042615,-7.0,Q,0.18,0.0,Over,-164,0.43,0.5829383886255923,-0.30780487804878054,false
2026_04_LAC_SEA,00-0039915,Ladd McConkey,LAC,SEA,receptions,betonlineag,3.5,3.168254072768687,3.592500847042615,-7.0,Q,0.18,0.0,Under,125,0.5700000000000001,0.41706161137440767,0.2825000000000002,false
2026_04_ARI_NYG,00-0037744,Trey McBride,ARI,NYG,receptions,fanduel,7.5,6.189458553238992,8.12817727091938,2.5,"",0.0,0.0,Over,124,0.3225,0.41703248463564524,-0.27759999999999996,false
2026_04_ARI_NYG,00-0037744,Trey McBride,ARI,NYG,receptions,fanduel,7.5,6.189458553238992,8.12817727091938,2.5,"",0.0,0.0,Under,-166,0.6775,0.5829675153643548,0.08563253012048194,false
2026_04_TEN_BAL,00-0034753,Mark Andrews,BAL,TEN,receptions,fanduel,3.5,3.0314737844474653,3.292881229561313,11.5,"",0.0,0.0,Over,-166,0.375,0.5829675153643546,-0.39909638554216864,false
2026_04_TEN_BAL,00-0034753,Mark Andrews,BAL,TEN,receptions,fanduel,3.5,3.0314737844474653,3.292881229561313,11.5,"",0.0,0.0,Under,124,0.625,0.41703248463564535,0.4,false
2026_04_TEN_BAL,00-0036550,Rashod Bateman,BAL,TEN,receptions,betmgm,2.5,1.9387584324701344,2.0384138434927226,11.5,"",0.0,0.0,Over,125,0.325,0.4165029469548133,-0.26875000000000004,false
2026_04_TEN_BAL,00-0036550,Rashod Bateman,BAL,TEN,receptions,betmgm,2.5,1.9387584324701344,2.0384138434927226,11.5,"",0.0,0.0,Under,-165,0.675,0.5834970530451866,0.08409090909090916,false
2026_04_TEN_BAL,00-0038117,Wan'Dale Robinson,TEN,BAL,receptions,betmgm,3.5,4.745473886328367,5.582719073540333,-11.5,"",0.0,0.0,Over,-165,0.72,0.5834970530451867,0.15636363636363632,true
2026_04_TEN_BAL,00-0038117,Wan'Dale Robinson,TEN,BAL,receptions,betmgm,3.5,4.745473886328367,5.582719073540333,-11.5,"",0.0,0.0,Under,125,0.28,0.41650294695481327,-0.36999999999999994,true
2026_04_TEN_BAL,00-0039064,Zay Flowers,BAL,TEN,receptions,betmgm,4.5,4.0493213722777845,4.782299859812926,11.5,Q,0.0,0.0,Over,-165,0.405,0.5834970530451867,-0.3495454545454545,false
2026_04_TEN_BAL,00-0039064,Zay Flowers,BAL,TEN,receptions,betmgm,4.5,4.0493213722777845,4.782299859812926,11.5,Q,0.0,0.0,Under,125,0.595,0.41650294695481327,0.3387499999999999,false
2026_04_NE_BUF,00-0034827,DJ Moore,BUF,NE,receptions,fanduel,3.5,3.015907688389012,3.6075202665216195,7.0,ltd,0.0,0.95,Over,-166,0.405,0.5829675153643546,-0.3510240963855421,false
2026_04_NE_BUF,00-0034827,DJ Moore,BUF,NE,receptions,fanduel,3.5,3.015907688389012,3.6075202665216195,7.0,ltd,0.0,0.95,Under,124,0.595,0.41703248463564535,0.3328,false
2026_04_NE_BUF,00-0034827,DJ Moore,BUF,NE,receptions,betmgm,3.5,3.015907688389012,3.6075202665216195,7.0,ltd,0.0,0.95,Over,-165,0.405,0.5834970530451867,-0.3495454545454545,false
2026_04_NE_BUF,00-0034827,DJ Moore,BUF,NE,receptions,betmgm,3.5,3.015907688389012,3.6075202665216195,7.0,ltd,0.0,0.95,Under,125,0.595,0.41650294695481327,0.3387499999999999,false
2026_04_NE_BUF,00-0033090,Hunter Henry,NE,BUF,receptions,bovada,3.5,2.9138444344580026,2.71860961112653,-7.0,"",0.0,0.0,Over,125,0.32,0.4165029469548133,-0.2799999999999999,false
2026_04_NE_BUF,00-0033090,Hunter Henry,NE,BUF,receptions,bovada,3.5,2.9138444344580026,2.71860961112653,-7.0,"",0.0,0.0,Under,-165,0.6799999999999999,0.5834970530451866,0.09212121212121205,false
2026_04_NYJ_CHI,00-0041032,Kenyon Sadiq,NYJ,CHI,receptions,betmgm,3.5,2.7109257202287322,4.239835016360958,-3.5,Q,0.65,1.54,Over,-165,0.325,0.5834970530451867,-0.478030303030303,false
2026_04_NYJ_CHI,00-0041032,Kenyon Sadiq,NYJ,CHI,receptions,betmgm,3.5,2.7109257202287322,4.239835016360958,-3.5,Q,0.65,1.54,Under,125,0.675,0.41650294695481327,0.51875,false
2026_04_DAL_HOU,00-0038608,Kayshon Boutte,HOU,DAL,receptions,betmgm,1.5,1.6324604201700765,2.0791517459011506,3.0,"",0.0,0.67,Over,-165,0.485,0.5834970530451867,-0.22106060606060607,false
2026_04_DAL_HOU,00-0038608,Kayshon Boutte,HOU,DAL,receptions,betmgm,1.5,1.6324604201700765,2.0791517459011506,3.0,"",0.0,0.67,Under,125,0.515,0.41650294695481327,0.15875000000000006,false
2026_04_DAL_HOU,00-0037247,George Pickens,DAL,HOU,receptions,bovada,4.5,4.713593726436294,5.128095953180868,-3.0,"",0.0,0.62,Over,-165,0.5525,0.5834970530451867,-0.11265151515151517,false
2026_04_DAL_HOU,00-0037247,George Pickens,DAL,HOU,receptions,bovada,4.5,4.713593726436294,5.128095953180868,-3.0,"",0.0,0.62,Under,125,0.4475,0.41650294695481327,0.0068749999999999645,false
2026_04_GB_TB,00-0041048,Ted Hurst III,TB,GB,receptions,bovada,1.5,2.05304851650508,1.8850499013413151,-3.0,"",0.0,0.0,Over,-165,0.6175,0.5834970530451867,-0.008257575757575686,true
2026_04_GB_TB,00-0041048,Ted Hurst III,TB,GB,receptions,bovada,1.5,2.05304851650508,1.8850499013413151,-3.0,"",0.0,0.0,Under,125,0.38249999999999995,0.41650294695481327,-0.13937500000000014,true
2026_04_GB_TB,00-0036919,Kenny Gainwell,TB,GB,receptions,betmgm,1.5,2.4777762788635886,3.6346994804731385,-3.0,"",0.0,0.0,Over,-165,0.66,0.5834970530451867,0.06000000000000005,true
2026_04_GB_TB,00-0036919,Kenny Gainwell,TB,GB,receptions,betmgm,1.5,2.4777762788635886,3.6346994804731385,-3.0,"",0.0,0.0,Under,125,0.33999999999999997,0.41650294695481327,-0.2350000000000001,true
2026_04_DEN_SF,00-0033280,Christian McCaffrey,SF,DEN,receptions,bovada,4.5,4.170026830864897,4.85147537132039,3.0,"",0.0,0.0,Over,-165,0.4425,0.5834970530451867,-0.2893181818181818,false
2026_04_DEN_SF,00-0033280,Christian McCaffrey,SF,DEN,receptions,bovada,4.5,4.170026830864897,4.85147537132039,3.0,"",0.0,0.0,Under,125,0.5575,0.41650294695481327,0.254375,false
2026_04_KC_LV,00-0038563,Tre Tucker,LV,KC,receptions,draftkings,3.5,3.021241699769703,3.3186116773578678,-4.5,"",0.0,0.0,Over,127,0.3825,0.4154752689530971,-0.13172499999999993,false
2026_04_KC_LV,00-0038563,Tre Tucker,LV,KC,receptions,draftkings,3.5,3.021241699769703,3.3186116773578678,-4.5,"",0.0,0.0,Under,-163,0.6174999999999999,0.5845247310469028,-0.0036656441717792254,false
2026_04_KC_LV,00-0039894,Xavier Worthy,KC,LV,receptions,betmgm,3.5,2.9343273564232453,2.966437440243925,4.5,"",0.0,0.0,Over,125,0.3425,0.4165029469548133,-0.22937499999999994,false
2026_04_KC_LV,00-0039894,Xavier Worthy,KC,LV,receptions,betmgm,3.5,2.9343273564232453,2.966437440243925,4.5,"",0.0,0.0,Under,-165,0.6575,0.5834970530451866,0.05598484848484847,false
2026_04_KC_LV,00-0038563,Tre Tucker,LV,KC,receptions,bovada,3.5,3.021241699769703,3.3186116773578678,-4.5,"",0.0,0.0,Over,125,0.3825,0.4165029469548133,-0.13937499999999992,false
2026_04_KC_LV,00-0038563,Tre Tucker,LV,KC,receptions,bovada,3.5,3.021241699769703,3.3186116773578678,-4.5,"",0.0,0.0,Under,-165,0.6174999999999999,0.5834970530451866,-0.008257575757575852,false
2026_04_LAC_SEA,00-0037545,Rashid Shaheed,SEA,LAC,receptions,fanduel,2.5,1.6550328896903974,1.9077192680200037,7.0,"",0.0,0.0,Over,124,0.2775,0.41703248463564524,-0.3783999999999999,false
2026_04_LAC_SEA,00-0037545,Rashid Shaheed,SEA,LAC,receptions,fanduel,2.5,1.6550328896903974,1.9077192680200037,7.0,"",0.0,0.0,Under,-166,0.7224999999999999,0.5829675153643548,0.15774096385542158,false
2026_04_LAC_SEA,00-0039793,AJ Barner,SEA,LAC,receptions,fanduel,3.5,2.8389761190015688,2.7904744530527394,7.0,"",0.0,0.0,Over,124,0.315,0.41703248463564524,-0.29440000000000005,false
2026_04_LAC_SEA,00-0039793,AJ Barner,SEA,LAC,receptions,fanduel,3.5,2.8389761190015688,2.7904744530527394,7.0,"",0.0,0.0,Under,-166,0.685,0.5829675153643548,0.09765060240963869,false
2026_04_LAC_SEA,00-0033908,Cooper Kupp,SEA,LAC,receptions,betmgm,2.5,2.971802731099326,3.2921260691622507,7.0,"",0.0,0.0,Over,125,0.5625,0.4165029469548133,0.265625,true
2026_04_LAC_SEA,00-0033908,Cooper Kupp,SEA,LAC,receptions,betmgm,2.5,2.971802731099326,3.2921260691622507,7.0,"",0.0,0.0,Under,-165,0.4375,0.5834970530451866,-0.29734848484848486,true
2026_04_LAC_SEA,00-0039915,Ladd McConkey,LAC,SEA,receptions,betmgm,3.5,3.168254072768687,3.592500847042615,-7.0,Q,0.18,0.0,Over,-165,0.43,0.5834970530451867,-0.30939393939393944,false
2026_04_LAC_SEA,00-0039915,Ladd McConkey,LAC,SEA,receptions,betmgm,3.5,3.168254072768687,3.592500847042615,-7.0,Q,0.18,0.0,Under,125,0.5700000000000001,0.41650294695481327,0.2825000000000002,false
2026_04_LAC_SEA,00-0038544,Quentin Johnston,LAC,SEA,receptions,bovada,3.5,3.018024505491385,2.963754648252437,-7.0,"",0.18,0.0,Over,125,0.3975,0.4165029469548133,-0.10562500000000002,false
2026_04_LAC_SEA,00-0038544,Quentin Johnston,LAC,SEA,receptions,bovada,3.5,3.018024505491385,2.963754648252437,-7.0,"",0.18,0.0,Under,-165,0.6025,0.5834970530451866,-0.03234848484848479,false
2026_04_ATL_NO,00-0037239,Chris Olave,NO,ATL,receptions,fanduel,7.5,6.375271679479737,7.4246709818369085,1.5,"",0.0,0.0,Over,124,0.3675,0.41703248463564524,-0.17680000000000007,false
2026_04_ATL_NO,00-0037239,Chris Olave,NO,ATL,receptions,fanduel,7.5,6.375271679479737,7.4246709818369085,1.5,"",0.0,0.0,Under,-166,0.6325000000000001,0.5829675153643548,0.013524096385542306,false
2026_04_ATL_NO,00-0033906,Alvin Kamara,NO,ATL,receptions,betonlineag,3.5,2.2816465384848144,2.9571377149341,1.5,"",0.0,0.0,Over,126,0.23,0.41598386486827177,-0.4802,false
2026_04_ATL_NO,00-0033906,Alvin Kamara,NO,ATL,receptions,betonlineag,3.5,2.2816465384848144,2.9571377149341,1.5,"",0.0,0.0,Under,-164,0.77,0.5840161351317282,0.2395121951219512,false
2026_04_ATL_NO,00-0033906,Alvin Kamara,NO,ATL,receptions,bovada,3.5,2.2816465384848144,2.9571377149341,1.5,"",0.0,0.0,Over,125,0.23,0.4165029469548133,-0.4825,false
2026_04_ATL_NO,00-0033906,Alvin Kamara,NO,ATL,receptions,bovada,3.5,2.2816465384848144,2.9571377149341,1.5,"",0.0,0.0,Under,-165,0.77,0.5834970530451866,0.2366666666666667,false
2026_04_ATL_NO,00-0039424,Devaughn Vele,NO,ATL,receptions,bovada,4.5,3.2770620358953453,3.8590480538193503,1.5,"",0.0,0.0,Over,125,0.31,0.4165029469548133,-0.30249999999999994,false
2026_04_ATL_NO,00-0039424,Devaughn Vele,NO,ATL,receptions,bovada,4.5,3.2770620358953453,3.8590480538193503,1.5,"",0.0,0.0,Under,-165,0.69,0.5834970530451866,0.1081818181818181,false
2026_04_ATL_NO,00-0039424,Devaughn Vele,NO,ATL,receptions,draftkings,4.5,3.2770620358953453,3.8590480538193503,1.5,"",0.0,0.0,Over,128,0.31,0.4144081684104374,-0.29319999999999996,false
2026_04_ATL_NO,00-0039424,Devaughn Vele,NO,ATL,receptions,draftkings,4.5,3.2770620358953453,3.8590480538193503,1.5,"",0.0,0.0,Under,-163,0.69,0.5855918315895625,0.11331288343558277,false
2026_04_ARI_NYG,00-0037838,Isaiah Likely,NYG,ARI,receptions,fanduel,3.5,3.056436830297381,3.3120012524079128,-2.5,"",0.0,0.59,Over,-168,0.3625,0.5862154150197628,-0.4217261904761904,false
2026_04_ARI_NYG,00-0037838,Isaiah Likely,NYG,ARI,receptions,fanduel,3.5,3.056436830297381,3.3120012524079128,-2.5,"",0.0,0.59,Under,126,0.6375,0.4137845849802372,0.44074999999999986,false
2026_04_GB_TB,00-0038129,Cade Otton,TB,GB,receptions,betonlineag,2.5,3.4740839330079862,3.9392438219004284,-3.0,"",0.07,0.0,Over,-167,0.6475,0.5867448807441689,0.03522455089820348,true
2026_04_GB_TB,00-0038129,Cade Otton,TB,GB,receptions,betonlineag,2.5,3.4740839330079862,3.9392438219004284,-3.0,"",0.07,0.0,Under,127,0.35250000000000004,0.41325511925583114,-0.19982499999999992,true
2026_04_MIA_MIN,00-0037252,Greg Dulcich,MIA,MIN,receptions,draftkings,2.5,2.714877274122596,2.950398739487147,-10.0,"",0.0,0.01,Over,-165,0.505,0.5877731974799719,-0.1889393939393939,false
2026_04_MIA_MIN,00-0037252,Greg Dulcich,MIA,MIN,receptions,draftkings,2.5,2.714877274122596,2.950398739487147,-10.0,"",0.0,0.01,Under,129,0.495,0.4122268025200281,0.13355000000000006,false
2026_04_ATL_NO,00-0035644,Noah Fant,NO,ATL,receptions,betonlineag,1.5,1.695601808421313,2.2704860709748953,1.5,ltd,0.0,0.0,Over,-167,0.4875,0.5867448807441689,-0.22058383233532936,false
2026_04_ATL_NO,00-0035644,Noah Fant,NO,ATL,receptions,betonlineag,1.5,1.695601808421313,2.2704860709748953,1.5,ltd,0.0,0.0,Under,127,0.5125,0.41325511925583114,0.16337499999999994,false
2026_04_TEN_BAL,00-0039064,Zay Flowers,BAL,TEN,receptions,betonlineag,5.5,4.0493213722777845,4.782299859812926,11.5,Q,0.0,0.0,Over,128,0.2875,0.4121896998888477,-0.34450000000000003,false
2026_04_TEN_BAL,00-0039064,Zay Flowers,BAL,TEN,receptions,betonlineag,5.5,4.0493213722777845,4.782299859812926,11.5,Q,0.0,0.0,Under,-167,0.7125,0.5878103001111523,0.13914670658682632,false
2026_04_GB_TB,00-0036919,Kenny Gainwell,TB,GB,receptions,betonlineag,1.5,2.4777762788635886,3.6346994804731385,-3.0,"",0.0,0.0,Over,-167,0.66,0.5878103001111523,0.05520958083832339,true
2026_04_GB_TB,00-0036919,Kenny Gainwell,TB,GB,receptions,betonlineag,1.5,2.4777762788635886,3.6346994804731385,-3.0,"",0.0,0.0,Under,128,0.33999999999999997,0.4121896998888477,-0.22480000000000006,true
2026_04_LA_PHI,00-0033110,Tyler Higbee,LA,PHI,receptions,betonlineag,3.5,2.36198395392513,3.171481017625884,3.5,ltd,0.48,0.72,Over,128,0.2625,0.4121896998888477,-0.4015,false
2026_04_LA_PHI,00-0033110,Tyler Higbee,LA,PHI,receptions,betonlineag,3.5,2.36198395392513,3.171481017625884,3.5,ltd,0.48,0.72,Under,-167,0.7375,0.5878103001111523,0.17911676646706592,false
2026_04_ARI_NYG,00-0037838,Isaiah Likely,NYG,ARI,receptions,betonlineag,3.5,3.056436830297381,3.3120012524079128,-2.5,"",0.0,0.59,Over,-169,0.3625,0.5909989356849628,-0.42300295857988157,false
2026_04_ARI_NYG,00-0037838,Isaiah Likely,NYG,ARI,receptions,betonlineag,3.5,3.056436830297381,3.3120012524079128,-2.5,"",0.0,0.59,Under,130,0.6375,0.40900106431503724,0.46624999999999994,false
2026_04_TEN_BAL,00-0034837,Calvin Ridley,TEN,BAL,receptions,betonlineag,0.5,1.181036589016635,2.206837552999765,-11.5,"",0.0,0.0,Over,-169,0.72,0.5909989356849628,0.14603550295857987,true
2026_04_TEN_BAL,00-0034837,Calvin Ridley,TEN,BAL,receptions,betonlineag,0.5,1.181036589016635,2.206837552999765,-11.5,"",0.0,0.0,Under,130,0.28,0.40900106431503724,-0.3559999999999999,true
2026_04_NE_BUF,00-0038933,Dalton Kincaid,BUF,NE,receptions,betonlineag,4.5,2.9900716788743766,3.8265693793834092,7.0,"",0.0,0.95,Over,130,0.2425,0.40900106431503724,-0.4422500000000001,false
2026_04_NE_BUF,00-0038933,Dalton Kincaid,BUF,NE,receptions,betonlineag,4.5,2.9900716788743766,3.8265693793834092,7.0,"",0.0,0.95,Under,-169,0.7575000000000001,0.5909989356849628,0.20572485207100605,false
2026_04_MIA_MIN,00-0033293,Aaron Jones,MIN,MIA,receptions,draftkings,3.5,2.0480981427009426,2.2939462605641476,10.0,ltd,0.0,0.56,Over,131,0.21,0.408486769906109,-0.5149,true
2026_04_MIA_MIN,00-0033293,Aaron Jones,MIN,MIA,receptions,draftkings,3.5,2.0480981427009426,2.2939462605641476,10.0,ltd,0.0,0.56,Under,-168,0.79,0.591513230093891,0.26023809523809527,true
2026_04_KC_LV,00-0039894,Xavier Worthy,KC,LV,receptions,betonlineag,3.5,2.9343273564232453,2.966437440243925,4.5,"",0.0,0.0,Over,130,0.3425,0.40900106431503724,-0.21224999999999994,false
2026_04_KC_LV,00-0039894,Xavier Worthy,KC,LV,receptions,betonlineag,3.5,2.9343273564232453,2.966437440243925,4.5,"",0.0,0.0,Under,-169,0.6575,0.5909989356849628,0.046553254437869784,false
2026_04_KC_LV,00-0038134,Kenneth Walker III,KC,LV,receptions,betonlineag,3.5,2.7845680903858545,2.999545875208788,4.5,"",0.0,0.0,Over,130,0.3125,0.40900106431503724,-0.28125,false
2026_04_KC_LV,00-0038134,Kenneth Walker III,KC,LV,receptions,betonlineag,3.5,2.7845680903858545,2.999545875208788,4.5,"",0.0,0.0,Under,-169,0.6875,0.5909989356849628,0.09430473372781067,false
2026_04_ARI_NYG,00-0033307,Kendrick Bourne,ARI,NYG,receptions,draftkings,2.5,1.9020846442316013,2.4342248260010737,2.5,"",0.0,0.0,Over,132,0.3375,0.4074434444174167,-0.21699999999999992,false
2026_04_ARI_NYG,00-0033307,Kendrick Bourne,ARI,NYG,receptions,draftkings,2.5,1.9020846442316013,2.4342248260010737,2.5,"",0.0,0.0,Under,-168,0.6625,0.5925565555825834,0.05684523809523806,false
2026_04_ARI_NYG,00-0041042,Malachi Fields,NYG,ARI,receptions,fanduel,1.5,2.0465123244845143,2.0,-2.5,"",0.0,0.59,Over,-172,0.61,0.5904601300891351,-0.03534883720930232,false
2026_04_ARI_NYG,00-0041042,Malachi Fields,NYG,ARI,receptions,fanduel,1.5,2.0465123244845143,2.0,-2.5,"",0.0,0.59,Under,128,0.39,0.4095398699108649,-0.11079999999999995,false
2026_04_ARI_NYG,00-0041027,Jeremiyah Love,ARI,NYG,receptions,bovada,3.5,2.73065057083738,3.507414284495292,2.5,"",0.0,0.0,Over,130,0.3125,0.40847201210287454,-0.28125,false
2026_04_ARI_NYG,00-0041027,Jeremiyah Love,ARI,NYG,receptions,bovada,3.5,2.73065057083738,3.507414284495292,2.5,"",0.0,0.0,Under,-170,0.6875,0.5915279878971255,0.09191176470588236,false
2026_04_ARI_NYG,00-0033307,Kendrick Bourne,ARI,NYG,receptions,bovada,2.5,1.9020846442316013,2.4342248260010737,2.5,"",0.0,0.0,Over,130,0.3375,0.40847201210287454,-0.22374999999999995,false
2026_04_ARI_NYG,00-0033307,Kendrick Bourne,ARI,NYG,receptions,bovada,2.5,1.9020846442316013,2.4342248260010737,2.5,"",0.0,0.0,Under,-170,0.6625,0.5915279878971255,0.05220588235294116,false
2026_04_TEN_BAL,00-0038117,Wan'Dale Robinson,TEN,BAL,receptions,fanduel,3.5,4.745473886328367,5.582719073540333,-11.5,"",0.0,0.0,Over,-172,0.72,0.5904601300891351,0.1386046511627907,true
2026_04_TEN_BAL,00-0038117,Wan'Dale Robinson,TEN,BAL,receptions,fanduel,3.5,4.745473886328367,5.582719073540333,-11.5,"",0.0,0.0,Under,128,0.28,0.4095398699108649,-0.3615999999999999,true
2026_04_TEN_BAL,00-0036550,Rashod Bateman,BAL,TEN,receptions,bovada,2.5,1.9387584324701344,2.0384138434927226,11.5,"",0.0,0.0,Over,130,0.325,0.40847201210287454,-0.2525,false
2026_04_TEN_BAL,00-0036550,Rashod Bateman,BAL,TEN,receptions,bovada,2.5,1.9387584324701344,2.0384138434927226,11.5,"",0.0,0.0,Under,-170,0.675,0.5915279878971255,0.07205882352941184,false
2026_04_TEN_BAL,00-0039032,Tyjae Spears,TEN,BAL,receptions,bovada,2.5,2.1099792049354527,2.696743305708095,-11.5,Q,0.0,0.0,Over,130,0.38,0.40847201210287454,-0.12599999999999995,false
2026_04_TEN_BAL,00-0039032,Tyjae Spears,TEN,BAL,receptions,bovada,2.5,2.1099792049354527,2.696743305708095,-11.5,Q,0.0,0.0,Under,-170,0.62,0.5915279878971255,-0.015294117647058791,false
2026_04_GB_TB,00-0038129,Cade Otton,TB,GB,receptions,bovada,2.5,3.4740839330079862,3.9392438219004284,-3.0,"",0.07,0.0,Over,-170,0.6475,0.5915279878971256,0.028382352941176414,true
2026_04_GB_TB,00-0038129,Cade Otton,TB,GB,receptions,bovada,2.5,3.4740839330079862,3.9392438219004284,-3.0,"",0.07,0.0,Under,130,0.35250000000000004,0.4084720121028744,-0.18924999999999992,true
2026_04_MIA_MIN,00-0037252,Greg Dulcich,MIA,MIN,receptions,fanduel,2.5,2.714877274122596,2.950398739487147,-10.0,"",0.0,0.01,Over,-172,0.505,0.5904601300891351,-0.20139534883720928,false
2026_04_MIA_MIN,00-0037252,Greg Dulcich,MIA,MIN,receptions,fanduel,2.5,2.714877274122596,2.950398739487147,-10.0,"",0.0,0.01,Under,128,0.495,0.4095398699108649,0.12860000000000005,false
2026_04_MIA_MIN,00-0033293,Aaron Jones,MIN,MIA,receptions,bovada,3.5,2.0480981427009426,2.2939462605641476,10.0,ltd,0.0,0.56,Over,130,0.21,0.40847201210287454,-0.517,true
2026_04_MIA_MIN,00-0033293,Aaron Jones,MIN,MIA,receptions,bovada,3.5,2.0480981427009426,2.2939462605641476,10.0,ltd,0.0,0.56,Under,-170,0.79,0.5915279878971255,0.2547058823529412,true
2026_04_MIA_MIN,00-0037252,Greg Dulcich,MIA,MIN,receptions,bovada,2.5,2.714877274122596,2.950398739487147,-10.0,"",0.0,0.01,Over,-170,0.505,0.5915279878971256,-0.19794117647058823,false
2026_04_MIA_MIN,00-0037252,Greg Dulcich,MIA,MIN,receptions,bovada,2.5,2.714877274122596,2.950398739487147,-10.0,"",0.0,0.01,Under,130,0.495,0.4084720121028744,0.13849999999999996,false
2026_04_KC_LV,00-0037291,Jalen Nailor,LV,KC,receptions,fanduel,1.5,1.6373768328639198,1.584669194887426,-4.5,"",0.0,0.0,Over,-172,0.4875,0.5904601300891351,-0.22906976744186042,false
2026_04_KC_LV,00-0037291,Jalen Nailor,LV,KC,receptions,fanduel,1.5,1.6373768328639198,1.584669194887426,-4.5,"",0.0,0.0,Under,128,0.5125,0.4095398699108649,0.16849999999999987,false
2026_04_KC_LV,00-0039894,Xavier Worthy,KC,LV,receptions,bovada,3.5,2.9343273564232453,2.966437440243925,4.5,"",0.0,0.0,Over,130,0.3425,0.40847201210287454,-0.21224999999999994,false
2026_04_KC_LV,00-0039894,Xavier Worthy,KC,LV,receptions,bovada,3.5,2.9343273564232453,2.966437440243925,4.5,"",0.0,0.0,Under,-170,0.6575,0.5915279878971255,0.04426470588235293,false
2026_04_LAC_SEA,00-0039915,Ladd McConkey,LAC,SEA,receptions,fanduel,3.5,3.168254072768687,3.592500847042615,-7.0,Q,0.18,0.0,Over,-172,0.43,0.5904601300891351,-0.32000000000000006,false
2026_04_LAC_SEA,00-0039915,Ladd McConkey,LAC,SEA,receptions,fanduel,3.5,3.168254072768687,3.592500847042615,-7.0,Q,0.18,0.0,Under,128,0.5700000000000001,0.4095398699108649,0.2996000000000002,false
2026_04_DET_CAR,00-0040124,Tetairoa McMillan,CAR,DET,receptions,fanduel,4.5,4.090259047821475,3.8395566287710956,-3.5,"",0.44,0.0,Over,-172,0.4075,0.5904601300891351,-0.35558139534883726,true
2026_04_DET_CAR,00-0040124,Tetairoa McMillan,CAR,DET,receptions,fanduel,4.5,4.090259047821475,3.8395566287710956,-3.5,"",0.44,0.0,Under,128,0.5925,0.4095398699108649,0.3509000000000001,true
2026_04_ATL_NO,00-0033906,Alvin Kamara,NO,ATL,receptions,fanduel,3.5,2.2816465384848144,2.9571377149341,1.5,"",0.0,0.0,Over,128,0.23,0.40953986991086483,-0.4756,false
2026_04_ATL_NO,00-0033906,Alvin Kamara,NO,ATL,receptions,fanduel,3.5,2.2816465384848144,2.9571377149341,1.5,"",0.0,0.0,Under,-172,0.77,0.5904601300891352,0.2176744186046512,false
2026_04_ATL_NO,00-0039424,Devaughn Vele,NO,ATL,receptions,fanduel,3.5,3.2770620358953453,3.8590480538193503,1.5,"",0.0,0.0,Over,-172,0.4825,0.5904601300891351,-0.23697674418604658,false
2026_04_ATL_NO,00-0039424,Devaughn Vele,NO,ATL,receptions,fanduel,3.5,3.2770620358953453,3.8590480538193503,1.5,"",0.0,0.0,Under,128,0.5175000000000001,0.4095398699108649,0.17990000000000017,false
2026_04_ARI_NYG,00-0041027,Jeremiyah Love,ARI,NYG,receptions,draftkings,3.5,2.73065057083738,3.507414284495292,2.5,"",0.0,0.0,Over,132,0.3125,0.4069099050039329,-0.27499999999999997,false
2026_04_ARI_NYG,00-0041027,Jeremiyah Love,ARI,NYG,receptions,draftkings,3.5,2.73065057083738,3.507414284495292,2.5,"",0.0,0.0,Under,-169,0.6875,0.5930900949960671,0.09430473372781067,false
2026_04_KC_LV,00-0039894,Xavier Worthy,KC,LV,receptions,draftkings,3.5,2.9343273564232453,2.966437440243925,4.5,"",0.0,0.0,Over,132,0.3425,0.4069099050039329,-0.20539999999999992,false
2026_04_KC_LV,00-0039894,Xavier Worthy,KC,LV,receptions,draftkings,3.5,2.9343273564232453,2.966437440243925,4.5,"",0.0,0.0,Under,-169,0.6575,0.5930900949960671,0.046553254437869784,false
2026_04_TEN_BAL,00-0036550,Rashod Bateman,BAL,TEN,receptions,draftkings,2.5,1.9387584324701344,2.0384138434927226,11.5,"",0.0,0.0,Over,133,0.325,0.40534454286143223,-0.24275000000000002,false
2026_04_TEN_BAL,00-0036550,Rashod Bateman,BAL,TEN,receptions,draftkings,2.5,1.9387584324701344,2.0384138434927226,11.5,"",0.0,0.0,Under,-170,0.675,0.5946554571385678,0.07205882352941184,false
2026_04_TEN_BAL,00-0039032,Tyjae Spears,TEN,BAL,receptions,draftkings,2.5,2.1099792049354527,2.696743305708095,-11.5,Q,0.0,0.0,Over,133,0.38,0.40534454286143223,-0.11459999999999992,false
2026_04_TEN_BAL,00-0039032,Tyjae Spears,TEN,BAL,receptions,draftkings,2.5,2.1099792049354527,2.696743305708095,-11.5,Q,0.0,0.0,Under,-170,0.62,0.5946554571385678,-0.015294117647058791,false
2026_04_GB_TB,00-0038129,Cade Otton,TB,GB,receptions,draftkings,2.5,3.4740839330079862,3.9392438219004284,-3.0,"",0.07,0.0,Over,-170,0.6475,0.5946554571385677,0.028382352941176414,true
2026_04_GB_TB,00-0038129,Cade Otton,TB,GB,receptions,draftkings,2.5,3.4740839330079862,3.9392438219004284,-3.0,"",0.07,0.0,Under,133,0.35250000000000004,0.4053445428614323,-0.17867499999999992,true
2026_04_ARI_NYG,00-0033307,Kendrick Bourne,ARI,NYG,receptions,betonlineag,2.5,1.9020846442316013,2.4342248260010737,2.5,"",0.0,0.0,Over,132,0.3375,0.4053409632808775,-0.21699999999999992,false
2026_04_ARI_NYG,00-0033307,Kendrick Bourne,ARI,NYG,receptions,betonlineag,2.5,1.9020846442316013,2.4342248260010737,2.5,"",0.0,0.0,Under,-172,0.6625,0.5946590367191225,0.04767441860465116,false
2026_04_MIA_MIN,00-0037252,Greg Dulcich,MIA,MIN,receptions,betonlineag,2.5,2.714877274122596,2.950398739487147,-10.0,"",0.0,0.01,Over,-172,0.505,0.5946590367191226,-0.20139534883720928,false
2026_04_MIA_MIN,00-0037252,Greg Dulcich,MIA,MIN,receptions,betonlineag,2.5,2.714877274122596,2.950398739487147,-10.0,"",0.0,0.01,Under,132,0.495,0.40534096328087743,0.14839999999999998,false
2026_04_NE_BUF,00-0037816,Romeo Doubs,NE,BUF,receptions,betmgm,3.5,2.8412622039185256,3.2326499344358424,-7.0,"",0.0,0.0,Over,130,0.3125,0.40590405904059046,-0.28125,false
2026_04_NE_BUF,00-0037816,Romeo Doubs,NE,BUF,receptions,betmgm,3.5,2.8412622039185256,3.2326499344358424,-7.0,"",0.0,0.0,Under,-175,0.6875,0.5940959409594095,0.08035714285714285,false
2026_04_DAL_HOU,00-0037247,George Pickens,DAL,HOU,receptions,betmgm,5.5,4.713593726436294,5.128095953180868,-3.0,"",0.0,0.62,Over,130,0.385,0.40590405904059046,-0.11449999999999994,false
2026_04_DAL_HOU,00-0037247,George Pickens,DAL,HOU,receptions,betmgm,5.5,4.713593726436294,5.128095953180868,-3.0,"",0.0,0.62,Under,-175,0.615,0.5940959409594095,-0.033571428571428585,false
2026_04_KC_LV,00-0038134,Kenneth Walker III,KC,LV,receptions,betmgm,3.5,2.7845680903858545,2.999545875208788,4.5,"",0.0,0.0,Over,130,0.3125,0.40590405904059046,-0.28125,false
2026_04_KC_LV,00-0038134,Kenneth Walker III,KC,LV,receptions,betmgm,3.5,2.7845680903858545,2.999545875208788,4.5,"",0.0,0.0,Under,-175,0.6875,0.5940959409594095,0.08035714285714285,false
2026_04_LAC_SEA,00-0039793,AJ Barner,SEA,LAC,receptions,betmgm,2.5,2.8389761190015688,2.7904744530527394,7.0,"",0.0,0.0,Over,-175,0.51,0.5940959409594095,-0.19857142857142857,false
2026_04_LAC_SEA,00-0039793,AJ Barner,SEA,LAC,receptions,betmgm,2.5,2.8389761190015688,2.7904744530527394,7.0,"",0.0,0.0,Under,130,0.49,0.40590405904059046,0.127,false
2026_04_KC_LV,00-0038134,Kenneth Walker III,KC,LV,receptions,draftkings,2.5,2.7845680903858545,2.999545875208788,4.5,"",0.0,0.0,Over,-173,0.5125,0.5982635567655066,-0.19125722543352608,false
2026_04_KC_LV,00-0038134,Kenneth Walker III,KC,LV,receptions,draftkings,2.5,2.7845680903858545,2.999545875208788,4.5,"",0.0,0.0,Under,135,0.48750000000000004,0.4017364432344934,0.14562500000000012,false
2026_04_ARI_NYG,00-0041027,Jeremiyah Love,ARI,NYG,receptions,betonlineag,3.5,2.73065057083738,3.507414284495292,2.5,"",0.0,0.0,Over,134,0.3125,0.40175310445580714,-0.26875,false
2026_04_ARI_NYG,00-0041027,Jeremiyah Love,ARI,NYG,receptions,betonlineag,3.5,2.73065057083738,3.507414284495292,2.5,"",0.0,0.0,Under,-175,0.6875,0.5982468955441929,0.08035714285714285,false
2026_04_LAC_SEA,00-0039793,AJ Barner,SEA,LAC,receptions,betonlineag,3.5,2.8389761190015688,2.7904744530527394,7.0,"",0.0,0.0,Over,134,0.315,0.40175310445580714,-0.2629,false
2026_04_LAC_SEA,00-0039793,AJ Barner,SEA,LAC,receptions,betonlineag,3.5,2.8389761190015688,2.7904744530527394,7.0,"",0.0,0.0,Under,-175,0.685,0.5982468955441929,0.07642857142857151,false
2026_04_TEN_BAL,00-0036550,Rashod Bateman,BAL,TEN,receptions,betonlineag,2.5,1.9387584324701344,2.0384138434927226,11.5,"",0.0,0.0,Over,135,0.325,0.4007285974499089,-0.23625000000000002,false
2026_04_TEN_BAL,00-0036550,Rashod Bateman,BAL,TEN,receptions,betonlineag,2.5,1.9387584324701344,2.0384138434927226,11.5,"",0.0,0.0,Under,-175,0.675,0.5992714025500911,0.060714285714285776,false
2026_04_KC_LV,00-0040122,Ashton Jeanty,LV,KC,receptions,draftkings,3.5,3.0327059882631877,3.63259260076211,-4.5,"",0.0,0.0,Over,136,0.37,0.400210329516242,-0.12680000000000002,false
2026_04_KC_LV,00-0040122,Ashton Jeanty,LV,KC,receptions,draftkings,3.5,3.0327059882631877,3.63259260076211,-4.5,"",0.0,0.0,Under,-174,0.63,0.599789670483758,-0.007931034482758614,false
2026_04_LAC_SEA,00-0039793,AJ Barner,SEA,LAC,receptions,draftkings,3.5,2.8389761190015688,2.7904744530527394,7.0,"",0.0,0.0,Over,136,0.315,0.400210329516242,-0.2566,false
2026_04_LAC_SEA,00-0039793,AJ Barner,SEA,LAC,receptions,draftkings,3.5,2.8389761190015688,2.7904744530527394,7.0,"",0.0,0.0,Under,-174,0.685,0.599789670483758,0.07867816091954027,false
2026_04_LAC_SEA,00-0038544,Quentin Johnston,LAC,SEA,receptions,fanduel,2.5,3.018024505491385,2.963754648252437,-7.0,"",0.18,0.0,Over,-178,0.6075,0.5976612249623713,-0.05120786516853926,false
2026_04_LAC_SEA,00-0038544,Quentin Johnston,LAC,SEA,receptions,fanduel,2.5,3.018024505491385,2.963754648252437,-7.0,"",0.18,0.0,Under,132,0.39249999999999996,0.4023387750376287,-0.08940000000000003,false
2026_04_GB_TB,00-0036919,Kenny Gainwell,TB,GB,receptions,draftkings,1.5,2.4777762788635886,3.6346994804731385,-3.0,"",0.0,0.0,Over,-176,0.66,0.6018005540166205,0.03500000000000009,true
2026_04_GB_TB,00-0036919,Kenny Gainwell,TB,GB,receptions,draftkings,1.5,2.4777762788635886,3.6346994804731385,-3.0,"",0.0,0.0,Under,137,0.33999999999999997,0.39819944598337953,-0.19420000000000004,true
2026_04_ARI_NYG,00-0033307,Kendrick Bourne,ARI,NYG,receptions,fanduel,2.5,1.9020846442316013,2.4342248260010737,2.5,"",0.0,0.0,Over,134,0.3375,0.3993154592127781,-0.21024999999999994,false
2026_04_ARI_NYG,00-0033307,Kendrick Bourne,ARI,NYG,receptions,fanduel,2.5,1.9020846442316013,2.4342248260010737,2.5,"",0.0,0.0,Under,-180,0.6625,0.6006845407872219,0.030555555555555558,false
2026_04_TEN_BAL,00-0036550,Rashod Bateman,BAL,TEN,receptions,fanduel,2.5,1.9387584324701344,2.0384138434927226,11.5,"",0.0,0.0,Over,134,0.325,0.3993154592127781,-0.2395,false
2026_04_TEN_BAL,00-0036550,Rashod Bateman,BAL,TEN,receptions,fanduel,2.5,1.9387584324701344,2.0384138434927226,11.5,"",0.0,0.0,Under,-180,0.675,0.6006845407872219,0.0500000000000001,false
2026_04_GB_TB,00-0041048,Ted Hurst III,TB,GB,receptions,fanduel,1.5,2.05304851650508,1.8850499013413151,-3.0,"",0.0,0.0,Over,-180,0.6175,0.6006845407872219,-0.03944444444444434,true
2026_04_GB_TB,00-0041048,Ted Hurst III,TB,GB,receptions,fanduel,1.5,2.05304851650508,1.8850499013413151,-3.0,"",0.0,0.0,Under,134,0.38249999999999995,0.3993154592127781,-0.1049500000000001,true
2026_04_KC_LV,00-0039894,Xavier Worthy,KC,LV,receptions,fanduel,3.5,2.9343273564232453,2.966437440243925,4.5,"",0.0,0.0,Over,134,0.3425,0.3993154592127781,-0.1985499999999999,false
2026_04_KC_LV,00-0039894,Xavier Worthy,KC,LV,receptions,fanduel,3.5,2.9343273564232453,2.966437440243925,4.5,"",0.0,0.0,Under,-180,0.6575,0.6006845407872219,0.02277777777777773,false
2026_04_KC_LV,00-0038134,Kenneth Walker III,KC,LV,receptions,fanduel,3.5,2.7845680903858545,2.999545875208788,4.5,"",0.0,0.0,Over,134,0.3125,0.3993154592127781,-0.26875,false
2026_04_KC_LV,00-0038134,Kenneth Walker III,KC,LV,receptions,fanduel,3.5,2.7845680903858545,2.999545875208788,4.5,"",0.0,0.0,Under,-180,0.6875,0.6006845407872219,0.06944444444444448,false
2026_04_ARI_NYG,00-0041042,Malachi Fields,NYG,ARI,receptions,betonlineag,1.5,2.0465123244845143,2.0,-2.5,"",0.0,0.59,Over,-179,0.61,0.602246806569343,-0.04921787709497211,false
2026_04_ARI_NYG,00-0041042,Malachi Fields,NYG,ARI,receptions,betonlineag,1.5,2.0465123244845143,2.0,-2.5,"",0.0,0.59,Under,136,0.39,0.39775319343065696,-0.0795999999999999,false
2026_04_GB_TB,00-0041048,Ted Hurst III,TB,GB,receptions,betonlineag,1.5,2.05304851650508,1.8850499013413151,-3.0,"",0.0,0.0,Over,-179,0.6175,0.602246806569343,-0.037527932960893795,true
2026_04_GB_TB,00-0041048,Ted Hurst III,TB,GB,receptions,betonlineag,1.5,2.05304851650508,1.8850499013413151,-3.0,"",0.0,0.0,Under,136,0.38249999999999995,0.39775319343065696,-0.09730000000000005,true
2026_04_GB_TB,00-0036919,Kenny Gainwell,TB,GB,receptions,bovada,1.5,2.4777762788635886,3.6346994804731385,-3.0,"",0.0,0.0,Over,-180,0.66,0.6017069701280228,0.026666666666666727,true
2026_04_GB_TB,00-0036919,Kenny Gainwell,TB,GB,receptions,bovada,1.5,2.4777762788635886,3.6346994804731385,-3.0,"",0.0,0.0,Under,135,0.33999999999999997,0.39829302987197723,-0.20100000000000007,true
2026_04_KC_LV,00-0040122,Ashton Jeanty,LV,KC,receptions,bovada,3.5,3.0327059882631877,3.63259260076211,-4.5,"",0.0,0.0,Over,135,0.37,0.3982930298719773,-0.1305,false
2026_04_KC_LV,00-0040122,Ashton Jeanty,LV,KC,receptions,bovada,3.5,3.0327059882631877,3.63259260076211,-4.5,"",0.0,0.0,Under,-180,0.63,0.6017069701280227,-0.019999999999999962,false
2026_04_KC_LV,00-0038134,Kenneth Walker III,KC,LV,receptions,bovada,2.5,2.7845680903858545,2.999545875208788,4.5,"",0.0,0.0,Over,-180,0.5125,0.6017069701280228,-0.20277777777777783,false
2026_04_KC_LV,00-0038134,Kenneth Walker III,KC,LV,receptions,bovada,2.5,2.7845680903858545,2.999545875208788,4.5,"",0.0,0.0,Under,135,0.48750000000000004,0.39829302987197723,0.14562500000000012,false
2026_04_LAC_SEA,00-0037545,Rashid Shaheed,SEA,LAC,receptions,betonlineag,2.5,1.6550328896903974,1.9077192680200037,7.0,"",0.0,0.0,Over,136,0.2775,0.3977531934306569,-0.34509999999999985,false
2026_04_LAC_SEA,00-0037545,Rashid Shaheed,SEA,LAC,receptions,betonlineag,2.5,1.6550328896903974,1.9077192680200037,7.0,"",0.0,0.0,Under,-179,0.7224999999999999,0.6022468065693432,0.12613128491620096,false
2026_04_LAC_SEA,00-0039793,AJ Barner,SEA,LAC,receptions,bovada,3.5,2.8389761190015688,2.7904744530527394,7.0,"",0.0,0.0,Over,135,0.315,0.3982930298719773,-0.25975000000000004,false
2026_04_LAC_SEA,00-0039793,AJ Barner,SEA,LAC,receptions,bovada,3.5,2.8389761190015688,2.7904744530527394,7.0,"",0.0,0.0,Under,-180,0.685,0.6017069701280227,0.06555555555555564,false
2026_04_ARI_NYG,00-0041027,Jeremiyah Love,ARI,NYG,receptions,fanduel,3.5,2.73065057083738,3.507414284495292,2.5,"",0.0,0.0,Over,136,0.3125,0.3963346076006296,-0.26249999999999996,false
2026_04_ARI_NYG,00-0041027,Jeremiyah Love,ARI,NYG,receptions,fanduel,3.5,2.73065057083738,3.507414284495292,2.5,"",0.0,0.0,Under,-182,0.6875,0.6036653923993704,0.06524725274725279,false
2026_04_DAL_HOU,00-0038608,Kayshon Boutte,HOU,DAL,receptions,draftkings,1.5,1.6324604201700765,2.0791517459011506,3.0,"",0.0,0.67,Over,-179,0.485,0.6062658763759525,-0.244050279329609,false
2026_04_DAL_HOU,00-0038608,Kayshon Boutte,HOU,DAL,receptions,draftkings,1.5,1.6324604201700765,2.0791517459011506,3.0,"",0.0,0.67,Under,140,0.515,0.39373412362404747,0.236,false
2026_04_ARI_NYG,00-0041042,Malachi Fields,NYG,ARI,receptions,draftkings,1.5,2.0465123244845143,2.0,-2.5,"",0.0,0.59,Over,-180,0.61,0.6067415730337078,-0.05111111111111111,false
2026_04_ARI_NYG,00-0041042,Malachi Fields,NYG,ARI,receptions,draftkings,1.5,2.0465123244845143,2.0,-2.5,"",0.0,0.59,Under,140,0.39,0.3932584269662922,-0.06400000000000006,false
2026_04_ARI_NYG,00-0033307,Kendrick Bourne,ARI,NYG,receptions,betmgm,2.5,1.9020846442316013,2.4342248260010737,2.5,"",0.0,0.0,Over,135,0.3375,0.3959708232025009,-0.20687499999999992,false
2026_04_ARI_NYG,00-0033307,Kendrick Bourne,ARI,NYG,receptions,betmgm,2.5,1.9020846442316013,2.4342248260010737,2.5,"",0.0,0.0,Under,-185,0.6625,0.6040291767974991,0.020608108108108092,false
2026_04_MIA_MIN,00-0037252,Greg Dulcich,MIA,MIN,receptions,betmgm,2.5,2.714877274122596,2.950398739487147,-10.0,"",0.0,0.01,Over,-185,0.505,0.6040291767974991,-0.22202702702702698,false
2026_04_MIA_MIN,00-0037252,Greg Dulcich,MIA,MIN,receptions,betmgm,2.5,2.714877274122596,2.950398739487147,-10.0,"",0.0,0.01,Under,135,0.495,0.3959708232025009,0.16325,false
2026_04_MIA_MIN,00-0039880,Malik Washington,MIA,MIN,receptions,betmgm,3.5,2.9776140000821716,3.0979191891539855,-10.0,"",0.88,0.01,Over,-185,0.3625,0.6040291767974991,-0.441554054054054,true
2026_04_MIA_MIN,00-0039880,Malik Washington,MIA,MIN,receptions,betmgm,3.5,2.9776140000821716,3.0979191891539855,-10.0,"",0.88,0.01,Under,135,0.6375,0.3959708232025009,0.49812499999999993,true
2026_04_KC_LV,00-0037291,Jalen Nailor,LV,KC,receptions,betmgm,1.5,1.6373768328639198,1.584669194887426,-4.5,"",0.0,0.0,Over,-185,0.4875,0.6040291767974991,-0.2489864864864864,false
2026_04_KC_LV,00-0037291,Jalen Nailor,LV,KC,receptions,betmgm,1.5,1.6373768328639198,1.584669194887426,-4.5,"",0.0,0.0,Under,135,0.5125,0.3959708232025009,0.20437499999999997,false
2026_04_LAC_SEA,00-0037545,Rashid Shaheed,SEA,LAC,receptions,betmgm,2.5,1.6550328896903974,1.9077192680200037,7.0,"",0.0,0.0,Over,135,0.2775,0.3959708232025009,-0.3478749999999999,false
2026_04_LAC_SEA,00-0037545,Rashid Shaheed,SEA,LAC,receptions,betmgm,2.5,1.6550328896903974,1.9077192680200037,7.0,"",0.0,0.0,Under,-185,0.7224999999999999,0.6040291767974991,0.11304054054054041,false
2026_04_DET_CAR,00-0031610,Darren Waller,CAR,DET,receptions,betmgm,2.5,2.695283424188542,3.1773556842111,-3.5,"",0.0,0.0,Over,-185,0.5325,0.6040291767974991,-0.1796621621621622,false
2026_04_DET_CAR,00-0031610,Darren Waller,CAR,DET,receptions,betmgm,2.5,2.695283424188542,3.1773556842111,-3.5,"",0.0,0.0,Under,135,0.4675,0.3959708232025009,0.09862500000000007,false
2026_04_ARI_NYG,00-0041042,Malachi Fields,NYG,ARI,receptions,bovada,1.5,2.0465123244845143,2.0,-2.5,"",0.0,0.59,Over,-185,0.61,0.6090534979423868,-0.060270270270270265,false
2026_04_ARI_NYG,00-0041042,Malachi Fields,NYG,ARI,receptions,bovada,1.5,2.0465123244845143,2.0,-2.5,"",0.0,0.59,Under,140,0.39,0.39094650205761317,-0.06400000000000006,false
2026_04_DAL_HOU,00-0038608,Kayshon Boutte,HOU,DAL,receptions,bovada,1.5,1.6324604201700765,2.0791517459011506,3.0,"",0.0,0.67,Over,-185,0.485,0.6090534979423868,-0.25283783783783786,false
2026_04_DAL_HOU,00-0038608,Kayshon Boutte,HOU,DAL,receptions,bovada,1.5,1.6324604201700765,2.0791517459011506,3.0,"",0.0,0.67,Under,140,0.515,0.39094650205761317,0.236,false
2026_04_ARI_NYG,00-0041042,Malachi Fields,NYG,ARI,receptions,betmgm,1.5,2.0465123244845143,2.0,-2.5,"",0.0,0.59,Over,-190,0.61,0.611260053619303,-0.06894736842105265,false
2026_04_ARI_NYG,00-0041042,Malachi Fields,NYG,ARI,receptions,betmgm,1.5,2.0465123244845143,2.0,-2.5,"",0.0,0.59,Under,140,0.39,0.388739946380697,-0.06400000000000006,false
2026_04_GB_TB,00-0041048,Ted Hurst III,TB,GB,receptions,betmgm,1.5,2.05304851650508,1.8850499013413151,-3.0,"",0.0,0.0,Over,-190,0.6175,0.611260053619303,-0.05749999999999994,true
2026_04_GB_TB,00-0041048,Ted Hurst III,TB,GB,receptions,betmgm,1.5,2.05304851650508,1.8850499013413151,-3.0,"",0.0,0.0,Under,140,0.38249999999999995,0.388739946380697,-0.08200000000000018,true
2026_04_DAL_HOU,00-0038608,Kayshon Boutte,HOU,DAL,receptions,betonlineag,1.5,1.6324604201700765,2.0791517459011506,3.0,"",0.0,0.67,Over,-189,0.485,0.6137757761235917,-0.25838624338624344,false
2026_04_DAL_HOU,00-0038608,Kayshon Boutte,HOU,DAL,receptions,betonlineag,1.5,1.6324604201700765,2.0791517459011506,3.0,"",0.0,0.67,Under,143,0.515,0.3862242238764083,0.25144999999999995,false
2026_04_DEN_SF,00-0039868,Troy Franklin,DEN,SF,receptions,betonlineag,0.5,1.2395025842434368,2.2475314341745976,-3.0,"",0.0,0.0,Over,-189,0.7275,0.6147488535779034,0.11242063492063498,true
2026_04_DEN_SF,00-0039868,Troy Franklin,DEN,SF,receptions,betonlineag,0.5,1.2395025842434368,2.2475314341745976,-3.0,"",0.0,0.0,Under,144,0.27249999999999996,0.38525114642209657,-0.3351000000000001,true
2026_04_DEN_SF,00-0039868,Troy Franklin,DEN,SF,receptions,draftkings,0.5,1.2395025842434368,2.2475314341745976,-3.0,"",0.0,0.0,Over,-188,0.7275,0.6162456028141988,0.11446808510638301,true
2026_04_DEN_SF,00-0039868,Troy Franklin,DEN,SF,receptions,draftkings,0.5,1.2395025842434368,2.2475314341745976,-3.0,"",0.0,0.0,Under,146,0.27249999999999996,0.3837543971858012,-0.3296500000000001,true
2026_04_DEN_SF,00-0039868,Troy Franklin,DEN,SF,receptions,bovada,0.5,1.2395025842434368,2.2475314341745976,-3.0,"",0.0,0.0,Over,-190,0.7275,0.6161482461945732,0.11039473684210532,true
2026_04_DEN_SF,00-0039868,Troy Franklin,DEN,SF,receptions,bovada,0.5,1.2395025842434368,2.2475314341745976,-3.0,"",0.0,0.0,Under,145,0.27249999999999996,0.3838517538054268,-0.3323750000000001,true
2026_04_LAC_SEA,00-0037545,Rashid Shaheed,SEA,LAC,receptions,bovada,2.5,1.6550328896903974,1.9077192680200037,7.0,"",0.0,0.0,Over,145,0.2775,0.38385175380542685,-0.3201249999999999,false
2026_04_LAC_SEA,00-0037545,Rashid Shaheed,SEA,LAC,receptions,bovada,2.5,1.6550328896903974,1.9077192680200037,7.0,"",0.0,0.0,Under,-190,0.7224999999999999,0.6161482461945731,0.10276315789473672,false
2026_04_GB_TB,00-0036919,Kenny Gainwell,TB,GB,receptions,fanduel,2.5,2.4777762788635886,3.6346994804731385,-3.0,"",0.0,0.0,Over,144,0.4625,0.3831317764804003,0.12850000000000006,true
2026_04_GB_TB,00-0036919,Kenny Gainwell,TB,GB,receptions,fanduel,2.5,2.4777762788635886,3.6346994804731385,-3.0,"",0.0,0.0,Under,-194,0.5375,0.6168682235195997,-0.18543814432989697,true
2026_04_LAC_SEA,00-0037545,Rashid Shaheed,SEA,LAC,receptions,draftkings,2.5,1.6550328896903974,1.9077192680200037,7.0,"",0.0,0.0,Over,148,0.2775,0.38055134173772037,-0.3117999999999999,false
2026_04_LAC_SEA,00-0037545,Rashid Shaheed,SEA,LAC,receptions,draftkings,2.5,1.6550328896903974,1.9077192680200037,7.0,"",0.0,0.0,Under,-191,0.7224999999999999,0.6194486582622796,0.10077225130890038,false
2026_04_TEN_BAL,00-0034837,Calvin Ridley,TEN,BAL,receptions,draftkings,0.5,1.181036589016635,2.206837552999765,-11.5,"",0.0,0.0,Over,-192,0.72,0.6208186162476627,0.09499999999999997,true
2026_04_TEN_BAL,00-0034837,Calvin Ridley,TEN,BAL,receptions,draftkings,0.5,1.181036589016635,2.206837552999765,-11.5,"",0.0,0.0,Under,149,0.28,0.37918138375233734,-0.30279999999999996,true
2026_04_LA_PHI,00-0037840,Kyren Williams,LA,PHI,receptions,betmgm,1.5,2.699202236407582,2.9533260497524427,3.5,"",0.0,0.72,Over,-200,0.7325,0.6202531645569621,0.09875000000000006,true
2026_04_LA_PHI,00-0037840,Kyren Williams,LA,PHI,receptions,betmgm,1.5,2.699202236407582,2.9533260497524427,3.5,"",0.0,0.72,Under,145,0.26749999999999996,0.3797468354430379,-0.3446250000000001,true
2026_04_ATL_NO,00-0035644,Noah Fant,NO,ATL,receptions,draftkings,1.5,1.695601808421313,2.2704860709748953,1.5,ltd,0.0,0.0,Over,-194,0.4875,0.6235306169488053,-0.2612113402061856,false
2026_04_ATL_NO,00-0035644,Noah Fant,NO,ATL,receptions,draftkings,1.5,1.695601808421313,2.2704860709748953,1.5,ltd,0.0,0.0,Under,151,0.5125,0.3764693830511947,0.28637499999999994,false
2026_04_TEN_BAL,00-0034837,Calvin Ridley,TEN,BAL,receptions,bovada,0.5,1.181036589016635,2.206837552999765,-11.5,"",0.0,0.0,Over,-200,0.72,0.625,0.07999999999999996,true
2026_04_TEN_BAL,00-0034837,Calvin Ridley,TEN,BAL,receptions,bovada,0.5,1.181036589016635,2.206837552999765,-11.5,"",0.0,0.0,Under,150,0.28,0.375,-0.29999999999999993,true
2026_04_ATL_NO,00-0035644,Noah Fant,NO,ATL,receptions,bovada,1.5,1.695601808421313,2.2704860709748953,1.5,ltd,0.0,0.0,Over,-200,0.4875,0.625,-0.26874999999999993,false
2026_04_ATL_NO,00-0035644,Noah Fant,NO,ATL,receptions,bovada,1.5,1.695601808421313,2.2704860709748953,1.5,ltd,0.0,0.0,Under,150,0.5125,0.375,0.2812499999999999,false
2026_04_DEN_SF,00-0039868,Troy Franklin,DEN,SF,receptions,fanduel,0.5,1.2395025842434368,2.2475314341745976,-3.0,"",0.0,0.0,Over,-205,0.7275,0.6287731256085686,0.08237804878048782,true
2026_04_DEN_SF,00-0039868,Troy Franklin,DEN,SF,receptions,fanduel,0.5,1.2395025842434368,2.2475314341745976,-3.0,"",0.0,0.0,Under,152,0.27249999999999996,0.3712268743914314,-0.3133000000000001,true
2026_04_ATL_NO,00-0035644,Noah Fant,NO,ATL,receptions,fanduel,1.5,1.695601808421313,2.2704860709748953,1.5,ltd,0.0,0.0,Over,-205,0.4875,0.6287731256085686,-0.2746951219512195,false
2026_04_ATL_NO,00-0035644,Noah Fant,NO,ATL,receptions,fanduel,1.5,1.695601808421313,2.2704860709748953,1.5,ltd,0.0,0.0,Under,152,0.5125,0.3712268743914314,0.29149999999999987,false
2026_04_DAL_HOU,00-0038608,Kayshon Boutte,HOU,DAL,receptions,fanduel,2.5,1.6324604201700765,2.0791517459011506,3.0,"",0.0,0.67,Over,154,0.27,0.3675598766895897,-0.3141999999999999,false
2026_04_DAL_HOU,00-0038608,Kayshon Boutte,HOU,DAL,receptions,fanduel,2.5,1.6324604201700765,2.0791517459011506,3.0,"",0.0,0.67,Under,-210,0.73,0.6324401233104102,0.07761904761904759,false
2026_04_ARI_NYG,00-0039847,Theo Johnson,NYG,ARI,receptions,betmgm,1.5,1.832473233711064,2.1060563558601193,-2.5,"",0.0,0.59,Over,165,0.5625,0.35278154681139756,0.490625,true
2026_04_ARI_NYG,00-0039847,Theo Johnson,NYG,ARI,receptions,betmgm,1.5,1.832473233711064,2.1060563558601193,-2.5,"",0.0,0.59,Under,-225,0.4375,0.6472184531886025,-0.3680555555555556,true
2026_04_ARI_NYG,00-0039847,Theo Johnson,NYG,ARI,receptions,betonlineag,1.5,1.832473233711064,2.1060563558601193,-2.5,"",0.0,0.59,Over,178,0.5625,0.3381217238205755,0.56375,true
2026_04_ARI_NYG,00-0039847,Theo Johnson,NYG,ARI,receptions,betonlineag,1.5,1.832473233711064,2.1060563558601193,-2.5,"",0.0,0.59,Under,-238,0.4375,0.6618782761794245,-0.3786764705882353,true
2026_04_ARI_NYG,00-0039847,Theo Johnson,NYG,ARI,receptions,draftkings,0.5,1.832473233711064,2.1060563558601193,-2.5,"",0.0,0.59,Over,-239,0.8525,0.6669155793114291,0.20919456066945608,true
2026_04_ARI_NYG,00-0039847,Theo Johnson,NYG,ARI,receptions,draftkings,0.5,1.832473233711064,2.1060563558601193,-2.5,"",0.0,0.59,Under,184,0.14749999999999996,0.3330844206885709,-0.5811000000000002,true
2026_04_ARI_NYG,00-0039847,Theo Johnson,NYG,ARI,receptions,fanduel,1.5,1.832473233711064,2.1060563558601193,-2.5,"",0.0,0.59,Over,182,0.5625,0.33175355450236965,0.5862499999999999,true
2026_04_ARI_NYG,00-0039847,Theo Johnson,NYG,ARI,receptions,fanduel,1.5,1.832473233711064,2.1060563558601193,-2.5,"",0.0,0.59,Under,-250,0.4375,0.6682464454976303,-0.38749999999999996,true
2026_04_ARI_NYG,00-0039847,Theo Johnson,NYG,ARI,receptions,bovada,0.5,1.832473233711064,2.1060563558601193,-2.5,"",0.0,0.59,Over,-250,0.8525,0.6705882352941177,0.19350000000000006,true
2026_04_ARI_NYG,00-0039847,Theo Johnson,NYG,ARI,receptions,bovada,0.5,1.832473233711064,2.1060563558601193,-2.5,"",0.0,0.59,Under,185,0.14749999999999996,0.3294117647058823,-0.5796250000000001,true
