snapshot_utc,event_id,commence_time,home_team,away_team,book,market,player,side,point,price,book_last_update
20261004T045441Z,c9d8ed8aa4889486eaf10a630138ede0,2026-10-04T13:30:00Z,Washington Commanders,Indianapolis Colts,draftkings,player_pass_yds,Daniel Jones,Over,219.5,-111,2026-10-04T04:53:01Z
20261004T045441Z,c9d8ed8aa4889486eaf10a630138ede0,2026-10-04T13:30:00Z,Washington Commanders,Indianapolis Colts,draftkings,player_pass_yds,Daniel Jones,Under,219.5,-113,2026-10-04T04:53:01Z
20261004T045441Z,c9d8ed8aa4889486eaf10a630138ede0,2026-10-04T13:30:00Z,Washington Commanders,Indianapolis Colts,draftkings,player_pass_yds,Marcus Mariota,Over,206.5,-113,2026-10-04T04:53:01Z
20261004T045441Z,c9d8ed8aa4889486eaf10a630138ede0,2026-10-04T13:30:00Z,Washington Commanders,Indianapolis Colts,draftkings,player_pass_yds,Marcus Mariota,Under,206.5,-111,2026-10-04T04:53:01Z
20261004T045441Z,c9d8ed8aa4889486eaf10a630138ede0,2026-10-04T13:30:00Z,Washington Commanders,Indianapolis Colts,draftkings,player_reception_yds,Josh Downs,Over,68.5,-111,2026-10-04T04:53:01Z
20261004T045441Z,c9d8ed8aa4889486eaf10a630138ede0,2026-10-04T13:30:00Z,Washington Commanders,Indianapolis Colts,draftkings,player_reception_yds,Josh Downs,Under,68.5,-113,2026-10-04T04:53:01Z
20261004T045441Z,c9d8ed8aa4889486eaf10a630138ede0,2026-10-04T13:30:00Z,Washington Commanders,Indianapolis Colts,draftkings,player_reception_yds,Tyler Warren,Over,57.5,-110,2026-10-04T04:53:01Z
20261004T045441Z,c9d8ed8aa4889486eaf10a630138ede0,2026-10-04T13:30:00Z,Washington Commanders,Indianapolis Colts,draftkings,player_reception_yds,Tyler Warren,Under,57.5,-114,2026-10-04T04:53:01Z
20261004T045441Z,c9d8ed8aa4889486eaf10a630138ede0,2026-10-04T13:30:00Z,Washington Commanders,Indianapolis Colts,draftkings,player_reception_yds,Stefon Diggs,Over,56.5,-114,2026-10-04T04:53:01Z
20261004T045441Z,c9d8ed8aa4889486eaf10a630138ede0,2026-10-04T13:30:00Z,Washington Commanders,Indianapolis Colts,draftkings,player_reception_yds,Stefon Diggs,Under,56.5,-110,2026-10-04T04:53:01Z
20261004T045441Z,c9d8ed8aa4889486eaf10a630138ede0,2026-10-04T13:30:00Z,Washington Commanders,Indianapolis Colts,draftkings,player_reception_yds,Chig Okonkwo,Over,29.5,-113,2026-10-04T04:53:01Z
20261004T045441Z,c9d8ed8aa4889486eaf10a630138ede0,2026-10-04T13:30:00Z,Washington Commanders,Indianapolis Colts,draftkings,player_reception_yds,Chig Okonkwo,Under,29.5,-111,2026-10-04T04:53:01Z
20261004T045441Z,c9d8ed8aa4889486eaf10a630138ede0,2026-10-04T13:30:00Z,Washington Commanders,Indianapolis Colts,draftkings,player_reception_yds,Antonio Williams,Over,25.5,-114,2026-10-04T04:53:01Z
20261004T045441Z,c9d8ed8aa4889486eaf10a630138ede0,2026-10-04T13:30:00Z,Washington Commanders,Indianapolis Colts,draftkings,player_reception_yds,Antonio Williams,Under,25.5,-110,2026-10-04T04:53:01Z
20261004T045441Z,c9d8ed8aa4889486eaf10a630138ede0,2026-10-04T13:30:00Z,Washington Commanders,Indianapolis Colts,draftkings,player_reception_yds,Laquon Treadwell,Over,24.5,-113,2026-10-04T04:53:01Z
20261004T045441Z,c9d8ed8aa4889486eaf10a630138ede0,2026-10-04T13:30:00Z,Washington Commanders,Indianapolis Colts,draftkings,player_reception_yds,Laquon Treadwell,Under,24.5,-111,2026-10-04T04:53:01Z
20261004T045441Z,c9d8ed8aa4889486eaf10a630138ede0,2026-10-04T13:30:00Z,Washington Commanders,Indianapolis Colts,draftkings,player_reception_yds,Jonathan Taylor,Over,19.5,-111,2026-10-04T04:53:01Z
20261004T045441Z,c9d8ed8aa4889486eaf10a630138ede0,2026-10-04T13:30:00Z,Washington Commanders,Indianapolis Colts,draftkings,player_reception_yds,Jonathan Taylor,Under,19.5,-113,2026-10-04T04:53:01Z
20261004T045441Z,c9d8ed8aa4889486eaf10a630138ede0,2026-10-04T13:30:00Z,Washington Commanders,Indianapolis Colts,draftkings,player_reception_yds,Treylon Burks,Over,18.5,-110,2026-10-04T04:53:01Z
20261004T045441Z,c9d8ed8aa4889486eaf10a630138ede0,2026-10-04T13:30:00Z,Washington Commanders,Indianapolis Colts,draftkings,player_reception_yds,Treylon Burks,Under,18.5,-114,2026-10-04T04:53:01Z
20261004T045441Z,c9d8ed8aa4889486eaf10a630138ede0,2026-10-04T13:30:00Z,Washington Commanders,Indianapolis Colts,draftkings,player_reception_yds,Darius Slayton,Over,13.5,-110,2026-10-04T04:53:01Z
20261004T045441Z,c9d8ed8aa4889486eaf10a630138ede0,2026-10-04T13:30:00Z,Washington Commanders,Indianapolis Colts,draftkings,player_reception_yds,Darius Slayton,Under,13.5,-114,2026-10-04T04:53:01Z
20261004T045441Z,c9d8ed8aa4889486eaf10a630138ede0,2026-10-04T13:30:00Z,Washington Commanders,Indianapolis Colts,draftkings,player_receptions,Josh Downs,Over,6.5,-120,2026-10-04T04:53:01Z
20261004T045441Z,c9d8ed8aa4889486eaf10a630138ede0,2026-10-04T13:30:00Z,Washington Commanders,Indianapolis Colts,draftkings,player_receptions,Josh Downs,Under,6.5,-106,2026-10-04T04:53:01Z
20261004T045441Z,c9d8ed8aa4889486eaf10a630138ede0,2026-10-04T13:30:00Z,Washington Commanders,Indianapolis Colts,draftkings,player_receptions,Tyler Warren,Over,5.5,-142,2026-10-04T04:53:01Z
20261004T045441Z,c9d8ed8aa4889486eaf10a630138ede0,2026-10-04T13:30:00Z,Washington Commanders,Indianapolis Colts,draftkings,player_receptions,Tyler Warren,Under,5.5,111,2026-10-04T04:53:01Z
20261004T045441Z,c9d8ed8aa4889486eaf10a630138ede0,2026-10-04T13:30:00Z,Washington Commanders,Indianapolis Colts,draftkings,player_receptions,Stefon Diggs,Over,5.5,-118,2026-10-04T04:53:01Z
20261004T045441Z,c9d8ed8aa4889486eaf10a630138ede0,2026-10-04T13:30:00Z,Washington Commanders,Indianapolis Colts,draftkings,player_receptions,Stefon Diggs,Under,5.5,-108,2026-10-04T04:53:01Z
20261004T045441Z,c9d8ed8aa4889486eaf10a630138ede0,2026-10-04T13:30:00Z,Washington Commanders,Indianapolis Colts,draftkings,player_receptions,Chig Okonkwo,Over,3.5,104,2026-10-04T04:53:01Z
20261004T045441Z,c9d8ed8aa4889486eaf10a630138ede0,2026-10-04T13:30:00Z,Washington Commanders,Indianapolis Colts,draftkings,player_receptions,Chig Okonkwo,Under,3.5,-132,2026-10-04T04:53:01Z
20261004T045441Z,c9d8ed8aa4889486eaf10a630138ede0,2026-10-04T13:30:00Z,Washington Commanders,Indianapolis Colts,draftkings,player_receptions,Jonathan Taylor,Over,2.5,-131,2026-10-04T04:53:01Z
20261004T045441Z,c9d8ed8aa4889486eaf10a630138ede0,2026-10-04T13:30:00Z,Washington Commanders,Indianapolis Colts,draftkings,player_receptions,Jonathan Taylor,Under,2.5,103,2026-10-04T04:53:01Z
20261004T045441Z,c9d8ed8aa4889486eaf10a630138ede0,2026-10-04T13:30:00Z,Washington Commanders,Indianapolis Colts,draftkings,player_receptions,Antonio Williams,Over,2.5,-114,2026-10-04T04:53:01Z
20261004T045441Z,c9d8ed8aa4889486eaf10a630138ede0,2026-10-04T13:30:00Z,Washington Commanders,Indianapolis Colts,draftkings,player_receptions,Antonio Williams,Under,2.5,-112,2026-10-04T04:53:01Z
20261004T045441Z,c9d8ed8aa4889486eaf10a630138ede0,2026-10-04T13:30:00Z,Washington Commanders,Indianapolis Colts,draftkings,player_receptions,Treylon Burks,Over,1.5,-152,2026-10-04T04:53:01Z
20261004T045441Z,c9d8ed8aa4889486eaf10a630138ede0,2026-10-04T13:30:00Z,Washington Commanders,Indianapolis Colts,draftkings,player_receptions,Treylon Burks,Under,1.5,119,2026-10-04T04:53:01Z
20261004T045441Z,c9d8ed8aa4889486eaf10a630138ede0,2026-10-04T13:30:00Z,Washington Commanders,Indianapolis Colts,draftkings,player_receptions,Laquon Treadwell,Over,1.5,-151,2026-10-04T04:53:01Z
20261004T045441Z,c9d8ed8aa4889486eaf10a630138ede0,2026-10-04T13:30:00Z,Washington Commanders,Indianapolis Colts,draftkings,player_receptions,Laquon Treadwell,Under,1.5,118,2026-10-04T04:53:01Z
20261004T045441Z,c9d8ed8aa4889486eaf10a630138ede0,2026-10-04T13:30:00Z,Washington Commanders,Indianapolis Colts,draftkings,player_receptions,Darius Slayton,Over,1.5,159,2026-10-04T04:53:01Z
20261004T045441Z,c9d8ed8aa4889486eaf10a630138ede0,2026-10-04T13:30:00Z,Washington Commanders,Indianapolis Colts,draftkings,player_receptions,Darius Slayton,Under,1.5,-206,2026-10-04T04:53:01Z
20261004T045441Z,c9d8ed8aa4889486eaf10a630138ede0,2026-10-04T13:30:00Z,Washington Commanders,Indianapolis Colts,draftkings,player_rush_yds,Jonathan Taylor,Over,93.5,-111,2026-10-04T04:53:01Z
20261004T045441Z,c9d8ed8aa4889486eaf10a630138ede0,2026-10-04T13:30:00Z,Washington Commanders,Indianapolis Colts,draftkings,player_rush_yds,Jonathan Taylor,Under,93.5,-113,2026-10-04T04:53:01Z
20261004T045441Z,c9d8ed8aa4889486eaf10a630138ede0,2026-10-04T13:30:00Z,Washington Commanders,Indianapolis Colts,draftkings,player_rush_yds,Jacory Croskey-Merritt,Over,59.5,-113,2026-10-04T04:53:01Z
20261004T045441Z,c9d8ed8aa4889486eaf10a630138ede0,2026-10-04T13:30:00Z,Washington Commanders,Indianapolis Colts,draftkings,player_rush_yds,Jacory Croskey-Merritt,Under,59.5,-111,2026-10-04T04:53:01Z
20261004T045441Z,c9d8ed8aa4889486eaf10a630138ede0,2026-10-04T13:30:00Z,Washington Commanders,Indianapolis Colts,draftkings,player_rush_yds,Marcus Mariota,Over,25.5,-111,2026-10-04T04:53:01Z
20261004T045441Z,c9d8ed8aa4889486eaf10a630138ede0,2026-10-04T13:30:00Z,Washington Commanders,Indianapolis Colts,draftkings,player_rush_yds,Marcus Mariota,Under,25.5,-113,2026-10-04T04:53:01Z
20261004T045441Z,c9d8ed8aa4889486eaf10a630138ede0,2026-10-04T13:30:00Z,Washington Commanders,Indianapolis Colts,draftkings,player_rush_yds,Kaytron Allen,Over,13.5,-115,2026-10-04T04:53:01Z
20261004T045441Z,c9d8ed8aa4889486eaf10a630138ede0,2026-10-04T13:30:00Z,Washington Commanders,Indianapolis Colts,draftkings,player_rush_yds,Kaytron Allen,Under,13.5,-109,2026-10-04T04:53:01Z
20261004T045441Z,c9d8ed8aa4889486eaf10a630138ede0,2026-10-04T13:30:00Z,Washington Commanders,Indianapolis Colts,draftkings,player_rush_yds,Daniel Jones,Over,11.5,-114,2026-10-04T04:53:01Z
20261004T045441Z,c9d8ed8aa4889486eaf10a630138ede0,2026-10-04T13:30:00Z,Washington Commanders,Indianapolis Colts,draftkings,player_rush_yds,Daniel Jones,Under,11.5,-110,2026-10-04T04:53:01Z
20261004T045441Z,c9d8ed8aa4889486eaf10a630138ede0,2026-10-04T13:30:00Z,Washington Commanders,Indianapolis Colts,draftkings,player_rush_yds,Seth McGowan,Over,5.5,-113,2026-10-04T04:53:01Z
20261004T045441Z,c9d8ed8aa4889486eaf10a630138ede0,2026-10-04T13:30:00Z,Washington Commanders,Indianapolis Colts,draftkings,player_rush_yds,Seth McGowan,Under,5.5,-111,2026-10-04T04:53:01Z
20261004T045441Z,c9d8ed8aa4889486eaf10a630138ede0,2026-10-04T13:30:00Z,Washington Commanders,Indianapolis Colts,fanduel,player_pass_yds,Marcus Mariota,Over,203.5,-113,2026-10-04T04:54:36Z
20261004T045441Z,c9d8ed8aa4889486eaf10a630138ede0,2026-10-04T13:30:00Z,Washington Commanders,Indianapolis Colts,fanduel,player_pass_yds,Marcus Mariota,Under,203.5,-113,2026-10-04T04:54:36Z
20261004T045441Z,c9d8ed8aa4889486eaf10a630138ede0,2026-10-04T13:30:00Z,Washington Commanders,Indianapolis Colts,fanduel,player_pass_yds,Daniel Jones,Over,219.5,-113,2026-10-04T04:54:36Z
20261004T045441Z,c9d8ed8aa4889486eaf10a630138ede0,2026-10-04T13:30:00Z,Washington Commanders,Indianapolis Colts,fanduel,player_pass_yds,Daniel Jones,Under,219.5,-113,2026-10-04T04:54:36Z
20261004T045441Z,c9d8ed8aa4889486eaf10a630138ede0,2026-10-04T13:30:00Z,Washington Commanders,Indianapolis Colts,fanduel,player_reception_yds,Jacory Croskey-Merritt,Over,5.5,-113,2026-10-04T04:54:36Z
20261004T045441Z,c9d8ed8aa4889486eaf10a630138ede0,2026-10-04T13:30:00Z,Washington Commanders,Indianapolis Colts,fanduel,player_reception_yds,Jacory Croskey-Merritt,Under,5.5,-113,2026-10-04T04:54:36Z
20261004T045441Z,c9d8ed8aa4889486eaf10a630138ede0,2026-10-04T13:30:00Z,Washington Commanders,Indianapolis Colts,fanduel,player_reception_yds,Chig Okonkwo,Over,29.5,-113,2026-10-04T04:54:36Z
20261004T045441Z,c9d8ed8aa4889486eaf10a630138ede0,2026-10-04T13:30:00Z,Washington Commanders,Indianapolis Colts,fanduel,player_reception_yds,Chig Okonkwo,Under,29.5,-113,2026-10-04T04:54:36Z
20261004T045441Z,c9d8ed8aa4889486eaf10a630138ede0,2026-10-04T13:30:00Z,Washington Commanders,Indianapolis Colts,fanduel,player_reception_yds,Antonio Williams,Over,27.5,-113,2026-10-04T04:54:36Z
20261004T045441Z,c9d8ed8aa4889486eaf10a630138ede0,2026-10-04T13:30:00Z,Washington Commanders,Indianapolis Colts,fanduel,player_reception_yds,Antonio Williams,Under,27.5,-113,2026-10-04T04:54:36Z
20261004T045441Z,c9d8ed8aa4889486eaf10a630138ede0,2026-10-04T13:30:00Z,Washington Commanders,Indianapolis Colts,fanduel,player_reception_yds,Darius Slayton,Over,13.5,-113,2026-10-04T04:54:36Z
20261004T045441Z,c9d8ed8aa4889486eaf10a630138ede0,2026-10-04T13:30:00Z,Washington Commanders,Indianapolis Colts,fanduel,player_reception_yds,Darius Slayton,Under,13.5,-113,2026-10-04T04:54:36Z
20261004T045441Z,c9d8ed8aa4889486eaf10a630138ede0,2026-10-04T13:30:00Z,Washington Commanders,Indianapolis Colts,fanduel,player_reception_yds,Treylon Burks,Over,17.5,-113,2026-10-04T04:54:36Z
20261004T045441Z,c9d8ed8aa4889486eaf10a630138ede0,2026-10-04T13:30:00Z,Washington Commanders,Indianapolis Colts,fanduel,player_reception_yds,Treylon Burks,Under,17.5,-113,2026-10-04T04:54:36Z
20261004T045441Z,c9d8ed8aa4889486eaf10a630138ede0,2026-10-04T13:30:00Z,Washington Commanders,Indianapolis Colts,fanduel,player_reception_yds,Laquon Treadwell,Over,25.5,-113,2026-10-04T04:54:36Z
20261004T045441Z,c9d8ed8aa4889486eaf10a630138ede0,2026-10-04T13:30:00Z,Washington Commanders,Indianapolis Colts,fanduel,player_reception_yds,Laquon Treadwell,Under,25.5,-113,2026-10-04T04:54:36Z
20261004T045441Z,c9d8ed8aa4889486eaf10a630138ede0,2026-10-04T13:30:00Z,Washington Commanders,Indianapolis Colts,fanduel,player_reception_yds,Stefon Diggs,Over,56.5,-113,2026-10-04T04:54:36Z
20261004T045441Z,c9d8ed8aa4889486eaf10a630138ede0,2026-10-04T13:30:00Z,Washington Commanders,Indianapolis Colts,fanduel,player_reception_yds,Stefon Diggs,Under,56.5,-113,2026-10-04T04:54:36Z
20261004T045441Z,c9d8ed8aa4889486eaf10a630138ede0,2026-10-04T13:30:00Z,Washington Commanders,Indianapolis Colts,fanduel,player_reception_yds,Jonathan Taylor,Over,19.5,-113,2026-10-04T04:54:36Z
20261004T045441Z,c9d8ed8aa4889486eaf10a630138ede0,2026-10-04T13:30:00Z,Washington Commanders,Indianapolis Colts,fanduel,player_reception_yds,Jonathan Taylor,Under,19.5,-113,2026-10-04T04:54:36Z
20261004T045441Z,c9d8ed8aa4889486eaf10a630138ede0,2026-10-04T13:30:00Z,Washington Commanders,Indianapolis Colts,fanduel,player_reception_yds,Tyler Warren,Over,57.5,-113,2026-10-04T04:54:36Z
20261004T045441Z,c9d8ed8aa4889486eaf10a630138ede0,2026-10-04T13:30:00Z,Washington Commanders,Indianapolis Colts,fanduel,player_reception_yds,Tyler Warren,Under,57.5,-113,2026-10-04T04:54:36Z
20261004T045441Z,c9d8ed8aa4889486eaf10a630138ede0,2026-10-04T13:30:00Z,Washington Commanders,Indianapolis Colts,fanduel,player_reception_yds,Josh Downs,Over,70.5,-113,2026-10-04T04:54:36Z
20261004T045441Z,c9d8ed8aa4889486eaf10a630138ede0,2026-10-04T13:30:00Z,Washington Commanders,Indianapolis Colts,fanduel,player_reception_yds,Josh Downs,Under,70.5,-113,2026-10-04T04:54:36Z
20261004T045441Z,c9d8ed8aa4889486eaf10a630138ede0,2026-10-04T13:30:00Z,Washington Commanders,Indianapolis Colts,fanduel,player_receptions,Laquon Treadwell,Over,1.5,-158,2026-10-04T04:54:36Z
20261004T045441Z,c9d8ed8aa4889486eaf10a630138ede0,2026-10-04T13:30:00Z,Washington Commanders,Indianapolis Colts,fanduel,player_receptions,Laquon Treadwell,Under,1.5,118,2026-10-04T04:54:36Z
20261004T045441Z,c9d8ed8aa4889486eaf10a630138ede0,2026-10-04T13:30:00Z,Washington Commanders,Indianapolis Colts,fanduel,player_receptions,Jacory Croskey-Merritt,Over,1.5,130,2026-10-04T04:54:36Z
20261004T045441Z,c9d8ed8aa4889486eaf10a630138ede0,2026-10-04T13:30:00Z,Washington Commanders,Indianapolis Colts,fanduel,player_receptions,Jacory Croskey-Merritt,Under,1.5,-174,2026-10-04T04:54:36Z
20261004T045441Z,c9d8ed8aa4889486eaf10a630138ede0,2026-10-04T13:30:00Z,Washington Commanders,Indianapolis Colts,fanduel,player_receptions,Antonio Williams,Over,2.5,-136,2026-10-04T04:54:36Z
20261004T045441Z,c9d8ed8aa4889486eaf10a630138ede0,2026-10-04T13:30:00Z,Washington Commanders,Indianapolis Colts,fanduel,player_receptions,Antonio Williams,Under,2.5,102,2026-10-04T04:54:36Z
20261004T045441Z,c9d8ed8aa4889486eaf10a630138ede0,2026-10-04T13:30:00Z,Washington Commanders,Indianapolis Colts,fanduel,player_receptions,Jonathan Taylor,Over,2.5,-130,2026-10-04T04:54:36Z
20261004T045441Z,c9d8ed8aa4889486eaf10a630138ede0,2026-10-04T13:30:00Z,Washington Commanders,Indianapolis Colts,fanduel,player_receptions,Jonathan Taylor,Under,2.5,-102,2026-10-04T04:54:36Z
20261004T045441Z,c9d8ed8aa4889486eaf10a630138ede0,2026-10-04T13:30:00Z,Washington Commanders,Indianapolis Colts,fanduel,player_receptions,Darius Slayton,Over,1.5,168,2026-10-04T04:54:36Z
20261004T045441Z,c9d8ed8aa4889486eaf10a630138ede0,2026-10-04T13:30:00Z,Washington Commanders,Indianapolis Colts,fanduel,player_receptions,Darius Slayton,Under,1.5,-230,2026-10-04T04:54:36Z
20261004T045441Z,c9d8ed8aa4889486eaf10a630138ede0,2026-10-04T13:30:00Z,Washington Commanders,Indianapolis Colts,fanduel,player_receptions,Treylon Burks,Over,1.5,-160,2026-10-04T04:54:36Z
20261004T045441Z,c9d8ed8aa4889486eaf10a630138ede0,2026-10-04T13:30:00Z,Washington Commanders,Indianapolis Colts,fanduel,player_receptions,Treylon Burks,Under,1.5,120,2026-10-04T04:54:36Z
20261004T045441Z,c9d8ed8aa4889486eaf10a630138ede0,2026-10-04T13:30:00Z,Washington Commanders,Indianapolis Colts,fanduel,player_receptions,Chig Okonkwo,Over,3.5,106,2026-10-04T04:54:36Z
20261004T045441Z,c9d8ed8aa4889486eaf10a630138ede0,2026-10-04T13:30:00Z,Washington Commanders,Indianapolis Colts,fanduel,player_receptions,Chig Okonkwo,Under,3.5,-140,2026-10-04T04:54:36Z
20261004T045441Z,c9d8ed8aa4889486eaf10a630138ede0,2026-10-04T13:30:00Z,Washington Commanders,Indianapolis Colts,fanduel,player_receptions,Tyler Warren,Over,5.5,-144,2026-10-04T04:54:36Z
20261004T045441Z,c9d8ed8aa4889486eaf10a630138ede0,2026-10-04T13:30:00Z,Washington Commanders,Indianapolis Colts,fanduel,player_receptions,Tyler Warren,Under,5.5,108,2026-10-04T04:54:36Z
20261004T045441Z,c9d8ed8aa4889486eaf10a630138ede0,2026-10-04T13:30:00Z,Washington Commanders,Indianapolis Colts,fanduel,player_receptions,Stefon Diggs,Over,5.5,-114,2026-10-04T04:54:36Z
20261004T045441Z,c9d8ed8aa4889486eaf10a630138ede0,2026-10-04T13:30:00Z,Washington Commanders,Indianapolis Colts,fanduel,player_receptions,Stefon Diggs,Under,5.5,-114,2026-10-04T04:54:36Z
20261004T045441Z,c9d8ed8aa4889486eaf10a630138ede0,2026-10-04T13:30:00Z,Washington Commanders,Indianapolis Colts,fanduel,player_receptions,Josh Downs,Over,6.5,-130,2026-10-04T04:54:36Z
20261004T045441Z,c9d8ed8aa4889486eaf10a630138ede0,2026-10-04T13:30:00Z,Washington Commanders,Indianapolis Colts,fanduel,player_receptions,Josh Downs,Under,6.5,-102,2026-10-04T04:54:36Z
20261004T045441Z,c9d8ed8aa4889486eaf10a630138ede0,2026-10-04T13:30:00Z,Washington Commanders,Indianapolis Colts,fanduel,player_rush_yds,Daniel Jones,Over,10.5,-113,2026-10-04T04:54:36Z
20261004T045441Z,c9d8ed8aa4889486eaf10a630138ede0,2026-10-04T13:30:00Z,Washington Commanders,Indianapolis Colts,fanduel,player_rush_yds,Daniel Jones,Under,10.5,-113,2026-10-04T04:54:36Z
20261004T045441Z,c9d8ed8aa4889486eaf10a630138ede0,2026-10-04T13:30:00Z,Washington Commanders,Indianapolis Colts,fanduel,player_rush_yds,Marcus Mariota,Over,26.5,-113,2026-10-04T04:54:36Z
20261004T045441Z,c9d8ed8aa4889486eaf10a630138ede0,2026-10-04T13:30:00Z,Washington Commanders,Indianapolis Colts,fanduel,player_rush_yds,Marcus Mariota,Under,26.5,-113,2026-10-04T04:54:36Z
20261004T045441Z,c9d8ed8aa4889486eaf10a630138ede0,2026-10-04T13:30:00Z,Washington Commanders,Indianapolis Colts,fanduel,player_rush_yds,Jonathan Taylor,Over,89.5,-113,2026-10-04T04:54:36Z
20261004T045441Z,c9d8ed8aa4889486eaf10a630138ede0,2026-10-04T13:30:00Z,Washington Commanders,Indianapolis Colts,fanduel,player_rush_yds,Jonathan Taylor,Under,89.5,-113,2026-10-04T04:54:36Z
20261004T045441Z,c9d8ed8aa4889486eaf10a630138ede0,2026-10-04T13:30:00Z,Washington Commanders,Indianapolis Colts,fanduel,player_rush_yds,Jacory Croskey-Merritt,Over,60.5,-113,2026-10-04T04:54:36Z
20261004T045441Z,c9d8ed8aa4889486eaf10a630138ede0,2026-10-04T13:30:00Z,Washington Commanders,Indianapolis Colts,fanduel,player_rush_yds,Jacory Croskey-Merritt,Under,60.5,-113,2026-10-04T04:54:36Z
20261004T045441Z,c9d8ed8aa4889486eaf10a630138ede0,2026-10-04T13:30:00Z,Washington Commanders,Indianapolis Colts,fanduel,player_rush_yds,Kaytron Allen,Over,13.5,-113,2026-10-04T04:54:36Z
20261004T045441Z,c9d8ed8aa4889486eaf10a630138ede0,2026-10-04T13:30:00Z,Washington Commanders,Indianapolis Colts,fanduel,player_rush_yds,Kaytron Allen,Under,13.5,-113,2026-10-04T04:54:36Z
20261004T045441Z,c9d8ed8aa4889486eaf10a630138ede0,2026-10-04T13:30:00Z,Washington Commanders,Indianapolis Colts,fanduel,player_rush_yds,Seth McGowan,Over,6.5,-113,2026-10-04T04:54:36Z
20261004T045441Z,c9d8ed8aa4889486eaf10a630138ede0,2026-10-04T13:30:00Z,Washington Commanders,Indianapolis Colts,fanduel,player_rush_yds,Seth McGowan,Under,6.5,-113,2026-10-04T04:54:36Z
20261004T045441Z,c9d8ed8aa4889486eaf10a630138ede0,2026-10-04T13:30:00Z,Washington Commanders,Indianapolis Colts,betmgm,player_pass_yds,Daniel Jones,Over,218.5,-140,2026-10-04T04:54:14Z
20261004T045441Z,c9d8ed8aa4889486eaf10a630138ede0,2026-10-04T13:30:00Z,Washington Commanders,Indianapolis Colts,betmgm,player_pass_yds,Daniel Jones,Under,218.5,105,2026-10-04T04:54:14Z
20261004T045441Z,c9d8ed8aa4889486eaf10a630138ede0,2026-10-04T13:30:00Z,Washington Commanders,Indianapolis Colts,betmgm,player_pass_yds,Marcus Mariota,Over,207.5,-115,2026-10-04T04:54:14Z
20261004T045441Z,c9d8ed8aa4889486eaf10a630138ede0,2026-10-04T13:30:00Z,Washington Commanders,Indianapolis Colts,betmgm,player_pass_yds,Marcus Mariota,Under,207.5,-115,2026-10-04T04:54:14Z
20261004T045441Z,c9d8ed8aa4889486eaf10a630138ede0,2026-10-04T13:30:00Z,Washington Commanders,Indianapolis Colts,betmgm,player_reception_yds,Jonathan Taylor,Over,17.5,-115,2026-10-04T04:54:14Z
20261004T045441Z,c9d8ed8aa4889486eaf10a630138ede0,2026-10-04T13:30:00Z,Washington Commanders,Indianapolis Colts,betmgm,player_reception_yds,Jonathan Taylor,Under,17.5,-115,2026-10-04T04:54:14Z
20261004T045441Z,c9d8ed8aa4889486eaf10a630138ede0,2026-10-04T13:30:00Z,Washington Commanders,Indianapolis Colts,betmgm,player_reception_yds,Laquon Treadwell,Over,23.5,-125,2026-10-04T04:54:14Z
20261004T045441Z,c9d8ed8aa4889486eaf10a630138ede0,2026-10-04T13:30:00Z,Washington Commanders,Indianapolis Colts,betmgm,player_reception_yds,Laquon Treadwell,Under,23.5,-105,2026-10-04T04:54:14Z
20261004T045441Z,c9d8ed8aa4889486eaf10a630138ede0,2026-10-04T13:30:00Z,Washington Commanders,Indianapolis Colts,betmgm,player_reception_yds,Chig Okonkwo,Over,28.5,-115,2026-10-04T04:54:14Z
20261004T045441Z,c9d8ed8aa4889486eaf10a630138ede0,2026-10-04T13:30:00Z,Washington Commanders,Indianapolis Colts,betmgm,player_reception_yds,Chig Okonkwo,Under,28.5,-115,2026-10-04T04:54:14Z
20261004T045441Z,c9d8ed8aa4889486eaf10a630138ede0,2026-10-04T13:30:00Z,Washington Commanders,Indianapolis Colts,betmgm,player_reception_yds,Treylon Burks,Over,20.5,-111,2026-10-04T04:54:14Z
20261004T045441Z,c9d8ed8aa4889486eaf10a630138ede0,2026-10-04T13:30:00Z,Washington Commanders,Indianapolis Colts,betmgm,player_reception_yds,Treylon Burks,Under,20.5,-120,2026-10-04T04:54:14Z
20261004T045441Z,c9d8ed8aa4889486eaf10a630138ede0,2026-10-04T13:30:00Z,Washington Commanders,Indianapolis Colts,betmgm,player_reception_yds,Antonio Williams,Over,27.5,-120,2026-10-04T04:54:14Z
20261004T045441Z,c9d8ed8aa4889486eaf10a630138ede0,2026-10-04T13:30:00Z,Washington Commanders,Indianapolis Colts,betmgm,player_reception_yds,Antonio Williams,Under,27.5,-111,2026-10-04T04:54:14Z
20261004T045441Z,c9d8ed8aa4889486eaf10a630138ede0,2026-10-04T13:30:00Z,Washington Commanders,Indianapolis Colts,betmgm,player_reception_yds,Stefon Diggs,Over,58.5,-115,2026-10-04T04:54:14Z
20261004T045441Z,c9d8ed8aa4889486eaf10a630138ede0,2026-10-04T13:30:00Z,Washington Commanders,Indianapolis Colts,betmgm,player_reception_yds,Stefon Diggs,Under,58.5,-115,2026-10-04T04:54:14Z
20261004T045441Z,c9d8ed8aa4889486eaf10a630138ede0,2026-10-04T13:30:00Z,Washington Commanders,Indianapolis Colts,betmgm,player_reception_yds,Josh Downs,Over,71.5,-115,2026-10-04T04:54:14Z
20261004T045441Z,c9d8ed8aa4889486eaf10a630138ede0,2026-10-04T13:30:00Z,Washington Commanders,Indianapolis Colts,betmgm,player_reception_yds,Josh Downs,Under,71.5,-115,2026-10-04T04:54:14Z
20261004T045441Z,c9d8ed8aa4889486eaf10a630138ede0,2026-10-04T13:30:00Z,Washington Commanders,Indianapolis Colts,betmgm,player_reception_yds,Tyler Warren,Over,54.5,-125,2026-10-04T04:54:14Z
20261004T045441Z,c9d8ed8aa4889486eaf10a630138ede0,2026-10-04T13:30:00Z,Washington Commanders,Indianapolis Colts,betmgm,player_reception_yds,Tyler Warren,Under,54.5,-105,2026-10-04T04:54:14Z
20261004T045441Z,c9d8ed8aa4889486eaf10a630138ede0,2026-10-04T13:30:00Z,Washington Commanders,Indianapolis Colts,betmgm,player_receptions,Jonathan Taylor,Over,2.5,-120,2026-10-04T04:54:14Z
20261004T045441Z,c9d8ed8aa4889486eaf10a630138ede0,2026-10-04T13:30:00Z,Washington Commanders,Indianapolis Colts,betmgm,player_receptions,Jonathan Taylor,Under,2.5,-110,2026-10-04T04:54:14Z
20261004T045441Z,c9d8ed8aa4889486eaf10a630138ede0,2026-10-04T13:30:00Z,Washington Commanders,Indianapolis Colts,betmgm,player_receptions,Tyler Warren,Over,5.5,-118,2026-10-04T04:54:14Z
20261004T045441Z,c9d8ed8aa4889486eaf10a630138ede0,2026-10-04T13:30:00Z,Washington Commanders,Indianapolis Colts,betmgm,player_receptions,Tyler Warren,Under,5.5,-111,2026-10-04T04:54:14Z
20261004T045441Z,c9d8ed8aa4889486eaf10a630138ede0,2026-10-04T13:30:00Z,Washington Commanders,Indianapolis Colts,betmgm,player_receptions,Laquon Treadwell,Over,1.5,-165,2026-10-04T04:54:14Z
20261004T045441Z,c9d8ed8aa4889486eaf10a630138ede0,2026-10-04T13:30:00Z,Washington Commanders,Indianapolis Colts,betmgm,player_receptions,Laquon Treadwell,Under,1.5,125,2026-10-04T04:54:14Z
20261004T045441Z,c9d8ed8aa4889486eaf10a630138ede0,2026-10-04T13:30:00Z,Washington Commanders,Indianapolis Colts,betmgm,player_receptions,Antonio Williams,Over,2.5,-115,2026-10-04T04:54:14Z
20261004T045441Z,c9d8ed8aa4889486eaf10a630138ede0,2026-10-04T13:30:00Z,Washington Commanders,Indianapolis Colts,betmgm,player_receptions,Antonio Williams,Under,2.5,-115,2026-10-04T04:54:14Z
20261004T045441Z,c9d8ed8aa4889486eaf10a630138ede0,2026-10-04T13:30:00Z,Washington Commanders,Indianapolis Colts,betmgm,player_receptions,Chig Okonkwo,Over,3.5,115,2026-10-04T04:54:14Z
20261004T045441Z,c9d8ed8aa4889486eaf10a630138ede0,2026-10-04T13:30:00Z,Washington Commanders,Indianapolis Colts,betmgm,player_receptions,Chig Okonkwo,Under,3.5,-155,2026-10-04T04:54:14Z
20261004T045441Z,c9d8ed8aa4889486eaf10a630138ede0,2026-10-04T13:30:00Z,Washington Commanders,Indianapolis Colts,betmgm,player_receptions,Stefon Diggs,Over,5.5,-105,2026-10-04T04:54:14Z
20261004T045441Z,c9d8ed8aa4889486eaf10a630138ede0,2026-10-04T13:30:00Z,Washington Commanders,Indianapolis Colts,betmgm,player_receptions,Stefon Diggs,Under,5.5,-125,2026-10-04T04:54:14Z
20261004T045441Z,c9d8ed8aa4889486eaf10a630138ede0,2026-10-04T13:30:00Z,Washington Commanders,Indianapolis Colts,betmgm,player_receptions,Treylon Burks,Over,1.5,-160,2026-10-04T04:54:14Z
20261004T045441Z,c9d8ed8aa4889486eaf10a630138ede0,2026-10-04T13:30:00Z,Washington Commanders,Indianapolis Colts,betmgm,player_receptions,Treylon Burks,Under,1.5,120,2026-10-04T04:54:14Z
20261004T045441Z,c9d8ed8aa4889486eaf10a630138ede0,2026-10-04T13:30:00Z,Washington Commanders,Indianapolis Colts,betmgm,player_receptions,Josh Downs,Over,6.5,-115,2026-10-04T04:54:14Z
20261004T045441Z,c9d8ed8aa4889486eaf10a630138ede0,2026-10-04T13:30:00Z,Washington Commanders,Indianapolis Colts,betmgm,player_receptions,Josh Downs,Under,6.5,-115,2026-10-04T04:54:14Z
20261004T045441Z,c9d8ed8aa4889486eaf10a630138ede0,2026-10-04T13:30:00Z,Washington Commanders,Indianapolis Colts,betmgm,player_rush_yds,Marcus Mariota,Over,26.5,-111,2026-10-04T04:54:14Z
20261004T045441Z,c9d8ed8aa4889486eaf10a630138ede0,2026-10-04T13:30:00Z,Washington Commanders,Indianapolis Colts,betmgm,player_rush_yds,Marcus Mariota,Under,26.5,-118,2026-10-04T04:54:14Z
20261004T045441Z,c9d8ed8aa4889486eaf10a630138ede0,2026-10-04T13:30:00Z,Washington Commanders,Indianapolis Colts,betmgm,player_rush_yds,Jonathan Taylor,Over,91.5,-115,2026-10-04T04:54:14Z
20261004T045441Z,c9d8ed8aa4889486eaf10a630138ede0,2026-10-04T13:30:00Z,Washington Commanders,Indianapolis Colts,betmgm,player_rush_yds,Jonathan Taylor,Under,91.5,-115,2026-10-04T04:54:14Z
20261004T045441Z,c9d8ed8aa4889486eaf10a630138ede0,2026-10-04T13:30:00Z,Washington Commanders,Indianapolis Colts,betmgm,player_rush_yds,Daniel Jones,Over,10.5,-110,2026-10-04T04:54:14Z
20261004T045441Z,c9d8ed8aa4889486eaf10a630138ede0,2026-10-04T13:30:00Z,Washington Commanders,Indianapolis Colts,betmgm,player_rush_yds,Daniel Jones,Under,10.5,-120,2026-10-04T04:54:14Z
20261004T045441Z,c9d8ed8aa4889486eaf10a630138ede0,2026-10-04T13:30:00Z,Washington Commanders,Indianapolis Colts,betmgm,player_rush_yds,Jacory Croskey-Merritt,Over,59.5,-115,2026-10-04T04:54:14Z
20261004T045441Z,c9d8ed8aa4889486eaf10a630138ede0,2026-10-04T13:30:00Z,Washington Commanders,Indianapolis Colts,betmgm,player_rush_yds,Jacory Croskey-Merritt,Under,59.5,-115,2026-10-04T04:54:14Z
20261004T045441Z,c9d8ed8aa4889486eaf10a630138ede0,2026-10-04T13:30:00Z,Washington Commanders,Indianapolis Colts,betmgm,player_rush_yds,Kaytron Allen,Over,14.5,-115,2026-10-04T04:54:14Z
20261004T045441Z,c9d8ed8aa4889486eaf10a630138ede0,2026-10-04T13:30:00Z,Washington Commanders,Indianapolis Colts,betmgm,player_rush_yds,Kaytron Allen,Under,14.5,-115,2026-10-04T04:54:14Z
20261004T045441Z,c9d8ed8aa4889486eaf10a630138ede0,2026-10-04T13:30:00Z,Washington Commanders,Indianapolis Colts,bovada,player_pass_yds,Daniel Jones,Over,219.5,-115,2026-10-04T04:53:54Z
20261004T045441Z,c9d8ed8aa4889486eaf10a630138ede0,2026-10-04T13:30:00Z,Washington Commanders,Indianapolis Colts,bovada,player_pass_yds,Daniel Jones,Under,219.5,-115,2026-10-04T04:53:54Z
20261004T045441Z,c9d8ed8aa4889486eaf10a630138ede0,2026-10-04T13:30:00Z,Washington Commanders,Indianapolis Colts,bovada,player_pass_yds,Marcus Mariota,Over,206.5,-115,2026-10-04T04:53:54Z
20261004T045441Z,c9d8ed8aa4889486eaf10a630138ede0,2026-10-04T13:30:00Z,Washington Commanders,Indianapolis Colts,bovada,player_pass_yds,Marcus Mariota,Under,206.5,-115,2026-10-04T04:53:54Z
20261004T045441Z,c9d8ed8aa4889486eaf10a630138ede0,2026-10-04T13:30:00Z,Washington Commanders,Indianapolis Colts,bovada,player_reception_yds,Antonio Williams,Over,25.5,-115,2026-10-04T04:53:54Z
20261004T045441Z,c9d8ed8aa4889486eaf10a630138ede0,2026-10-04T13:30:00Z,Washington Commanders,Indianapolis Colts,bovada,player_reception_yds,Antonio Williams,Under,25.5,-115,2026-10-04T04:53:54Z
20261004T045441Z,c9d8ed8aa4889486eaf10a630138ede0,2026-10-04T13:30:00Z,Washington Commanders,Indianapolis Colts,bovada,player_reception_yds,Chig Okonkwo,Over,29.5,-115,2026-10-04T04:53:54Z
20261004T045441Z,c9d8ed8aa4889486eaf10a630138ede0,2026-10-04T13:30:00Z,Washington Commanders,Indianapolis Colts,bovada,player_reception_yds,Chig Okonkwo,Under,29.5,-115,2026-10-04T04:53:54Z
20261004T045441Z,c9d8ed8aa4889486eaf10a630138ede0,2026-10-04T13:30:00Z,Washington Commanders,Indianapolis Colts,bovada,player_reception_yds,Darius Slayton,Over,13.5,100,2026-10-04T04:53:54Z
20261004T045441Z,c9d8ed8aa4889486eaf10a630138ede0,2026-10-04T13:30:00Z,Washington Commanders,Indianapolis Colts,bovada,player_reception_yds,Darius Slayton,Under,13.5,-130,2026-10-04T04:53:54Z
20261004T045441Z,c9d8ed8aa4889486eaf10a630138ede0,2026-10-04T13:30:00Z,Washington Commanders,Indianapolis Colts,bovada,player_reception_yds,Jonathan Taylor,Over,19.5,-115,2026-10-04T04:53:54Z
20261004T045441Z,c9d8ed8aa4889486eaf10a630138ede0,2026-10-04T13:30:00Z,Washington Commanders,Indianapolis Colts,bovada,player_reception_yds,Jonathan Taylor,Under,19.5,-115,2026-10-04T04:53:54Z
20261004T045441Z,c9d8ed8aa4889486eaf10a630138ede0,2026-10-04T13:30:00Z,Washington Commanders,Indianapolis Colts,bovada,player_reception_yds,Josh Downs,Over,68.5,-115,2026-10-04T04:53:54Z
20261004T045441Z,c9d8ed8aa4889486eaf10a630138ede0,2026-10-04T13:30:00Z,Washington Commanders,Indianapolis Colts,bovada,player_reception_yds,Josh Downs,Under,68.5,-115,2026-10-04T04:53:54Z
20261004T045441Z,c9d8ed8aa4889486eaf10a630138ede0,2026-10-04T13:30:00Z,Washington Commanders,Indianapolis Colts,bovada,player_reception_yds,Laquon Treadwell,Over,24.5,-115,2026-10-04T04:53:54Z
20261004T045441Z,c9d8ed8aa4889486eaf10a630138ede0,2026-10-04T13:30:00Z,Washington Commanders,Indianapolis Colts,bovada,player_reception_yds,Laquon Treadwell,Under,24.5,-115,2026-10-04T04:53:54Z
20261004T045441Z,c9d8ed8aa4889486eaf10a630138ede0,2026-10-04T13:30:00Z,Washington Commanders,Indianapolis Colts,bovada,player_reception_yds,Stefon Diggs,Over,56.5,-115,2026-10-04T04:53:54Z
20261004T045441Z,c9d8ed8aa4889486eaf10a630138ede0,2026-10-04T13:30:00Z,Washington Commanders,Indianapolis Colts,bovada,player_reception_yds,Stefon Diggs,Under,56.5,-115,2026-10-04T04:53:54Z
20261004T045441Z,c9d8ed8aa4889486eaf10a630138ede0,2026-10-04T13:30:00Z,Washington Commanders,Indianapolis Colts,bovada,player_reception_yds,Tyler Warren,Over,57.5,-115,2026-10-04T04:53:54Z
20261004T045441Z,c9d8ed8aa4889486eaf10a630138ede0,2026-10-04T13:30:00Z,Washington Commanders,Indianapolis Colts,bovada,player_reception_yds,Tyler Warren,Under,57.5,-115,2026-10-04T04:53:54Z
20261004T045441Z,c9d8ed8aa4889486eaf10a630138ede0,2026-10-04T13:30:00Z,Washington Commanders,Indianapolis Colts,bovada,player_receptions,Antonio Williams,Over,2.5,-115,2026-10-04T04:53:54Z
20261004T045441Z,c9d8ed8aa4889486eaf10a630138ede0,2026-10-04T13:30:00Z,Washington Commanders,Indianapolis Colts,bovada,player_receptions,Antonio Williams,Under,2.5,-115,2026-10-04T04:53:54Z
20261004T045441Z,c9d8ed8aa4889486eaf10a630138ede0,2026-10-04T13:30:00Z,Washington Commanders,Indianapolis Colts,bovada,player_receptions,Chig Okonkwo,Over,3.5,105,2026-10-04T04:53:54Z
20261004T045441Z,c9d8ed8aa4889486eaf10a630138ede0,2026-10-04T13:30:00Z,Washington Commanders,Indianapolis Colts,bovada,player_receptions,Chig Okonkwo,Under,3.5,-135,2026-10-04T04:53:54Z
20261004T045441Z,c9d8ed8aa4889486eaf10a630138ede0,2026-10-04T13:30:00Z,Washington Commanders,Indianapolis Colts,bovada,player_receptions,Darius Slayton,Over,1.5,155,2026-10-04T04:53:54Z
20261004T045441Z,c9d8ed8aa4889486eaf10a630138ede0,2026-10-04T13:30:00Z,Washington Commanders,Indianapolis Colts,bovada,player_receptions,Darius Slayton,Under,1.5,-210,2026-10-04T04:53:54Z
20261004T045441Z,c9d8ed8aa4889486eaf10a630138ede0,2026-10-04T13:30:00Z,Washington Commanders,Indianapolis Colts,bovada,player_receptions,Jonathan Taylor,Over,2.5,-135,2026-10-04T04:53:54Z
20261004T045441Z,c9d8ed8aa4889486eaf10a630138ede0,2026-10-04T13:30:00Z,Washington Commanders,Indianapolis Colts,bovada,player_receptions,Jonathan Taylor,Under,2.5,105,2026-10-04T04:53:54Z
20261004T045441Z,c9d8ed8aa4889486eaf10a630138ede0,2026-10-04T13:30:00Z,Washington Commanders,Indianapolis Colts,bovada,player_receptions,Josh Downs,Over,6.5,-120,2026-10-04T04:53:54Z
20261004T045441Z,c9d8ed8aa4889486eaf10a630138ede0,2026-10-04T13:30:00Z,Washington Commanders,Indianapolis Colts,bovada,player_receptions,Josh Downs,Under,6.5,-110,2026-10-04T04:53:54Z
20261004T045441Z,c9d8ed8aa4889486eaf10a630138ede0,2026-10-04T13:30:00Z,Washington Commanders,Indianapolis Colts,bovada,player_receptions,Laquon Treadwell,Over,1.5,-150,2026-10-04T04:53:54Z
20261004T045441Z,c9d8ed8aa4889486eaf10a630138ede0,2026-10-04T13:30:00Z,Washington Commanders,Indianapolis Colts,bovada,player_receptions,Laquon Treadwell,Under,1.5,115,2026-10-04T04:53:54Z
20261004T045441Z,c9d8ed8aa4889486eaf10a630138ede0,2026-10-04T13:30:00Z,Washington Commanders,Indianapolis Colts,bovada,player_receptions,Stefon Diggs,Over,5.5,-120,2026-10-04T04:53:54Z
20261004T045441Z,c9d8ed8aa4889486eaf10a630138ede0,2026-10-04T13:30:00Z,Washington Commanders,Indianapolis Colts,bovada,player_receptions,Stefon Diggs,Under,5.5,-110,2026-10-04T04:53:54Z
20261004T045441Z,c9d8ed8aa4889486eaf10a630138ede0,2026-10-04T13:30:00Z,Washington Commanders,Indianapolis Colts,bovada,player_receptions,Tyler Warren,Over,5.5,-145,2026-10-04T04:53:54Z
20261004T045441Z,c9d8ed8aa4889486eaf10a630138ede0,2026-10-04T13:30:00Z,Washington Commanders,Indianapolis Colts,bovada,player_receptions,Tyler Warren,Under,5.5,110,2026-10-04T04:53:54Z
20261004T045441Z,c9d8ed8aa4889486eaf10a630138ede0,2026-10-04T13:30:00Z,Washington Commanders,Indianapolis Colts,bovada,player_rush_yds,Daniel Jones,Over,11.5,-115,2026-10-04T04:53:54Z
20261004T045441Z,c9d8ed8aa4889486eaf10a630138ede0,2026-10-04T13:30:00Z,Washington Commanders,Indianapolis Colts,bovada,player_rush_yds,Daniel Jones,Under,11.5,-115,2026-10-04T04:53:54Z
20261004T045441Z,c9d8ed8aa4889486eaf10a630138ede0,2026-10-04T13:30:00Z,Washington Commanders,Indianapolis Colts,bovada,player_rush_yds,Jacory Croskey-Merritt,Over,59.5,-115,2026-10-04T04:53:54Z
20261004T045441Z,c9d8ed8aa4889486eaf10a630138ede0,2026-10-04T13:30:00Z,Washington Commanders,Indianapolis Colts,bovada,player_rush_yds,Jacory Croskey-Merritt,Under,59.5,-115,2026-10-04T04:53:54Z
20261004T045441Z,c9d8ed8aa4889486eaf10a630138ede0,2026-10-04T13:30:00Z,Washington Commanders,Indianapolis Colts,bovada,player_rush_yds,Jonathan Taylor,Over,93.5,-110,2026-10-04T04:53:54Z
20261004T045441Z,c9d8ed8aa4889486eaf10a630138ede0,2026-10-04T13:30:00Z,Washington Commanders,Indianapolis Colts,bovada,player_rush_yds,Jonathan Taylor,Under,93.5,-120,2026-10-04T04:53:54Z
20261004T045441Z,c9d8ed8aa4889486eaf10a630138ede0,2026-10-04T13:30:00Z,Washington Commanders,Indianapolis Colts,bovada,player_rush_yds,Marcus Mariota,Over,25.5,-115,2026-10-04T04:53:54Z
20261004T045441Z,c9d8ed8aa4889486eaf10a630138ede0,2026-10-04T13:30:00Z,Washington Commanders,Indianapolis Colts,bovada,player_rush_yds,Marcus Mariota,Under,25.5,-115,2026-10-04T04:53:54Z
20261004T045441Z,c9d8ed8aa4889486eaf10a630138ede0,2026-10-04T13:30:00Z,Washington Commanders,Indianapolis Colts,betonlineag,player_pass_yds,Daniel Jones,Over,219.5,-119,2026-10-04T04:54:00Z
20261004T045441Z,c9d8ed8aa4889486eaf10a630138ede0,2026-10-04T13:30:00Z,Washington Commanders,Indianapolis Colts,betonlineag,player_pass_yds,Daniel Jones,Under,219.5,-109,2026-10-04T04:54:00Z
20261004T045441Z,c9d8ed8aa4889486eaf10a630138ede0,2026-10-04T13:30:00Z,Washington Commanders,Indianapolis Colts,betonlineag,player_pass_yds,Marcus Mariota,Over,205.5,-114,2026-10-04T04:54:00Z
20261004T045441Z,c9d8ed8aa4889486eaf10a630138ede0,2026-10-04T13:30:00Z,Washington Commanders,Indianapolis Colts,betonlineag,player_pass_yds,Marcus Mariota,Under,205.5,-114,2026-10-04T04:54:00Z
20261004T045441Z,c9d8ed8aa4889486eaf10a630138ede0,2026-10-04T13:30:00Z,Washington Commanders,Indianapolis Colts,betonlineag,player_reception_yds,Jonathan Taylor,Over,19.5,-115,2026-10-04T04:54:00Z
20261004T045441Z,c9d8ed8aa4889486eaf10a630138ede0,2026-10-04T13:30:00Z,Washington Commanders,Indianapolis Colts,betonlineag,player_reception_yds,Jonathan Taylor,Under,19.5,-112,2026-10-04T04:54:00Z
20261004T045441Z,c9d8ed8aa4889486eaf10a630138ede0,2026-10-04T13:30:00Z,Washington Commanders,Indianapolis Colts,betonlineag,player_reception_yds,Darius Slayton,Over,13.5,-114,2026-10-04T04:54:00Z
20261004T045441Z,c9d8ed8aa4889486eaf10a630138ede0,2026-10-04T13:30:00Z,Washington Commanders,Indianapolis Colts,betonlineag,player_reception_yds,Darius Slayton,Under,13.5,-114,2026-10-04T04:54:00Z
20261004T045441Z,c9d8ed8aa4889486eaf10a630138ede0,2026-10-04T13:30:00Z,Washington Commanders,Indianapolis Colts,betonlineag,player_reception_yds,Josh Downs,Over,72.5,-114,2026-10-04T04:54:00Z
20261004T045441Z,c9d8ed8aa4889486eaf10a630138ede0,2026-10-04T13:30:00Z,Washington Commanders,Indianapolis Colts,betonlineag,player_reception_yds,Josh Downs,Under,72.5,-114,2026-10-04T04:54:00Z
20261004T045441Z,c9d8ed8aa4889486eaf10a630138ede0,2026-10-04T13:30:00Z,Washington Commanders,Indianapolis Colts,betonlineag,player_reception_yds,Laquon Treadwell,Over,25.5,-116,2026-10-04T04:54:00Z
20261004T045441Z,c9d8ed8aa4889486eaf10a630138ede0,2026-10-04T13:30:00Z,Washington Commanders,Indianapolis Colts,betonlineag,player_reception_yds,Laquon Treadwell,Under,25.5,-111,2026-10-04T04:54:00Z
20261004T045441Z,c9d8ed8aa4889486eaf10a630138ede0,2026-10-04T13:30:00Z,Washington Commanders,Indianapolis Colts,betonlineag,player_reception_yds,Jacory Croskey-Merritt,Over,5.5,-114,2026-10-04T04:54:00Z
20261004T045441Z,c9d8ed8aa4889486eaf10a630138ede0,2026-10-04T13:30:00Z,Washington Commanders,Indianapolis Colts,betonlineag,player_reception_yds,Jacory Croskey-Merritt,Under,5.5,-114,2026-10-04T04:54:00Z
20261004T045441Z,c9d8ed8aa4889486eaf10a630138ede0,2026-10-04T13:30:00Z,Washington Commanders,Indianapolis Colts,betonlineag,player_reception_yds,Chig Okonkwo,Over,29.5,-115,2026-10-04T04:54:00Z
20261004T045441Z,c9d8ed8aa4889486eaf10a630138ede0,2026-10-04T13:30:00Z,Washington Commanders,Indianapolis Colts,betonlineag,player_reception_yds,Chig Okonkwo,Under,29.5,-112,2026-10-04T04:54:00Z
20261004T045441Z,c9d8ed8aa4889486eaf10a630138ede0,2026-10-04T13:30:00Z,Washington Commanders,Indianapolis Colts,betonlineag,player_reception_yds,Dyami Brown,Over,9.5,-112,2026-10-04T04:54:00Z
20261004T045441Z,c9d8ed8aa4889486eaf10a630138ede0,2026-10-04T13:30:00Z,Washington Commanders,Indianapolis Colts,betonlineag,player_reception_yds,Dyami Brown,Under,9.5,-115,2026-10-04T04:54:00Z
20261004T045441Z,c9d8ed8aa4889486eaf10a630138ede0,2026-10-04T13:30:00Z,Washington Commanders,Indianapolis Colts,betonlineag,player_reception_yds,Stefon Diggs,Over,53.5,-114,2026-10-04T04:54:00Z
20261004T045441Z,c9d8ed8aa4889486eaf10a630138ede0,2026-10-04T13:30:00Z,Washington Commanders,Indianapolis Colts,betonlineag,player_reception_yds,Stefon Diggs,Under,53.5,-114,2026-10-04T04:54:00Z
20261004T045441Z,c9d8ed8aa4889486eaf10a630138ede0,2026-10-04T13:30:00Z,Washington Commanders,Indianapolis Colts,betonlineag,player_reception_yds,Antonio Williams,Over,27.5,-114,2026-10-04T04:54:00Z
20261004T045441Z,c9d8ed8aa4889486eaf10a630138ede0,2026-10-04T13:30:00Z,Washington Commanders,Indianapolis Colts,betonlineag,player_reception_yds,Antonio Williams,Under,27.5,-114,2026-10-04T04:54:00Z
20261004T045441Z,c9d8ed8aa4889486eaf10a630138ede0,2026-10-04T13:30:00Z,Washington Commanders,Indianapolis Colts,betonlineag,player_reception_yds,Treylon Burks,Over,17.5,-114,2026-10-04T04:54:00Z
20261004T045441Z,c9d8ed8aa4889486eaf10a630138ede0,2026-10-04T13:30:00Z,Washington Commanders,Indianapolis Colts,betonlineag,player_reception_yds,Treylon Burks,Under,17.5,-114,2026-10-04T04:54:00Z
20261004T045441Z,c9d8ed8aa4889486eaf10a630138ede0,2026-10-04T13:30:00Z,Washington Commanders,Indianapolis Colts,betonlineag,player_reception_yds,Tyler Warren,Over,57.5,-114,2026-10-04T04:54:00Z
20261004T045441Z,c9d8ed8aa4889486eaf10a630138ede0,2026-10-04T13:30:00Z,Washington Commanders,Indianapolis Colts,betonlineag,player_reception_yds,Tyler Warren,Under,57.5,-114,2026-10-04T04:54:00Z
20261004T045441Z,c9d8ed8aa4889486eaf10a630138ede0,2026-10-04T13:30:00Z,Washington Commanders,Indianapolis Colts,betonlineag,player_receptions,Tyler Warren,Over,5.5,-123,2026-10-04T04:54:00Z
20261004T045441Z,c9d8ed8aa4889486eaf10a630138ede0,2026-10-04T13:30:00Z,Washington Commanders,Indianapolis Colts,betonlineag,player_receptions,Tyler Warren,Under,5.5,-104,2026-10-04T04:54:00Z
20261004T045441Z,c9d8ed8aa4889486eaf10a630138ede0,2026-10-04T13:30:00Z,Washington Commanders,Indianapolis Colts,betonlineag,player_receptions,Jonathan Taylor,Over,2.5,-116,2026-10-04T04:54:00Z
20261004T045441Z,c9d8ed8aa4889486eaf10a630138ede0,2026-10-04T13:30:00Z,Washington Commanders,Indianapolis Colts,betonlineag,player_receptions,Jonathan Taylor,Under,2.5,-111,2026-10-04T04:54:00Z
20261004T045441Z,c9d8ed8aa4889486eaf10a630138ede0,2026-10-04T13:30:00Z,Washington Commanders,Indianapolis Colts,betonlineag,player_receptions,Laquon Treadwell,Over,1.5,-156,2026-10-04T04:54:00Z
20261004T045441Z,c9d8ed8aa4889486eaf10a630138ede0,2026-10-04T13:30:00Z,Washington Commanders,Indianapolis Colts,betonlineag,player_receptions,Laquon Treadwell,Under,1.5,120,2026-10-04T04:54:00Z
20261004T045441Z,c9d8ed8aa4889486eaf10a630138ede0,2026-10-04T13:30:00Z,Washington Commanders,Indianapolis Colts,betonlineag,player_receptions,Darius Slayton,Over,1.5,158,2026-10-04T04:54:00Z
20261004T045441Z,c9d8ed8aa4889486eaf10a630138ede0,2026-10-04T13:30:00Z,Washington Commanders,Indianapolis Colts,betonlineag,player_receptions,Darius Slayton,Under,1.5,-208,2026-10-04T04:54:00Z
20261004T045441Z,c9d8ed8aa4889486eaf10a630138ede0,2026-10-04T13:30:00Z,Washington Commanders,Indianapolis Colts,betonlineag,player_receptions,Josh Downs,Over,6.5,-123,2026-10-04T04:54:00Z
20261004T045441Z,c9d8ed8aa4889486eaf10a630138ede0,2026-10-04T13:30:00Z,Washington Commanders,Indianapolis Colts,betonlineag,player_receptions,Josh Downs,Under,6.5,-105,2026-10-04T04:54:00Z
20261004T045441Z,c9d8ed8aa4889486eaf10a630138ede0,2026-10-04T13:30:00Z,Washington Commanders,Indianapolis Colts,betonlineag,player_receptions,Jacory Croskey-Merritt,Over,1.5,139,2026-10-04T04:54:00Z
20261004T045441Z,c9d8ed8aa4889486eaf10a630138ede0,2026-10-04T13:30:00Z,Washington Commanders,Indianapolis Colts,betonlineag,player_receptions,Jacory Croskey-Merritt,Under,1.5,-182,2026-10-04T04:54:00Z
20261004T045441Z,c9d8ed8aa4889486eaf10a630138ede0,2026-10-04T13:30:00Z,Washington Commanders,Indianapolis Colts,betonlineag,player_receptions,Chig Okonkwo,Over,3.5,107,2026-10-04T04:54:00Z
20261004T045441Z,c9d8ed8aa4889486eaf10a630138ede0,2026-10-04T13:30:00Z,Washington Commanders,Indianapolis Colts,betonlineag,player_receptions,Chig Okonkwo,Under,3.5,-139,2026-10-04T04:54:00Z
20261004T045441Z,c9d8ed8aa4889486eaf10a630138ede0,2026-10-04T13:30:00Z,Washington Commanders,Indianapolis Colts,betonlineag,player_receptions,Dyami Brown,Over,1.5,178,2026-10-04T04:54:00Z
20261004T045441Z,c9d8ed8aa4889486eaf10a630138ede0,2026-10-04T13:30:00Z,Washington Commanders,Indianapolis Colts,betonlineag,player_receptions,Dyami Brown,Under,1.5,-238,2026-10-04T04:54:00Z
20261004T045441Z,c9d8ed8aa4889486eaf10a630138ede0,2026-10-04T13:30:00Z,Washington Commanders,Indianapolis Colts,betonlineag,player_receptions,Treylon Burks,Over,1.5,-149,2026-10-04T04:54:00Z
20261004T045441Z,c9d8ed8aa4889486eaf10a630138ede0,2026-10-04T13:30:00Z,Washington Commanders,Indianapolis Colts,betonlineag,player_receptions,Treylon Burks,Under,1.5,115,2026-10-04T04:54:00Z
20261004T045441Z,c9d8ed8aa4889486eaf10a630138ede0,2026-10-04T13:30:00Z,Washington Commanders,Indianapolis Colts,betonlineag,player_receptions,Stefon Diggs,Over,5.5,-114,2026-10-04T04:54:00Z
20261004T045441Z,c9d8ed8aa4889486eaf10a630138ede0,2026-10-04T13:30:00Z,Washington Commanders,Indianapolis Colts,betonlineag,player_receptions,Stefon Diggs,Under,5.5,-114,2026-10-04T04:54:00Z
20261004T045441Z,c9d8ed8aa4889486eaf10a630138ede0,2026-10-04T13:30:00Z,Washington Commanders,Indianapolis Colts,betonlineag,player_receptions,Antonio Williams,Over,2.5,-114,2026-10-04T04:54:00Z
20261004T045441Z,c9d8ed8aa4889486eaf10a630138ede0,2026-10-04T13:30:00Z,Washington Commanders,Indianapolis Colts,betonlineag,player_receptions,Antonio Williams,Under,2.5,-114,2026-10-04T04:54:00Z
20261004T045441Z,c9d8ed8aa4889486eaf10a630138ede0,2026-10-04T13:30:00Z,Washington Commanders,Indianapolis Colts,betonlineag,player_rush_yds,Jonathan Taylor,Over,90.5,-115,2026-10-04T04:54:00Z
20261004T045441Z,c9d8ed8aa4889486eaf10a630138ede0,2026-10-04T13:30:00Z,Washington Commanders,Indianapolis Colts,betonlineag,player_rush_yds,Jonathan Taylor,Under,90.5,-112,2026-10-04T04:54:00Z
20261004T045441Z,c9d8ed8aa4889486eaf10a630138ede0,2026-10-04T13:30:00Z,Washington Commanders,Indianapolis Colts,betonlineag,player_rush_yds,Marcus Mariota,Over,26.5,-114,2026-10-04T04:54:00Z
20261004T045441Z,c9d8ed8aa4889486eaf10a630138ede0,2026-10-04T13:30:00Z,Washington Commanders,Indianapolis Colts,betonlineag,player_rush_yds,Marcus Mariota,Under,26.5,-114,2026-10-04T04:54:00Z
20261004T045441Z,c9d8ed8aa4889486eaf10a630138ede0,2026-10-04T13:30:00Z,Washington Commanders,Indianapolis Colts,betonlineag,player_rush_yds,Jacory Croskey-Merritt,Over,60.5,-116,2026-10-04T04:54:00Z
20261004T045441Z,c9d8ed8aa4889486eaf10a630138ede0,2026-10-04T13:30:00Z,Washington Commanders,Indianapolis Colts,betonlineag,player_rush_yds,Jacory Croskey-Merritt,Under,60.5,-111,2026-10-04T04:54:00Z
20261004T045441Z,c9d8ed8aa4889486eaf10a630138ede0,2026-10-04T13:30:00Z,Washington Commanders,Indianapolis Colts,betonlineag,player_rush_yds,Seth McGowan,Over,6.5,-115,2026-10-04T04:54:00Z
20261004T045441Z,c9d8ed8aa4889486eaf10a630138ede0,2026-10-04T13:30:00Z,Washington Commanders,Indianapolis Colts,betonlineag,player_rush_yds,Seth McGowan,Under,6.5,-112,2026-10-04T04:54:00Z
20261004T045441Z,c9d8ed8aa4889486eaf10a630138ede0,2026-10-04T13:30:00Z,Washington Commanders,Indianapolis Colts,betonlineag,player_rush_yds,Daniel Jones,Over,10.5,-112,2026-10-04T04:54:00Z
20261004T045441Z,c9d8ed8aa4889486eaf10a630138ede0,2026-10-04T13:30:00Z,Washington Commanders,Indianapolis Colts,betonlineag,player_rush_yds,Daniel Jones,Under,10.5,-115,2026-10-04T04:54:00Z
20261004T045441Z,c9d8ed8aa4889486eaf10a630138ede0,2026-10-04T13:30:00Z,Washington Commanders,Indianapolis Colts,betonlineag,player_rush_yds,Kaytron Allen,Over,13.5,-114,2026-10-04T04:54:00Z
20261004T045441Z,c9d8ed8aa4889486eaf10a630138ede0,2026-10-04T13:30:00Z,Washington Commanders,Indianapolis Colts,betonlineag,player_rush_yds,Kaytron Allen,Under,13.5,-114,2026-10-04T04:54:00Z
20261004T045441Z,c9d8ed8aa4889486eaf10a630138ede0,2026-10-04T13:30:00Z,Washington Commanders,Indianapolis Colts,betrivers,player_pass_yds,Daniel Jones,Over,220.5,-115,2026-10-04T04:54:01Z
20261004T045441Z,c9d8ed8aa4889486eaf10a630138ede0,2026-10-04T13:30:00Z,Washington Commanders,Indianapolis Colts,betrivers,player_pass_yds,Daniel Jones,Under,220.5,-115,2026-10-04T04:54:01Z
20261004T045441Z,c9d8ed8aa4889486eaf10a630138ede0,2026-10-04T13:30:00Z,Washington Commanders,Indianapolis Colts,betrivers,player_pass_yds,Marcus Mariota,Over,197.5,-115,2026-10-04T04:54:01Z
20261004T045441Z,c9d8ed8aa4889486eaf10a630138ede0,2026-10-04T13:30:00Z,Washington Commanders,Indianapolis Colts,betrivers,player_pass_yds,Marcus Mariota,Under,197.5,-115,2026-10-04T04:54:01Z
20261004T045441Z,c9d8ed8aa4889486eaf10a630138ede0,2026-10-04T13:30:00Z,Washington Commanders,Indianapolis Colts,betrivers,player_reception_yds,Jonathan Taylor,Over,18.5,-117,2026-10-04T04:54:01Z
20261004T045441Z,c9d8ed8aa4889486eaf10a630138ede0,2026-10-04T13:30:00Z,Washington Commanders,Indianapolis Colts,betrivers,player_reception_yds,Jonathan Taylor,Under,18.5,-114,2026-10-04T04:54:01Z
20261004T045441Z,c9d8ed8aa4889486eaf10a630138ede0,2026-10-04T13:30:00Z,Washington Commanders,Indianapolis Colts,betrivers,player_reception_yds,Chig Okonkwo,Over,28.5,-118,2026-10-04T04:54:01Z
20261004T045441Z,c9d8ed8aa4889486eaf10a630138ede0,2026-10-04T13:30:00Z,Washington Commanders,Indianapolis Colts,betrivers,player_reception_yds,Chig Okonkwo,Under,28.5,-113,2026-10-04T04:54:01Z
20261004T045441Z,c9d8ed8aa4889486eaf10a630138ede0,2026-10-04T13:30:00Z,Washington Commanders,Indianapolis Colts,betrivers,player_reception_yds,Treylon Burks,Over,19.5,-117,2026-10-04T04:54:01Z
20261004T045441Z,c9d8ed8aa4889486eaf10a630138ede0,2026-10-04T13:30:00Z,Washington Commanders,Indianapolis Colts,betrivers,player_reception_yds,Treylon Burks,Under,19.5,-114,2026-10-04T04:54:01Z
20261004T045441Z,c9d8ed8aa4889486eaf10a630138ede0,2026-10-04T13:30:00Z,Washington Commanders,Indianapolis Colts,betrivers,player_reception_yds,Stefon Diggs,Over,55.5,-115,2026-10-04T04:54:01Z
20261004T045441Z,c9d8ed8aa4889486eaf10a630138ede0,2026-10-04T13:30:00Z,Washington Commanders,Indianapolis Colts,betrivers,player_reception_yds,Stefon Diggs,Under,55.5,-115,2026-10-04T04:54:01Z
20261004T045441Z,c9d8ed8aa4889486eaf10a630138ede0,2026-10-04T13:30:00Z,Washington Commanders,Indianapolis Colts,betrivers,player_reception_yds,Antonio Williams,Over,24.5,-115,2026-10-04T04:54:01Z
20261004T045441Z,c9d8ed8aa4889486eaf10a630138ede0,2026-10-04T13:30:00Z,Washington Commanders,Indianapolis Colts,betrivers,player_reception_yds,Antonio Williams,Under,24.5,-115,2026-10-04T04:54:01Z
20261004T045441Z,c9d8ed8aa4889486eaf10a630138ede0,2026-10-04T13:30:00Z,Washington Commanders,Indianapolis Colts,betrivers,player_reception_yds,Laquon Treadwell,Over,22.5,-118,2026-10-04T04:54:01Z
20261004T045441Z,c9d8ed8aa4889486eaf10a630138ede0,2026-10-04T13:30:00Z,Washington Commanders,Indianapolis Colts,betrivers,player_reception_yds,Laquon Treadwell,Under,22.5,-113,2026-10-04T04:54:01Z
20261004T045441Z,c9d8ed8aa4889486eaf10a630138ede0,2026-10-04T13:30:00Z,Washington Commanders,Indianapolis Colts,betrivers,player_reception_yds,Darius Slayton,Over,13.5,-115,2026-10-04T04:54:01Z
20261004T045441Z,c9d8ed8aa4889486eaf10a630138ede0,2026-10-04T13:30:00Z,Washington Commanders,Indianapolis Colts,betrivers,player_reception_yds,Darius Slayton,Under,13.5,-115,2026-10-04T04:54:01Z
20261004T045441Z,c9d8ed8aa4889486eaf10a630138ede0,2026-10-04T13:30:00Z,Washington Commanders,Indianapolis Colts,betrivers,player_reception_yds,Josh Downs,Over,70.5,-115,2026-10-04T04:54:01Z
20261004T045441Z,c9d8ed8aa4889486eaf10a630138ede0,2026-10-04T13:30:00Z,Washington Commanders,Indianapolis Colts,betrivers,player_reception_yds,Josh Downs,Under,70.5,-115,2026-10-04T04:54:01Z
20261004T045441Z,c9d8ed8aa4889486eaf10a630138ede0,2026-10-04T13:30:00Z,Washington Commanders,Indianapolis Colts,betrivers,player_reception_yds,Tyler Warren,Over,52.5,-115,2026-10-04T04:54:01Z
20261004T045441Z,c9d8ed8aa4889486eaf10a630138ede0,2026-10-04T13:30:00Z,Washington Commanders,Indianapolis Colts,betrivers,player_reception_yds,Tyler Warren,Under,52.5,-115,2026-10-04T04:54:01Z
20261004T045441Z,c9d8ed8aa4889486eaf10a630138ede0,2026-10-04T13:30:00Z,Washington Commanders,Indianapolis Colts,betrivers,player_receptions,Chig Okonkwo,Over,3.5,102,2026-10-04T04:54:01Z
20261004T045441Z,c9d8ed8aa4889486eaf10a630138ede0,2026-10-04T13:30:00Z,Washington Commanders,Indianapolis Colts,betrivers,player_receptions,Antonio Williams,Over,2.5,-112,2026-10-04T04:54:01Z
20261004T045441Z,c9d8ed8aa4889486eaf10a630138ede0,2026-10-04T13:30:00Z,Washington Commanders,Indianapolis Colts,betrivers,player_receptions,Laquon Treadwell,Over,1.5,-152,2026-10-04T04:54:01Z
20261004T045441Z,c9d8ed8aa4889486eaf10a630138ede0,2026-10-04T13:30:00Z,Washington Commanders,Indianapolis Colts,betrivers,player_receptions,Jonathan Taylor,Over,2.5,-139,2026-10-04T04:54:01Z
20261004T045441Z,c9d8ed8aa4889486eaf10a630138ede0,2026-10-04T13:30:00Z,Washington Commanders,Indianapolis Colts,betrivers,player_receptions,Tyler Warren,Over,5.5,-139,2026-10-04T04:54:01Z
20261004T045441Z,c9d8ed8aa4889486eaf10a630138ede0,2026-10-04T13:30:00Z,Washington Commanders,Indianapolis Colts,betrivers,player_receptions,Stefon Diggs,Over,5.5,-112,2026-10-04T04:54:01Z
20261004T045441Z,c9d8ed8aa4889486eaf10a630138ede0,2026-10-04T13:30:00Z,Washington Commanders,Indianapolis Colts,betrivers,player_receptions,Darius Slayton,Over,1.5,165,2026-10-04T04:54:01Z
20261004T045441Z,c9d8ed8aa4889486eaf10a630138ede0,2026-10-04T13:30:00Z,Washington Commanders,Indianapolis Colts,betrivers,player_receptions,Treylon Burks,Over,1.5,-157,2026-10-04T04:54:01Z
20261004T045441Z,c9d8ed8aa4889486eaf10a630138ede0,2026-10-04T13:30:00Z,Washington Commanders,Indianapolis Colts,betrivers,player_receptions,Josh Downs,Over,6.5,-127,2026-10-04T04:54:01Z
20261004T045441Z,c9d8ed8aa4889486eaf10a630138ede0,2026-10-04T13:30:00Z,Washington Commanders,Indianapolis Colts,betrivers,player_rush_yds,Jacory Croskey-Merritt,Over,64.5,-115,2026-10-04T04:54:01Z
20261004T045441Z,c9d8ed8aa4889486eaf10a630138ede0,2026-10-04T13:30:00Z,Washington Commanders,Indianapolis Colts,betrivers,player_rush_yds,Jacory Croskey-Merritt,Under,64.5,-115,2026-10-04T04:54:01Z
20261004T045441Z,c9d8ed8aa4889486eaf10a630138ede0,2026-10-04T13:30:00Z,Washington Commanders,Indianapolis Colts,betrivers,player_rush_yds,Marcus Mariota,Over,27.5,-115,2026-10-04T04:54:01Z
20261004T045441Z,c9d8ed8aa4889486eaf10a630138ede0,2026-10-04T13:30:00Z,Washington Commanders,Indianapolis Colts,betrivers,player_rush_yds,Marcus Mariota,Under,27.5,-115,2026-10-04T04:54:01Z
20261004T045441Z,c9d8ed8aa4889486eaf10a630138ede0,2026-10-04T13:30:00Z,Washington Commanders,Indianapolis Colts,betrivers,player_rush_yds,Jonathan Taylor,Over,91.5,-117,2026-10-04T04:54:01Z
20261004T045441Z,c9d8ed8aa4889486eaf10a630138ede0,2026-10-04T13:30:00Z,Washington Commanders,Indianapolis Colts,betrivers,player_rush_yds,Jonathan Taylor,Under,91.5,-114,2026-10-04T04:54:01Z
20261004T045441Z,c9d8ed8aa4889486eaf10a630138ede0,2026-10-04T13:30:00Z,Washington Commanders,Indianapolis Colts,betrivers,player_rush_yds,Daniel Jones,Over,12.5,-117,2026-10-04T04:54:01Z
20261004T045441Z,c9d8ed8aa4889486eaf10a630138ede0,2026-10-04T13:30:00Z,Washington Commanders,Indianapolis Colts,betrivers,player_rush_yds,Daniel Jones,Under,12.5,-114,2026-10-04T04:54:01Z
20261004T045441Z,c9d8ed8aa4889486eaf10a630138ede0,2026-10-04T13:30:00Z,Washington Commanders,Indianapolis Colts,betrivers,player_rush_yds,Seth McGowan,Over,6.5,-125,2026-10-04T04:54:01Z
20261004T045441Z,c9d8ed8aa4889486eaf10a630138ede0,2026-10-04T13:30:00Z,Washington Commanders,Indianapolis Colts,betrivers,player_rush_yds,Seth McGowan,Under,6.5,-106,2026-10-04T04:54:01Z
20261004T045441Z,664e6bda5721dc63be16bcf7d962a436,2026-10-04T17:00:00Z,New York Giants,Arizona Cardinals,draftkings,player_pass_yds,Jacoby Brissett,Over,231.5,-111,2026-10-04T04:53:59Z
20261004T045441Z,664e6bda5721dc63be16bcf7d962a436,2026-10-04T17:00:00Z,New York Giants,Arizona Cardinals,draftkings,player_pass_yds,Jacoby Brissett,Under,231.5,-113,2026-10-04T04:53:59Z
20261004T045441Z,664e6bda5721dc63be16bcf7d962a436,2026-10-04T17:00:00Z,New York Giants,Arizona Cardinals,draftkings,player_pass_yds,Jameis Winston,Over,208.5,-112,2026-10-04T04:53:59Z
20261004T045441Z,664e6bda5721dc63be16bcf7d962a436,2026-10-04T17:00:00Z,New York Giants,Arizona Cardinals,draftkings,player_pass_yds,Jameis Winston,Under,208.5,-112,2026-10-04T04:53:59Z
20261004T045441Z,664e6bda5721dc63be16bcf7d962a436,2026-10-04T17:00:00Z,New York Giants,Arizona Cardinals,draftkings,player_reception_yds,Trey McBride,Over,62.5,-109,2026-10-04T04:53:59Z
20261004T045441Z,664e6bda5721dc63be16bcf7d962a436,2026-10-04T17:00:00Z,New York Giants,Arizona Cardinals,draftkings,player_reception_yds,Trey McBride,Under,62.5,-115,2026-10-04T04:53:59Z
20261004T045441Z,664e6bda5721dc63be16bcf7d962a436,2026-10-04T17:00:00Z,New York Giants,Arizona Cardinals,draftkings,player_reception_yds,Michael Wilson,Over,58.5,-114,2026-10-04T04:53:59Z
20261004T045441Z,664e6bda5721dc63be16bcf7d962a436,2026-10-04T17:00:00Z,New York Giants,Arizona Cardinals,draftkings,player_reception_yds,Michael Wilson,Under,58.5,-110,2026-10-04T04:53:59Z
20261004T045441Z,664e6bda5721dc63be16bcf7d962a436,2026-10-04T17:00:00Z,New York Giants,Arizona Cardinals,draftkings,player_reception_yds,Malik Nabers,Over,55.5,-114,2026-10-04T04:53:59Z
20261004T045441Z,664e6bda5721dc63be16bcf7d962a436,2026-10-04T17:00:00Z,New York Giants,Arizona Cardinals,draftkings,player_reception_yds,Malik Nabers,Under,55.5,-110,2026-10-04T04:53:59Z
20261004T045441Z,664e6bda5721dc63be16bcf7d962a436,2026-10-04T17:00:00Z,New York Giants,Arizona Cardinals,draftkings,player_reception_yds,Isaiah Likely,Over,42.5,-110,2026-10-04T04:53:59Z
20261004T045441Z,664e6bda5721dc63be16bcf7d962a436,2026-10-04T17:00:00Z,New York Giants,Arizona Cardinals,draftkings,player_reception_yds,Isaiah Likely,Under,42.5,-114,2026-10-04T04:53:59Z
20261004T045441Z,664e6bda5721dc63be16bcf7d962a436,2026-10-04T17:00:00Z,New York Giants,Arizona Cardinals,draftkings,player_reception_yds,Marvin Harrison Jr.,Over,34.5,-113,2026-10-04T04:53:59Z
20261004T045441Z,664e6bda5721dc63be16bcf7d962a436,2026-10-04T17:00:00Z,New York Giants,Arizona Cardinals,draftkings,player_reception_yds,Marvin Harrison Jr.,Under,34.5,-111,2026-10-04T04:53:59Z
20261004T045441Z,664e6bda5721dc63be16bcf7d962a436,2026-10-04T17:00:00Z,New York Giants,Arizona Cardinals,draftkings,player_reception_yds,Malachi Fields,Over,22.5,-112,2026-10-04T04:53:59Z
20261004T045441Z,664e6bda5721dc63be16bcf7d962a436,2026-10-04T17:00:00Z,New York Giants,Arizona Cardinals,draftkings,player_reception_yds,Malachi Fields,Under,22.5,-112,2026-10-04T04:53:59Z
20261004T045441Z,664e6bda5721dc63be16bcf7d962a436,2026-10-04T17:00:00Z,New York Giants,Arizona Cardinals,draftkings,player_reception_yds,Kendrick Bourne,Over,21.5,-111,2026-10-04T04:53:59Z
20261004T045441Z,664e6bda5721dc63be16bcf7d962a436,2026-10-04T17:00:00Z,New York Giants,Arizona Cardinals,draftkings,player_reception_yds,Kendrick Bourne,Under,21.5,-113,2026-10-04T04:53:59Z
20261004T045441Z,664e6bda5721dc63be16bcf7d962a436,2026-10-04T17:00:00Z,New York Giants,Arizona Cardinals,draftkings,player_reception_yds,Darnell Mooney,Over,20.5,-116,2026-10-04T04:53:59Z
20261004T045441Z,664e6bda5721dc63be16bcf7d962a436,2026-10-04T17:00:00Z,New York Giants,Arizona Cardinals,draftkings,player_reception_yds,Darnell Mooney,Under,20.5,-108,2026-10-04T04:53:59Z
20261004T045441Z,664e6bda5721dc63be16bcf7d962a436,2026-10-04T17:00:00Z,New York Giants,Arizona Cardinals,draftkings,player_reception_yds,Jeremiyah Love,Over,17.5,-114,2026-10-04T04:53:59Z
20261004T045441Z,664e6bda5721dc63be16bcf7d962a436,2026-10-04T17:00:00Z,New York Giants,Arizona Cardinals,draftkings,player_reception_yds,Jeremiyah Love,Under,17.5,-110,2026-10-04T04:53:59Z
20261004T045441Z,664e6bda5721dc63be16bcf7d962a436,2026-10-04T17:00:00Z,New York Giants,Arizona Cardinals,draftkings,player_reception_yds,Cam Skattebo,Over,17.5,-107,2026-10-04T04:53:59Z
20261004T045441Z,664e6bda5721dc63be16bcf7d962a436,2026-10-04T17:00:00Z,New York Giants,Arizona Cardinals,draftkings,player_reception_yds,Cam Skattebo,Under,17.5,-117,2026-10-04T04:53:59Z
20261004T045441Z,664e6bda5721dc63be16bcf7d962a436,2026-10-04T17:00:00Z,New York Giants,Arizona Cardinals,draftkings,player_reception_yds,Theo Johnson,Over,7.5,-110,2026-10-04T04:53:59Z
20261004T045441Z,664e6bda5721dc63be16bcf7d962a436,2026-10-04T17:00:00Z,New York Giants,Arizona Cardinals,draftkings,player_reception_yds,Theo Johnson,Under,7.5,-114,2026-10-04T04:53:59Z
20261004T045441Z,664e6bda5721dc63be16bcf7d962a436,2026-10-04T17:00:00Z,New York Giants,Arizona Cardinals,draftkings,player_reception_yds,Elijah Higgins,Over,3.5,-114,2026-10-04T04:53:59Z
20261004T045441Z,664e6bda5721dc63be16bcf7d962a436,2026-10-04T17:00:00Z,New York Giants,Arizona Cardinals,draftkings,player_reception_yds,Elijah Higgins,Under,3.5,-110,2026-10-04T04:53:59Z
20261004T045441Z,664e6bda5721dc63be16bcf7d962a436,2026-10-04T17:00:00Z,New York Giants,Arizona Cardinals,draftkings,player_receptions,Trey McBride,Over,6.5,-144,2026-10-04T04:53:59Z
20261004T045441Z,664e6bda5721dc63be16bcf7d962a436,2026-10-04T17:00:00Z,New York Giants,Arizona Cardinals,draftkings,player_receptions,Trey McBride,Under,6.5,113,2026-10-04T04:53:59Z
20261004T045441Z,664e6bda5721dc63be16bcf7d962a436,2026-10-04T17:00:00Z,New York Giants,Arizona Cardinals,draftkings,player_receptions,Michael Wilson,Over,4.5,-160,2026-10-04T04:53:59Z
20261004T045441Z,664e6bda5721dc63be16bcf7d962a436,2026-10-04T17:00:00Z,New York Giants,Arizona Cardinals,draftkings,player_receptions,Michael Wilson,Under,4.5,125,2026-10-04T04:53:59Z
20261004T045441Z,664e6bda5721dc63be16bcf7d962a436,2026-10-04T17:00:00Z,New York Giants,Arizona Cardinals,draftkings,player_receptions,Malik Nabers,Over,4.5,-142,2026-10-04T04:53:59Z
20261004T045441Z,664e6bda5721dc63be16bcf7d962a436,2026-10-04T17:00:00Z,New York Giants,Arizona Cardinals,draftkings,player_receptions,Malik Nabers,Under,4.5,111,2026-10-04T04:53:59Z
20261004T045441Z,664e6bda5721dc63be16bcf7d962a436,2026-10-04T17:00:00Z,New York Giants,Arizona Cardinals,draftkings,player_receptions,Isaiah Likely,Over,4.5,125,2026-10-04T04:53:59Z
20261004T045441Z,664e6bda5721dc63be16bcf7d962a436,2026-10-04T17:00:00Z,New York Giants,Arizona Cardinals,draftkings,player_receptions,Isaiah Likely,Under,4.5,-160,2026-10-04T04:53:59Z
20261004T045441Z,664e6bda5721dc63be16bcf7d962a436,2026-10-04T17:00:00Z,New York Giants,Arizona Cardinals,draftkings,player_receptions,Jeremiyah Love,Over,2.5,-172,2026-10-04T04:53:59Z
20261004T045441Z,664e6bda5721dc63be16bcf7d962a436,2026-10-04T17:00:00Z,New York Giants,Arizona Cardinals,draftkings,player_receptions,Jeremiyah Love,Under,2.5,135,2026-10-04T04:53:59Z
20261004T045441Z,664e6bda5721dc63be16bcf7d962a436,2026-10-04T17:00:00Z,New York Giants,Arizona Cardinals,draftkings,player_receptions,Cam Skattebo,Over,2.5,-112,2026-10-04T04:53:59Z
20261004T045441Z,664e6bda5721dc63be16bcf7d962a436,2026-10-04T17:00:00Z,New York Giants,Arizona Cardinals,draftkings,player_receptions,Cam Skattebo,Under,2.5,-113,2026-10-04T04:53:59Z
20261004T045441Z,664e6bda5721dc63be16bcf7d962a436,2026-10-04T17:00:00Z,New York Giants,Arizona Cardinals,draftkings,player_receptions,Marvin Harrison Jr.,Over,2.5,-111,2026-10-04T04:53:59Z
20261004T045441Z,664e6bda5721dc63be16bcf7d962a436,2026-10-04T17:00:00Z,New York Giants,Arizona Cardinals,draftkings,player_receptions,Marvin Harrison Jr.,Under,2.5,-115,2026-10-04T04:53:59Z
20261004T045441Z,664e6bda5721dc63be16bcf7d962a436,2026-10-04T17:00:00Z,New York Giants,Arizona Cardinals,draftkings,player_receptions,Kendrick Bourne,Over,2.5,132,2026-10-04T04:53:59Z
20261004T045441Z,664e6bda5721dc63be16bcf7d962a436,2026-10-04T17:00:00Z,New York Giants,Arizona Cardinals,draftkings,player_receptions,Kendrick Bourne,Under,2.5,-168,2026-10-04T04:53:59Z
20261004T045441Z,664e6bda5721dc63be16bcf7d962a436,2026-10-04T17:00:00Z,New York Giants,Arizona Cardinals,draftkings,player_receptions,Malachi Fields,Over,1.5,-180,2026-10-04T04:53:59Z
20261004T045441Z,664e6bda5721dc63be16bcf7d962a436,2026-10-04T17:00:00Z,New York Giants,Arizona Cardinals,draftkings,player_receptions,Malachi Fields,Under,1.5,140,2026-10-04T04:53:59Z
20261004T045441Z,664e6bda5721dc63be16bcf7d962a436,2026-10-04T17:00:00Z,New York Giants,Arizona Cardinals,draftkings,player_receptions,Darnell Mooney,Over,1.5,-142,2026-10-04T04:53:59Z
20261004T045441Z,664e6bda5721dc63be16bcf7d962a436,2026-10-04T17:00:00Z,New York Giants,Arizona Cardinals,draftkings,player_receptions,Darnell Mooney,Under,1.5,111,2026-10-04T04:53:59Z
20261004T045441Z,664e6bda5721dc63be16bcf7d962a436,2026-10-04T17:00:00Z,New York Giants,Arizona Cardinals,draftkings,player_receptions,Theo Johnson,Over,0.5,-231,2026-10-04T04:53:59Z
20261004T045441Z,664e6bda5721dc63be16bcf7d962a436,2026-10-04T17:00:00Z,New York Giants,Arizona Cardinals,draftkings,player_receptions,Theo Johnson,Under,0.5,178,2026-10-04T04:53:59Z
20261004T045441Z,664e6bda5721dc63be16bcf7d962a436,2026-10-04T17:00:00Z,New York Giants,Arizona Cardinals,draftkings,player_receptions,Elijah Higgins,Over,0.5,-149,2026-10-04T04:53:59Z
20261004T045441Z,664e6bda5721dc63be16bcf7d962a436,2026-10-04T17:00:00Z,New York Giants,Arizona Cardinals,draftkings,player_receptions,Elijah Higgins,Under,0.5,117,2026-10-04T04:53:59Z
20261004T045441Z,664e6bda5721dc63be16bcf7d962a436,2026-10-04T17:00:00Z,New York Giants,Arizona Cardinals,draftkings,player_rush_yds,Jeremiyah Love,Over,67.5,-109,2026-10-04T04:53:59Z
20261004T045441Z,664e6bda5721dc63be16bcf7d962a436,2026-10-04T17:00:00Z,New York Giants,Arizona Cardinals,draftkings,player_rush_yds,Jeremiyah Love,Under,67.5,-115,2026-10-04T04:53:59Z
20261004T045441Z,664e6bda5721dc63be16bcf7d962a436,2026-10-04T17:00:00Z,New York Giants,Arizona Cardinals,draftkings,player_rush_yds,Cam Skattebo,Over,63.5,-110,2026-10-04T04:53:59Z
20261004T045441Z,664e6bda5721dc63be16bcf7d962a436,2026-10-04T17:00:00Z,New York Giants,Arizona Cardinals,draftkings,player_rush_yds,Cam Skattebo,Under,63.5,-114,2026-10-04T04:53:59Z
20261004T045441Z,664e6bda5721dc63be16bcf7d962a436,2026-10-04T17:00:00Z,New York Giants,Arizona Cardinals,draftkings,player_rush_yds,Najee Harris,Over,23.5,-115,2026-10-04T04:53:59Z
20261004T045441Z,664e6bda5721dc63be16bcf7d962a436,2026-10-04T17:00:00Z,New York Giants,Arizona Cardinals,draftkings,player_rush_yds,Najee Harris,Under,23.5,-109,2026-10-04T04:53:59Z
20261004T045441Z,664e6bda5721dc63be16bcf7d962a436,2026-10-04T17:00:00Z,New York Giants,Arizona Cardinals,draftkings,player_rush_yds,Tyler Allgeier,Over,18.5,-112,2026-10-04T04:53:59Z
20261004T045441Z,664e6bda5721dc63be16bcf7d962a436,2026-10-04T17:00:00Z,New York Giants,Arizona Cardinals,draftkings,player_rush_yds,Tyler Allgeier,Under,18.5,-112,2026-10-04T04:53:59Z
20261004T045441Z,664e6bda5721dc63be16bcf7d962a436,2026-10-04T17:00:00Z,New York Giants,Arizona Cardinals,draftkings,player_rush_yds,Jacoby Brissett,Over,8.5,-109,2026-10-04T04:53:59Z
20261004T045441Z,664e6bda5721dc63be16bcf7d962a436,2026-10-04T17:00:00Z,New York Giants,Arizona Cardinals,draftkings,player_rush_yds,Jacoby Brissett,Under,8.5,-115,2026-10-04T04:53:59Z
20261004T045441Z,664e6bda5721dc63be16bcf7d962a436,2026-10-04T17:00:00Z,New York Giants,Arizona Cardinals,draftkings,player_rush_yds,Jameis Winston,Over,6.5,-109,2026-10-04T04:53:59Z
20261004T045441Z,664e6bda5721dc63be16bcf7d962a436,2026-10-04T17:00:00Z,New York Giants,Arizona Cardinals,draftkings,player_rush_yds,Jameis Winston,Under,6.5,-116,2026-10-04T04:53:59Z
20261004T045441Z,664e6bda5721dc63be16bcf7d962a436,2026-10-04T17:00:00Z,New York Giants,Arizona Cardinals,fanduel,player_pass_yds,Jacoby Brissett,Over,230.5,-113,2026-10-04T04:54:22Z
20261004T045441Z,664e6bda5721dc63be16bcf7d962a436,2026-10-04T17:00:00Z,New York Giants,Arizona Cardinals,fanduel,player_pass_yds,Jacoby Brissett,Under,230.5,-113,2026-10-04T04:54:22Z
20261004T045441Z,664e6bda5721dc63be16bcf7d962a436,2026-10-04T17:00:00Z,New York Giants,Arizona Cardinals,fanduel,player_pass_yds,Jameis Winston,Over,208.5,-113,2026-10-04T04:54:22Z
20261004T045441Z,664e6bda5721dc63be16bcf7d962a436,2026-10-04T17:00:00Z,New York Giants,Arizona Cardinals,fanduel,player_pass_yds,Jameis Winston,Under,208.5,-113,2026-10-04T04:54:22Z
20261004T045441Z,664e6bda5721dc63be16bcf7d962a436,2026-10-04T17:00:00Z,New York Giants,Arizona Cardinals,fanduel,player_reception_yds,Michael Wilson,Over,56.5,-113,2026-10-04T04:54:22Z
20261004T045441Z,664e6bda5721dc63be16bcf7d962a436,2026-10-04T17:00:00Z,New York Giants,Arizona Cardinals,fanduel,player_reception_yds,Michael Wilson,Under,56.5,-113,2026-10-04T04:54:22Z
20261004T045441Z,664e6bda5721dc63be16bcf7d962a436,2026-10-04T17:00:00Z,New York Giants,Arizona Cardinals,fanduel,player_reception_yds,Elijah Higgins,Over,4.5,-113,2026-10-04T04:54:22Z
20261004T045441Z,664e6bda5721dc63be16bcf7d962a436,2026-10-04T17:00:00Z,New York Giants,Arizona Cardinals,fanduel,player_reception_yds,Elijah Higgins,Under,4.5,-113,2026-10-04T04:54:22Z
20261004T045441Z,664e6bda5721dc63be16bcf7d962a436,2026-10-04T17:00:00Z,New York Giants,Arizona Cardinals,fanduel,player_reception_yds,Marvin Harrison Jr.,Over,34.5,-113,2026-10-04T04:54:22Z
20261004T045441Z,664e6bda5721dc63be16bcf7d962a436,2026-10-04T17:00:00Z,New York Giants,Arizona Cardinals,fanduel,player_reception_yds,Marvin Harrison Jr.,Under,34.5,-113,2026-10-04T04:54:22Z
20261004T045441Z,664e6bda5721dc63be16bcf7d962a436,2026-10-04T17:00:00Z,New York Giants,Arizona Cardinals,fanduel,player_reception_yds,Isaiah Likely,Over,41.5,-113,2026-10-04T04:54:22Z
20261004T045441Z,664e6bda5721dc63be16bcf7d962a436,2026-10-04T17:00:00Z,New York Giants,Arizona Cardinals,fanduel,player_reception_yds,Isaiah Likely,Under,41.5,-113,2026-10-04T04:54:22Z
20261004T045441Z,664e6bda5721dc63be16bcf7d962a436,2026-10-04T17:00:00Z,New York Giants,Arizona Cardinals,fanduel,player_reception_yds,Trey McBride,Over,63.5,-113,2026-10-04T04:54:22Z
20261004T045441Z,664e6bda5721dc63be16bcf7d962a436,2026-10-04T17:00:00Z,New York Giants,Arizona Cardinals,fanduel,player_reception_yds,Trey McBride,Under,63.5,-113,2026-10-04T04:54:22Z
20261004T045441Z,664e6bda5721dc63be16bcf7d962a436,2026-10-04T17:00:00Z,New York Giants,Arizona Cardinals,fanduel,player_reception_yds,Kendrick Bourne,Over,19.5,-113,2026-10-04T04:54:22Z
20261004T045441Z,664e6bda5721dc63be16bcf7d962a436,2026-10-04T17:00:00Z,New York Giants,Arizona Cardinals,fanduel,player_reception_yds,Kendrick Bourne,Under,19.5,-113,2026-10-04T04:54:22Z
20261004T045441Z,664e6bda5721dc63be16bcf7d962a436,2026-10-04T17:00:00Z,New York Giants,Arizona Cardinals,fanduel,player_reception_yds,Cam Skattebo,Over,19.5,-113,2026-10-04T04:54:22Z
20261004T045441Z,664e6bda5721dc63be16bcf7d962a436,2026-10-04T17:00:00Z,New York Giants,Arizona Cardinals,fanduel,player_reception_yds,Cam Skattebo,Under,19.5,-113,2026-10-04T04:54:22Z
20261004T045441Z,664e6bda5721dc63be16bcf7d962a436,2026-10-04T17:00:00Z,New York Giants,Arizona Cardinals,fanduel,player_reception_yds,Theo Johnson,Over,8.5,-113,2026-10-04T04:54:22Z
20261004T045441Z,664e6bda5721dc63be16bcf7d962a436,2026-10-04T17:00:00Z,New York Giants,Arizona Cardinals,fanduel,player_reception_yds,Theo Johnson,Under,8.5,-113,2026-10-04T04:54:22Z
20261004T045441Z,664e6bda5721dc63be16bcf7d962a436,2026-10-04T17:00:00Z,New York Giants,Arizona Cardinals,fanduel,player_reception_yds,Jeremiyah Love,Over,16.5,-113,2026-10-04T04:54:22Z
20261004T045441Z,664e6bda5721dc63be16bcf7d962a436,2026-10-04T17:00:00Z,New York Giants,Arizona Cardinals,fanduel,player_reception_yds,Jeremiyah Love,Under,16.5,-113,2026-10-04T04:54:22Z
20261004T045441Z,664e6bda5721dc63be16bcf7d962a436,2026-10-04T17:00:00Z,New York Giants,Arizona Cardinals,fanduel,player_reception_yds,Malachi Fields,Over,23.5,-113,2026-10-04T04:54:22Z
20261004T045441Z,664e6bda5721dc63be16bcf7d962a436,2026-10-04T17:00:00Z,New York Giants,Arizona Cardinals,fanduel,player_reception_yds,Malachi Fields,Under,23.5,-113,2026-10-04T04:54:22Z
20261004T045441Z,664e6bda5721dc63be16bcf7d962a436,2026-10-04T17:00:00Z,New York Giants,Arizona Cardinals,fanduel,player_reception_yds,Darnell Mooney,Over,18.5,-113,2026-10-04T04:54:22Z
20261004T045441Z,664e6bda5721dc63be16bcf7d962a436,2026-10-04T17:00:00Z,New York Giants,Arizona Cardinals,fanduel,player_reception_yds,Darnell Mooney,Under,18.5,-113,2026-10-04T04:54:22Z
20261004T045441Z,664e6bda5721dc63be16bcf7d962a436,2026-10-04T17:00:00Z,New York Giants,Arizona Cardinals,fanduel,player_reception_yds,Malik Nabers,Over,54.5,-113,2026-10-04T04:54:22Z
20261004T045441Z,664e6bda5721dc63be16bcf7d962a436,2026-10-04T17:00:00Z,New York Giants,Arizona Cardinals,fanduel,player_reception_yds,Malik Nabers,Under,54.5,-113,2026-10-04T04:54:22Z
20261004T045441Z,664e6bda5721dc63be16bcf7d962a436,2026-10-04T17:00:00Z,New York Giants,Arizona Cardinals,fanduel,player_receptions,Michael Wilson,Over,5.5,120,2026-10-04T04:54:22Z
20261004T045441Z,664e6bda5721dc63be16bcf7d962a436,2026-10-04T17:00:00Z,New York Giants,Arizona Cardinals,fanduel,player_receptions,Michael Wilson,Under,5.5,-160,2026-10-04T04:54:22Z
20261004T045441Z,664e6bda5721dc63be16bcf7d962a436,2026-10-04T17:00:00Z,New York Giants,Arizona Cardinals,fanduel,player_receptions,Cam Skattebo,Over,2.5,-122,2026-10-04T04:54:22Z
20261004T045441Z,664e6bda5721dc63be16bcf7d962a436,2026-10-04T17:00:00Z,New York Giants,Arizona Cardinals,fanduel,player_receptions,Cam Skattebo,Under,2.5,-108,2026-10-04T04:54:22Z
20261004T045441Z,664e6bda5721dc63be16bcf7d962a436,2026-10-04T17:00:00Z,New York Giants,Arizona Cardinals,fanduel,player_receptions,Darnell Mooney,Over,1.5,-132,2026-10-04T04:54:22Z
20261004T045441Z,664e6bda5721dc63be16bcf7d962a436,2026-10-04T17:00:00Z,New York Giants,Arizona Cardinals,fanduel,player_receptions,Darnell Mooney,Under,1.5,100,2026-10-04T04:54:22Z
20261004T045441Z,664e6bda5721dc63be16bcf7d962a436,2026-10-04T17:00:00Z,New York Giants,Arizona Cardinals,fanduel,player_receptions,Theo Johnson,Over,1.5,182,2026-10-04T04:54:22Z
20261004T045441Z,664e6bda5721dc63be16bcf7d962a436,2026-10-04T17:00:00Z,New York Giants,Arizona Cardinals,fanduel,player_receptions,Theo Johnson,Under,1.5,-250,2026-10-04T04:54:22Z
20261004T045441Z,664e6bda5721dc63be16bcf7d962a436,2026-10-04T17:00:00Z,New York Giants,Arizona Cardinals,fanduel,player_receptions,Malik Nabers,Over,4.5,-130,2026-10-04T04:54:22Z
20261004T045441Z,664e6bda5721dc63be16bcf7d962a436,2026-10-04T17:00:00Z,New York Giants,Arizona Cardinals,fanduel,player_receptions,Malik Nabers,Under,4.5,-102,2026-10-04T04:54:22Z
20261004T045441Z,664e6bda5721dc63be16bcf7d962a436,2026-10-04T17:00:00Z,New York Giants,Arizona Cardinals,fanduel,player_receptions,Isaiah Likely,Over,3.5,-168,2026-10-04T04:54:22Z
20261004T045441Z,664e6bda5721dc63be16bcf7d962a436,2026-10-04T17:00:00Z,New York Giants,Arizona Cardinals,fanduel,player_receptions,Isaiah Likely,Under,3.5,126,2026-10-04T04:54:22Z
20261004T045441Z,664e6bda5721dc63be16bcf7d962a436,2026-10-04T17:00:00Z,New York Giants,Arizona Cardinals,fanduel,player_receptions,Kendrick Bourne,Over,2.5,134,2026-10-04T04:54:22Z
20261004T045441Z,664e6bda5721dc63be16bcf7d962a436,2026-10-04T17:00:00Z,New York Giants,Arizona Cardinals,fanduel,player_receptions,Kendrick Bourne,Under,2.5,-180,2026-10-04T04:54:22Z
20261004T045441Z,664e6bda5721dc63be16bcf7d962a436,2026-10-04T17:00:00Z,New York Giants,Arizona Cardinals,fanduel,player_receptions,Jeremiyah Love,Over,3.5,136,2026-10-04T04:54:22Z
20261004T045441Z,664e6bda5721dc63be16bcf7d962a436,2026-10-04T17:00:00Z,New York Giants,Arizona Cardinals,fanduel,player_receptions,Jeremiyah Love,Under,3.5,-182,2026-10-04T04:54:22Z
20261004T045441Z,664e6bda5721dc63be16bcf7d962a436,2026-10-04T17:00:00Z,New York Giants,Arizona Cardinals,fanduel,player_receptions,Marvin Harrison Jr.,Over,2.5,-114,2026-10-04T04:54:22Z
20261004T045441Z,664e6bda5721dc63be16bcf7d962a436,2026-10-04T17:00:00Z,New York Giants,Arizona Cardinals,fanduel,player_receptions,Marvin Harrison Jr.,Under,2.5,-114,2026-10-04T04:54:22Z
20261004T045441Z,664e6bda5721dc63be16bcf7d962a436,2026-10-04T17:00:00Z,New York Giants,Arizona Cardinals,fanduel,player_receptions,Elijah Higgins,Over,0.5,-168,2026-10-04T04:54:22Z
20261004T045441Z,664e6bda5721dc63be16bcf7d962a436,2026-10-04T17:00:00Z,New York Giants,Arizona Cardinals,fanduel,player_receptions,Elijah Higgins,Under,0.5,126,2026-10-04T04:54:22Z
20261004T045441Z,664e6bda5721dc63be16bcf7d962a436,2026-10-04T17:00:00Z,New York Giants,Arizona Cardinals,fanduel,player_receptions,Trey McBride,Over,7.5,124,2026-10-04T04:54:22Z
20261004T045441Z,664e6bda5721dc63be16bcf7d962a436,2026-10-04T17:00:00Z,New York Giants,Arizona Cardinals,fanduel,player_receptions,Trey McBride,Under,7.5,-166,2026-10-04T04:54:22Z
20261004T045441Z,664e6bda5721dc63be16bcf7d962a436,2026-10-04T17:00:00Z,New York Giants,Arizona Cardinals,fanduel,player_receptions,Malachi Fields,Over,1.5,-172,2026-10-04T04:54:22Z
20261004T045441Z,664e6bda5721dc63be16bcf7d962a436,2026-10-04T17:00:00Z,New York Giants,Arizona Cardinals,fanduel,player_receptions,Malachi Fields,Under,1.5,128,2026-10-04T04:54:22Z
20261004T045441Z,664e6bda5721dc63be16bcf7d962a436,2026-10-04T17:00:00Z,New York Giants,Arizona Cardinals,fanduel,player_rush_yds,Jacoby Brissett,Over,7.5,-113,2026-10-04T04:54:22Z
20261004T045441Z,664e6bda5721dc63be16bcf7d962a436,2026-10-04T17:00:00Z,New York Giants,Arizona Cardinals,fanduel,player_rush_yds,Jacoby Brissett,Under,7.5,-113,2026-10-04T04:54:22Z
20261004T045441Z,664e6bda5721dc63be16bcf7d962a436,2026-10-04T17:00:00Z,New York Giants,Arizona Cardinals,fanduel,player_rush_yds,Jameis Winston,Over,5.5,-113,2026-10-04T04:54:22Z
20261004T045441Z,664e6bda5721dc63be16bcf7d962a436,2026-10-04T17:00:00Z,New York Giants,Arizona Cardinals,fanduel,player_rush_yds,Jameis Winston,Under,5.5,-113,2026-10-04T04:54:22Z
20261004T045441Z,664e6bda5721dc63be16bcf7d962a436,2026-10-04T17:00:00Z,New York Giants,Arizona Cardinals,fanduel,player_rush_yds,Cam Skattebo,Over,62.5,-113,2026-10-04T04:54:22Z
20261004T045441Z,664e6bda5721dc63be16bcf7d962a436,2026-10-04T17:00:00Z,New York Giants,Arizona Cardinals,fanduel,player_rush_yds,Cam Skattebo,Under,62.5,-113,2026-10-04T04:54:22Z
20261004T045441Z,664e6bda5721dc63be16bcf7d962a436,2026-10-04T17:00:00Z,New York Giants,Arizona Cardinals,fanduel,player_rush_yds,Najee Harris,Over,23.5,-113,2026-10-04T04:54:22Z
20261004T045441Z,664e6bda5721dc63be16bcf7d962a436,2026-10-04T17:00:00Z,New York Giants,Arizona Cardinals,fanduel,player_rush_yds,Najee Harris,Under,23.5,-113,2026-10-04T04:54:22Z
20261004T045441Z,664e6bda5721dc63be16bcf7d962a436,2026-10-04T17:00:00Z,New York Giants,Arizona Cardinals,fanduel,player_rush_yds,Jeremiyah Love,Over,66.5,-113,2026-10-04T04:54:22Z
20261004T045441Z,664e6bda5721dc63be16bcf7d962a436,2026-10-04T17:00:00Z,New York Giants,Arizona Cardinals,fanduel,player_rush_yds,Jeremiyah Love,Under,66.5,-113,2026-10-04T04:54:22Z
20261004T045441Z,664e6bda5721dc63be16bcf7d962a436,2026-10-04T17:00:00Z,New York Giants,Arizona Cardinals,fanduel,player_rush_yds,Tyler Allgeier,Over,18.5,-113,2026-10-04T04:54:22Z
20261004T045441Z,664e6bda5721dc63be16bcf7d962a436,2026-10-04T17:00:00Z,New York Giants,Arizona Cardinals,fanduel,player_rush_yds,Tyler Allgeier,Under,18.5,-113,2026-10-04T04:54:22Z
20261004T045441Z,664e6bda5721dc63be16bcf7d962a436,2026-10-04T17:00:00Z,New York Giants,Arizona Cardinals,betrivers,player_pass_yds,Jacoby Brissett,Over,233.5,-115,2026-10-04T04:54:31Z
20261004T045441Z,664e6bda5721dc63be16bcf7d962a436,2026-10-04T17:00:00Z,New York Giants,Arizona Cardinals,betrivers,player_pass_yds,Jacoby Brissett,Under,233.5,-115,2026-10-04T04:54:31Z
20261004T045441Z,664e6bda5721dc63be16bcf7d962a436,2026-10-04T17:00:00Z,New York Giants,Arizona Cardinals,betrivers,player_pass_yds,Jameis Winston,Over,211.5,-114,2026-10-04T04:54:31Z
20261004T045441Z,664e6bda5721dc63be16bcf7d962a436,2026-10-04T17:00:00Z,New York Giants,Arizona Cardinals,betrivers,player_pass_yds,Jameis Winston,Under,211.5,-117,2026-10-04T04:54:31Z
20261004T045441Z,664e6bda5721dc63be16bcf7d962a436,2026-10-04T17:00:00Z,New York Giants,Arizona Cardinals,betrivers,player_reception_yds,Jeremiyah Love,Over,15.5,-117,2026-10-04T04:54:31Z
20261004T045441Z,664e6bda5721dc63be16bcf7d962a436,2026-10-04T17:00:00Z,New York Giants,Arizona Cardinals,betrivers,player_reception_yds,Jeremiyah Love,Under,15.5,-114,2026-10-04T04:54:31Z
20261004T045441Z,664e6bda5721dc63be16bcf7d962a436,2026-10-04T17:00:00Z,New York Giants,Arizona Cardinals,betrivers,player_reception_yds,Isaiah Likely,Over,41.5,-114,2026-10-04T04:54:31Z
20261004T045441Z,664e6bda5721dc63be16bcf7d962a436,2026-10-04T17:00:00Z,New York Giants,Arizona Cardinals,betrivers,player_reception_yds,Isaiah Likely,Under,41.5,-117,2026-10-04T04:54:31Z
20261004T045441Z,664e6bda5721dc63be16bcf7d962a436,2026-10-04T17:00:00Z,New York Giants,Arizona Cardinals,betrivers,player_reception_yds,Malachi Fields,Over,25.5,-118,2026-10-04T04:54:31Z
20261004T045441Z,664e6bda5721dc63be16bcf7d962a436,2026-10-04T17:00:00Z,New York Giants,Arizona Cardinals,betrivers,player_reception_yds,Malachi Fields,Under,25.5,-113,2026-10-04T04:54:31Z
20261004T045441Z,664e6bda5721dc63be16bcf7d962a436,2026-10-04T17:00:00Z,New York Giants,Arizona Cardinals,betrivers,player_reception_yds,Malik Nabers,Over,55.5,-115,2026-10-04T04:54:31Z
20261004T045441Z,664e6bda5721dc63be16bcf7d962a436,2026-10-04T17:00:00Z,New York Giants,Arizona Cardinals,betrivers,player_reception_yds,Malik Nabers,Under,55.5,-115,2026-10-04T04:54:31Z
20261004T045441Z,664e6bda5721dc63be16bcf7d962a436,2026-10-04T17:00:00Z,New York Giants,Arizona Cardinals,betrivers,player_reception_yds,Cam Skattebo,Over,19.5,-114,2026-10-04T04:54:31Z
20261004T045441Z,664e6bda5721dc63be16bcf7d962a436,2026-10-04T17:00:00Z,New York Giants,Arizona Cardinals,betrivers,player_reception_yds,Cam Skattebo,Under,19.5,-117,2026-10-04T04:54:31Z
20261004T045441Z,664e6bda5721dc63be16bcf7d962a436,2026-10-04T17:00:00Z,New York Giants,Arizona Cardinals,betrivers,player_reception_yds,Kendrick Bourne,Over,19.5,-115,2026-10-04T04:54:31Z
20261004T045441Z,664e6bda5721dc63be16bcf7d962a436,2026-10-04T17:00:00Z,New York Giants,Arizona Cardinals,betrivers,player_reception_yds,Kendrick Bourne,Under,19.5,-115,2026-10-04T04:54:31Z
20261004T045441Z,664e6bda5721dc63be16bcf7d962a436,2026-10-04T17:00:00Z,New York Giants,Arizona Cardinals,betrivers,player_reception_yds,Trey McBride,Over,64.5,-113,2026-10-04T04:54:31Z
20261004T045441Z,664e6bda5721dc63be16bcf7d962a436,2026-10-04T17:00:00Z,New York Giants,Arizona Cardinals,betrivers,player_reception_yds,Trey McBride,Under,64.5,-118,2026-10-04T04:54:31Z
20261004T045441Z,664e6bda5721dc63be16bcf7d962a436,2026-10-04T17:00:00Z,New York Giants,Arizona Cardinals,betrivers,player_reception_yds,Darnell Mooney,Over,18.5,-118,2026-10-04T04:54:31Z
20261004T045441Z,664e6bda5721dc63be16bcf7d962a436,2026-10-04T17:00:00Z,New York Giants,Arizona Cardinals,betrivers,player_reception_yds,Darnell Mooney,Under,18.5,-113,2026-10-04T04:54:31Z
20261004T045441Z,664e6bda5721dc63be16bcf7d962a436,2026-10-04T17:00:00Z,New York Giants,Arizona Cardinals,betrivers,player_reception_yds,Marvin Harrison Jr.,Over,32.5,-118,2026-10-04T04:54:31Z
20261004T045441Z,664e6bda5721dc63be16bcf7d962a436,2026-10-04T17:00:00Z,New York Giants,Arizona Cardinals,betrivers,player_reception_yds,Marvin Harrison Jr.,Under,32.5,-113,2026-10-04T04:54:31Z
20261004T045441Z,664e6bda5721dc63be16bcf7d962a436,2026-10-04T17:00:00Z,New York Giants,Arizona Cardinals,betrivers,player_reception_yds,Michael Wilson,Over,56.5,-115,2026-10-04T04:54:31Z
20261004T045441Z,664e6bda5721dc63be16bcf7d962a436,2026-10-04T17:00:00Z,New York Giants,Arizona Cardinals,betrivers,player_reception_yds,Michael Wilson,Under,56.5,-115,2026-10-04T04:54:31Z
20261004T045441Z,664e6bda5721dc63be16bcf7d962a436,2026-10-04T17:00:00Z,New York Giants,Arizona Cardinals,betrivers,player_receptions,Malik Nabers,Over,4.5,-137,2026-10-04T04:54:31Z
20261004T045441Z,664e6bda5721dc63be16bcf7d962a436,2026-10-04T17:00:00Z,New York Giants,Arizona Cardinals,betrivers,player_receptions,Darnell Mooney,Over,1.5,-139,2026-10-04T04:54:31Z
20261004T045441Z,664e6bda5721dc63be16bcf7d962a436,2026-10-04T17:00:00Z,New York Giants,Arizona Cardinals,betrivers,player_receptions,Isaiah Likely,Over,3.5,-162,2026-10-04T04:54:31Z
20261004T045441Z,664e6bda5721dc63be16bcf7d962a436,2026-10-04T17:00:00Z,New York Giants,Arizona Cardinals,betrivers,player_receptions,Malachi Fields,Over,2.5,135,2026-10-04T04:54:31Z
20261004T045441Z,664e6bda5721dc63be16bcf7d962a436,2026-10-04T17:00:00Z,New York Giants,Arizona Cardinals,betrivers,player_receptions,Jeremiyah Love,Over,2.5,-167,2026-10-04T04:54:31Z
20261004T045441Z,664e6bda5721dc63be16bcf7d962a436,2026-10-04T17:00:00Z,New York Giants,Arizona Cardinals,betrivers,player_receptions,Michael Wilson,Over,4.5,-162,2026-10-04T04:54:31Z
20261004T045441Z,664e6bda5721dc63be16bcf7d962a436,2026-10-04T17:00:00Z,New York Giants,Arizona Cardinals,betrivers,player_receptions,Kendrick Bourne,Over,2.5,145,2026-10-04T04:54:31Z
20261004T045441Z,664e6bda5721dc63be16bcf7d962a436,2026-10-04T17:00:00Z,New York Giants,Arizona Cardinals,betrivers,player_receptions,Cam Skattebo,Over,2.5,-108,2026-10-04T04:54:31Z
20261004T045441Z,664e6bda5721dc63be16bcf7d962a436,2026-10-04T17:00:00Z,New York Giants,Arizona Cardinals,betrivers,player_receptions,Trey McBride,Over,7.5,115,2026-10-04T04:54:31Z
20261004T045441Z,664e6bda5721dc63be16bcf7d962a436,2026-10-04T17:00:00Z,New York Giants,Arizona Cardinals,betrivers,player_receptions,Marvin Harrison Jr.,Over,2.5,-125,2026-10-04T04:54:31Z
20261004T045441Z,664e6bda5721dc63be16bcf7d962a436,2026-10-04T17:00:00Z,New York Giants,Arizona Cardinals,betrivers,player_rush_yds,Cam Skattebo,Over,63.5,-118,2026-10-04T04:54:31Z
20261004T045441Z,664e6bda5721dc63be16bcf7d962a436,2026-10-04T17:00:00Z,New York Giants,Arizona Cardinals,betrivers,player_rush_yds,Cam Skattebo,Under,63.5,-113,2026-10-04T04:54:31Z
20261004T045441Z,664e6bda5721dc63be16bcf7d962a436,2026-10-04T17:00:00Z,New York Giants,Arizona Cardinals,betrivers,player_rush_yds,Tyler Allgeier,Over,19.5,-113,2026-10-04T04:54:31Z
20261004T045441Z,664e6bda5721dc63be16bcf7d962a436,2026-10-04T17:00:00Z,New York Giants,Arizona Cardinals,betrivers,player_rush_yds,Tyler Allgeier,Under,19.5,-117,2026-10-04T04:54:31Z
20261004T045441Z,664e6bda5721dc63be16bcf7d962a436,2026-10-04T17:00:00Z,New York Giants,Arizona Cardinals,betrivers,player_rush_yds,Jameis Winston,Over,4.5,-120,2026-10-04T04:54:31Z
20261004T045441Z,664e6bda5721dc63be16bcf7d962a436,2026-10-04T17:00:00Z,New York Giants,Arizona Cardinals,betrivers,player_rush_yds,Jameis Winston,Under,4.5,-112,2026-10-04T04:54:31Z
20261004T045441Z,664e6bda5721dc63be16bcf7d962a436,2026-10-04T17:00:00Z,New York Giants,Arizona Cardinals,betrivers,player_rush_yds,Jeremiyah Love,Over,67.5,-115,2026-10-04T04:54:31Z
20261004T045441Z,664e6bda5721dc63be16bcf7d962a436,2026-10-04T17:00:00Z,New York Giants,Arizona Cardinals,betrivers,player_rush_yds,Jeremiyah Love,Under,67.5,-115,2026-10-04T04:54:31Z
20261004T045441Z,664e6bda5721dc63be16bcf7d962a436,2026-10-04T17:00:00Z,New York Giants,Arizona Cardinals,betrivers,player_rush_yds,Najee Harris,Over,23.5,-120,2026-10-04T04:54:31Z
20261004T045441Z,664e6bda5721dc63be16bcf7d962a436,2026-10-04T17:00:00Z,New York Giants,Arizona Cardinals,betrivers,player_rush_yds,Najee Harris,Under,23.5,-112,2026-10-04T04:54:31Z
20261004T045441Z,664e6bda5721dc63be16bcf7d962a436,2026-10-04T17:00:00Z,New York Giants,Arizona Cardinals,betrivers,player_rush_yds,Jacoby Brissett,Over,8.5,-113,2026-10-04T04:54:31Z
20261004T045441Z,664e6bda5721dc63be16bcf7d962a436,2026-10-04T17:00:00Z,New York Giants,Arizona Cardinals,betrivers,player_rush_yds,Jacoby Brissett,Under,8.5,-118,2026-10-04T04:54:31Z
20261004T045441Z,664e6bda5721dc63be16bcf7d962a436,2026-10-04T17:00:00Z,New York Giants,Arizona Cardinals,betonlineag,player_pass_yds,Jameis Winston,Over,210.5,-114,2026-10-04T04:54:27Z
20261004T045441Z,664e6bda5721dc63be16bcf7d962a436,2026-10-04T17:00:00Z,New York Giants,Arizona Cardinals,betonlineag,player_pass_yds,Jameis Winston,Under,210.5,-114,2026-10-04T04:54:27Z
20261004T045441Z,664e6bda5721dc63be16bcf7d962a436,2026-10-04T17:00:00Z,New York Giants,Arizona Cardinals,betonlineag,player_pass_yds,Jacoby Brissett,Over,231.5,-114,2026-10-04T04:54:27Z
20261004T045441Z,664e6bda5721dc63be16bcf7d962a436,2026-10-04T17:00:00Z,New York Giants,Arizona Cardinals,betonlineag,player_pass_yds,Jacoby Brissett,Under,231.5,-114,2026-10-04T04:54:27Z
20261004T045441Z,664e6bda5721dc63be16bcf7d962a436,2026-10-04T17:00:00Z,New York Giants,Arizona Cardinals,betonlineag,player_reception_yds,Malachi Fields,Over,23.5,-114,2026-10-04T04:54:27Z
20261004T045441Z,664e6bda5721dc63be16bcf7d962a436,2026-10-04T17:00:00Z,New York Giants,Arizona Cardinals,betonlineag,player_reception_yds,Malachi Fields,Under,23.5,-114,2026-10-04T04:54:27Z
20261004T045441Z,664e6bda5721dc63be16bcf7d962a436,2026-10-04T17:00:00Z,New York Giants,Arizona Cardinals,betonlineag,player_reception_yds,Malik Nabers,Over,55.5,-118,2026-10-04T04:54:27Z
20261004T045441Z,664e6bda5721dc63be16bcf7d962a436,2026-10-04T17:00:00Z,New York Giants,Arizona Cardinals,betonlineag,player_reception_yds,Malik Nabers,Under,55.5,-110,2026-10-04T04:54:27Z
20261004T045441Z,664e6bda5721dc63be16bcf7d962a436,2026-10-04T17:00:00Z,New York Giants,Arizona Cardinals,betonlineag,player_reception_yds,Isaiah Likely,Over,41.5,-114,2026-10-04T04:54:27Z
20261004T045441Z,664e6bda5721dc63be16bcf7d962a436,2026-10-04T17:00:00Z,New York Giants,Arizona Cardinals,betonlineag,player_reception_yds,Isaiah Likely,Under,41.5,-114,2026-10-04T04:54:27Z
20261004T045441Z,664e6bda5721dc63be16bcf7d962a436,2026-10-04T17:00:00Z,New York Giants,Arizona Cardinals,betonlineag,player_reception_yds,Darnell Mooney,Over,20.5,-118,2026-10-04T04:54:27Z
20261004T045441Z,664e6bda5721dc63be16bcf7d962a436,2026-10-04T17:00:00Z,New York Giants,Arizona Cardinals,betonlineag,player_reception_yds,Darnell Mooney,Under,20.5,-110,2026-10-04T04:54:27Z
20261004T045441Z,664e6bda5721dc63be16bcf7d962a436,2026-10-04T17:00:00Z,New York Giants,Arizona Cardinals,betonlineag,player_reception_yds,Kendrick Bourne,Over,20.5,-116,2026-10-04T04:54:27Z
20261004T045441Z,664e6bda5721dc63be16bcf7d962a436,2026-10-04T17:00:00Z,New York Giants,Arizona Cardinals,betonlineag,player_reception_yds,Kendrick Bourne,Under,20.5,-111,2026-10-04T04:54:27Z
20261004T045441Z,664e6bda5721dc63be16bcf7d962a436,2026-10-04T17:00:00Z,New York Giants,Arizona Cardinals,betonlineag,player_reception_yds,Marvin Harrison Jr.,Over,34.5,-115,2026-10-04T04:54:27Z
20261004T045441Z,664e6bda5721dc63be16bcf7d962a436,2026-10-04T17:00:00Z,New York Giants,Arizona Cardinals,betonlineag,player_reception_yds,Marvin Harrison Jr.,Under,34.5,-112,2026-10-04T04:54:27Z
20261004T045441Z,664e6bda5721dc63be16bcf7d962a436,2026-10-04T17:00:00Z,New York Giants,Arizona Cardinals,betonlineag,player_reception_yds,Theo Johnson,Over,8.5,-115,2026-10-04T04:54:27Z
20261004T045441Z,664e6bda5721dc63be16bcf7d962a436,2026-10-04T17:00:00Z,New York Giants,Arizona Cardinals,betonlineag,player_reception_yds,Theo Johnson,Under,8.5,-112,2026-10-04T04:54:27Z
20261004T045441Z,664e6bda5721dc63be16bcf7d962a436,2026-10-04T17:00:00Z,New York Giants,Arizona Cardinals,betonlineag,player_reception_yds,Jeremiyah Love,Over,18.5,-114,2026-10-04T04:54:27Z
20261004T045441Z,664e6bda5721dc63be16bcf7d962a436,2026-10-04T17:00:00Z,New York Giants,Arizona Cardinals,betonlineag,player_reception_yds,Jeremiyah Love,Under,18.5,-114,2026-10-04T04:54:27Z
20261004T045441Z,664e6bda5721dc63be16bcf7d962a436,2026-10-04T17:00:00Z,New York Giants,Arizona Cardinals,betonlineag,player_reception_yds,Elijah Higgins,Over,4.5,-115,2026-10-04T04:54:27Z
20261004T045441Z,664e6bda5721dc63be16bcf7d962a436,2026-10-04T17:00:00Z,New York Giants,Arizona Cardinals,betonlineag,player_reception_yds,Elijah Higgins,Under,4.5,-112,2026-10-04T04:54:27Z
20261004T045441Z,664e6bda5721dc63be16bcf7d962a436,2026-10-04T17:00:00Z,New York Giants,Arizona Cardinals,betonlineag,player_reception_yds,Michael Wilson,Over,56.5,-116,2026-10-04T04:54:27Z
20261004T045441Z,664e6bda5721dc63be16bcf7d962a436,2026-10-04T17:00:00Z,New York Giants,Arizona Cardinals,betonlineag,player_reception_yds,Michael Wilson,Under,56.5,-111,2026-10-04T04:54:27Z
20261004T045441Z,664e6bda5721dc63be16bcf7d962a436,2026-10-04T17:00:00Z,New York Giants,Arizona Cardinals,betonlineag,player_reception_yds,Trey McBride,Over,63.5,-116,2026-10-04T04:54:27Z
20261004T045441Z,664e6bda5721dc63be16bcf7d962a436,2026-10-04T17:00:00Z,New York Giants,Arizona Cardinals,betonlineag,player_reception_yds,Trey McBride,Under,63.5,-111,2026-10-04T04:54:27Z
20261004T045441Z,664e6bda5721dc63be16bcf7d962a436,2026-10-04T17:00:00Z,New York Giants,Arizona Cardinals,betonlineag,player_reception_yds,Cam Skattebo,Over,18.5,-110,2026-10-04T04:54:27Z
20261004T045441Z,664e6bda5721dc63be16bcf7d962a436,2026-10-04T17:00:00Z,New York Giants,Arizona Cardinals,betonlineag,player_reception_yds,Cam Skattebo,Under,18.5,-118,2026-10-04T04:54:27Z
20261004T045441Z,664e6bda5721dc63be16bcf7d962a436,2026-10-04T17:00:00Z,New York Giants,Arizona Cardinals,betonlineag,player_receptions,Michael Wilson,Over,5.5,120,2026-10-04T04:54:27Z
20261004T045441Z,664e6bda5721dc63be16bcf7d962a436,2026-10-04T17:00:00Z,New York Giants,Arizona Cardinals,betonlineag,player_receptions,Michael Wilson,Under,5.5,-156,2026-10-04T04:54:27Z
20261004T045441Z,664e6bda5721dc63be16bcf7d962a436,2026-10-04T17:00:00Z,New York Giants,Arizona Cardinals,betonlineag,player_receptions,Malik Nabers,Over,4.5,-145,2026-10-04T04:54:27Z
20261004T045441Z,664e6bda5721dc63be16bcf7d962a436,2026-10-04T17:00:00Z,New York Giants,Arizona Cardinals,betonlineag,player_receptions,Malik Nabers,Under,4.5,111,2026-10-04T04:54:27Z
20261004T045441Z,664e6bda5721dc63be16bcf7d962a436,2026-10-04T17:00:00Z,New York Giants,Arizona Cardinals,betonlineag,player_receptions,Marvin Harrison Jr.,Over,2.5,-109,2026-10-04T04:54:27Z
20261004T045441Z,664e6bda5721dc63be16bcf7d962a436,2026-10-04T17:00:00Z,New York Giants,Arizona Cardinals,betonlineag,player_receptions,Marvin Harrison Jr.,Under,2.5,-119,2026-10-04T04:54:27Z
20261004T045441Z,664e6bda5721dc63be16bcf7d962a436,2026-10-04T17:00:00Z,New York Giants,Arizona Cardinals,betonlineag,player_receptions,Isaiah Likely,Over,3.5,-167,2026-10-04T04:54:27Z
20261004T045441Z,664e6bda5721dc63be16bcf7d962a436,2026-10-04T17:00:00Z,New York Giants,Arizona Cardinals,betonlineag,player_receptions,Isaiah Likely,Under,3.5,127,2026-10-04T04:54:27Z
20261004T045441Z,664e6bda5721dc63be16bcf7d962a436,2026-10-04T17:00:00Z,New York Giants,Arizona Cardinals,betonlineag,player_receptions,Malachi Fields,Over,1.5,-175,2026-10-04T04:54:27Z
20261004T045441Z,664e6bda5721dc63be16bcf7d962a436,2026-10-04T17:00:00Z,New York Giants,Arizona Cardinals,betonlineag,player_receptions,Malachi Fields,Under,1.5,134,2026-10-04T04:54:27Z
20261004T045441Z,664e6bda5721dc63be16bcf7d962a436,2026-10-04T17:00:00Z,New York Giants,Arizona Cardinals,betonlineag,player_receptions,Jeremiyah Love,Over,2.5,-164,2026-10-04T04:54:27Z
20261004T045441Z,664e6bda5721dc63be16bcf7d962a436,2026-10-04T17:00:00Z,New York Giants,Arizona Cardinals,betonlineag,player_receptions,Jeremiyah Love,Under,2.5,126,2026-10-04T04:54:27Z
20261004T045441Z,664e6bda5721dc63be16bcf7d962a436,2026-10-04T17:00:00Z,New York Giants,Arizona Cardinals,betonlineag,player_receptions,Cam Skattebo,Over,2.5,-125,2026-10-04T04:54:27Z
20261004T045441Z,664e6bda5721dc63be16bcf7d962a436,2026-10-04T17:00:00Z,New York Giants,Arizona Cardinals,betonlineag,player_receptions,Cam Skattebo,Under,2.5,-103,2026-10-04T04:54:27Z
20261004T045441Z,664e6bda5721dc63be16bcf7d962a436,2026-10-04T17:00:00Z,New York Giants,Arizona Cardinals,betonlineag,player_receptions,Darnell Mooney,Over,1.5,-139,2026-10-04T04:54:27Z
20261004T045441Z,664e6bda5721dc63be16bcf7d962a436,2026-10-04T17:00:00Z,New York Giants,Arizona Cardinals,betonlineag,player_receptions,Darnell Mooney,Under,1.5,107,2026-10-04T04:54:27Z
20261004T045441Z,664e6bda5721dc63be16bcf7d962a436,2026-10-04T17:00:00Z,New York Giants,Arizona Cardinals,betonlineag,player_receptions,Kendrick Bourne,Over,2.5,134,2026-10-04T04:54:27Z
20261004T045441Z,664e6bda5721dc63be16bcf7d962a436,2026-10-04T17:00:00Z,New York Giants,Arizona Cardinals,betonlineag,player_receptions,Kendrick Bourne,Under,2.5,-175,2026-10-04T04:54:27Z
20261004T045441Z,664e6bda5721dc63be16bcf7d962a436,2026-10-04T17:00:00Z,New York Giants,Arizona Cardinals,betonlineag,player_receptions,Trey McBride,Over,6.5,-128,2026-10-04T04:54:27Z
20261004T045441Z,664e6bda5721dc63be16bcf7d962a436,2026-10-04T17:00:00Z,New York Giants,Arizona Cardinals,betonlineag,player_receptions,Trey McBride,Under,6.5,-101,2026-10-04T04:54:27Z
20261004T045441Z,664e6bda5721dc63be16bcf7d962a436,2026-10-04T17:00:00Z,New York Giants,Arizona Cardinals,betonlineag,player_receptions,Theo Johnson,Over,1.5,178,2026-10-04T04:54:27Z
20261004T045441Z,664e6bda5721dc63be16bcf7d962a436,2026-10-04T17:00:00Z,New York Giants,Arizona Cardinals,betonlineag,player_receptions,Theo Johnson,Under,1.5,-238,2026-10-04T04:54:27Z
20261004T045441Z,664e6bda5721dc63be16bcf7d962a436,2026-10-04T17:00:00Z,New York Giants,Arizona Cardinals,betonlineag,player_receptions,Elijah Higgins,Over,0.5,-156,2026-10-04T04:54:27Z
20261004T045441Z,664e6bda5721dc63be16bcf7d962a436,2026-10-04T17:00:00Z,New York Giants,Arizona Cardinals,betonlineag,player_receptions,Elijah Higgins,Under,0.5,120,2026-10-04T04:54:27Z
20261004T045441Z,664e6bda5721dc63be16bcf7d962a436,2026-10-04T17:00:00Z,New York Giants,Arizona Cardinals,betonlineag,player_rush_yds,Cam Skattebo,Over,62.5,-114,2026-10-04T04:54:27Z
20261004T045441Z,664e6bda5721dc63be16bcf7d962a436,2026-10-04T17:00:00Z,New York Giants,Arizona Cardinals,betonlineag,player_rush_yds,Cam Skattebo,Under,62.5,-114,2026-10-04T04:54:27Z
20261004T045441Z,664e6bda5721dc63be16bcf7d962a436,2026-10-04T17:00:00Z,New York Giants,Arizona Cardinals,betonlineag,player_rush_yds,Najee Harris,Over,23.5,-114,2026-10-04T04:54:27Z
20261004T045441Z,664e6bda5721dc63be16bcf7d962a436,2026-10-04T17:00:00Z,New York Giants,Arizona Cardinals,betonlineag,player_rush_yds,Najee Harris,Under,23.5,-114,2026-10-04T04:54:27Z
20261004T045441Z,664e6bda5721dc63be16bcf7d962a436,2026-10-04T17:00:00Z,New York Giants,Arizona Cardinals,betonlineag,player_rush_yds,Jacoby Brissett,Over,7.5,-114,2026-10-04T04:54:27Z
20261004T045441Z,664e6bda5721dc63be16bcf7d962a436,2026-10-04T17:00:00Z,New York Giants,Arizona Cardinals,betonlineag,player_rush_yds,Jacoby Brissett,Under,7.5,-114,2026-10-04T04:54:27Z
20261004T045441Z,664e6bda5721dc63be16bcf7d962a436,2026-10-04T17:00:00Z,New York Giants,Arizona Cardinals,betonlineag,player_rush_yds,Jameis Winston,Over,5.5,-111,2026-10-04T04:54:27Z
20261004T045441Z,664e6bda5721dc63be16bcf7d962a436,2026-10-04T17:00:00Z,New York Giants,Arizona Cardinals,betonlineag,player_rush_yds,Jameis Winston,Under,5.5,-116,2026-10-04T04:54:27Z
20261004T045441Z,664e6bda5721dc63be16bcf7d962a436,2026-10-04T17:00:00Z,New York Giants,Arizona Cardinals,betonlineag,player_rush_yds,Tyler Allgeier,Over,18.5,-120,2026-10-04T04:54:27Z
20261004T045441Z,664e6bda5721dc63be16bcf7d962a436,2026-10-04T17:00:00Z,New York Giants,Arizona Cardinals,betonlineag,player_rush_yds,Tyler Allgeier,Under,18.5,-108,2026-10-04T04:54:27Z
20261004T045441Z,664e6bda5721dc63be16bcf7d962a436,2026-10-04T17:00:00Z,New York Giants,Arizona Cardinals,betonlineag,player_rush_yds,Jeremiyah Love,Over,67.5,-114,2026-10-04T04:54:27Z
20261004T045441Z,664e6bda5721dc63be16bcf7d962a436,2026-10-04T17:00:00Z,New York Giants,Arizona Cardinals,betonlineag,player_rush_yds,Jeremiyah Love,Under,67.5,-114,2026-10-04T04:54:27Z
20261004T045441Z,664e6bda5721dc63be16bcf7d962a436,2026-10-04T17:00:00Z,New York Giants,Arizona Cardinals,betmgm,player_pass_yds,Jacoby Brissett,Over,232.5,-115,2026-10-04T04:53:49Z
20261004T045441Z,664e6bda5721dc63be16bcf7d962a436,2026-10-04T17:00:00Z,New York Giants,Arizona Cardinals,betmgm,player_pass_yds,Jacoby Brissett,Under,232.5,-115,2026-10-04T04:53:49Z
20261004T045441Z,664e6bda5721dc63be16bcf7d962a436,2026-10-04T17:00:00Z,New York Giants,Arizona Cardinals,betmgm,player_pass_yds,Jameis Winston,Over,207.5,-115,2026-10-04T04:53:49Z
20261004T045441Z,664e6bda5721dc63be16bcf7d962a436,2026-10-04T17:00:00Z,New York Giants,Arizona Cardinals,betmgm,player_pass_yds,Jameis Winston,Under,207.5,-115,2026-10-04T04:53:49Z
20261004T045441Z,664e6bda5721dc63be16bcf7d962a436,2026-10-04T17:00:00Z,New York Giants,Arizona Cardinals,betmgm,player_reception_yds,Malachi Fields,Over,25.5,-120,2026-10-04T04:53:49Z
20261004T045441Z,664e6bda5721dc63be16bcf7d962a436,2026-10-04T17:00:00Z,New York Giants,Arizona Cardinals,betmgm,player_reception_yds,Malachi Fields,Under,25.5,-111,2026-10-04T04:53:49Z
20261004T045441Z,664e6bda5721dc63be16bcf7d962a436,2026-10-04T17:00:00Z,New York Giants,Arizona Cardinals,betmgm,player_reception_yds,Jeremiyah Love,Over,17.5,-105,2026-10-04T04:53:49Z
20261004T045441Z,664e6bda5721dc63be16bcf7d962a436,2026-10-04T17:00:00Z,New York Giants,Arizona Cardinals,betmgm,player_reception_yds,Jeremiyah Love,Under,17.5,-125,2026-10-04T04:53:49Z
20261004T045441Z,664e6bda5721dc63be16bcf7d962a436,2026-10-04T17:00:00Z,New York Giants,Arizona Cardinals,betmgm,player_reception_yds,Michael Wilson,Over,58.5,-115,2026-10-04T04:53:49Z
20261004T045441Z,664e6bda5721dc63be16bcf7d962a436,2026-10-04T17:00:00Z,New York Giants,Arizona Cardinals,betmgm,player_reception_yds,Michael Wilson,Under,58.5,-115,2026-10-04T04:53:49Z
20261004T045441Z,664e6bda5721dc63be16bcf7d962a436,2026-10-04T17:00:00Z,New York Giants,Arizona Cardinals,betmgm,player_reception_yds,Marvin Harrison Jr.,Over,32.5,-115,2026-10-04T04:53:49Z
20261004T045441Z,664e6bda5721dc63be16bcf7d962a436,2026-10-04T17:00:00Z,New York Giants,Arizona Cardinals,betmgm,player_reception_yds,Marvin Harrison Jr.,Under,32.5,-115,2026-10-04T04:53:49Z
20261004T045441Z,664e6bda5721dc63be16bcf7d962a436,2026-10-04T17:00:00Z,New York Giants,Arizona Cardinals,betmgm,player_reception_yds,Cam Skattebo,Over,18.5,-111,2026-10-04T04:53:49Z
20261004T045441Z,664e6bda5721dc63be16bcf7d962a436,2026-10-04T17:00:00Z,New York Giants,Arizona Cardinals,betmgm,player_reception_yds,Cam Skattebo,Under,18.5,-120,2026-10-04T04:53:49Z
20261004T045441Z,664e6bda5721dc63be16bcf7d962a436,2026-10-04T17:00:00Z,New York Giants,Arizona Cardinals,betmgm,player_reception_yds,Malik Nabers,Over,57.5,-115,2026-10-04T04:53:49Z
20261004T045441Z,664e6bda5721dc63be16bcf7d962a436,2026-10-04T17:00:00Z,New York Giants,Arizona Cardinals,betmgm,player_reception_yds,Malik Nabers,Under,57.5,-115,2026-10-04T04:53:49Z
20261004T045441Z,664e6bda5721dc63be16bcf7d962a436,2026-10-04T17:00:00Z,New York Giants,Arizona Cardinals,betmgm,player_reception_yds,Kendrick Bourne,Over,20.5,-120,2026-10-04T04:53:49Z
20261004T045441Z,664e6bda5721dc63be16bcf7d962a436,2026-10-04T17:00:00Z,New York Giants,Arizona Cardinals,betmgm,player_reception_yds,Kendrick Bourne,Under,20.5,-111,2026-10-04T04:53:49Z
20261004T045441Z,664e6bda5721dc63be16bcf7d962a436,2026-10-04T17:00:00Z,New York Giants,Arizona Cardinals,betmgm,player_reception_yds,Theo Johnson,Over,8.5,-115,2026-10-04T04:53:49Z
20261004T045441Z,664e6bda5721dc63be16bcf7d962a436,2026-10-04T17:00:00Z,New York Giants,Arizona Cardinals,betmgm,player_reception_yds,Theo Johnson,Under,8.5,-115,2026-10-04T04:53:49Z
20261004T045441Z,664e6bda5721dc63be16bcf7d962a436,2026-10-04T17:00:00Z,New York Giants,Arizona Cardinals,betmgm,player_reception_yds,Isaiah Likely,Over,41.5,-105,2026-10-04T04:53:49Z
20261004T045441Z,664e6bda5721dc63be16bcf7d962a436,2026-10-04T17:00:00Z,New York Giants,Arizona Cardinals,betmgm,player_reception_yds,Isaiah Likely,Under,41.5,-125,2026-10-04T04:53:49Z
20261004T045441Z,664e6bda5721dc63be16bcf7d962a436,2026-10-04T17:00:00Z,New York Giants,Arizona Cardinals,betmgm,player_reception_yds,Darnell Mooney,Over,20.5,-115,2026-10-04T04:53:49Z
20261004T045441Z,664e6bda5721dc63be16bcf7d962a436,2026-10-04T17:00:00Z,New York Giants,Arizona Cardinals,betmgm,player_reception_yds,Darnell Mooney,Under,20.5,-115,2026-10-04T04:53:49Z
20261004T045441Z,664e6bda5721dc63be16bcf7d962a436,2026-10-04T17:00:00Z,New York Giants,Arizona Cardinals,betmgm,player_reception_yds,Trey McBride,Over,64.5,-115,2026-10-04T04:53:49Z
20261004T045441Z,664e6bda5721dc63be16bcf7d962a436,2026-10-04T17:00:00Z,New York Giants,Arizona Cardinals,betmgm,player_reception_yds,Trey McBride,Under,64.5,-115,2026-10-04T04:53:49Z
20261004T045441Z,664e6bda5721dc63be16bcf7d962a436,2026-10-04T17:00:00Z,New York Giants,Arizona Cardinals,betmgm,player_receptions,Cam Skattebo,Over,2.5,-125,2026-10-04T04:53:49Z
20261004T045441Z,664e6bda5721dc63be16bcf7d962a436,2026-10-04T17:00:00Z,New York Giants,Arizona Cardinals,betmgm,player_receptions,Cam Skattebo,Under,2.5,-105,2026-10-04T04:53:49Z
20261004T045441Z,664e6bda5721dc63be16bcf7d962a436,2026-10-04T17:00:00Z,New York Giants,Arizona Cardinals,betmgm,player_receptions,Isaiah Likely,Over,3.5,-160,2026-10-04T04:53:49Z
20261004T045441Z,664e6bda5721dc63be16bcf7d962a436,2026-10-04T17:00:00Z,New York Giants,Arizona Cardinals,betmgm,player_receptions,Isaiah Likely,Under,3.5,120,2026-10-04T04:53:49Z
20261004T045441Z,664e6bda5721dc63be16bcf7d962a436,2026-10-04T17:00:00Z,New York Giants,Arizona Cardinals,betmgm,player_receptions,Malik Nabers,Over,4.5,-160,2026-10-04T04:53:49Z
20261004T045441Z,664e6bda5721dc63be16bcf7d962a436,2026-10-04T17:00:00Z,New York Giants,Arizona Cardinals,betmgm,player_receptions,Malik Nabers,Under,4.5,120,2026-10-04T04:53:49Z
20261004T045441Z,664e6bda5721dc63be16bcf7d962a436,2026-10-04T17:00:00Z,New York Giants,Arizona Cardinals,betmgm,player_receptions,Darnell Mooney,Over,1.5,-135,2026-10-04T04:53:49Z
20261004T045441Z,664e6bda5721dc63be16bcf7d962a436,2026-10-04T17:00:00Z,New York Giants,Arizona Cardinals,betmgm,player_receptions,Darnell Mooney,Under,1.5,100,2026-10-04T04:53:49Z
20261004T045441Z,664e6bda5721dc63be16bcf7d962a436,2026-10-04T17:00:00Z,New York Giants,Arizona Cardinals,betmgm,player_receptions,Jeremiyah Love,Over,2.5,-155,2026-10-04T04:53:49Z
20261004T045441Z,664e6bda5721dc63be16bcf7d962a436,2026-10-04T17:00:00Z,New York Giants,Arizona Cardinals,betmgm,player_receptions,Jeremiyah Love,Under,2.5,115,2026-10-04T04:53:49Z
20261004T045441Z,664e6bda5721dc63be16bcf7d962a436,2026-10-04T17:00:00Z,New York Giants,Arizona Cardinals,betmgm,player_receptions,Trey McBride,Over,6.5,-130,2026-10-04T04:53:49Z
20261004T045441Z,664e6bda5721dc63be16bcf7d962a436,2026-10-04T17:00:00Z,New York Giants,Arizona Cardinals,betmgm,player_receptions,Trey McBride,Under,6.5,-105,2026-10-04T04:53:49Z
20261004T045441Z,664e6bda5721dc63be16bcf7d962a436,2026-10-04T17:00:00Z,New York Giants,Arizona Cardinals,betmgm,player_receptions,Michael Wilson,Over,5.5,120,2026-10-04T04:53:49Z
20261004T045441Z,664e6bda5721dc63be16bcf7d962a436,2026-10-04T17:00:00Z,New York Giants,Arizona Cardinals,betmgm,player_receptions,Michael Wilson,Under,5.5,-160,2026-10-04T04:53:49Z
20261004T045441Z,664e6bda5721dc63be16bcf7d962a436,2026-10-04T17:00:00Z,New York Giants,Arizona Cardinals,betmgm,player_receptions,Marvin Harrison Jr.,Over,2.5,-115,2026-10-04T04:53:49Z
20261004T045441Z,664e6bda5721dc63be16bcf7d962a436,2026-10-04T17:00:00Z,New York Giants,Arizona Cardinals,betmgm,player_receptions,Marvin Harrison Jr.,Under,2.5,-115,2026-10-04T04:53:49Z
20261004T045441Z,664e6bda5721dc63be16bcf7d962a436,2026-10-04T17:00:00Z,New York Giants,Arizona Cardinals,betmgm,player_receptions,Kendrick Bourne,Over,2.5,130,2026-10-04T04:53:49Z
20261004T045441Z,664e6bda5721dc63be16bcf7d962a436,2026-10-04T17:00:00Z,New York Giants,Arizona Cardinals,betmgm,player_receptions,Kendrick Bourne,Under,2.5,-175,2026-10-04T04:53:49Z
20261004T045441Z,664e6bda5721dc63be16bcf7d962a436,2026-10-04T17:00:00Z,New York Giants,Arizona Cardinals,betmgm,player_receptions,Malachi Fields,Over,1.5,-200,2026-10-04T04:53:49Z
20261004T045441Z,664e6bda5721dc63be16bcf7d962a436,2026-10-04T17:00:00Z,New York Giants,Arizona Cardinals,betmgm,player_receptions,Malachi Fields,Under,1.5,145,2026-10-04T04:53:49Z
20261004T045441Z,664e6bda5721dc63be16bcf7d962a436,2026-10-04T17:00:00Z,New York Giants,Arizona Cardinals,betmgm,player_receptions,Theo Johnson,Over,1.5,165,2026-10-04T04:53:49Z
20261004T045441Z,664e6bda5721dc63be16bcf7d962a436,2026-10-04T17:00:00Z,New York Giants,Arizona Cardinals,betmgm,player_receptions,Theo Johnson,Under,1.5,-225,2026-10-04T04:53:49Z
20261004T045441Z,664e6bda5721dc63be16bcf7d962a436,2026-10-04T17:00:00Z,New York Giants,Arizona Cardinals,betmgm,player_rush_yds,Jacoby Brissett,Over,7.5,-115,2026-10-04T04:53:49Z
20261004T045441Z,664e6bda5721dc63be16bcf7d962a436,2026-10-04T17:00:00Z,New York Giants,Arizona Cardinals,betmgm,player_rush_yds,Jacoby Brissett,Under,7.5,-115,2026-10-04T04:53:49Z
20261004T045441Z,664e6bda5721dc63be16bcf7d962a436,2026-10-04T17:00:00Z,New York Giants,Arizona Cardinals,betmgm,player_rush_yds,Jeremiyah Love,Over,65.5,-115,2026-10-04T04:53:49Z
20261004T045441Z,664e6bda5721dc63be16bcf7d962a436,2026-10-04T17:00:00Z,New York Giants,Arizona Cardinals,betmgm,player_rush_yds,Jeremiyah Love,Under,65.5,-115,2026-10-04T04:53:49Z
20261004T045441Z,664e6bda5721dc63be16bcf7d962a436,2026-10-04T17:00:00Z,New York Giants,Arizona Cardinals,betmgm,player_rush_yds,Jameis Winston,Over,5.5,-110,2026-10-04T04:53:49Z
20261004T045441Z,664e6bda5721dc63be16bcf7d962a436,2026-10-04T17:00:00Z,New York Giants,Arizona Cardinals,betmgm,player_rush_yds,Jameis Winston,Under,5.5,-120,2026-10-04T04:53:49Z
20261004T045441Z,664e6bda5721dc63be16bcf7d962a436,2026-10-04T17:00:00Z,New York Giants,Arizona Cardinals,betmgm,player_rush_yds,Cam Skattebo,Over,62.5,-111,2026-10-04T04:53:49Z
20261004T045441Z,664e6bda5721dc63be16bcf7d962a436,2026-10-04T17:00:00Z,New York Giants,Arizona Cardinals,betmgm,player_rush_yds,Cam Skattebo,Under,62.5,-118,2026-10-04T04:53:49Z
20261004T045441Z,664e6bda5721dc63be16bcf7d962a436,2026-10-04T17:00:00Z,New York Giants,Arizona Cardinals,betmgm,player_rush_yds,Najee Harris,Over,25.5,-110,2026-10-04T04:53:49Z
20261004T045441Z,664e6bda5721dc63be16bcf7d962a436,2026-10-04T17:00:00Z,New York Giants,Arizona Cardinals,betmgm,player_rush_yds,Najee Harris,Under,25.5,-120,2026-10-04T04:53:49Z
20261004T045441Z,664e6bda5721dc63be16bcf7d962a436,2026-10-04T17:00:00Z,New York Giants,Arizona Cardinals,betmgm,player_rush_yds,Tyler Allgeier,Over,17.5,-120,2026-10-04T04:53:49Z
20261004T045441Z,664e6bda5721dc63be16bcf7d962a436,2026-10-04T17:00:00Z,New York Giants,Arizona Cardinals,betmgm,player_rush_yds,Tyler Allgeier,Under,17.5,-111,2026-10-04T04:53:49Z
20261004T045441Z,664e6bda5721dc63be16bcf7d962a436,2026-10-04T17:00:00Z,New York Giants,Arizona Cardinals,bovada,player_pass_yds,Jacoby Brissett,Over,231.5,-115,2026-10-04T04:52:31Z
20261004T045441Z,664e6bda5721dc63be16bcf7d962a436,2026-10-04T17:00:00Z,New York Giants,Arizona Cardinals,bovada,player_pass_yds,Jacoby Brissett,Under,231.5,-115,2026-10-04T04:52:31Z
20261004T045441Z,664e6bda5721dc63be16bcf7d962a436,2026-10-04T17:00:00Z,New York Giants,Arizona Cardinals,bovada,player_pass_yds,Jameis Winston,Over,208.5,-115,2026-10-04T04:52:31Z
20261004T045441Z,664e6bda5721dc63be16bcf7d962a436,2026-10-04T17:00:00Z,New York Giants,Arizona Cardinals,bovada,player_pass_yds,Jameis Winston,Under,208.5,-115,2026-10-04T04:52:31Z
20261004T045441Z,664e6bda5721dc63be16bcf7d962a436,2026-10-04T17:00:00Z,New York Giants,Arizona Cardinals,bovada,player_reception_yds,Cam Skattebo,Over,17.5,-110,2026-10-04T04:52:31Z
20261004T045441Z,664e6bda5721dc63be16bcf7d962a436,2026-10-04T17:00:00Z,New York Giants,Arizona Cardinals,bovada,player_reception_yds,Cam Skattebo,Under,17.5,-120,2026-10-04T04:52:31Z
20261004T045441Z,664e6bda5721dc63be16bcf7d962a436,2026-10-04T17:00:00Z,New York Giants,Arizona Cardinals,bovada,player_reception_yds,Darnell Mooney,Over,20.5,-120,2026-10-04T04:52:31Z
20261004T045441Z,664e6bda5721dc63be16bcf7d962a436,2026-10-04T17:00:00Z,New York Giants,Arizona Cardinals,bovada,player_reception_yds,Darnell Mooney,Under,20.5,-110,2026-10-04T04:52:31Z
20261004T045441Z,664e6bda5721dc63be16bcf7d962a436,2026-10-04T17:00:00Z,New York Giants,Arizona Cardinals,bovada,player_reception_yds,Elijah Higgins,Over,3.5,-115,2026-10-04T04:52:31Z
20261004T045441Z,664e6bda5721dc63be16bcf7d962a436,2026-10-04T17:00:00Z,New York Giants,Arizona Cardinals,bovada,player_reception_yds,Elijah Higgins,Under,3.5,-115,2026-10-04T04:52:31Z
20261004T045441Z,664e6bda5721dc63be16bcf7d962a436,2026-10-04T17:00:00Z,New York Giants,Arizona Cardinals,bovada,player_reception_yds,Isaiah Likely,Over,42.5,-115,2026-10-04T04:52:31Z
20261004T045441Z,664e6bda5721dc63be16bcf7d962a436,2026-10-04T17:00:00Z,New York Giants,Arizona Cardinals,bovada,player_reception_yds,Isaiah Likely,Under,42.5,-115,2026-10-04T04:52:31Z
20261004T045441Z,664e6bda5721dc63be16bcf7d962a436,2026-10-04T17:00:00Z,New York Giants,Arizona Cardinals,bovada,player_reception_yds,Jeremiyah Love,Over,17.5,-115,2026-10-04T04:52:31Z
20261004T045441Z,664e6bda5721dc63be16bcf7d962a436,2026-10-04T17:00:00Z,New York Giants,Arizona Cardinals,bovada,player_reception_yds,Jeremiyah Love,Under,17.5,-115,2026-10-04T04:52:31Z
20261004T045441Z,664e6bda5721dc63be16bcf7d962a436,2026-10-04T17:00:00Z,New York Giants,Arizona Cardinals,bovada,player_reception_yds,Kendrick Bourne,Over,21.5,-115,2026-10-04T04:52:31Z
20261004T045441Z,664e6bda5721dc63be16bcf7d962a436,2026-10-04T17:00:00Z,New York Giants,Arizona Cardinals,bovada,player_reception_yds,Kendrick Bourne,Under,21.5,-115,2026-10-04T04:52:31Z
20261004T045441Z,664e6bda5721dc63be16bcf7d962a436,2026-10-04T17:00:00Z,New York Giants,Arizona Cardinals,bovada,player_reception_yds,Malachi Fields,Over,22.5,-115,2026-10-04T04:52:31Z
20261004T045441Z,664e6bda5721dc63be16bcf7d962a436,2026-10-04T17:00:00Z,New York Giants,Arizona Cardinals,bovada,player_reception_yds,Malachi Fields,Under,22.5,-115,2026-10-04T04:52:31Z
20261004T045441Z,664e6bda5721dc63be16bcf7d962a436,2026-10-04T17:00:00Z,New York Giants,Arizona Cardinals,bovada,player_reception_yds,Malik Nabers,Over,55.5,-115,2026-10-04T04:52:31Z
20261004T045441Z,664e6bda5721dc63be16bcf7d962a436,2026-10-04T17:00:00Z,New York Giants,Arizona Cardinals,bovada,player_reception_yds,Malik Nabers,Under,55.5,-115,2026-10-04T04:52:31Z
20261004T045441Z,664e6bda5721dc63be16bcf7d962a436,2026-10-04T17:00:00Z,New York Giants,Arizona Cardinals,bovada,player_reception_yds,Marvin Harrison Jr.,Over,34.5,-115,2026-10-04T04:52:31Z
20261004T045441Z,664e6bda5721dc63be16bcf7d962a436,2026-10-04T17:00:00Z,New York Giants,Arizona Cardinals,bovada,player_reception_yds,Marvin Harrison Jr.,Under,34.5,-115,2026-10-04T04:52:31Z
20261004T045441Z,664e6bda5721dc63be16bcf7d962a436,2026-10-04T17:00:00Z,New York Giants,Arizona Cardinals,bovada,player_reception_yds,Michael Wilson,Over,58.5,-115,2026-10-04T04:52:31Z
20261004T045441Z,664e6bda5721dc63be16bcf7d962a436,2026-10-04T17:00:00Z,New York Giants,Arizona Cardinals,bovada,player_reception_yds,Michael Wilson,Under,58.5,-115,2026-10-04T04:52:31Z
20261004T045441Z,664e6bda5721dc63be16bcf7d962a436,2026-10-04T17:00:00Z,New York Giants,Arizona Cardinals,bovada,player_reception_yds,Theo Johnson,Over,7.5,-115,2026-10-04T04:52:31Z
20261004T045441Z,664e6bda5721dc63be16bcf7d962a436,2026-10-04T17:00:00Z,New York Giants,Arizona Cardinals,bovada,player_reception_yds,Theo Johnson,Under,7.5,-115,2026-10-04T04:52:31Z
20261004T045441Z,664e6bda5721dc63be16bcf7d962a436,2026-10-04T17:00:00Z,New York Giants,Arizona Cardinals,bovada,player_reception_yds,Trey McBride,Over,62.5,-110,2026-10-04T04:52:31Z
20261004T045441Z,664e6bda5721dc63be16bcf7d962a436,2026-10-04T17:00:00Z,New York Giants,Arizona Cardinals,bovada,player_reception_yds,Trey McBride,Under,62.5,-120,2026-10-04T04:52:31Z
20261004T045441Z,664e6bda5721dc63be16bcf7d962a436,2026-10-04T17:00:00Z,New York Giants,Arizona Cardinals,bovada,player_receptions,Cam Skattebo,Over,2.5,-115,2026-10-04T04:52:31Z
20261004T045441Z,664e6bda5721dc63be16bcf7d962a436,2026-10-04T17:00:00Z,New York Giants,Arizona Cardinals,bovada,player_receptions,Cam Skattebo,Under,2.5,-115,2026-10-04T04:52:31Z
20261004T045441Z,664e6bda5721dc63be16bcf7d962a436,2026-10-04T17:00:00Z,New York Giants,Arizona Cardinals,bovada,player_receptions,Darnell Mooney,Over,1.5,-145,2026-10-04T04:52:31Z
20261004T045441Z,664e6bda5721dc63be16bcf7d962a436,2026-10-04T17:00:00Z,New York Giants,Arizona Cardinals,bovada,player_receptions,Darnell Mooney,Under,1.5,110,2026-10-04T04:52:31Z
20261004T045441Z,664e6bda5721dc63be16bcf7d962a436,2026-10-04T17:00:00Z,New York Giants,Arizona Cardinals,bovada,player_receptions,Elijah Higgins,Over,0.5,-150,2026-10-04T04:52:31Z
20261004T045441Z,664e6bda5721dc63be16bcf7d962a436,2026-10-04T17:00:00Z,New York Giants,Arizona Cardinals,bovada,player_receptions,Elijah Higgins,Under,0.5,115,2026-10-04T04:52:31Z
20261004T045441Z,664e6bda5721dc63be16bcf7d962a436,2026-10-04T17:00:00Z,New York Giants,Arizona Cardinals,bovada,player_receptions,Isaiah Likely,Over,4.5,125,2026-10-04T04:52:31Z
20261004T045441Z,664e6bda5721dc63be16bcf7d962a436,2026-10-04T17:00:00Z,New York Giants,Arizona Cardinals,bovada,player_receptions,Isaiah Likely,Under,4.5,-165,2026-10-04T04:52:31Z
20261004T045441Z,664e6bda5721dc63be16bcf7d962a436,2026-10-04T17:00:00Z,New York Giants,Arizona Cardinals,bovada,player_receptions,Jeremiyah Love,Over,2.5,-170,2026-10-04T04:52:31Z
20261004T045441Z,664e6bda5721dc63be16bcf7d962a436,2026-10-04T17:00:00Z,New York Giants,Arizona Cardinals,bovada,player_receptions,Jeremiyah Love,Under,2.5,130,2026-10-04T04:52:31Z
20261004T045441Z,664e6bda5721dc63be16bcf7d962a436,2026-10-04T17:00:00Z,New York Giants,Arizona Cardinals,bovada,player_receptions,Kendrick Bourne,Over,2.5,130,2026-10-04T04:52:31Z
20261004T045441Z,664e6bda5721dc63be16bcf7d962a436,2026-10-04T17:00:00Z,New York Giants,Arizona Cardinals,bovada,player_receptions,Kendrick Bourne,Under,2.5,-170,2026-10-04T04:52:31Z
20261004T045441Z,664e6bda5721dc63be16bcf7d962a436,2026-10-04T17:00:00Z,New York Giants,Arizona Cardinals,bovada,player_receptions,Malachi Fields,Over,1.5,-185,2026-10-04T04:52:31Z
20261004T045441Z,664e6bda5721dc63be16bcf7d962a436,2026-10-04T17:00:00Z,New York Giants,Arizona Cardinals,bovada,player_receptions,Malachi Fields,Under,1.5,140,2026-10-04T04:52:31Z
20261004T045441Z,664e6bda5721dc63be16bcf7d962a436,2026-10-04T17:00:00Z,New York Giants,Arizona Cardinals,bovada,player_receptions,Malik Nabers,Over,4.5,-145,2026-10-04T04:52:31Z
20261004T045441Z,664e6bda5721dc63be16bcf7d962a436,2026-10-04T17:00:00Z,New York Giants,Arizona Cardinals,bovada,player_receptions,Malik Nabers,Under,4.5,110,2026-10-04T04:52:31Z
20261004T045441Z,664e6bda5721dc63be16bcf7d962a436,2026-10-04T17:00:00Z,New York Giants,Arizona Cardinals,bovada,player_receptions,Marvin Harrison Jr.,Over,2.5,-110,2026-10-04T04:52:31Z
20261004T045441Z,664e6bda5721dc63be16bcf7d962a436,2026-10-04T17:00:00Z,New York Giants,Arizona Cardinals,bovada,player_receptions,Marvin Harrison Jr.,Under,2.5,-120,2026-10-04T04:52:31Z
20261004T045441Z,664e6bda5721dc63be16bcf7d962a436,2026-10-04T17:00:00Z,New York Giants,Arizona Cardinals,bovada,player_receptions,Michael Wilson,Over,4.5,-165,2026-10-04T04:52:31Z
20261004T045441Z,664e6bda5721dc63be16bcf7d962a436,2026-10-04T17:00:00Z,New York Giants,Arizona Cardinals,bovada,player_receptions,Michael Wilson,Under,4.5,125,2026-10-04T04:52:31Z
20261004T045441Z,664e6bda5721dc63be16bcf7d962a436,2026-10-04T17:00:00Z,New York Giants,Arizona Cardinals,bovada,player_receptions,Theo Johnson,Over,0.5,-240,2026-10-04T04:52:31Z
20261004T045441Z,664e6bda5721dc63be16bcf7d962a436,2026-10-04T17:00:00Z,New York Giants,Arizona Cardinals,bovada,player_receptions,Theo Johnson,Under,0.5,175,2026-10-04T04:52:31Z
20261004T045441Z,664e6bda5721dc63be16bcf7d962a436,2026-10-04T17:00:00Z,New York Giants,Arizona Cardinals,bovada,player_receptions,Trey McBride,Over,6.5,-130,2026-10-04T04:52:31Z
20261004T045441Z,664e6bda5721dc63be16bcf7d962a436,2026-10-04T17:00:00Z,New York Giants,Arizona Cardinals,bovada,player_receptions,Trey McBride,Under,6.5,100,2026-10-04T04:52:31Z
20261004T045441Z,664e6bda5721dc63be16bcf7d962a436,2026-10-04T17:00:00Z,New York Giants,Arizona Cardinals,bovada,player_rush_yds,Cam Skattebo,Over,63.5,-115,2026-10-04T04:52:31Z
20261004T045441Z,664e6bda5721dc63be16bcf7d962a436,2026-10-04T17:00:00Z,New York Giants,Arizona Cardinals,bovada,player_rush_yds,Cam Skattebo,Under,63.5,-115,2026-10-04T04:52:31Z
20261004T045441Z,664e6bda5721dc63be16bcf7d962a436,2026-10-04T17:00:00Z,New York Giants,Arizona Cardinals,bovada,player_rush_yds,Jacoby Brissett,Over,8.5,-110,2026-10-04T04:52:31Z
20261004T045441Z,664e6bda5721dc63be16bcf7d962a436,2026-10-04T17:00:00Z,New York Giants,Arizona Cardinals,bovada,player_rush_yds,Jacoby Brissett,Under,8.5,-120,2026-10-04T04:52:31Z
20261004T045441Z,664e6bda5721dc63be16bcf7d962a436,2026-10-04T17:00:00Z,New York Giants,Arizona Cardinals,bovada,player_rush_yds,Jameis Winston,Over,6.5,-110,2026-10-04T04:52:31Z
20261004T045441Z,664e6bda5721dc63be16bcf7d962a436,2026-10-04T17:00:00Z,New York Giants,Arizona Cardinals,bovada,player_rush_yds,Jameis Winston,Under,6.5,-120,2026-10-04T04:52:31Z
20261004T045441Z,664e6bda5721dc63be16bcf7d962a436,2026-10-04T17:00:00Z,New York Giants,Arizona Cardinals,bovada,player_rush_yds,Jeremiyah Love,Over,67.5,-110,2026-10-04T04:52:31Z
20261004T045441Z,664e6bda5721dc63be16bcf7d962a436,2026-10-04T17:00:00Z,New York Giants,Arizona Cardinals,bovada,player_rush_yds,Jeremiyah Love,Under,67.5,-120,2026-10-04T04:52:31Z
20261004T045441Z,664e6bda5721dc63be16bcf7d962a436,2026-10-04T17:00:00Z,New York Giants,Arizona Cardinals,bovada,player_rush_yds,Najee Harris,Over,23.5,-120,2026-10-04T04:52:31Z
20261004T045441Z,664e6bda5721dc63be16bcf7d962a436,2026-10-04T17:00:00Z,New York Giants,Arizona Cardinals,bovada,player_rush_yds,Najee Harris,Under,23.5,-110,2026-10-04T04:52:31Z
20261004T045441Z,664e6bda5721dc63be16bcf7d962a436,2026-10-04T17:00:00Z,New York Giants,Arizona Cardinals,bovada,player_rush_yds,Tyler Allgeier,Over,18.5,-115,2026-10-04T04:52:31Z
20261004T045441Z,664e6bda5721dc63be16bcf7d962a436,2026-10-04T17:00:00Z,New York Giants,Arizona Cardinals,bovada,player_rush_yds,Tyler Allgeier,Under,18.5,-115,2026-10-04T04:52:31Z
20261004T045441Z,f01589b0e7e6dd4f4ac1220a1db81f53,2026-10-04T17:00:00Z,Baltimore Ravens,Tennessee Titans,draftkings,player_pass_yds,Lamar Jackson,Over,216.5,-111,2026-10-04T04:54:04Z
20261004T045441Z,f01589b0e7e6dd4f4ac1220a1db81f53,2026-10-04T17:00:00Z,Baltimore Ravens,Tennessee Titans,draftkings,player_pass_yds,Lamar Jackson,Under,216.5,-113,2026-10-04T04:54:04Z
20261004T045441Z,f01589b0e7e6dd4f4ac1220a1db81f53,2026-10-04T17:00:00Z,Baltimore Ravens,Tennessee Titans,draftkings,player_pass_yds,Cam Ward,Over,186.5,-111,2026-10-04T04:54:04Z
20261004T045441Z,f01589b0e7e6dd4f4ac1220a1db81f53,2026-10-04T17:00:00Z,Baltimore Ravens,Tennessee Titans,draftkings,player_pass_yds,Cam Ward,Under,186.5,-113,2026-10-04T04:54:04Z
20261004T045441Z,f01589b0e7e6dd4f4ac1220a1db81f53,2026-10-04T17:00:00Z,Baltimore Ravens,Tennessee Titans,draftkings,player_reception_yds,Zay Flowers,Over,71.5,-111,2026-10-04T04:54:04Z
20261004T045441Z,f01589b0e7e6dd4f4ac1220a1db81f53,2026-10-04T17:00:00Z,Baltimore Ravens,Tennessee Titans,draftkings,player_reception_yds,Zay Flowers,Under,71.5,-113,2026-10-04T04:54:04Z
20261004T045441Z,f01589b0e7e6dd4f4ac1220a1db81f53,2026-10-04T17:00:00Z,Baltimore Ravens,Tennessee Titans,draftkings,player_reception_yds,Carnell Tate,Over,44.5,-115,2026-10-04T04:54:04Z
20261004T045441Z,f01589b0e7e6dd4f4ac1220a1db81f53,2026-10-04T17:00:00Z,Baltimore Ravens,Tennessee Titans,draftkings,player_reception_yds,Carnell Tate,Under,44.5,-109,2026-10-04T04:54:04Z
20261004T045441Z,f01589b0e7e6dd4f4ac1220a1db81f53,2026-10-04T17:00:00Z,Baltimore Ravens,Tennessee Titans,draftkings,player_reception_yds,Mark Andrews,Over,38.5,-110,2026-10-04T04:54:04Z
20261004T045441Z,f01589b0e7e6dd4f4ac1220a1db81f53,2026-10-04T17:00:00Z,Baltimore Ravens,Tennessee Titans,draftkings,player_reception_yds,Mark Andrews,Under,38.5,-114,2026-10-04T04:54:04Z
20261004T045441Z,f01589b0e7e6dd4f4ac1220a1db81f53,2026-10-04T17:00:00Z,Baltimore Ravens,Tennessee Titans,draftkings,player_reception_yds,Wan'Dale Robinson,Over,37.5,-111,2026-10-04T04:54:04Z
20261004T045441Z,f01589b0e7e6dd4f4ac1220a1db81f53,2026-10-04T17:00:00Z,Baltimore Ravens,Tennessee Titans,draftkings,player_reception_yds,Wan'Dale Robinson,Under,37.5,-113,2026-10-04T04:54:04Z
20261004T045441Z,f01589b0e7e6dd4f4ac1220a1db81f53,2026-10-04T17:00:00Z,Baltimore Ravens,Tennessee Titans,draftkings,player_reception_yds,Rashod Bateman,Over,26.5,-113,2026-10-04T04:54:04Z
20261004T045441Z,f01589b0e7e6dd4f4ac1220a1db81f53,2026-10-04T17:00:00Z,Baltimore Ravens,Tennessee Titans,draftkings,player_reception_yds,Rashod Bateman,Under,26.5,-111,2026-10-04T04:54:04Z
20261004T045441Z,f01589b0e7e6dd4f4ac1220a1db81f53,2026-10-04T17:00:00Z,Baltimore Ravens,Tennessee Titans,draftkings,player_reception_yds,Gunnar Helm,Over,19.5,-114,2026-10-04T04:54:04Z
20261004T045441Z,f01589b0e7e6dd4f4ac1220a1db81f53,2026-10-04T17:00:00Z,Baltimore Ravens,Tennessee Titans,draftkings,player_reception_yds,Gunnar Helm,Under,19.5,-110,2026-10-04T04:54:04Z
20261004T045441Z,f01589b0e7e6dd4f4ac1220a1db81f53,2026-10-04T17:00:00Z,Baltimore Ravens,Tennessee Titans,draftkings,player_reception_yds,Elic Ayomanor,Over,19.5,-111,2026-10-04T04:54:04Z
20261004T045441Z,f01589b0e7e6dd4f4ac1220a1db81f53,2026-10-04T17:00:00Z,Baltimore Ravens,Tennessee Titans,draftkings,player_reception_yds,Elic Ayomanor,Under,19.5,-113,2026-10-04T04:54:04Z
20261004T045441Z,f01589b0e7e6dd4f4ac1220a1db81f53,2026-10-04T17:00:00Z,Baltimore Ravens,Tennessee Titans,draftkings,player_reception_yds,Tyjae Spears,Over,12.5,-114,2026-10-04T04:54:04Z
20261004T045441Z,f01589b0e7e6dd4f4ac1220a1db81f53,2026-10-04T17:00:00Z,Baltimore Ravens,Tennessee Titans,draftkings,player_reception_yds,Tyjae Spears,Under,12.5,-110,2026-10-04T04:54:04Z
20261004T045441Z,f01589b0e7e6dd4f4ac1220a1db81f53,2026-10-04T17:00:00Z,Baltimore Ravens,Tennessee Titans,draftkings,player_reception_yds,Justice Hill,Over,11.5,-108,2026-10-04T04:54:04Z
20261004T045441Z,f01589b0e7e6dd4f4ac1220a1db81f53,2026-10-04T17:00:00Z,Baltimore Ravens,Tennessee Titans,draftkings,player_reception_yds,Justice Hill,Under,11.5,-116,2026-10-04T04:54:04Z
20261004T045441Z,f01589b0e7e6dd4f4ac1220a1db81f53,2026-10-04T17:00:00Z,Baltimore Ravens,Tennessee Titans,draftkings,player_reception_yds,Tony Pollard,Over,9.5,-109,2026-10-04T04:54:04Z
20261004T045441Z,f01589b0e7e6dd4f4ac1220a1db81f53,2026-10-04T17:00:00Z,Baltimore Ravens,Tennessee Titans,draftkings,player_reception_yds,Tony Pollard,Under,9.5,-115,2026-10-04T04:54:04Z
20261004T045441Z,f01589b0e7e6dd4f4ac1220a1db81f53,2026-10-04T17:00:00Z,Baltimore Ravens,Tennessee Titans,draftkings,player_reception_yds,Chris Moore,Over,7.5,-113,2026-10-04T04:54:04Z
20261004T045441Z,f01589b0e7e6dd4f4ac1220a1db81f53,2026-10-04T17:00:00Z,Baltimore Ravens,Tennessee Titans,draftkings,player_reception_yds,Chris Moore,Under,7.5,-111,2026-10-04T04:54:04Z
20261004T045441Z,f01589b0e7e6dd4f4ac1220a1db81f53,2026-10-04T17:00:00Z,Baltimore Ravens,Tennessee Titans,draftkings,player_reception_yds,Calvin Ridley,Over,7.5,-111,2026-10-04T04:54:04Z
20261004T045441Z,f01589b0e7e6dd4f4ac1220a1db81f53,2026-10-04T17:00:00Z,Baltimore Ravens,Tennessee Titans,draftkings,player_reception_yds,Calvin Ridley,Under,7.5,-113,2026-10-04T04:54:04Z
20261004T045441Z,f01589b0e7e6dd4f4ac1220a1db81f53,2026-10-04T17:00:00Z,Baltimore Ravens,Tennessee Titans,draftkings,player_reception_yds,Derrick Henry,Over,7.5,-111,2026-10-04T04:54:04Z
20261004T045441Z,f01589b0e7e6dd4f4ac1220a1db81f53,2026-10-04T17:00:00Z,Baltimore Ravens,Tennessee Titans,draftkings,player_reception_yds,Derrick Henry,Under,7.5,-113,2026-10-04T04:54:04Z
20261004T045441Z,f01589b0e7e6dd4f4ac1220a1db81f53,2026-10-04T17:00:00Z,Baltimore Ravens,Tennessee Titans,draftkings,player_receptions,Zay Flowers,Over,5.5,122,2026-10-04T04:54:04Z
20261004T045441Z,f01589b0e7e6dd4f4ac1220a1db81f53,2026-10-04T17:00:00Z,Baltimore Ravens,Tennessee Titans,draftkings,player_receptions,Zay Flowers,Under,5.5,-156,2026-10-04T04:54:04Z
20261004T045441Z,f01589b0e7e6dd4f4ac1220a1db81f53,2026-10-04T17:00:00Z,Baltimore Ravens,Tennessee Titans,draftkings,player_receptions,Carnell Tate,Over,4.5,102,2026-10-04T04:54:04Z
20261004T045441Z,f01589b0e7e6dd4f4ac1220a1db81f53,2026-10-04T17:00:00Z,Baltimore Ravens,Tennessee Titans,draftkings,player_receptions,Carnell Tate,Under,4.5,-130,2026-10-04T04:54:04Z
20261004T045441Z,f01589b0e7e6dd4f4ac1220a1db81f53,2026-10-04T17:00:00Z,Baltimore Ravens,Tennessee Titans,draftkings,player_receptions,Wan'Dale Robinson,Over,3.5,-162,2026-10-04T04:54:04Z
20261004T045441Z,f01589b0e7e6dd4f4ac1220a1db81f53,2026-10-04T17:00:00Z,Baltimore Ravens,Tennessee Titans,draftkings,player_receptions,Wan'Dale Robinson,Under,3.5,127,2026-10-04T04:54:04Z
20261004T045441Z,f01589b0e7e6dd4f4ac1220a1db81f53,2026-10-04T17:00:00Z,Baltimore Ravens,Tennessee Titans,draftkings,player_receptions,Mark Andrews,Over,3.5,-155,2026-10-04T04:54:04Z
20261004T045441Z,f01589b0e7e6dd4f4ac1220a1db81f53,2026-10-04T17:00:00Z,Baltimore Ravens,Tennessee Titans,draftkings,player_receptions,Mark Andrews,Under,3.5,121,2026-10-04T04:54:04Z
20261004T045441Z,f01589b0e7e6dd4f4ac1220a1db81f53,2026-10-04T17:00:00Z,Baltimore Ravens,Tennessee Titans,draftkings,player_receptions,Gunnar Helm,Over,2.5,-139,2026-10-04T04:54:04Z
20261004T045441Z,f01589b0e7e6dd4f4ac1220a1db81f53,2026-10-04T17:00:00Z,Baltimore Ravens,Tennessee Titans,draftkings,player_receptions,Gunnar Helm,Under,2.5,109,2026-10-04T04:54:04Z
20261004T045441Z,f01589b0e7e6dd4f4ac1220a1db81f53,2026-10-04T17:00:00Z,Baltimore Ravens,Tennessee Titans,draftkings,player_receptions,Rashod Bateman,Over,2.5,126,2026-10-04T04:54:04Z
20261004T045441Z,f01589b0e7e6dd4f4ac1220a1db81f53,2026-10-04T17:00:00Z,Baltimore Ravens,Tennessee Titans,draftkings,player_receptions,Rashod Bateman,Under,2.5,-161,2026-10-04T04:54:04Z
20261004T045441Z,f01589b0e7e6dd4f4ac1220a1db81f53,2026-10-04T17:00:00Z,Baltimore Ravens,Tennessee Titans,draftkings,player_receptions,Tyjae Spears,Over,2.5,130,2026-10-04T04:54:04Z
20261004T045441Z,f01589b0e7e6dd4f4ac1220a1db81f53,2026-10-04T17:00:00Z,Baltimore Ravens,Tennessee Titans,draftkings,player_receptions,Tyjae Spears,Under,2.5,-167,2026-10-04T04:54:04Z
20261004T045441Z,f01589b0e7e6dd4f4ac1220a1db81f53,2026-10-04T17:00:00Z,Baltimore Ravens,Tennessee Titans,draftkings,player_receptions,Tony Pollard,Over,1.5,-161,2026-10-04T04:54:04Z
20261004T045441Z,f01589b0e7e6dd4f4ac1220a1db81f53,2026-10-04T17:00:00Z,Baltimore Ravens,Tennessee Titans,draftkings,player_receptions,Tony Pollard,Under,1.5,126,2026-10-04T04:54:04Z
20261004T045441Z,f01589b0e7e6dd4f4ac1220a1db81f53,2026-10-04T17:00:00Z,Baltimore Ravens,Tennessee Titans,draftkings,player_receptions,Elic Ayomanor,Over,1.5,-155,2026-10-04T04:54:04Z
20261004T045441Z,f01589b0e7e6dd4f4ac1220a1db81f53,2026-10-04T17:00:00Z,Baltimore Ravens,Tennessee Titans,draftkings,player_receptions,Elic Ayomanor,Under,1.5,121,2026-10-04T04:54:04Z
20261004T045441Z,f01589b0e7e6dd4f4ac1220a1db81f53,2026-10-04T17:00:00Z,Baltimore Ravens,Tennessee Titans,draftkings,player_receptions,Justice Hill,Over,1.5,-123,2026-10-04T04:54:04Z
20261004T045441Z,f01589b0e7e6dd4f4ac1220a1db81f53,2026-10-04T17:00:00Z,Baltimore Ravens,Tennessee Titans,draftkings,player_receptions,Justice Hill,Under,1.5,-103,2026-10-04T04:54:04Z
20261004T045441Z,f01589b0e7e6dd4f4ac1220a1db81f53,2026-10-04T17:00:00Z,Baltimore Ravens,Tennessee Titans,draftkings,player_receptions,Derrick Henry,Over,1.5,147,2026-10-04T04:54:04Z
20261004T045441Z,f01589b0e7e6dd4f4ac1220a1db81f53,2026-10-04T17:00:00Z,Baltimore Ravens,Tennessee Titans,draftkings,player_receptions,Derrick Henry,Under,1.5,-189,2026-10-04T04:54:04Z
20261004T045441Z,f01589b0e7e6dd4f4ac1220a1db81f53,2026-10-04T17:00:00Z,Baltimore Ravens,Tennessee Titans,draftkings,player_receptions,Calvin Ridley,Over,0.5,-239,2026-10-04T04:54:04Z
20261004T045441Z,f01589b0e7e6dd4f4ac1220a1db81f53,2026-10-04T17:00:00Z,Baltimore Ravens,Tennessee Titans,draftkings,player_receptions,Calvin Ridley,Under,0.5,184,2026-10-04T04:54:04Z
20261004T045441Z,f01589b0e7e6dd4f4ac1220a1db81f53,2026-10-04T17:00:00Z,Baltimore Ravens,Tennessee Titans,draftkings,player_receptions,Chris Moore,Over,0.5,-126,2026-10-04T04:54:04Z
20261004T045441Z,f01589b0e7e6dd4f4ac1220a1db81f53,2026-10-04T17:00:00Z,Baltimore Ravens,Tennessee Titans,draftkings,player_receptions,Chris Moore,Under,0.5,-101,2026-10-04T04:54:04Z
20261004T045441Z,f01589b0e7e6dd4f4ac1220a1db81f53,2026-10-04T17:00:00Z,Baltimore Ravens,Tennessee Titans,draftkings,player_rush_yds,Derrick Henry,Over,98.5,-114,2026-10-04T04:54:04Z
20261004T045441Z,f01589b0e7e6dd4f4ac1220a1db81f53,2026-10-04T17:00:00Z,Baltimore Ravens,Tennessee Titans,draftkings,player_rush_yds,Derrick Henry,Under,98.5,-110,2026-10-04T04:54:04Z
20261004T045441Z,f01589b0e7e6dd4f4ac1220a1db81f53,2026-10-04T17:00:00Z,Baltimore Ravens,Tennessee Titans,draftkings,player_rush_yds,Tony Pollard,Over,50.5,-112,2026-10-04T04:54:04Z
20261004T045441Z,f01589b0e7e6dd4f4ac1220a1db81f53,2026-10-04T17:00:00Z,Baltimore Ravens,Tennessee Titans,draftkings,player_rush_yds,Tony Pollard,Under,50.5,-112,2026-10-04T04:54:04Z
20261004T045441Z,f01589b0e7e6dd4f4ac1220a1db81f53,2026-10-04T17:00:00Z,Baltimore Ravens,Tennessee Titans,draftkings,player_rush_yds,Lamar Jackson,Over,31.5,-108,2026-10-04T04:54:04Z
20261004T045441Z,f01589b0e7e6dd4f4ac1220a1db81f53,2026-10-04T17:00:00Z,Baltimore Ravens,Tennessee Titans,draftkings,player_rush_yds,Lamar Jackson,Under,31.5,-116,2026-10-04T04:54:04Z
20261004T045441Z,f01589b0e7e6dd4f4ac1220a1db81f53,2026-10-04T17:00:00Z,Baltimore Ravens,Tennessee Titans,draftkings,player_rush_yds,Justice Hill,Over,17.5,-112,2026-10-04T04:54:04Z
20261004T045441Z,f01589b0e7e6dd4f4ac1220a1db81f53,2026-10-04T17:00:00Z,Baltimore Ravens,Tennessee Titans,draftkings,player_rush_yds,Justice Hill,Under,17.5,-112,2026-10-04T04:54:04Z
20261004T045441Z,f01589b0e7e6dd4f4ac1220a1db81f53,2026-10-04T17:00:00Z,Baltimore Ravens,Tennessee Titans,draftkings,player_rush_yds,Tyjae Spears,Over,14.5,-105,2026-10-04T04:54:04Z
20261004T045441Z,f01589b0e7e6dd4f4ac1220a1db81f53,2026-10-04T17:00:00Z,Baltimore Ravens,Tennessee Titans,draftkings,player_rush_yds,Tyjae Spears,Under,14.5,-119,2026-10-04T04:54:04Z
20261004T045441Z,f01589b0e7e6dd4f4ac1220a1db81f53,2026-10-04T17:00:00Z,Baltimore Ravens,Tennessee Titans,draftkings,player_rush_yds,Cam Ward,Over,9.5,-114,2026-10-04T04:54:04Z
20261004T045441Z,f01589b0e7e6dd4f4ac1220a1db81f53,2026-10-04T17:00:00Z,Baltimore Ravens,Tennessee Titans,draftkings,player_rush_yds,Cam Ward,Under,9.5,-110,2026-10-04T04:54:04Z
20261004T045441Z,f01589b0e7e6dd4f4ac1220a1db81f53,2026-10-04T17:00:00Z,Baltimore Ravens,Tennessee Titans,fanduel,player_pass_yds,Lamar Jackson,Over,213.5,-113,2026-10-04T04:54:39Z
20261004T045441Z,f01589b0e7e6dd4f4ac1220a1db81f53,2026-10-04T17:00:00Z,Baltimore Ravens,Tennessee Titans,fanduel,player_pass_yds,Lamar Jackson,Under,213.5,-113,2026-10-04T04:54:39Z
20261004T045441Z,f01589b0e7e6dd4f4ac1220a1db81f53,2026-10-04T17:00:00Z,Baltimore Ravens,Tennessee Titans,fanduel,player_pass_yds,Cam Ward,Over,187.5,-113,2026-10-04T04:54:39Z
20261004T045441Z,f01589b0e7e6dd4f4ac1220a1db81f53,2026-10-04T17:00:00Z,Baltimore Ravens,Tennessee Titans,fanduel,player_pass_yds,Cam Ward,Under,187.5,-113,2026-10-04T04:54:39Z
20261004T045441Z,f01589b0e7e6dd4f4ac1220a1db81f53,2026-10-04T17:00:00Z,Baltimore Ravens,Tennessee Titans,fanduel,player_reception_yds,Derrick Henry,Over,7.5,-113,2026-10-04T04:54:39Z
20261004T045441Z,f01589b0e7e6dd4f4ac1220a1db81f53,2026-10-04T17:00:00Z,Baltimore Ravens,Tennessee Titans,fanduel,player_reception_yds,Derrick Henry,Under,7.5,-113,2026-10-04T04:54:39Z
20261004T045441Z,f01589b0e7e6dd4f4ac1220a1db81f53,2026-10-04T17:00:00Z,Baltimore Ravens,Tennessee Titans,fanduel,player_reception_yds,Tony Pollard,Over,8.5,-113,2026-10-04T04:54:39Z
20261004T045441Z,f01589b0e7e6dd4f4ac1220a1db81f53,2026-10-04T17:00:00Z,Baltimore Ravens,Tennessee Titans,fanduel,player_reception_yds,Tony Pollard,Under,8.5,-113,2026-10-04T04:54:39Z
20261004T045441Z,f01589b0e7e6dd4f4ac1220a1db81f53,2026-10-04T17:00:00Z,Baltimore Ravens,Tennessee Titans,fanduel,player_reception_yds,Rashod Bateman,Over,26.5,-113,2026-10-04T04:54:39Z
20261004T045441Z,f01589b0e7e6dd4f4ac1220a1db81f53,2026-10-04T17:00:00Z,Baltimore Ravens,Tennessee Titans,fanduel,player_reception_yds,Rashod Bateman,Under,26.5,-113,2026-10-04T04:54:39Z
20261004T045441Z,f01589b0e7e6dd4f4ac1220a1db81f53,2026-10-04T17:00:00Z,Baltimore Ravens,Tennessee Titans,fanduel,player_reception_yds,Zay Flowers,Over,71.5,-113,2026-10-04T04:54:39Z
20261004T045441Z,f01589b0e7e6dd4f4ac1220a1db81f53,2026-10-04T17:00:00Z,Baltimore Ravens,Tennessee Titans,fanduel,player_reception_yds,Zay Flowers,Under,71.5,-113,2026-10-04T04:54:39Z
20261004T045441Z,f01589b0e7e6dd4f4ac1220a1db81f53,2026-10-04T17:00:00Z,Baltimore Ravens,Tennessee Titans,fanduel,player_reception_yds,Carnell Tate,Over,43.5,-113,2026-10-04T04:54:39Z
20261004T045441Z,f01589b0e7e6dd4f4ac1220a1db81f53,2026-10-04T17:00:00Z,Baltimore Ravens,Tennessee Titans,fanduel,player_reception_yds,Carnell Tate,Under,43.5,-113,2026-10-04T04:54:39Z
20261004T045441Z,f01589b0e7e6dd4f4ac1220a1db81f53,2026-10-04T17:00:00Z,Baltimore Ravens,Tennessee Titans,fanduel,player_reception_yds,Gunnar Helm,Over,18.5,-113,2026-10-04T04:54:39Z
20261004T045441Z,f01589b0e7e6dd4f4ac1220a1db81f53,2026-10-04T17:00:00Z,Baltimore Ravens,Tennessee Titans,fanduel,player_reception_yds,Gunnar Helm,Under,18.5,-113,2026-10-04T04:54:39Z
20261004T045441Z,f01589b0e7e6dd4f4ac1220a1db81f53,2026-10-04T17:00:00Z,Baltimore Ravens,Tennessee Titans,fanduel,player_reception_yds,Chris Moore,Over,8.5,-113,2026-10-04T04:54:39Z
20261004T045441Z,f01589b0e7e6dd4f4ac1220a1db81f53,2026-10-04T17:00:00Z,Baltimore Ravens,Tennessee Titans,fanduel,player_reception_yds,Chris Moore,Under,8.5,-113,2026-10-04T04:54:39Z
20261004T045441Z,f01589b0e7e6dd4f4ac1220a1db81f53,2026-10-04T17:00:00Z,Baltimore Ravens,Tennessee Titans,fanduel,player_reception_yds,Justice Hill,Over,11.5,-113,2026-10-04T04:54:39Z
20261004T045441Z,f01589b0e7e6dd4f4ac1220a1db81f53,2026-10-04T17:00:00Z,Baltimore Ravens,Tennessee Titans,fanduel,player_reception_yds,Justice Hill,Under,11.5,-113,2026-10-04T04:54:39Z
20261004T045441Z,f01589b0e7e6dd4f4ac1220a1db81f53,2026-10-04T17:00:00Z,Baltimore Ravens,Tennessee Titans,fanduel,player_reception_yds,Tyjae Spears,Over,12.5,-113,2026-10-04T04:54:39Z
20261004T045441Z,f01589b0e7e6dd4f4ac1220a1db81f53,2026-10-04T17:00:00Z,Baltimore Ravens,Tennessee Titans,fanduel,player_reception_yds,Tyjae Spears,Under,12.5,-113,2026-10-04T04:54:39Z
20261004T045441Z,f01589b0e7e6dd4f4ac1220a1db81f53,2026-10-04T17:00:00Z,Baltimore Ravens,Tennessee Titans,fanduel,player_reception_yds,Wan'Dale Robinson,Over,37.5,-113,2026-10-04T04:54:39Z
20261004T045441Z,f01589b0e7e6dd4f4ac1220a1db81f53,2026-10-04T17:00:00Z,Baltimore Ravens,Tennessee Titans,fanduel,player_reception_yds,Wan'Dale Robinson,Under,37.5,-113,2026-10-04T04:54:39Z
20261004T045441Z,f01589b0e7e6dd4f4ac1220a1db81f53,2026-10-04T17:00:00Z,Baltimore Ravens,Tennessee Titans,fanduel,player_reception_yds,Mark Andrews,Over,37.5,-113,2026-10-04T04:54:39Z
20261004T045441Z,f01589b0e7e6dd4f4ac1220a1db81f53,2026-10-04T17:00:00Z,Baltimore Ravens,Tennessee Titans,fanduel,player_reception_yds,Mark Andrews,Under,37.5,-113,2026-10-04T04:54:39Z
20261004T045441Z,f01589b0e7e6dd4f4ac1220a1db81f53,2026-10-04T17:00:00Z,Baltimore Ravens,Tennessee Titans,fanduel,player_reception_yds,Elic Ayomanor,Over,19.5,-113,2026-10-04T04:54:39Z
20261004T045441Z,f01589b0e7e6dd4f4ac1220a1db81f53,2026-10-04T17:00:00Z,Baltimore Ravens,Tennessee Titans,fanduel,player_reception_yds,Elic Ayomanor,Under,19.5,-113,2026-10-04T04:54:39Z
20261004T045441Z,f01589b0e7e6dd4f4ac1220a1db81f53,2026-10-04T17:00:00Z,Baltimore Ravens,Tennessee Titans,fanduel,player_reception_yds,Calvin Ridley,Over,5.5,-113,2026-10-04T04:54:39Z
20261004T045441Z,f01589b0e7e6dd4f4ac1220a1db81f53,2026-10-04T17:00:00Z,Baltimore Ravens,Tennessee Titans,fanduel,player_reception_yds,Calvin Ridley,Under,5.5,-113,2026-10-04T04:54:39Z
20261004T045441Z,f01589b0e7e6dd4f4ac1220a1db81f53,2026-10-04T17:00:00Z,Baltimore Ravens,Tennessee Titans,fanduel,player_receptions,Elic Ayomanor,Over,1.5,-154,2026-10-04T04:54:39Z
20261004T045441Z,f01589b0e7e6dd4f4ac1220a1db81f53,2026-10-04T17:00:00Z,Baltimore Ravens,Tennessee Titans,fanduel,player_receptions,Elic Ayomanor,Under,1.5,116,2026-10-04T04:54:39Z
20261004T045441Z,f01589b0e7e6dd4f4ac1220a1db81f53,2026-10-04T17:00:00Z,Baltimore Ravens,Tennessee Titans,fanduel,player_receptions,Mark Andrews,Over,3.5,-166,2026-10-04T04:54:39Z
20261004T045441Z,f01589b0e7e6dd4f4ac1220a1db81f53,2026-10-04T17:00:00Z,Baltimore Ravens,Tennessee Titans,fanduel,player_receptions,Mark Andrews,Under,3.5,124,2026-10-04T04:54:39Z
20261004T045441Z,f01589b0e7e6dd4f4ac1220a1db81f53,2026-10-04T17:00:00Z,Baltimore Ravens,Tennessee Titans,fanduel,player_receptions,Zay Flowers,Over,5.5,112,2026-10-04T04:54:39Z
20261004T045441Z,f01589b0e7e6dd4f4ac1220a1db81f53,2026-10-04T17:00:00Z,Baltimore Ravens,Tennessee Titans,fanduel,player_receptions,Zay Flowers,Under,5.5,-148,2026-10-04T04:54:39Z
20261004T045441Z,f01589b0e7e6dd4f4ac1220a1db81f53,2026-10-04T17:00:00Z,Baltimore Ravens,Tennessee Titans,fanduel,player_receptions,Gunnar Helm,Over,2.5,-148,2026-10-04T04:54:39Z
20261004T045441Z,f01589b0e7e6dd4f4ac1220a1db81f53,2026-10-04T17:00:00Z,Baltimore Ravens,Tennessee Titans,fanduel,player_receptions,Gunnar Helm,Under,2.5,112,2026-10-04T04:54:39Z
20261004T045441Z,f01589b0e7e6dd4f4ac1220a1db81f53,2026-10-04T17:00:00Z,Baltimore Ravens,Tennessee Titans,fanduel,player_receptions,Derrick Henry,Over,1.5,154,2026-10-04T04:54:39Z
20261004T045441Z,f01589b0e7e6dd4f4ac1220a1db81f53,2026-10-04T17:00:00Z,Baltimore Ravens,Tennessee Titans,fanduel,player_receptions,Derrick Henry,Under,1.5,-210,2026-10-04T04:54:39Z
20261004T045441Z,f01589b0e7e6dd4f4ac1220a1db81f53,2026-10-04T17:00:00Z,Baltimore Ravens,Tennessee Titans,fanduel,player_receptions,Tony Pollard,Over,1.5,-158,2026-10-04T04:54:39Z
20261004T045441Z,f01589b0e7e6dd4f4ac1220a1db81f53,2026-10-04T17:00:00Z,Baltimore Ravens,Tennessee Titans,fanduel,player_receptions,Tony Pollard,Under,1.5,118,2026-10-04T04:54:39Z
20261004T045441Z,f01589b0e7e6dd4f4ac1220a1db81f53,2026-10-04T17:00:00Z,Baltimore Ravens,Tennessee Titans,fanduel,player_receptions,Justice Hill,Over,1.5,-122,2026-10-04T04:54:39Z
20261004T045441Z,f01589b0e7e6dd4f4ac1220a1db81f53,2026-10-04T17:00:00Z,Baltimore Ravens,Tennessee Titans,fanduel,player_receptions,Justice Hill,Under,1.5,-108,2026-10-04T04:54:39Z
20261004T045441Z,f01589b0e7e6dd4f4ac1220a1db81f53,2026-10-04T17:00:00Z,Baltimore Ravens,Tennessee Titans,fanduel,player_receptions,Wan'Dale Robinson,Over,3.5,-172,2026-10-04T04:54:39Z
20261004T045441Z,f01589b0e7e6dd4f4ac1220a1db81f53,2026-10-04T17:00:00Z,Baltimore Ravens,Tennessee Titans,fanduel,player_receptions,Wan'Dale Robinson,Under,3.5,128,2026-10-04T04:54:39Z
20261004T045441Z,f01589b0e7e6dd4f4ac1220a1db81f53,2026-10-04T17:00:00Z,Baltimore Ravens,Tennessee Titans,fanduel,player_receptions,Chris Moore,Over,0.5,-148,2026-10-04T04:54:39Z
20261004T045441Z,f01589b0e7e6dd4f4ac1220a1db81f53,2026-10-04T17:00:00Z,Baltimore Ravens,Tennessee Titans,fanduel,player_receptions,Chris Moore,Under,0.5,112,2026-10-04T04:54:39Z
20261004T045441Z,f01589b0e7e6dd4f4ac1220a1db81f53,2026-10-04T17:00:00Z,Baltimore Ravens,Tennessee Titans,fanduel,player_receptions,Tyjae Spears,Over,2.5,120,2026-10-04T04:54:39Z
20261004T045441Z,f01589b0e7e6dd4f4ac1220a1db81f53,2026-10-04T17:00:00Z,Baltimore Ravens,Tennessee Titans,fanduel,player_receptions,Tyjae Spears,Under,2.5,-160,2026-10-04T04:54:39Z
20261004T045441Z,f01589b0e7e6dd4f4ac1220a1db81f53,2026-10-04T17:00:00Z,Baltimore Ravens,Tennessee Titans,fanduel,player_receptions,Rashod Bateman,Over,2.5,134,2026-10-04T04:54:39Z
20261004T045441Z,f01589b0e7e6dd4f4ac1220a1db81f53,2026-10-04T17:00:00Z,Baltimore Ravens,Tennessee Titans,fanduel,player_receptions,Rashod Bateman,Under,2.5,-180,2026-10-04T04:54:39Z
20261004T045441Z,f01589b0e7e6dd4f4ac1220a1db81f53,2026-10-04T17:00:00Z,Baltimore Ravens,Tennessee Titans,fanduel,player_receptions,Carnell Tate,Over,4.5,102,2026-10-04T04:54:39Z
20261004T045441Z,f01589b0e7e6dd4f4ac1220a1db81f53,2026-10-04T17:00:00Z,Baltimore Ravens,Tennessee Titans,fanduel,player_receptions,Carnell Tate,Under,4.5,-136,2026-10-04T04:54:39Z
20261004T045441Z,f01589b0e7e6dd4f4ac1220a1db81f53,2026-10-04T17:00:00Z,Baltimore Ravens,Tennessee Titans,fanduel,player_receptions,Calvin Ridley,Over,1.5,182,2026-10-04T04:54:39Z
20261004T045441Z,f01589b0e7e6dd4f4ac1220a1db81f53,2026-10-04T17:00:00Z,Baltimore Ravens,Tennessee Titans,fanduel,player_receptions,Calvin Ridley,Under,1.5,-250,2026-10-04T04:54:39Z
20261004T045441Z,f01589b0e7e6dd4f4ac1220a1db81f53,2026-10-04T17:00:00Z,Baltimore Ravens,Tennessee Titans,fanduel,player_rush_yds,Lamar Jackson,Over,31.5,-113,2026-10-04T04:54:39Z
20261004T045441Z,f01589b0e7e6dd4f4ac1220a1db81f53,2026-10-04T17:00:00Z,Baltimore Ravens,Tennessee Titans,fanduel,player_rush_yds,Lamar Jackson,Under,31.5,-113,2026-10-04T04:54:39Z
20261004T045441Z,f01589b0e7e6dd4f4ac1220a1db81f53,2026-10-04T17:00:00Z,Baltimore Ravens,Tennessee Titans,fanduel,player_rush_yds,Tony Pollard,Over,48.5,-113,2026-10-04T04:54:39Z
20261004T045441Z,f01589b0e7e6dd4f4ac1220a1db81f53,2026-10-04T17:00:00Z,Baltimore Ravens,Tennessee Titans,fanduel,player_rush_yds,Tony Pollard,Under,48.5,-113,2026-10-04T04:54:39Z
20261004T045441Z,f01589b0e7e6dd4f4ac1220a1db81f53,2026-10-04T17:00:00Z,Baltimore Ravens,Tennessee Titans,fanduel,player_rush_yds,Tyjae Spears,Over,14.5,-113,2026-10-04T04:54:39Z
20261004T045441Z,f01589b0e7e6dd4f4ac1220a1db81f53,2026-10-04T17:00:00Z,Baltimore Ravens,Tennessee Titans,fanduel,player_rush_yds,Tyjae Spears,Under,14.5,-113,2026-10-04T04:54:39Z
20261004T045441Z,f01589b0e7e6dd4f4ac1220a1db81f53,2026-10-04T17:00:00Z,Baltimore Ravens,Tennessee Titans,fanduel,player_rush_yds,Derrick Henry,Over,97.5,-113,2026-10-04T04:54:39Z
20261004T045441Z,f01589b0e7e6dd4f4ac1220a1db81f53,2026-10-04T17:00:00Z,Baltimore Ravens,Tennessee Titans,fanduel,player_rush_yds,Derrick Henry,Under,97.5,-113,2026-10-04T04:54:39Z
20261004T045441Z,f01589b0e7e6dd4f4ac1220a1db81f53,2026-10-04T17:00:00Z,Baltimore Ravens,Tennessee Titans,fanduel,player_rush_yds,Justice Hill,Over,16.5,-113,2026-10-04T04:54:39Z
20261004T045441Z,f01589b0e7e6dd4f4ac1220a1db81f53,2026-10-04T17:00:00Z,Baltimore Ravens,Tennessee Titans,fanduel,player_rush_yds,Justice Hill,Under,16.5,-113,2026-10-04T04:54:39Z
20261004T045441Z,f01589b0e7e6dd4f4ac1220a1db81f53,2026-10-04T17:00:00Z,Baltimore Ravens,Tennessee Titans,fanduel,player_rush_yds,Cam Ward,Over,10.5,-113,2026-10-04T04:54:39Z
20261004T045441Z,f01589b0e7e6dd4f4ac1220a1db81f53,2026-10-04T17:00:00Z,Baltimore Ravens,Tennessee Titans,fanduel,player_rush_yds,Cam Ward,Under,10.5,-113,2026-10-04T04:54:39Z
20261004T045441Z,f01589b0e7e6dd4f4ac1220a1db81f53,2026-10-04T17:00:00Z,Baltimore Ravens,Tennessee Titans,betonlineag,player_pass_yds,Cam Ward,Over,187.5,-115,2026-10-04T04:54:00Z
20261004T045441Z,f01589b0e7e6dd4f4ac1220a1db81f53,2026-10-04T17:00:00Z,Baltimore Ravens,Tennessee Titans,betonlineag,player_pass_yds,Cam Ward,Under,187.5,-112,2026-10-04T04:54:00Z
20261004T045441Z,f01589b0e7e6dd4f4ac1220a1db81f53,2026-10-04T17:00:00Z,Baltimore Ravens,Tennessee Titans,betonlineag,player_pass_yds,Lamar Jackson,Over,216.5,-114,2026-10-04T04:54:00Z
20261004T045441Z,f01589b0e7e6dd4f4ac1220a1db81f53,2026-10-04T17:00:00Z,Baltimore Ravens,Tennessee Titans,betonlineag,player_pass_yds,Lamar Jackson,Under,216.5,-114,2026-10-04T04:54:00Z
20261004T045441Z,f01589b0e7e6dd4f4ac1220a1db81f53,2026-10-04T17:00:00Z,Baltimore Ravens,Tennessee Titans,betonlineag,player_reception_yds,Derrick Henry,Over,7.5,-112,2026-10-04T04:54:00Z
20261004T045441Z,f01589b0e7e6dd4f4ac1220a1db81f53,2026-10-04T17:00:00Z,Baltimore Ravens,Tennessee Titans,betonlineag,player_reception_yds,Derrick Henry,Under,7.5,-115,2026-10-04T04:54:00Z
20261004T045441Z,f01589b0e7e6dd4f4ac1220a1db81f53,2026-10-04T17:00:00Z,Baltimore Ravens,Tennessee Titans,betonlineag,player_reception_yds,Gunnar Helm,Over,19.5,-118,2026-10-04T04:54:00Z
20261004T045441Z,f01589b0e7e6dd4f4ac1220a1db81f53,2026-10-04T17:00:00Z,Baltimore Ravens,Tennessee Titans,betonlineag,player_reception_yds,Gunnar Helm,Under,19.5,-110,2026-10-04T04:54:00Z
20261004T045441Z,f01589b0e7e6dd4f4ac1220a1db81f53,2026-10-04T17:00:00Z,Baltimore Ravens,Tennessee Titans,betonlineag,player_reception_yds,Wan'Dale Robinson,Over,37.5,-115,2026-10-04T04:54:00Z
20261004T045441Z,f01589b0e7e6dd4f4ac1220a1db81f53,2026-10-04T17:00:00Z,Baltimore Ravens,Tennessee Titans,betonlineag,player_reception_yds,Wan'Dale Robinson,Under,37.5,-112,2026-10-04T04:54:00Z
20261004T045441Z,f01589b0e7e6dd4f4ac1220a1db81f53,2026-10-04T17:00:00Z,Baltimore Ravens,Tennessee Titans,betonlineag,player_reception_yds,Tony Pollard,Over,8.5,-118,2026-10-04T04:54:00Z
20261004T045441Z,f01589b0e7e6dd4f4ac1220a1db81f53,2026-10-04T17:00:00Z,Baltimore Ravens,Tennessee Titans,betonlineag,player_reception_yds,Tony Pollard,Under,8.5,-110,2026-10-04T04:54:00Z
20261004T045441Z,f01589b0e7e6dd4f4ac1220a1db81f53,2026-10-04T17:00:00Z,Baltimore Ravens,Tennessee Titans,betonlineag,player_reception_yds,Carnell Tate,Over,43.5,-114,2026-10-04T04:54:00Z
20261004T045441Z,f01589b0e7e6dd4f4ac1220a1db81f53,2026-10-04T17:00:00Z,Baltimore Ravens,Tennessee Titans,betonlineag,player_reception_yds,Carnell Tate,Under,43.5,-114,2026-10-04T04:54:00Z
20261004T045441Z,f01589b0e7e6dd4f4ac1220a1db81f53,2026-10-04T17:00:00Z,Baltimore Ravens,Tennessee Titans,betonlineag,player_reception_yds,Calvin Ridley,Over,7.5,-116,2026-10-04T04:54:00Z
20261004T045441Z,f01589b0e7e6dd4f4ac1220a1db81f53,2026-10-04T17:00:00Z,Baltimore Ravens,Tennessee Titans,betonlineag,player_reception_yds,Calvin Ridley,Under,7.5,-111,2026-10-04T04:54:00Z
20261004T045441Z,f01589b0e7e6dd4f4ac1220a1db81f53,2026-10-04T17:00:00Z,Baltimore Ravens,Tennessee Titans,betonlineag,player_reception_yds,Mark Andrews,Over,36.5,-114,2026-10-04T04:54:00Z
20261004T045441Z,f01589b0e7e6dd4f4ac1220a1db81f53,2026-10-04T17:00:00Z,Baltimore Ravens,Tennessee Titans,betonlineag,player_reception_yds,Mark Andrews,Under,36.5,-114,2026-10-04T04:54:00Z
20261004T045441Z,f01589b0e7e6dd4f4ac1220a1db81f53,2026-10-04T17:00:00Z,Baltimore Ravens,Tennessee Titans,betonlineag,player_reception_yds,Elic Ayomanor,Over,19.5,-114,2026-10-04T04:54:00Z
20261004T045441Z,f01589b0e7e6dd4f4ac1220a1db81f53,2026-10-04T17:00:00Z,Baltimore Ravens,Tennessee Titans,betonlineag,player_reception_yds,Elic Ayomanor,Under,19.5,-114,2026-10-04T04:54:00Z
20261004T045441Z,f01589b0e7e6dd4f4ac1220a1db81f53,2026-10-04T17:00:00Z,Baltimore Ravens,Tennessee Titans,betonlineag,player_reception_yds,Zay Flowers,Over,72.5,-114,2026-10-04T04:54:00Z
20261004T045441Z,f01589b0e7e6dd4f4ac1220a1db81f53,2026-10-04T17:00:00Z,Baltimore Ravens,Tennessee Titans,betonlineag,player_reception_yds,Zay Flowers,Under,72.5,-114,2026-10-04T04:54:00Z
20261004T045441Z,f01589b0e7e6dd4f4ac1220a1db81f53,2026-10-04T17:00:00Z,Baltimore Ravens,Tennessee Titans,betonlineag,player_reception_yds,Tyjae Spears,Over,12.5,-118,2026-10-04T04:54:00Z
20261004T045441Z,f01589b0e7e6dd4f4ac1220a1db81f53,2026-10-04T17:00:00Z,Baltimore Ravens,Tennessee Titans,betonlineag,player_reception_yds,Tyjae Spears,Under,12.5,-110,2026-10-04T04:54:00Z
20261004T045441Z,f01589b0e7e6dd4f4ac1220a1db81f53,2026-10-04T17:00:00Z,Baltimore Ravens,Tennessee Titans,betonlineag,player_reception_yds,Justice Hill,Over,11.5,-114,2026-10-04T04:54:00Z
20261004T045441Z,f01589b0e7e6dd4f4ac1220a1db81f53,2026-10-04T17:00:00Z,Baltimore Ravens,Tennessee Titans,betonlineag,player_reception_yds,Justice Hill,Under,11.5,-114,2026-10-04T04:54:00Z
20261004T045441Z,f01589b0e7e6dd4f4ac1220a1db81f53,2026-10-04T17:00:00Z,Baltimore Ravens,Tennessee Titans,betonlineag,player_reception_yds,Rashod Bateman,Over,26.5,-115,2026-10-04T04:54:00Z
20261004T045441Z,f01589b0e7e6dd4f4ac1220a1db81f53,2026-10-04T17:00:00Z,Baltimore Ravens,Tennessee Titans,betonlineag,player_reception_yds,Rashod Bateman,Under,26.5,-112,2026-10-04T04:54:00Z
20261004T045441Z,f01589b0e7e6dd4f4ac1220a1db81f53,2026-10-04T17:00:00Z,Baltimore Ravens,Tennessee Titans,betonlineag,player_receptions,Gunnar Helm,Over,2.5,-130,2026-10-04T04:54:00Z
20261004T045441Z,f01589b0e7e6dd4f4ac1220a1db81f53,2026-10-04T17:00:00Z,Baltimore Ravens,Tennessee Titans,betonlineag,player_receptions,Gunnar Helm,Under,2.5,100,2026-10-04T04:54:00Z
20261004T045441Z,f01589b0e7e6dd4f4ac1220a1db81f53,2026-10-04T17:00:00Z,Baltimore Ravens,Tennessee Titans,betonlineag,player_receptions,Elic Ayomanor,Over,1.5,-154,2026-10-04T04:54:00Z
20261004T045441Z,f01589b0e7e6dd4f4ac1220a1db81f53,2026-10-04T17:00:00Z,Baltimore Ravens,Tennessee Titans,betonlineag,player_receptions,Elic Ayomanor,Under,1.5,118,2026-10-04T04:54:00Z
20261004T045441Z,f01589b0e7e6dd4f4ac1220a1db81f53,2026-10-04T17:00:00Z,Baltimore Ravens,Tennessee Titans,betonlineag,player_receptions,Zay Flowers,Over,5.5,128,2026-10-04T04:54:00Z
20261004T045441Z,f01589b0e7e6dd4f4ac1220a1db81f53,2026-10-04T17:00:00Z,Baltimore Ravens,Tennessee Titans,betonlineag,player_receptions,Zay Flowers,Under,5.5,-167,2026-10-04T04:54:00Z
20261004T045441Z,f01589b0e7e6dd4f4ac1220a1db81f53,2026-10-04T17:00:00Z,Baltimore Ravens,Tennessee Titans,betonlineag,player_receptions,Rashod Bateman,Over,2.5,115,2026-10-04T04:54:00Z
20261004T045441Z,f01589b0e7e6dd4f4ac1220a1db81f53,2026-10-04T17:00:00Z,Baltimore Ravens,Tennessee Titans,betonlineag,player_receptions,Rashod Bateman,Under,2.5,-149,2026-10-04T04:54:00Z
20261004T045441Z,f01589b0e7e6dd4f4ac1220a1db81f53,2026-10-04T17:00:00Z,Baltimore Ravens,Tennessee Titans,betonlineag,player_receptions,Wan'Dale Robinson,Over,3.5,-164,2026-10-04T04:54:00Z
20261004T045441Z,f01589b0e7e6dd4f4ac1220a1db81f53,2026-10-04T17:00:00Z,Baltimore Ravens,Tennessee Titans,betonlineag,player_receptions,Wan'Dale Robinson,Under,3.5,125,2026-10-04T04:54:00Z
20261004T045441Z,f01589b0e7e6dd4f4ac1220a1db81f53,2026-10-04T17:00:00Z,Baltimore Ravens,Tennessee Titans,betonlineag,player_receptions,Carnell Tate,Over,4.5,103,2026-10-04T04:54:00Z
20261004T045441Z,f01589b0e7e6dd4f4ac1220a1db81f53,2026-10-04T17:00:00Z,Baltimore Ravens,Tennessee Titans,betonlineag,player_receptions,Carnell Tate,Under,4.5,-133,2026-10-04T04:54:00Z
20261004T045441Z,f01589b0e7e6dd4f4ac1220a1db81f53,2026-10-04T17:00:00Z,Baltimore Ravens,Tennessee Titans,betonlineag,player_receptions,Mark Andrews,Over,3.5,-143,2026-10-04T04:54:00Z
20261004T045441Z,f01589b0e7e6dd4f4ac1220a1db81f53,2026-10-04T17:00:00Z,Baltimore Ravens,Tennessee Titans,betonlineag,player_receptions,Mark Andrews,Under,3.5,110,2026-10-04T04:54:00Z
20261004T045441Z,f01589b0e7e6dd4f4ac1220a1db81f53,2026-10-04T17:00:00Z,Baltimore Ravens,Tennessee Titans,betonlineag,player_receptions,Calvin Ridley,Over,1.5,186,2026-10-04T04:54:00Z
20261004T045441Z,f01589b0e7e6dd4f4ac1220a1db81f53,2026-10-04T17:00:00Z,Baltimore Ravens,Tennessee Titans,betonlineag,player_receptions,Calvin Ridley,Under,1.5,-250,2026-10-04T04:54:00Z
20261004T045441Z,f01589b0e7e6dd4f4ac1220a1db81f53,2026-10-04T17:00:00Z,Baltimore Ravens,Tennessee Titans,betonlineag,player_receptions,Tony Pollard,Over,1.5,-152,2026-10-04T04:54:00Z
20261004T045441Z,f01589b0e7e6dd4f4ac1220a1db81f53,2026-10-04T17:00:00Z,Baltimore Ravens,Tennessee Titans,betonlineag,player_receptions,Tony Pollard,Under,1.5,116,2026-10-04T04:54:00Z
20261004T045441Z,f01589b0e7e6dd4f4ac1220a1db81f53,2026-10-04T17:00:00Z,Baltimore Ravens,Tennessee Titans,betonlineag,player_receptions,Tyjae Spears,Over,2.5,124,2026-10-04T04:54:00Z
20261004T045441Z,f01589b0e7e6dd4f4ac1220a1db81f53,2026-10-04T17:00:00Z,Baltimore Ravens,Tennessee Titans,betonlineag,player_receptions,Tyjae Spears,Under,2.5,-161,2026-10-04T04:54:00Z
20261004T045441Z,f01589b0e7e6dd4f4ac1220a1db81f53,2026-10-04T17:00:00Z,Baltimore Ravens,Tennessee Titans,betonlineag,player_receptions,Justice Hill,Over,1.5,-119,2026-10-04T04:54:00Z
20261004T045441Z,f01589b0e7e6dd4f4ac1220a1db81f53,2026-10-04T17:00:00Z,Baltimore Ravens,Tennessee Titans,betonlineag,player_receptions,Justice Hill,Under,1.5,-109,2026-10-04T04:54:00Z
20261004T045441Z,f01589b0e7e6dd4f4ac1220a1db81f53,2026-10-04T17:00:00Z,Baltimore Ravens,Tennessee Titans,betonlineag,player_receptions,Derrick Henry,Over,1.5,152,2026-10-04T04:54:00Z
20261004T045441Z,f01589b0e7e6dd4f4ac1220a1db81f53,2026-10-04T17:00:00Z,Baltimore Ravens,Tennessee Titans,betonlineag,player_receptions,Derrick Henry,Under,1.5,-200,2026-10-04T04:54:00Z
20261004T045441Z,f01589b0e7e6dd4f4ac1220a1db81f53,2026-10-04T17:00:00Z,Baltimore Ravens,Tennessee Titans,betonlineag,player_rush_yds,Cam Ward,Over,9.5,-116,2026-10-04T04:54:00Z
20261004T045441Z,f01589b0e7e6dd4f4ac1220a1db81f53,2026-10-04T17:00:00Z,Baltimore Ravens,Tennessee Titans,betonlineag,player_rush_yds,Cam Ward,Under,9.5,-111,2026-10-04T04:54:00Z
20261004T045441Z,f01589b0e7e6dd4f4ac1220a1db81f53,2026-10-04T17:00:00Z,Baltimore Ravens,Tennessee Titans,betonlineag,player_rush_yds,Tyjae Spears,Over,14.5,-114,2026-10-04T04:54:00Z
20261004T045441Z,f01589b0e7e6dd4f4ac1220a1db81f53,2026-10-04T17:00:00Z,Baltimore Ravens,Tennessee Titans,betonlineag,player_rush_yds,Tyjae Spears,Under,14.5,-114,2026-10-04T04:54:00Z
20261004T045441Z,f01589b0e7e6dd4f4ac1220a1db81f53,2026-10-04T17:00:00Z,Baltimore Ravens,Tennessee Titans,betonlineag,player_rush_yds,Lamar Jackson,Over,32.5,-114,2026-10-04T04:54:00Z
20261004T045441Z,f01589b0e7e6dd4f4ac1220a1db81f53,2026-10-04T17:00:00Z,Baltimore Ravens,Tennessee Titans,betonlineag,player_rush_yds,Lamar Jackson,Under,32.5,-114,2026-10-04T04:54:00Z
20261004T045441Z,f01589b0e7e6dd4f4ac1220a1db81f53,2026-10-04T17:00:00Z,Baltimore Ravens,Tennessee Titans,betonlineag,player_rush_yds,Derrick Henry,Over,97.5,-114,2026-10-04T04:54:00Z
20261004T045441Z,f01589b0e7e6dd4f4ac1220a1db81f53,2026-10-04T17:00:00Z,Baltimore Ravens,Tennessee Titans,betonlineag,player_rush_yds,Derrick Henry,Under,97.5,-114,2026-10-04T04:54:00Z
20261004T045441Z,f01589b0e7e6dd4f4ac1220a1db81f53,2026-10-04T17:00:00Z,Baltimore Ravens,Tennessee Titans,betonlineag,player_rush_yds,Tony Pollard,Over,48.5,-110,2026-10-04T04:54:00Z
20261004T045441Z,f01589b0e7e6dd4f4ac1220a1db81f53,2026-10-04T17:00:00Z,Baltimore Ravens,Tennessee Titans,betonlineag,player_rush_yds,Tony Pollard,Under,48.5,-118,2026-10-04T04:54:00Z
20261004T045441Z,f01589b0e7e6dd4f4ac1220a1db81f53,2026-10-04T17:00:00Z,Baltimore Ravens,Tennessee Titans,betonlineag,player_rush_yds,Justice Hill,Over,16.5,-114,2026-10-04T04:54:00Z
20261004T045441Z,f01589b0e7e6dd4f4ac1220a1db81f53,2026-10-04T17:00:00Z,Baltimore Ravens,Tennessee Titans,betonlineag,player_rush_yds,Justice Hill,Under,16.5,-114,2026-10-04T04:54:00Z
20261004T045441Z,f01589b0e7e6dd4f4ac1220a1db81f53,2026-10-04T17:00:00Z,Baltimore Ravens,Tennessee Titans,betrivers,player_pass_yds,Cam Ward,Over,182.5,-114,2026-10-04T04:54:05Z
20261004T045441Z,f01589b0e7e6dd4f4ac1220a1db81f53,2026-10-04T17:00:00Z,Baltimore Ravens,Tennessee Titans,betrivers,player_pass_yds,Cam Ward,Under,182.5,-117,2026-10-04T04:54:05Z
20261004T045441Z,f01589b0e7e6dd4f4ac1220a1db81f53,2026-10-04T17:00:00Z,Baltimore Ravens,Tennessee Titans,betrivers,player_pass_yds,Lamar Jackson,Over,209.5,-114,2026-10-04T04:54:05Z
20261004T045441Z,f01589b0e7e6dd4f4ac1220a1db81f53,2026-10-04T17:00:00Z,Baltimore Ravens,Tennessee Titans,betrivers,player_pass_yds,Lamar Jackson,Under,209.5,-117,2026-10-04T04:54:05Z
20261004T045441Z,f01589b0e7e6dd4f4ac1220a1db81f53,2026-10-04T17:00:00Z,Baltimore Ravens,Tennessee Titans,betrivers,player_reception_yds,Chris Moore,Over,6.5,-120,2026-10-04T04:54:05Z
20261004T045441Z,f01589b0e7e6dd4f4ac1220a1db81f53,2026-10-04T17:00:00Z,Baltimore Ravens,Tennessee Titans,betrivers,player_reception_yds,Chris Moore,Under,6.5,-112,2026-10-04T04:54:05Z
20261004T045441Z,f01589b0e7e6dd4f4ac1220a1db81f53,2026-10-04T17:00:00Z,Baltimore Ravens,Tennessee Titans,betrivers,player_reception_yds,Derrick Henry,Over,6.5,-120,2026-10-04T04:54:05Z
20261004T045441Z,f01589b0e7e6dd4f4ac1220a1db81f53,2026-10-04T17:00:00Z,Baltimore Ravens,Tennessee Titans,betrivers,player_reception_yds,Derrick Henry,Under,6.5,-112,2026-10-04T04:54:05Z
20261004T045441Z,f01589b0e7e6dd4f4ac1220a1db81f53,2026-10-04T17:00:00Z,Baltimore Ravens,Tennessee Titans,betrivers,player_reception_yds,Tyjae Spears,Over,12.5,-110,2026-10-04T04:54:05Z
20261004T045441Z,f01589b0e7e6dd4f4ac1220a1db81f53,2026-10-04T17:00:00Z,Baltimore Ravens,Tennessee Titans,betrivers,player_reception_yds,Tyjae Spears,Under,12.5,-121,2026-10-04T04:54:05Z
20261004T045441Z,f01589b0e7e6dd4f4ac1220a1db81f53,2026-10-04T17:00:00Z,Baltimore Ravens,Tennessee Titans,betrivers,player_reception_yds,Mark Andrews,Over,38.5,-117,2026-10-04T04:54:05Z
20261004T045441Z,f01589b0e7e6dd4f4ac1220a1db81f53,2026-10-04T17:00:00Z,Baltimore Ravens,Tennessee Titans,betrivers,player_reception_yds,Mark Andrews,Under,38.5,-113,2026-10-04T04:54:05Z
20261004T045441Z,f01589b0e7e6dd4f4ac1220a1db81f53,2026-10-04T17:00:00Z,Baltimore Ravens,Tennessee Titans,betrivers,player_reception_yds,Justice Hill,Over,12.5,-109,2026-10-04T04:54:05Z
20261004T045441Z,f01589b0e7e6dd4f4ac1220a1db81f53,2026-10-04T17:00:00Z,Baltimore Ravens,Tennessee Titans,betrivers,player_reception_yds,Justice Hill,Under,12.5,-121,2026-10-04T04:54:05Z
20261004T045441Z,f01589b0e7e6dd4f4ac1220a1db81f53,2026-10-04T17:00:00Z,Baltimore Ravens,Tennessee Titans,betrivers,player_reception_yds,Tony Pollard,Over,8.5,-115,2026-10-04T04:54:05Z
20261004T045441Z,f01589b0e7e6dd4f4ac1220a1db81f53,2026-10-04T17:00:00Z,Baltimore Ravens,Tennessee Titans,betrivers,player_reception_yds,Tony Pollard,Under,8.5,-115,2026-10-04T04:54:05Z
20261004T045441Z,f01589b0e7e6dd4f4ac1220a1db81f53,2026-10-04T17:00:00Z,Baltimore Ravens,Tennessee Titans,betrivers,player_reception_yds,Gunnar Helm,Over,17.5,-121,2026-10-04T04:54:05Z
20261004T045441Z,f01589b0e7e6dd4f4ac1220a1db81f53,2026-10-04T17:00:00Z,Baltimore Ravens,Tennessee Titans,betrivers,player_reception_yds,Gunnar Helm,Under,17.5,-110,2026-10-04T04:54:05Z
20261004T045441Z,f01589b0e7e6dd4f4ac1220a1db81f53,2026-10-04T17:00:00Z,Baltimore Ravens,Tennessee Titans,betrivers,player_reception_yds,Zay Flowers,Over,69.5,-114,2026-10-04T04:54:05Z
20261004T045441Z,f01589b0e7e6dd4f4ac1220a1db81f53,2026-10-04T17:00:00Z,Baltimore Ravens,Tennessee Titans,betrivers,player_reception_yds,Zay Flowers,Under,69.5,-117,2026-10-04T04:54:05Z
20261004T045441Z,f01589b0e7e6dd4f4ac1220a1db81f53,2026-10-04T17:00:00Z,Baltimore Ravens,Tennessee Titans,betrivers,player_reception_yds,Wan'Dale Robinson,Over,36.5,-113,2026-10-04T04:54:05Z
20261004T045441Z,f01589b0e7e6dd4f4ac1220a1db81f53,2026-10-04T17:00:00Z,Baltimore Ravens,Tennessee Titans,betrivers,player_reception_yds,Wan'Dale Robinson,Under,36.5,-118,2026-10-04T04:54:05Z
20261004T045441Z,f01589b0e7e6dd4f4ac1220a1db81f53,2026-10-04T17:00:00Z,Baltimore Ravens,Tennessee Titans,betrivers,player_reception_yds,Calvin Ridley,Over,7.5,-117,2026-10-04T04:54:05Z
20261004T045441Z,f01589b0e7e6dd4f4ac1220a1db81f53,2026-10-04T17:00:00Z,Baltimore Ravens,Tennessee Titans,betrivers,player_reception_yds,Calvin Ridley,Under,7.5,-114,2026-10-04T04:54:05Z
20261004T045441Z,f01589b0e7e6dd4f4ac1220a1db81f53,2026-10-04T17:00:00Z,Baltimore Ravens,Tennessee Titans,betrivers,player_reception_yds,Elic Ayomanor,Over,18.5,-115,2026-10-04T04:54:05Z
20261004T045441Z,f01589b0e7e6dd4f4ac1220a1db81f53,2026-10-04T17:00:00Z,Baltimore Ravens,Tennessee Titans,betrivers,player_reception_yds,Elic Ayomanor,Under,18.5,-114,2026-10-04T04:54:05Z
20261004T045441Z,f01589b0e7e6dd4f4ac1220a1db81f53,2026-10-04T17:00:00Z,Baltimore Ravens,Tennessee Titans,betrivers,player_reception_yds,Carnell Tate,Over,43.5,-117,2026-10-04T04:54:05Z
20261004T045441Z,f01589b0e7e6dd4f4ac1220a1db81f53,2026-10-04T17:00:00Z,Baltimore Ravens,Tennessee Titans,betrivers,player_reception_yds,Carnell Tate,Under,43.5,-114,2026-10-04T04:54:05Z
20261004T045441Z,f01589b0e7e6dd4f4ac1220a1db81f53,2026-10-04T17:00:00Z,Baltimore Ravens,Tennessee Titans,betrivers,player_reception_yds,Rashod Bateman,Over,25.5,-114,2026-10-04T04:54:05Z
20261004T045441Z,f01589b0e7e6dd4f4ac1220a1db81f53,2026-10-04T17:00:00Z,Baltimore Ravens,Tennessee Titans,betrivers,player_reception_yds,Rashod Bateman,Under,25.5,-117,2026-10-04T04:54:05Z
20261004T045441Z,f01589b0e7e6dd4f4ac1220a1db81f53,2026-10-04T17:00:00Z,Baltimore Ravens,Tennessee Titans,betrivers,player_receptions,Justice Hill,Over,1.5,-121,2026-10-04T04:54:05Z
20261004T045441Z,f01589b0e7e6dd4f4ac1220a1db81f53,2026-10-04T17:00:00Z,Baltimore Ravens,Tennessee Titans,betrivers,player_receptions,Tony Pollard,Over,1.5,-162,2026-10-04T04:54:05Z
20261004T045441Z,f01589b0e7e6dd4f4ac1220a1db81f53,2026-10-04T17:00:00Z,Baltimore Ravens,Tennessee Titans,betrivers,player_receptions,Derrick Henry,Over,1.5,138,2026-10-04T04:54:05Z
20261004T045441Z,f01589b0e7e6dd4f4ac1220a1db81f53,2026-10-04T17:00:00Z,Baltimore Ravens,Tennessee Titans,betrivers,player_receptions,Mark Andrews,Over,3.5,-165,2026-10-04T04:54:05Z
20261004T045441Z,f01589b0e7e6dd4f4ac1220a1db81f53,2026-10-04T17:00:00Z,Baltimore Ravens,Tennessee Titans,betrivers,player_receptions,Rashod Bateman,Over,2.5,118,2026-10-04T04:54:05Z
20261004T045441Z,f01589b0e7e6dd4f4ac1220a1db81f53,2026-10-04T17:00:00Z,Baltimore Ravens,Tennessee Titans,betrivers,player_receptions,Wan'Dale Robinson,Over,3.5,-137,2026-10-04T04:54:05Z
20261004T045441Z,f01589b0e7e6dd4f4ac1220a1db81f53,2026-10-04T17:00:00Z,Baltimore Ravens,Tennessee Titans,betrivers,player_receptions,Gunnar Helm,Over,2.5,-141,2026-10-04T04:54:05Z
20261004T045441Z,f01589b0e7e6dd4f4ac1220a1db81f53,2026-10-04T17:00:00Z,Baltimore Ravens,Tennessee Titans,betrivers,player_receptions,Elic Ayomanor,Over,1.5,-157,2026-10-04T04:54:05Z
20261004T045441Z,f01589b0e7e6dd4f4ac1220a1db81f53,2026-10-04T17:00:00Z,Baltimore Ravens,Tennessee Titans,betrivers,player_receptions,Carnell Tate,Over,4.5,104,2026-10-04T04:54:05Z
20261004T045441Z,f01589b0e7e6dd4f4ac1220a1db81f53,2026-10-04T17:00:00Z,Baltimore Ravens,Tennessee Titans,betrivers,player_receptions,Calvin Ridley,Over,1.5,180,2026-10-04T04:54:05Z
20261004T045441Z,f01589b0e7e6dd4f4ac1220a1db81f53,2026-10-04T17:00:00Z,Baltimore Ravens,Tennessee Titans,betrivers,player_receptions,Tyjae Spears,Over,2.5,125,2026-10-04T04:54:05Z
20261004T045441Z,f01589b0e7e6dd4f4ac1220a1db81f53,2026-10-04T17:00:00Z,Baltimore Ravens,Tennessee Titans,betrivers,player_receptions,Zay Flowers,Over,5.5,115,2026-10-04T04:54:05Z
20261004T045441Z,f01589b0e7e6dd4f4ac1220a1db81f53,2026-10-04T17:00:00Z,Baltimore Ravens,Tennessee Titans,betrivers,player_rush_yds,Tony Pollard,Over,46.5,-118,2026-10-04T04:54:05Z
20261004T045441Z,f01589b0e7e6dd4f4ac1220a1db81f53,2026-10-04T17:00:00Z,Baltimore Ravens,Tennessee Titans,betrivers,player_rush_yds,Tony Pollard,Under,46.5,-113,2026-10-04T04:54:05Z
20261004T045441Z,f01589b0e7e6dd4f4ac1220a1db81f53,2026-10-04T17:00:00Z,Baltimore Ravens,Tennessee Titans,betrivers,player_rush_yds,Tyjae Spears,Over,14.5,-110,2026-10-04T04:54:05Z
20261004T045441Z,f01589b0e7e6dd4f4ac1220a1db81f53,2026-10-04T17:00:00Z,Baltimore Ravens,Tennessee Titans,betrivers,player_rush_yds,Tyjae Spears,Under,14.5,-121,2026-10-04T04:54:05Z
20261004T045441Z,f01589b0e7e6dd4f4ac1220a1db81f53,2026-10-04T17:00:00Z,Baltimore Ravens,Tennessee Titans,betrivers,player_rush_yds,Cam Ward,Over,8.5,-118,2026-10-04T04:54:05Z
20261004T045441Z,f01589b0e7e6dd4f4ac1220a1db81f53,2026-10-04T17:00:00Z,Baltimore Ravens,Tennessee Titans,betrivers,player_rush_yds,Cam Ward,Under,8.5,-113,2026-10-04T04:54:05Z
20261004T045441Z,f01589b0e7e6dd4f4ac1220a1db81f53,2026-10-04T17:00:00Z,Baltimore Ravens,Tennessee Titans,betrivers,player_rush_yds,Derrick Henry,Over,97.5,-114,2026-10-04T04:54:05Z
20261004T045441Z,f01589b0e7e6dd4f4ac1220a1db81f53,2026-10-04T17:00:00Z,Baltimore Ravens,Tennessee Titans,betrivers,player_rush_yds,Derrick Henry,Under,97.5,-117,2026-10-04T04:54:05Z
20261004T045441Z,f01589b0e7e6dd4f4ac1220a1db81f53,2026-10-04T17:00:00Z,Baltimore Ravens,Tennessee Titans,betrivers,player_rush_yds,Justice Hill,Over,16.5,-115,2026-10-04T04:54:05Z
20261004T045441Z,f01589b0e7e6dd4f4ac1220a1db81f53,2026-10-04T17:00:00Z,Baltimore Ravens,Tennessee Titans,betrivers,player_rush_yds,Justice Hill,Under,16.5,-114,2026-10-04T04:54:05Z
20261004T045441Z,f01589b0e7e6dd4f4ac1220a1db81f53,2026-10-04T17:00:00Z,Baltimore Ravens,Tennessee Titans,betrivers,player_rush_yds,Lamar Jackson,Over,30.5,-112,2026-10-04T04:54:05Z
20261004T045441Z,f01589b0e7e6dd4f4ac1220a1db81f53,2026-10-04T17:00:00Z,Baltimore Ravens,Tennessee Titans,betrivers,player_rush_yds,Lamar Jackson,Under,30.5,-120,2026-10-04T04:54:05Z
20261004T045441Z,f01589b0e7e6dd4f4ac1220a1db81f53,2026-10-04T17:00:00Z,Baltimore Ravens,Tennessee Titans,betmgm,player_pass_yds,Cam Ward,Over,184.5,-115,2026-10-04T04:53:49Z
20261004T045441Z,f01589b0e7e6dd4f4ac1220a1db81f53,2026-10-04T17:00:00Z,Baltimore Ravens,Tennessee Titans,betmgm,player_pass_yds,Cam Ward,Under,184.5,-115,2026-10-04T04:53:49Z
20261004T045441Z,f01589b0e7e6dd4f4ac1220a1db81f53,2026-10-04T17:00:00Z,Baltimore Ravens,Tennessee Titans,betmgm,player_pass_yds,Lamar Jackson,Over,218.5,-115,2026-10-04T04:53:49Z
20261004T045441Z,f01589b0e7e6dd4f4ac1220a1db81f53,2026-10-04T17:00:00Z,Baltimore Ravens,Tennessee Titans,betmgm,player_pass_yds,Lamar Jackson,Under,218.5,-115,2026-10-04T04:53:49Z
20261004T045441Z,f01589b0e7e6dd4f4ac1220a1db81f53,2026-10-04T17:00:00Z,Baltimore Ravens,Tennessee Titans,betmgm,player_reception_yds,Carnell Tate,Over,43.5,-115,2026-10-04T04:53:49Z
20261004T045441Z,f01589b0e7e6dd4f4ac1220a1db81f53,2026-10-04T17:00:00Z,Baltimore Ravens,Tennessee Titans,betmgm,player_reception_yds,Carnell Tate,Under,43.5,-115,2026-10-04T04:53:49Z
20261004T045441Z,f01589b0e7e6dd4f4ac1220a1db81f53,2026-10-04T17:00:00Z,Baltimore Ravens,Tennessee Titans,betmgm,player_reception_yds,Elic Ayomanor,Over,20.5,-115,2026-10-04T04:53:49Z
20261004T045441Z,f01589b0e7e6dd4f4ac1220a1db81f53,2026-10-04T17:00:00Z,Baltimore Ravens,Tennessee Titans,betmgm,player_reception_yds,Elic Ayomanor,Under,20.5,-115,2026-10-04T04:53:49Z
20261004T045441Z,f01589b0e7e6dd4f4ac1220a1db81f53,2026-10-04T17:00:00Z,Baltimore Ravens,Tennessee Titans,betmgm,player_reception_yds,Gunnar Helm,Over,20.5,-115,2026-10-04T04:53:49Z
20261004T045441Z,f01589b0e7e6dd4f4ac1220a1db81f53,2026-10-04T17:00:00Z,Baltimore Ravens,Tennessee Titans,betmgm,player_reception_yds,Gunnar Helm,Under,20.5,-115,2026-10-04T04:53:49Z
20261004T045441Z,f01589b0e7e6dd4f4ac1220a1db81f53,2026-10-04T17:00:00Z,Baltimore Ravens,Tennessee Titans,betmgm,player_reception_yds,Wan'Dale Robinson,Over,37.5,-115,2026-10-04T04:53:49Z
20261004T045441Z,f01589b0e7e6dd4f4ac1220a1db81f53,2026-10-04T17:00:00Z,Baltimore Ravens,Tennessee Titans,betmgm,player_reception_yds,Wan'Dale Robinson,Under,37.5,-115,2026-10-04T04:53:49Z
20261004T045441Z,f01589b0e7e6dd4f4ac1220a1db81f53,2026-10-04T17:00:00Z,Baltimore Ravens,Tennessee Titans,betmgm,player_reception_yds,Derrick Henry,Over,7.5,-120,2026-10-04T04:53:49Z
20261004T045441Z,f01589b0e7e6dd4f4ac1220a1db81f53,2026-10-04T17:00:00Z,Baltimore Ravens,Tennessee Titans,betmgm,player_reception_yds,Derrick Henry,Under,7.5,-110,2026-10-04T04:53:49Z
20261004T045441Z,f01589b0e7e6dd4f4ac1220a1db81f53,2026-10-04T17:00:00Z,Baltimore Ravens,Tennessee Titans,betmgm,player_reception_yds,Tyjae Spears,Over,12.5,-115,2026-10-04T04:53:49Z
20261004T045441Z,f01589b0e7e6dd4f4ac1220a1db81f53,2026-10-04T17:00:00Z,Baltimore Ravens,Tennessee Titans,betmgm,player_reception_yds,Tyjae Spears,Under,12.5,-115,2026-10-04T04:53:49Z
20261004T045441Z,f01589b0e7e6dd4f4ac1220a1db81f53,2026-10-04T17:00:00Z,Baltimore Ravens,Tennessee Titans,betmgm,player_reception_yds,Tony Pollard,Over,7.5,-115,2026-10-04T04:53:49Z
20261004T045441Z,f01589b0e7e6dd4f4ac1220a1db81f53,2026-10-04T17:00:00Z,Baltimore Ravens,Tennessee Titans,betmgm,player_reception_yds,Tony Pollard,Under,7.5,-115,2026-10-04T04:53:49Z
20261004T045441Z,f01589b0e7e6dd4f4ac1220a1db81f53,2026-10-04T17:00:00Z,Baltimore Ravens,Tennessee Titans,betmgm,player_reception_yds,Mark Andrews,Over,36.5,-115,2026-10-04T04:53:49Z
20261004T045441Z,f01589b0e7e6dd4f4ac1220a1db81f53,2026-10-04T17:00:00Z,Baltimore Ravens,Tennessee Titans,betmgm,player_reception_yds,Mark Andrews,Under,36.5,-115,2026-10-04T04:53:49Z
20261004T045441Z,f01589b0e7e6dd4f4ac1220a1db81f53,2026-10-04T17:00:00Z,Baltimore Ravens,Tennessee Titans,betmgm,player_reception_yds,Zay Flowers,Over,71.5,-115,2026-10-04T04:53:49Z
20261004T045441Z,f01589b0e7e6dd4f4ac1220a1db81f53,2026-10-04T17:00:00Z,Baltimore Ravens,Tennessee Titans,betmgm,player_reception_yds,Zay Flowers,Under,71.5,-115,2026-10-04T04:53:49Z
20261004T045441Z,f01589b0e7e6dd4f4ac1220a1db81f53,2026-10-04T17:00:00Z,Baltimore Ravens,Tennessee Titans,betmgm,player_reception_yds,Rashod Bateman,Over,28.5,-115,2026-10-04T04:53:49Z
20261004T045441Z,f01589b0e7e6dd4f4ac1220a1db81f53,2026-10-04T17:00:00Z,Baltimore Ravens,Tennessee Titans,betmgm,player_reception_yds,Rashod Bateman,Under,28.5,-115,2026-10-04T04:53:49Z
20261004T045441Z,f01589b0e7e6dd4f4ac1220a1db81f53,2026-10-04T17:00:00Z,Baltimore Ravens,Tennessee Titans,betmgm,player_reception_yds,Justice Hill,Over,11.5,-120,2026-10-04T04:53:49Z
20261004T045441Z,f01589b0e7e6dd4f4ac1220a1db81f53,2026-10-04T17:00:00Z,Baltimore Ravens,Tennessee Titans,betmgm,player_reception_yds,Justice Hill,Under,11.5,-111,2026-10-04T04:53:49Z
20261004T045441Z,f01589b0e7e6dd4f4ac1220a1db81f53,2026-10-04T17:00:00Z,Baltimore Ravens,Tennessee Titans,betmgm,player_reception_yds,Chris Moore,Over,6.5,-115,2026-10-04T04:53:49Z
20261004T045441Z,f01589b0e7e6dd4f4ac1220a1db81f53,2026-10-04T17:00:00Z,Baltimore Ravens,Tennessee Titans,betmgm,player_reception_yds,Chris Moore,Under,6.5,-115,2026-10-04T04:53:49Z
20261004T045441Z,f01589b0e7e6dd4f4ac1220a1db81f53,2026-10-04T17:00:00Z,Baltimore Ravens,Tennessee Titans,betmgm,player_receptions,Rashod Bateman,Over,2.5,115,2026-10-04T04:53:49Z
20261004T045441Z,f01589b0e7e6dd4f4ac1220a1db81f53,2026-10-04T17:00:00Z,Baltimore Ravens,Tennessee Titans,betmgm,player_receptions,Rashod Bateman,Under,2.5,-155,2026-10-04T04:53:49Z
20261004T045441Z,f01589b0e7e6dd4f4ac1220a1db81f53,2026-10-04T17:00:00Z,Baltimore Ravens,Tennessee Titans,betmgm,player_receptions,Wan'Dale Robinson,Over,3.5,-160,2026-10-04T04:53:49Z
20261004T045441Z,f01589b0e7e6dd4f4ac1220a1db81f53,2026-10-04T17:00:00Z,Baltimore Ravens,Tennessee Titans,betmgm,player_receptions,Wan'Dale Robinson,Under,3.5,120,2026-10-04T04:53:49Z
20261004T045441Z,f01589b0e7e6dd4f4ac1220a1db81f53,2026-10-04T17:00:00Z,Baltimore Ravens,Tennessee Titans,betmgm,player_receptions,Elic Ayomanor,Over,1.5,-140,2026-10-04T04:53:49Z
20261004T045441Z,f01589b0e7e6dd4f4ac1220a1db81f53,2026-10-04T17:00:00Z,Baltimore Ravens,Tennessee Titans,betmgm,player_receptions,Elic Ayomanor,Under,1.5,105,2026-10-04T04:53:49Z
20261004T045441Z,f01589b0e7e6dd4f4ac1220a1db81f53,2026-10-04T17:00:00Z,Baltimore Ravens,Tennessee Titans,betmgm,player_receptions,Gunnar Helm,Over,2.5,-135,2026-10-04T04:53:49Z
20261004T045441Z,f01589b0e7e6dd4f4ac1220a1db81f53,2026-10-04T17:00:00Z,Baltimore Ravens,Tennessee Titans,betmgm,player_receptions,Gunnar Helm,Under,2.5,100,2026-10-04T04:53:49Z
20261004T045441Z,f01589b0e7e6dd4f4ac1220a1db81f53,2026-10-04T17:00:00Z,Baltimore Ravens,Tennessee Titans,betmgm,player_receptions,Mark Andrews,Over,3.5,-155,2026-10-04T04:53:49Z
20261004T045441Z,f01589b0e7e6dd4f4ac1220a1db81f53,2026-10-04T17:00:00Z,Baltimore Ravens,Tennessee Titans,betmgm,player_receptions,Mark Andrews,Under,3.5,115,2026-10-04T04:53:49Z
20261004T045441Z,f01589b0e7e6dd4f4ac1220a1db81f53,2026-10-04T17:00:00Z,Baltimore Ravens,Tennessee Titans,betmgm,player_receptions,Zay Flowers,Over,5.5,105,2026-10-04T04:53:49Z
20261004T045441Z,f01589b0e7e6dd4f4ac1220a1db81f53,2026-10-04T17:00:00Z,Baltimore Ravens,Tennessee Titans,betmgm,player_receptions,Zay Flowers,Under,5.5,-140,2026-10-04T04:53:49Z
20261004T045441Z,f01589b0e7e6dd4f4ac1220a1db81f53,2026-10-04T17:00:00Z,Baltimore Ravens,Tennessee Titans,betmgm,player_receptions,Tony Pollard,Over,1.5,-155,2026-10-04T04:53:49Z
20261004T045441Z,f01589b0e7e6dd4f4ac1220a1db81f53,2026-10-04T17:00:00Z,Baltimore Ravens,Tennessee Titans,betmgm,player_receptions,Tony Pollard,Under,1.5,115,2026-10-04T04:53:49Z
20261004T045441Z,f01589b0e7e6dd4f4ac1220a1db81f53,2026-10-04T17:00:00Z,Baltimore Ravens,Tennessee Titans,betmgm,player_receptions,Tyjae Spears,Over,2.5,115,2026-10-04T04:53:49Z
20261004T045441Z,f01589b0e7e6dd4f4ac1220a1db81f53,2026-10-04T17:00:00Z,Baltimore Ravens,Tennessee Titans,betmgm,player_receptions,Tyjae Spears,Under,2.5,-155,2026-10-04T04:53:49Z
20261004T045441Z,f01589b0e7e6dd4f4ac1220a1db81f53,2026-10-04T17:00:00Z,Baltimore Ravens,Tennessee Titans,betmgm,player_receptions,Carnell Tate,Over,4.5,110,2026-10-04T04:53:49Z
20261004T045441Z,f01589b0e7e6dd4f4ac1220a1db81f53,2026-10-04T17:00:00Z,Baltimore Ravens,Tennessee Titans,betmgm,player_receptions,Carnell Tate,Under,4.5,-150,2026-10-04T04:53:49Z
20261004T045441Z,f01589b0e7e6dd4f4ac1220a1db81f53,2026-10-04T17:00:00Z,Baltimore Ravens,Tennessee Titans,betmgm,player_receptions,Derrick Henry,Over,1.5,130,2026-10-04T04:53:49Z
20261004T045441Z,f01589b0e7e6dd4f4ac1220a1db81f53,2026-10-04T17:00:00Z,Baltimore Ravens,Tennessee Titans,betmgm,player_receptions,Derrick Henry,Under,1.5,-175,2026-10-04T04:53:49Z
20261004T045441Z,f01589b0e7e6dd4f4ac1220a1db81f53,2026-10-04T17:00:00Z,Baltimore Ravens,Tennessee Titans,betmgm,player_receptions,Justice Hill,Over,1.5,-135,2026-10-04T04:53:49Z
20261004T045441Z,f01589b0e7e6dd4f4ac1220a1db81f53,2026-10-04T17:00:00Z,Baltimore Ravens,Tennessee Titans,betmgm,player_receptions,Justice Hill,Under,1.5,100,2026-10-04T04:53:49Z
20261004T045441Z,f01589b0e7e6dd4f4ac1220a1db81f53,2026-10-04T17:00:00Z,Baltimore Ravens,Tennessee Titans,betmgm,player_receptions,Chris Moore,Over,0.5,-150,2026-10-04T04:53:49Z
20261004T045441Z,f01589b0e7e6dd4f4ac1220a1db81f53,2026-10-04T17:00:00Z,Baltimore Ravens,Tennessee Titans,betmgm,player_receptions,Chris Moore,Under,0.5,110,2026-10-04T04:53:49Z
20261004T045441Z,f01589b0e7e6dd4f4ac1220a1db81f53,2026-10-04T17:00:00Z,Baltimore Ravens,Tennessee Titans,betmgm,player_rush_yds,Cam Ward,Over,11.5,-111,2026-10-04T04:53:49Z
20261004T045441Z,f01589b0e7e6dd4f4ac1220a1db81f53,2026-10-04T17:00:00Z,Baltimore Ravens,Tennessee Titans,betmgm,player_rush_yds,Cam Ward,Under,11.5,-118,2026-10-04T04:53:49Z
20261004T045441Z,f01589b0e7e6dd4f4ac1220a1db81f53,2026-10-04T17:00:00Z,Baltimore Ravens,Tennessee Titans,betmgm,player_rush_yds,Derrick Henry,Over,97.5,-115,2026-10-04T04:53:49Z
20261004T045441Z,f01589b0e7e6dd4f4ac1220a1db81f53,2026-10-04T17:00:00Z,Baltimore Ravens,Tennessee Titans,betmgm,player_rush_yds,Derrick Henry,Under,97.5,-115,2026-10-04T04:53:49Z
20261004T045441Z,f01589b0e7e6dd4f4ac1220a1db81f53,2026-10-04T17:00:00Z,Baltimore Ravens,Tennessee Titans,betmgm,player_rush_yds,Tyjae Spears,Over,15.5,-115,2026-10-04T04:53:49Z
20261004T045441Z,f01589b0e7e6dd4f4ac1220a1db81f53,2026-10-04T17:00:00Z,Baltimore Ravens,Tennessee Titans,betmgm,player_rush_yds,Tyjae Spears,Under,15.5,-115,2026-10-04T04:53:49Z
20261004T045441Z,f01589b0e7e6dd4f4ac1220a1db81f53,2026-10-04T17:00:00Z,Baltimore Ravens,Tennessee Titans,betmgm,player_rush_yds,Tony Pollard,Over,46.5,-125,2026-10-04T04:53:49Z
20261004T045441Z,f01589b0e7e6dd4f4ac1220a1db81f53,2026-10-04T17:00:00Z,Baltimore Ravens,Tennessee Titans,betmgm,player_rush_yds,Tony Pollard,Under,46.5,-105,2026-10-04T04:53:49Z
20261004T045441Z,f01589b0e7e6dd4f4ac1220a1db81f53,2026-10-04T17:00:00Z,Baltimore Ravens,Tennessee Titans,betmgm,player_rush_yds,Lamar Jackson,Over,31.5,-115,2026-10-04T04:53:49Z
20261004T045441Z,f01589b0e7e6dd4f4ac1220a1db81f53,2026-10-04T17:00:00Z,Baltimore Ravens,Tennessee Titans,betmgm,player_rush_yds,Lamar Jackson,Under,31.5,-115,2026-10-04T04:53:49Z
20261004T045441Z,f01589b0e7e6dd4f4ac1220a1db81f53,2026-10-04T17:00:00Z,Baltimore Ravens,Tennessee Titans,betmgm,player_rush_yds,Justice Hill,Over,16.5,-115,2026-10-04T04:53:49Z
20261004T045441Z,f01589b0e7e6dd4f4ac1220a1db81f53,2026-10-04T17:00:00Z,Baltimore Ravens,Tennessee Titans,betmgm,player_rush_yds,Justice Hill,Under,16.5,-115,2026-10-04T04:53:49Z
20261004T045441Z,f01589b0e7e6dd4f4ac1220a1db81f53,2026-10-04T17:00:00Z,Baltimore Ravens,Tennessee Titans,bovada,player_pass_yds,Cam Ward,Over,186.5,-115,2026-10-04T04:52:53Z
20261004T045441Z,f01589b0e7e6dd4f4ac1220a1db81f53,2026-10-04T17:00:00Z,Baltimore Ravens,Tennessee Titans,bovada,player_pass_yds,Cam Ward,Under,186.5,-115,2026-10-04T04:52:53Z
20261004T045441Z,f01589b0e7e6dd4f4ac1220a1db81f53,2026-10-04T17:00:00Z,Baltimore Ravens,Tennessee Titans,bovada,player_pass_yds,Lamar Jackson,Over,216.5,-115,2026-10-04T04:52:53Z
20261004T045441Z,f01589b0e7e6dd4f4ac1220a1db81f53,2026-10-04T17:00:00Z,Baltimore Ravens,Tennessee Titans,bovada,player_pass_yds,Lamar Jackson,Under,216.5,-115,2026-10-04T04:52:53Z
20261004T045441Z,f01589b0e7e6dd4f4ac1220a1db81f53,2026-10-04T17:00:00Z,Baltimore Ravens,Tennessee Titans,bovada,player_reception_yds,Calvin Ridley,Over,7.5,-115,2026-10-04T04:52:53Z
20261004T045441Z,f01589b0e7e6dd4f4ac1220a1db81f53,2026-10-04T17:00:00Z,Baltimore Ravens,Tennessee Titans,bovada,player_reception_yds,Calvin Ridley,Under,7.5,-115,2026-10-04T04:52:53Z
20261004T045441Z,f01589b0e7e6dd4f4ac1220a1db81f53,2026-10-04T17:00:00Z,Baltimore Ravens,Tennessee Titans,bovada,player_reception_yds,Carnell Tate,Over,44.5,-120,2026-10-04T04:52:53Z
20261004T045441Z,f01589b0e7e6dd4f4ac1220a1db81f53,2026-10-04T17:00:00Z,Baltimore Ravens,Tennessee Titans,bovada,player_reception_yds,Carnell Tate,Under,44.5,-110,2026-10-04T04:52:53Z
20261004T045441Z,f01589b0e7e6dd4f4ac1220a1db81f53,2026-10-04T17:00:00Z,Baltimore Ravens,Tennessee Titans,bovada,player_reception_yds,Derrick Henry,Over,7.5,-115,2026-10-04T04:52:53Z
20261004T045441Z,f01589b0e7e6dd4f4ac1220a1db81f53,2026-10-04T17:00:00Z,Baltimore Ravens,Tennessee Titans,bovada,player_reception_yds,Derrick Henry,Under,7.5,-115,2026-10-04T04:52:53Z
20261004T045441Z,f01589b0e7e6dd4f4ac1220a1db81f53,2026-10-04T17:00:00Z,Baltimore Ravens,Tennessee Titans,bovada,player_reception_yds,Elic Ayomanor,Over,19.5,-115,2026-10-04T04:52:53Z
20261004T045441Z,f01589b0e7e6dd4f4ac1220a1db81f53,2026-10-04T17:00:00Z,Baltimore Ravens,Tennessee Titans,bovada,player_reception_yds,Elic Ayomanor,Under,19.5,-115,2026-10-04T04:52:53Z
20261004T045441Z,f01589b0e7e6dd4f4ac1220a1db81f53,2026-10-04T17:00:00Z,Baltimore Ravens,Tennessee Titans,bovada,player_reception_yds,Gunnar Helm,Over,19.5,-115,2026-10-04T04:52:53Z
20261004T045441Z,f01589b0e7e6dd4f4ac1220a1db81f53,2026-10-04T17:00:00Z,Baltimore Ravens,Tennessee Titans,bovada,player_reception_yds,Gunnar Helm,Under,19.5,-115,2026-10-04T04:52:53Z
20261004T045441Z,f01589b0e7e6dd4f4ac1220a1db81f53,2026-10-04T17:00:00Z,Baltimore Ravens,Tennessee Titans,bovada,player_reception_yds,Mark Andrews,Over,38.5,-115,2026-10-04T04:52:53Z
20261004T045441Z,f01589b0e7e6dd4f4ac1220a1db81f53,2026-10-04T17:00:00Z,Baltimore Ravens,Tennessee Titans,bovada,player_reception_yds,Mark Andrews,Under,38.5,-115,2026-10-04T04:52:53Z
20261004T045441Z,f01589b0e7e6dd4f4ac1220a1db81f53,2026-10-04T17:00:00Z,Baltimore Ravens,Tennessee Titans,bovada,player_reception_yds,Rashod Bateman,Over,26.5,-115,2026-10-04T04:52:53Z
20261004T045441Z,f01589b0e7e6dd4f4ac1220a1db81f53,2026-10-04T17:00:00Z,Baltimore Ravens,Tennessee Titans,bovada,player_reception_yds,Rashod Bateman,Under,26.5,-115,2026-10-04T04:52:53Z
20261004T045441Z,f01589b0e7e6dd4f4ac1220a1db81f53,2026-10-04T17:00:00Z,Baltimore Ravens,Tennessee Titans,bovada,player_reception_yds,Tony Pollard,Over,9.5,-110,2026-10-04T04:52:53Z
20261004T045441Z,f01589b0e7e6dd4f4ac1220a1db81f53,2026-10-04T17:00:00Z,Baltimore Ravens,Tennessee Titans,bovada,player_reception_yds,Tony Pollard,Under,9.5,-120,2026-10-04T04:52:53Z
20261004T045441Z,f01589b0e7e6dd4f4ac1220a1db81f53,2026-10-04T17:00:00Z,Baltimore Ravens,Tennessee Titans,bovada,player_reception_yds,Tyjae Spears,Over,12.5,-115,2026-10-04T04:52:53Z
20261004T045441Z,f01589b0e7e6dd4f4ac1220a1db81f53,2026-10-04T17:00:00Z,Baltimore Ravens,Tennessee Titans,bovada,player_reception_yds,Tyjae Spears,Under,12.5,-115,2026-10-04T04:52:53Z
20261004T045441Z,f01589b0e7e6dd4f4ac1220a1db81f53,2026-10-04T17:00:00Z,Baltimore Ravens,Tennessee Titans,bovada,player_reception_yds,Wan'Dale Robinson,Over,37.5,-115,2026-10-04T04:52:53Z
20261004T045441Z,f01589b0e7e6dd4f4ac1220a1db81f53,2026-10-04T17:00:00Z,Baltimore Ravens,Tennessee Titans,bovada,player_reception_yds,Wan'Dale Robinson,Under,37.5,-115,2026-10-04T04:52:53Z
20261004T045441Z,f01589b0e7e6dd4f4ac1220a1db81f53,2026-10-04T17:00:00Z,Baltimore Ravens,Tennessee Titans,bovada,player_reception_yds,Zay Flowers,Over,71.5,-115,2026-10-04T04:52:53Z
20261004T045441Z,f01589b0e7e6dd4f4ac1220a1db81f53,2026-10-04T17:00:00Z,Baltimore Ravens,Tennessee Titans,bovada,player_reception_yds,Zay Flowers,Under,71.5,-115,2026-10-04T04:52:53Z
20261004T045441Z,f01589b0e7e6dd4f4ac1220a1db81f53,2026-10-04T17:00:00Z,Baltimore Ravens,Tennessee Titans,bovada,player_receptions,Carnell Tate,Over,4.5,100,2026-10-04T04:52:53Z
20261004T045441Z,f01589b0e7e6dd4f4ac1220a1db81f53,2026-10-04T17:00:00Z,Baltimore Ravens,Tennessee Titans,bovada,player_receptions,Carnell Tate,Under,4.5,-130,2026-10-04T04:52:53Z
20261004T045441Z,f01589b0e7e6dd4f4ac1220a1db81f53,2026-10-04T17:00:00Z,Baltimore Ravens,Tennessee Titans,bovada,player_receptions,Elic Ayomanor,Over,1.5,-160,2026-10-04T04:52:53Z
20261004T045441Z,f01589b0e7e6dd4f4ac1220a1db81f53,2026-10-04T17:00:00Z,Baltimore Ravens,Tennessee Titans,bovada,player_receptions,Elic Ayomanor,Under,1.5,120,2026-10-04T04:52:53Z
20261004T045441Z,f01589b0e7e6dd4f4ac1220a1db81f53,2026-10-04T17:00:00Z,Baltimore Ravens,Tennessee Titans,bovada,player_receptions,Gunnar Helm,Over,2.5,-145,2026-10-04T04:52:53Z
20261004T045441Z,f01589b0e7e6dd4f4ac1220a1db81f53,2026-10-04T17:00:00Z,Baltimore Ravens,Tennessee Titans,bovada,player_receptions,Gunnar Helm,Under,2.5,110,2026-10-04T04:52:53Z
20261004T045441Z,f01589b0e7e6dd4f4ac1220a1db81f53,2026-10-04T17:00:00Z,Baltimore Ravens,Tennessee Titans,bovada,player_receptions,Mark Andrews,Over,3.5,-160,2026-10-04T04:52:53Z
20261004T045441Z,f01589b0e7e6dd4f4ac1220a1db81f53,2026-10-04T17:00:00Z,Baltimore Ravens,Tennessee Titans,bovada,player_receptions,Mark Andrews,Under,3.5,120,2026-10-04T04:52:53Z
20261004T045441Z,f01589b0e7e6dd4f4ac1220a1db81f53,2026-10-04T17:00:00Z,Baltimore Ravens,Tennessee Titans,bovada,player_receptions,Rashod Bateman,Over,2.5,125,2026-10-04T04:52:53Z
20261004T045441Z,f01589b0e7e6dd4f4ac1220a1db81f53,2026-10-04T17:00:00Z,Baltimore Ravens,Tennessee Titans,bovada,player_receptions,Rashod Bateman,Under,2.5,-165,2026-10-04T04:52:53Z
20261004T045441Z,f01589b0e7e6dd4f4ac1220a1db81f53,2026-10-04T17:00:00Z,Baltimore Ravens,Tennessee Titans,bovada,player_receptions,Tony Pollard,Over,1.5,-165,2026-10-04T04:52:53Z
20261004T045441Z,f01589b0e7e6dd4f4ac1220a1db81f53,2026-10-04T17:00:00Z,Baltimore Ravens,Tennessee Titans,bovada,player_receptions,Tony Pollard,Under,1.5,125,2026-10-04T04:52:53Z
20261004T045441Z,f01589b0e7e6dd4f4ac1220a1db81f53,2026-10-04T17:00:00Z,Baltimore Ravens,Tennessee Titans,bovada,player_receptions,Tyjae Spears,Over,2.5,130,2026-10-04T04:52:53Z
20261004T045441Z,f01589b0e7e6dd4f4ac1220a1db81f53,2026-10-04T17:00:00Z,Baltimore Ravens,Tennessee Titans,bovada,player_receptions,Tyjae Spears,Under,2.5,-170,2026-10-04T04:52:53Z
20261004T045441Z,f01589b0e7e6dd4f4ac1220a1db81f53,2026-10-04T17:00:00Z,Baltimore Ravens,Tennessee Titans,bovada,player_receptions,Wan'Dale Robinson,Over,3.5,-165,2026-10-04T04:52:53Z
20261004T045441Z,f01589b0e7e6dd4f4ac1220a1db81f53,2026-10-04T17:00:00Z,Baltimore Ravens,Tennessee Titans,bovada,player_receptions,Wan'Dale Robinson,Under,3.5,125,2026-10-04T04:52:53Z
20261004T045441Z,f01589b0e7e6dd4f4ac1220a1db81f53,2026-10-04T17:00:00Z,Baltimore Ravens,Tennessee Titans,bovada,player_receptions,Zay Flowers,Over,5.5,120,2026-10-04T04:52:53Z
20261004T045441Z,f01589b0e7e6dd4f4ac1220a1db81f53,2026-10-04T17:00:00Z,Baltimore Ravens,Tennessee Titans,bovada,player_receptions,Zay Flowers,Under,5.5,-160,2026-10-04T04:52:53Z
20261004T045441Z,f01589b0e7e6dd4f4ac1220a1db81f53,2026-10-04T17:00:00Z,Baltimore Ravens,Tennessee Titans,bovada,player_rush_yds,Cam Ward,Over,9.5,-115,2026-10-04T04:52:53Z
20261004T045441Z,f01589b0e7e6dd4f4ac1220a1db81f53,2026-10-04T17:00:00Z,Baltimore Ravens,Tennessee Titans,bovada,player_rush_yds,Cam Ward,Under,9.5,-115,2026-10-04T04:52:53Z
20261004T045441Z,f01589b0e7e6dd4f4ac1220a1db81f53,2026-10-04T17:00:00Z,Baltimore Ravens,Tennessee Titans,bovada,player_rush_yds,Derrick Henry,Over,98.5,-115,2026-10-04T04:52:53Z
20261004T045441Z,f01589b0e7e6dd4f4ac1220a1db81f53,2026-10-04T17:00:00Z,Baltimore Ravens,Tennessee Titans,bovada,player_rush_yds,Derrick Henry,Under,98.5,-115,2026-10-04T04:52:53Z
20261004T045441Z,f01589b0e7e6dd4f4ac1220a1db81f53,2026-10-04T17:00:00Z,Baltimore Ravens,Tennessee Titans,bovada,player_rush_yds,Lamar Jackson,Over,31.5,-110,2026-10-04T04:52:53Z
20261004T045441Z,f01589b0e7e6dd4f4ac1220a1db81f53,2026-10-04T17:00:00Z,Baltimore Ravens,Tennessee Titans,bovada,player_rush_yds,Lamar Jackson,Under,31.5,-120,2026-10-04T04:52:53Z
20261004T045441Z,f01589b0e7e6dd4f4ac1220a1db81f53,2026-10-04T17:00:00Z,Baltimore Ravens,Tennessee Titans,bovada,player_rush_yds,Tony Pollard,Over,50.5,-115,2026-10-04T04:52:53Z
20261004T045441Z,f01589b0e7e6dd4f4ac1220a1db81f53,2026-10-04T17:00:00Z,Baltimore Ravens,Tennessee Titans,bovada,player_rush_yds,Tony Pollard,Under,50.5,-115,2026-10-04T04:52:53Z
20261004T045441Z,f01589b0e7e6dd4f4ac1220a1db81f53,2026-10-04T17:00:00Z,Baltimore Ravens,Tennessee Titans,bovada,player_rush_yds,Tyjae Spears,Over,14.5,-110,2026-10-04T04:52:53Z
20261004T045441Z,f01589b0e7e6dd4f4ac1220a1db81f53,2026-10-04T17:00:00Z,Baltimore Ravens,Tennessee Titans,bovada,player_rush_yds,Tyjae Spears,Under,14.5,-120,2026-10-04T04:52:53Z
20261004T045441Z,573cc0ef39631a4f6673ec843a8bedd4,2026-10-04T17:00:00Z,Buffalo Bills,New England Patriots,draftkings,player_pass_yds,Josh Allen,Over,246.5,-112,2026-10-04T04:54:01Z
20261004T045441Z,573cc0ef39631a4f6673ec843a8bedd4,2026-10-04T17:00:00Z,Buffalo Bills,New England Patriots,draftkings,player_pass_yds,Josh Allen,Under,246.5,-112,2026-10-04T04:54:01Z
20261004T045441Z,573cc0ef39631a4f6673ec843a8bedd4,2026-10-04T17:00:00Z,Buffalo Bills,New England Patriots,draftkings,player_pass_yds,Drake Maye,Over,235.5,-112,2026-10-04T04:54:01Z
20261004T045441Z,573cc0ef39631a4f6673ec843a8bedd4,2026-10-04T17:00:00Z,Buffalo Bills,New England Patriots,draftkings,player_pass_yds,Drake Maye,Under,235.5,-112,2026-10-04T04:54:01Z
20261004T045441Z,573cc0ef39631a4f6673ec843a8bedd4,2026-10-04T17:00:00Z,Buffalo Bills,New England Patriots,draftkings,player_reception_yds,DJ Moore,Over,50.5,-110,2026-10-04T04:54:01Z
20261004T045441Z,573cc0ef39631a4f6673ec843a8bedd4,2026-10-04T17:00:00Z,Buffalo Bills,New England Patriots,draftkings,player_reception_yds,DJ Moore,Under,50.5,-114,2026-10-04T04:54:01Z
20261004T045441Z,573cc0ef39631a4f6673ec843a8bedd4,2026-10-04T17:00:00Z,Buffalo Bills,New England Patriots,draftkings,player_reception_yds,Dalton Kincaid,Over,47.5,-110,2026-10-04T04:54:01Z
20261004T045441Z,573cc0ef39631a4f6673ec843a8bedd4,2026-10-04T17:00:00Z,Buffalo Bills,New England Patriots,draftkings,player_reception_yds,Dalton Kincaid,Under,47.5,-114,2026-10-04T04:54:01Z
20261004T045441Z,573cc0ef39631a4f6673ec843a8bedd4,2026-10-04T17:00:00Z,Buffalo Bills,New England Patriots,draftkings,player_reception_yds,Mack Hollins,Over,43.5,-114,2026-10-04T04:54:01Z
20261004T045441Z,573cc0ef39631a4f6673ec843a8bedd4,2026-10-04T17:00:00Z,Buffalo Bills,New England Patriots,draftkings,player_reception_yds,Mack Hollins,Under,43.5,-110,2026-10-04T04:54:01Z
20261004T045441Z,573cc0ef39631a4f6673ec843a8bedd4,2026-10-04T17:00:00Z,Buffalo Bills,New England Patriots,draftkings,player_reception_yds,Romeo Doubs,Over,39.5,-113,2026-10-04T04:54:01Z
20261004T045441Z,573cc0ef39631a4f6673ec843a8bedd4,2026-10-04T17:00:00Z,Buffalo Bills,New England Patriots,draftkings,player_reception_yds,Romeo Doubs,Under,39.5,-111,2026-10-04T04:54:01Z
20261004T045441Z,573cc0ef39631a4f6673ec843a8bedd4,2026-10-04T17:00:00Z,Buffalo Bills,New England Patriots,draftkings,player_reception_yds,Khalil Shakir,Over,35.5,-111,2026-10-04T04:54:01Z
20261004T045441Z,573cc0ef39631a4f6673ec843a8bedd4,2026-10-04T17:00:00Z,Buffalo Bills,New England Patriots,draftkings,player_reception_yds,Khalil Shakir,Under,35.5,-113,2026-10-04T04:54:01Z
20261004T045441Z,573cc0ef39631a4f6673ec843a8bedd4,2026-10-04T17:00:00Z,Buffalo Bills,New England Patriots,draftkings,player_reception_yds,Hunter Henry,Over,29.5,-115,2026-10-04T04:54:01Z
20261004T045441Z,573cc0ef39631a4f6673ec843a8bedd4,2026-10-04T17:00:00Z,Buffalo Bills,New England Patriots,draftkings,player_reception_yds,Hunter Henry,Under,29.5,-109,2026-10-04T04:54:01Z
20261004T045441Z,573cc0ef39631a4f6673ec843a8bedd4,2026-10-04T17:00:00Z,Buffalo Bills,New England Patriots,draftkings,player_reception_yds,DeMario Douglas,Over,28.5,-112,2026-10-04T04:54:01Z
20261004T045441Z,573cc0ef39631a4f6673ec843a8bedd4,2026-10-04T17:00:00Z,Buffalo Bills,New England Patriots,draftkings,player_reception_yds,DeMario Douglas,Under,28.5,-112,2026-10-04T04:54:01Z
20261004T045441Z,573cc0ef39631a4f6673ec843a8bedd4,2026-10-04T17:00:00Z,Buffalo Bills,New England Patriots,draftkings,player_reception_yds,Rhamondre Stevenson,Over,17.5,-113,2026-10-04T04:54:01Z
20261004T045441Z,573cc0ef39631a4f6673ec843a8bedd4,2026-10-04T17:00:00Z,Buffalo Bills,New England Patriots,draftkings,player_reception_yds,Rhamondre Stevenson,Under,17.5,-111,2026-10-04T04:54:01Z
20261004T045441Z,573cc0ef39631a4f6673ec843a8bedd4,2026-10-04T17:00:00Z,Buffalo Bills,New England Patriots,draftkings,player_reception_yds,Keon Coleman,Over,13.5,-115,2026-10-04T04:54:01Z
20261004T045441Z,573cc0ef39631a4f6673ec843a8bedd4,2026-10-04T17:00:00Z,Buffalo Bills,New England Patriots,draftkings,player_reception_yds,Keon Coleman,Under,13.5,-109,2026-10-04T04:54:01Z
20261004T045441Z,573cc0ef39631a4f6673ec843a8bedd4,2026-10-04T17:00:00Z,Buffalo Bills,New England Patriots,draftkings,player_reception_yds,Ty Johnson,Over,12.5,-111,2026-10-04T04:54:01Z
20261004T045441Z,573cc0ef39631a4f6673ec843a8bedd4,2026-10-04T17:00:00Z,Buffalo Bills,New England Patriots,draftkings,player_reception_yds,Ty Johnson,Under,12.5,-113,2026-10-04T04:54:01Z
20261004T045441Z,573cc0ef39631a4f6673ec843a8bedd4,2026-10-04T17:00:00Z,Buffalo Bills,New England Patriots,draftkings,player_reception_yds,Kyle Williams,Over,11.5,-109,2026-10-04T04:54:01Z
20261004T045441Z,573cc0ef39631a4f6673ec843a8bedd4,2026-10-04T17:00:00Z,Buffalo Bills,New England Patriots,draftkings,player_reception_yds,Kyle Williams,Under,11.5,-115,2026-10-04T04:54:01Z
20261004T045441Z,573cc0ef39631a4f6673ec843a8bedd4,2026-10-04T17:00:00Z,Buffalo Bills,New England Patriots,draftkings,player_reception_yds,Dawson Knox,Over,9.5,-110,2026-10-04T04:54:01Z
20261004T045441Z,573cc0ef39631a4f6673ec843a8bedd4,2026-10-04T17:00:00Z,Buffalo Bills,New England Patriots,draftkings,player_reception_yds,Dawson Knox,Under,9.5,-114,2026-10-04T04:54:01Z
20261004T045441Z,573cc0ef39631a4f6673ec843a8bedd4,2026-10-04T17:00:00Z,Buffalo Bills,New England Patriots,draftkings,player_reception_yds,James Cook,Over,8.5,-118,2026-10-04T04:54:01Z
20261004T045441Z,573cc0ef39631a4f6673ec843a8bedd4,2026-10-04T17:00:00Z,Buffalo Bills,New England Patriots,draftkings,player_reception_yds,James Cook,Under,8.5,-106,2026-10-04T04:54:01Z
20261004T045441Z,573cc0ef39631a4f6673ec843a8bedd4,2026-10-04T17:00:00Z,Buffalo Bills,New England Patriots,draftkings,player_reception_yds,TreVeyon Henderson,Over,7.5,-114,2026-10-04T04:54:01Z
20261004T045441Z,573cc0ef39631a4f6673ec843a8bedd4,2026-10-04T17:00:00Z,Buffalo Bills,New England Patriots,draftkings,player_reception_yds,TreVeyon Henderson,Under,7.5,-110,2026-10-04T04:54:01Z
20261004T045441Z,573cc0ef39631a4f6673ec843a8bedd4,2026-10-04T17:00:00Z,Buffalo Bills,New England Patriots,draftkings,player_receptions,Dalton Kincaid,Over,4.5,119,2026-10-04T04:54:01Z
20261004T045441Z,573cc0ef39631a4f6673ec843a8bedd4,2026-10-04T17:00:00Z,Buffalo Bills,New England Patriots,draftkings,player_receptions,Dalton Kincaid,Under,4.5,-151,2026-10-04T04:54:01Z
20261004T045441Z,573cc0ef39631a4f6673ec843a8bedd4,2026-10-04T17:00:00Z,Buffalo Bills,New England Patriots,draftkings,player_receptions,DJ Moore,Over,3.5,-169,2026-10-04T04:54:01Z
20261004T045441Z,573cc0ef39631a4f6673ec843a8bedd4,2026-10-04T17:00:00Z,Buffalo Bills,New England Patriots,draftkings,player_receptions,DJ Moore,Under,3.5,132,2026-10-04T04:54:01Z
20261004T045441Z,573cc0ef39631a4f6673ec843a8bedd4,2026-10-04T17:00:00Z,Buffalo Bills,New England Patriots,draftkings,player_receptions,Khalil Shakir,Over,3.5,-140,2026-10-04T04:54:01Z
20261004T045441Z,573cc0ef39631a4f6673ec843a8bedd4,2026-10-04T17:00:00Z,Buffalo Bills,New England Patriots,draftkings,player_receptions,Khalil Shakir,Under,3.5,110,2026-10-04T04:54:01Z
20261004T045441Z,573cc0ef39631a4f6673ec843a8bedd4,2026-10-04T17:00:00Z,Buffalo Bills,New England Patriots,draftkings,player_receptions,Mack Hollins,Over,3.5,-121,2026-10-04T04:54:01Z
20261004T045441Z,573cc0ef39631a4f6673ec843a8bedd4,2026-10-04T17:00:00Z,Buffalo Bills,New England Patriots,draftkings,player_receptions,Mack Hollins,Under,3.5,-106,2026-10-04T04:54:01Z
20261004T045441Z,573cc0ef39631a4f6673ec843a8bedd4,2026-10-04T17:00:00Z,Buffalo Bills,New England Patriots,draftkings,player_receptions,Romeo Doubs,Over,3.5,113,2026-10-04T04:54:01Z
20261004T045441Z,573cc0ef39631a4f6673ec843a8bedd4,2026-10-04T17:00:00Z,Buffalo Bills,New England Patriots,draftkings,player_receptions,Romeo Doubs,Under,3.5,-144,2026-10-04T04:54:01Z
20261004T045441Z,573cc0ef39631a4f6673ec843a8bedd4,2026-10-04T17:00:00Z,Buffalo Bills,New England Patriots,draftkings,player_receptions,Hunter Henry,Over,3.5,121,2026-10-04T04:54:01Z
20261004T045441Z,573cc0ef39631a4f6673ec843a8bedd4,2026-10-04T17:00:00Z,Buffalo Bills,New England Patriots,draftkings,player_receptions,Hunter Henry,Under,3.5,-154,2026-10-04T04:54:01Z
20261004T045441Z,573cc0ef39631a4f6673ec843a8bedd4,2026-10-04T17:00:00Z,Buffalo Bills,New England Patriots,draftkings,player_receptions,DeMario Douglas,Over,2.5,-136,2026-10-04T04:54:01Z
20261004T045441Z,573cc0ef39631a4f6673ec843a8bedd4,2026-10-04T17:00:00Z,Buffalo Bills,New England Patriots,draftkings,player_receptions,DeMario Douglas,Under,2.5,107,2026-10-04T04:54:01Z
20261004T045441Z,573cc0ef39631a4f6673ec843a8bedd4,2026-10-04T17:00:00Z,Buffalo Bills,New England Patriots,draftkings,player_receptions,Rhamondre Stevenson,Over,2.5,-102,2026-10-04T04:54:01Z
20261004T045441Z,573cc0ef39631a4f6673ec843a8bedd4,2026-10-04T17:00:00Z,Buffalo Bills,New England Patriots,draftkings,player_receptions,Rhamondre Stevenson,Under,2.5,-125,2026-10-04T04:54:01Z
20261004T045441Z,573cc0ef39631a4f6673ec843a8bedd4,2026-10-04T17:00:00Z,Buffalo Bills,New England Patriots,draftkings,player_receptions,Ty Johnson,Over,1.5,-124,2026-10-04T04:54:01Z
20261004T045441Z,573cc0ef39631a4f6673ec843a8bedd4,2026-10-04T17:00:00Z,Buffalo Bills,New England Patriots,draftkings,player_receptions,Ty Johnson,Under,1.5,-103,2026-10-04T04:54:01Z
20261004T045441Z,573cc0ef39631a4f6673ec843a8bedd4,2026-10-04T17:00:00Z,Buffalo Bills,New England Patriots,draftkings,player_receptions,James Cook,Over,1.5,-104,2026-10-04T04:54:01Z
20261004T045441Z,573cc0ef39631a4f6673ec843a8bedd4,2026-10-04T17:00:00Z,Buffalo Bills,New England Patriots,draftkings,player_receptions,James Cook,Under,1.5,-123,2026-10-04T04:54:01Z
20261004T045441Z,573cc0ef39631a4f6673ec843a8bedd4,2026-10-04T17:00:00Z,Buffalo Bills,New England Patriots,draftkings,player_receptions,Keon Coleman,Over,1.5,103,2026-10-04T04:54:01Z
20261004T045441Z,573cc0ef39631a4f6673ec843a8bedd4,2026-10-04T17:00:00Z,Buffalo Bills,New England Patriots,draftkings,player_receptions,Keon Coleman,Under,1.5,-131,2026-10-04T04:54:01Z
20261004T045441Z,573cc0ef39631a4f6673ec843a8bedd4,2026-10-04T17:00:00Z,Buffalo Bills,New England Patriots,draftkings,player_receptions,TreVeyon Henderson,Over,1.5,136,2026-10-04T04:54:01Z
20261004T045441Z,573cc0ef39631a4f6673ec843a8bedd4,2026-10-04T17:00:00Z,Buffalo Bills,New England Patriots,draftkings,player_receptions,TreVeyon Henderson,Under,1.5,-175,2026-10-04T04:54:01Z
20261004T045441Z,573cc0ef39631a4f6673ec843a8bedd4,2026-10-04T17:00:00Z,Buffalo Bills,New England Patriots,draftkings,player_receptions,Dawson Knox,Over,1.5,145,2026-10-04T04:54:01Z
20261004T045441Z,573cc0ef39631a4f6673ec843a8bedd4,2026-10-04T17:00:00Z,Buffalo Bills,New England Patriots,draftkings,player_receptions,Dawson Knox,Under,1.5,-186,2026-10-04T04:54:01Z
20261004T045441Z,573cc0ef39631a4f6673ec843a8bedd4,2026-10-04T17:00:00Z,Buffalo Bills,New England Patriots,draftkings,player_receptions,Kyle Williams,Over,0.5,-222,2026-10-04T04:54:01Z
20261004T045441Z,573cc0ef39631a4f6673ec843a8bedd4,2026-10-04T17:00:00Z,Buffalo Bills,New England Patriots,draftkings,player_receptions,Kyle Williams,Under,0.5,172,2026-10-04T04:54:01Z
20261004T045441Z,573cc0ef39631a4f6673ec843a8bedd4,2026-10-04T17:00:00Z,Buffalo Bills,New England Patriots,draftkings,player_rush_yds,James Cook,Over,88.5,-110,2026-10-04T04:54:01Z
20261004T045441Z,573cc0ef39631a4f6673ec843a8bedd4,2026-10-04T17:00:00Z,Buffalo Bills,New England Patriots,draftkings,player_rush_yds,James Cook,Under,88.5,-114,2026-10-04T04:54:01Z
20261004T045441Z,573cc0ef39631a4f6673ec843a8bedd4,2026-10-04T17:00:00Z,Buffalo Bills,New England Patriots,draftkings,player_rush_yds,TreVeyon Henderson,Over,41.5,-113,2026-10-04T04:54:01Z
20261004T045441Z,573cc0ef39631a4f6673ec843a8bedd4,2026-10-04T17:00:00Z,Buffalo Bills,New England Patriots,draftkings,player_rush_yds,TreVeyon Henderson,Under,41.5,-111,2026-10-04T04:54:01Z
20261004T045441Z,573cc0ef39631a4f6673ec843a8bedd4,2026-10-04T17:00:00Z,Buffalo Bills,New England Patriots,draftkings,player_rush_yds,Rhamondre Stevenson,Over,32.5,-113,2026-10-04T04:54:01Z
20261004T045441Z,573cc0ef39631a4f6673ec843a8bedd4,2026-10-04T17:00:00Z,Buffalo Bills,New England Patriots,draftkings,player_rush_yds,Rhamondre Stevenson,Under,32.5,-111,2026-10-04T04:54:01Z
20261004T045441Z,573cc0ef39631a4f6673ec843a8bedd4,2026-10-04T17:00:00Z,Buffalo Bills,New England Patriots,draftkings,player_rush_yds,Josh Allen,Over,30.5,-114,2026-10-04T04:54:01Z
20261004T045441Z,573cc0ef39631a4f6673ec843a8bedd4,2026-10-04T17:00:00Z,Buffalo Bills,New England Patriots,draftkings,player_rush_yds,Josh Allen,Under,30.5,-110,2026-10-04T04:54:01Z
20261004T045441Z,573cc0ef39631a4f6673ec843a8bedd4,2026-10-04T17:00:00Z,Buffalo Bills,New England Patriots,draftkings,player_rush_yds,Drake Maye,Over,27.5,-116,2026-10-04T04:54:01Z
20261004T045441Z,573cc0ef39631a4f6673ec843a8bedd4,2026-10-04T17:00:00Z,Buffalo Bills,New England Patriots,draftkings,player_rush_yds,Drake Maye,Under,27.5,-108,2026-10-04T04:54:01Z
20261004T045441Z,573cc0ef39631a4f6673ec843a8bedd4,2026-10-04T17:00:00Z,Buffalo Bills,New England Patriots,draftkings,player_rush_yds,Ty Johnson,Over,4.5,-114,2026-10-04T04:54:01Z
20261004T045441Z,573cc0ef39631a4f6673ec843a8bedd4,2026-10-04T17:00:00Z,Buffalo Bills,New England Patriots,draftkings,player_rush_yds,Ty Johnson,Under,4.5,-110,2026-10-04T04:54:01Z
20261004T045441Z,573cc0ef39631a4f6673ec843a8bedd4,2026-10-04T17:00:00Z,Buffalo Bills,New England Patriots,fanduel,player_pass_yds,Josh Allen,Over,242.5,-113,2026-10-04T04:54:08Z
20261004T045441Z,573cc0ef39631a4f6673ec843a8bedd4,2026-10-04T17:00:00Z,Buffalo Bills,New England Patriots,fanduel,player_pass_yds,Josh Allen,Under,242.5,-113,2026-10-04T04:54:08Z
20261004T045441Z,573cc0ef39631a4f6673ec843a8bedd4,2026-10-04T17:00:00Z,Buffalo Bills,New England Patriots,fanduel,player_pass_yds,Drake Maye,Over,231.5,-113,2026-10-04T04:54:08Z
20261004T045441Z,573cc0ef39631a4f6673ec843a8bedd4,2026-10-04T17:00:00Z,Buffalo Bills,New England Patriots,fanduel,player_pass_yds,Drake Maye,Under,231.5,-113,2026-10-04T04:54:08Z
20261004T045441Z,573cc0ef39631a4f6673ec843a8bedd4,2026-10-04T17:00:00Z,Buffalo Bills,New England Patriots,fanduel,player_reception_yds,DJ Moore,Over,49.5,-113,2026-10-04T04:54:08Z
20261004T045441Z,573cc0ef39631a4f6673ec843a8bedd4,2026-10-04T17:00:00Z,Buffalo Bills,New England Patriots,fanduel,player_reception_yds,DJ Moore,Under,49.5,-113,2026-10-04T04:54:08Z
20261004T045441Z,573cc0ef39631a4f6673ec843a8bedd4,2026-10-04T17:00:00Z,Buffalo Bills,New England Patriots,fanduel,player_reception_yds,James Cook,Over,7.5,-113,2026-10-04T04:54:08Z
20261004T045441Z,573cc0ef39631a4f6673ec843a8bedd4,2026-10-04T17:00:00Z,Buffalo Bills,New England Patriots,fanduel,player_reception_yds,James Cook,Under,7.5,-113,2026-10-04T04:54:08Z
20261004T045441Z,573cc0ef39631a4f6673ec843a8bedd4,2026-10-04T17:00:00Z,Buffalo Bills,New England Patriots,fanduel,player_reception_yds,Mack Hollins,Over,43.5,-113,2026-10-04T04:54:08Z
20261004T045441Z,573cc0ef39631a4f6673ec843a8bedd4,2026-10-04T17:00:00Z,Buffalo Bills,New England Patriots,fanduel,player_reception_yds,Mack Hollins,Under,43.5,-113,2026-10-04T04:54:08Z
20261004T045441Z,573cc0ef39631a4f6673ec843a8bedd4,2026-10-04T17:00:00Z,Buffalo Bills,New England Patriots,fanduel,player_reception_yds,Romeo Doubs,Over,39.5,-113,2026-10-04T04:54:08Z
20261004T045441Z,573cc0ef39631a4f6673ec843a8bedd4,2026-10-04T17:00:00Z,Buffalo Bills,New England Patriots,fanduel,player_reception_yds,Romeo Doubs,Under,39.5,-113,2026-10-04T04:54:08Z
20261004T045441Z,573cc0ef39631a4f6673ec843a8bedd4,2026-10-04T17:00:00Z,Buffalo Bills,New England Patriots,fanduel,player_reception_yds,Kyle Williams,Over,12.5,-113,2026-10-04T04:54:08Z
20261004T045441Z,573cc0ef39631a4f6673ec843a8bedd4,2026-10-04T17:00:00Z,Buffalo Bills,New England Patriots,fanduel,player_reception_yds,Kyle Williams,Under,12.5,-113,2026-10-04T04:54:08Z
20261004T045441Z,573cc0ef39631a4f6673ec843a8bedd4,2026-10-04T17:00:00Z,Buffalo Bills,New England Patriots,fanduel,player_reception_yds,Dawson Knox,Over,9.5,-113,2026-10-04T04:54:08Z
20261004T045441Z,573cc0ef39631a4f6673ec843a8bedd4,2026-10-04T17:00:00Z,Buffalo Bills,New England Patriots,fanduel,player_reception_yds,Dawson Knox,Under,9.5,-113,2026-10-04T04:54:08Z
20261004T045441Z,573cc0ef39631a4f6673ec843a8bedd4,2026-10-04T17:00:00Z,Buffalo Bills,New England Patriots,fanduel,player_reception_yds,Dalton Kincaid,Over,47.5,-113,2026-10-04T04:54:08Z
20261004T045441Z,573cc0ef39631a4f6673ec843a8bedd4,2026-10-04T17:00:00Z,Buffalo Bills,New England Patriots,fanduel,player_reception_yds,Dalton Kincaid,Under,47.5,-113,2026-10-04T04:54:08Z
20261004T045441Z,573cc0ef39631a4f6673ec843a8bedd4,2026-10-04T17:00:00Z,Buffalo Bills,New England Patriots,fanduel,player_reception_yds,Khalil Shakir,Over,38.5,-113,2026-10-04T04:54:08Z
20261004T045441Z,573cc0ef39631a4f6673ec843a8bedd4,2026-10-04T17:00:00Z,Buffalo Bills,New England Patriots,fanduel,player_reception_yds,Khalil Shakir,Under,38.5,-113,2026-10-04T04:54:08Z
20261004T045441Z,573cc0ef39631a4f6673ec843a8bedd4,2026-10-04T17:00:00Z,Buffalo Bills,New England Patriots,fanduel,player_reception_yds,Keon Coleman,Over,12.5,-113,2026-10-04T04:54:08Z
20261004T045441Z,573cc0ef39631a4f6673ec843a8bedd4,2026-10-04T17:00:00Z,Buffalo Bills,New England Patriots,fanduel,player_reception_yds,Keon Coleman,Under,12.5,-113,2026-10-04T04:54:08Z
20261004T045441Z,573cc0ef39631a4f6673ec843a8bedd4,2026-10-04T17:00:00Z,Buffalo Bills,New England Patriots,fanduel,player_reception_yds,Rhamondre Stevenson,Over,17.5,-113,2026-10-04T04:54:08Z
20261004T045441Z,573cc0ef39631a4f6673ec843a8bedd4,2026-10-04T17:00:00Z,Buffalo Bills,New England Patriots,fanduel,player_reception_yds,Rhamondre Stevenson,Under,17.5,-113,2026-10-04T04:54:08Z
20261004T045441Z,573cc0ef39631a4f6673ec843a8bedd4,2026-10-04T17:00:00Z,Buffalo Bills,New England Patriots,fanduel,player_reception_yds,DeMario Douglas,Over,30.5,-113,2026-10-04T04:54:08Z
20261004T045441Z,573cc0ef39631a4f6673ec843a8bedd4,2026-10-04T17:00:00Z,Buffalo Bills,New England Patriots,fanduel,player_reception_yds,DeMario Douglas,Under,30.5,-113,2026-10-04T04:54:08Z
20261004T045441Z,573cc0ef39631a4f6673ec843a8bedd4,2026-10-04T17:00:00Z,Buffalo Bills,New England Patriots,fanduel,player_reception_yds,TreVeyon Henderson,Over,7.5,-113,2026-10-04T04:54:08Z
20261004T045441Z,573cc0ef39631a4f6673ec843a8bedd4,2026-10-04T17:00:00Z,Buffalo Bills,New England Patriots,fanduel,player_reception_yds,TreVeyon Henderson,Under,7.5,-113,2026-10-04T04:54:08Z
20261004T045441Z,573cc0ef39631a4f6673ec843a8bedd4,2026-10-04T17:00:00Z,Buffalo Bills,New England Patriots,fanduel,player_reception_yds,Ty Johnson,Over,11.5,-113,2026-10-04T04:54:08Z
20261004T045441Z,573cc0ef39631a4f6673ec843a8bedd4,2026-10-04T17:00:00Z,Buffalo Bills,New England Patriots,fanduel,player_reception_yds,Ty Johnson,Under,11.5,-113,2026-10-04T04:54:08Z
20261004T045441Z,573cc0ef39631a4f6673ec843a8bedd4,2026-10-04T17:00:00Z,Buffalo Bills,New England Patriots,fanduel,player_reception_yds,Hunter Henry,Over,30.5,-113,2026-10-04T04:54:08Z
20261004T045441Z,573cc0ef39631a4f6673ec843a8bedd4,2026-10-04T17:00:00Z,Buffalo Bills,New England Patriots,fanduel,player_reception_yds,Hunter Henry,Under,30.5,-113,2026-10-04T04:54:08Z
20261004T045441Z,573cc0ef39631a4f6673ec843a8bedd4,2026-10-04T17:00:00Z,Buffalo Bills,New England Patriots,fanduel,player_receptions,Hunter Henry,Over,3.5,112,2026-10-04T04:54:08Z
20261004T045441Z,573cc0ef39631a4f6673ec843a8bedd4,2026-10-04T17:00:00Z,Buffalo Bills,New England Patriots,fanduel,player_receptions,Hunter Henry,Under,3.5,-148,2026-10-04T04:54:08Z
20261004T045441Z,573cc0ef39631a4f6673ec843a8bedd4,2026-10-04T17:00:00Z,Buffalo Bills,New England Patriots,fanduel,player_receptions,Ty Johnson,Over,1.5,-136,2026-10-04T04:54:08Z
20261004T045441Z,573cc0ef39631a4f6673ec843a8bedd4,2026-10-04T17:00:00Z,Buffalo Bills,New England Patriots,fanduel,player_receptions,Ty Johnson,Under,1.5,102,2026-10-04T04:54:08Z
20261004T045441Z,573cc0ef39631a4f6673ec843a8bedd4,2026-10-04T17:00:00Z,Buffalo Bills,New England Patriots,fanduel,player_receptions,Dalton Kincaid,Over,4.5,112,2026-10-04T04:54:08Z
20261004T045441Z,573cc0ef39631a4f6673ec843a8bedd4,2026-10-04T17:00:00Z,Buffalo Bills,New England Patriots,fanduel,player_receptions,Dalton Kincaid,Under,4.5,-148,2026-10-04T04:54:08Z
20261004T045441Z,573cc0ef39631a4f6673ec843a8bedd4,2026-10-04T17:00:00Z,Buffalo Bills,New England Patriots,fanduel,player_receptions,TreVeyon Henderson,Over,1.5,134,2026-10-04T04:54:08Z
20261004T045441Z,573cc0ef39631a4f6673ec843a8bedd4,2026-10-04T17:00:00Z,Buffalo Bills,New England Patriots,fanduel,player_receptions,TreVeyon Henderson,Under,1.5,-180,2026-10-04T04:54:08Z
20261004T045441Z,573cc0ef39631a4f6673ec843a8bedd4,2026-10-04T17:00:00Z,Buffalo Bills,New England Patriots,fanduel,player_receptions,Dawson Knox,Over,1.5,152,2026-10-04T04:54:08Z
20261004T045441Z,573cc0ef39631a4f6673ec843a8bedd4,2026-10-04T17:00:00Z,Buffalo Bills,New England Patriots,fanduel,player_receptions,Dawson Knox,Under,1.5,-205,2026-10-04T04:54:08Z
20261004T045441Z,573cc0ef39631a4f6673ec843a8bedd4,2026-10-04T17:00:00Z,Buffalo Bills,New England Patriots,fanduel,player_receptions,DeMario Douglas,Over,2.5,-148,2026-10-04T04:54:08Z
20261004T045441Z,573cc0ef39631a4f6673ec843a8bedd4,2026-10-04T17:00:00Z,Buffalo Bills,New England Patriots,fanduel,player_receptions,DeMario Douglas,Under,2.5,112,2026-10-04T04:54:08Z
20261004T045441Z,573cc0ef39631a4f6673ec843a8bedd4,2026-10-04T17:00:00Z,Buffalo Bills,New England Patriots,fanduel,player_receptions,Romeo Doubs,Over,3.5,112,2026-10-04T04:54:08Z
20261004T045441Z,573cc0ef39631a4f6673ec843a8bedd4,2026-10-04T17:00:00Z,Buffalo Bills,New England Patriots,fanduel,player_receptions,Romeo Doubs,Under,3.5,-148,2026-10-04T04:54:08Z
20261004T045441Z,573cc0ef39631a4f6673ec843a8bedd4,2026-10-04T17:00:00Z,Buffalo Bills,New England Patriots,fanduel,player_receptions,James Cook,Over,1.5,-108,2026-10-04T04:54:08Z
20261004T045441Z,573cc0ef39631a4f6673ec843a8bedd4,2026-10-04T17:00:00Z,Buffalo Bills,New England Patriots,fanduel,player_receptions,James Cook,Under,1.5,-122,2026-10-04T04:54:08Z
20261004T045441Z,573cc0ef39631a4f6673ec843a8bedd4,2026-10-04T17:00:00Z,Buffalo Bills,New England Patriots,fanduel,player_receptions,Rhamondre Stevenson,Over,2.5,-118,2026-10-04T04:54:08Z
20261004T045441Z,573cc0ef39631a4f6673ec843a8bedd4,2026-10-04T17:00:00Z,Buffalo Bills,New England Patriots,fanduel,player_receptions,Rhamondre Stevenson,Under,2.5,-112,2026-10-04T04:54:08Z
20261004T045441Z,573cc0ef39631a4f6673ec843a8bedd4,2026-10-04T17:00:00Z,Buffalo Bills,New England Patriots,fanduel,player_receptions,Keon Coleman,Over,1.5,-102,2026-10-04T04:54:08Z
20261004T045441Z,573cc0ef39631a4f6673ec843a8bedd4,2026-10-04T17:00:00Z,Buffalo Bills,New England Patriots,fanduel,player_receptions,Keon Coleman,Under,1.5,-130,2026-10-04T04:54:08Z
20261004T045441Z,573cc0ef39631a4f6673ec843a8bedd4,2026-10-04T17:00:00Z,Buffalo Bills,New England Patriots,fanduel,player_receptions,Kyle Williams,Over,0.5,-205,2026-10-04T04:54:08Z
20261004T045441Z,573cc0ef39631a4f6673ec843a8bedd4,2026-10-04T17:00:00Z,Buffalo Bills,New England Patriots,fanduel,player_receptions,Kyle Williams,Under,0.5,152,2026-10-04T04:54:08Z
20261004T045441Z,573cc0ef39631a4f6673ec843a8bedd4,2026-10-04T17:00:00Z,Buffalo Bills,New England Patriots,fanduel,player_receptions,Khalil Shakir,Over,3.5,-154,2026-10-04T04:54:08Z
20261004T045441Z,573cc0ef39631a4f6673ec843a8bedd4,2026-10-04T17:00:00Z,Buffalo Bills,New England Patriots,fanduel,player_receptions,Khalil Shakir,Under,3.5,116,2026-10-04T04:54:08Z
20261004T045441Z,573cc0ef39631a4f6673ec843a8bedd4,2026-10-04T17:00:00Z,Buffalo Bills,New England Patriots,fanduel,player_receptions,DJ Moore,Over,3.5,-158,2026-10-04T04:54:08Z
20261004T045441Z,573cc0ef39631a4f6673ec843a8bedd4,2026-10-04T17:00:00Z,Buffalo Bills,New England Patriots,fanduel,player_receptions,DJ Moore,Under,3.5,118,2026-10-04T04:54:08Z
20261004T045441Z,573cc0ef39631a4f6673ec843a8bedd4,2026-10-04T17:00:00Z,Buffalo Bills,New England Patriots,fanduel,player_receptions,Mack Hollins,Over,3.5,-130,2026-10-04T04:54:08Z
20261004T045441Z,573cc0ef39631a4f6673ec843a8bedd4,2026-10-04T17:00:00Z,Buffalo Bills,New England Patriots,fanduel,player_receptions,Mack Hollins,Under,3.5,-102,2026-10-04T04:54:08Z
20261004T045441Z,573cc0ef39631a4f6673ec843a8bedd4,2026-10-04T17:00:00Z,Buffalo Bills,New England Patriots,fanduel,player_rush_yds,Josh Allen,Over,31.5,-113,2026-10-04T04:54:08Z
20261004T045441Z,573cc0ef39631a4f6673ec843a8bedd4,2026-10-04T17:00:00Z,Buffalo Bills,New England Patriots,fanduel,player_rush_yds,Josh Allen,Under,31.5,-113,2026-10-04T04:54:08Z
20261004T045441Z,573cc0ef39631a4f6673ec843a8bedd4,2026-10-04T17:00:00Z,Buffalo Bills,New England Patriots,fanduel,player_rush_yds,Rhamondre Stevenson,Over,32.5,-113,2026-10-04T04:54:08Z
20261004T045441Z,573cc0ef39631a4f6673ec843a8bedd4,2026-10-04T17:00:00Z,Buffalo Bills,New England Patriots,fanduel,player_rush_yds,Rhamondre Stevenson,Under,32.5,-113,2026-10-04T04:54:08Z
20261004T045441Z,573cc0ef39631a4f6673ec843a8bedd4,2026-10-04T17:00:00Z,Buffalo Bills,New England Patriots,fanduel,player_rush_yds,Drake Maye,Over,26.5,-113,2026-10-04T04:54:08Z
20261004T045441Z,573cc0ef39631a4f6673ec843a8bedd4,2026-10-04T17:00:00Z,Buffalo Bills,New England Patriots,fanduel,player_rush_yds,Drake Maye,Under,26.5,-113,2026-10-04T04:54:08Z
20261004T045441Z,573cc0ef39631a4f6673ec843a8bedd4,2026-10-04T17:00:00Z,Buffalo Bills,New England Patriots,fanduel,player_rush_yds,TreVeyon Henderson,Over,39.5,-113,2026-10-04T04:54:08Z
20261004T045441Z,573cc0ef39631a4f6673ec843a8bedd4,2026-10-04T17:00:00Z,Buffalo Bills,New England Patriots,fanduel,player_rush_yds,TreVeyon Henderson,Under,39.5,-113,2026-10-04T04:54:08Z
20261004T045441Z,573cc0ef39631a4f6673ec843a8bedd4,2026-10-04T17:00:00Z,Buffalo Bills,New England Patriots,fanduel,player_rush_yds,James Cook,Over,84.5,-113,2026-10-04T04:54:08Z
20261004T045441Z,573cc0ef39631a4f6673ec843a8bedd4,2026-10-04T17:00:00Z,Buffalo Bills,New England Patriots,fanduel,player_rush_yds,James Cook,Under,84.5,-113,2026-10-04T04:54:08Z
20261004T045441Z,573cc0ef39631a4f6673ec843a8bedd4,2026-10-04T17:00:00Z,Buffalo Bills,New England Patriots,fanduel,player_rush_yds,Ty Johnson,Over,4.5,-113,2026-10-04T04:54:08Z
20261004T045441Z,573cc0ef39631a4f6673ec843a8bedd4,2026-10-04T17:00:00Z,Buffalo Bills,New England Patriots,fanduel,player_rush_yds,Ty Johnson,Under,4.5,-113,2026-10-04T04:54:08Z
20261004T045441Z,573cc0ef39631a4f6673ec843a8bedd4,2026-10-04T17:00:00Z,Buffalo Bills,New England Patriots,betonlineag,player_pass_yds,Drake Maye,Over,231.5,-111,2026-10-04T04:53:55Z
20261004T045441Z,573cc0ef39631a4f6673ec843a8bedd4,2026-10-04T17:00:00Z,Buffalo Bills,New England Patriots,betonlineag,player_pass_yds,Drake Maye,Under,231.5,-116,2026-10-04T04:53:55Z
20261004T045441Z,573cc0ef39631a4f6673ec843a8bedd4,2026-10-04T17:00:00Z,Buffalo Bills,New England Patriots,betonlineag,player_pass_yds,Josh Allen,Over,242.5,-114,2026-10-04T04:53:55Z
20261004T045441Z,573cc0ef39631a4f6673ec843a8bedd4,2026-10-04T17:00:00Z,Buffalo Bills,New England Patriots,betonlineag,player_pass_yds,Josh Allen,Under,242.5,-114,2026-10-04T04:53:55Z
20261004T045441Z,573cc0ef39631a4f6673ec843a8bedd4,2026-10-04T17:00:00Z,Buffalo Bills,New England Patriots,betonlineag,player_reception_yds,Romeo Doubs,Over,39.5,-116,2026-10-04T04:53:55Z
20261004T045441Z,573cc0ef39631a4f6673ec843a8bedd4,2026-10-04T17:00:00Z,Buffalo Bills,New England Patriots,betonlineag,player_reception_yds,Romeo Doubs,Under,39.5,-111,2026-10-04T04:53:55Z
20261004T045441Z,573cc0ef39631a4f6673ec843a8bedd4,2026-10-04T17:00:00Z,Buffalo Bills,New England Patriots,betonlineag,player_reception_yds,Mack Hollins,Over,43.5,-116,2026-10-04T04:53:55Z
20261004T045441Z,573cc0ef39631a4f6673ec843a8bedd4,2026-10-04T17:00:00Z,Buffalo Bills,New England Patriots,betonlineag,player_reception_yds,Mack Hollins,Under,43.5,-111,2026-10-04T04:53:55Z
20261004T045441Z,573cc0ef39631a4f6673ec843a8bedd4,2026-10-04T17:00:00Z,Buffalo Bills,New England Patriots,betonlineag,player_reception_yds,TreVeyon Henderson,Over,7.5,-115,2026-10-04T04:53:55Z
20261004T045441Z,573cc0ef39631a4f6673ec843a8bedd4,2026-10-04T17:00:00Z,Buffalo Bills,New England Patriots,betonlineag,player_reception_yds,TreVeyon Henderson,Under,7.5,-112,2026-10-04T04:53:55Z
20261004T045441Z,573cc0ef39631a4f6673ec843a8bedd4,2026-10-04T17:00:00Z,Buffalo Bills,New England Patriots,betonlineag,player_reception_yds,Keon Coleman,Over,13.5,-119,2026-10-04T04:53:55Z
20261004T045441Z,573cc0ef39631a4f6673ec843a8bedd4,2026-10-04T17:00:00Z,Buffalo Bills,New England Patriots,betonlineag,player_reception_yds,Keon Coleman,Under,13.5,-109,2026-10-04T04:53:55Z
20261004T045441Z,573cc0ef39631a4f6673ec843a8bedd4,2026-10-04T17:00:00Z,Buffalo Bills,New England Patriots,betonlineag,player_reception_yds,Hunter Henry,Over,30.5,-116,2026-10-04T04:53:55Z
20261004T045441Z,573cc0ef39631a4f6673ec843a8bedd4,2026-10-04T17:00:00Z,Buffalo Bills,New England Patriots,betonlineag,player_reception_yds,Hunter Henry,Under,30.5,-111,2026-10-04T04:53:55Z
20261004T045441Z,573cc0ef39631a4f6673ec843a8bedd4,2026-10-04T17:00:00Z,Buffalo Bills,New England Patriots,betonlineag,player_reception_yds,Khalil Shakir,Over,38.5,-111,2026-10-04T04:53:55Z
20261004T045441Z,573cc0ef39631a4f6673ec843a8bedd4,2026-10-04T17:00:00Z,Buffalo Bills,New England Patriots,betonlineag,player_reception_yds,Khalil Shakir,Under,38.5,-116,2026-10-04T04:53:55Z
20261004T045441Z,573cc0ef39631a4f6673ec843a8bedd4,2026-10-04T17:00:00Z,Buffalo Bills,New England Patriots,betonlineag,player_reception_yds,DJ Moore,Over,49.5,-119,2026-10-04T04:53:55Z
20261004T045441Z,573cc0ef39631a4f6673ec843a8bedd4,2026-10-04T17:00:00Z,Buffalo Bills,New England Patriots,betonlineag,player_reception_yds,DJ Moore,Under,49.5,-109,2026-10-04T04:53:55Z
20261004T045441Z,573cc0ef39631a4f6673ec843a8bedd4,2026-10-04T17:00:00Z,Buffalo Bills,New England Patriots,betonlineag,player_reception_yds,Dawson Knox,Over,9.5,-115,2026-10-04T04:53:55Z
20261004T045441Z,573cc0ef39631a4f6673ec843a8bedd4,2026-10-04T17:00:00Z,Buffalo Bills,New England Patriots,betonlineag,player_reception_yds,Dawson Knox,Under,9.5,-112,2026-10-04T04:53:55Z
20261004T045441Z,573cc0ef39631a4f6673ec843a8bedd4,2026-10-04T17:00:00Z,Buffalo Bills,New England Patriots,betonlineag,player_reception_yds,Kyle Williams,Over,12.5,-115,2026-10-04T04:53:55Z
20261004T045441Z,573cc0ef39631a4f6673ec843a8bedd4,2026-10-04T17:00:00Z,Buffalo Bills,New England Patriots,betonlineag,player_reception_yds,Kyle Williams,Under,12.5,-112,2026-10-04T04:53:55Z
20261004T045441Z,573cc0ef39631a4f6673ec843a8bedd4,2026-10-04T17:00:00Z,Buffalo Bills,New England Patriots,betonlineag,player_reception_yds,James Cook,Over,8.5,-120,2026-10-04T04:53:55Z
20261004T045441Z,573cc0ef39631a4f6673ec843a8bedd4,2026-10-04T17:00:00Z,Buffalo Bills,New England Patriots,betonlineag,player_reception_yds,James Cook,Under,8.5,-108,2026-10-04T04:53:55Z
20261004T045441Z,573cc0ef39631a4f6673ec843a8bedd4,2026-10-04T17:00:00Z,Buffalo Bills,New England Patriots,betonlineag,player_reception_yds,Ty Johnson,Over,11.5,-114,2026-10-04T04:53:55Z
20261004T045441Z,573cc0ef39631a4f6673ec843a8bedd4,2026-10-04T17:00:00Z,Buffalo Bills,New England Patriots,betonlineag,player_reception_yds,Ty Johnson,Under,11.5,-114,2026-10-04T04:53:55Z
20261004T045441Z,573cc0ef39631a4f6673ec843a8bedd4,2026-10-04T17:00:00Z,Buffalo Bills,New England Patriots,betonlineag,player_reception_yds,Dalton Kincaid,Over,47.5,-116,2026-10-04T04:53:55Z
20261004T045441Z,573cc0ef39631a4f6673ec843a8bedd4,2026-10-04T17:00:00Z,Buffalo Bills,New England Patriots,betonlineag,player_reception_yds,Dalton Kincaid,Under,47.5,-111,2026-10-04T04:53:55Z
20261004T045441Z,573cc0ef39631a4f6673ec843a8bedd4,2026-10-04T17:00:00Z,Buffalo Bills,New England Patriots,betonlineag,player_reception_yds,DeMario Douglas,Over,29.5,-112,2026-10-04T04:53:55Z
20261004T045441Z,573cc0ef39631a4f6673ec843a8bedd4,2026-10-04T17:00:00Z,Buffalo Bills,New England Patriots,betonlineag,player_reception_yds,DeMario Douglas,Under,29.5,-115,2026-10-04T04:53:55Z
20261004T045441Z,573cc0ef39631a4f6673ec843a8bedd4,2026-10-04T17:00:00Z,Buffalo Bills,New England Patriots,betonlineag,player_reception_yds,Rhamondre Stevenson,Over,17.5,-115,2026-10-04T04:53:55Z
20261004T045441Z,573cc0ef39631a4f6673ec843a8bedd4,2026-10-04T17:00:00Z,Buffalo Bills,New England Patriots,betonlineag,player_reception_yds,Rhamondre Stevenson,Under,17.5,-112,2026-10-04T04:53:55Z
20261004T045441Z,573cc0ef39631a4f6673ec843a8bedd4,2026-10-04T17:00:00Z,Buffalo Bills,New England Patriots,betonlineag,player_receptions,Ty Johnson,Over,1.5,-130,2026-10-04T04:53:55Z
20261004T045441Z,573cc0ef39631a4f6673ec843a8bedd4,2026-10-04T17:00:00Z,Buffalo Bills,New England Patriots,betonlineag,player_receptions,Ty Johnson,Under,1.5,101,2026-10-04T04:53:55Z
20261004T045441Z,573cc0ef39631a4f6673ec843a8bedd4,2026-10-04T17:00:00Z,Buffalo Bills,New England Patriots,betonlineag,player_receptions,Keon Coleman,Over,1.5,-108,2026-10-04T04:53:55Z
20261004T045441Z,573cc0ef39631a4f6673ec843a8bedd4,2026-10-04T17:00:00Z,Buffalo Bills,New England Patriots,betonlineag,player_receptions,Keon Coleman,Under,1.5,-120,2026-10-04T04:53:55Z
20261004T045441Z,573cc0ef39631a4f6673ec843a8bedd4,2026-10-04T17:00:00Z,Buffalo Bills,New England Patriots,betonlineag,player_receptions,DJ Moore,Over,3.5,-169,2026-10-04T04:53:55Z
20261004T045441Z,573cc0ef39631a4f6673ec843a8bedd4,2026-10-04T17:00:00Z,Buffalo Bills,New England Patriots,betonlineag,player_receptions,DJ Moore,Under,3.5,130,2026-10-04T04:53:55Z
20261004T045441Z,573cc0ef39631a4f6673ec843a8bedd4,2026-10-04T17:00:00Z,Buffalo Bills,New England Patriots,betonlineag,player_receptions,Romeo Doubs,Over,3.5,115,2026-10-04T04:53:55Z
20261004T045441Z,573cc0ef39631a4f6673ec843a8bedd4,2026-10-04T17:00:00Z,Buffalo Bills,New England Patriots,betonlineag,player_receptions,Romeo Doubs,Under,3.5,-149,2026-10-04T04:53:55Z
20261004T045441Z,573cc0ef39631a4f6673ec843a8bedd4,2026-10-04T17:00:00Z,Buffalo Bills,New England Patriots,betonlineag,player_receptions,Rhamondre Stevenson,Over,2.5,-108,2026-10-04T04:53:55Z
20261004T045441Z,573cc0ef39631a4f6673ec843a8bedd4,2026-10-04T17:00:00Z,Buffalo Bills,New England Patriots,betonlineag,player_receptions,Rhamondre Stevenson,Under,2.5,-120,2026-10-04T04:53:55Z
20261004T045441Z,573cc0ef39631a4f6673ec843a8bedd4,2026-10-04T17:00:00Z,Buffalo Bills,New England Patriots,betonlineag,player_receptions,James Cook,Over,1.5,-128,2026-10-04T04:53:55Z
20261004T045441Z,573cc0ef39631a4f6673ec843a8bedd4,2026-10-04T17:00:00Z,Buffalo Bills,New England Patriots,betonlineag,player_receptions,James Cook,Under,1.5,-101,2026-10-04T04:53:55Z
20261004T045441Z,573cc0ef39631a4f6673ec843a8bedd4,2026-10-04T17:00:00Z,Buffalo Bills,New England Patriots,betonlineag,player_receptions,Mack Hollins,Over,3.5,-120,2026-10-04T04:53:55Z
20261004T045441Z,573cc0ef39631a4f6673ec843a8bedd4,2026-10-04T17:00:00Z,Buffalo Bills,New England Patriots,betonlineag,player_receptions,Mack Hollins,Under,3.5,-108,2026-10-04T04:53:55Z
20261004T045441Z,573cc0ef39631a4f6673ec843a8bedd4,2026-10-04T17:00:00Z,Buffalo Bills,New England Patriots,betonlineag,player_receptions,Hunter Henry,Over,3.5,110,2026-10-04T04:53:55Z
20261004T045441Z,573cc0ef39631a4f6673ec843a8bedd4,2026-10-04T17:00:00Z,Buffalo Bills,New England Patriots,betonlineag,player_receptions,Hunter Henry,Under,3.5,-143,2026-10-04T04:53:55Z
20261004T045441Z,573cc0ef39631a4f6673ec843a8bedd4,2026-10-04T17:00:00Z,Buffalo Bills,New England Patriots,betonlineag,player_receptions,Khalil Shakir,Over,3.5,-145,2026-10-04T04:53:55Z
20261004T045441Z,573cc0ef39631a4f6673ec843a8bedd4,2026-10-04T17:00:00Z,Buffalo Bills,New England Patriots,betonlineag,player_receptions,Khalil Shakir,Under,3.5,112,2026-10-04T04:53:55Z
20261004T045441Z,573cc0ef39631a4f6673ec843a8bedd4,2026-10-04T17:00:00Z,Buffalo Bills,New England Patriots,betonlineag,player_receptions,TreVeyon Henderson,Over,1.5,130,2026-10-04T04:53:55Z
20261004T045441Z,573cc0ef39631a4f6673ec843a8bedd4,2026-10-04T17:00:00Z,Buffalo Bills,New England Patriots,betonlineag,player_receptions,TreVeyon Henderson,Under,1.5,-169,2026-10-04T04:53:55Z
20261004T045441Z,573cc0ef39631a4f6673ec843a8bedd4,2026-10-04T17:00:00Z,Buffalo Bills,New England Patriots,betonlineag,player_receptions,DeMario Douglas,Over,2.5,-149,2026-10-04T04:53:55Z
20261004T045441Z,573cc0ef39631a4f6673ec843a8bedd4,2026-10-04T17:00:00Z,Buffalo Bills,New England Patriots,betonlineag,player_receptions,DeMario Douglas,Under,2.5,115,2026-10-04T04:53:55Z
20261004T045441Z,573cc0ef39631a4f6673ec843a8bedd4,2026-10-04T17:00:00Z,Buffalo Bills,New England Patriots,betonlineag,player_receptions,Dalton Kincaid,Over,4.5,125,2026-10-04T04:53:55Z
20261004T045441Z,573cc0ef39631a4f6673ec843a8bedd4,2026-10-04T17:00:00Z,Buffalo Bills,New England Patriots,betonlineag,player_receptions,Dalton Kincaid,Under,4.5,-164,2026-10-04T04:53:55Z
20261004T045441Z,573cc0ef39631a4f6673ec843a8bedd4,2026-10-04T17:00:00Z,Buffalo Bills,New England Patriots,betonlineag,player_receptions,Dawson Knox,Over,1.5,139,2026-10-04T04:53:55Z
20261004T045441Z,573cc0ef39631a4f6673ec843a8bedd4,2026-10-04T17:00:00Z,Buffalo Bills,New England Patriots,betonlineag,player_receptions,Dawson Knox,Under,1.5,-182,2026-10-04T04:53:55Z
20261004T045441Z,573cc0ef39631a4f6673ec843a8bedd4,2026-10-04T17:00:00Z,Buffalo Bills,New England Patriots,betonlineag,player_receptions,Kyle Williams,Over,0.5,-208,2026-10-04T04:53:55Z
20261004T045441Z,573cc0ef39631a4f6673ec843a8bedd4,2026-10-04T17:00:00Z,Buffalo Bills,New England Patriots,betonlineag,player_receptions,Kyle Williams,Under,0.5,158,2026-10-04T04:53:55Z
20261004T045441Z,573cc0ef39631a4f6673ec843a8bedd4,2026-10-04T17:00:00Z,Buffalo Bills,New England Patriots,betonlineag,player_rush_yds,Josh Allen,Over,31.5,-115,2026-10-04T04:53:55Z
20261004T045441Z,573cc0ef39631a4f6673ec843a8bedd4,2026-10-04T17:00:00Z,Buffalo Bills,New England Patriots,betonlineag,player_rush_yds,Josh Allen,Under,31.5,-112,2026-10-04T04:53:55Z
20261004T045441Z,573cc0ef39631a4f6673ec843a8bedd4,2026-10-04T17:00:00Z,Buffalo Bills,New England Patriots,betonlineag,player_rush_yds,Drake Maye,Over,26.5,-123,2026-10-04T04:53:55Z
20261004T045441Z,573cc0ef39631a4f6673ec843a8bedd4,2026-10-04T17:00:00Z,Buffalo Bills,New England Patriots,betonlineag,player_rush_yds,Drake Maye,Under,26.5,-105,2026-10-04T04:53:55Z
20261004T045441Z,573cc0ef39631a4f6673ec843a8bedd4,2026-10-04T17:00:00Z,Buffalo Bills,New England Patriots,betonlineag,player_rush_yds,Rhamondre Stevenson,Over,32.5,-116,2026-10-04T04:53:55Z
20261004T045441Z,573cc0ef39631a4f6673ec843a8bedd4,2026-10-04T17:00:00Z,Buffalo Bills,New England Patriots,betonlineag,player_rush_yds,Rhamondre Stevenson,Under,32.5,-111,2026-10-04T04:53:55Z
20261004T045441Z,573cc0ef39631a4f6673ec843a8bedd4,2026-10-04T17:00:00Z,Buffalo Bills,New England Patriots,betonlineag,player_rush_yds,TreVeyon Henderson,Over,39.5,-112,2026-10-04T04:53:55Z
20261004T045441Z,573cc0ef39631a4f6673ec843a8bedd4,2026-10-04T17:00:00Z,Buffalo Bills,New England Patriots,betonlineag,player_rush_yds,TreVeyon Henderson,Under,39.5,-115,2026-10-04T04:53:55Z
20261004T045441Z,573cc0ef39631a4f6673ec843a8bedd4,2026-10-04T17:00:00Z,Buffalo Bills,New England Patriots,betonlineag,player_rush_yds,Ty Johnson,Over,4.5,-116,2026-10-04T04:53:55Z
20261004T045441Z,573cc0ef39631a4f6673ec843a8bedd4,2026-10-04T17:00:00Z,Buffalo Bills,New England Patriots,betonlineag,player_rush_yds,Ty Johnson,Under,4.5,-111,2026-10-04T04:53:55Z
20261004T045441Z,573cc0ef39631a4f6673ec843a8bedd4,2026-10-04T17:00:00Z,Buffalo Bills,New England Patriots,betonlineag,player_rush_yds,James Cook,Over,85.5,-114,2026-10-04T04:53:55Z
20261004T045441Z,573cc0ef39631a4f6673ec843a8bedd4,2026-10-04T17:00:00Z,Buffalo Bills,New England Patriots,betonlineag,player_rush_yds,James Cook,Under,85.5,-114,2026-10-04T04:53:55Z
20261004T045441Z,573cc0ef39631a4f6673ec843a8bedd4,2026-10-04T17:00:00Z,Buffalo Bills,New England Patriots,betrivers,player_pass_yds,Drake Maye,Over,225.5,-114,2026-10-04T04:54:22Z
20261004T045441Z,573cc0ef39631a4f6673ec843a8bedd4,2026-10-04T17:00:00Z,Buffalo Bills,New England Patriots,betrivers,player_pass_yds,Drake Maye,Under,225.5,-117,2026-10-04T04:54:22Z
20261004T045441Z,573cc0ef39631a4f6673ec843a8bedd4,2026-10-04T17:00:00Z,Buffalo Bills,New England Patriots,betrivers,player_pass_yds,Josh Allen,Over,240.5,-114,2026-10-04T04:54:22Z
20261004T045441Z,573cc0ef39631a4f6673ec843a8bedd4,2026-10-04T17:00:00Z,Buffalo Bills,New England Patriots,betrivers,player_pass_yds,Josh Allen,Under,240.5,-115,2026-10-04T04:54:22Z
20261004T045441Z,573cc0ef39631a4f6673ec843a8bedd4,2026-10-04T17:00:00Z,Buffalo Bills,New England Patriots,betrivers,player_reception_yds,Khalil Shakir,Over,40.5,-117,2026-10-04T04:54:22Z
20261004T045441Z,573cc0ef39631a4f6673ec843a8bedd4,2026-10-04T17:00:00Z,Buffalo Bills,New England Patriots,betrivers,player_reception_yds,Khalil Shakir,Under,40.5,-114,2026-10-04T04:54:22Z
20261004T045441Z,573cc0ef39631a4f6673ec843a8bedd4,2026-10-04T17:00:00Z,Buffalo Bills,New England Patriots,betrivers,player_reception_yds,Mack Hollins,Over,43.5,-115,2026-10-04T04:54:22Z
20261004T045441Z,573cc0ef39631a4f6673ec843a8bedd4,2026-10-04T17:00:00Z,Buffalo Bills,New England Patriots,betrivers,player_reception_yds,Mack Hollins,Under,43.5,-115,2026-10-04T04:54:22Z
20261004T045441Z,573cc0ef39631a4f6673ec843a8bedd4,2026-10-04T17:00:00Z,Buffalo Bills,New England Patriots,betrivers,player_reception_yds,Dalton Kincaid,Over,49.5,-117,2026-10-04T04:54:22Z
20261004T045441Z,573cc0ef39631a4f6673ec843a8bedd4,2026-10-04T17:00:00Z,Buffalo Bills,New England Patriots,betrivers,player_reception_yds,Dalton Kincaid,Under,49.5,-114,2026-10-04T04:54:22Z
20261004T045441Z,573cc0ef39631a4f6673ec843a8bedd4,2026-10-04T17:00:00Z,Buffalo Bills,New England Patriots,betrivers,player_reception_yds,James Cook,Over,8.5,-124,2026-10-04T04:54:22Z
20261004T045441Z,573cc0ef39631a4f6673ec843a8bedd4,2026-10-04T17:00:00Z,Buffalo Bills,New England Patriots,betrivers,player_reception_yds,James Cook,Under,8.5,-108,2026-10-04T04:54:22Z
20261004T045441Z,573cc0ef39631a4f6673ec843a8bedd4,2026-10-04T17:00:00Z,Buffalo Bills,New England Patriots,betrivers,player_reception_yds,Hunter Henry,Over,32.5,-117,2026-10-04T04:54:22Z
20261004T045441Z,573cc0ef39631a4f6673ec843a8bedd4,2026-10-04T17:00:00Z,Buffalo Bills,New England Patriots,betrivers,player_reception_yds,Hunter Henry,Under,32.5,-114,2026-10-04T04:54:22Z
20261004T045441Z,573cc0ef39631a4f6673ec843a8bedd4,2026-10-04T17:00:00Z,Buffalo Bills,New England Patriots,betrivers,player_reception_yds,Keon Coleman,Over,14.5,-113,2026-10-04T04:54:22Z
20261004T045441Z,573cc0ef39631a4f6673ec843a8bedd4,2026-10-04T17:00:00Z,Buffalo Bills,New England Patriots,betrivers,player_reception_yds,Keon Coleman,Under,14.5,-117,2026-10-04T04:54:22Z
20261004T045441Z,573cc0ef39631a4f6673ec843a8bedd4,2026-10-04T17:00:00Z,Buffalo Bills,New England Patriots,betrivers,player_reception_yds,Rhamondre Stevenson,Over,18.5,-110,2026-10-04T04:54:22Z
20261004T045441Z,573cc0ef39631a4f6673ec843a8bedd4,2026-10-04T17:00:00Z,Buffalo Bills,New England Patriots,betrivers,player_reception_yds,Rhamondre Stevenson,Under,18.5,-120,2026-10-04T04:54:22Z
20261004T045441Z,573cc0ef39631a4f6673ec843a8bedd4,2026-10-04T17:00:00Z,Buffalo Bills,New England Patriots,betrivers,player_reception_yds,DeMario Douglas,Over,28.5,-114,2026-10-04T04:54:22Z
20261004T045441Z,573cc0ef39631a4f6673ec843a8bedd4,2026-10-04T17:00:00Z,Buffalo Bills,New England Patriots,betrivers,player_reception_yds,DeMario Douglas,Under,28.5,-117,2026-10-04T04:54:22Z
20261004T045441Z,573cc0ef39631a4f6673ec843a8bedd4,2026-10-04T17:00:00Z,Buffalo Bills,New England Patriots,betrivers,player_reception_yds,DJ Moore,Over,52.5,-114,2026-10-04T04:54:22Z
20261004T045441Z,573cc0ef39631a4f6673ec843a8bedd4,2026-10-04T17:00:00Z,Buffalo Bills,New England Patriots,betrivers,player_reception_yds,DJ Moore,Under,52.5,-117,2026-10-04T04:54:22Z
20261004T045441Z,573cc0ef39631a4f6673ec843a8bedd4,2026-10-04T17:00:00Z,Buffalo Bills,New England Patriots,betrivers,player_reception_yds,Ty Johnson,Over,13.5,-112,2026-10-04T04:54:22Z
20261004T045441Z,573cc0ef39631a4f6673ec843a8bedd4,2026-10-04T17:00:00Z,Buffalo Bills,New England Patriots,betrivers,player_reception_yds,Ty Johnson,Under,13.5,-118,2026-10-04T04:54:22Z
20261004T045441Z,573cc0ef39631a4f6673ec843a8bedd4,2026-10-04T17:00:00Z,Buffalo Bills,New England Patriots,betrivers,player_reception_yds,Romeo Doubs,Over,39.5,-115,2026-10-04T04:54:22Z
20261004T045441Z,573cc0ef39631a4f6673ec843a8bedd4,2026-10-04T17:00:00Z,Buffalo Bills,New England Patriots,betrivers,player_reception_yds,Romeo Doubs,Under,39.5,-115,2026-10-04T04:54:22Z
20261004T045441Z,573cc0ef39631a4f6673ec843a8bedd4,2026-10-04T17:00:00Z,Buffalo Bills,New England Patriots,betrivers,player_reception_yds,TreVeyon Henderson,Over,6.5,-115,2026-10-04T04:54:22Z
20261004T045441Z,573cc0ef39631a4f6673ec843a8bedd4,2026-10-04T17:00:00Z,Buffalo Bills,New England Patriots,betrivers,player_reception_yds,TreVeyon Henderson,Under,6.5,-115,2026-10-04T04:54:22Z
20261004T045441Z,573cc0ef39631a4f6673ec843a8bedd4,2026-10-04T17:00:00Z,Buffalo Bills,New England Patriots,betrivers,player_receptions,Keon Coleman,Over,1.5,106,2026-10-04T04:54:22Z
20261004T045441Z,573cc0ef39631a4f6673ec843a8bedd4,2026-10-04T17:00:00Z,Buffalo Bills,New England Patriots,betrivers,player_receptions,DJ Moore,Over,3.5,-155,2026-10-04T04:54:22Z
20261004T045441Z,573cc0ef39631a4f6673ec843a8bedd4,2026-10-04T17:00:00Z,Buffalo Bills,New England Patriots,betrivers,player_receptions,Ty Johnson,Over,1.5,-125,2026-10-04T04:54:22Z
20261004T045441Z,573cc0ef39631a4f6673ec843a8bedd4,2026-10-04T17:00:00Z,Buffalo Bills,New England Patriots,betrivers,player_receptions,Mack Hollins,Over,3.5,-134,2026-10-04T04:54:22Z
20261004T045441Z,573cc0ef39631a4f6673ec843a8bedd4,2026-10-04T17:00:00Z,Buffalo Bills,New England Patriots,betrivers,player_receptions,Khalil Shakir,Over,3.5,-150,2026-10-04T04:54:22Z
20261004T045441Z,573cc0ef39631a4f6673ec843a8bedd4,2026-10-04T17:00:00Z,Buffalo Bills,New England Patriots,betrivers,player_receptions,DeMario Douglas,Over,2.5,-143,2026-10-04T04:54:22Z
20261004T045441Z,573cc0ef39631a4f6673ec843a8bedd4,2026-10-04T17:00:00Z,Buffalo Bills,New England Patriots,betrivers,player_receptions,Dalton Kincaid,Over,4.5,112,2026-10-04T04:54:22Z
20261004T045441Z,573cc0ef39631a4f6673ec843a8bedd4,2026-10-04T17:00:00Z,Buffalo Bills,New England Patriots,betrivers,player_receptions,James Cook,Over,1.5,-106,2026-10-04T04:54:22Z
20261004T045441Z,573cc0ef39631a4f6673ec843a8bedd4,2026-10-04T17:00:00Z,Buffalo Bills,New England Patriots,betrivers,player_receptions,Romeo Doubs,Over,3.5,116,2026-10-04T04:54:22Z
20261004T045441Z,573cc0ef39631a4f6673ec843a8bedd4,2026-10-04T17:00:00Z,Buffalo Bills,New England Patriots,betrivers,player_receptions,Rhamondre Stevenson,Over,2.5,-130,2026-10-04T04:54:22Z
20261004T045441Z,573cc0ef39631a4f6673ec843a8bedd4,2026-10-04T17:00:00Z,Buffalo Bills,New England Patriots,betrivers,player_receptions,Hunter Henry,Over,3.5,-112,2026-10-04T04:54:22Z
20261004T045441Z,573cc0ef39631a4f6673ec843a8bedd4,2026-10-04T17:00:00Z,Buffalo Bills,New England Patriots,betrivers,player_rush_yds,TreVeyon Henderson,Over,41.5,-118,2026-10-04T04:54:22Z
20261004T045441Z,573cc0ef39631a4f6673ec843a8bedd4,2026-10-04T17:00:00Z,Buffalo Bills,New England Patriots,betrivers,player_rush_yds,TreVeyon Henderson,Under,41.5,-113,2026-10-04T04:54:22Z
20261004T045441Z,573cc0ef39631a4f6673ec843a8bedd4,2026-10-04T17:00:00Z,Buffalo Bills,New England Patriots,betrivers,player_rush_yds,Josh Allen,Over,31.5,-118,2026-10-04T04:54:22Z
20261004T045441Z,573cc0ef39631a4f6673ec843a8bedd4,2026-10-04T17:00:00Z,Buffalo Bills,New England Patriots,betrivers,player_rush_yds,Josh Allen,Under,31.5,-113,2026-10-04T04:54:22Z
20261004T045441Z,573cc0ef39631a4f6673ec843a8bedd4,2026-10-04T17:00:00Z,Buffalo Bills,New England Patriots,betrivers,player_rush_yds,Drake Maye,Over,27.5,-118,2026-10-04T04:54:22Z
20261004T045441Z,573cc0ef39631a4f6673ec843a8bedd4,2026-10-04T17:00:00Z,Buffalo Bills,New England Patriots,betrivers,player_rush_yds,Drake Maye,Under,27.5,-113,2026-10-04T04:54:22Z
20261004T045441Z,573cc0ef39631a4f6673ec843a8bedd4,2026-10-04T17:00:00Z,Buffalo Bills,New England Patriots,betrivers,player_rush_yds,Rhamondre Stevenson,Over,33.5,-118,2026-10-04T04:54:22Z
20261004T045441Z,573cc0ef39631a4f6673ec843a8bedd4,2026-10-04T17:00:00Z,Buffalo Bills,New England Patriots,betrivers,player_rush_yds,Rhamondre Stevenson,Under,33.5,-112,2026-10-04T04:54:22Z
20261004T045441Z,573cc0ef39631a4f6673ec843a8bedd4,2026-10-04T17:00:00Z,Buffalo Bills,New England Patriots,betrivers,player_rush_yds,James Cook,Over,88.5,-114,2026-10-04T04:54:22Z
20261004T045441Z,573cc0ef39631a4f6673ec843a8bedd4,2026-10-04T17:00:00Z,Buffalo Bills,New England Patriots,betrivers,player_rush_yds,James Cook,Under,88.5,-117,2026-10-04T04:54:22Z
20261004T045441Z,573cc0ef39631a4f6673ec843a8bedd4,2026-10-04T17:00:00Z,Buffalo Bills,New England Patriots,betmgm,player_pass_yds,Drake Maye,Over,227.5,-115,2026-10-04T04:54:38Z
20261004T045441Z,573cc0ef39631a4f6673ec843a8bedd4,2026-10-04T17:00:00Z,Buffalo Bills,New England Patriots,betmgm,player_pass_yds,Drake Maye,Under,227.5,-115,2026-10-04T04:54:38Z
20261004T045441Z,573cc0ef39631a4f6673ec843a8bedd4,2026-10-04T17:00:00Z,Buffalo Bills,New England Patriots,betmgm,player_pass_yds,Josh Allen,Over,241.5,-115,2026-10-04T04:54:38Z
20261004T045441Z,573cc0ef39631a4f6673ec843a8bedd4,2026-10-04T17:00:00Z,Buffalo Bills,New England Patriots,betmgm,player_pass_yds,Josh Allen,Under,241.5,-115,2026-10-04T04:54:38Z
20261004T045441Z,573cc0ef39631a4f6673ec843a8bedd4,2026-10-04T17:00:00Z,Buffalo Bills,New England Patriots,betmgm,player_reception_yds,Keon Coleman,Over,14.5,-120,2026-10-04T04:54:38Z
20261004T045441Z,573cc0ef39631a4f6673ec843a8bedd4,2026-10-04T17:00:00Z,Buffalo Bills,New England Patriots,betmgm,player_reception_yds,Keon Coleman,Under,14.5,-111,2026-10-04T04:54:38Z
20261004T045441Z,573cc0ef39631a4f6673ec843a8bedd4,2026-10-04T17:00:00Z,Buffalo Bills,New England Patriots,betmgm,player_reception_yds,Romeo Doubs,Over,38.5,-115,2026-10-04T04:54:38Z
20261004T045441Z,573cc0ef39631a4f6673ec843a8bedd4,2026-10-04T17:00:00Z,Buffalo Bills,New England Patriots,betmgm,player_reception_yds,Romeo Doubs,Under,38.5,-115,2026-10-04T04:54:38Z
20261004T045441Z,573cc0ef39631a4f6673ec843a8bedd4,2026-10-04T17:00:00Z,Buffalo Bills,New England Patriots,betmgm,player_reception_yds,Rhamondre Stevenson,Over,18.5,-115,2026-10-04T04:54:38Z
20261004T045441Z,573cc0ef39631a4f6673ec843a8bedd4,2026-10-04T17:00:00Z,Buffalo Bills,New England Patriots,betmgm,player_reception_yds,Rhamondre Stevenson,Under,18.5,-115,2026-10-04T04:54:38Z
20261004T045441Z,573cc0ef39631a4f6673ec843a8bedd4,2026-10-04T17:00:00Z,Buffalo Bills,New England Patriots,betmgm,player_reception_yds,James Cook,Over,8.5,-111,2026-10-04T04:54:38Z
20261004T045441Z,573cc0ef39631a4f6673ec843a8bedd4,2026-10-04T17:00:00Z,Buffalo Bills,New England Patriots,betmgm,player_reception_yds,James Cook,Under,8.5,-120,2026-10-04T04:54:38Z
20261004T045441Z,573cc0ef39631a4f6673ec843a8bedd4,2026-10-04T17:00:00Z,Buffalo Bills,New England Patriots,betmgm,player_reception_yds,Hunter Henry,Over,33.5,-111,2026-10-04T04:54:38Z
20261004T045441Z,573cc0ef39631a4f6673ec843a8bedd4,2026-10-04T17:00:00Z,Buffalo Bills,New England Patriots,betmgm,player_reception_yds,Hunter Henry,Under,33.5,-120,2026-10-04T04:54:38Z
20261004T045441Z,573cc0ef39631a4f6673ec843a8bedd4,2026-10-04T17:00:00Z,Buffalo Bills,New England Patriots,betmgm,player_reception_yds,Ty Johnson,Over,10.5,-110,2026-10-04T04:54:38Z
20261004T045441Z,573cc0ef39631a4f6673ec843a8bedd4,2026-10-04T17:00:00Z,Buffalo Bills,New England Patriots,betmgm,player_reception_yds,Ty Johnson,Under,10.5,-120,2026-10-04T04:54:38Z
20261004T045441Z,573cc0ef39631a4f6673ec843a8bedd4,2026-10-04T17:00:00Z,Buffalo Bills,New England Patriots,betmgm,player_reception_yds,Khalil Shakir,Over,36.5,-115,2026-10-04T04:54:38Z
20261004T045441Z,573cc0ef39631a4f6673ec843a8bedd4,2026-10-04T17:00:00Z,Buffalo Bills,New England Patriots,betmgm,player_reception_yds,Khalil Shakir,Under,36.5,-115,2026-10-04T04:54:38Z
20261004T045441Z,573cc0ef39631a4f6673ec843a8bedd4,2026-10-04T17:00:00Z,Buffalo Bills,New England Patriots,betmgm,player_reception_yds,TreVeyon Henderson,Over,7.5,-111,2026-10-04T04:54:38Z
20261004T045441Z,573cc0ef39631a4f6673ec843a8bedd4,2026-10-04T17:00:00Z,Buffalo Bills,New England Patriots,betmgm,player_reception_yds,TreVeyon Henderson,Under,7.5,-118,2026-10-04T04:54:38Z
20261004T045441Z,573cc0ef39631a4f6673ec843a8bedd4,2026-10-04T17:00:00Z,Buffalo Bills,New England Patriots,betmgm,player_reception_yds,DeMario Douglas,Over,29.5,-115,2026-10-04T04:54:38Z
20261004T045441Z,573cc0ef39631a4f6673ec843a8bedd4,2026-10-04T17:00:00Z,Buffalo Bills,New England Patriots,betmgm,player_reception_yds,DeMario Douglas,Under,29.5,-115,2026-10-04T04:54:38Z
20261004T045441Z,573cc0ef39631a4f6673ec843a8bedd4,2026-10-04T17:00:00Z,Buffalo Bills,New England Patriots,betmgm,player_reception_yds,DJ Moore,Over,52.5,-115,2026-10-04T04:54:38Z
20261004T045441Z,573cc0ef39631a4f6673ec843a8bedd4,2026-10-04T17:00:00Z,Buffalo Bills,New England Patriots,betmgm,player_reception_yds,DJ Moore,Under,52.5,-115,2026-10-04T04:54:38Z
20261004T045441Z,573cc0ef39631a4f6673ec843a8bedd4,2026-10-04T17:00:00Z,Buffalo Bills,New England Patriots,betmgm,player_reception_yds,Dalton Kincaid,Over,50.5,-115,2026-10-04T04:54:38Z
20261004T045441Z,573cc0ef39631a4f6673ec843a8bedd4,2026-10-04T17:00:00Z,Buffalo Bills,New England Patriots,betmgm,player_reception_yds,Dalton Kincaid,Under,50.5,-115,2026-10-04T04:54:38Z
20261004T045441Z,573cc0ef39631a4f6673ec843a8bedd4,2026-10-04T17:00:00Z,Buffalo Bills,New England Patriots,betmgm,player_reception_yds,Mack Hollins,Over,44.5,-115,2026-10-04T04:54:38Z
20261004T045441Z,573cc0ef39631a4f6673ec843a8bedd4,2026-10-04T17:00:00Z,Buffalo Bills,New England Patriots,betmgm,player_reception_yds,Mack Hollins,Under,44.5,-115,2026-10-04T04:54:38Z
20261004T045441Z,573cc0ef39631a4f6673ec843a8bedd4,2026-10-04T17:00:00Z,Buffalo Bills,New England Patriots,betmgm,player_reception_yds,Dawson Knox,Over,10.5,-120,2026-10-04T04:54:38Z
20261004T045441Z,573cc0ef39631a4f6673ec843a8bedd4,2026-10-04T17:00:00Z,Buffalo Bills,New England Patriots,betmgm,player_reception_yds,Dawson Knox,Under,10.5,-110,2026-10-04T04:54:38Z
20261004T045441Z,573cc0ef39631a4f6673ec843a8bedd4,2026-10-04T17:00:00Z,Buffalo Bills,New England Patriots,betmgm,player_reception_yds,Kyle Williams,Over,12.5,-115,2026-10-04T04:54:38Z
20261004T045441Z,573cc0ef39631a4f6673ec843a8bedd4,2026-10-04T17:00:00Z,Buffalo Bills,New England Patriots,betmgm,player_reception_yds,Kyle Williams,Under,12.5,-115,2026-10-04T04:54:38Z
20261004T045441Z,573cc0ef39631a4f6673ec843a8bedd4,2026-10-04T17:00:00Z,Buffalo Bills,New England Patriots,betmgm,player_receptions,Keon Coleman,Over,1.5,110,2026-10-04T04:54:38Z
20261004T045441Z,573cc0ef39631a4f6673ec843a8bedd4,2026-10-04T17:00:00Z,Buffalo Bills,New England Patriots,betmgm,player_receptions,Keon Coleman,Under,1.5,-150,2026-10-04T04:54:38Z
20261004T045441Z,573cc0ef39631a4f6673ec843a8bedd4,2026-10-04T17:00:00Z,Buffalo Bills,New England Patriots,betmgm,player_receptions,Khalil Shakir,Over,3.5,-150,2026-10-04T04:54:38Z
20261004T045441Z,573cc0ef39631a4f6673ec843a8bedd4,2026-10-04T17:00:00Z,Buffalo Bills,New England Patriots,betmgm,player_receptions,Khalil Shakir,Under,3.5,110,2026-10-04T04:54:38Z
20261004T045441Z,573cc0ef39631a4f6673ec843a8bedd4,2026-10-04T17:00:00Z,Buffalo Bills,New England Patriots,betmgm,player_receptions,Dalton Kincaid,Over,4.5,110,2026-10-04T04:54:38Z
20261004T045441Z,573cc0ef39631a4f6673ec843a8bedd4,2026-10-04T17:00:00Z,Buffalo Bills,New England Patriots,betmgm,player_receptions,Dalton Kincaid,Under,4.5,-150,2026-10-04T04:54:38Z
20261004T045441Z,573cc0ef39631a4f6673ec843a8bedd4,2026-10-04T17:00:00Z,Buffalo Bills,New England Patriots,betmgm,player_receptions,Mack Hollins,Over,3.5,-111,2026-10-04T04:54:38Z
20261004T045441Z,573cc0ef39631a4f6673ec843a8bedd4,2026-10-04T17:00:00Z,Buffalo Bills,New England Patriots,betmgm,player_receptions,Mack Hollins,Under,3.5,-118,2026-10-04T04:54:38Z
20261004T045441Z,573cc0ef39631a4f6673ec843a8bedd4,2026-10-04T17:00:00Z,Buffalo Bills,New England Patriots,betmgm,player_receptions,Rhamondre Stevenson,Over,2.5,-115,2026-10-04T04:54:38Z
20261004T045441Z,573cc0ef39631a4f6673ec843a8bedd4,2026-10-04T17:00:00Z,Buffalo Bills,New England Patriots,betmgm,player_receptions,Rhamondre Stevenson,Under,2.5,-115,2026-10-04T04:54:38Z
20261004T045441Z,573cc0ef39631a4f6673ec843a8bedd4,2026-10-04T17:00:00Z,Buffalo Bills,New England Patriots,betmgm,player_receptions,DeMario Douglas,Over,2.5,-155,2026-10-04T04:54:38Z
20261004T045441Z,573cc0ef39631a4f6673ec843a8bedd4,2026-10-04T17:00:00Z,Buffalo Bills,New England Patriots,betmgm,player_receptions,DeMario Douglas,Under,2.5,115,2026-10-04T04:54:38Z
20261004T045441Z,573cc0ef39631a4f6673ec843a8bedd4,2026-10-04T17:00:00Z,Buffalo Bills,New England Patriots,betmgm,player_receptions,TreVeyon Henderson,Over,1.5,120,2026-10-04T04:54:38Z
20261004T045441Z,573cc0ef39631a4f6673ec843a8bedd4,2026-10-04T17:00:00Z,Buffalo Bills,New England Patriots,betmgm,player_receptions,TreVeyon Henderson,Under,1.5,-160,2026-10-04T04:54:38Z
20261004T045441Z,573cc0ef39631a4f6673ec843a8bedd4,2026-10-04T17:00:00Z,Buffalo Bills,New England Patriots,betmgm,player_receptions,Ty Johnson,Over,1.5,-125,2026-10-04T04:54:38Z
20261004T045441Z,573cc0ef39631a4f6673ec843a8bedd4,2026-10-04T17:00:00Z,Buffalo Bills,New England Patriots,betmgm,player_receptions,Ty Johnson,Under,1.5,-105,2026-10-04T04:54:38Z
20261004T045441Z,573cc0ef39631a4f6673ec843a8bedd4,2026-10-04T17:00:00Z,Buffalo Bills,New England Patriots,betmgm,player_receptions,Hunter Henry,Over,3.5,105,2026-10-04T04:54:38Z
20261004T045441Z,573cc0ef39631a4f6673ec843a8bedd4,2026-10-04T17:00:00Z,Buffalo Bills,New England Patriots,betmgm,player_receptions,Hunter Henry,Under,3.5,-140,2026-10-04T04:54:38Z
20261004T045441Z,573cc0ef39631a4f6673ec843a8bedd4,2026-10-04T17:00:00Z,Buffalo Bills,New England Patriots,betmgm,player_receptions,DJ Moore,Over,3.5,-175,2026-10-04T04:54:38Z
20261004T045441Z,573cc0ef39631a4f6673ec843a8bedd4,2026-10-04T17:00:00Z,Buffalo Bills,New England Patriots,betmgm,player_receptions,DJ Moore,Under,3.5,130,2026-10-04T04:54:38Z
20261004T045441Z,573cc0ef39631a4f6673ec843a8bedd4,2026-10-04T17:00:00Z,Buffalo Bills,New England Patriots,betmgm,player_receptions,Romeo Doubs,Over,3.5,125,2026-10-04T04:54:38Z
20261004T045441Z,573cc0ef39631a4f6673ec843a8bedd4,2026-10-04T17:00:00Z,Buffalo Bills,New England Patriots,betmgm,player_receptions,Romeo Doubs,Under,3.5,-165,2026-10-04T04:54:38Z
20261004T045441Z,573cc0ef39631a4f6673ec843a8bedd4,2026-10-04T17:00:00Z,Buffalo Bills,New England Patriots,betmgm,player_receptions,James Cook,Over,1.5,-105,2026-10-04T04:54:38Z
20261004T045441Z,573cc0ef39631a4f6673ec843a8bedd4,2026-10-04T17:00:00Z,Buffalo Bills,New England Patriots,betmgm,player_receptions,James Cook,Under,1.5,-125,2026-10-04T04:54:38Z
20261004T045441Z,573cc0ef39631a4f6673ec843a8bedd4,2026-10-04T17:00:00Z,Buffalo Bills,New England Patriots,betmgm,player_rush_yds,TreVeyon Henderson,Over,39.5,-120,2026-10-04T04:54:38Z
20261004T045441Z,573cc0ef39631a4f6673ec843a8bedd4,2026-10-04T17:00:00Z,Buffalo Bills,New England Patriots,betmgm,player_rush_yds,TreVeyon Henderson,Under,39.5,-111,2026-10-04T04:54:38Z
20261004T045441Z,573cc0ef39631a4f6673ec843a8bedd4,2026-10-04T17:00:00Z,Buffalo Bills,New England Patriots,betmgm,player_rush_yds,Drake Maye,Over,26.5,-115,2026-10-04T04:54:38Z
20261004T045441Z,573cc0ef39631a4f6673ec843a8bedd4,2026-10-04T17:00:00Z,Buffalo Bills,New England Patriots,betmgm,player_rush_yds,Drake Maye,Under,26.5,-115,2026-10-04T04:54:38Z
20261004T045441Z,573cc0ef39631a4f6673ec843a8bedd4,2026-10-04T17:00:00Z,Buffalo Bills,New England Patriots,betmgm,player_rush_yds,James Cook,Over,86.5,-115,2026-10-04T04:54:38Z
20261004T045441Z,573cc0ef39631a4f6673ec843a8bedd4,2026-10-04T17:00:00Z,Buffalo Bills,New England Patriots,betmgm,player_rush_yds,James Cook,Under,86.5,-115,2026-10-04T04:54:38Z
20261004T045441Z,573cc0ef39631a4f6673ec843a8bedd4,2026-10-04T17:00:00Z,Buffalo Bills,New England Patriots,betmgm,player_rush_yds,Rhamondre Stevenson,Over,31.5,-115,2026-10-04T04:54:38Z
20261004T045441Z,573cc0ef39631a4f6673ec843a8bedd4,2026-10-04T17:00:00Z,Buffalo Bills,New England Patriots,betmgm,player_rush_yds,Rhamondre Stevenson,Under,31.5,-115,2026-10-04T04:54:38Z
20261004T045441Z,573cc0ef39631a4f6673ec843a8bedd4,2026-10-04T17:00:00Z,Buffalo Bills,New England Patriots,betmgm,player_rush_yds,Josh Allen,Over,35.5,110,2026-10-04T04:54:38Z
20261004T045441Z,573cc0ef39631a4f6673ec843a8bedd4,2026-10-04T17:00:00Z,Buffalo Bills,New England Patriots,betmgm,player_rush_yds,Josh Allen,Under,35.5,-150,2026-10-04T04:54:38Z
20261004T045441Z,573cc0ef39631a4f6673ec843a8bedd4,2026-10-04T17:00:00Z,Buffalo Bills,New England Patriots,bovada,player_pass_yds,Drake Maye,Over,235.5,-115,2026-10-04T04:51:31Z
20261004T045441Z,573cc0ef39631a4f6673ec843a8bedd4,2026-10-04T17:00:00Z,Buffalo Bills,New England Patriots,bovada,player_pass_yds,Drake Maye,Under,235.5,-115,2026-10-04T04:51:31Z
20261004T045441Z,573cc0ef39631a4f6673ec843a8bedd4,2026-10-04T17:00:00Z,Buffalo Bills,New England Patriots,bovada,player_pass_yds,Josh Allen,Over,246.5,-115,2026-10-04T04:51:31Z
20261004T045441Z,573cc0ef39631a4f6673ec843a8bedd4,2026-10-04T17:00:00Z,Buffalo Bills,New England Patriots,bovada,player_pass_yds,Josh Allen,Under,246.5,-115,2026-10-04T04:51:31Z
20261004T045441Z,573cc0ef39631a4f6673ec843a8bedd4,2026-10-04T17:00:00Z,Buffalo Bills,New England Patriots,bovada,player_reception_yds,DJ Moore,Over,50.5,-115,2026-10-04T04:51:31Z
20261004T045441Z,573cc0ef39631a4f6673ec843a8bedd4,2026-10-04T17:00:00Z,Buffalo Bills,New England Patriots,bovada,player_reception_yds,DJ Moore,Under,50.5,-115,2026-10-04T04:51:31Z
20261004T045441Z,573cc0ef39631a4f6673ec843a8bedd4,2026-10-04T17:00:00Z,Buffalo Bills,New England Patriots,bovada,player_reception_yds,Dalton Kincaid,Over,47.5,-115,2026-10-04T04:51:31Z
20261004T045441Z,573cc0ef39631a4f6673ec843a8bedd4,2026-10-04T17:00:00Z,Buffalo Bills,New England Patriots,bovada,player_reception_yds,Dalton Kincaid,Under,47.5,-115,2026-10-04T04:51:31Z
20261004T045441Z,573cc0ef39631a4f6673ec843a8bedd4,2026-10-04T17:00:00Z,Buffalo Bills,New England Patriots,bovada,player_reception_yds,Dawson Knox,Over,9.5,-115,2026-10-04T04:51:31Z
20261004T045441Z,573cc0ef39631a4f6673ec843a8bedd4,2026-10-04T17:00:00Z,Buffalo Bills,New England Patriots,bovada,player_reception_yds,Dawson Knox,Under,9.5,-115,2026-10-04T04:51:31Z
20261004T045441Z,573cc0ef39631a4f6673ec843a8bedd4,2026-10-04T17:00:00Z,Buffalo Bills,New England Patriots,bovada,player_reception_yds,DeMario Douglas,Over,28.5,-115,2026-10-04T04:51:31Z
20261004T045441Z,573cc0ef39631a4f6673ec843a8bedd4,2026-10-04T17:00:00Z,Buffalo Bills,New England Patriots,bovada,player_reception_yds,DeMario Douglas,Under,28.5,-115,2026-10-04T04:51:31Z
20261004T045441Z,573cc0ef39631a4f6673ec843a8bedd4,2026-10-04T17:00:00Z,Buffalo Bills,New England Patriots,bovada,player_reception_yds,Hunter Henry,Over,29.5,-120,2026-10-04T04:51:31Z
20261004T045441Z,573cc0ef39631a4f6673ec843a8bedd4,2026-10-04T17:00:00Z,Buffalo Bills,New England Patriots,bovada,player_reception_yds,Hunter Henry,Under,29.5,-110,2026-10-04T04:51:31Z
20261004T045441Z,573cc0ef39631a4f6673ec843a8bedd4,2026-10-04T17:00:00Z,Buffalo Bills,New England Patriots,bovada,player_reception_yds,James Cook,Over,8.5,-120,2026-10-04T04:51:31Z
20261004T045441Z,573cc0ef39631a4f6673ec843a8bedd4,2026-10-04T17:00:00Z,Buffalo Bills,New England Patriots,bovada,player_reception_yds,James Cook,Under,8.5,-110,2026-10-04T04:51:31Z
20261004T045441Z,573cc0ef39631a4f6673ec843a8bedd4,2026-10-04T17:00:00Z,Buffalo Bills,New England Patriots,bovada,player_reception_yds,Keon Coleman,Over,13.5,-120,2026-10-04T04:51:31Z
20261004T045441Z,573cc0ef39631a4f6673ec843a8bedd4,2026-10-04T17:00:00Z,Buffalo Bills,New England Patriots,bovada,player_reception_yds,Keon Coleman,Under,13.5,-110,2026-10-04T04:51:31Z
20261004T045441Z,573cc0ef39631a4f6673ec843a8bedd4,2026-10-04T17:00:00Z,Buffalo Bills,New England Patriots,bovada,player_reception_yds,Khalil Shakir,Over,35.5,-115,2026-10-04T04:51:31Z
20261004T045441Z,573cc0ef39631a4f6673ec843a8bedd4,2026-10-04T17:00:00Z,Buffalo Bills,New England Patriots,bovada,player_reception_yds,Khalil Shakir,Under,35.5,-115,2026-10-04T04:51:31Z
20261004T045441Z,573cc0ef39631a4f6673ec843a8bedd4,2026-10-04T17:00:00Z,Buffalo Bills,New England Patriots,bovada,player_reception_yds,Kyle Williams,Over,11.5,-110,2026-10-04T04:51:31Z
20261004T045441Z,573cc0ef39631a4f6673ec843a8bedd4,2026-10-04T17:00:00Z,Buffalo Bills,New England Patriots,bovada,player_reception_yds,Kyle Williams,Under,11.5,-120,2026-10-04T04:51:31Z
20261004T045441Z,573cc0ef39631a4f6673ec843a8bedd4,2026-10-04T17:00:00Z,Buffalo Bills,New England Patriots,bovada,player_reception_yds,Mack Hollins,Over,43.5,-115,2026-10-04T04:51:31Z
20261004T045441Z,573cc0ef39631a4f6673ec843a8bedd4,2026-10-04T17:00:00Z,Buffalo Bills,New England Patriots,bovada,player_reception_yds,Mack Hollins,Under,43.5,-115,2026-10-04T04:51:31Z
20261004T045441Z,573cc0ef39631a4f6673ec843a8bedd4,2026-10-04T17:00:00Z,Buffalo Bills,New England Patriots,bovada,player_reception_yds,Rhamondre Stevenson,Over,17.5,-115,2026-10-04T04:51:31Z
20261004T045441Z,573cc0ef39631a4f6673ec843a8bedd4,2026-10-04T17:00:00Z,Buffalo Bills,New England Patriots,bovada,player_reception_yds,Rhamondre Stevenson,Under,17.5,-115,2026-10-04T04:51:31Z
20261004T045441Z,573cc0ef39631a4f6673ec843a8bedd4,2026-10-04T17:00:00Z,Buffalo Bills,New England Patriots,bovada,player_reception_yds,Romeo Doubs,Over,39.5,-115,2026-10-04T04:51:31Z
20261004T045441Z,573cc0ef39631a4f6673ec843a8bedd4,2026-10-04T17:00:00Z,Buffalo Bills,New England Patriots,bovada,player_reception_yds,Romeo Doubs,Under,39.5,-115,2026-10-04T04:51:31Z
20261004T045441Z,573cc0ef39631a4f6673ec843a8bedd4,2026-10-04T17:00:00Z,Buffalo Bills,New England Patriots,bovada,player_reception_yds,TreVeyon Henderson,Over,7.5,-115,2026-10-04T04:51:31Z
20261004T045441Z,573cc0ef39631a4f6673ec843a8bedd4,2026-10-04T17:00:00Z,Buffalo Bills,New England Patriots,bovada,player_reception_yds,TreVeyon Henderson,Under,7.5,-115,2026-10-04T04:51:31Z
20261004T045441Z,573cc0ef39631a4f6673ec843a8bedd4,2026-10-04T17:00:00Z,Buffalo Bills,New England Patriots,bovada,player_reception_yds,Ty Johnson,Over,12.5,-115,2026-10-04T04:51:31Z
20261004T045441Z,573cc0ef39631a4f6673ec843a8bedd4,2026-10-04T17:00:00Z,Buffalo Bills,New England Patriots,bovada,player_reception_yds,Ty Johnson,Under,12.5,-115,2026-10-04T04:51:31Z
20261004T045441Z,573cc0ef39631a4f6673ec843a8bedd4,2026-10-04T17:00:00Z,Buffalo Bills,New England Patriots,bovada,player_receptions,DJ Moore,Over,3.5,-170,2026-10-04T04:51:31Z
20261004T045441Z,573cc0ef39631a4f6673ec843a8bedd4,2026-10-04T17:00:00Z,Buffalo Bills,New England Patriots,bovada,player_receptions,DJ Moore,Under,3.5,130,2026-10-04T04:51:31Z
20261004T045441Z,573cc0ef39631a4f6673ec843a8bedd4,2026-10-04T17:00:00Z,Buffalo Bills,New England Patriots,bovada,player_receptions,Dalton Kincaid,Over,4.5,115,2026-10-04T04:51:31Z
20261004T045441Z,573cc0ef39631a4f6673ec843a8bedd4,2026-10-04T17:00:00Z,Buffalo Bills,New England Patriots,bovada,player_receptions,Dalton Kincaid,Under,4.5,-150,2026-10-04T04:51:31Z
20261004T045441Z,573cc0ef39631a4f6673ec843a8bedd4,2026-10-04T17:00:00Z,Buffalo Bills,New England Patriots,bovada,player_receptions,Dawson Knox,Over,1.5,145,2026-10-04T04:51:31Z
20261004T045441Z,573cc0ef39631a4f6673ec843a8bedd4,2026-10-04T17:00:00Z,Buffalo Bills,New England Patriots,bovada,player_receptions,Dawson Knox,Under,1.5,-190,2026-10-04T04:51:31Z
20261004T045441Z,573cc0ef39631a4f6673ec843a8bedd4,2026-10-04T17:00:00Z,Buffalo Bills,New England Patriots,bovada,player_receptions,DeMario Douglas,Over,2.5,-135,2026-10-04T04:51:31Z
20261004T045441Z,573cc0ef39631a4f6673ec843a8bedd4,2026-10-04T17:00:00Z,Buffalo Bills,New England Patriots,bovada,player_receptions,DeMario Douglas,Under,2.5,105,2026-10-04T04:51:31Z
20261004T045441Z,573cc0ef39631a4f6673ec843a8bedd4,2026-10-04T17:00:00Z,Buffalo Bills,New England Patriots,bovada,player_receptions,Hunter Henry,Over,3.5,120,2026-10-04T04:51:31Z
20261004T045441Z,573cc0ef39631a4f6673ec843a8bedd4,2026-10-04T17:00:00Z,Buffalo Bills,New England Patriots,bovada,player_receptions,Hunter Henry,Under,3.5,-160,2026-10-04T04:51:31Z
20261004T045441Z,573cc0ef39631a4f6673ec843a8bedd4,2026-10-04T17:00:00Z,Buffalo Bills,New England Patriots,bovada,player_receptions,James Cook,Over,1.5,-105,2026-10-04T04:51:31Z
20261004T045441Z,573cc0ef39631a4f6673ec843a8bedd4,2026-10-04T17:00:00Z,Buffalo Bills,New England Patriots,bovada,player_receptions,James Cook,Under,1.5,-125,2026-10-04T04:51:31Z
20261004T045441Z,573cc0ef39631a4f6673ec843a8bedd4,2026-10-04T17:00:00Z,Buffalo Bills,New England Patriots,bovada,player_receptions,Keon Coleman,Over,1.5,105,2026-10-04T04:51:31Z
20261004T045441Z,573cc0ef39631a4f6673ec843a8bedd4,2026-10-04T17:00:00Z,Buffalo Bills,New England Patriots,bovada,player_receptions,Keon Coleman,Under,1.5,-135,2026-10-04T04:51:31Z
20261004T045441Z,573cc0ef39631a4f6673ec843a8bedd4,2026-10-04T17:00:00Z,Buffalo Bills,New England Patriots,bovada,player_receptions,Khalil Shakir,Over,3.5,-145,2026-10-04T04:51:31Z
20261004T045441Z,573cc0ef39631a4f6673ec843a8bedd4,2026-10-04T17:00:00Z,Buffalo Bills,New England Patriots,bovada,player_receptions,Khalil Shakir,Under,3.5,110,2026-10-04T04:51:31Z
20261004T045441Z,573cc0ef39631a4f6673ec843a8bedd4,2026-10-04T17:00:00Z,Buffalo Bills,New England Patriots,bovada,player_receptions,Kyle Williams,Over,0.5,-230,2026-10-04T04:51:31Z
20261004T045441Z,573cc0ef39631a4f6673ec843a8bedd4,2026-10-04T17:00:00Z,Buffalo Bills,New England Patriots,bovada,player_receptions,Kyle Williams,Under,0.5,170,2026-10-04T04:51:31Z
20261004T045441Z,573cc0ef39631a4f6673ec843a8bedd4,2026-10-04T17:00:00Z,Buffalo Bills,New England Patriots,bovada,player_receptions,Mack Hollins,Over,3.5,-125,2026-10-04T04:51:31Z
20261004T045441Z,573cc0ef39631a4f6673ec843a8bedd4,2026-10-04T17:00:00Z,Buffalo Bills,New England Patriots,bovada,player_receptions,Mack Hollins,Under,3.5,-105,2026-10-04T04:51:31Z
20261004T045441Z,573cc0ef39631a4f6673ec843a8bedd4,2026-10-04T17:00:00Z,Buffalo Bills,New England Patriots,bovada,player_receptions,Rhamondre Stevenson,Over,2.5,-105,2026-10-04T04:51:31Z
20261004T045441Z,573cc0ef39631a4f6673ec843a8bedd4,2026-10-04T17:00:00Z,Buffalo Bills,New England Patriots,bovada,player_receptions,Rhamondre Stevenson,Under,2.5,-125,2026-10-04T04:51:31Z
20261004T045441Z,573cc0ef39631a4f6673ec843a8bedd4,2026-10-04T17:00:00Z,Buffalo Bills,New England Patriots,bovada,player_receptions,Romeo Doubs,Over,3.5,110,2026-10-04T04:51:31Z
20261004T045441Z,573cc0ef39631a4f6673ec843a8bedd4,2026-10-04T17:00:00Z,Buffalo Bills,New England Patriots,bovada,player_receptions,Romeo Doubs,Under,3.5,-145,2026-10-04T04:51:31Z
20261004T045441Z,573cc0ef39631a4f6673ec843a8bedd4,2026-10-04T17:00:00Z,Buffalo Bills,New England Patriots,bovada,player_receptions,TreVeyon Henderson,Over,1.5,135,2026-10-04T04:51:31Z
20261004T045441Z,573cc0ef39631a4f6673ec843a8bedd4,2026-10-04T17:00:00Z,Buffalo Bills,New England Patriots,bovada,player_receptions,TreVeyon Henderson,Under,1.5,-180,2026-10-04T04:51:31Z
20261004T045441Z,573cc0ef39631a4f6673ec843a8bedd4,2026-10-04T17:00:00Z,Buffalo Bills,New England Patriots,bovada,player_receptions,Ty Johnson,Over,1.5,-125,2026-10-04T04:51:31Z
20261004T045441Z,573cc0ef39631a4f6673ec843a8bedd4,2026-10-04T17:00:00Z,Buffalo Bills,New England Patriots,bovada,player_receptions,Ty Johnson,Under,1.5,-105,2026-10-04T04:51:31Z
20261004T045441Z,573cc0ef39631a4f6673ec843a8bedd4,2026-10-04T17:00:00Z,Buffalo Bills,New England Patriots,bovada,player_rush_yds,Drake Maye,Over,27.5,-120,2026-10-04T04:51:31Z
20261004T045441Z,573cc0ef39631a4f6673ec843a8bedd4,2026-10-04T17:00:00Z,Buffalo Bills,New England Patriots,bovada,player_rush_yds,Drake Maye,Under,27.5,-110,2026-10-04T04:51:31Z
20261004T045441Z,573cc0ef39631a4f6673ec843a8bedd4,2026-10-04T17:00:00Z,Buffalo Bills,New England Patriots,bovada,player_rush_yds,James Cook,Over,88.5,-115,2026-10-04T04:51:31Z
20261004T045441Z,573cc0ef39631a4f6673ec843a8bedd4,2026-10-04T17:00:00Z,Buffalo Bills,New England Patriots,bovada,player_rush_yds,James Cook,Under,88.5,-115,2026-10-04T04:51:31Z
20261004T045441Z,573cc0ef39631a4f6673ec843a8bedd4,2026-10-04T17:00:00Z,Buffalo Bills,New England Patriots,bovada,player_rush_yds,Josh Allen,Over,30.5,-115,2026-10-04T04:51:31Z
20261004T045441Z,573cc0ef39631a4f6673ec843a8bedd4,2026-10-04T17:00:00Z,Buffalo Bills,New England Patriots,bovada,player_rush_yds,Josh Allen,Under,30.5,-115,2026-10-04T04:51:31Z
20261004T045441Z,573cc0ef39631a4f6673ec843a8bedd4,2026-10-04T17:00:00Z,Buffalo Bills,New England Patriots,bovada,player_rush_yds,Rhamondre Stevenson,Over,32.5,-115,2026-10-04T04:51:31Z
20261004T045441Z,573cc0ef39631a4f6673ec843a8bedd4,2026-10-04T17:00:00Z,Buffalo Bills,New England Patriots,bovada,player_rush_yds,Rhamondre Stevenson,Under,32.5,-115,2026-10-04T04:51:31Z
20261004T045441Z,573cc0ef39631a4f6673ec843a8bedd4,2026-10-04T17:00:00Z,Buffalo Bills,New England Patriots,bovada,player_rush_yds,TreVeyon Henderson,Over,41.5,-115,2026-10-04T04:51:31Z
20261004T045441Z,573cc0ef39631a4f6673ec843a8bedd4,2026-10-04T17:00:00Z,Buffalo Bills,New England Patriots,bovada,player_rush_yds,TreVeyon Henderson,Under,41.5,-115,2026-10-04T04:51:31Z
20261004T045441Z,573cc0ef39631a4f6673ec843a8bedd4,2026-10-04T17:00:00Z,Buffalo Bills,New England Patriots,bovada,player_rush_yds,Ty Johnson,Over,4.5,-115,2026-10-04T04:51:31Z
20261004T045441Z,573cc0ef39631a4f6673ec843a8bedd4,2026-10-04T17:00:00Z,Buffalo Bills,New England Patriots,bovada,player_rush_yds,Ty Johnson,Under,4.5,-115,2026-10-04T04:51:31Z
20261004T045441Z,164e6eb68f31bac190381903c3cccd31,2026-10-04T17:00:00Z,Chicago Bears,New York Jets,draftkings,player_pass_yds,Geno Smith,Over,227.5,-112,2026-10-04T04:54:37Z
20261004T045441Z,164e6eb68f31bac190381903c3cccd31,2026-10-04T17:00:00Z,Chicago Bears,New York Jets,draftkings,player_pass_yds,Geno Smith,Under,227.5,-112,2026-10-04T04:54:37Z
20261004T045441Z,164e6eb68f31bac190381903c3cccd31,2026-10-04T17:00:00Z,Chicago Bears,New York Jets,draftkings,player_pass_yds,Tyson Bagent,Over,200.5,-114,2026-10-04T04:54:37Z
20261004T045441Z,164e6eb68f31bac190381903c3cccd31,2026-10-04T17:00:00Z,Chicago Bears,New York Jets,draftkings,player_pass_yds,Tyson Bagent,Under,200.5,-110,2026-10-04T04:54:37Z
20261004T045441Z,164e6eb68f31bac190381903c3cccd31,2026-10-04T17:00:00Z,Chicago Bears,New York Jets,draftkings,player_reception_yds,Garrett Wilson,Over,75.5,-111,2026-10-04T04:54:37Z
20261004T045441Z,164e6eb68f31bac190381903c3cccd31,2026-10-04T17:00:00Z,Chicago Bears,New York Jets,draftkings,player_reception_yds,Garrett Wilson,Under,75.5,-113,2026-10-04T04:54:37Z
20261004T045441Z,164e6eb68f31bac190381903c3cccd31,2026-10-04T17:00:00Z,Chicago Bears,New York Jets,draftkings,player_reception_yds,Luther Burden III,Over,46.5,-115,2026-10-04T04:54:37Z
20261004T045441Z,164e6eb68f31bac190381903c3cccd31,2026-10-04T17:00:00Z,Chicago Bears,New York Jets,draftkings,player_reception_yds,Luther Burden III,Under,46.5,-109,2026-10-04T04:54:37Z
20261004T045441Z,164e6eb68f31bac190381903c3cccd31,2026-10-04T17:00:00Z,Chicago Bears,New York Jets,draftkings,player_reception_yds,Kenyon Sadiq,Over,43.5,-114,2026-10-04T04:54:37Z
20261004T045441Z,164e6eb68f31bac190381903c3cccd31,2026-10-04T17:00:00Z,Chicago Bears,New York Jets,draftkings,player_reception_yds,Kenyon Sadiq,Under,43.5,-110,2026-10-04T04:54:37Z
20261004T045441Z,164e6eb68f31bac190381903c3cccd31,2026-10-04T17:00:00Z,Chicago Bears,New York Jets,draftkings,player_reception_yds,Colston Loveland,Over,34.5,-110,2026-10-04T04:54:37Z
20261004T045441Z,164e6eb68f31bac190381903c3cccd31,2026-10-04T17:00:00Z,Chicago Bears,New York Jets,draftkings,player_reception_yds,Colston Loveland,Under,34.5,-114,2026-10-04T04:54:37Z
20261004T045441Z,164e6eb68f31bac190381903c3cccd31,2026-10-04T17:00:00Z,Chicago Bears,New York Jets,draftkings,player_reception_yds,Rome Odunze,Over,32.5,-112,2026-10-04T04:54:37Z
20261004T045441Z,164e6eb68f31bac190381903c3cccd31,2026-10-04T17:00:00Z,Chicago Bears,New York Jets,draftkings,player_reception_yds,Rome Odunze,Under,32.5,-112,2026-10-04T04:54:37Z
20261004T045441Z,164e6eb68f31bac190381903c3cccd31,2026-10-04T17:00:00Z,Chicago Bears,New York Jets,draftkings,player_reception_yds,Kalif Raymond,Over,31.5,-114,2026-10-04T04:54:37Z
20261004T045441Z,164e6eb68f31bac190381903c3cccd31,2026-10-04T17:00:00Z,Chicago Bears,New York Jets,draftkings,player_reception_yds,Kalif Raymond,Under,31.5,-110,2026-10-04T04:54:37Z
20261004T045441Z,164e6eb68f31bac190381903c3cccd31,2026-10-04T17:00:00Z,Chicago Bears,New York Jets,draftkings,player_reception_yds,Isaiah Williams,Over,23.5,-108,2026-10-04T04:54:37Z
20261004T045441Z,164e6eb68f31bac190381903c3cccd31,2026-10-04T17:00:00Z,Chicago Bears,New York Jets,draftkings,player_reception_yds,Isaiah Williams,Under,23.5,-116,2026-10-04T04:54:37Z
20261004T045441Z,164e6eb68f31bac190381903c3cccd31,2026-10-04T17:00:00Z,Chicago Bears,New York Jets,draftkings,player_reception_yds,Jeremy Ruckert,Over,17.5,-116,2026-10-04T04:54:37Z
20261004T045441Z,164e6eb68f31bac190381903c3cccd31,2026-10-04T17:00:00Z,Chicago Bears,New York Jets,draftkings,player_reception_yds,Jeremy Ruckert,Under,17.5,-108,2026-10-04T04:54:37Z
20261004T045441Z,164e6eb68f31bac190381903c3cccd31,2026-10-04T17:00:00Z,Chicago Bears,New York Jets,draftkings,player_reception_yds,D'Andre Swift,Over,14.5,-114,2026-10-04T04:54:37Z
20261004T045441Z,164e6eb68f31bac190381903c3cccd31,2026-10-04T17:00:00Z,Chicago Bears,New York Jets,draftkings,player_reception_yds,D'Andre Swift,Under,14.5,-110,2026-10-04T04:54:37Z
20261004T045441Z,164e6eb68f31bac190381903c3cccd31,2026-10-04T17:00:00Z,Chicago Bears,New York Jets,draftkings,player_reception_yds,Braelon Allen,Over,12.5,-115,2026-10-04T04:54:37Z
20261004T045441Z,164e6eb68f31bac190381903c3cccd31,2026-10-04T17:00:00Z,Chicago Bears,New York Jets,draftkings,player_reception_yds,Braelon Allen,Under,12.5,-109,2026-10-04T04:54:37Z
20261004T045441Z,164e6eb68f31bac190381903c3cccd31,2026-10-04T17:00:00Z,Chicago Bears,New York Jets,draftkings,player_reception_yds,Cole Kmet,Over,9.5,-117,2026-10-04T04:54:37Z
20261004T045441Z,164e6eb68f31bac190381903c3cccd31,2026-10-04T17:00:00Z,Chicago Bears,New York Jets,draftkings,player_reception_yds,Cole Kmet,Under,9.5,-107,2026-10-04T04:54:37Z
20261004T045441Z,164e6eb68f31bac190381903c3cccd31,2026-10-04T17:00:00Z,Chicago Bears,New York Jets,draftkings,player_reception_yds,Isaiah Davis,Over,8.5,-118,2026-10-04T04:54:37Z
20261004T045441Z,164e6eb68f31bac190381903c3cccd31,2026-10-04T17:00:00Z,Chicago Bears,New York Jets,draftkings,player_reception_yds,Isaiah Davis,Under,8.5,-106,2026-10-04T04:54:37Z
20261004T045441Z,164e6eb68f31bac190381903c3cccd31,2026-10-04T17:00:00Z,Chicago Bears,New York Jets,draftkings,player_reception_yds,Kyle Monangai,Over,5.5,-110,2026-10-04T04:54:37Z
20261004T045441Z,164e6eb68f31bac190381903c3cccd31,2026-10-04T17:00:00Z,Chicago Bears,New York Jets,draftkings,player_reception_yds,Kyle Monangai,Under,5.5,-115,2026-10-04T04:54:37Z
20261004T045441Z,164e6eb68f31bac190381903c3cccd31,2026-10-04T17:00:00Z,Chicago Bears,New York Jets,draftkings,player_receptions,Garrett Wilson,Over,6.5,-106,2026-10-04T04:54:37Z
20261004T045441Z,164e6eb68f31bac190381903c3cccd31,2026-10-04T17:00:00Z,Chicago Bears,New York Jets,draftkings,player_receptions,Garrett Wilson,Under,6.5,-120,2026-10-04T04:54:37Z
20261004T045441Z,164e6eb68f31bac190381903c3cccd31,2026-10-04T17:00:00Z,Chicago Bears,New York Jets,draftkings,player_receptions,Luther Burden III,Over,4.5,-105,2026-10-04T04:54:37Z
20261004T045441Z,164e6eb68f31bac190381903c3cccd31,2026-10-04T17:00:00Z,Chicago Bears,New York Jets,draftkings,player_receptions,Luther Burden III,Under,4.5,-121,2026-10-04T04:54:37Z
20261004T045441Z,164e6eb68f31bac190381903c3cccd31,2026-10-04T17:00:00Z,Chicago Bears,New York Jets,draftkings,player_receptions,Kenyon Sadiq,Over,4.5,113,2026-10-04T04:54:37Z
20261004T045441Z,164e6eb68f31bac190381903c3cccd31,2026-10-04T17:00:00Z,Chicago Bears,New York Jets,draftkings,player_receptions,Kenyon Sadiq,Under,4.5,-144,2026-10-04T04:54:37Z
20261004T045441Z,164e6eb68f31bac190381903c3cccd31,2026-10-04T17:00:00Z,Chicago Bears,New York Jets,draftkings,player_receptions,Colston Loveland,Over,3.5,-104,2026-10-04T04:54:37Z
20261004T045441Z,164e6eb68f31bac190381903c3cccd31,2026-10-04T17:00:00Z,Chicago Bears,New York Jets,draftkings,player_receptions,Colston Loveland,Under,3.5,-123,2026-10-04T04:54:37Z
20261004T045441Z,164e6eb68f31bac190381903c3cccd31,2026-10-04T17:00:00Z,Chicago Bears,New York Jets,draftkings,player_receptions,Kalif Raymond,Over,3.5,111,2026-10-04T04:54:37Z
20261004T045441Z,164e6eb68f31bac190381903c3cccd31,2026-10-04T17:00:00Z,Chicago Bears,New York Jets,draftkings,player_receptions,Kalif Raymond,Under,3.5,-142,2026-10-04T04:54:37Z
20261004T045441Z,164e6eb68f31bac190381903c3cccd31,2026-10-04T17:00:00Z,Chicago Bears,New York Jets,draftkings,player_receptions,Isaiah Williams,Over,2.5,-133,2026-10-04T04:54:37Z
20261004T045441Z,164e6eb68f31bac190381903c3cccd31,2026-10-04T17:00:00Z,Chicago Bears,New York Jets,draftkings,player_receptions,Isaiah Williams,Under,2.5,104,2026-10-04T04:54:37Z
20261004T045441Z,164e6eb68f31bac190381903c3cccd31,2026-10-04T17:00:00Z,Chicago Bears,New York Jets,draftkings,player_receptions,Rome Odunze,Over,2.5,-121,2026-10-04T04:54:37Z
20261004T045441Z,164e6eb68f31bac190381903c3cccd31,2026-10-04T17:00:00Z,Chicago Bears,New York Jets,draftkings,player_receptions,Rome Odunze,Under,2.5,-105,2026-10-04T04:54:37Z
20261004T045441Z,164e6eb68f31bac190381903c3cccd31,2026-10-04T17:00:00Z,Chicago Bears,New York Jets,draftkings,player_receptions,Jeremy Ruckert,Over,2.5,102,2026-10-04T04:54:37Z
20261004T045441Z,164e6eb68f31bac190381903c3cccd31,2026-10-04T17:00:00Z,Chicago Bears,New York Jets,draftkings,player_receptions,Jeremy Ruckert,Under,2.5,-131,2026-10-04T04:54:37Z
20261004T045441Z,164e6eb68f31bac190381903c3cccd31,2026-10-04T17:00:00Z,Chicago Bears,New York Jets,draftkings,player_receptions,D'Andre Swift,Over,2.5,134,2026-10-04T04:54:37Z
20261004T045441Z,164e6eb68f31bac190381903c3cccd31,2026-10-04T17:00:00Z,Chicago Bears,New York Jets,draftkings,player_receptions,D'Andre Swift,Under,2.5,-172,2026-10-04T04:54:37Z
20261004T045441Z,164e6eb68f31bac190381903c3cccd31,2026-10-04T17:00:00Z,Chicago Bears,New York Jets,draftkings,player_receptions,Braelon Allen,Over,1.5,-178,2026-10-04T04:54:37Z
20261004T045441Z,164e6eb68f31bac190381903c3cccd31,2026-10-04T17:00:00Z,Chicago Bears,New York Jets,draftkings,player_receptions,Braelon Allen,Under,1.5,139,2026-10-04T04:54:37Z
20261004T045441Z,164e6eb68f31bac190381903c3cccd31,2026-10-04T17:00:00Z,Chicago Bears,New York Jets,draftkings,player_receptions,Isaiah Davis,Over,1.5,108,2026-10-04T04:54:37Z
20261004T045441Z,164e6eb68f31bac190381903c3cccd31,2026-10-04T17:00:00Z,Chicago Bears,New York Jets,draftkings,player_receptions,Isaiah Davis,Under,1.5,-138,2026-10-04T04:54:37Z
20261004T045441Z,164e6eb68f31bac190381903c3cccd31,2026-10-04T17:00:00Z,Chicago Bears,New York Jets,draftkings,player_receptions,Cole Kmet,Over,1.5,154,2026-10-04T04:54:37Z
20261004T045441Z,164e6eb68f31bac190381903c3cccd31,2026-10-04T17:00:00Z,Chicago Bears,New York Jets,draftkings,player_receptions,Cole Kmet,Under,1.5,-199,2026-10-04T04:54:37Z
20261004T045441Z,164e6eb68f31bac190381903c3cccd31,2026-10-04T17:00:00Z,Chicago Bears,New York Jets,draftkings,player_receptions,Kyle Monangai,Over,0.5,-205,2026-10-04T04:54:37Z
20261004T045441Z,164e6eb68f31bac190381903c3cccd31,2026-10-04T17:00:00Z,Chicago Bears,New York Jets,draftkings,player_receptions,Kyle Monangai,Under,0.5,159,2026-10-04T04:54:37Z
20261004T045441Z,164e6eb68f31bac190381903c3cccd31,2026-10-04T17:00:00Z,Chicago Bears,New York Jets,draftkings,player_rush_yds,D'Andre Swift,Over,65.5,-109,2026-10-04T04:54:37Z
20261004T045441Z,164e6eb68f31bac190381903c3cccd31,2026-10-04T17:00:00Z,Chicago Bears,New York Jets,draftkings,player_rush_yds,D'Andre Swift,Under,65.5,-115,2026-10-04T04:54:37Z
20261004T045441Z,164e6eb68f31bac190381903c3cccd31,2026-10-04T17:00:00Z,Chicago Bears,New York Jets,draftkings,player_rush_yds,Braelon Allen,Over,55.5,-114,2026-10-04T04:54:37Z
20261004T045441Z,164e6eb68f31bac190381903c3cccd31,2026-10-04T17:00:00Z,Chicago Bears,New York Jets,draftkings,player_rush_yds,Braelon Allen,Under,55.5,-110,2026-10-04T04:54:37Z
20261004T045441Z,164e6eb68f31bac190381903c3cccd31,2026-10-04T17:00:00Z,Chicago Bears,New York Jets,draftkings,player_rush_yds,Kyle Monangai,Over,39.5,-114,2026-10-04T04:54:37Z
20261004T045441Z,164e6eb68f31bac190381903c3cccd31,2026-10-04T17:00:00Z,Chicago Bears,New York Jets,draftkings,player_rush_yds,Kyle Monangai,Under,39.5,-110,2026-10-04T04:54:37Z
20261004T045441Z,164e6eb68f31bac190381903c3cccd31,2026-10-04T17:00:00Z,Chicago Bears,New York Jets,draftkings,player_rush_yds,Isaiah Davis,Over,21.5,-108,2026-10-04T04:54:37Z
20261004T045441Z,164e6eb68f31bac190381903c3cccd31,2026-10-04T17:00:00Z,Chicago Bears,New York Jets,draftkings,player_rush_yds,Isaiah Davis,Under,21.5,-116,2026-10-04T04:54:37Z
20261004T045441Z,164e6eb68f31bac190381903c3cccd31,2026-10-04T17:00:00Z,Chicago Bears,New York Jets,draftkings,player_rush_yds,Tyson Bagent,Over,14.5,-112,2026-10-04T04:54:37Z
20261004T045441Z,164e6eb68f31bac190381903c3cccd31,2026-10-04T17:00:00Z,Chicago Bears,New York Jets,draftkings,player_rush_yds,Tyson Bagent,Under,14.5,-112,2026-10-04T04:54:37Z
20261004T045441Z,164e6eb68f31bac190381903c3cccd31,2026-10-04T17:00:00Z,Chicago Bears,New York Jets,draftkings,player_rush_yds,Geno Smith,Over,11.5,-106,2026-10-04T04:54:37Z
20261004T045441Z,164e6eb68f31bac190381903c3cccd31,2026-10-04T17:00:00Z,Chicago Bears,New York Jets,draftkings,player_rush_yds,Geno Smith,Under,11.5,-119,2026-10-04T04:54:37Z
20261004T045441Z,164e6eb68f31bac190381903c3cccd31,2026-10-04T17:00:00Z,Chicago Bears,New York Jets,fanduel,player_pass_yds,Geno Smith,Over,227.5,-113,2026-10-04T04:54:03Z
20261004T045441Z,164e6eb68f31bac190381903c3cccd31,2026-10-04T17:00:00Z,Chicago Bears,New York Jets,fanduel,player_pass_yds,Geno Smith,Under,227.5,-113,2026-10-04T04:54:03Z
20261004T045441Z,164e6eb68f31bac190381903c3cccd31,2026-10-04T17:00:00Z,Chicago Bears,New York Jets,fanduel,player_pass_yds,Tyson Bagent,Over,199.5,-113,2026-10-04T04:54:03Z
20261004T045441Z,164e6eb68f31bac190381903c3cccd31,2026-10-04T17:00:00Z,Chicago Bears,New York Jets,fanduel,player_pass_yds,Tyson Bagent,Under,199.5,-113,2026-10-04T04:54:03Z
20261004T045441Z,164e6eb68f31bac190381903c3cccd31,2026-10-04T17:00:00Z,Chicago Bears,New York Jets,fanduel,player_reception_yds,Garrett Wilson,Over,75.5,-113,2026-10-04T04:54:03Z
20261004T045441Z,164e6eb68f31bac190381903c3cccd31,2026-10-04T17:00:00Z,Chicago Bears,New York Jets,fanduel,player_reception_yds,Garrett Wilson,Under,75.5,-113,2026-10-04T04:54:03Z
20261004T045441Z,164e6eb68f31bac190381903c3cccd31,2026-10-04T17:00:00Z,Chicago Bears,New York Jets,fanduel,player_reception_yds,Rome Odunze,Over,32.5,-113,2026-10-04T04:54:03Z
20261004T045441Z,164e6eb68f31bac190381903c3cccd31,2026-10-04T17:00:00Z,Chicago Bears,New York Jets,fanduel,player_reception_yds,Rome Odunze,Under,32.5,-113,2026-10-04T04:54:03Z
20261004T045441Z,164e6eb68f31bac190381903c3cccd31,2026-10-04T17:00:00Z,Chicago Bears,New York Jets,fanduel,player_reception_yds,Luther Burden III,Over,46.5,-113,2026-10-04T04:54:03Z
20261004T045441Z,164e6eb68f31bac190381903c3cccd31,2026-10-04T17:00:00Z,Chicago Bears,New York Jets,fanduel,player_reception_yds,Luther Burden III,Under,46.5,-113,2026-10-04T04:54:03Z
20261004T045441Z,164e6eb68f31bac190381903c3cccd31,2026-10-04T17:00:00Z,Chicago Bears,New York Jets,fanduel,player_reception_yds,Kenyon Sadiq,Over,41.5,-113,2026-10-04T04:54:03Z
20261004T045441Z,164e6eb68f31bac190381903c3cccd31,2026-10-04T17:00:00Z,Chicago Bears,New York Jets,fanduel,player_reception_yds,Kenyon Sadiq,Under,41.5,-113,2026-10-04T04:54:03Z
20261004T045441Z,164e6eb68f31bac190381903c3cccd31,2026-10-04T17:00:00Z,Chicago Bears,New York Jets,fanduel,player_reception_yds,Colston Loveland,Over,33.5,-113,2026-10-04T04:54:03Z
20261004T045441Z,164e6eb68f31bac190381903c3cccd31,2026-10-04T17:00:00Z,Chicago Bears,New York Jets,fanduel,player_reception_yds,Colston Loveland,Under,33.5,-113,2026-10-04T04:54:03Z
20261004T045441Z,164e6eb68f31bac190381903c3cccd31,2026-10-04T17:00:00Z,Chicago Bears,New York Jets,fanduel,player_reception_yds,Braelon Allen,Over,11.5,-113,2026-10-04T04:54:03Z
20261004T045441Z,164e6eb68f31bac190381903c3cccd31,2026-10-04T17:00:00Z,Chicago Bears,New York Jets,fanduel,player_reception_yds,Braelon Allen,Under,11.5,-113,2026-10-04T04:54:03Z
20261004T045441Z,164e6eb68f31bac190381903c3cccd31,2026-10-04T17:00:00Z,Chicago Bears,New York Jets,fanduel,player_reception_yds,Kalif Raymond,Over,31.5,-113,2026-10-04T04:54:03Z
20261004T045441Z,164e6eb68f31bac190381903c3cccd31,2026-10-04T17:00:00Z,Chicago Bears,New York Jets,fanduel,player_reception_yds,Kalif Raymond,Under,31.5,-113,2026-10-04T04:54:03Z
20261004T045441Z,164e6eb68f31bac190381903c3cccd31,2026-10-04T17:00:00Z,Chicago Bears,New York Jets,fanduel,player_reception_yds,Isaiah Williams,Over,22.5,-113,2026-10-04T04:54:03Z
20261004T045441Z,164e6eb68f31bac190381903c3cccd31,2026-10-04T17:00:00Z,Chicago Bears,New York Jets,fanduel,player_reception_yds,Isaiah Williams,Under,22.5,-113,2026-10-04T04:54:03Z
20261004T045441Z,164e6eb68f31bac190381903c3cccd31,2026-10-04T17:00:00Z,Chicago Bears,New York Jets,fanduel,player_reception_yds,D'Andre Swift,Over,14.5,-113,2026-10-04T04:54:03Z
20261004T045441Z,164e6eb68f31bac190381903c3cccd31,2026-10-04T17:00:00Z,Chicago Bears,New York Jets,fanduel,player_reception_yds,D'Andre Swift,Under,14.5,-113,2026-10-04T04:54:03Z
20261004T045441Z,164e6eb68f31bac190381903c3cccd31,2026-10-04T17:00:00Z,Chicago Bears,New York Jets,fanduel,player_reception_yds,Kyle Monangai,Over,5.5,-113,2026-10-04T04:54:03Z
20261004T045441Z,164e6eb68f31bac190381903c3cccd31,2026-10-04T17:00:00Z,Chicago Bears,New York Jets,fanduel,player_reception_yds,Kyle Monangai,Under,5.5,-113,2026-10-04T04:54:03Z
20261004T045441Z,164e6eb68f31bac190381903c3cccd31,2026-10-04T17:00:00Z,Chicago Bears,New York Jets,fanduel,player_reception_yds,Isaiah Davis,Over,9.5,-113,2026-10-04T04:54:03Z
20261004T045441Z,164e6eb68f31bac190381903c3cccd31,2026-10-04T17:00:00Z,Chicago Bears,New York Jets,fanduel,player_reception_yds,Isaiah Davis,Under,9.5,-113,2026-10-04T04:54:03Z
20261004T045441Z,164e6eb68f31bac190381903c3cccd31,2026-10-04T17:00:00Z,Chicago Bears,New York Jets,fanduel,player_reception_yds,Jeremy Ruckert,Over,16.5,-113,2026-10-04T04:54:03Z
20261004T045441Z,164e6eb68f31bac190381903c3cccd31,2026-10-04T17:00:00Z,Chicago Bears,New York Jets,fanduel,player_reception_yds,Jeremy Ruckert,Under,16.5,-113,2026-10-04T04:54:03Z
20261004T045441Z,164e6eb68f31bac190381903c3cccd31,2026-10-04T17:00:00Z,Chicago Bears,New York Jets,fanduel,player_reception_yds,Cole Kmet,Over,9.5,-113,2026-10-04T04:54:03Z
20261004T045441Z,164e6eb68f31bac190381903c3cccd31,2026-10-04T17:00:00Z,Chicago Bears,New York Jets,fanduel,player_reception_yds,Cole Kmet,Under,9.5,-113,2026-10-04T04:54:03Z
20261004T045441Z,164e6eb68f31bac190381903c3cccd31,2026-10-04T17:00:00Z,Chicago Bears,New York Jets,fanduel,player_receptions,Rome Odunze,Over,2.5,-120,2026-10-04T04:54:03Z
20261004T045441Z,164e6eb68f31bac190381903c3cccd31,2026-10-04T17:00:00Z,Chicago Bears,New York Jets,fanduel,player_receptions,Rome Odunze,Under,2.5,-110,2026-10-04T04:54:03Z
20261004T045441Z,164e6eb68f31bac190381903c3cccd31,2026-10-04T17:00:00Z,Chicago Bears,New York Jets,fanduel,player_receptions,Cole Kmet,Over,1.5,130,2026-10-04T04:54:03Z
20261004T045441Z,164e6eb68f31bac190381903c3cccd31,2026-10-04T17:00:00Z,Chicago Bears,New York Jets,fanduel,player_receptions,Cole Kmet,Under,1.5,-174,2026-10-04T04:54:03Z
20261004T045441Z,164e6eb68f31bac190381903c3cccd31,2026-10-04T17:00:00Z,Chicago Bears,New York Jets,fanduel,player_receptions,Kyle Monangai,Over,0.5,-225,2026-10-04T04:54:03Z
20261004T045441Z,164e6eb68f31bac190381903c3cccd31,2026-10-04T17:00:00Z,Chicago Bears,New York Jets,fanduel,player_receptions,Kyle Monangai,Under,0.5,164,2026-10-04T04:54:03Z
20261004T045441Z,164e6eb68f31bac190381903c3cccd31,2026-10-04T17:00:00Z,Chicago Bears,New York Jets,fanduel,player_receptions,Colston Loveland,Over,3.5,102,2026-10-04T04:54:03Z
20261004T045441Z,164e6eb68f31bac190381903c3cccd31,2026-10-04T17:00:00Z,Chicago Bears,New York Jets,fanduel,player_receptions,Colston Loveland,Under,3.5,-136,2026-10-04T04:54:03Z
20261004T045441Z,164e6eb68f31bac190381903c3cccd31,2026-10-04T17:00:00Z,Chicago Bears,New York Jets,fanduel,player_receptions,Kenyon Sadiq,Over,4.5,112,2026-10-04T04:54:03Z
20261004T045441Z,164e6eb68f31bac190381903c3cccd31,2026-10-04T17:00:00Z,Chicago Bears,New York Jets,fanduel,player_receptions,Kenyon Sadiq,Under,4.5,-148,2026-10-04T04:54:03Z
20261004T045441Z,164e6eb68f31bac190381903c3cccd31,2026-10-04T17:00:00Z,Chicago Bears,New York Jets,fanduel,player_receptions,Isaiah Williams,Over,2.5,-130,2026-10-04T04:54:03Z
20261004T045441Z,164e6eb68f31bac190381903c3cccd31,2026-10-04T17:00:00Z,Chicago Bears,New York Jets,fanduel,player_receptions,Isaiah Williams,Under,2.5,-102,2026-10-04T04:54:03Z
20261004T045441Z,164e6eb68f31bac190381903c3cccd31,2026-10-04T17:00:00Z,Chicago Bears,New York Jets,fanduel,player_receptions,Kalif Raymond,Over,3.5,114,2026-10-04T04:54:03Z
20261004T045441Z,164e6eb68f31bac190381903c3cccd31,2026-10-04T17:00:00Z,Chicago Bears,New York Jets,fanduel,player_receptions,Kalif Raymond,Under,3.5,-152,2026-10-04T04:54:03Z
20261004T045441Z,164e6eb68f31bac190381903c3cccd31,2026-10-04T17:00:00Z,Chicago Bears,New York Jets,fanduel,player_receptions,Braelon Allen,Over,1.5,-148,2026-10-04T04:54:03Z
20261004T045441Z,164e6eb68f31bac190381903c3cccd31,2026-10-04T17:00:00Z,Chicago Bears,New York Jets,fanduel,player_receptions,Braelon Allen,Under,1.5,112,2026-10-04T04:54:03Z
20261004T045441Z,164e6eb68f31bac190381903c3cccd31,2026-10-04T17:00:00Z,Chicago Bears,New York Jets,fanduel,player_receptions,D'Andre Swift,Over,2.5,146,2026-10-04T04:54:03Z
20261004T045441Z,164e6eb68f31bac190381903c3cccd31,2026-10-04T17:00:00Z,Chicago Bears,New York Jets,fanduel,player_receptions,D'Andre Swift,Under,2.5,-198,2026-10-04T04:54:03Z
20261004T045441Z,164e6eb68f31bac190381903c3cccd31,2026-10-04T17:00:00Z,Chicago Bears,New York Jets,fanduel,player_receptions,Garrett Wilson,Over,6.5,-102,2026-10-04T04:54:03Z
20261004T045441Z,164e6eb68f31bac190381903c3cccd31,2026-10-04T17:00:00Z,Chicago Bears,New York Jets,fanduel,player_receptions,Garrett Wilson,Under,6.5,-130,2026-10-04T04:54:03Z
20261004T045441Z,164e6eb68f31bac190381903c3cccd31,2026-10-04T17:00:00Z,Chicago Bears,New York Jets,fanduel,player_receptions,Isaiah Davis,Over,1.5,-102,2026-10-04T04:54:03Z
20261004T045441Z,164e6eb68f31bac190381903c3cccd31,2026-10-04T17:00:00Z,Chicago Bears,New York Jets,fanduel,player_receptions,Isaiah Davis,Under,1.5,-130,2026-10-04T04:54:03Z
20261004T045441Z,164e6eb68f31bac190381903c3cccd31,2026-10-04T17:00:00Z,Chicago Bears,New York Jets,fanduel,player_receptions,Jeremy Ruckert,Over,2.5,-102,2026-10-04T04:54:03Z
20261004T045441Z,164e6eb68f31bac190381903c3cccd31,2026-10-04T17:00:00Z,Chicago Bears,New York Jets,fanduel,player_receptions,Jeremy Ruckert,Under,2.5,-130,2026-10-04T04:54:03Z
20261004T045441Z,164e6eb68f31bac190381903c3cccd31,2026-10-04T17:00:00Z,Chicago Bears,New York Jets,fanduel,player_receptions,Luther Burden III,Over,4.5,106,2026-10-04T04:54:03Z
20261004T045441Z,164e6eb68f31bac190381903c3cccd31,2026-10-04T17:00:00Z,Chicago Bears,New York Jets,fanduel,player_receptions,Luther Burden III,Under,4.5,-140,2026-10-04T04:54:03Z
20261004T045441Z,164e6eb68f31bac190381903c3cccd31,2026-10-04T17:00:00Z,Chicago Bears,New York Jets,fanduel,player_rush_yds,D'Andre Swift,Over,63.5,-113,2026-10-04T04:54:03Z
20261004T045441Z,164e6eb68f31bac190381903c3cccd31,2026-10-04T17:00:00Z,Chicago Bears,New York Jets,fanduel,player_rush_yds,D'Andre Swift,Under,63.5,-113,2026-10-04T04:54:03Z
20261004T045441Z,164e6eb68f31bac190381903c3cccd31,2026-10-04T17:00:00Z,Chicago Bears,New York Jets,fanduel,player_rush_yds,Geno Smith,Over,10.5,-113,2026-10-04T04:54:03Z
20261004T045441Z,164e6eb68f31bac190381903c3cccd31,2026-10-04T17:00:00Z,Chicago Bears,New York Jets,fanduel,player_rush_yds,Geno Smith,Under,10.5,-113,2026-10-04T04:54:03Z
20261004T045441Z,164e6eb68f31bac190381903c3cccd31,2026-10-04T17:00:00Z,Chicago Bears,New York Jets,fanduel,player_rush_yds,Braelon Allen,Over,56.5,-113,2026-10-04T04:54:03Z
20261004T045441Z,164e6eb68f31bac190381903c3cccd31,2026-10-04T17:00:00Z,Chicago Bears,New York Jets,fanduel,player_rush_yds,Braelon Allen,Under,56.5,-113,2026-10-04T04:54:03Z
20261004T045441Z,164e6eb68f31bac190381903c3cccd31,2026-10-04T17:00:00Z,Chicago Bears,New York Jets,fanduel,player_rush_yds,Isaiah Davis,Over,21.5,-113,2026-10-04T04:54:03Z
20261004T045441Z,164e6eb68f31bac190381903c3cccd31,2026-10-04T17:00:00Z,Chicago Bears,New York Jets,fanduel,player_rush_yds,Isaiah Davis,Under,21.5,-113,2026-10-04T04:54:03Z
20261004T045441Z,164e6eb68f31bac190381903c3cccd31,2026-10-04T17:00:00Z,Chicago Bears,New York Jets,fanduel,player_rush_yds,Kyle Monangai,Over,39.5,-113,2026-10-04T04:54:03Z
20261004T045441Z,164e6eb68f31bac190381903c3cccd31,2026-10-04T17:00:00Z,Chicago Bears,New York Jets,fanduel,player_rush_yds,Kyle Monangai,Under,39.5,-113,2026-10-04T04:54:03Z
20261004T045441Z,164e6eb68f31bac190381903c3cccd31,2026-10-04T17:00:00Z,Chicago Bears,New York Jets,fanduel,player_rush_yds,Tyson Bagent,Over,14.5,-113,2026-10-04T04:54:03Z
20261004T045441Z,164e6eb68f31bac190381903c3cccd31,2026-10-04T17:00:00Z,Chicago Bears,New York Jets,fanduel,player_rush_yds,Tyson Bagent,Under,14.5,-113,2026-10-04T04:54:03Z
20261004T045441Z,164e6eb68f31bac190381903c3cccd31,2026-10-04T17:00:00Z,Chicago Bears,New York Jets,betonlineag,player_pass_yds,Geno Smith,Over,227.5,-115,2026-10-04T04:54:11Z
20261004T045441Z,164e6eb68f31bac190381903c3cccd31,2026-10-04T17:00:00Z,Chicago Bears,New York Jets,betonlineag,player_pass_yds,Geno Smith,Under,227.5,-112,2026-10-04T04:54:11Z
20261004T045441Z,164e6eb68f31bac190381903c3cccd31,2026-10-04T17:00:00Z,Chicago Bears,New York Jets,betonlineag,player_pass_yds,Tyson Bagent,Over,200.5,-118,2026-10-04T04:54:11Z
20261004T045441Z,164e6eb68f31bac190381903c3cccd31,2026-10-04T17:00:00Z,Chicago Bears,New York Jets,betonlineag,player_pass_yds,Tyson Bagent,Under,200.5,-110,2026-10-04T04:54:11Z
20261004T045441Z,164e6eb68f31bac190381903c3cccd31,2026-10-04T17:00:00Z,Chicago Bears,New York Jets,betonlineag,player_reception_yds,Luther Burden III,Over,46.5,-116,2026-10-04T04:54:11Z
20261004T045441Z,164e6eb68f31bac190381903c3cccd31,2026-10-04T17:00:00Z,Chicago Bears,New York Jets,betonlineag,player_reception_yds,Luther Burden III,Under,46.5,-111,2026-10-04T04:54:11Z
20261004T045441Z,164e6eb68f31bac190381903c3cccd31,2026-10-04T17:00:00Z,Chicago Bears,New York Jets,betonlineag,player_reception_yds,Cole Kmet,Over,9.5,-118,2026-10-04T04:54:11Z
20261004T045441Z,164e6eb68f31bac190381903c3cccd31,2026-10-04T17:00:00Z,Chicago Bears,New York Jets,betonlineag,player_reception_yds,Cole Kmet,Under,9.5,-110,2026-10-04T04:54:11Z
20261004T045441Z,164e6eb68f31bac190381903c3cccd31,2026-10-04T17:00:00Z,Chicago Bears,New York Jets,betonlineag,player_reception_yds,Kenyon Sadiq,Over,41.5,-115,2026-10-04T04:54:11Z
20261004T045441Z,164e6eb68f31bac190381903c3cccd31,2026-10-04T17:00:00Z,Chicago Bears,New York Jets,betonlineag,player_reception_yds,Kenyon Sadiq,Under,41.5,-112,2026-10-04T04:54:11Z
20261004T045441Z,164e6eb68f31bac190381903c3cccd31,2026-10-04T17:00:00Z,Chicago Bears,New York Jets,betonlineag,player_reception_yds,Garrett Wilson,Over,77.5,-114,2026-10-04T04:54:11Z
20261004T045441Z,164e6eb68f31bac190381903c3cccd31,2026-10-04T17:00:00Z,Chicago Bears,New York Jets,betonlineag,player_reception_yds,Garrett Wilson,Under,77.5,-114,2026-10-04T04:54:11Z
20261004T045441Z,164e6eb68f31bac190381903c3cccd31,2026-10-04T17:00:00Z,Chicago Bears,New York Jets,betonlineag,player_reception_yds,D'Andre Swift,Over,14.5,-116,2026-10-04T04:54:11Z
20261004T045441Z,164e6eb68f31bac190381903c3cccd31,2026-10-04T17:00:00Z,Chicago Bears,New York Jets,betonlineag,player_reception_yds,D'Andre Swift,Under,14.5,-111,2026-10-04T04:54:11Z
20261004T045441Z,164e6eb68f31bac190381903c3cccd31,2026-10-04T17:00:00Z,Chicago Bears,New York Jets,betonlineag,player_reception_yds,Rome Odunze,Over,32.5,-115,2026-10-04T04:54:11Z
20261004T045441Z,164e6eb68f31bac190381903c3cccd31,2026-10-04T17:00:00Z,Chicago Bears,New York Jets,betonlineag,player_reception_yds,Rome Odunze,Under,32.5,-112,2026-10-04T04:54:11Z
20261004T045441Z,164e6eb68f31bac190381903c3cccd31,2026-10-04T17:00:00Z,Chicago Bears,New York Jets,betonlineag,player_reception_yds,Braelon Allen,Over,10.5,-123,2026-10-04T04:54:11Z
20261004T045441Z,164e6eb68f31bac190381903c3cccd31,2026-10-04T17:00:00Z,Chicago Bears,New York Jets,betonlineag,player_reception_yds,Braelon Allen,Under,10.5,-104,2026-10-04T04:54:11Z
20261004T045441Z,164e6eb68f31bac190381903c3cccd31,2026-10-04T17:00:00Z,Chicago Bears,New York Jets,betonlineag,player_reception_yds,Isaiah Williams,Over,22.5,-118,2026-10-04T04:54:11Z
20261004T045441Z,164e6eb68f31bac190381903c3cccd31,2026-10-04T17:00:00Z,Chicago Bears,New York Jets,betonlineag,player_reception_yds,Isaiah Williams,Under,22.5,-110,2026-10-04T04:54:11Z
20261004T045441Z,164e6eb68f31bac190381903c3cccd31,2026-10-04T17:00:00Z,Chicago Bears,New York Jets,betonlineag,player_reception_yds,Isaiah Davis,Over,9.5,-120,2026-10-04T04:54:11Z
20261004T045441Z,164e6eb68f31bac190381903c3cccd31,2026-10-04T17:00:00Z,Chicago Bears,New York Jets,betonlineag,player_reception_yds,Isaiah Davis,Under,9.5,-108,2026-10-04T04:54:11Z
20261004T045441Z,164e6eb68f31bac190381903c3cccd31,2026-10-04T17:00:00Z,Chicago Bears,New York Jets,betonlineag,player_reception_yds,Kalif Raymond,Over,31.5,-114,2026-10-04T04:54:11Z
20261004T045441Z,164e6eb68f31bac190381903c3cccd31,2026-10-04T17:00:00Z,Chicago Bears,New York Jets,betonlineag,player_reception_yds,Kalif Raymond,Under,31.5,-114,2026-10-04T04:54:11Z
20261004T045441Z,164e6eb68f31bac190381903c3cccd31,2026-10-04T17:00:00Z,Chicago Bears,New York Jets,betonlineag,player_reception_yds,Kyle Monangai,Over,4.5,-123,2026-10-04T04:54:11Z
20261004T045441Z,164e6eb68f31bac190381903c3cccd31,2026-10-04T17:00:00Z,Chicago Bears,New York Jets,betonlineag,player_reception_yds,Kyle Monangai,Under,4.5,-104,2026-10-04T04:54:11Z
20261004T045441Z,164e6eb68f31bac190381903c3cccd31,2026-10-04T17:00:00Z,Chicago Bears,New York Jets,betonlineag,player_reception_yds,Colston Loveland,Over,34.5,-103,2026-10-04T04:54:11Z
20261004T045441Z,164e6eb68f31bac190381903c3cccd31,2026-10-04T17:00:00Z,Chicago Bears,New York Jets,betonlineag,player_reception_yds,Colston Loveland,Under,34.5,-125,2026-10-04T04:54:11Z
20261004T045441Z,164e6eb68f31bac190381903c3cccd31,2026-10-04T17:00:00Z,Chicago Bears,New York Jets,betonlineag,player_reception_yds,Jeremy Ruckert,Over,15.5,-114,2026-10-04T04:54:11Z
20261004T045441Z,164e6eb68f31bac190381903c3cccd31,2026-10-04T17:00:00Z,Chicago Bears,New York Jets,betonlineag,player_reception_yds,Jeremy Ruckert,Under,15.5,-114,2026-10-04T04:54:11Z
20261004T045441Z,164e6eb68f31bac190381903c3cccd31,2026-10-04T17:00:00Z,Chicago Bears,New York Jets,betonlineag,player_receptions,Cole Kmet,Over,1.5,149,2026-10-04T04:54:11Z
20261004T045441Z,164e6eb68f31bac190381903c3cccd31,2026-10-04T17:00:00Z,Chicago Bears,New York Jets,betonlineag,player_receptions,Cole Kmet,Under,1.5,-196,2026-10-04T04:54:11Z
20261004T045441Z,164e6eb68f31bac190381903c3cccd31,2026-10-04T17:00:00Z,Chicago Bears,New York Jets,betonlineag,player_receptions,D'Andre Swift,Over,2.5,136,2026-10-04T04:54:11Z
20261004T045441Z,164e6eb68f31bac190381903c3cccd31,2026-10-04T17:00:00Z,Chicago Bears,New York Jets,betonlineag,player_receptions,D'Andre Swift,Under,2.5,-179,2026-10-04T04:54:11Z
20261004T045441Z,164e6eb68f31bac190381903c3cccd31,2026-10-04T17:00:00Z,Chicago Bears,New York Jets,betonlineag,player_receptions,Kalif Raymond,Over,3.5,113,2026-10-04T04:54:11Z
20261004T045441Z,164e6eb68f31bac190381903c3cccd31,2026-10-04T17:00:00Z,Chicago Bears,New York Jets,betonlineag,player_receptions,Kalif Raymond,Under,3.5,-147,2026-10-04T04:54:11Z
20261004T045441Z,164e6eb68f31bac190381903c3cccd31,2026-10-04T17:00:00Z,Chicago Bears,New York Jets,betonlineag,player_receptions,Rome Odunze,Over,2.5,-120,2026-10-04T04:54:11Z
20261004T045441Z,164e6eb68f31bac190381903c3cccd31,2026-10-04T17:00:00Z,Chicago Bears,New York Jets,betonlineag,player_receptions,Rome Odunze,Under,2.5,-108,2026-10-04T04:54:11Z
20261004T045441Z,164e6eb68f31bac190381903c3cccd31,2026-10-04T17:00:00Z,Chicago Bears,New York Jets,betonlineag,player_receptions,Colston Loveland,Over,3.5,110,2026-10-04T04:54:11Z
20261004T045441Z,164e6eb68f31bac190381903c3cccd31,2026-10-04T17:00:00Z,Chicago Bears,New York Jets,betonlineag,player_receptions,Colston Loveland,Under,3.5,-143,2026-10-04T04:54:11Z
20261004T045441Z,164e6eb68f31bac190381903c3cccd31,2026-10-04T17:00:00Z,Chicago Bears,New York Jets,betonlineag,player_receptions,Garrett Wilson,Over,6.5,-101,2026-10-04T04:54:11Z
20261004T045441Z,164e6eb68f31bac190381903c3cccd31,2026-10-04T17:00:00Z,Chicago Bears,New York Jets,betonlineag,player_receptions,Garrett Wilson,Under,6.5,-128,2026-10-04T04:54:11Z
20261004T045441Z,164e6eb68f31bac190381903c3cccd31,2026-10-04T17:00:00Z,Chicago Bears,New York Jets,betonlineag,player_receptions,Luther Burden III,Over,4.5,-102,2026-10-04T04:54:11Z
20261004T045441Z,164e6eb68f31bac190381903c3cccd31,2026-10-04T17:00:00Z,Chicago Bears,New York Jets,betonlineag,player_receptions,Luther Burden III,Under,4.5,-127,2026-10-04T04:54:11Z
20261004T045441Z,164e6eb68f31bac190381903c3cccd31,2026-10-04T17:00:00Z,Chicago Bears,New York Jets,betonlineag,player_receptions,Braelon Allen,Over,1.5,-159,2026-10-04T04:54:11Z
20261004T045441Z,164e6eb68f31bac190381903c3cccd31,2026-10-04T17:00:00Z,Chicago Bears,New York Jets,betonlineag,player_receptions,Braelon Allen,Under,1.5,122,2026-10-04T04:54:11Z
20261004T045441Z,164e6eb68f31bac190381903c3cccd31,2026-10-04T17:00:00Z,Chicago Bears,New York Jets,betonlineag,player_receptions,Isaiah Williams,Over,2.5,-125,2026-10-04T04:54:11Z
20261004T045441Z,164e6eb68f31bac190381903c3cccd31,2026-10-04T17:00:00Z,Chicago Bears,New York Jets,betonlineag,player_receptions,Isaiah Williams,Under,2.5,-103,2026-10-04T04:54:11Z
20261004T045441Z,164e6eb68f31bac190381903c3cccd31,2026-10-04T17:00:00Z,Chicago Bears,New York Jets,betonlineag,player_receptions,Isaiah Davis,Over,1.5,100,2026-10-04T04:54:11Z
20261004T045441Z,164e6eb68f31bac190381903c3cccd31,2026-10-04T17:00:00Z,Chicago Bears,New York Jets,betonlineag,player_receptions,Isaiah Davis,Under,1.5,-130,2026-10-04T04:54:11Z
20261004T045441Z,164e6eb68f31bac190381903c3cccd31,2026-10-04T17:00:00Z,Chicago Bears,New York Jets,betonlineag,player_receptions,Kenyon Sadiq,Over,4.5,112,2026-10-04T04:54:11Z
20261004T045441Z,164e6eb68f31bac190381903c3cccd31,2026-10-04T17:00:00Z,Chicago Bears,New York Jets,betonlineag,player_receptions,Kenyon Sadiq,Under,4.5,-145,2026-10-04T04:54:11Z
20261004T045441Z,164e6eb68f31bac190381903c3cccd31,2026-10-04T17:00:00Z,Chicago Bears,New York Jets,betonlineag,player_receptions,Kyle Monangai,Over,0.5,-222,2026-10-04T04:54:11Z
20261004T045441Z,164e6eb68f31bac190381903c3cccd31,2026-10-04T17:00:00Z,Chicago Bears,New York Jets,betonlineag,player_receptions,Kyle Monangai,Under,0.5,166,2026-10-04T04:54:11Z
20261004T045441Z,164e6eb68f31bac190381903c3cccd31,2026-10-04T17:00:00Z,Chicago Bears,New York Jets,betonlineag,player_receptions,Jeremy Ruckert,Over,2.5,110,2026-10-04T04:54:11Z
20261004T045441Z,164e6eb68f31bac190381903c3cccd31,2026-10-04T17:00:00Z,Chicago Bears,New York Jets,betonlineag,player_receptions,Jeremy Ruckert,Under,2.5,-143,2026-10-04T04:54:11Z
20261004T045441Z,164e6eb68f31bac190381903c3cccd31,2026-10-04T17:00:00Z,Chicago Bears,New York Jets,betonlineag,player_rush_yds,Kyle Monangai,Over,39.5,-116,2026-10-04T04:54:11Z
20261004T045441Z,164e6eb68f31bac190381903c3cccd31,2026-10-04T17:00:00Z,Chicago Bears,New York Jets,betonlineag,player_rush_yds,Kyle Monangai,Under,39.5,-111,2026-10-04T04:54:11Z
20261004T045441Z,164e6eb68f31bac190381903c3cccd31,2026-10-04T17:00:00Z,Chicago Bears,New York Jets,betonlineag,player_rush_yds,Braelon Allen,Over,55.5,-116,2026-10-04T04:54:11Z
20261004T045441Z,164e6eb68f31bac190381903c3cccd31,2026-10-04T17:00:00Z,Chicago Bears,New York Jets,betonlineag,player_rush_yds,Braelon Allen,Under,55.5,-111,2026-10-04T04:54:11Z
20261004T045441Z,164e6eb68f31bac190381903c3cccd31,2026-10-04T17:00:00Z,Chicago Bears,New York Jets,betonlineag,player_rush_yds,Isaiah Davis,Over,21.5,-110,2026-10-04T04:54:11Z
20261004T045441Z,164e6eb68f31bac190381903c3cccd31,2026-10-04T17:00:00Z,Chicago Bears,New York Jets,betonlineag,player_rush_yds,Isaiah Davis,Under,21.5,-118,2026-10-04T04:54:11Z
20261004T045441Z,164e6eb68f31bac190381903c3cccd31,2026-10-04T17:00:00Z,Chicago Bears,New York Jets,betonlineag,player_rush_yds,Tyson Bagent,Over,14.5,-112,2026-10-04T04:54:11Z
20261004T045441Z,164e6eb68f31bac190381903c3cccd31,2026-10-04T17:00:00Z,Chicago Bears,New York Jets,betonlineag,player_rush_yds,Tyson Bagent,Under,14.5,-115,2026-10-04T04:54:11Z
20261004T045441Z,164e6eb68f31bac190381903c3cccd31,2026-10-04T17:00:00Z,Chicago Bears,New York Jets,betonlineag,player_rush_yds,Geno Smith,Over,10.5,-115,2026-10-04T04:54:11Z
20261004T045441Z,164e6eb68f31bac190381903c3cccd31,2026-10-04T17:00:00Z,Chicago Bears,New York Jets,betonlineag,player_rush_yds,Geno Smith,Under,10.5,-112,2026-10-04T04:54:11Z
20261004T045441Z,164e6eb68f31bac190381903c3cccd31,2026-10-04T17:00:00Z,Chicago Bears,New York Jets,betonlineag,player_rush_yds,D'Andre Swift,Over,63.5,-118,2026-10-04T04:54:11Z
20261004T045441Z,164e6eb68f31bac190381903c3cccd31,2026-10-04T17:00:00Z,Chicago Bears,New York Jets,betonlineag,player_rush_yds,D'Andre Swift,Under,63.5,-110,2026-10-04T04:54:11Z
20261004T045441Z,164e6eb68f31bac190381903c3cccd31,2026-10-04T17:00:00Z,Chicago Bears,New York Jets,betrivers,player_pass_yds,Geno Smith,Over,225.5,-115,2026-10-04T04:54:21Z
20261004T045441Z,164e6eb68f31bac190381903c3cccd31,2026-10-04T17:00:00Z,Chicago Bears,New York Jets,betrivers,player_pass_yds,Geno Smith,Under,225.5,-115,2026-10-04T04:54:21Z
20261004T045441Z,164e6eb68f31bac190381903c3cccd31,2026-10-04T17:00:00Z,Chicago Bears,New York Jets,betrivers,player_pass_yds,Tyson Bagent,Over,201.5,-117,2026-10-04T04:54:21Z
20261004T045441Z,164e6eb68f31bac190381903c3cccd31,2026-10-04T17:00:00Z,Chicago Bears,New York Jets,betrivers,player_pass_yds,Tyson Bagent,Under,201.5,-114,2026-10-04T04:54:21Z
20261004T045441Z,164e6eb68f31bac190381903c3cccd31,2026-10-04T17:00:00Z,Chicago Bears,New York Jets,betrivers,player_reception_yds,Kalif Raymond,Over,30.5,-117,2026-10-04T04:54:21Z
20261004T045441Z,164e6eb68f31bac190381903c3cccd31,2026-10-04T17:00:00Z,Chicago Bears,New York Jets,betrivers,player_reception_yds,Kalif Raymond,Under,30.5,-113,2026-10-04T04:54:21Z
20261004T045441Z,164e6eb68f31bac190381903c3cccd31,2026-10-04T17:00:00Z,Chicago Bears,New York Jets,betrivers,player_reception_yds,Cole Kmet,Over,9.5,-113,2026-10-04T04:54:21Z
20261004T045441Z,164e6eb68f31bac190381903c3cccd31,2026-10-04T17:00:00Z,Chicago Bears,New York Jets,betrivers,player_reception_yds,Cole Kmet,Under,9.5,-118,2026-10-04T04:54:21Z
20261004T045441Z,164e6eb68f31bac190381903c3cccd31,2026-10-04T17:00:00Z,Chicago Bears,New York Jets,betrivers,player_reception_yds,Rome Odunze,Over,31.5,-117,2026-10-04T04:54:21Z
20261004T045441Z,164e6eb68f31bac190381903c3cccd31,2026-10-04T17:00:00Z,Chicago Bears,New York Jets,betrivers,player_reception_yds,Rome Odunze,Under,31.5,-113,2026-10-04T04:54:21Z
20261004T045441Z,164e6eb68f31bac190381903c3cccd31,2026-10-04T17:00:00Z,Chicago Bears,New York Jets,betrivers,player_reception_yds,Colston Loveland,Over,32.5,-118,2026-10-04T04:54:21Z
20261004T045441Z,164e6eb68f31bac190381903c3cccd31,2026-10-04T17:00:00Z,Chicago Bears,New York Jets,betrivers,player_reception_yds,Colston Loveland,Under,32.5,-113,2026-10-04T04:54:21Z
20261004T045441Z,164e6eb68f31bac190381903c3cccd31,2026-10-04T17:00:00Z,Chicago Bears,New York Jets,betrivers,player_reception_yds,Isaiah Williams,Over,23.5,-117,2026-10-04T04:54:21Z
20261004T045441Z,164e6eb68f31bac190381903c3cccd31,2026-10-04T17:00:00Z,Chicago Bears,New York Jets,betrivers,player_reception_yds,Isaiah Williams,Under,23.5,-114,2026-10-04T04:54:21Z
20261004T045441Z,164e6eb68f31bac190381903c3cccd31,2026-10-04T17:00:00Z,Chicago Bears,New York Jets,betrivers,player_reception_yds,Luther Burden III,Over,46.5,-114,2026-10-04T04:54:21Z
20261004T045441Z,164e6eb68f31bac190381903c3cccd31,2026-10-04T17:00:00Z,Chicago Bears,New York Jets,betrivers,player_reception_yds,Luther Burden III,Under,46.5,-117,2026-10-04T04:54:21Z
20261004T045441Z,164e6eb68f31bac190381903c3cccd31,2026-10-04T17:00:00Z,Chicago Bears,New York Jets,betrivers,player_reception_yds,Kyle Monangai,Over,5.5,-117,2026-10-04T04:54:21Z
20261004T045441Z,164e6eb68f31bac190381903c3cccd31,2026-10-04T17:00:00Z,Chicago Bears,New York Jets,betrivers,player_reception_yds,Kyle Monangai,Under,5.5,-114,2026-10-04T04:54:21Z
20261004T045441Z,164e6eb68f31bac190381903c3cccd31,2026-10-04T17:00:00Z,Chicago Bears,New York Jets,betrivers,player_reception_yds,Braelon Allen,Over,12.5,-112,2026-10-04T04:54:21Z
20261004T045441Z,164e6eb68f31bac190381903c3cccd31,2026-10-04T17:00:00Z,Chicago Bears,New York Jets,betrivers,player_reception_yds,Braelon Allen,Under,12.5,-120,2026-10-04T04:54:21Z
20261004T045441Z,164e6eb68f31bac190381903c3cccd31,2026-10-04T17:00:00Z,Chicago Bears,New York Jets,betrivers,player_reception_yds,Garrett Wilson,Over,75.5,-118,2026-10-04T04:54:21Z
20261004T045441Z,164e6eb68f31bac190381903c3cccd31,2026-10-04T17:00:00Z,Chicago Bears,New York Jets,betrivers,player_reception_yds,Garrett Wilson,Under,75.5,-113,2026-10-04T04:54:21Z
20261004T045441Z,164e6eb68f31bac190381903c3cccd31,2026-10-04T17:00:00Z,Chicago Bears,New York Jets,betrivers,player_reception_yds,Isaiah Davis,Over,8.5,-121,2026-10-04T04:54:21Z
20261004T045441Z,164e6eb68f31bac190381903c3cccd31,2026-10-04T17:00:00Z,Chicago Bears,New York Jets,betrivers,player_reception_yds,Isaiah Davis,Under,8.5,-110,2026-10-04T04:54:21Z
20261004T045441Z,164e6eb68f31bac190381903c3cccd31,2026-10-04T17:00:00Z,Chicago Bears,New York Jets,betrivers,player_reception_yds,Kenyon Sadiq,Over,43.5,-115,2026-10-04T04:54:21Z
20261004T045441Z,164e6eb68f31bac190381903c3cccd31,2026-10-04T17:00:00Z,Chicago Bears,New York Jets,betrivers,player_reception_yds,Kenyon Sadiq,Under,43.5,-115,2026-10-04T04:54:21Z
20261004T045441Z,164e6eb68f31bac190381903c3cccd31,2026-10-04T17:00:00Z,Chicago Bears,New York Jets,betrivers,player_reception_yds,D'Andre Swift,Over,13.5,-120,2026-10-04T04:54:21Z
20261004T045441Z,164e6eb68f31bac190381903c3cccd31,2026-10-04T17:00:00Z,Chicago Bears,New York Jets,betrivers,player_reception_yds,D'Andre Swift,Under,13.5,-110,2026-10-04T04:54:21Z
20261004T045441Z,164e6eb68f31bac190381903c3cccd31,2026-10-04T17:00:00Z,Chicago Bears,New York Jets,betrivers,player_receptions,Garrett Wilson,Over,6.5,-103,2026-10-04T04:54:21Z
20261004T045441Z,164e6eb68f31bac190381903c3cccd31,2026-10-04T17:00:00Z,Chicago Bears,New York Jets,betrivers,player_receptions,Kenyon Sadiq,Over,4.5,118,2026-10-04T04:54:21Z
20261004T045441Z,164e6eb68f31bac190381903c3cccd31,2026-10-04T17:00:00Z,Chicago Bears,New York Jets,betrivers,player_receptions,Isaiah Davis,Over,1.5,108,2026-10-04T04:54:21Z
20261004T045441Z,164e6eb68f31bac190381903c3cccd31,2026-10-04T17:00:00Z,Chicago Bears,New York Jets,betrivers,player_receptions,Rome Odunze,Over,2.5,-114,2026-10-04T04:54:21Z
20261004T045441Z,164e6eb68f31bac190381903c3cccd31,2026-10-04T17:00:00Z,Chicago Bears,New York Jets,betrivers,player_receptions,Colston Loveland,Over,3.5,-105,2026-10-04T04:54:21Z
20261004T045441Z,164e6eb68f31bac190381903c3cccd31,2026-10-04T17:00:00Z,Chicago Bears,New York Jets,betrivers,player_receptions,Kyle Monangai,Over,0.5,-235,2026-10-04T04:54:21Z
20261004T045441Z,164e6eb68f31bac190381903c3cccd31,2026-10-04T17:00:00Z,Chicago Bears,New York Jets,betrivers,player_receptions,Kalif Raymond,Over,3.5,110,2026-10-04T04:54:21Z
20261004T045441Z,164e6eb68f31bac190381903c3cccd31,2026-10-04T17:00:00Z,Chicago Bears,New York Jets,betrivers,player_receptions,Isaiah Williams,Over,2.5,-121,2026-10-04T04:54:21Z
20261004T045441Z,164e6eb68f31bac190381903c3cccd31,2026-10-04T17:00:00Z,Chicago Bears,New York Jets,betrivers,player_receptions,D'Andre Swift,Over,2.5,140,2026-10-04T04:54:21Z
20261004T045441Z,164e6eb68f31bac190381903c3cccd31,2026-10-04T17:00:00Z,Chicago Bears,New York Jets,betrivers,player_receptions,Cole Kmet,Over,1.5,160,2026-10-04T04:54:21Z
20261004T045441Z,164e6eb68f31bac190381903c3cccd31,2026-10-04T17:00:00Z,Chicago Bears,New York Jets,betrivers,player_receptions,Luther Burden III,Over,4.5,108,2026-10-04T04:54:21Z
20261004T045441Z,164e6eb68f31bac190381903c3cccd31,2026-10-04T17:00:00Z,Chicago Bears,New York Jets,betrivers,player_receptions,Braelon Allen,Over,1.5,-162,2026-10-04T04:54:21Z
20261004T045441Z,164e6eb68f31bac190381903c3cccd31,2026-10-04T17:00:00Z,Chicago Bears,New York Jets,betrivers,player_rush_yds,Geno Smith,Over,10.5,-109,2026-10-04T04:54:21Z
20261004T045441Z,164e6eb68f31bac190381903c3cccd31,2026-10-04T17:00:00Z,Chicago Bears,New York Jets,betrivers,player_rush_yds,Geno Smith,Under,10.5,-122,2026-10-04T04:54:21Z
20261004T045441Z,164e6eb68f31bac190381903c3cccd31,2026-10-04T17:00:00Z,Chicago Bears,New York Jets,betrivers,player_rush_yds,Tyson Bagent,Over,14.5,-112,2026-10-04T04:54:21Z
20261004T045441Z,164e6eb68f31bac190381903c3cccd31,2026-10-04T17:00:00Z,Chicago Bears,New York Jets,betrivers,player_rush_yds,Tyson Bagent,Under,14.5,-120,2026-10-04T04:54:21Z
20261004T045441Z,164e6eb68f31bac190381903c3cccd31,2026-10-04T17:00:00Z,Chicago Bears,New York Jets,betrivers,player_rush_yds,Braelon Allen,Over,54.5,-113,2026-10-04T04:54:21Z
20261004T045441Z,164e6eb68f31bac190381903c3cccd31,2026-10-04T17:00:00Z,Chicago Bears,New York Jets,betrivers,player_rush_yds,Braelon Allen,Under,54.5,-118,2026-10-04T04:54:21Z
20261004T045441Z,164e6eb68f31bac190381903c3cccd31,2026-10-04T17:00:00Z,Chicago Bears,New York Jets,betrivers,player_rush_yds,Isaiah Davis,Over,19.5,-115,2026-10-04T04:54:21Z
20261004T045441Z,164e6eb68f31bac190381903c3cccd31,2026-10-04T17:00:00Z,Chicago Bears,New York Jets,betrivers,player_rush_yds,Isaiah Davis,Under,19.5,-115,2026-10-04T04:54:21Z
20261004T045441Z,164e6eb68f31bac190381903c3cccd31,2026-10-04T17:00:00Z,Chicago Bears,New York Jets,betrivers,player_rush_yds,Kyle Monangai,Over,39.5,-118,2026-10-04T04:54:21Z
20261004T045441Z,164e6eb68f31bac190381903c3cccd31,2026-10-04T17:00:00Z,Chicago Bears,New York Jets,betrivers,player_rush_yds,Kyle Monangai,Under,39.5,-113,2026-10-04T04:54:21Z
20261004T045441Z,164e6eb68f31bac190381903c3cccd31,2026-10-04T17:00:00Z,Chicago Bears,New York Jets,betrivers,player_rush_yds,D'Andre Swift,Over,63.5,-115,2026-10-04T04:54:21Z
20261004T045441Z,164e6eb68f31bac190381903c3cccd31,2026-10-04T17:00:00Z,Chicago Bears,New York Jets,betrivers,player_rush_yds,D'Andre Swift,Under,63.5,-115,2026-10-04T04:54:21Z
20261004T045441Z,164e6eb68f31bac190381903c3cccd31,2026-10-04T17:00:00Z,Chicago Bears,New York Jets,betmgm,player_pass_yds,Geno Smith,Over,223.5,-115,2026-10-04T04:53:42Z
20261004T045441Z,164e6eb68f31bac190381903c3cccd31,2026-10-04T17:00:00Z,Chicago Bears,New York Jets,betmgm,player_pass_yds,Geno Smith,Under,223.5,-115,2026-10-04T04:53:42Z
20261004T045441Z,164e6eb68f31bac190381903c3cccd31,2026-10-04T17:00:00Z,Chicago Bears,New York Jets,betmgm,player_pass_yds,Tyson Bagent,Over,203.5,-115,2026-10-04T04:53:42Z
20261004T045441Z,164e6eb68f31bac190381903c3cccd31,2026-10-04T17:00:00Z,Chicago Bears,New York Jets,betmgm,player_pass_yds,Tyson Bagent,Under,203.5,-115,2026-10-04T04:53:42Z
20261004T045441Z,164e6eb68f31bac190381903c3cccd31,2026-10-04T17:00:00Z,Chicago Bears,New York Jets,betmgm,player_reception_yds,Cole Kmet,Over,8.5,-115,2026-10-04T04:53:42Z
20261004T045441Z,164e6eb68f31bac190381903c3cccd31,2026-10-04T17:00:00Z,Chicago Bears,New York Jets,betmgm,player_reception_yds,Cole Kmet,Under,8.5,-115,2026-10-04T04:53:42Z
20261004T045441Z,164e6eb68f31bac190381903c3cccd31,2026-10-04T17:00:00Z,Chicago Bears,New York Jets,betmgm,player_reception_yds,Kalif Raymond,Over,30.5,-115,2026-10-04T04:53:42Z
20261004T045441Z,164e6eb68f31bac190381903c3cccd31,2026-10-04T17:00:00Z,Chicago Bears,New York Jets,betmgm,player_reception_yds,Kalif Raymond,Under,30.5,-115,2026-10-04T04:53:42Z
20261004T045441Z,164e6eb68f31bac190381903c3cccd31,2026-10-04T17:00:00Z,Chicago Bears,New York Jets,betmgm,player_reception_yds,Luther Burden III,Over,45.5,-111,2026-10-04T04:53:42Z
20261004T045441Z,164e6eb68f31bac190381903c3cccd31,2026-10-04T17:00:00Z,Chicago Bears,New York Jets,betmgm,player_reception_yds,Luther Burden III,Under,45.5,-118,2026-10-04T04:53:42Z
20261004T045441Z,164e6eb68f31bac190381903c3cccd31,2026-10-04T17:00:00Z,Chicago Bears,New York Jets,betmgm,player_reception_yds,Colston Loveland,Over,34.5,-115,2026-10-04T04:53:42Z
20261004T045441Z,164e6eb68f31bac190381903c3cccd31,2026-10-04T17:00:00Z,Chicago Bears,New York Jets,betmgm,player_reception_yds,Colston Loveland,Under,34.5,-115,2026-10-04T04:53:42Z
20261004T045441Z,164e6eb68f31bac190381903c3cccd31,2026-10-04T17:00:00Z,Chicago Bears,New York Jets,betmgm,player_reception_yds,Isaiah Williams,Over,23.5,-115,2026-10-04T04:53:42Z
20261004T045441Z,164e6eb68f31bac190381903c3cccd31,2026-10-04T17:00:00Z,Chicago Bears,New York Jets,betmgm,player_reception_yds,Isaiah Williams,Under,23.5,-115,2026-10-04T04:53:42Z
20261004T045441Z,164e6eb68f31bac190381903c3cccd31,2026-10-04T17:00:00Z,Chicago Bears,New York Jets,betmgm,player_reception_yds,Rome Odunze,Over,30.5,-115,2026-10-04T04:53:42Z
20261004T045441Z,164e6eb68f31bac190381903c3cccd31,2026-10-04T17:00:00Z,Chicago Bears,New York Jets,betmgm,player_reception_yds,Rome Odunze,Under,30.5,-115,2026-10-04T04:53:42Z
20261004T045441Z,164e6eb68f31bac190381903c3cccd31,2026-10-04T17:00:00Z,Chicago Bears,New York Jets,betmgm,player_reception_yds,Braelon Allen,Over,10.5,-120,2026-10-04T04:53:42Z
20261004T045441Z,164e6eb68f31bac190381903c3cccd31,2026-10-04T17:00:00Z,Chicago Bears,New York Jets,betmgm,player_reception_yds,Braelon Allen,Under,10.5,-110,2026-10-04T04:53:42Z
20261004T045441Z,164e6eb68f31bac190381903c3cccd31,2026-10-04T17:00:00Z,Chicago Bears,New York Jets,betmgm,player_reception_yds,Garrett Wilson,Over,77.5,100,2026-10-04T04:53:42Z
20261004T045441Z,164e6eb68f31bac190381903c3cccd31,2026-10-04T17:00:00Z,Chicago Bears,New York Jets,betmgm,player_reception_yds,Garrett Wilson,Under,77.5,-135,2026-10-04T04:53:42Z
20261004T045441Z,164e6eb68f31bac190381903c3cccd31,2026-10-04T17:00:00Z,Chicago Bears,New York Jets,betmgm,player_reception_yds,Isaiah Davis,Over,10.5,-110,2026-10-04T04:53:42Z
20261004T045441Z,164e6eb68f31bac190381903c3cccd31,2026-10-04T17:00:00Z,Chicago Bears,New York Jets,betmgm,player_reception_yds,Isaiah Davis,Under,10.5,-120,2026-10-04T04:53:42Z
20261004T045441Z,164e6eb68f31bac190381903c3cccd31,2026-10-04T17:00:00Z,Chicago Bears,New York Jets,betmgm,player_reception_yds,Kenyon Sadiq,Over,41.5,-115,2026-10-04T04:53:42Z
20261004T045441Z,164e6eb68f31bac190381903c3cccd31,2026-10-04T17:00:00Z,Chicago Bears,New York Jets,betmgm,player_reception_yds,Kenyon Sadiq,Under,41.5,-115,2026-10-04T04:53:42Z
20261004T045441Z,164e6eb68f31bac190381903c3cccd31,2026-10-04T17:00:00Z,Chicago Bears,New York Jets,betmgm,player_reception_yds,D'Andre Swift,Over,13.5,-120,2026-10-04T04:53:42Z
20261004T045441Z,164e6eb68f31bac190381903c3cccd31,2026-10-04T17:00:00Z,Chicago Bears,New York Jets,betmgm,player_reception_yds,D'Andre Swift,Under,13.5,-110,2026-10-04T04:53:42Z
20261004T045441Z,164e6eb68f31bac190381903c3cccd31,2026-10-04T17:00:00Z,Chicago Bears,New York Jets,betmgm,player_receptions,Rome Odunze,Over,2.5,-115,2026-10-04T04:53:42Z
20261004T045441Z,164e6eb68f31bac190381903c3cccd31,2026-10-04T17:00:00Z,Chicago Bears,New York Jets,betmgm,player_receptions,Rome Odunze,Under,2.5,-115,2026-10-04T04:53:42Z
20261004T045441Z,164e6eb68f31bac190381903c3cccd31,2026-10-04T17:00:00Z,Chicago Bears,New York Jets,betmgm,player_receptions,Garrett Wilson,Over,6.5,105,2026-10-04T04:53:42Z
20261004T045441Z,164e6eb68f31bac190381903c3cccd31,2026-10-04T17:00:00Z,Chicago Bears,New York Jets,betmgm,player_receptions,Garrett Wilson,Under,6.5,-140,2026-10-04T04:53:42Z
20261004T045441Z,164e6eb68f31bac190381903c3cccd31,2026-10-04T17:00:00Z,Chicago Bears,New York Jets,betmgm,player_receptions,D'Andre Swift,Over,2.5,135,2026-10-04T04:53:42Z
20261004T045441Z,164e6eb68f31bac190381903c3cccd31,2026-10-04T17:00:00Z,Chicago Bears,New York Jets,betmgm,player_receptions,D'Andre Swift,Under,2.5,-185,2026-10-04T04:53:42Z
20261004T045441Z,164e6eb68f31bac190381903c3cccd31,2026-10-04T17:00:00Z,Chicago Bears,New York Jets,betmgm,player_receptions,Luther Burden III,Over,4.5,115,2026-10-04T04:53:42Z
20261004T045441Z,164e6eb68f31bac190381903c3cccd31,2026-10-04T17:00:00Z,Chicago Bears,New York Jets,betmgm,player_receptions,Luther Burden III,Under,4.5,-155,2026-10-04T04:53:42Z
20261004T045441Z,164e6eb68f31bac190381903c3cccd31,2026-10-04T17:00:00Z,Chicago Bears,New York Jets,betmgm,player_receptions,Kalif Raymond,Over,3.5,105,2026-10-04T04:53:42Z
20261004T045441Z,164e6eb68f31bac190381903c3cccd31,2026-10-04T17:00:00Z,Chicago Bears,New York Jets,betmgm,player_receptions,Kalif Raymond,Under,3.5,-145,2026-10-04T04:53:42Z
20261004T045441Z,164e6eb68f31bac190381903c3cccd31,2026-10-04T17:00:00Z,Chicago Bears,New York Jets,betmgm,player_receptions,Braelon Allen,Over,1.5,-150,2026-10-04T04:53:42Z
20261004T045441Z,164e6eb68f31bac190381903c3cccd31,2026-10-04T17:00:00Z,Chicago Bears,New York Jets,betmgm,player_receptions,Braelon Allen,Under,1.5,110,2026-10-04T04:53:42Z
20261004T045441Z,164e6eb68f31bac190381903c3cccd31,2026-10-04T17:00:00Z,Chicago Bears,New York Jets,betmgm,player_receptions,Isaiah Davis,Over,1.5,-110,2026-10-04T04:53:42Z
20261004T045441Z,164e6eb68f31bac190381903c3cccd31,2026-10-04T17:00:00Z,Chicago Bears,New York Jets,betmgm,player_receptions,Isaiah Davis,Under,1.5,-120,2026-10-04T04:53:42Z
20261004T045441Z,164e6eb68f31bac190381903c3cccd31,2026-10-04T17:00:00Z,Chicago Bears,New York Jets,betmgm,player_receptions,Kenyon Sadiq,Over,3.5,-165,2026-10-04T04:53:42Z
20261004T045441Z,164e6eb68f31bac190381903c3cccd31,2026-10-04T17:00:00Z,Chicago Bears,New York Jets,betmgm,player_receptions,Kenyon Sadiq,Under,3.5,125,2026-10-04T04:53:42Z
20261004T045441Z,164e6eb68f31bac190381903c3cccd31,2026-10-04T17:00:00Z,Chicago Bears,New York Jets,betmgm,player_receptions,Isaiah Williams,Over,2.5,-125,2026-10-04T04:53:42Z
20261004T045441Z,164e6eb68f31bac190381903c3cccd31,2026-10-04T17:00:00Z,Chicago Bears,New York Jets,betmgm,player_receptions,Isaiah Williams,Under,2.5,-105,2026-10-04T04:53:42Z
20261004T045441Z,164e6eb68f31bac190381903c3cccd31,2026-10-04T17:00:00Z,Chicago Bears,New York Jets,betmgm,player_receptions,Colston Loveland,Over,3.5,110,2026-10-04T04:53:42Z
20261004T045441Z,164e6eb68f31bac190381903c3cccd31,2026-10-04T17:00:00Z,Chicago Bears,New York Jets,betmgm,player_receptions,Colston Loveland,Under,3.5,-150,2026-10-04T04:53:42Z
20261004T045441Z,164e6eb68f31bac190381903c3cccd31,2026-10-04T17:00:00Z,Chicago Bears,New York Jets,betmgm,player_receptions,Cole Kmet,Over,1.5,155,2026-10-04T04:53:42Z
20261004T045441Z,164e6eb68f31bac190381903c3cccd31,2026-10-04T17:00:00Z,Chicago Bears,New York Jets,betmgm,player_receptions,Cole Kmet,Under,1.5,-210,2026-10-04T04:53:42Z
20261004T045441Z,164e6eb68f31bac190381903c3cccd31,2026-10-04T17:00:00Z,Chicago Bears,New York Jets,betmgm,player_rush_yds,Braelon Allen,Over,55.5,-115,2026-10-04T04:53:42Z
20261004T045441Z,164e6eb68f31bac190381903c3cccd31,2026-10-04T17:00:00Z,Chicago Bears,New York Jets,betmgm,player_rush_yds,Braelon Allen,Under,55.5,-115,2026-10-04T04:53:42Z
20261004T045441Z,164e6eb68f31bac190381903c3cccd31,2026-10-04T17:00:00Z,Chicago Bears,New York Jets,betmgm,player_rush_yds,Geno Smith,Over,10.5,-110,2026-10-04T04:53:42Z
20261004T045441Z,164e6eb68f31bac190381903c3cccd31,2026-10-04T17:00:00Z,Chicago Bears,New York Jets,betmgm,player_rush_yds,Geno Smith,Under,10.5,-120,2026-10-04T04:53:42Z
20261004T045441Z,164e6eb68f31bac190381903c3cccd31,2026-10-04T17:00:00Z,Chicago Bears,New York Jets,betmgm,player_rush_yds,D'Andre Swift,Over,61.5,-115,2026-10-04T04:53:42Z
20261004T045441Z,164e6eb68f31bac190381903c3cccd31,2026-10-04T17:00:00Z,Chicago Bears,New York Jets,betmgm,player_rush_yds,D'Andre Swift,Under,61.5,-115,2026-10-04T04:53:42Z
20261004T045441Z,164e6eb68f31bac190381903c3cccd31,2026-10-04T17:00:00Z,Chicago Bears,New York Jets,betmgm,player_rush_yds,Kyle Monangai,Over,40.5,-115,2026-10-04T04:53:42Z
20261004T045441Z,164e6eb68f31bac190381903c3cccd31,2026-10-04T17:00:00Z,Chicago Bears,New York Jets,betmgm,player_rush_yds,Kyle Monangai,Under,40.5,-115,2026-10-04T04:53:42Z
20261004T045441Z,164e6eb68f31bac190381903c3cccd31,2026-10-04T17:00:00Z,Chicago Bears,New York Jets,betmgm,player_rush_yds,Isaiah Davis,Over,21.5,-111,2026-10-04T04:53:42Z
20261004T045441Z,164e6eb68f31bac190381903c3cccd31,2026-10-04T17:00:00Z,Chicago Bears,New York Jets,betmgm,player_rush_yds,Isaiah Davis,Under,21.5,-120,2026-10-04T04:53:42Z
20261004T045441Z,164e6eb68f31bac190381903c3cccd31,2026-10-04T17:00:00Z,Chicago Bears,New York Jets,betmgm,player_rush_yds,Tyson Bagent,Over,13.5,-110,2026-10-04T04:53:42Z
20261004T045441Z,164e6eb68f31bac190381903c3cccd31,2026-10-04T17:00:00Z,Chicago Bears,New York Jets,betmgm,player_rush_yds,Tyson Bagent,Under,13.5,-120,2026-10-04T04:53:42Z
20261004T045441Z,164e6eb68f31bac190381903c3cccd31,2026-10-04T17:00:00Z,Chicago Bears,New York Jets,bovada,player_pass_yds,Geno Smith,Over,227.5,-115,2026-10-04T04:54:18Z
20261004T045441Z,164e6eb68f31bac190381903c3cccd31,2026-10-04T17:00:00Z,Chicago Bears,New York Jets,bovada,player_pass_yds,Geno Smith,Under,227.5,-115,2026-10-04T04:54:18Z
20261004T045441Z,164e6eb68f31bac190381903c3cccd31,2026-10-04T17:00:00Z,Chicago Bears,New York Jets,bovada,player_pass_yds,Tyson Bagent,Over,200.5,-115,2026-10-04T04:54:18Z
20261004T045441Z,164e6eb68f31bac190381903c3cccd31,2026-10-04T17:00:00Z,Chicago Bears,New York Jets,bovada,player_pass_yds,Tyson Bagent,Under,200.5,-115,2026-10-04T04:54:18Z
20261004T045441Z,164e6eb68f31bac190381903c3cccd31,2026-10-04T17:00:00Z,Chicago Bears,New York Jets,bovada,player_reception_yds,Braelon Allen,Over,12.5,-120,2026-10-04T04:54:18Z
20261004T045441Z,164e6eb68f31bac190381903c3cccd31,2026-10-04T17:00:00Z,Chicago Bears,New York Jets,bovada,player_reception_yds,Braelon Allen,Under,12.5,-110,2026-10-04T04:54:18Z
20261004T045441Z,164e6eb68f31bac190381903c3cccd31,2026-10-04T17:00:00Z,Chicago Bears,New York Jets,bovada,player_reception_yds,Cole Kmet,Over,9.5,-120,2026-10-04T04:54:18Z
20261004T045441Z,164e6eb68f31bac190381903c3cccd31,2026-10-04T17:00:00Z,Chicago Bears,New York Jets,bovada,player_reception_yds,Cole Kmet,Under,9.5,-110,2026-10-04T04:54:18Z
20261004T045441Z,164e6eb68f31bac190381903c3cccd31,2026-10-04T17:00:00Z,Chicago Bears,New York Jets,bovada,player_reception_yds,Colston Loveland,Over,34.5,-115,2026-10-04T04:54:18Z
20261004T045441Z,164e6eb68f31bac190381903c3cccd31,2026-10-04T17:00:00Z,Chicago Bears,New York Jets,bovada,player_reception_yds,Colston Loveland,Under,34.5,-115,2026-10-04T04:54:18Z
20261004T045441Z,164e6eb68f31bac190381903c3cccd31,2026-10-04T17:00:00Z,Chicago Bears,New York Jets,bovada,player_reception_yds,D'Andre Swift,Over,14.5,-115,2026-10-04T04:54:18Z
20261004T045441Z,164e6eb68f31bac190381903c3cccd31,2026-10-04T17:00:00Z,Chicago Bears,New York Jets,bovada,player_reception_yds,D'Andre Swift,Under,14.5,-115,2026-10-04T04:54:18Z
20261004T045441Z,164e6eb68f31bac190381903c3cccd31,2026-10-04T17:00:00Z,Chicago Bears,New York Jets,bovada,player_reception_yds,Garrett Wilson,Over,75.5,-115,2026-10-04T04:54:18Z
20261004T045441Z,164e6eb68f31bac190381903c3cccd31,2026-10-04T17:00:00Z,Chicago Bears,New York Jets,bovada,player_reception_yds,Garrett Wilson,Under,75.5,-115,2026-10-04T04:54:18Z
20261004T045441Z,164e6eb68f31bac190381903c3cccd31,2026-10-04T17:00:00Z,Chicago Bears,New York Jets,bovada,player_reception_yds,Isaiah Davis,Over,8.5,-120,2026-10-04T04:54:18Z
20261004T045441Z,164e6eb68f31bac190381903c3cccd31,2026-10-04T17:00:00Z,Chicago Bears,New York Jets,bovada,player_reception_yds,Isaiah Davis,Under,8.5,-110,2026-10-04T04:54:18Z
20261004T045441Z,164e6eb68f31bac190381903c3cccd31,2026-10-04T17:00:00Z,Chicago Bears,New York Jets,bovada,player_reception_yds,Isaiah Williams,Over,23.5,-110,2026-10-04T04:54:18Z
20261004T045441Z,164e6eb68f31bac190381903c3cccd31,2026-10-04T17:00:00Z,Chicago Bears,New York Jets,bovada,player_reception_yds,Isaiah Williams,Under,23.5,-120,2026-10-04T04:54:18Z
20261004T045441Z,164e6eb68f31bac190381903c3cccd31,2026-10-04T17:00:00Z,Chicago Bears,New York Jets,bovada,player_reception_yds,Kalif Raymond,Over,31.5,-115,2026-10-04T04:54:18Z
20261004T045441Z,164e6eb68f31bac190381903c3cccd31,2026-10-04T17:00:00Z,Chicago Bears,New York Jets,bovada,player_reception_yds,Kalif Raymond,Under,31.5,-115,2026-10-04T04:54:18Z
20261004T045441Z,164e6eb68f31bac190381903c3cccd31,2026-10-04T17:00:00Z,Chicago Bears,New York Jets,bovada,player_reception_yds,Kenyon Sadiq,Over,43.5,-115,2026-10-04T04:54:18Z
20261004T045441Z,164e6eb68f31bac190381903c3cccd31,2026-10-04T17:00:00Z,Chicago Bears,New York Jets,bovada,player_reception_yds,Kenyon Sadiq,Under,43.5,-115,2026-10-04T04:54:18Z
20261004T045441Z,164e6eb68f31bac190381903c3cccd31,2026-10-04T17:00:00Z,Chicago Bears,New York Jets,bovada,player_reception_yds,Kyle Monangai,Over,5.5,-110,2026-10-04T04:54:18Z
20261004T045441Z,164e6eb68f31bac190381903c3cccd31,2026-10-04T17:00:00Z,Chicago Bears,New York Jets,bovada,player_reception_yds,Kyle Monangai,Under,5.5,-120,2026-10-04T04:54:18Z
20261004T045441Z,164e6eb68f31bac190381903c3cccd31,2026-10-04T17:00:00Z,Chicago Bears,New York Jets,bovada,player_reception_yds,Luther Burden III,Over,46.5,-120,2026-10-04T04:54:18Z
20261004T045441Z,164e6eb68f31bac190381903c3cccd31,2026-10-04T17:00:00Z,Chicago Bears,New York Jets,bovada,player_reception_yds,Luther Burden III,Under,46.5,-110,2026-10-04T04:54:18Z
20261004T045441Z,164e6eb68f31bac190381903c3cccd31,2026-10-04T17:00:00Z,Chicago Bears,New York Jets,bovada,player_reception_yds,Rome Odunze,Over,32.5,-115,2026-10-04T04:54:18Z
20261004T045441Z,164e6eb68f31bac190381903c3cccd31,2026-10-04T17:00:00Z,Chicago Bears,New York Jets,bovada,player_reception_yds,Rome Odunze,Under,32.5,-115,2026-10-04T04:54:18Z
20261004T045441Z,164e6eb68f31bac190381903c3cccd31,2026-10-04T17:00:00Z,Chicago Bears,New York Jets,bovada,player_receptions,Braelon Allen,Over,1.5,-180,2026-10-04T04:54:18Z
20261004T045441Z,164e6eb68f31bac190381903c3cccd31,2026-10-04T17:00:00Z,Chicago Bears,New York Jets,bovada,player_receptions,Braelon Allen,Under,1.5,135,2026-10-04T04:54:18Z
20261004T045441Z,164e6eb68f31bac190381903c3cccd31,2026-10-04T17:00:00Z,Chicago Bears,New York Jets,bovada,player_receptions,Cole Kmet,Over,1.5,150,2026-10-04T04:54:18Z
20261004T045441Z,164e6eb68f31bac190381903c3cccd31,2026-10-04T17:00:00Z,Chicago Bears,New York Jets,bovada,player_receptions,Cole Kmet,Under,1.5,-200,2026-10-04T04:54:18Z
20261004T045441Z,164e6eb68f31bac190381903c3cccd31,2026-10-04T17:00:00Z,Chicago Bears,New York Jets,bovada,player_receptions,Colston Loveland,Over,3.5,-105,2026-10-04T04:54:18Z
20261004T045441Z,164e6eb68f31bac190381903c3cccd31,2026-10-04T17:00:00Z,Chicago Bears,New York Jets,bovada,player_receptions,Colston Loveland,Under,3.5,-125,2026-10-04T04:54:18Z
20261004T045441Z,164e6eb68f31bac190381903c3cccd31,2026-10-04T17:00:00Z,Chicago Bears,New York Jets,bovada,player_receptions,D'Andre Swift,Over,2.5,130,2026-10-04T04:54:18Z
20261004T045441Z,164e6eb68f31bac190381903c3cccd31,2026-10-04T17:00:00Z,Chicago Bears,New York Jets,bovada,player_receptions,D'Andre Swift,Under,2.5,-170,2026-10-04T04:54:18Z
20261004T045441Z,164e6eb68f31bac190381903c3cccd31,2026-10-04T17:00:00Z,Chicago Bears,New York Jets,bovada,player_receptions,Garrett Wilson,Over,6.5,-110,2026-10-04T04:54:18Z
20261004T045441Z,164e6eb68f31bac190381903c3cccd31,2026-10-04T17:00:00Z,Chicago Bears,New York Jets,bovada,player_receptions,Garrett Wilson,Under,6.5,-120,2026-10-04T04:54:18Z
20261004T045441Z,164e6eb68f31bac190381903c3cccd31,2026-10-04T17:00:00Z,Chicago Bears,New York Jets,bovada,player_receptions,Isaiah Davis,Over,1.5,110,2026-10-04T04:54:18Z
20261004T045441Z,164e6eb68f31bac190381903c3cccd31,2026-10-04T17:00:00Z,Chicago Bears,New York Jets,bovada,player_receptions,Isaiah Davis,Under,1.5,-145,2026-10-04T04:54:18Z
20261004T045441Z,164e6eb68f31bac190381903c3cccd31,2026-10-04T17:00:00Z,Chicago Bears,New York Jets,bovada,player_receptions,Isaiah Williams,Over,2.5,-135,2026-10-04T04:54:18Z
20261004T045441Z,164e6eb68f31bac190381903c3cccd31,2026-10-04T17:00:00Z,Chicago Bears,New York Jets,bovada,player_receptions,Isaiah Williams,Under,2.5,105,2026-10-04T04:54:18Z
20261004T045441Z,164e6eb68f31bac190381903c3cccd31,2026-10-04T17:00:00Z,Chicago Bears,New York Jets,bovada,player_receptions,Kalif Raymond,Over,3.5,110,2026-10-04T04:54:18Z
20261004T045441Z,164e6eb68f31bac190381903c3cccd31,2026-10-04T17:00:00Z,Chicago Bears,New York Jets,bovada,player_receptions,Kalif Raymond,Under,3.5,-145,2026-10-04T04:54:18Z
20261004T045441Z,164e6eb68f31bac190381903c3cccd31,2026-10-04T17:00:00Z,Chicago Bears,New York Jets,bovada,player_receptions,Kenyon Sadiq,Over,4.5,110,2026-10-04T04:54:18Z
20261004T045441Z,164e6eb68f31bac190381903c3cccd31,2026-10-04T17:00:00Z,Chicago Bears,New York Jets,bovada,player_receptions,Kenyon Sadiq,Under,4.5,-145,2026-10-04T04:54:18Z
20261004T045441Z,164e6eb68f31bac190381903c3cccd31,2026-10-04T17:00:00Z,Chicago Bears,New York Jets,bovada,player_receptions,Kyle Monangai,Over,0.5,-210,2026-10-04T04:54:18Z
20261004T045441Z,164e6eb68f31bac190381903c3cccd31,2026-10-04T17:00:00Z,Chicago Bears,New York Jets,bovada,player_receptions,Kyle Monangai,Under,0.5,155,2026-10-04T04:54:18Z
20261004T045441Z,164e6eb68f31bac190381903c3cccd31,2026-10-04T17:00:00Z,Chicago Bears,New York Jets,bovada,player_receptions,Luther Burden III,Over,4.5,-105,2026-10-04T04:54:18Z
20261004T045441Z,164e6eb68f31bac190381903c3cccd31,2026-10-04T17:00:00Z,Chicago Bears,New York Jets,bovada,player_receptions,Luther Burden III,Under,4.5,-125,2026-10-04T04:54:18Z
20261004T045441Z,164e6eb68f31bac190381903c3cccd31,2026-10-04T17:00:00Z,Chicago Bears,New York Jets,bovada,player_receptions,Rome Odunze,Over,2.5,-125,2026-10-04T04:54:18Z
20261004T045441Z,164e6eb68f31bac190381903c3cccd31,2026-10-04T17:00:00Z,Chicago Bears,New York Jets,bovada,player_receptions,Rome Odunze,Under,2.5,-105,2026-10-04T04:54:18Z
20261004T045441Z,164e6eb68f31bac190381903c3cccd31,2026-10-04T17:00:00Z,Chicago Bears,New York Jets,bovada,player_rush_yds,Braelon Allen,Over,55.5,-115,2026-10-04T04:54:18Z
20261004T045441Z,164e6eb68f31bac190381903c3cccd31,2026-10-04T17:00:00Z,Chicago Bears,New York Jets,bovada,player_rush_yds,Braelon Allen,Under,55.5,-115,2026-10-04T04:54:18Z
20261004T045441Z,164e6eb68f31bac190381903c3cccd31,2026-10-04T17:00:00Z,Chicago Bears,New York Jets,bovada,player_rush_yds,D'Andre Swift,Over,65.5,-110,2026-10-04T04:54:18Z
20261004T045441Z,164e6eb68f31bac190381903c3cccd31,2026-10-04T17:00:00Z,Chicago Bears,New York Jets,bovada,player_rush_yds,D'Andre Swift,Under,65.5,-120,2026-10-04T04:54:18Z
20261004T045441Z,164e6eb68f31bac190381903c3cccd31,2026-10-04T17:00:00Z,Chicago Bears,New York Jets,bovada,player_rush_yds,Geno Smith,Over,11.5,-110,2026-10-04T04:54:18Z
20261004T045441Z,164e6eb68f31bac190381903c3cccd31,2026-10-04T17:00:00Z,Chicago Bears,New York Jets,bovada,player_rush_yds,Geno Smith,Under,11.5,-120,2026-10-04T04:54:18Z
20261004T045441Z,164e6eb68f31bac190381903c3cccd31,2026-10-04T17:00:00Z,Chicago Bears,New York Jets,bovada,player_rush_yds,Isaiah Davis,Over,21.5,-110,2026-10-04T04:54:18Z
20261004T045441Z,164e6eb68f31bac190381903c3cccd31,2026-10-04T17:00:00Z,Chicago Bears,New York Jets,bovada,player_rush_yds,Isaiah Davis,Under,21.5,-120,2026-10-04T04:54:18Z
20261004T045441Z,164e6eb68f31bac190381903c3cccd31,2026-10-04T17:00:00Z,Chicago Bears,New York Jets,bovada,player_rush_yds,Kyle Monangai,Over,39.5,-115,2026-10-04T04:54:18Z
20261004T045441Z,164e6eb68f31bac190381903c3cccd31,2026-10-04T17:00:00Z,Chicago Bears,New York Jets,bovada,player_rush_yds,Kyle Monangai,Under,39.5,-115,2026-10-04T04:54:18Z
20261004T045441Z,164e6eb68f31bac190381903c3cccd31,2026-10-04T17:00:00Z,Chicago Bears,New York Jets,bovada,player_rush_yds,Tyson Bagent,Over,14.5,-115,2026-10-04T04:54:18Z
20261004T045441Z,164e6eb68f31bac190381903c3cccd31,2026-10-04T17:00:00Z,Chicago Bears,New York Jets,bovada,player_rush_yds,Tyson Bagent,Under,14.5,-115,2026-10-04T04:54:18Z
20261004T045441Z,2ea94ddf20f66432b9024fe2e2eaba5f,2026-10-04T17:00:00Z,Cincinnati Bengals,Jacksonville Jaguars,draftkings,player_pass_yds,Joe Burrow,Over,269.5,-111,2026-10-04T04:54:16Z
20261004T045441Z,2ea94ddf20f66432b9024fe2e2eaba5f,2026-10-04T17:00:00Z,Cincinnati Bengals,Jacksonville Jaguars,draftkings,player_pass_yds,Joe Burrow,Under,269.5,-113,2026-10-04T04:54:16Z
20261004T045441Z,2ea94ddf20f66432b9024fe2e2eaba5f,2026-10-04T17:00:00Z,Cincinnati Bengals,Jacksonville Jaguars,draftkings,player_pass_yds,Trevor Lawrence,Over,255.5,-112,2026-10-04T04:54:16Z
20261004T045441Z,2ea94ddf20f66432b9024fe2e2eaba5f,2026-10-04T17:00:00Z,Cincinnati Bengals,Jacksonville Jaguars,draftkings,player_pass_yds,Trevor Lawrence,Under,255.5,-112,2026-10-04T04:54:16Z
20261004T045441Z,2ea94ddf20f66432b9024fe2e2eaba5f,2026-10-04T17:00:00Z,Cincinnati Bengals,Jacksonville Jaguars,draftkings,player_reception_yds,Ja'Marr Chase,Over,85.5,-113,2026-10-04T04:54:16Z
20261004T045441Z,2ea94ddf20f66432b9024fe2e2eaba5f,2026-10-04T17:00:00Z,Cincinnati Bengals,Jacksonville Jaguars,draftkings,player_reception_yds,Ja'Marr Chase,Under,85.5,-111,2026-10-04T04:54:16Z
20261004T045441Z,2ea94ddf20f66432b9024fe2e2eaba5f,2026-10-04T17:00:00Z,Cincinnati Bengals,Jacksonville Jaguars,draftkings,player_reception_yds,Parker Washington,Over,76.5,-110,2026-10-04T04:54:16Z
20261004T045441Z,2ea94ddf20f66432b9024fe2e2eaba5f,2026-10-04T17:00:00Z,Cincinnati Bengals,Jacksonville Jaguars,draftkings,player_reception_yds,Parker Washington,Under,76.5,-114,2026-10-04T04:54:16Z
20261004T045441Z,2ea94ddf20f66432b9024fe2e2eaba5f,2026-10-04T17:00:00Z,Cincinnati Bengals,Jacksonville Jaguars,draftkings,player_reception_yds,Tee Higgins,Over,63.5,-113,2026-10-04T04:54:16Z
20261004T045441Z,2ea94ddf20f66432b9024fe2e2eaba5f,2026-10-04T17:00:00Z,Cincinnati Bengals,Jacksonville Jaguars,draftkings,player_reception_yds,Tee Higgins,Under,63.5,-111,2026-10-04T04:54:16Z
20261004T045441Z,2ea94ddf20f66432b9024fe2e2eaba5f,2026-10-04T17:00:00Z,Cincinnati Bengals,Jacksonville Jaguars,draftkings,player_reception_yds,Jakobi Meyers,Over,40.5,-110,2026-10-04T04:54:16Z
20261004T045441Z,2ea94ddf20f66432b9024fe2e2eaba5f,2026-10-04T17:00:00Z,Cincinnati Bengals,Jacksonville Jaguars,draftkings,player_reception_yds,Jakobi Meyers,Under,40.5,-114,2026-10-04T04:54:16Z
20261004T045441Z,2ea94ddf20f66432b9024fe2e2eaba5f,2026-10-04T17:00:00Z,Cincinnati Bengals,Jacksonville Jaguars,draftkings,player_reception_yds,Brenton Strange,Over,35.5,-110,2026-10-04T04:54:16Z
20261004T045441Z,2ea94ddf20f66432b9024fe2e2eaba5f,2026-10-04T17:00:00Z,Cincinnati Bengals,Jacksonville Jaguars,draftkings,player_reception_yds,Brenton Strange,Under,35.5,-115,2026-10-04T04:54:16Z
20261004T045441Z,2ea94ddf20f66432b9024fe2e2eaba5f,2026-10-04T17:00:00Z,Cincinnati Bengals,Jacksonville Jaguars,draftkings,player_reception_yds,Mike Gesicki,Over,27.5,-115,2026-10-04T04:54:16Z
20261004T045441Z,2ea94ddf20f66432b9024fe2e2eaba5f,2026-10-04T17:00:00Z,Cincinnati Bengals,Jacksonville Jaguars,draftkings,player_reception_yds,Mike Gesicki,Under,27.5,-109,2026-10-04T04:54:16Z
20261004T045441Z,2ea94ddf20f66432b9024fe2e2eaba5f,2026-10-04T17:00:00Z,Cincinnati Bengals,Jacksonville Jaguars,draftkings,player_reception_yds,Brian Thomas Jr,Over,27.5,-110,2026-10-04T04:54:16Z
20261004T045441Z,2ea94ddf20f66432b9024fe2e2eaba5f,2026-10-04T17:00:00Z,Cincinnati Bengals,Jacksonville Jaguars,draftkings,player_reception_yds,Brian Thomas Jr,Under,27.5,-114,2026-10-04T04:54:16Z
20261004T045441Z,2ea94ddf20f66432b9024fe2e2eaba5f,2026-10-04T17:00:00Z,Cincinnati Bengals,Jacksonville Jaguars,draftkings,player_reception_yds,Dohnte Meyers,Over,21.5,-110,2026-10-04T04:54:16Z
20261004T045441Z,2ea94ddf20f66432b9024fe2e2eaba5f,2026-10-04T17:00:00Z,Cincinnati Bengals,Jacksonville Jaguars,draftkings,player_reception_yds,Dohnte Meyers,Under,21.5,-114,2026-10-04T04:54:16Z
20261004T045441Z,2ea94ddf20f66432b9024fe2e2eaba5f,2026-10-04T17:00:00Z,Cincinnati Bengals,Jacksonville Jaguars,draftkings,player_reception_yds,Chase Brown,Over,18.5,-115,2026-10-04T04:54:16Z
20261004T045441Z,2ea94ddf20f66432b9024fe2e2eaba5f,2026-10-04T17:00:00Z,Cincinnati Bengals,Jacksonville Jaguars,draftkings,player_reception_yds,Chase Brown,Under,18.5,-109,2026-10-04T04:54:16Z
20261004T045441Z,2ea94ddf20f66432b9024fe2e2eaba5f,2026-10-04T17:00:00Z,Cincinnati Bengals,Jacksonville Jaguars,draftkings,player_reception_yds,Bhayshul Tuten,Over,10.5,-115,2026-10-04T04:54:16Z
20261004T045441Z,2ea94ddf20f66432b9024fe2e2eaba5f,2026-10-04T17:00:00Z,Cincinnati Bengals,Jacksonville Jaguars,draftkings,player_reception_yds,Bhayshul Tuten,Under,10.5,-109,2026-10-04T04:54:16Z
20261004T045441Z,2ea94ddf20f66432b9024fe2e2eaba5f,2026-10-04T17:00:00Z,Cincinnati Bengals,Jacksonville Jaguars,draftkings,player_reception_yds,Josh Cameron,Over,9.5,-108,2026-10-04T04:54:16Z
20261004T045441Z,2ea94ddf20f66432b9024fe2e2eaba5f,2026-10-04T17:00:00Z,Cincinnati Bengals,Jacksonville Jaguars,draftkings,player_reception_yds,Josh Cameron,Under,9.5,-117,2026-10-04T04:54:16Z
20261004T045441Z,2ea94ddf20f66432b9024fe2e2eaba5f,2026-10-04T17:00:00Z,Cincinnati Bengals,Jacksonville Jaguars,draftkings,player_reception_yds,Samaje Perine,Over,8.5,-113,2026-10-04T04:54:16Z
20261004T045441Z,2ea94ddf20f66432b9024fe2e2eaba5f,2026-10-04T17:00:00Z,Cincinnati Bengals,Jacksonville Jaguars,draftkings,player_reception_yds,Samaje Perine,Under,8.5,-111,2026-10-04T04:54:16Z
20261004T045441Z,2ea94ddf20f66432b9024fe2e2eaba5f,2026-10-04T17:00:00Z,Cincinnati Bengals,Jacksonville Jaguars,draftkings,player_reception_yds,Drew Sample,Over,7.5,-106,2026-10-04T04:54:16Z
20261004T045441Z,2ea94ddf20f66432b9024fe2e2eaba5f,2026-10-04T17:00:00Z,Cincinnati Bengals,Jacksonville Jaguars,draftkings,player_reception_yds,Drew Sample,Under,7.5,-119,2026-10-04T04:54:16Z
20261004T045441Z,2ea94ddf20f66432b9024fe2e2eaba5f,2026-10-04T17:00:00Z,Cincinnati Bengals,Jacksonville Jaguars,draftkings,player_receptions,Ja'Marr Chase,Over,7.5,110,2026-10-04T04:54:16Z
20261004T045441Z,2ea94ddf20f66432b9024fe2e2eaba5f,2026-10-04T17:00:00Z,Cincinnati Bengals,Jacksonville Jaguars,draftkings,player_receptions,Ja'Marr Chase,Under,7.5,-140,2026-10-04T04:54:16Z
20261004T045441Z,2ea94ddf20f66432b9024fe2e2eaba5f,2026-10-04T17:00:00Z,Cincinnati Bengals,Jacksonville Jaguars,draftkings,player_receptions,Parker Washington,Over,5.5,107,2026-10-04T04:54:16Z
20261004T045441Z,2ea94ddf20f66432b9024fe2e2eaba5f,2026-10-04T17:00:00Z,Cincinnati Bengals,Jacksonville Jaguars,draftkings,player_receptions,Parker Washington,Under,5.5,-137,2026-10-04T04:54:16Z
20261004T045441Z,2ea94ddf20f66432b9024fe2e2eaba5f,2026-10-04T17:00:00Z,Cincinnati Bengals,Jacksonville Jaguars,draftkings,player_receptions,Tee Higgins,Over,4.5,-109,2026-10-04T04:54:16Z
20261004T045441Z,2ea94ddf20f66432b9024fe2e2eaba5f,2026-10-04T17:00:00Z,Cincinnati Bengals,Jacksonville Jaguars,draftkings,player_receptions,Tee Higgins,Under,4.5,-117,2026-10-04T04:54:16Z
20261004T045441Z,2ea94ddf20f66432b9024fe2e2eaba5f,2026-10-04T17:00:00Z,Cincinnati Bengals,Jacksonville Jaguars,draftkings,player_receptions,Jakobi Meyers,Over,3.5,-129,2026-10-04T04:54:16Z
20261004T045441Z,2ea94ddf20f66432b9024fe2e2eaba5f,2026-10-04T17:00:00Z,Cincinnati Bengals,Jacksonville Jaguars,draftkings,player_receptions,Jakobi Meyers,Under,3.5,101,2026-10-04T04:54:16Z
20261004T045441Z,2ea94ddf20f66432b9024fe2e2eaba5f,2026-10-04T17:00:00Z,Cincinnati Bengals,Jacksonville Jaguars,draftkings,player_receptions,Brenton Strange,Over,3.5,-105,2026-10-04T04:54:16Z
20261004T045441Z,2ea94ddf20f66432b9024fe2e2eaba5f,2026-10-04T17:00:00Z,Cincinnati Bengals,Jacksonville Jaguars,draftkings,player_receptions,Brenton Strange,Under,3.5,-121,2026-10-04T04:54:16Z
20261004T045441Z,2ea94ddf20f66432b9024fe2e2eaba5f,2026-10-04T17:00:00Z,Cincinnati Bengals,Jacksonville Jaguars,draftkings,player_receptions,Chase Brown,Over,3.5,116,2026-10-04T04:54:16Z
20261004T045441Z,2ea94ddf20f66432b9024fe2e2eaba5f,2026-10-04T17:00:00Z,Cincinnati Bengals,Jacksonville Jaguars,draftkings,player_receptions,Chase Brown,Under,3.5,-148,2026-10-04T04:54:16Z
20261004T045441Z,2ea94ddf20f66432b9024fe2e2eaba5f,2026-10-04T17:00:00Z,Cincinnati Bengals,Jacksonville Jaguars,draftkings,player_receptions,Mike Gesicki,Over,2.5,-127,2026-10-04T04:54:16Z
20261004T045441Z,2ea94ddf20f66432b9024fe2e2eaba5f,2026-10-04T17:00:00Z,Cincinnati Bengals,Jacksonville Jaguars,draftkings,player_receptions,Mike Gesicki,Under,2.5,100,2026-10-04T04:54:16Z
20261004T045441Z,2ea94ddf20f66432b9024fe2e2eaba5f,2026-10-04T17:00:00Z,Cincinnati Bengals,Jacksonville Jaguars,draftkings,player_receptions,Brian Thomas Jr,Over,2.5,121,2026-10-04T04:54:16Z
20261004T045441Z,2ea94ddf20f66432b9024fe2e2eaba5f,2026-10-04T17:00:00Z,Cincinnati Bengals,Jacksonville Jaguars,draftkings,player_receptions,Brian Thomas Jr,Under,2.5,-155,2026-10-04T04:54:16Z
20261004T045441Z,2ea94ddf20f66432b9024fe2e2eaba5f,2026-10-04T17:00:00Z,Cincinnati Bengals,Jacksonville Jaguars,draftkings,player_receptions,Dohnte Meyers,Over,2.5,132,2026-10-04T04:54:16Z
20261004T045441Z,2ea94ddf20f66432b9024fe2e2eaba5f,2026-10-04T17:00:00Z,Cincinnati Bengals,Jacksonville Jaguars,draftkings,player_receptions,Dohnte Meyers,Under,2.5,-168,2026-10-04T04:54:16Z
20261004T045441Z,2ea94ddf20f66432b9024fe2e2eaba5f,2026-10-04T17:00:00Z,Cincinnati Bengals,Jacksonville Jaguars,draftkings,player_receptions,Bhayshul Tuten,Over,1.5,-144,2026-10-04T04:54:16Z
20261004T045441Z,2ea94ddf20f66432b9024fe2e2eaba5f,2026-10-04T17:00:00Z,Cincinnati Bengals,Jacksonville Jaguars,draftkings,player_receptions,Bhayshul Tuten,Under,1.5,112,2026-10-04T04:54:16Z
20261004T045441Z,2ea94ddf20f66432b9024fe2e2eaba5f,2026-10-04T17:00:00Z,Cincinnati Bengals,Jacksonville Jaguars,draftkings,player_receptions,Samaje Perine,Over,1.5,-102,2026-10-04T04:54:16Z
20261004T045441Z,2ea94ddf20f66432b9024fe2e2eaba5f,2026-10-04T17:00:00Z,Cincinnati Bengals,Jacksonville Jaguars,draftkings,player_receptions,Samaje Perine,Under,1.5,-125,2026-10-04T04:54:16Z
20261004T045441Z,2ea94ddf20f66432b9024fe2e2eaba5f,2026-10-04T17:00:00Z,Cincinnati Bengals,Jacksonville Jaguars,draftkings,player_receptions,Drew Sample,Over,1.5,121,2026-10-04T04:54:16Z
20261004T045441Z,2ea94ddf20f66432b9024fe2e2eaba5f,2026-10-04T17:00:00Z,Cincinnati Bengals,Jacksonville Jaguars,draftkings,player_receptions,Drew Sample,Under,1.5,-154,2026-10-04T04:54:16Z
20261004T045441Z,2ea94ddf20f66432b9024fe2e2eaba5f,2026-10-04T17:00:00Z,Cincinnati Bengals,Jacksonville Jaguars,draftkings,player_receptions,Josh Cameron,Over,1.5,161,2026-10-04T04:54:16Z
20261004T045441Z,2ea94ddf20f66432b9024fe2e2eaba5f,2026-10-04T17:00:00Z,Cincinnati Bengals,Jacksonville Jaguars,draftkings,player_receptions,Josh Cameron,Under,1.5,-207,2026-10-04T04:54:16Z
20261004T045441Z,2ea94ddf20f66432b9024fe2e2eaba5f,2026-10-04T17:00:00Z,Cincinnati Bengals,Jacksonville Jaguars,draftkings,player_rush_yds,Chase Brown,Over,60.5,-115,2026-10-04T04:54:16Z
20261004T045441Z,2ea94ddf20f66432b9024fe2e2eaba5f,2026-10-04T17:00:00Z,Cincinnati Bengals,Jacksonville Jaguars,draftkings,player_rush_yds,Chase Brown,Under,60.5,-110,2026-10-04T04:54:16Z
20261004T045441Z,2ea94ddf20f66432b9024fe2e2eaba5f,2026-10-04T17:00:00Z,Cincinnati Bengals,Jacksonville Jaguars,draftkings,player_rush_yds,Bhayshul Tuten,Over,56.5,-115,2026-10-04T04:54:16Z
20261004T045441Z,2ea94ddf20f66432b9024fe2e2eaba5f,2026-10-04T17:00:00Z,Cincinnati Bengals,Jacksonville Jaguars,draftkings,player_rush_yds,Bhayshul Tuten,Under,56.5,-109,2026-10-04T04:54:16Z
20261004T045441Z,2ea94ddf20f66432b9024fe2e2eaba5f,2026-10-04T17:00:00Z,Cincinnati Bengals,Jacksonville Jaguars,draftkings,player_rush_yds,Chris Rodriguez Jr.,Over,19.5,-113,2026-10-04T04:54:16Z
20261004T045441Z,2ea94ddf20f66432b9024fe2e2eaba5f,2026-10-04T17:00:00Z,Cincinnati Bengals,Jacksonville Jaguars,draftkings,player_rush_yds,Chris Rodriguez Jr.,Under,19.5,-111,2026-10-04T04:54:16Z
20261004T045441Z,2ea94ddf20f66432b9024fe2e2eaba5f,2026-10-04T17:00:00Z,Cincinnati Bengals,Jacksonville Jaguars,draftkings,player_rush_yds,Samaje Perine,Over,14.5,-113,2026-10-04T04:54:16Z
20261004T045441Z,2ea94ddf20f66432b9024fe2e2eaba5f,2026-10-04T17:00:00Z,Cincinnati Bengals,Jacksonville Jaguars,draftkings,player_rush_yds,Samaje Perine,Under,14.5,-111,2026-10-04T04:54:16Z
20261004T045441Z,2ea94ddf20f66432b9024fe2e2eaba5f,2026-10-04T17:00:00Z,Cincinnati Bengals,Jacksonville Jaguars,draftkings,player_rush_yds,Trevor Lawrence,Over,14.5,-110,2026-10-04T04:54:16Z
20261004T045441Z,2ea94ddf20f66432b9024fe2e2eaba5f,2026-10-04T17:00:00Z,Cincinnati Bengals,Jacksonville Jaguars,draftkings,player_rush_yds,Trevor Lawrence,Under,14.5,-114,2026-10-04T04:54:16Z
20261004T045441Z,2ea94ddf20f66432b9024fe2e2eaba5f,2026-10-04T17:00:00Z,Cincinnati Bengals,Jacksonville Jaguars,draftkings,player_rush_yds,Joe Burrow,Over,8.5,-113,2026-10-04T04:54:16Z
20261004T045441Z,2ea94ddf20f66432b9024fe2e2eaba5f,2026-10-04T17:00:00Z,Cincinnati Bengals,Jacksonville Jaguars,draftkings,player_rush_yds,Joe Burrow,Under,8.5,-111,2026-10-04T04:54:16Z
20261004T045441Z,2ea94ddf20f66432b9024fe2e2eaba5f,2026-10-04T17:00:00Z,Cincinnati Bengals,Jacksonville Jaguars,fanduel,player_pass_yds,Trevor Lawrence,Over,260.5,-113,2026-10-04T04:54:15Z
20261004T045441Z,2ea94ddf20f66432b9024fe2e2eaba5f,2026-10-04T17:00:00Z,Cincinnati Bengals,Jacksonville Jaguars,fanduel,player_pass_yds,Trevor Lawrence,Under,260.5,-113,2026-10-04T04:54:15Z
20261004T045441Z,2ea94ddf20f66432b9024fe2e2eaba5f,2026-10-04T17:00:00Z,Cincinnati Bengals,Jacksonville Jaguars,fanduel,player_pass_yds,Joe Burrow,Over,267.5,-113,2026-10-04T04:54:15Z
20261004T045441Z,2ea94ddf20f66432b9024fe2e2eaba5f,2026-10-04T17:00:00Z,Cincinnati Bengals,Jacksonville Jaguars,fanduel,player_pass_yds,Joe Burrow,Under,267.5,-113,2026-10-04T04:54:15Z
20261004T045441Z,2ea94ddf20f66432b9024fe2e2eaba5f,2026-10-04T17:00:00Z,Cincinnati Bengals,Jacksonville Jaguars,fanduel,player_reception_yds,Ja'Marr Chase,Over,81.5,-113,2026-10-04T04:54:15Z
20261004T045441Z,2ea94ddf20f66432b9024fe2e2eaba5f,2026-10-04T17:00:00Z,Cincinnati Bengals,Jacksonville Jaguars,fanduel,player_reception_yds,Ja'Marr Chase,Under,81.5,-113,2026-10-04T04:54:15Z
20261004T045441Z,2ea94ddf20f66432b9024fe2e2eaba5f,2026-10-04T17:00:00Z,Cincinnati Bengals,Jacksonville Jaguars,fanduel,player_reception_yds,Brenton Strange,Over,37.5,-113,2026-10-04T04:54:15Z
20261004T045441Z,2ea94ddf20f66432b9024fe2e2eaba5f,2026-10-04T17:00:00Z,Cincinnati Bengals,Jacksonville Jaguars,fanduel,player_reception_yds,Brenton Strange,Under,37.5,-113,2026-10-04T04:54:15Z
20261004T045441Z,2ea94ddf20f66432b9024fe2e2eaba5f,2026-10-04T17:00:00Z,Cincinnati Bengals,Jacksonville Jaguars,fanduel,player_reception_yds,Drew Sample,Over,6.5,-113,2026-10-04T04:54:15Z
20261004T045441Z,2ea94ddf20f66432b9024fe2e2eaba5f,2026-10-04T17:00:00Z,Cincinnati Bengals,Jacksonville Jaguars,fanduel,player_reception_yds,Drew Sample,Under,6.5,-113,2026-10-04T04:54:15Z
20261004T045441Z,2ea94ddf20f66432b9024fe2e2eaba5f,2026-10-04T17:00:00Z,Cincinnati Bengals,Jacksonville Jaguars,fanduel,player_reception_yds,Parker Washington,Over,75.5,-113,2026-10-04T04:54:15Z
20261004T045441Z,2ea94ddf20f66432b9024fe2e2eaba5f,2026-10-04T17:00:00Z,Cincinnati Bengals,Jacksonville Jaguars,fanduel,player_reception_yds,Parker Washington,Under,75.5,-113,2026-10-04T04:54:15Z
20261004T045441Z,2ea94ddf20f66432b9024fe2e2eaba5f,2026-10-04T17:00:00Z,Cincinnati Bengals,Jacksonville Jaguars,fanduel,player_reception_yds,Samaje Perine,Over,8.5,-113,2026-10-04T04:54:15Z
20261004T045441Z,2ea94ddf20f66432b9024fe2e2eaba5f,2026-10-04T17:00:00Z,Cincinnati Bengals,Jacksonville Jaguars,fanduel,player_reception_yds,Samaje Perine,Under,8.5,-113,2026-10-04T04:54:15Z
20261004T045441Z,2ea94ddf20f66432b9024fe2e2eaba5f,2026-10-04T17:00:00Z,Cincinnati Bengals,Jacksonville Jaguars,fanduel,player_reception_yds,Chase Brown,Over,19.5,-113,2026-10-04T04:54:15Z
20261004T045441Z,2ea94ddf20f66432b9024fe2e2eaba5f,2026-10-04T17:00:00Z,Cincinnati Bengals,Jacksonville Jaguars,fanduel,player_reception_yds,Chase Brown,Under,19.5,-113,2026-10-04T04:54:15Z
20261004T045441Z,2ea94ddf20f66432b9024fe2e2eaba5f,2026-10-04T17:00:00Z,Cincinnati Bengals,Jacksonville Jaguars,fanduel,player_reception_yds,Tee Higgins,Over,62.5,-113,2026-10-04T04:54:15Z
20261004T045441Z,2ea94ddf20f66432b9024fe2e2eaba5f,2026-10-04T17:00:00Z,Cincinnati Bengals,Jacksonville Jaguars,fanduel,player_reception_yds,Tee Higgins,Under,62.5,-113,2026-10-04T04:54:15Z
20261004T045441Z,2ea94ddf20f66432b9024fe2e2eaba5f,2026-10-04T17:00:00Z,Cincinnati Bengals,Jacksonville Jaguars,fanduel,player_reception_yds,Josh Cameron,Over,9.5,-113,2026-10-04T04:54:15Z
20261004T045441Z,2ea94ddf20f66432b9024fe2e2eaba5f,2026-10-04T17:00:00Z,Cincinnati Bengals,Jacksonville Jaguars,fanduel,player_reception_yds,Josh Cameron,Under,9.5,-113,2026-10-04T04:54:15Z
20261004T045441Z,2ea94ddf20f66432b9024fe2e2eaba5f,2026-10-04T17:00:00Z,Cincinnati Bengals,Jacksonville Jaguars,fanduel,player_reception_yds,Mike Gesicki,Over,27.5,-113,2026-10-04T04:54:15Z
20261004T045441Z,2ea94ddf20f66432b9024fe2e2eaba5f,2026-10-04T17:00:00Z,Cincinnati Bengals,Jacksonville Jaguars,fanduel,player_reception_yds,Mike Gesicki,Under,27.5,-113,2026-10-04T04:54:15Z
20261004T045441Z,2ea94ddf20f66432b9024fe2e2eaba5f,2026-10-04T17:00:00Z,Cincinnati Bengals,Jacksonville Jaguars,fanduel,player_reception_yds,Dohnte Meyers,Over,19.5,-113,2026-10-04T04:54:15Z
20261004T045441Z,2ea94ddf20f66432b9024fe2e2eaba5f,2026-10-04T17:00:00Z,Cincinnati Bengals,Jacksonville Jaguars,fanduel,player_reception_yds,Dohnte Meyers,Under,19.5,-113,2026-10-04T04:54:15Z
20261004T045441Z,2ea94ddf20f66432b9024fe2e2eaba5f,2026-10-04T17:00:00Z,Cincinnati Bengals,Jacksonville Jaguars,fanduel,player_reception_yds,Brian Thomas Jr,Over,26.5,-113,2026-10-04T04:54:15Z
20261004T045441Z,2ea94ddf20f66432b9024fe2e2eaba5f,2026-10-04T17:00:00Z,Cincinnati Bengals,Jacksonville Jaguars,fanduel,player_reception_yds,Brian Thomas Jr,Under,26.5,-113,2026-10-04T04:54:15Z
20261004T045441Z,2ea94ddf20f66432b9024fe2e2eaba5f,2026-10-04T17:00:00Z,Cincinnati Bengals,Jacksonville Jaguars,fanduel,player_reception_yds,Jakobi Meyers,Over,39.5,-113,2026-10-04T04:54:15Z
20261004T045441Z,2ea94ddf20f66432b9024fe2e2eaba5f,2026-10-04T17:00:00Z,Cincinnati Bengals,Jacksonville Jaguars,fanduel,player_reception_yds,Jakobi Meyers,Under,39.5,-113,2026-10-04T04:54:15Z
20261004T045441Z,2ea94ddf20f66432b9024fe2e2eaba5f,2026-10-04T17:00:00Z,Cincinnati Bengals,Jacksonville Jaguars,fanduel,player_reception_yds,Bhayshul Tuten,Over,10.5,-113,2026-10-04T04:54:15Z
20261004T045441Z,2ea94ddf20f66432b9024fe2e2eaba5f,2026-10-04T17:00:00Z,Cincinnati Bengals,Jacksonville Jaguars,fanduel,player_reception_yds,Bhayshul Tuten,Under,10.5,-113,2026-10-04T04:54:15Z
20261004T045441Z,2ea94ddf20f66432b9024fe2e2eaba5f,2026-10-04T17:00:00Z,Cincinnati Bengals,Jacksonville Jaguars,fanduel,player_reception_yds,Travis Hunter,Over,4.5,154,2026-10-04T04:54:15Z
20261004T045441Z,2ea94ddf20f66432b9024fe2e2eaba5f,2026-10-04T17:00:00Z,Cincinnati Bengals,Jacksonville Jaguars,fanduel,player_reception_yds,Travis Hunter,Under,4.5,-200,2026-10-04T04:54:15Z
20261004T045441Z,2ea94ddf20f66432b9024fe2e2eaba5f,2026-10-04T17:00:00Z,Cincinnati Bengals,Jacksonville Jaguars,fanduel,player_receptions,Ja'Marr Chase,Over,7.5,120,2026-10-04T04:54:15Z
20261004T045441Z,2ea94ddf20f66432b9024fe2e2eaba5f,2026-10-04T17:00:00Z,Cincinnati Bengals,Jacksonville Jaguars,fanduel,player_receptions,Ja'Marr Chase,Under,7.5,-160,2026-10-04T04:54:15Z
20261004T045441Z,2ea94ddf20f66432b9024fe2e2eaba5f,2026-10-04T17:00:00Z,Cincinnati Bengals,Jacksonville Jaguars,fanduel,player_receptions,Parker Washington,Over,5.5,106,2026-10-04T04:54:15Z
20261004T045441Z,2ea94ddf20f66432b9024fe2e2eaba5f,2026-10-04T17:00:00Z,Cincinnati Bengals,Jacksonville Jaguars,fanduel,player_receptions,Parker Washington,Under,5.5,-140,2026-10-04T04:54:15Z
20261004T045441Z,2ea94ddf20f66432b9024fe2e2eaba5f,2026-10-04T17:00:00Z,Cincinnati Bengals,Jacksonville Jaguars,fanduel,player_receptions,Chase Brown,Over,3.5,110,2026-10-04T04:54:15Z
20261004T045441Z,2ea94ddf20f66432b9024fe2e2eaba5f,2026-10-04T17:00:00Z,Cincinnati Bengals,Jacksonville Jaguars,fanduel,player_receptions,Chase Brown,Under,3.5,-146,2026-10-04T04:54:15Z
20261004T045441Z,2ea94ddf20f66432b9024fe2e2eaba5f,2026-10-04T17:00:00Z,Cincinnati Bengals,Jacksonville Jaguars,fanduel,player_receptions,Tee Higgins,Over,4.5,-102,2026-10-04T04:54:15Z
20261004T045441Z,2ea94ddf20f66432b9024fe2e2eaba5f,2026-10-04T17:00:00Z,Cincinnati Bengals,Jacksonville Jaguars,fanduel,player_receptions,Tee Higgins,Under,4.5,-130,2026-10-04T04:54:15Z
20261004T045441Z,2ea94ddf20f66432b9024fe2e2eaba5f,2026-10-04T17:00:00Z,Cincinnati Bengals,Jacksonville Jaguars,fanduel,player_receptions,Bhayshul Tuten,Over,1.5,-144,2026-10-04T04:54:15Z
20261004T045441Z,2ea94ddf20f66432b9024fe2e2eaba5f,2026-10-04T17:00:00Z,Cincinnati Bengals,Jacksonville Jaguars,fanduel,player_receptions,Bhayshul Tuten,Under,1.5,108,2026-10-04T04:54:15Z
20261004T045441Z,2ea94ddf20f66432b9024fe2e2eaba5f,2026-10-04T17:00:00Z,Cincinnati Bengals,Jacksonville Jaguars,fanduel,player_receptions,Josh Cameron,Over,1.5,162,2026-10-04T04:54:15Z
20261004T045441Z,2ea94ddf20f66432b9024fe2e2eaba5f,2026-10-04T17:00:00Z,Cincinnati Bengals,Jacksonville Jaguars,fanduel,player_receptions,Josh Cameron,Under,1.5,-220,2026-10-04T04:54:15Z
20261004T045441Z,2ea94ddf20f66432b9024fe2e2eaba5f,2026-10-04T17:00:00Z,Cincinnati Bengals,Jacksonville Jaguars,fanduel,player_receptions,Samaje Perine,Over,1.5,-102,2026-10-04T04:54:15Z
20261004T045441Z,2ea94ddf20f66432b9024fe2e2eaba5f,2026-10-04T17:00:00Z,Cincinnati Bengals,Jacksonville Jaguars,fanduel,player_receptions,Samaje Perine,Under,1.5,-130,2026-10-04T04:54:15Z
20261004T045441Z,2ea94ddf20f66432b9024fe2e2eaba5f,2026-10-04T17:00:00Z,Cincinnati Bengals,Jacksonville Jaguars,fanduel,player_receptions,Mike Gesicki,Over,2.5,-130,2026-10-04T04:54:15Z
20261004T045441Z,2ea94ddf20f66432b9024fe2e2eaba5f,2026-10-04T17:00:00Z,Cincinnati Bengals,Jacksonville Jaguars,fanduel,player_receptions,Mike Gesicki,Under,2.5,-102,2026-10-04T04:54:15Z
20261004T045441Z,2ea94ddf20f66432b9024fe2e2eaba5f,2026-10-04T17:00:00Z,Cincinnati Bengals,Jacksonville Jaguars,fanduel,player_receptions,Dohnte Meyers,Over,2.5,144,2026-10-04T04:54:15Z
20261004T045441Z,2ea94ddf20f66432b9024fe2e2eaba5f,2026-10-04T17:00:00Z,Cincinnati Bengals,Jacksonville Jaguars,fanduel,player_receptions,Dohnte Meyers,Under,2.5,-194,2026-10-04T04:54:15Z
20261004T045441Z,2ea94ddf20f66432b9024fe2e2eaba5f,2026-10-04T17:00:00Z,Cincinnati Bengals,Jacksonville Jaguars,fanduel,player_receptions,Brian Thomas Jr,Over,2.5,120,2026-10-04T04:54:15Z
20261004T045441Z,2ea94ddf20f66432b9024fe2e2eaba5f,2026-10-04T17:00:00Z,Cincinnati Bengals,Jacksonville Jaguars,fanduel,player_receptions,Brian Thomas Jr,Under,2.5,-160,2026-10-04T04:54:15Z
20261004T045441Z,2ea94ddf20f66432b9024fe2e2eaba5f,2026-10-04T17:00:00Z,Cincinnati Bengals,Jacksonville Jaguars,fanduel,player_receptions,Jakobi Meyers,Over,3.5,-122,2026-10-04T04:54:15Z
20261004T045441Z,2ea94ddf20f66432b9024fe2e2eaba5f,2026-10-04T17:00:00Z,Cincinnati Bengals,Jacksonville Jaguars,fanduel,player_receptions,Jakobi Meyers,Under,3.5,-108,2026-10-04T04:54:15Z
20261004T045441Z,2ea94ddf20f66432b9024fe2e2eaba5f,2026-10-04T17:00:00Z,Cincinnati Bengals,Jacksonville Jaguars,fanduel,player_receptions,Brenton Strange,Over,3.5,102,2026-10-04T04:54:15Z
20261004T045441Z,2ea94ddf20f66432b9024fe2e2eaba5f,2026-10-04T17:00:00Z,Cincinnati Bengals,Jacksonville Jaguars,fanduel,player_receptions,Brenton Strange,Under,3.5,-136,2026-10-04T04:54:15Z
20261004T045441Z,2ea94ddf20f66432b9024fe2e2eaba5f,2026-10-04T17:00:00Z,Cincinnati Bengals,Jacksonville Jaguars,fanduel,player_receptions,Drew Sample,Over,1.5,124,2026-10-04T04:54:15Z
20261004T045441Z,2ea94ddf20f66432b9024fe2e2eaba5f,2026-10-04T17:00:00Z,Cincinnati Bengals,Jacksonville Jaguars,fanduel,player_receptions,Drew Sample,Under,1.5,-166,2026-10-04T04:54:15Z
20261004T045441Z,2ea94ddf20f66432b9024fe2e2eaba5f,2026-10-04T17:00:00Z,Cincinnati Bengals,Jacksonville Jaguars,fanduel,player_rush_yds,Trevor Lawrence,Over,14.5,-113,2026-10-04T04:54:15Z
20261004T045441Z,2ea94ddf20f66432b9024fe2e2eaba5f,2026-10-04T17:00:00Z,Cincinnati Bengals,Jacksonville Jaguars,fanduel,player_rush_yds,Trevor Lawrence,Under,14.5,-113,2026-10-04T04:54:15Z
20261004T045441Z,2ea94ddf20f66432b9024fe2e2eaba5f,2026-10-04T17:00:00Z,Cincinnati Bengals,Jacksonville Jaguars,fanduel,player_rush_yds,Joe Burrow,Over,8.5,-113,2026-10-04T04:54:15Z
20261004T045441Z,2ea94ddf20f66432b9024fe2e2eaba5f,2026-10-04T17:00:00Z,Cincinnati Bengals,Jacksonville Jaguars,fanduel,player_rush_yds,Joe Burrow,Under,8.5,-113,2026-10-04T04:54:15Z
20261004T045441Z,2ea94ddf20f66432b9024fe2e2eaba5f,2026-10-04T17:00:00Z,Cincinnati Bengals,Jacksonville Jaguars,fanduel,player_rush_yds,Bhayshul Tuten,Over,55.5,-113,2026-10-04T04:54:15Z
20261004T045441Z,2ea94ddf20f66432b9024fe2e2eaba5f,2026-10-04T17:00:00Z,Cincinnati Bengals,Jacksonville Jaguars,fanduel,player_rush_yds,Bhayshul Tuten,Under,55.5,-113,2026-10-04T04:54:15Z
20261004T045441Z,2ea94ddf20f66432b9024fe2e2eaba5f,2026-10-04T17:00:00Z,Cincinnati Bengals,Jacksonville Jaguars,fanduel,player_rush_yds,Chase Brown,Over,60.5,-113,2026-10-04T04:54:15Z
20261004T045441Z,2ea94ddf20f66432b9024fe2e2eaba5f,2026-10-04T17:00:00Z,Cincinnati Bengals,Jacksonville Jaguars,fanduel,player_rush_yds,Chase Brown,Under,60.5,-113,2026-10-04T04:54:15Z
20261004T045441Z,2ea94ddf20f66432b9024fe2e2eaba5f,2026-10-04T17:00:00Z,Cincinnati Bengals,Jacksonville Jaguars,fanduel,player_rush_yds,Chris Rodriguez Jr.,Over,20.5,-113,2026-10-04T04:54:15Z
20261004T045441Z,2ea94ddf20f66432b9024fe2e2eaba5f,2026-10-04T17:00:00Z,Cincinnati Bengals,Jacksonville Jaguars,fanduel,player_rush_yds,Chris Rodriguez Jr.,Under,20.5,-113,2026-10-04T04:54:15Z
20261004T045441Z,2ea94ddf20f66432b9024fe2e2eaba5f,2026-10-04T17:00:00Z,Cincinnati Bengals,Jacksonville Jaguars,fanduel,player_rush_yds,Samaje Perine,Over,13.5,-113,2026-10-04T04:54:15Z
20261004T045441Z,2ea94ddf20f66432b9024fe2e2eaba5f,2026-10-04T17:00:00Z,Cincinnati Bengals,Jacksonville Jaguars,fanduel,player_rush_yds,Samaje Perine,Under,13.5,-113,2026-10-04T04:54:15Z
20261004T045441Z,2ea94ddf20f66432b9024fe2e2eaba5f,2026-10-04T17:00:00Z,Cincinnati Bengals,Jacksonville Jaguars,betonlineag,player_pass_yds,Trevor Lawrence,Over,260.5,-116,2026-10-04T04:54:23Z
20261004T045441Z,2ea94ddf20f66432b9024fe2e2eaba5f,2026-10-04T17:00:00Z,Cincinnati Bengals,Jacksonville Jaguars,betonlineag,player_pass_yds,Trevor Lawrence,Under,260.5,-111,2026-10-04T04:54:23Z
20261004T045441Z,2ea94ddf20f66432b9024fe2e2eaba5f,2026-10-04T17:00:00Z,Cincinnati Bengals,Jacksonville Jaguars,betonlineag,player_pass_yds,Joe Burrow,Over,268.5,-114,2026-10-04T04:54:23Z
20261004T045441Z,2ea94ddf20f66432b9024fe2e2eaba5f,2026-10-04T17:00:00Z,Cincinnati Bengals,Jacksonville Jaguars,betonlineag,player_pass_yds,Joe Burrow,Under,268.5,-114,2026-10-04T04:54:23Z
20261004T045441Z,2ea94ddf20f66432b9024fe2e2eaba5f,2026-10-04T17:00:00Z,Cincinnati Bengals,Jacksonville Jaguars,betonlineag,player_reception_yds,Jakobi Meyers,Over,39.5,-115,2026-10-04T04:54:23Z
20261004T045441Z,2ea94ddf20f66432b9024fe2e2eaba5f,2026-10-04T17:00:00Z,Cincinnati Bengals,Jacksonville Jaguars,betonlineag,player_reception_yds,Jakobi Meyers,Under,39.5,-112,2026-10-04T04:54:23Z
20261004T045441Z,2ea94ddf20f66432b9024fe2e2eaba5f,2026-10-04T17:00:00Z,Cincinnati Bengals,Jacksonville Jaguars,betonlineag,player_reception_yds,Bhayshul Tuten,Over,10.5,-120,2026-10-04T04:54:23Z
20261004T045441Z,2ea94ddf20f66432b9024fe2e2eaba5f,2026-10-04T17:00:00Z,Cincinnati Bengals,Jacksonville Jaguars,betonlineag,player_reception_yds,Bhayshul Tuten,Under,10.5,-108,2026-10-04T04:54:23Z
20261004T045441Z,2ea94ddf20f66432b9024fe2e2eaba5f,2026-10-04T17:00:00Z,Cincinnati Bengals,Jacksonville Jaguars,betonlineag,player_reception_yds,Dohnte Meyers,Over,19.5,-116,2026-10-04T04:54:23Z
20261004T045441Z,2ea94ddf20f66432b9024fe2e2eaba5f,2026-10-04T17:00:00Z,Cincinnati Bengals,Jacksonville Jaguars,betonlineag,player_reception_yds,Dohnte Meyers,Under,19.5,-111,2026-10-04T04:54:23Z
20261004T045441Z,2ea94ddf20f66432b9024fe2e2eaba5f,2026-10-04T17:00:00Z,Cincinnati Bengals,Jacksonville Jaguars,betonlineag,player_reception_yds,Samaje Perine,Over,8.5,-114,2026-10-04T04:54:23Z
20261004T045441Z,2ea94ddf20f66432b9024fe2e2eaba5f,2026-10-04T17:00:00Z,Cincinnati Bengals,Jacksonville Jaguars,betonlineag,player_reception_yds,Samaje Perine,Under,8.5,-114,2026-10-04T04:54:23Z
20261004T045441Z,2ea94ddf20f66432b9024fe2e2eaba5f,2026-10-04T17:00:00Z,Cincinnati Bengals,Jacksonville Jaguars,betonlineag,player_reception_yds,Mike Gesicki,Over,27.5,-114,2026-10-04T04:54:23Z
20261004T045441Z,2ea94ddf20f66432b9024fe2e2eaba5f,2026-10-04T17:00:00Z,Cincinnati Bengals,Jacksonville Jaguars,betonlineag,player_reception_yds,Mike Gesicki,Under,27.5,-114,2026-10-04T04:54:23Z
20261004T045441Z,2ea94ddf20f66432b9024fe2e2eaba5f,2026-10-04T17:00:00Z,Cincinnati Bengals,Jacksonville Jaguars,betonlineag,player_reception_yds,Chase Brown,Over,19.5,-114,2026-10-04T04:54:23Z
20261004T045441Z,2ea94ddf20f66432b9024fe2e2eaba5f,2026-10-04T17:00:00Z,Cincinnati Bengals,Jacksonville Jaguars,betonlineag,player_reception_yds,Chase Brown,Under,19.5,-114,2026-10-04T04:54:23Z
20261004T045441Z,2ea94ddf20f66432b9024fe2e2eaba5f,2026-10-04T17:00:00Z,Cincinnati Bengals,Jacksonville Jaguars,betonlineag,player_reception_yds,Drew Sample,Over,7.5,-111,2026-10-04T04:54:23Z
20261004T045441Z,2ea94ddf20f66432b9024fe2e2eaba5f,2026-10-04T17:00:00Z,Cincinnati Bengals,Jacksonville Jaguars,betonlineag,player_reception_yds,Drew Sample,Under,7.5,-116,2026-10-04T04:54:23Z
20261004T045441Z,2ea94ddf20f66432b9024fe2e2eaba5f,2026-10-04T17:00:00Z,Cincinnati Bengals,Jacksonville Jaguars,betonlineag,player_reception_yds,Josh Cameron,Over,9.5,-114,2026-10-04T04:54:23Z
20261004T045441Z,2ea94ddf20f66432b9024fe2e2eaba5f,2026-10-04T17:00:00Z,Cincinnati Bengals,Jacksonville Jaguars,betonlineag,player_reception_yds,Josh Cameron,Under,9.5,-114,2026-10-04T04:54:23Z
20261004T045441Z,2ea94ddf20f66432b9024fe2e2eaba5f,2026-10-04T17:00:00Z,Cincinnati Bengals,Jacksonville Jaguars,betonlineag,player_reception_yds,Tee Higgins,Over,62.5,-114,2026-10-04T04:54:23Z
20261004T045441Z,2ea94ddf20f66432b9024fe2e2eaba5f,2026-10-04T17:00:00Z,Cincinnati Bengals,Jacksonville Jaguars,betonlineag,player_reception_yds,Tee Higgins,Under,62.5,-114,2026-10-04T04:54:23Z
20261004T045441Z,2ea94ddf20f66432b9024fe2e2eaba5f,2026-10-04T17:00:00Z,Cincinnati Bengals,Jacksonville Jaguars,betonlineag,player_reception_yds,Brian Thomas Jr,Over,26.5,-116,2026-10-04T04:54:23Z
20261004T045441Z,2ea94ddf20f66432b9024fe2e2eaba5f,2026-10-04T17:00:00Z,Cincinnati Bengals,Jacksonville Jaguars,betonlineag,player_reception_yds,Brian Thomas Jr,Under,26.5,-111,2026-10-04T04:54:23Z
20261004T045441Z,2ea94ddf20f66432b9024fe2e2eaba5f,2026-10-04T17:00:00Z,Cincinnati Bengals,Jacksonville Jaguars,betonlineag,player_reception_yds,Brenton Strange,Over,37.5,-114,2026-10-04T04:54:23Z
20261004T045441Z,2ea94ddf20f66432b9024fe2e2eaba5f,2026-10-04T17:00:00Z,Cincinnati Bengals,Jacksonville Jaguars,betonlineag,player_reception_yds,Brenton Strange,Under,37.5,-114,2026-10-04T04:54:23Z
20261004T045441Z,2ea94ddf20f66432b9024fe2e2eaba5f,2026-10-04T17:00:00Z,Cincinnati Bengals,Jacksonville Jaguars,betonlineag,player_reception_yds,Parker Washington,Over,76.5,-114,2026-10-04T04:54:23Z
20261004T045441Z,2ea94ddf20f66432b9024fe2e2eaba5f,2026-10-04T17:00:00Z,Cincinnati Bengals,Jacksonville Jaguars,betonlineag,player_reception_yds,Parker Washington,Under,76.5,-114,2026-10-04T04:54:23Z
20261004T045441Z,2ea94ddf20f66432b9024fe2e2eaba5f,2026-10-04T17:00:00Z,Cincinnati Bengals,Jacksonville Jaguars,betonlineag,player_reception_yds,Ja'Marr Chase,Over,85.5,-114,2026-10-04T04:54:23Z
20261004T045441Z,2ea94ddf20f66432b9024fe2e2eaba5f,2026-10-04T17:00:00Z,Cincinnati Bengals,Jacksonville Jaguars,betonlineag,player_reception_yds,Ja'Marr Chase,Under,85.5,-114,2026-10-04T04:54:23Z
20261004T045441Z,2ea94ddf20f66432b9024fe2e2eaba5f,2026-10-04T17:00:00Z,Cincinnati Bengals,Jacksonville Jaguars,betonlineag,player_receptions,Tee Higgins,Over,4.5,-109,2026-10-04T04:54:23Z
20261004T045441Z,2ea94ddf20f66432b9024fe2e2eaba5f,2026-10-04T17:00:00Z,Cincinnati Bengals,Jacksonville Jaguars,betonlineag,player_receptions,Tee Higgins,Under,4.5,-119,2026-10-04T04:54:23Z
20261004T045441Z,2ea94ddf20f66432b9024fe2e2eaba5f,2026-10-04T17:00:00Z,Cincinnati Bengals,Jacksonville Jaguars,betonlineag,player_receptions,Jakobi Meyers,Over,3.5,-125,2026-10-04T04:54:23Z
20261004T045441Z,2ea94ddf20f66432b9024fe2e2eaba5f,2026-10-04T17:00:00Z,Cincinnati Bengals,Jacksonville Jaguars,betonlineag,player_receptions,Jakobi Meyers,Under,3.5,-103,2026-10-04T04:54:23Z
20261004T045441Z,2ea94ddf20f66432b9024fe2e2eaba5f,2026-10-04T17:00:00Z,Cincinnati Bengals,Jacksonville Jaguars,betonlineag,player_receptions,Parker Washington,Over,5.5,115,2026-10-04T04:54:23Z
20261004T045441Z,2ea94ddf20f66432b9024fe2e2eaba5f,2026-10-04T17:00:00Z,Cincinnati Bengals,Jacksonville Jaguars,betonlineag,player_receptions,Parker Washington,Under,5.5,-149,2026-10-04T04:54:23Z
20261004T045441Z,2ea94ddf20f66432b9024fe2e2eaba5f,2026-10-04T17:00:00Z,Cincinnati Bengals,Jacksonville Jaguars,betonlineag,player_receptions,Chase Brown,Over,3.5,117,2026-10-04T04:54:23Z
20261004T045441Z,2ea94ddf20f66432b9024fe2e2eaba5f,2026-10-04T17:00:00Z,Cincinnati Bengals,Jacksonville Jaguars,betonlineag,player_receptions,Chase Brown,Under,3.5,-152,2026-10-04T04:54:23Z
20261004T045441Z,2ea94ddf20f66432b9024fe2e2eaba5f,2026-10-04T17:00:00Z,Cincinnati Bengals,Jacksonville Jaguars,betonlineag,player_receptions,Mike Gesicki,Over,2.5,-128,2026-10-04T04:54:23Z
20261004T045441Z,2ea94ddf20f66432b9024fe2e2eaba5f,2026-10-04T17:00:00Z,Cincinnati Bengals,Jacksonville Jaguars,betonlineag,player_receptions,Mike Gesicki,Under,2.5,-101,2026-10-04T04:54:23Z
20261004T045441Z,2ea94ddf20f66432b9024fe2e2eaba5f,2026-10-04T17:00:00Z,Cincinnati Bengals,Jacksonville Jaguars,betonlineag,player_receptions,Dohnte Meyers,Over,2.5,150,2026-10-04T04:54:23Z
20261004T045441Z,2ea94ddf20f66432b9024fe2e2eaba5f,2026-10-04T17:00:00Z,Cincinnati Bengals,Jacksonville Jaguars,betonlineag,player_receptions,Dohnte Meyers,Under,2.5,-196,2026-10-04T04:54:23Z
20261004T045441Z,2ea94ddf20f66432b9024fe2e2eaba5f,2026-10-04T17:00:00Z,Cincinnati Bengals,Jacksonville Jaguars,betonlineag,player_receptions,Brenton Strange,Over,3.5,-102,2026-10-04T04:54:23Z
20261004T045441Z,2ea94ddf20f66432b9024fe2e2eaba5f,2026-10-04T17:00:00Z,Cincinnati Bengals,Jacksonville Jaguars,betonlineag,player_receptions,Brenton Strange,Under,3.5,-127,2026-10-04T04:54:23Z
20261004T045441Z,2ea94ddf20f66432b9024fe2e2eaba5f,2026-10-04T17:00:00Z,Cincinnati Bengals,Jacksonville Jaguars,betonlineag,player_receptions,Drew Sample,Over,1.5,132,2026-10-04T04:54:23Z
20261004T045441Z,2ea94ddf20f66432b9024fe2e2eaba5f,2026-10-04T17:00:00Z,Cincinnati Bengals,Jacksonville Jaguars,betonlineag,player_receptions,Drew Sample,Under,1.5,-172,2026-10-04T04:54:23Z
20261004T045441Z,2ea94ddf20f66432b9024fe2e2eaba5f,2026-10-04T17:00:00Z,Cincinnati Bengals,Jacksonville Jaguars,betonlineag,player_receptions,Brian Thomas Jr,Over,2.5,120,2026-10-04T04:54:23Z
20261004T045441Z,2ea94ddf20f66432b9024fe2e2eaba5f,2026-10-04T17:00:00Z,Cincinnati Bengals,Jacksonville Jaguars,betonlineag,player_receptions,Brian Thomas Jr,Under,2.5,-156,2026-10-04T04:54:23Z
20261004T045441Z,2ea94ddf20f66432b9024fe2e2eaba5f,2026-10-04T17:00:00Z,Cincinnati Bengals,Jacksonville Jaguars,betonlineag,player_receptions,Bhayshul Tuten,Over,1.5,-145,2026-10-04T04:54:23Z
20261004T045441Z,2ea94ddf20f66432b9024fe2e2eaba5f,2026-10-04T17:00:00Z,Cincinnati Bengals,Jacksonville Jaguars,betonlineag,player_receptions,Bhayshul Tuten,Under,1.5,112,2026-10-04T04:54:23Z
20261004T045441Z,2ea94ddf20f66432b9024fe2e2eaba5f,2026-10-04T17:00:00Z,Cincinnati Bengals,Jacksonville Jaguars,betonlineag,player_receptions,Samaje Perine,Over,1.5,-105,2026-10-04T04:54:23Z
20261004T045441Z,2ea94ddf20f66432b9024fe2e2eaba5f,2026-10-04T17:00:00Z,Cincinnati Bengals,Jacksonville Jaguars,betonlineag,player_receptions,Samaje Perine,Under,1.5,-123,2026-10-04T04:54:23Z
20261004T045441Z,2ea94ddf20f66432b9024fe2e2eaba5f,2026-10-04T17:00:00Z,Cincinnati Bengals,Jacksonville Jaguars,betonlineag,player_receptions,Josh Cameron,Over,1.5,161,2026-10-04T04:54:23Z
20261004T045441Z,2ea94ddf20f66432b9024fe2e2eaba5f,2026-10-04T17:00:00Z,Cincinnati Bengals,Jacksonville Jaguars,betonlineag,player_receptions,Josh Cameron,Under,1.5,-213,2026-10-04T04:54:23Z
20261004T045441Z,2ea94ddf20f66432b9024fe2e2eaba5f,2026-10-04T17:00:00Z,Cincinnati Bengals,Jacksonville Jaguars,betonlineag,player_receptions,Ja'Marr Chase,Over,7.5,115,2026-10-04T04:54:23Z
20261004T045441Z,2ea94ddf20f66432b9024fe2e2eaba5f,2026-10-04T17:00:00Z,Cincinnati Bengals,Jacksonville Jaguars,betonlineag,player_receptions,Ja'Marr Chase,Under,7.5,-149,2026-10-04T04:54:23Z
20261004T045441Z,2ea94ddf20f66432b9024fe2e2eaba5f,2026-10-04T17:00:00Z,Cincinnati Bengals,Jacksonville Jaguars,betonlineag,player_rush_yds,Bhayshul Tuten,Over,55.5,-114,2026-10-04T04:54:23Z
20261004T045441Z,2ea94ddf20f66432b9024fe2e2eaba5f,2026-10-04T17:00:00Z,Cincinnati Bengals,Jacksonville Jaguars,betonlineag,player_rush_yds,Bhayshul Tuten,Under,55.5,-114,2026-10-04T04:54:23Z
20261004T045441Z,2ea94ddf20f66432b9024fe2e2eaba5f,2026-10-04T17:00:00Z,Cincinnati Bengals,Jacksonville Jaguars,betonlineag,player_rush_yds,Joe Burrow,Over,8.5,-116,2026-10-04T04:54:23Z
20261004T045441Z,2ea94ddf20f66432b9024fe2e2eaba5f,2026-10-04T17:00:00Z,Cincinnati Bengals,Jacksonville Jaguars,betonlineag,player_rush_yds,Joe Burrow,Under,8.5,-111,2026-10-04T04:54:23Z
20261004T045441Z,2ea94ddf20f66432b9024fe2e2eaba5f,2026-10-04T17:00:00Z,Cincinnati Bengals,Jacksonville Jaguars,betonlineag,player_rush_yds,Trevor Lawrence,Over,14.5,-115,2026-10-04T04:54:23Z
20261004T045441Z,2ea94ddf20f66432b9024fe2e2eaba5f,2026-10-04T17:00:00Z,Cincinnati Bengals,Jacksonville Jaguars,betonlineag,player_rush_yds,Trevor Lawrence,Under,14.5,-112,2026-10-04T04:54:23Z
20261004T045441Z,2ea94ddf20f66432b9024fe2e2eaba5f,2026-10-04T17:00:00Z,Cincinnati Bengals,Jacksonville Jaguars,betonlineag,player_rush_yds,Samaje Perine,Over,13.5,-116,2026-10-04T04:54:23Z
20261004T045441Z,2ea94ddf20f66432b9024fe2e2eaba5f,2026-10-04T17:00:00Z,Cincinnati Bengals,Jacksonville Jaguars,betonlineag,player_rush_yds,Samaje Perine,Under,13.5,-111,2026-10-04T04:54:23Z
20261004T045441Z,2ea94ddf20f66432b9024fe2e2eaba5f,2026-10-04T17:00:00Z,Cincinnati Bengals,Jacksonville Jaguars,betonlineag,player_rush_yds,Chris Rodriguez Jr.,Over,19.5,-116,2026-10-04T04:54:23Z
20261004T045441Z,2ea94ddf20f66432b9024fe2e2eaba5f,2026-10-04T17:00:00Z,Cincinnati Bengals,Jacksonville Jaguars,betonlineag,player_rush_yds,Chris Rodriguez Jr.,Under,19.5,-111,2026-10-04T04:54:23Z
20261004T045441Z,2ea94ddf20f66432b9024fe2e2eaba5f,2026-10-04T17:00:00Z,Cincinnati Bengals,Jacksonville Jaguars,betonlineag,player_rush_yds,Chase Brown,Over,58.5,-114,2026-10-04T04:54:23Z
20261004T045441Z,2ea94ddf20f66432b9024fe2e2eaba5f,2026-10-04T17:00:00Z,Cincinnati Bengals,Jacksonville Jaguars,betonlineag,player_rush_yds,Chase Brown,Under,58.5,-114,2026-10-04T04:54:23Z
20261004T045441Z,2ea94ddf20f66432b9024fe2e2eaba5f,2026-10-04T17:00:00Z,Cincinnati Bengals,Jacksonville Jaguars,betrivers,player_pass_yds,Joe Burrow,Over,268.5,-114,2026-10-04T04:53:43Z
20261004T045441Z,2ea94ddf20f66432b9024fe2e2eaba5f,2026-10-04T17:00:00Z,Cincinnati Bengals,Jacksonville Jaguars,betrivers,player_pass_yds,Joe Burrow,Under,268.5,-117,2026-10-04T04:53:43Z
20261004T045441Z,2ea94ddf20f66432b9024fe2e2eaba5f,2026-10-04T17:00:00Z,Cincinnati Bengals,Jacksonville Jaguars,betrivers,player_pass_yds,Trevor Lawrence,Over,261.5,-115,2026-10-04T04:53:43Z
20261004T045441Z,2ea94ddf20f66432b9024fe2e2eaba5f,2026-10-04T17:00:00Z,Cincinnati Bengals,Jacksonville Jaguars,betrivers,player_pass_yds,Trevor Lawrence,Under,261.5,-115,2026-10-04T04:53:43Z
20261004T045441Z,2ea94ddf20f66432b9024fe2e2eaba5f,2026-10-04T17:00:00Z,Cincinnati Bengals,Jacksonville Jaguars,betrivers,player_reception_yds,Bhayshul Tuten,Over,10.5,-118,2026-10-04T04:53:43Z
20261004T045441Z,2ea94ddf20f66432b9024fe2e2eaba5f,2026-10-04T17:00:00Z,Cincinnati Bengals,Jacksonville Jaguars,betrivers,player_reception_yds,Bhayshul Tuten,Under,10.5,-113,2026-10-04T04:53:43Z
20261004T045441Z,2ea94ddf20f66432b9024fe2e2eaba5f,2026-10-04T17:00:00Z,Cincinnati Bengals,Jacksonville Jaguars,betrivers,player_reception_yds,Jakobi Meyers,Over,40.5,-115,2026-10-04T04:53:43Z
20261004T045441Z,2ea94ddf20f66432b9024fe2e2eaba5f,2026-10-04T17:00:00Z,Cincinnati Bengals,Jacksonville Jaguars,betrivers,player_reception_yds,Jakobi Meyers,Under,40.5,-115,2026-10-04T04:53:43Z
20261004T045441Z,2ea94ddf20f66432b9024fe2e2eaba5f,2026-10-04T17:00:00Z,Cincinnati Bengals,Jacksonville Jaguars,betrivers,player_reception_yds,Ja'Marr Chase,Over,82.5,-114,2026-10-04T04:53:43Z
20261004T045441Z,2ea94ddf20f66432b9024fe2e2eaba5f,2026-10-04T17:00:00Z,Cincinnati Bengals,Jacksonville Jaguars,betrivers,player_reception_yds,Ja'Marr Chase,Under,82.5,-117,2026-10-04T04:53:43Z
20261004T045441Z,2ea94ddf20f66432b9024fe2e2eaba5f,2026-10-04T17:00:00Z,Cincinnati Bengals,Jacksonville Jaguars,betrivers,player_reception_yds,Chase Brown,Over,19.5,-114,2026-10-04T04:53:43Z
20261004T045441Z,2ea94ddf20f66432b9024fe2e2eaba5f,2026-10-04T17:00:00Z,Cincinnati Bengals,Jacksonville Jaguars,betrivers,player_reception_yds,Chase Brown,Under,19.5,-115,2026-10-04T04:53:43Z
20261004T045441Z,2ea94ddf20f66432b9024fe2e2eaba5f,2026-10-04T17:00:00Z,Cincinnati Bengals,Jacksonville Jaguars,betrivers,player_reception_yds,Tee Higgins,Over,60.5,-118,2026-10-04T04:53:43Z
20261004T045441Z,2ea94ddf20f66432b9024fe2e2eaba5f,2026-10-04T17:00:00Z,Cincinnati Bengals,Jacksonville Jaguars,betrivers,player_reception_yds,Tee Higgins,Under,60.5,-113,2026-10-04T04:53:43Z
20261004T045441Z,2ea94ddf20f66432b9024fe2e2eaba5f,2026-10-04T17:00:00Z,Cincinnati Bengals,Jacksonville Jaguars,betrivers,player_reception_yds,Drew Sample,Over,6.5,-120,2026-10-04T04:53:43Z
20261004T045441Z,2ea94ddf20f66432b9024fe2e2eaba5f,2026-10-04T17:00:00Z,Cincinnati Bengals,Jacksonville Jaguars,betrivers,player_reception_yds,Drew Sample,Under,6.5,-112,2026-10-04T04:53:43Z
20261004T045441Z,2ea94ddf20f66432b9024fe2e2eaba5f,2026-10-04T17:00:00Z,Cincinnati Bengals,Jacksonville Jaguars,betrivers,player_reception_yds,Parker Washington,Over,74.5,-114,2026-10-04T04:53:43Z
20261004T045441Z,2ea94ddf20f66432b9024fe2e2eaba5f,2026-10-04T17:00:00Z,Cincinnati Bengals,Jacksonville Jaguars,betrivers,player_reception_yds,Parker Washington,Under,74.5,-117,2026-10-04T04:53:43Z
20261004T045441Z,2ea94ddf20f66432b9024fe2e2eaba5f,2026-10-04T17:00:00Z,Cincinnati Bengals,Jacksonville Jaguars,betrivers,player_reception_yds,Mike Gesicki,Over,28.5,-118,2026-10-04T04:53:43Z
20261004T045441Z,2ea94ddf20f66432b9024fe2e2eaba5f,2026-10-04T17:00:00Z,Cincinnati Bengals,Jacksonville Jaguars,betrivers,player_reception_yds,Mike Gesicki,Under,28.5,-113,2026-10-04T04:53:43Z
20261004T045441Z,2ea94ddf20f66432b9024fe2e2eaba5f,2026-10-04T17:00:00Z,Cincinnati Bengals,Jacksonville Jaguars,betrivers,player_reception_yds,Brenton Strange,Over,34.5,-118,2026-10-04T04:53:43Z
20261004T045441Z,2ea94ddf20f66432b9024fe2e2eaba5f,2026-10-04T17:00:00Z,Cincinnati Bengals,Jacksonville Jaguars,betrivers,player_reception_yds,Brenton Strange,Under,34.5,-113,2026-10-04T04:53:43Z
20261004T045441Z,2ea94ddf20f66432b9024fe2e2eaba5f,2026-10-04T17:00:00Z,Cincinnati Bengals,Jacksonville Jaguars,betrivers,player_reception_yds,Dohnte Meyers,Over,20.5,-113,2026-10-04T04:53:43Z
20261004T045441Z,2ea94ddf20f66432b9024fe2e2eaba5f,2026-10-04T17:00:00Z,Cincinnati Bengals,Jacksonville Jaguars,betrivers,player_reception_yds,Dohnte Meyers,Under,20.5,-118,2026-10-04T04:53:43Z
20261004T045441Z,2ea94ddf20f66432b9024fe2e2eaba5f,2026-10-04T17:00:00Z,Cincinnati Bengals,Jacksonville Jaguars,betrivers,player_reception_yds,Brian Thomas Jr,Over,27.5,-113,2026-10-04T04:53:43Z
20261004T045441Z,2ea94ddf20f66432b9024fe2e2eaba5f,2026-10-04T17:00:00Z,Cincinnati Bengals,Jacksonville Jaguars,betrivers,player_reception_yds,Brian Thomas Jr,Under,27.5,-118,2026-10-04T04:53:43Z
20261004T045441Z,2ea94ddf20f66432b9024fe2e2eaba5f,2026-10-04T17:00:00Z,Cincinnati Bengals,Jacksonville Jaguars,betrivers,player_reception_yds,Samaje Perine,Over,10.5,-114,2026-10-04T04:53:43Z
20261004T045441Z,2ea94ddf20f66432b9024fe2e2eaba5f,2026-10-04T17:00:00Z,Cincinnati Bengals,Jacksonville Jaguars,betrivers,player_reception_yds,Samaje Perine,Under,10.5,-117,2026-10-04T04:53:43Z
20261004T045441Z,2ea94ddf20f66432b9024fe2e2eaba5f,2026-10-04T17:00:00Z,Cincinnati Bengals,Jacksonville Jaguars,betrivers,player_receptions,Brian Thomas Jr,Over,2.5,112,2026-10-04T04:53:43Z
20261004T045441Z,2ea94ddf20f66432b9024fe2e2eaba5f,2026-10-04T17:00:00Z,Cincinnati Bengals,Jacksonville Jaguars,betrivers,player_receptions,Bhayshul Tuten,Over,1.5,-136,2026-10-04T04:53:43Z
20261004T045441Z,2ea94ddf20f66432b9024fe2e2eaba5f,2026-10-04T17:00:00Z,Cincinnati Bengals,Jacksonville Jaguars,betrivers,player_receptions,Parker Washington,Over,5.5,104,2026-10-04T04:53:43Z
20261004T045441Z,2ea94ddf20f66432b9024fe2e2eaba5f,2026-10-04T17:00:00Z,Cincinnati Bengals,Jacksonville Jaguars,betrivers,player_receptions,Mike Gesicki,Over,2.5,-143,2026-10-04T04:53:43Z
20261004T045441Z,2ea94ddf20f66432b9024fe2e2eaba5f,2026-10-04T17:00:00Z,Cincinnati Bengals,Jacksonville Jaguars,betrivers,player_receptions,Samaje Perine,Over,1.5,-115,2026-10-04T04:53:43Z
20261004T045441Z,2ea94ddf20f66432b9024fe2e2eaba5f,2026-10-04T17:00:00Z,Cincinnati Bengals,Jacksonville Jaguars,betrivers,player_receptions,Drew Sample,Over,1.5,130,2026-10-04T04:53:43Z
20261004T045441Z,2ea94ddf20f66432b9024fe2e2eaba5f,2026-10-04T17:00:00Z,Cincinnati Bengals,Jacksonville Jaguars,betrivers,player_receptions,Jakobi Meyers,Over,3.5,-141,2026-10-04T04:53:43Z
20261004T045441Z,2ea94ddf20f66432b9024fe2e2eaba5f,2026-10-04T17:00:00Z,Cincinnati Bengals,Jacksonville Jaguars,betrivers,player_receptions,Brenton Strange,Over,3.5,105,2026-10-04T04:53:43Z
20261004T045441Z,2ea94ddf20f66432b9024fe2e2eaba5f,2026-10-04T17:00:00Z,Cincinnati Bengals,Jacksonville Jaguars,betrivers,player_receptions,Tee Higgins,Over,4.5,-110,2026-10-04T04:53:43Z
20261004T045441Z,2ea94ddf20f66432b9024fe2e2eaba5f,2026-10-04T17:00:00Z,Cincinnati Bengals,Jacksonville Jaguars,betrivers,player_receptions,Dohnte Meyers,Over,2.5,145,2026-10-04T04:53:43Z
20261004T045441Z,2ea94ddf20f66432b9024fe2e2eaba5f,2026-10-04T17:00:00Z,Cincinnati Bengals,Jacksonville Jaguars,betrivers,player_receptions,Ja'Marr Chase,Over,6.5,-137,2026-10-04T04:53:43Z
20261004T045441Z,2ea94ddf20f66432b9024fe2e2eaba5f,2026-10-04T17:00:00Z,Cincinnati Bengals,Jacksonville Jaguars,betrivers,player_receptions,Chase Brown,Over,3.5,108,2026-10-04T04:53:43Z
20261004T045441Z,2ea94ddf20f66432b9024fe2e2eaba5f,2026-10-04T17:00:00Z,Cincinnati Bengals,Jacksonville Jaguars,betrivers,player_rush_yds,Trevor Lawrence,Over,14.5,-114,2026-10-04T04:53:43Z
20261004T045441Z,2ea94ddf20f66432b9024fe2e2eaba5f,2026-10-04T17:00:00Z,Cincinnati Bengals,Jacksonville Jaguars,betrivers,player_rush_yds,Trevor Lawrence,Under,14.5,-117,2026-10-04T04:53:43Z
20261004T045441Z,2ea94ddf20f66432b9024fe2e2eaba5f,2026-10-04T17:00:00Z,Cincinnati Bengals,Jacksonville Jaguars,betrivers,player_rush_yds,Chris Rodriguez Jr.,Over,20.5,-115,2026-10-04T04:53:43Z
20261004T045441Z,2ea94ddf20f66432b9024fe2e2eaba5f,2026-10-04T17:00:00Z,Cincinnati Bengals,Jacksonville Jaguars,betrivers,player_rush_yds,Chris Rodriguez Jr.,Under,20.5,-115,2026-10-04T04:53:43Z
20261004T045441Z,2ea94ddf20f66432b9024fe2e2eaba5f,2026-10-04T17:00:00Z,Cincinnati Bengals,Jacksonville Jaguars,betrivers,player_rush_yds,Bhayshul Tuten,Over,55.5,-115,2026-10-04T04:53:43Z
20261004T045441Z,2ea94ddf20f66432b9024fe2e2eaba5f,2026-10-04T17:00:00Z,Cincinnati Bengals,Jacksonville Jaguars,betrivers,player_rush_yds,Bhayshul Tuten,Under,55.5,-115,2026-10-04T04:53:43Z
20261004T045441Z,2ea94ddf20f66432b9024fe2e2eaba5f,2026-10-04T17:00:00Z,Cincinnati Bengals,Jacksonville Jaguars,betrivers,player_rush_yds,Chase Brown,Over,63.5,-117,2026-10-04T04:53:43Z
20261004T045441Z,2ea94ddf20f66432b9024fe2e2eaba5f,2026-10-04T17:00:00Z,Cincinnati Bengals,Jacksonville Jaguars,betrivers,player_rush_yds,Chase Brown,Under,63.5,-113,2026-10-04T04:53:43Z
20261004T045441Z,2ea94ddf20f66432b9024fe2e2eaba5f,2026-10-04T17:00:00Z,Cincinnati Bengals,Jacksonville Jaguars,betrivers,player_rush_yds,Samaje Perine,Over,14.5,-113,2026-10-04T04:53:43Z
20261004T045441Z,2ea94ddf20f66432b9024fe2e2eaba5f,2026-10-04T17:00:00Z,Cincinnati Bengals,Jacksonville Jaguars,betrivers,player_rush_yds,Samaje Perine,Under,14.5,-118,2026-10-04T04:53:43Z
20261004T045441Z,2ea94ddf20f66432b9024fe2e2eaba5f,2026-10-04T17:00:00Z,Cincinnati Bengals,Jacksonville Jaguars,betrivers,player_rush_yds,Joe Burrow,Over,8.5,-117,2026-10-04T04:53:43Z
20261004T045441Z,2ea94ddf20f66432b9024fe2e2eaba5f,2026-10-04T17:00:00Z,Cincinnati Bengals,Jacksonville Jaguars,betrivers,player_rush_yds,Joe Burrow,Under,8.5,-114,2026-10-04T04:53:43Z
20261004T045441Z,2ea94ddf20f66432b9024fe2e2eaba5f,2026-10-04T17:00:00Z,Cincinnati Bengals,Jacksonville Jaguars,betmgm,player_pass_yds,Trevor Lawrence,Over,261.5,-115,2026-10-04T04:54:21Z
20261004T045441Z,2ea94ddf20f66432b9024fe2e2eaba5f,2026-10-04T17:00:00Z,Cincinnati Bengals,Jacksonville Jaguars,betmgm,player_pass_yds,Trevor Lawrence,Under,261.5,-115,2026-10-04T04:54:21Z
20261004T045441Z,2ea94ddf20f66432b9024fe2e2eaba5f,2026-10-04T17:00:00Z,Cincinnati Bengals,Jacksonville Jaguars,betmgm,player_pass_yds,Joe Burrow,Over,270.5,-115,2026-10-04T04:54:21Z
20261004T045441Z,2ea94ddf20f66432b9024fe2e2eaba5f,2026-10-04T17:00:00Z,Cincinnati Bengals,Jacksonville Jaguars,betmgm,player_pass_yds,Joe Burrow,Under,270.5,-115,2026-10-04T04:54:21Z
20261004T045441Z,2ea94ddf20f66432b9024fe2e2eaba5f,2026-10-04T17:00:00Z,Cincinnati Bengals,Jacksonville Jaguars,betmgm,player_reception_yds,Tee Higgins,Over,61.5,-115,2026-10-04T04:54:21Z
20261004T045441Z,2ea94ddf20f66432b9024fe2e2eaba5f,2026-10-04T17:00:00Z,Cincinnati Bengals,Jacksonville Jaguars,betmgm,player_reception_yds,Tee Higgins,Under,61.5,-115,2026-10-04T04:54:21Z
20261004T045441Z,2ea94ddf20f66432b9024fe2e2eaba5f,2026-10-04T17:00:00Z,Cincinnati Bengals,Jacksonville Jaguars,betmgm,player_reception_yds,Mike Gesicki,Over,27.5,-115,2026-10-04T04:54:21Z
20261004T045441Z,2ea94ddf20f66432b9024fe2e2eaba5f,2026-10-04T17:00:00Z,Cincinnati Bengals,Jacksonville Jaguars,betmgm,player_reception_yds,Mike Gesicki,Under,27.5,-115,2026-10-04T04:54:21Z
20261004T045441Z,2ea94ddf20f66432b9024fe2e2eaba5f,2026-10-04T17:00:00Z,Cincinnati Bengals,Jacksonville Jaguars,betmgm,player_reception_yds,Jakobi Meyers,Over,40.5,-115,2026-10-04T04:54:21Z
20261004T045441Z,2ea94ddf20f66432b9024fe2e2eaba5f,2026-10-04T17:00:00Z,Cincinnati Bengals,Jacksonville Jaguars,betmgm,player_reception_yds,Jakobi Meyers,Under,40.5,-115,2026-10-04T04:54:21Z
20261004T045441Z,2ea94ddf20f66432b9024fe2e2eaba5f,2026-10-04T17:00:00Z,Cincinnati Bengals,Jacksonville Jaguars,betmgm,player_reception_yds,Brian Thomas Jr,Over,27.5,-115,2026-10-04T04:54:21Z
20261004T045441Z,2ea94ddf20f66432b9024fe2e2eaba5f,2026-10-04T17:00:00Z,Cincinnati Bengals,Jacksonville Jaguars,betmgm,player_reception_yds,Brian Thomas Jr,Under,27.5,-115,2026-10-04T04:54:21Z
20261004T045441Z,2ea94ddf20f66432b9024fe2e2eaba5f,2026-10-04T17:00:00Z,Cincinnati Bengals,Jacksonville Jaguars,betmgm,player_reception_yds,Dohnte Meyers,Over,19.5,-115,2026-10-04T04:54:21Z
20261004T045441Z,2ea94ddf20f66432b9024fe2e2eaba5f,2026-10-04T17:00:00Z,Cincinnati Bengals,Jacksonville Jaguars,betmgm,player_reception_yds,Dohnte Meyers,Under,19.5,-115,2026-10-04T04:54:21Z
20261004T045441Z,2ea94ddf20f66432b9024fe2e2eaba5f,2026-10-04T17:00:00Z,Cincinnati Bengals,Jacksonville Jaguars,betmgm,player_reception_yds,Brenton Strange,Over,36.5,-115,2026-10-04T04:54:21Z
20261004T045441Z,2ea94ddf20f66432b9024fe2e2eaba5f,2026-10-04T17:00:00Z,Cincinnati Bengals,Jacksonville Jaguars,betmgm,player_reception_yds,Brenton Strange,Under,36.5,-115,2026-10-04T04:54:21Z
20261004T045441Z,2ea94ddf20f66432b9024fe2e2eaba5f,2026-10-04T17:00:00Z,Cincinnati Bengals,Jacksonville Jaguars,betmgm,player_reception_yds,Parker Washington,Over,77.5,-115,2026-10-04T04:54:21Z
20261004T045441Z,2ea94ddf20f66432b9024fe2e2eaba5f,2026-10-04T17:00:00Z,Cincinnati Bengals,Jacksonville Jaguars,betmgm,player_reception_yds,Parker Washington,Under,77.5,-115,2026-10-04T04:54:21Z
20261004T045441Z,2ea94ddf20f66432b9024fe2e2eaba5f,2026-10-04T17:00:00Z,Cincinnati Bengals,Jacksonville Jaguars,betmgm,player_reception_yds,Samaje Perine,Over,8.5,-111,2026-10-04T04:54:21Z
20261004T045441Z,2ea94ddf20f66432b9024fe2e2eaba5f,2026-10-04T17:00:00Z,Cincinnati Bengals,Jacksonville Jaguars,betmgm,player_reception_yds,Samaje Perine,Under,8.5,-120,2026-10-04T04:54:21Z
20261004T045441Z,2ea94ddf20f66432b9024fe2e2eaba5f,2026-10-04T17:00:00Z,Cincinnati Bengals,Jacksonville Jaguars,betmgm,player_reception_yds,Drew Sample,Over,6.5,-110,2026-10-04T04:54:21Z
20261004T045441Z,2ea94ddf20f66432b9024fe2e2eaba5f,2026-10-04T17:00:00Z,Cincinnati Bengals,Jacksonville Jaguars,betmgm,player_reception_yds,Drew Sample,Under,6.5,-120,2026-10-04T04:54:21Z
20261004T045441Z,2ea94ddf20f66432b9024fe2e2eaba5f,2026-10-04T17:00:00Z,Cincinnati Bengals,Jacksonville Jaguars,betmgm,player_reception_yds,Josh Cameron,Over,9.5,-115,2026-10-04T04:54:21Z
20261004T045441Z,2ea94ddf20f66432b9024fe2e2eaba5f,2026-10-04T17:00:00Z,Cincinnati Bengals,Jacksonville Jaguars,betmgm,player_reception_yds,Josh Cameron,Under,9.5,-115,2026-10-04T04:54:21Z
20261004T045441Z,2ea94ddf20f66432b9024fe2e2eaba5f,2026-10-04T17:00:00Z,Cincinnati Bengals,Jacksonville Jaguars,betmgm,player_reception_yds,Bhayshul Tuten,Over,11.5,-115,2026-10-04T04:54:21Z
20261004T045441Z,2ea94ddf20f66432b9024fe2e2eaba5f,2026-10-04T17:00:00Z,Cincinnati Bengals,Jacksonville Jaguars,betmgm,player_reception_yds,Bhayshul Tuten,Under,11.5,-115,2026-10-04T04:54:21Z
20261004T045441Z,2ea94ddf20f66432b9024fe2e2eaba5f,2026-10-04T17:00:00Z,Cincinnati Bengals,Jacksonville Jaguars,betmgm,player_reception_yds,Chase Brown,Over,19.5,-115,2026-10-04T04:54:21Z
20261004T045441Z,2ea94ddf20f66432b9024fe2e2eaba5f,2026-10-04T17:00:00Z,Cincinnati Bengals,Jacksonville Jaguars,betmgm,player_reception_yds,Chase Brown,Under,19.5,-115,2026-10-04T04:54:21Z
20261004T045441Z,2ea94ddf20f66432b9024fe2e2eaba5f,2026-10-04T17:00:00Z,Cincinnati Bengals,Jacksonville Jaguars,betmgm,player_reception_yds,Ja'Marr Chase,Over,82.5,-115,2026-10-04T04:54:21Z
20261004T045441Z,2ea94ddf20f66432b9024fe2e2eaba5f,2026-10-04T17:00:00Z,Cincinnati Bengals,Jacksonville Jaguars,betmgm,player_reception_yds,Ja'Marr Chase,Under,82.5,-115,2026-10-04T04:54:21Z
20261004T045441Z,2ea94ddf20f66432b9024fe2e2eaba5f,2026-10-04T17:00:00Z,Cincinnati Bengals,Jacksonville Jaguars,betmgm,player_receptions,Brenton Strange,Over,3.5,-110,2026-10-04T04:54:21Z
20261004T045441Z,2ea94ddf20f66432b9024fe2e2eaba5f,2026-10-04T17:00:00Z,Cincinnati Bengals,Jacksonville Jaguars,betmgm,player_receptions,Brenton Strange,Under,3.5,-120,2026-10-04T04:54:21Z
20261004T045441Z,2ea94ddf20f66432b9024fe2e2eaba5f,2026-10-04T17:00:00Z,Cincinnati Bengals,Jacksonville Jaguars,betmgm,player_receptions,Mike Gesicki,Over,2.5,-140,2026-10-04T04:54:21Z
20261004T045441Z,2ea94ddf20f66432b9024fe2e2eaba5f,2026-10-04T17:00:00Z,Cincinnati Bengals,Jacksonville Jaguars,betmgm,player_receptions,Mike Gesicki,Under,2.5,105,2026-10-04T04:54:21Z
20261004T045441Z,2ea94ddf20f66432b9024fe2e2eaba5f,2026-10-04T17:00:00Z,Cincinnati Bengals,Jacksonville Jaguars,betmgm,player_receptions,Brian Thomas Jr,Over,2.5,120,2026-10-04T04:54:21Z
20261004T045441Z,2ea94ddf20f66432b9024fe2e2eaba5f,2026-10-04T17:00:00Z,Cincinnati Bengals,Jacksonville Jaguars,betmgm,player_receptions,Brian Thomas Jr,Under,2.5,-160,2026-10-04T04:54:21Z
20261004T045441Z,2ea94ddf20f66432b9024fe2e2eaba5f,2026-10-04T17:00:00Z,Cincinnati Bengals,Jacksonville Jaguars,betmgm,player_receptions,Jakobi Meyers,Over,3.5,-130,2026-10-04T04:54:21Z
20261004T045441Z,2ea94ddf20f66432b9024fe2e2eaba5f,2026-10-04T17:00:00Z,Cincinnati Bengals,Jacksonville Jaguars,betmgm,player_receptions,Jakobi Meyers,Under,3.5,-105,2026-10-04T04:54:21Z
20261004T045441Z,2ea94ddf20f66432b9024fe2e2eaba5f,2026-10-04T17:00:00Z,Cincinnati Bengals,Jacksonville Jaguars,betmgm,player_receptions,Chase Brown,Over,3.5,120,2026-10-04T04:54:21Z
20261004T045441Z,2ea94ddf20f66432b9024fe2e2eaba5f,2026-10-04T17:00:00Z,Cincinnati Bengals,Jacksonville Jaguars,betmgm,player_receptions,Chase Brown,Under,3.5,-160,2026-10-04T04:54:21Z
20261004T045441Z,2ea94ddf20f66432b9024fe2e2eaba5f,2026-10-04T17:00:00Z,Cincinnati Bengals,Jacksonville Jaguars,betmgm,player_receptions,Bhayshul Tuten,Over,1.5,-155,2026-10-04T04:54:21Z
20261004T045441Z,2ea94ddf20f66432b9024fe2e2eaba5f,2026-10-04T17:00:00Z,Cincinnati Bengals,Jacksonville Jaguars,betmgm,player_receptions,Bhayshul Tuten,Under,1.5,115,2026-10-04T04:54:21Z
20261004T045441Z,2ea94ddf20f66432b9024fe2e2eaba5f,2026-10-04T17:00:00Z,Cincinnati Bengals,Jacksonville Jaguars,betmgm,player_receptions,Parker Washington,Over,5.5,100,2026-10-04T04:54:21Z
20261004T045441Z,2ea94ddf20f66432b9024fe2e2eaba5f,2026-10-04T17:00:00Z,Cincinnati Bengals,Jacksonville Jaguars,betmgm,player_receptions,Parker Washington,Under,5.5,-135,2026-10-04T04:54:21Z
20261004T045441Z,2ea94ddf20f66432b9024fe2e2eaba5f,2026-10-04T17:00:00Z,Cincinnati Bengals,Jacksonville Jaguars,betmgm,player_receptions,Drew Sample,Over,1.5,135,2026-10-04T04:54:21Z
20261004T045441Z,2ea94ddf20f66432b9024fe2e2eaba5f,2026-10-04T17:00:00Z,Cincinnati Bengals,Jacksonville Jaguars,betmgm,player_receptions,Drew Sample,Under,1.5,-185,2026-10-04T04:54:21Z
20261004T045441Z,2ea94ddf20f66432b9024fe2e2eaba5f,2026-10-04T17:00:00Z,Cincinnati Bengals,Jacksonville Jaguars,betmgm,player_receptions,Tee Higgins,Over,4.5,-115,2026-10-04T04:54:21Z
20261004T045441Z,2ea94ddf20f66432b9024fe2e2eaba5f,2026-10-04T17:00:00Z,Cincinnati Bengals,Jacksonville Jaguars,betmgm,player_receptions,Tee Higgins,Under,4.5,-115,2026-10-04T04:54:21Z
20261004T045441Z,2ea94ddf20f66432b9024fe2e2eaba5f,2026-10-04T17:00:00Z,Cincinnati Bengals,Jacksonville Jaguars,betmgm,player_receptions,Dohnte Meyers,Over,2.5,135,2026-10-04T04:54:21Z
20261004T045441Z,2ea94ddf20f66432b9024fe2e2eaba5f,2026-10-04T17:00:00Z,Cincinnati Bengals,Jacksonville Jaguars,betmgm,player_receptions,Dohnte Meyers,Under,2.5,-185,2026-10-04T04:54:21Z
20261004T045441Z,2ea94ddf20f66432b9024fe2e2eaba5f,2026-10-04T17:00:00Z,Cincinnati Bengals,Jacksonville Jaguars,betmgm,player_receptions,Ja'Marr Chase,Over,7.5,110,2026-10-04T04:54:21Z
20261004T045441Z,2ea94ddf20f66432b9024fe2e2eaba5f,2026-10-04T17:00:00Z,Cincinnati Bengals,Jacksonville Jaguars,betmgm,player_receptions,Ja'Marr Chase,Under,7.5,-150,2026-10-04T04:54:21Z
20261004T045441Z,2ea94ddf20f66432b9024fe2e2eaba5f,2026-10-04T17:00:00Z,Cincinnati Bengals,Jacksonville Jaguars,betmgm,player_receptions,Samaje Perine,Over,1.5,100,2026-10-04T04:54:21Z
20261004T045441Z,2ea94ddf20f66432b9024fe2e2eaba5f,2026-10-04T17:00:00Z,Cincinnati Bengals,Jacksonville Jaguars,betmgm,player_receptions,Samaje Perine,Under,1.5,-135,2026-10-04T04:54:21Z
20261004T045441Z,2ea94ddf20f66432b9024fe2e2eaba5f,2026-10-04T17:00:00Z,Cincinnati Bengals,Jacksonville Jaguars,betmgm,player_rush_yds,Samaje Perine,Over,12.5,-125,2026-10-04T04:54:21Z
20261004T045441Z,2ea94ddf20f66432b9024fe2e2eaba5f,2026-10-04T17:00:00Z,Cincinnati Bengals,Jacksonville Jaguars,betmgm,player_rush_yds,Samaje Perine,Under,12.5,-105,2026-10-04T04:54:21Z
20261004T045441Z,2ea94ddf20f66432b9024fe2e2eaba5f,2026-10-04T17:00:00Z,Cincinnati Bengals,Jacksonville Jaguars,betmgm,player_rush_yds,Chase Brown,Over,62.5,-105,2026-10-04T04:54:21Z
20261004T045441Z,2ea94ddf20f66432b9024fe2e2eaba5f,2026-10-04T17:00:00Z,Cincinnati Bengals,Jacksonville Jaguars,betmgm,player_rush_yds,Chase Brown,Under,62.5,-125,2026-10-04T04:54:21Z
20261004T045441Z,2ea94ddf20f66432b9024fe2e2eaba5f,2026-10-04T17:00:00Z,Cincinnati Bengals,Jacksonville Jaguars,betmgm,player_rush_yds,Trevor Lawrence,Over,14.5,-115,2026-10-04T04:54:21Z
20261004T045441Z,2ea94ddf20f66432b9024fe2e2eaba5f,2026-10-04T17:00:00Z,Cincinnati Bengals,Jacksonville Jaguars,betmgm,player_rush_yds,Trevor Lawrence,Under,14.5,-115,2026-10-04T04:54:21Z
20261004T045441Z,2ea94ddf20f66432b9024fe2e2eaba5f,2026-10-04T17:00:00Z,Cincinnati Bengals,Jacksonville Jaguars,betmgm,player_rush_yds,Joe Burrow,Over,6.5,-125,2026-10-04T04:54:21Z
20261004T045441Z,2ea94ddf20f66432b9024fe2e2eaba5f,2026-10-04T17:00:00Z,Cincinnati Bengals,Jacksonville Jaguars,betmgm,player_rush_yds,Joe Burrow,Under,6.5,-105,2026-10-04T04:54:21Z
20261004T045441Z,2ea94ddf20f66432b9024fe2e2eaba5f,2026-10-04T17:00:00Z,Cincinnati Bengals,Jacksonville Jaguars,betmgm,player_rush_yds,Chris Rodriguez Jr.,Over,19.5,-115,2026-10-04T04:54:21Z
20261004T045441Z,2ea94ddf20f66432b9024fe2e2eaba5f,2026-10-04T17:00:00Z,Cincinnati Bengals,Jacksonville Jaguars,betmgm,player_rush_yds,Chris Rodriguez Jr.,Under,19.5,-115,2026-10-04T04:54:21Z
20261004T045441Z,2ea94ddf20f66432b9024fe2e2eaba5f,2026-10-04T17:00:00Z,Cincinnati Bengals,Jacksonville Jaguars,betmgm,player_rush_yds,Bhayshul Tuten,Over,52.5,-135,2026-10-04T04:54:21Z
20261004T045441Z,2ea94ddf20f66432b9024fe2e2eaba5f,2026-10-04T17:00:00Z,Cincinnati Bengals,Jacksonville Jaguars,betmgm,player_rush_yds,Bhayshul Tuten,Under,52.5,100,2026-10-04T04:54:21Z
20261004T045441Z,2ea94ddf20f66432b9024fe2e2eaba5f,2026-10-04T17:00:00Z,Cincinnati Bengals,Jacksonville Jaguars,bovada,player_pass_yds,Joe Burrow,Over,269.5,-115,2026-10-04T04:54:40Z
20261004T045441Z,2ea94ddf20f66432b9024fe2e2eaba5f,2026-10-04T17:00:00Z,Cincinnati Bengals,Jacksonville Jaguars,bovada,player_pass_yds,Joe Burrow,Under,269.5,-115,2026-10-04T04:54:40Z
20261004T045441Z,2ea94ddf20f66432b9024fe2e2eaba5f,2026-10-04T17:00:00Z,Cincinnati Bengals,Jacksonville Jaguars,bovada,player_pass_yds,Trevor Lawrence,Over,255.5,-115,2026-10-04T04:54:40Z
20261004T045441Z,2ea94ddf20f66432b9024fe2e2eaba5f,2026-10-04T17:00:00Z,Cincinnati Bengals,Jacksonville Jaguars,bovada,player_pass_yds,Trevor Lawrence,Under,255.5,-115,2026-10-04T04:54:40Z
20261004T045441Z,2ea94ddf20f66432b9024fe2e2eaba5f,2026-10-04T17:00:00Z,Cincinnati Bengals,Jacksonville Jaguars,bovada,player_reception_yds,Bhayshul Tuten,Over,10.5,-120,2026-10-04T04:54:40Z
20261004T045441Z,2ea94ddf20f66432b9024fe2e2eaba5f,2026-10-04T17:00:00Z,Cincinnati Bengals,Jacksonville Jaguars,bovada,player_reception_yds,Bhayshul Tuten,Under,10.5,-110,2026-10-04T04:54:40Z
20261004T045441Z,2ea94ddf20f66432b9024fe2e2eaba5f,2026-10-04T17:00:00Z,Cincinnati Bengals,Jacksonville Jaguars,bovada,player_reception_yds,Brenton Strange,Over,35.5,-110,2026-10-04T04:54:40Z
20261004T045441Z,2ea94ddf20f66432b9024fe2e2eaba5f,2026-10-04T17:00:00Z,Cincinnati Bengals,Jacksonville Jaguars,bovada,player_reception_yds,Brenton Strange,Under,35.5,-120,2026-10-04T04:54:40Z
20261004T045441Z,2ea94ddf20f66432b9024fe2e2eaba5f,2026-10-04T17:00:00Z,Cincinnati Bengals,Jacksonville Jaguars,bovada,player_reception_yds,Brian Thomas Jr,Over,27.5,-115,2026-10-04T04:54:40Z
20261004T045441Z,2ea94ddf20f66432b9024fe2e2eaba5f,2026-10-04T17:00:00Z,Cincinnati Bengals,Jacksonville Jaguars,bovada,player_reception_yds,Brian Thomas Jr,Under,27.5,-115,2026-10-04T04:54:40Z
20261004T045441Z,2ea94ddf20f66432b9024fe2e2eaba5f,2026-10-04T17:00:00Z,Cincinnati Bengals,Jacksonville Jaguars,bovada,player_reception_yds,Chase Brown,Over,18.5,-120,2026-10-04T04:54:40Z
20261004T045441Z,2ea94ddf20f66432b9024fe2e2eaba5f,2026-10-04T17:00:00Z,Cincinnati Bengals,Jacksonville Jaguars,bovada,player_reception_yds,Chase Brown,Under,18.5,-110,2026-10-04T04:54:40Z
20261004T045441Z,2ea94ddf20f66432b9024fe2e2eaba5f,2026-10-04T17:00:00Z,Cincinnati Bengals,Jacksonville Jaguars,bovada,player_reception_yds,Dohnte Meyers,Over,21.5,-115,2026-10-04T04:54:40Z
20261004T045441Z,2ea94ddf20f66432b9024fe2e2eaba5f,2026-10-04T17:00:00Z,Cincinnati Bengals,Jacksonville Jaguars,bovada,player_reception_yds,Dohnte Meyers,Under,21.5,-115,2026-10-04T04:54:40Z
20261004T045441Z,2ea94ddf20f66432b9024fe2e2eaba5f,2026-10-04T17:00:00Z,Cincinnati Bengals,Jacksonville Jaguars,bovada,player_reception_yds,Drew Sample,Over,7.5,-110,2026-10-04T04:54:40Z
20261004T045441Z,2ea94ddf20f66432b9024fe2e2eaba5f,2026-10-04T17:00:00Z,Cincinnati Bengals,Jacksonville Jaguars,bovada,player_reception_yds,Drew Sample,Under,7.5,-120,2026-10-04T04:54:40Z
20261004T045441Z,2ea94ddf20f66432b9024fe2e2eaba5f,2026-10-04T17:00:00Z,Cincinnati Bengals,Jacksonville Jaguars,bovada,player_reception_yds,Ja'Marr Chase,Over,85.5,-115,2026-10-04T04:54:40Z
20261004T045441Z,2ea94ddf20f66432b9024fe2e2eaba5f,2026-10-04T17:00:00Z,Cincinnati Bengals,Jacksonville Jaguars,bovada,player_reception_yds,Ja'Marr Chase,Under,85.5,-115,2026-10-04T04:54:40Z
20261004T045441Z,2ea94ddf20f66432b9024fe2e2eaba5f,2026-10-04T17:00:00Z,Cincinnati Bengals,Jacksonville Jaguars,bovada,player_reception_yds,Jakobi Meyers,Over,40.5,-115,2026-10-04T04:54:40Z
20261004T045441Z,2ea94ddf20f66432b9024fe2e2eaba5f,2026-10-04T17:00:00Z,Cincinnati Bengals,Jacksonville Jaguars,bovada,player_reception_yds,Jakobi Meyers,Under,40.5,-115,2026-10-04T04:54:40Z
20261004T045441Z,2ea94ddf20f66432b9024fe2e2eaba5f,2026-10-04T17:00:00Z,Cincinnati Bengals,Jacksonville Jaguars,bovada,player_reception_yds,Josh Cameron,Over,9.5,-110,2026-10-04T04:54:40Z
20261004T045441Z,2ea94ddf20f66432b9024fe2e2eaba5f,2026-10-04T17:00:00Z,Cincinnati Bengals,Jacksonville Jaguars,bovada,player_reception_yds,Josh Cameron,Under,9.5,-120,2026-10-04T04:54:40Z
20261004T045441Z,2ea94ddf20f66432b9024fe2e2eaba5f,2026-10-04T17:00:00Z,Cincinnati Bengals,Jacksonville Jaguars,bovada,player_reception_yds,Mike Gesicki,Over,27.5,-120,2026-10-04T04:54:40Z
20261004T045441Z,2ea94ddf20f66432b9024fe2e2eaba5f,2026-10-04T17:00:00Z,Cincinnati Bengals,Jacksonville Jaguars,bovada,player_reception_yds,Mike Gesicki,Under,27.5,-110,2026-10-04T04:54:40Z
20261004T045441Z,2ea94ddf20f66432b9024fe2e2eaba5f,2026-10-04T17:00:00Z,Cincinnati Bengals,Jacksonville Jaguars,bovada,player_reception_yds,Parker Washington,Over,76.5,-115,2026-10-04T04:54:40Z
20261004T045441Z,2ea94ddf20f66432b9024fe2e2eaba5f,2026-10-04T17:00:00Z,Cincinnati Bengals,Jacksonville Jaguars,bovada,player_reception_yds,Parker Washington,Under,76.5,-115,2026-10-04T04:54:40Z
20261004T045441Z,2ea94ddf20f66432b9024fe2e2eaba5f,2026-10-04T17:00:00Z,Cincinnati Bengals,Jacksonville Jaguars,bovada,player_reception_yds,Samaje Perine,Over,8.5,-115,2026-10-04T04:54:40Z
20261004T045441Z,2ea94ddf20f66432b9024fe2e2eaba5f,2026-10-04T17:00:00Z,Cincinnati Bengals,Jacksonville Jaguars,bovada,player_reception_yds,Samaje Perine,Under,8.5,-115,2026-10-04T04:54:40Z
20261004T045441Z,2ea94ddf20f66432b9024fe2e2eaba5f,2026-10-04T17:00:00Z,Cincinnati Bengals,Jacksonville Jaguars,bovada,player_reception_yds,Tee Higgins,Over,63.5,-115,2026-10-04T04:54:40Z
20261004T045441Z,2ea94ddf20f66432b9024fe2e2eaba5f,2026-10-04T17:00:00Z,Cincinnati Bengals,Jacksonville Jaguars,bovada,player_reception_yds,Tee Higgins,Under,63.5,-115,2026-10-04T04:54:40Z
20261004T045441Z,2ea94ddf20f66432b9024fe2e2eaba5f,2026-10-04T17:00:00Z,Cincinnati Bengals,Jacksonville Jaguars,bovada,player_receptions,Bhayshul Tuten,Over,1.5,-145,2026-10-04T04:54:40Z
20261004T045441Z,2ea94ddf20f66432b9024fe2e2eaba5f,2026-10-04T17:00:00Z,Cincinnati Bengals,Jacksonville Jaguars,bovada,player_receptions,Bhayshul Tuten,Under,1.5,110,2026-10-04T04:54:40Z
20261004T045441Z,2ea94ddf20f66432b9024fe2e2eaba5f,2026-10-04T17:00:00Z,Cincinnati Bengals,Jacksonville Jaguars,bovada,player_receptions,Brenton Strange,Over,3.5,-105,2026-10-04T04:54:40Z
20261004T045441Z,2ea94ddf20f66432b9024fe2e2eaba5f,2026-10-04T17:00:00Z,Cincinnati Bengals,Jacksonville Jaguars,bovada,player_receptions,Brenton Strange,Under,3.5,-125,2026-10-04T04:54:40Z
20261004T045441Z,2ea94ddf20f66432b9024fe2e2eaba5f,2026-10-04T17:00:00Z,Cincinnati Bengals,Jacksonville Jaguars,bovada,player_receptions,Brian Thomas Jr,Over,2.5,120,2026-10-04T04:54:40Z
20261004T045441Z,2ea94ddf20f66432b9024fe2e2eaba5f,2026-10-04T17:00:00Z,Cincinnati Bengals,Jacksonville Jaguars,bovada,player_receptions,Brian Thomas Jr,Under,2.5,-160,2026-10-04T04:54:40Z
20261004T045441Z,2ea94ddf20f66432b9024fe2e2eaba5f,2026-10-04T17:00:00Z,Cincinnati Bengals,Jacksonville Jaguars,bovada,player_receptions,Chase Brown,Over,3.5,115,2026-10-04T04:54:40Z
20261004T045441Z,2ea94ddf20f66432b9024fe2e2eaba5f,2026-10-04T17:00:00Z,Cincinnati Bengals,Jacksonville Jaguars,bovada,player_receptions,Chase Brown,Under,3.5,-150,2026-10-04T04:54:40Z
20261004T045441Z,2ea94ddf20f66432b9024fe2e2eaba5f,2026-10-04T17:00:00Z,Cincinnati Bengals,Jacksonville Jaguars,bovada,player_receptions,Dohnte Meyers,Over,2.5,130,2026-10-04T04:54:40Z
20261004T045441Z,2ea94ddf20f66432b9024fe2e2eaba5f,2026-10-04T17:00:00Z,Cincinnati Bengals,Jacksonville Jaguars,bovada,player_receptions,Dohnte Meyers,Under,2.5,-170,2026-10-04T04:54:40Z
20261004T045441Z,2ea94ddf20f66432b9024fe2e2eaba5f,2026-10-04T17:00:00Z,Cincinnati Bengals,Jacksonville Jaguars,bovada,player_receptions,Drew Sample,Over,1.5,120,2026-10-04T04:54:40Z
20261004T045441Z,2ea94ddf20f66432b9024fe2e2eaba5f,2026-10-04T17:00:00Z,Cincinnati Bengals,Jacksonville Jaguars,bovada,player_receptions,Drew Sample,Under,1.5,-160,2026-10-04T04:54:40Z
20261004T045441Z,2ea94ddf20f66432b9024fe2e2eaba5f,2026-10-04T17:00:00Z,Cincinnati Bengals,Jacksonville Jaguars,bovada,player_receptions,Ja'Marr Chase,Over,7.5,110,2026-10-04T04:54:40Z
20261004T045441Z,2ea94ddf20f66432b9024fe2e2eaba5f,2026-10-04T17:00:00Z,Cincinnati Bengals,Jacksonville Jaguars,bovada,player_receptions,Ja'Marr Chase,Under,7.5,-145,2026-10-04T04:54:40Z
20261004T045441Z,2ea94ddf20f66432b9024fe2e2eaba5f,2026-10-04T17:00:00Z,Cincinnati Bengals,Jacksonville Jaguars,bovada,player_receptions,Jakobi Meyers,Over,3.5,-130,2026-10-04T04:54:40Z
20261004T045441Z,2ea94ddf20f66432b9024fe2e2eaba5f,2026-10-04T17:00:00Z,Cincinnati Bengals,Jacksonville Jaguars,bovada,player_receptions,Jakobi Meyers,Under,3.5,100,2026-10-04T04:54:40Z
20261004T045441Z,2ea94ddf20f66432b9024fe2e2eaba5f,2026-10-04T17:00:00Z,Cincinnati Bengals,Jacksonville Jaguars,bovada,player_receptions,Josh Cameron,Over,1.5,160,2026-10-04T04:54:40Z
20261004T045441Z,2ea94ddf20f66432b9024fe2e2eaba5f,2026-10-04T17:00:00Z,Cincinnati Bengals,Jacksonville Jaguars,bovada,player_receptions,Josh Cameron,Under,1.5,-215,2026-10-04T04:54:40Z
20261004T045441Z,2ea94ddf20f66432b9024fe2e2eaba5f,2026-10-04T17:00:00Z,Cincinnati Bengals,Jacksonville Jaguars,bovada,player_receptions,Mike Gesicki,Over,2.5,-130,2026-10-04T04:54:40Z
20261004T045441Z,2ea94ddf20f66432b9024fe2e2eaba5f,2026-10-04T17:00:00Z,Cincinnati Bengals,Jacksonville Jaguars,bovada,player_receptions,Mike Gesicki,Under,2.5,100,2026-10-04T04:54:40Z
20261004T045441Z,2ea94ddf20f66432b9024fe2e2eaba5f,2026-10-04T17:00:00Z,Cincinnati Bengals,Jacksonville Jaguars,bovada,player_receptions,Parker Washington,Over,5.5,105,2026-10-04T04:54:40Z
20261004T045441Z,2ea94ddf20f66432b9024fe2e2eaba5f,2026-10-04T17:00:00Z,Cincinnati Bengals,Jacksonville Jaguars,bovada,player_receptions,Parker Washington,Under,5.5,-135,2026-10-04T04:54:40Z
20261004T045441Z,2ea94ddf20f66432b9024fe2e2eaba5f,2026-10-04T17:00:00Z,Cincinnati Bengals,Jacksonville Jaguars,bovada,player_receptions,Samaje Perine,Over,1.5,-105,2026-10-04T04:54:40Z
20261004T045441Z,2ea94ddf20f66432b9024fe2e2eaba5f,2026-10-04T17:00:00Z,Cincinnati Bengals,Jacksonville Jaguars,bovada,player_receptions,Samaje Perine,Under,1.5,-125,2026-10-04T04:54:40Z
20261004T045441Z,2ea94ddf20f66432b9024fe2e2eaba5f,2026-10-04T17:00:00Z,Cincinnati Bengals,Jacksonville Jaguars,bovada,player_receptions,Tee Higgins,Over,4.5,-110,2026-10-04T04:54:40Z
20261004T045441Z,2ea94ddf20f66432b9024fe2e2eaba5f,2026-10-04T17:00:00Z,Cincinnati Bengals,Jacksonville Jaguars,bovada,player_receptions,Tee Higgins,Under,4.5,-120,2026-10-04T04:54:40Z
20261004T045441Z,2ea94ddf20f66432b9024fe2e2eaba5f,2026-10-04T17:00:00Z,Cincinnati Bengals,Jacksonville Jaguars,bovada,player_rush_yds,Bhayshul Tuten,Over,56.5,-120,2026-10-04T04:54:40Z
20261004T045441Z,2ea94ddf20f66432b9024fe2e2eaba5f,2026-10-04T17:00:00Z,Cincinnati Bengals,Jacksonville Jaguars,bovada,player_rush_yds,Bhayshul Tuten,Under,56.5,-110,2026-10-04T04:54:40Z
20261004T045441Z,2ea94ddf20f66432b9024fe2e2eaba5f,2026-10-04T17:00:00Z,Cincinnati Bengals,Jacksonville Jaguars,bovada,player_rush_yds,Chase Brown,Over,60.5,-120,2026-10-04T04:54:40Z
20261004T045441Z,2ea94ddf20f66432b9024fe2e2eaba5f,2026-10-04T17:00:00Z,Cincinnati Bengals,Jacksonville Jaguars,bovada,player_rush_yds,Chase Brown,Under,60.5,-110,2026-10-04T04:54:40Z
20261004T045441Z,2ea94ddf20f66432b9024fe2e2eaba5f,2026-10-04T17:00:00Z,Cincinnati Bengals,Jacksonville Jaguars,bovada,player_rush_yds,Chris Rodriguez Jr.,Over,19.5,-115,2026-10-04T04:54:40Z
20261004T045441Z,2ea94ddf20f66432b9024fe2e2eaba5f,2026-10-04T17:00:00Z,Cincinnati Bengals,Jacksonville Jaguars,bovada,player_rush_yds,Chris Rodriguez Jr.,Under,19.5,-115,2026-10-04T04:54:40Z
20261004T045441Z,2ea94ddf20f66432b9024fe2e2eaba5f,2026-10-04T17:00:00Z,Cincinnati Bengals,Jacksonville Jaguars,bovada,player_rush_yds,Joe Burrow,Over,8.5,-115,2026-10-04T04:54:40Z
20261004T045441Z,2ea94ddf20f66432b9024fe2e2eaba5f,2026-10-04T17:00:00Z,Cincinnati Bengals,Jacksonville Jaguars,bovada,player_rush_yds,Joe Burrow,Under,8.5,-115,2026-10-04T04:54:40Z
20261004T045441Z,2ea94ddf20f66432b9024fe2e2eaba5f,2026-10-04T17:00:00Z,Cincinnati Bengals,Jacksonville Jaguars,bovada,player_rush_yds,Samaje Perine,Over,14.5,-115,2026-10-04T04:54:40Z
20261004T045441Z,2ea94ddf20f66432b9024fe2e2eaba5f,2026-10-04T17:00:00Z,Cincinnati Bengals,Jacksonville Jaguars,bovada,player_rush_yds,Samaje Perine,Under,14.5,-115,2026-10-04T04:54:40Z
20261004T045441Z,2ea94ddf20f66432b9024fe2e2eaba5f,2026-10-04T17:00:00Z,Cincinnati Bengals,Jacksonville Jaguars,bovada,player_rush_yds,Trevor Lawrence,Over,14.5,-115,2026-10-04T04:54:40Z
20261004T045441Z,2ea94ddf20f66432b9024fe2e2eaba5f,2026-10-04T17:00:00Z,Cincinnati Bengals,Jacksonville Jaguars,bovada,player_rush_yds,Trevor Lawrence,Under,14.5,-115,2026-10-04T04:54:40Z
20261004T045441Z,daf55e2df5341c007fee5a0fc5bbc2d4,2026-10-04T17:00:00Z,Houston Texans,Dallas Cowboys,draftkings,player_pass_yds,Dak Prescott,Over,266.5,-112,2026-10-04T04:54:00Z
20261004T045441Z,daf55e2df5341c007fee5a0fc5bbc2d4,2026-10-04T17:00:00Z,Houston Texans,Dallas Cowboys,draftkings,player_pass_yds,Dak Prescott,Under,266.5,-112,2026-10-04T04:54:00Z
20261004T045441Z,daf55e2df5341c007fee5a0fc5bbc2d4,2026-10-04T17:00:00Z,Houston Texans,Dallas Cowboys,draftkings,player_pass_yds,C.J. Stroud,Over,245.5,-112,2026-10-04T04:54:00Z
20261004T045441Z,daf55e2df5341c007fee5a0fc5bbc2d4,2026-10-04T17:00:00Z,Houston Texans,Dallas Cowboys,draftkings,player_pass_yds,C.J. Stroud,Under,245.5,-112,2026-10-04T04:54:00Z
20261004T045441Z,daf55e2df5341c007fee5a0fc5bbc2d4,2026-10-04T17:00:00Z,Houston Texans,Dallas Cowboys,draftkings,player_reception_yds,CeeDee Lamb,Over,76.5,-113,2026-10-04T04:54:00Z
20261004T045441Z,daf55e2df5341c007fee5a0fc5bbc2d4,2026-10-04T17:00:00Z,Houston Texans,Dallas Cowboys,draftkings,player_reception_yds,CeeDee Lamb,Under,76.5,-111,2026-10-04T04:54:00Z
20261004T045441Z,daf55e2df5341c007fee5a0fc5bbc2d4,2026-10-04T17:00:00Z,Houston Texans,Dallas Cowboys,draftkings,player_reception_yds,Nico Collins,Over,74.5,-110,2026-10-04T04:54:00Z
20261004T045441Z,daf55e2df5341c007fee5a0fc5bbc2d4,2026-10-04T17:00:00Z,Houston Texans,Dallas Cowboys,draftkings,player_reception_yds,Nico Collins,Under,74.5,-114,2026-10-04T04:54:00Z
20261004T045441Z,daf55e2df5341c007fee5a0fc5bbc2d4,2026-10-04T17:00:00Z,Houston Texans,Dallas Cowboys,draftkings,player_reception_yds,George Pickens,Over,68.5,-111,2026-10-04T04:54:00Z
20261004T045441Z,daf55e2df5341c007fee5a0fc5bbc2d4,2026-10-04T17:00:00Z,Houston Texans,Dallas Cowboys,draftkings,player_reception_yds,George Pickens,Under,68.5,-113,2026-10-04T04:54:00Z
20261004T045441Z,daf55e2df5341c007fee5a0fc5bbc2d4,2026-10-04T17:00:00Z,Houston Texans,Dallas Cowboys,draftkings,player_reception_yds,Dalton Schultz,Over,40.5,-113,2026-10-04T04:54:00Z
20261004T045441Z,daf55e2df5341c007fee5a0fc5bbc2d4,2026-10-04T17:00:00Z,Houston Texans,Dallas Cowboys,draftkings,player_reception_yds,Dalton Schultz,Under,40.5,-111,2026-10-04T04:54:00Z
20261004T045441Z,daf55e2df5341c007fee5a0fc5bbc2d4,2026-10-04T17:00:00Z,Houston Texans,Dallas Cowboys,draftkings,player_reception_yds,Ryan Flournoy,Over,33.5,-112,2026-10-04T04:54:00Z
20261004T045441Z,daf55e2df5341c007fee5a0fc5bbc2d4,2026-10-04T17:00:00Z,Houston Texans,Dallas Cowboys,draftkings,player_reception_yds,Ryan Flournoy,Under,33.5,-112,2026-10-04T04:54:00Z
20261004T045441Z,daf55e2df5341c007fee5a0fc5bbc2d4,2026-10-04T17:00:00Z,Houston Texans,Dallas Cowboys,draftkings,player_reception_yds,Xavier Hutchinson,Over,28.5,-109,2026-10-04T04:54:00Z
20261004T045441Z,daf55e2df5341c007fee5a0fc5bbc2d4,2026-10-04T17:00:00Z,Houston Texans,Dallas Cowboys,draftkings,player_reception_yds,Xavier Hutchinson,Under,28.5,-115,2026-10-04T04:54:00Z
20261004T045441Z,daf55e2df5341c007fee5a0fc5bbc2d4,2026-10-04T17:00:00Z,Houston Texans,Dallas Cowboys,draftkings,player_reception_yds,Jake Ferguson,Over,24.5,-110,2026-10-04T04:54:00Z
20261004T045441Z,daf55e2df5341c007fee5a0fc5bbc2d4,2026-10-04T17:00:00Z,Houston Texans,Dallas Cowboys,draftkings,player_reception_yds,Jake Ferguson,Under,24.5,-114,2026-10-04T04:54:00Z
20261004T045441Z,daf55e2df5341c007fee5a0fc5bbc2d4,2026-10-04T17:00:00Z,Houston Texans,Dallas Cowboys,draftkings,player_reception_yds,Kayshon Boutte,Over,22.5,-115,2026-10-04T04:54:00Z
20261004T045441Z,daf55e2df5341c007fee5a0fc5bbc2d4,2026-10-04T17:00:00Z,Houston Texans,Dallas Cowboys,draftkings,player_reception_yds,Kayshon Boutte,Under,22.5,-109,2026-10-04T04:54:00Z
20261004T045441Z,daf55e2df5341c007fee5a0fc5bbc2d4,2026-10-04T17:00:00Z,Houston Texans,Dallas Cowboys,draftkings,player_reception_yds,Javonte Williams,Over,13.5,-106,2026-10-04T04:54:00Z
20261004T045441Z,daf55e2df5341c007fee5a0fc5bbc2d4,2026-10-04T17:00:00Z,Houston Texans,Dallas Cowboys,draftkings,player_reception_yds,Javonte Williams,Under,13.5,-119,2026-10-04T04:54:00Z
20261004T045441Z,daf55e2df5341c007fee5a0fc5bbc2d4,2026-10-04T17:00:00Z,Houston Texans,Dallas Cowboys,draftkings,player_reception_yds,Jaylin Noel,Over,11.5,-113,2026-10-04T04:54:00Z
20261004T045441Z,daf55e2df5341c007fee5a0fc5bbc2d4,2026-10-04T17:00:00Z,Houston Texans,Dallas Cowboys,draftkings,player_reception_yds,Jaylin Noel,Under,11.5,-111,2026-10-04T04:54:00Z
20261004T045441Z,daf55e2df5341c007fee5a0fc5bbc2d4,2026-10-04T17:00:00Z,Houston Texans,Dallas Cowboys,draftkings,player_reception_yds,David Montgomery,Over,10.5,-112,2026-10-04T04:54:00Z
20261004T045441Z,daf55e2df5341c007fee5a0fc5bbc2d4,2026-10-04T17:00:00Z,Houston Texans,Dallas Cowboys,draftkings,player_reception_yds,David Montgomery,Under,10.5,-112,2026-10-04T04:54:00Z
20261004T045441Z,daf55e2df5341c007fee5a0fc5bbc2d4,2026-10-04T17:00:00Z,Houston Texans,Dallas Cowboys,draftkings,player_reception_yds,Woody Marks,Over,10.5,-112,2026-10-04T04:54:00Z
20261004T045441Z,daf55e2df5341c007fee5a0fc5bbc2d4,2026-10-04T17:00:00Z,Houston Texans,Dallas Cowboys,draftkings,player_reception_yds,Woody Marks,Under,10.5,-112,2026-10-04T04:54:00Z
20261004T045441Z,daf55e2df5341c007fee5a0fc5bbc2d4,2026-10-04T17:00:00Z,Houston Texans,Dallas Cowboys,draftkings,player_reception_yds,Foster Moreau,Over,7.5,-108,2026-10-04T04:54:00Z
20261004T045441Z,daf55e2df5341c007fee5a0fc5bbc2d4,2026-10-04T17:00:00Z,Houston Texans,Dallas Cowboys,draftkings,player_reception_yds,Foster Moreau,Under,7.5,-116,2026-10-04T04:54:00Z
20261004T045441Z,daf55e2df5341c007fee5a0fc5bbc2d4,2026-10-04T17:00:00Z,Houston Texans,Dallas Cowboys,draftkings,player_receptions,CeeDee Lamb,Over,6.5,120,2026-10-04T04:54:00Z
20261004T045441Z,daf55e2df5341c007fee5a0fc5bbc2d4,2026-10-04T17:00:00Z,Houston Texans,Dallas Cowboys,draftkings,player_receptions,CeeDee Lamb,Under,6.5,-153,2026-10-04T04:54:00Z
20261004T045441Z,daf55e2df5341c007fee5a0fc5bbc2d4,2026-10-04T17:00:00Z,Houston Texans,Dallas Cowboys,draftkings,player_receptions,Nico Collins,Over,5.5,-114,2026-10-04T04:54:00Z
20261004T045441Z,daf55e2df5341c007fee5a0fc5bbc2d4,2026-10-04T17:00:00Z,Houston Texans,Dallas Cowboys,draftkings,player_receptions,Nico Collins,Under,5.5,-112,2026-10-04T04:54:00Z
20261004T045441Z,daf55e2df5341c007fee5a0fc5bbc2d4,2026-10-04T17:00:00Z,Houston Texans,Dallas Cowboys,draftkings,player_receptions,George Pickens,Over,4.5,-144,2026-10-04T04:54:00Z
20261004T045441Z,daf55e2df5341c007fee5a0fc5bbc2d4,2026-10-04T17:00:00Z,Houston Texans,Dallas Cowboys,draftkings,player_receptions,George Pickens,Under,4.5,113,2026-10-04T04:54:00Z
20261004T045441Z,daf55e2df5341c007fee5a0fc5bbc2d4,2026-10-04T17:00:00Z,Houston Texans,Dallas Cowboys,draftkings,player_receptions,Dalton Schultz,Over,4.5,-109,2026-10-04T04:54:00Z
20261004T045441Z,daf55e2df5341c007fee5a0fc5bbc2d4,2026-10-04T17:00:00Z,Houston Texans,Dallas Cowboys,draftkings,player_receptions,Dalton Schultz,Under,4.5,-117,2026-10-04T04:54:00Z
20261004T045441Z,daf55e2df5341c007fee5a0fc5bbc2d4,2026-10-04T17:00:00Z,Houston Texans,Dallas Cowboys,draftkings,player_receptions,Jake Ferguson,Over,3.5,-108,2026-10-04T04:54:00Z
20261004T045441Z,daf55e2df5341c007fee5a0fc5bbc2d4,2026-10-04T17:00:00Z,Houston Texans,Dallas Cowboys,draftkings,player_receptions,Jake Ferguson,Under,3.5,-118,2026-10-04T04:54:00Z
20261004T045441Z,daf55e2df5341c007fee5a0fc5bbc2d4,2026-10-04T17:00:00Z,Houston Texans,Dallas Cowboys,draftkings,player_receptions,Ryan Flournoy,Over,3.5,-107,2026-10-04T04:54:00Z
20261004T045441Z,daf55e2df5341c007fee5a0fc5bbc2d4,2026-10-04T17:00:00Z,Houston Texans,Dallas Cowboys,draftkings,player_receptions,Ryan Flournoy,Under,3.5,-119,2026-10-04T04:54:00Z
20261004T045441Z,daf55e2df5341c007fee5a0fc5bbc2d4,2026-10-04T17:00:00Z,Houston Texans,Dallas Cowboys,draftkings,player_receptions,Xavier Hutchinson,Over,2.5,-127,2026-10-04T04:54:00Z
20261004T045441Z,daf55e2df5341c007fee5a0fc5bbc2d4,2026-10-04T17:00:00Z,Houston Texans,Dallas Cowboys,draftkings,player_receptions,Xavier Hutchinson,Under,2.5,-101,2026-10-04T04:54:00Z
20261004T045441Z,daf55e2df5341c007fee5a0fc5bbc2d4,2026-10-04T17:00:00Z,Houston Texans,Dallas Cowboys,draftkings,player_receptions,Javonte Williams,Over,2.5,-123,2026-10-04T04:54:00Z
20261004T045441Z,daf55e2df5341c007fee5a0fc5bbc2d4,2026-10-04T17:00:00Z,Houston Texans,Dallas Cowboys,draftkings,player_receptions,Javonte Williams,Under,2.5,-104,2026-10-04T04:54:00Z
20261004T045441Z,daf55e2df5341c007fee5a0fc5bbc2d4,2026-10-04T17:00:00Z,Houston Texans,Dallas Cowboys,draftkings,player_receptions,Kayshon Boutte,Over,2.5,143,2026-10-04T04:54:00Z
20261004T045441Z,daf55e2df5341c007fee5a0fc5bbc2d4,2026-10-04T17:00:00Z,Houston Texans,Dallas Cowboys,draftkings,player_receptions,Kayshon Boutte,Under,2.5,-183,2026-10-04T04:54:00Z
20261004T045441Z,daf55e2df5341c007fee5a0fc5bbc2d4,2026-10-04T17:00:00Z,Houston Texans,Dallas Cowboys,draftkings,player_receptions,Woody Marks,Over,1.5,-141,2026-10-04T04:54:00Z
20261004T045441Z,daf55e2df5341c007fee5a0fc5bbc2d4,2026-10-04T17:00:00Z,Houston Texans,Dallas Cowboys,draftkings,player_receptions,Woody Marks,Under,1.5,110,2026-10-04T04:54:00Z
20261004T045441Z,daf55e2df5341c007fee5a0fc5bbc2d4,2026-10-04T17:00:00Z,Houston Texans,Dallas Cowboys,draftkings,player_receptions,David Montgomery,Over,1.5,-124,2026-10-04T04:54:00Z
20261004T045441Z,daf55e2df5341c007fee5a0fc5bbc2d4,2026-10-04T17:00:00Z,Houston Texans,Dallas Cowboys,draftkings,player_receptions,David Montgomery,Under,1.5,-103,2026-10-04T04:54:00Z
20261004T045441Z,daf55e2df5341c007fee5a0fc5bbc2d4,2026-10-04T17:00:00Z,Houston Texans,Dallas Cowboys,draftkings,player_receptions,Jaylin Noel,Over,1.5,151,2026-10-04T04:54:00Z
20261004T045441Z,daf55e2df5341c007fee5a0fc5bbc2d4,2026-10-04T17:00:00Z,Houston Texans,Dallas Cowboys,draftkings,player_receptions,Jaylin Noel,Under,1.5,-194,2026-10-04T04:54:00Z
20261004T045441Z,daf55e2df5341c007fee5a0fc5bbc2d4,2026-10-04T17:00:00Z,Houston Texans,Dallas Cowboys,draftkings,player_receptions,Foster Moreau,Over,1.5,168,2026-10-04T04:54:00Z
20261004T045441Z,daf55e2df5341c007fee5a0fc5bbc2d4,2026-10-04T17:00:00Z,Houston Texans,Dallas Cowboys,draftkings,player_receptions,Foster Moreau,Under,1.5,-217,2026-10-04T04:54:00Z
20261004T045441Z,daf55e2df5341c007fee5a0fc5bbc2d4,2026-10-04T17:00:00Z,Houston Texans,Dallas Cowboys,draftkings,player_rush_yds,Javonte Williams,Over,59.5,-109,2026-10-04T04:54:00Z
20261004T045441Z,daf55e2df5341c007fee5a0fc5bbc2d4,2026-10-04T17:00:00Z,Houston Texans,Dallas Cowboys,draftkings,player_rush_yds,Javonte Williams,Under,59.5,-115,2026-10-04T04:54:00Z
20261004T045441Z,daf55e2df5341c007fee5a0fc5bbc2d4,2026-10-04T17:00:00Z,Houston Texans,Dallas Cowboys,draftkings,player_rush_yds,David Montgomery,Over,44.5,-111,2026-10-04T04:54:00Z
20261004T045441Z,daf55e2df5341c007fee5a0fc5bbc2d4,2026-10-04T17:00:00Z,Houston Texans,Dallas Cowboys,draftkings,player_rush_yds,David Montgomery,Under,44.5,-113,2026-10-04T04:54:00Z
20261004T045441Z,daf55e2df5341c007fee5a0fc5bbc2d4,2026-10-04T17:00:00Z,Houston Texans,Dallas Cowboys,draftkings,player_rush_yds,Woody Marks,Over,33.5,-113,2026-10-04T04:54:00Z
20261004T045441Z,daf55e2df5341c007fee5a0fc5bbc2d4,2026-10-04T17:00:00Z,Houston Texans,Dallas Cowboys,draftkings,player_rush_yds,Woody Marks,Under,33.5,-111,2026-10-04T04:54:00Z
20261004T045441Z,daf55e2df5341c007fee5a0fc5bbc2d4,2026-10-04T17:00:00Z,Houston Texans,Dallas Cowboys,draftkings,player_rush_yds,C.J. Stroud,Over,11.5,-111,2026-10-04T04:54:00Z
20261004T045441Z,daf55e2df5341c007fee5a0fc5bbc2d4,2026-10-04T17:00:00Z,Houston Texans,Dallas Cowboys,draftkings,player_rush_yds,C.J. Stroud,Under,11.5,-113,2026-10-04T04:54:00Z
20261004T045441Z,daf55e2df5341c007fee5a0fc5bbc2d4,2026-10-04T17:00:00Z,Houston Texans,Dallas Cowboys,draftkings,player_rush_yds,Dak Prescott,Over,10.5,-119,2026-10-04T04:54:00Z
20261004T045441Z,daf55e2df5341c007fee5a0fc5bbc2d4,2026-10-04T17:00:00Z,Houston Texans,Dallas Cowboys,draftkings,player_rush_yds,Dak Prescott,Under,10.5,-106,2026-10-04T04:54:00Z
20261004T045441Z,daf55e2df5341c007fee5a0fc5bbc2d4,2026-10-04T17:00:00Z,Houston Texans,Dallas Cowboys,fanduel,player_pass_yds,C.J. Stroud,Over,244.5,-113,2026-10-04T04:54:27Z
20261004T045441Z,daf55e2df5341c007fee5a0fc5bbc2d4,2026-10-04T17:00:00Z,Houston Texans,Dallas Cowboys,fanduel,player_pass_yds,C.J. Stroud,Under,244.5,-113,2026-10-04T04:54:27Z
20261004T045441Z,daf55e2df5341c007fee5a0fc5bbc2d4,2026-10-04T17:00:00Z,Houston Texans,Dallas Cowboys,fanduel,player_pass_yds,Dak Prescott,Over,266.5,-113,2026-10-04T04:54:27Z
20261004T045441Z,daf55e2df5341c007fee5a0fc5bbc2d4,2026-10-04T17:00:00Z,Houston Texans,Dallas Cowboys,fanduel,player_pass_yds,Dak Prescott,Under,266.5,-113,2026-10-04T04:54:27Z
20261004T045441Z,daf55e2df5341c007fee5a0fc5bbc2d4,2026-10-04T17:00:00Z,Houston Texans,Dallas Cowboys,fanduel,player_reception_yds,Jaylin Noel,Over,11.5,-113,2026-10-04T04:54:27Z
20261004T045441Z,daf55e2df5341c007fee5a0fc5bbc2d4,2026-10-04T17:00:00Z,Houston Texans,Dallas Cowboys,fanduel,player_reception_yds,Jaylin Noel,Under,11.5,-113,2026-10-04T04:54:27Z
20261004T045441Z,daf55e2df5341c007fee5a0fc5bbc2d4,2026-10-04T17:00:00Z,Houston Texans,Dallas Cowboys,fanduel,player_reception_yds,Ryan Flournoy,Over,33.5,-113,2026-10-04T04:54:27Z
20261004T045441Z,daf55e2df5341c007fee5a0fc5bbc2d4,2026-10-04T17:00:00Z,Houston Texans,Dallas Cowboys,fanduel,player_reception_yds,Ryan Flournoy,Under,33.5,-113,2026-10-04T04:54:27Z
20261004T045441Z,daf55e2df5341c007fee5a0fc5bbc2d4,2026-10-04T17:00:00Z,Houston Texans,Dallas Cowboys,fanduel,player_reception_yds,George Pickens,Over,68.5,-113,2026-10-04T04:54:27Z
20261004T045441Z,daf55e2df5341c007fee5a0fc5bbc2d4,2026-10-04T17:00:00Z,Houston Texans,Dallas Cowboys,fanduel,player_reception_yds,George Pickens,Under,68.5,-113,2026-10-04T04:54:27Z
20261004T045441Z,daf55e2df5341c007fee5a0fc5bbc2d4,2026-10-04T17:00:00Z,Houston Texans,Dallas Cowboys,fanduel,player_reception_yds,Woody Marks,Over,9.5,-113,2026-10-04T04:54:27Z
20261004T045441Z,daf55e2df5341c007fee5a0fc5bbc2d4,2026-10-04T17:00:00Z,Houston Texans,Dallas Cowboys,fanduel,player_reception_yds,Woody Marks,Under,9.5,-113,2026-10-04T04:54:27Z
20261004T045441Z,daf55e2df5341c007fee5a0fc5bbc2d4,2026-10-04T17:00:00Z,Houston Texans,Dallas Cowboys,fanduel,player_reception_yds,Javonte Williams,Over,13.5,-113,2026-10-04T04:54:27Z
20261004T045441Z,daf55e2df5341c007fee5a0fc5bbc2d4,2026-10-04T17:00:00Z,Houston Texans,Dallas Cowboys,fanduel,player_reception_yds,Javonte Williams,Under,13.5,-113,2026-10-04T04:54:27Z
20261004T045441Z,daf55e2df5341c007fee5a0fc5bbc2d4,2026-10-04T17:00:00Z,Houston Texans,Dallas Cowboys,fanduel,player_reception_yds,David Montgomery,Over,10.5,-113,2026-10-04T04:54:27Z
20261004T045441Z,daf55e2df5341c007fee5a0fc5bbc2d4,2026-10-04T17:00:00Z,Houston Texans,Dallas Cowboys,fanduel,player_reception_yds,David Montgomery,Under,10.5,-113,2026-10-04T04:54:27Z
20261004T045441Z,daf55e2df5341c007fee5a0fc5bbc2d4,2026-10-04T17:00:00Z,Houston Texans,Dallas Cowboys,fanduel,player_reception_yds,Nico Collins,Over,72.5,-113,2026-10-04T04:54:27Z
20261004T045441Z,daf55e2df5341c007fee5a0fc5bbc2d4,2026-10-04T17:00:00Z,Houston Texans,Dallas Cowboys,fanduel,player_reception_yds,Nico Collins,Under,72.5,-113,2026-10-04T04:54:27Z
20261004T045441Z,daf55e2df5341c007fee5a0fc5bbc2d4,2026-10-04T17:00:00Z,Houston Texans,Dallas Cowboys,fanduel,player_reception_yds,Foster Moreau,Over,6.5,-113,2026-10-04T04:54:27Z
20261004T045441Z,daf55e2df5341c007fee5a0fc5bbc2d4,2026-10-04T17:00:00Z,Houston Texans,Dallas Cowboys,fanduel,player_reception_yds,Foster Moreau,Under,6.5,-113,2026-10-04T04:54:27Z
20261004T045441Z,daf55e2df5341c007fee5a0fc5bbc2d4,2026-10-04T17:00:00Z,Houston Texans,Dallas Cowboys,fanduel,player_reception_yds,Xavier Hutchinson,Over,27.5,-113,2026-10-04T04:54:27Z
20261004T045441Z,daf55e2df5341c007fee5a0fc5bbc2d4,2026-10-04T17:00:00Z,Houston Texans,Dallas Cowboys,fanduel,player_reception_yds,Xavier Hutchinson,Under,27.5,-113,2026-10-04T04:54:27Z
20261004T045441Z,daf55e2df5341c007fee5a0fc5bbc2d4,2026-10-04T17:00:00Z,Houston Texans,Dallas Cowboys,fanduel,player_reception_yds,Jake Ferguson,Over,23.5,-113,2026-10-04T04:54:27Z
20261004T045441Z,daf55e2df5341c007fee5a0fc5bbc2d4,2026-10-04T17:00:00Z,Houston Texans,Dallas Cowboys,fanduel,player_reception_yds,Jake Ferguson,Under,23.5,-113,2026-10-04T04:54:27Z
20261004T045441Z,daf55e2df5341c007fee5a0fc5bbc2d4,2026-10-04T17:00:00Z,Houston Texans,Dallas Cowboys,fanduel,player_reception_yds,CeeDee Lamb,Over,76.5,-113,2026-10-04T04:54:27Z
20261004T045441Z,daf55e2df5341c007fee5a0fc5bbc2d4,2026-10-04T17:00:00Z,Houston Texans,Dallas Cowboys,fanduel,player_reception_yds,CeeDee Lamb,Under,76.5,-113,2026-10-04T04:54:27Z
20261004T045441Z,daf55e2df5341c007fee5a0fc5bbc2d4,2026-10-04T17:00:00Z,Houston Texans,Dallas Cowboys,fanduel,player_reception_yds,Dalton Schultz,Over,40.5,-113,2026-10-04T04:54:27Z
20261004T045441Z,daf55e2df5341c007fee5a0fc5bbc2d4,2026-10-04T17:00:00Z,Houston Texans,Dallas Cowboys,fanduel,player_reception_yds,Dalton Schultz,Under,40.5,-113,2026-10-04T04:54:27Z
20261004T045441Z,daf55e2df5341c007fee5a0fc5bbc2d4,2026-10-04T17:00:00Z,Houston Texans,Dallas Cowboys,fanduel,player_reception_yds,Kayshon Boutte,Over,23.5,-113,2026-10-04T04:54:27Z
20261004T045441Z,daf55e2df5341c007fee5a0fc5bbc2d4,2026-10-04T17:00:00Z,Houston Texans,Dallas Cowboys,fanduel,player_reception_yds,Kayshon Boutte,Under,23.5,-113,2026-10-04T04:54:27Z
20261004T045441Z,daf55e2df5341c007fee5a0fc5bbc2d4,2026-10-04T17:00:00Z,Houston Texans,Dallas Cowboys,fanduel,player_receptions,Dalton Schultz,Over,4.5,-110,2026-10-04T04:54:27Z
20261004T045441Z,daf55e2df5341c007fee5a0fc5bbc2d4,2026-10-04T17:00:00Z,Houston Texans,Dallas Cowboys,fanduel,player_receptions,Dalton Schultz,Under,4.5,-120,2026-10-04T04:54:27Z
20261004T045441Z,daf55e2df5341c007fee5a0fc5bbc2d4,2026-10-04T17:00:00Z,Houston Texans,Dallas Cowboys,fanduel,player_receptions,Jake Ferguson,Over,3.5,100,2026-10-04T04:54:27Z
20261004T045441Z,daf55e2df5341c007fee5a0fc5bbc2d4,2026-10-04T17:00:00Z,Houston Texans,Dallas Cowboys,fanduel,player_receptions,Jake Ferguson,Under,3.5,-132,2026-10-04T04:54:27Z
20261004T045441Z,daf55e2df5341c007fee5a0fc5bbc2d4,2026-10-04T17:00:00Z,Houston Texans,Dallas Cowboys,fanduel,player_receptions,Nico Collins,Over,5.5,102,2026-10-04T04:54:27Z
20261004T045441Z,daf55e2df5341c007fee5a0fc5bbc2d4,2026-10-04T17:00:00Z,Houston Texans,Dallas Cowboys,fanduel,player_receptions,Nico Collins,Under,5.5,-136,2026-10-04T04:54:27Z
20261004T045441Z,daf55e2df5341c007fee5a0fc5bbc2d4,2026-10-04T17:00:00Z,Houston Texans,Dallas Cowboys,fanduel,player_receptions,Woody Marks,Over,1.5,-130,2026-10-04T04:54:27Z
20261004T045441Z,daf55e2df5341c007fee5a0fc5bbc2d4,2026-10-04T17:00:00Z,Houston Texans,Dallas Cowboys,fanduel,player_receptions,Woody Marks,Under,1.5,-102,2026-10-04T04:54:27Z
20261004T045441Z,daf55e2df5341c007fee5a0fc5bbc2d4,2026-10-04T17:00:00Z,Houston Texans,Dallas Cowboys,fanduel,player_receptions,George Pickens,Over,4.5,-144,2026-10-04T04:54:27Z
20261004T045441Z,daf55e2df5341c007fee5a0fc5bbc2d4,2026-10-04T17:00:00Z,Houston Texans,Dallas Cowboys,fanduel,player_receptions,George Pickens,Under,4.5,108,2026-10-04T04:54:27Z
20261004T045441Z,daf55e2df5341c007fee5a0fc5bbc2d4,2026-10-04T17:00:00Z,Houston Texans,Dallas Cowboys,fanduel,player_receptions,Ryan Flournoy,Over,3.5,102,2026-10-04T04:54:27Z
20261004T045441Z,daf55e2df5341c007fee5a0fc5bbc2d4,2026-10-04T17:00:00Z,Houston Texans,Dallas Cowboys,fanduel,player_receptions,Ryan Flournoy,Under,3.5,-136,2026-10-04T04:54:27Z
20261004T045441Z,daf55e2df5341c007fee5a0fc5bbc2d4,2026-10-04T17:00:00Z,Houston Texans,Dallas Cowboys,fanduel,player_receptions,Xavier Hutchinson,Over,2.5,-130,2026-10-04T04:54:27Z
20261004T045441Z,daf55e2df5341c007fee5a0fc5bbc2d4,2026-10-04T17:00:00Z,Houston Texans,Dallas Cowboys,fanduel,player_receptions,Xavier Hutchinson,Under,2.5,-102,2026-10-04T04:54:27Z
20261004T045441Z,daf55e2df5341c007fee5a0fc5bbc2d4,2026-10-04T17:00:00Z,Houston Texans,Dallas Cowboys,fanduel,player_receptions,Jaylin Noel,Over,1.5,148,2026-10-04T04:54:27Z
20261004T045441Z,daf55e2df5341c007fee5a0fc5bbc2d4,2026-10-04T17:00:00Z,Houston Texans,Dallas Cowboys,fanduel,player_receptions,Jaylin Noel,Under,1.5,-200,2026-10-04T04:54:27Z
20261004T045441Z,daf55e2df5341c007fee5a0fc5bbc2d4,2026-10-04T17:00:00Z,Houston Texans,Dallas Cowboys,fanduel,player_receptions,David Montgomery,Over,1.5,-128,2026-10-04T04:54:27Z
20261004T045441Z,daf55e2df5341c007fee5a0fc5bbc2d4,2026-10-04T17:00:00Z,Houston Texans,Dallas Cowboys,fanduel,player_receptions,David Montgomery,Under,1.5,-104,2026-10-04T04:54:27Z
20261004T045441Z,daf55e2df5341c007fee5a0fc5bbc2d4,2026-10-04T17:00:00Z,Houston Texans,Dallas Cowboys,fanduel,player_receptions,CeeDee Lamb,Over,5.5,-130,2026-10-04T04:54:27Z
20261004T045441Z,daf55e2df5341c007fee5a0fc5bbc2d4,2026-10-04T17:00:00Z,Houston Texans,Dallas Cowboys,fanduel,player_receptions,CeeDee Lamb,Under,5.5,-102,2026-10-04T04:54:27Z
20261004T045441Z,daf55e2df5341c007fee5a0fc5bbc2d4,2026-10-04T17:00:00Z,Houston Texans,Dallas Cowboys,fanduel,player_receptions,Kayshon Boutte,Over,2.5,154,2026-10-04T04:54:27Z
20261004T045441Z,daf55e2df5341c007fee5a0fc5bbc2d4,2026-10-04T17:00:00Z,Houston Texans,Dallas Cowboys,fanduel,player_receptions,Kayshon Boutte,Under,2.5,-210,2026-10-04T04:54:27Z
20261004T045441Z,daf55e2df5341c007fee5a0fc5bbc2d4,2026-10-04T17:00:00Z,Houston Texans,Dallas Cowboys,fanduel,player_receptions,Foster Moreau,Over,1.5,154,2026-10-04T04:54:27Z
20261004T045441Z,daf55e2df5341c007fee5a0fc5bbc2d4,2026-10-04T17:00:00Z,Houston Texans,Dallas Cowboys,fanduel,player_receptions,Foster Moreau,Under,1.5,-210,2026-10-04T04:54:27Z
20261004T045441Z,daf55e2df5341c007fee5a0fc5bbc2d4,2026-10-04T17:00:00Z,Houston Texans,Dallas Cowboys,fanduel,player_receptions,Javonte Williams,Over,2.5,-130,2026-10-04T04:54:27Z
20261004T045441Z,daf55e2df5341c007fee5a0fc5bbc2d4,2026-10-04T17:00:00Z,Houston Texans,Dallas Cowboys,fanduel,player_receptions,Javonte Williams,Under,2.5,-102,2026-10-04T04:54:27Z
20261004T045441Z,daf55e2df5341c007fee5a0fc5bbc2d4,2026-10-04T17:00:00Z,Houston Texans,Dallas Cowboys,fanduel,player_rush_yds,David Montgomery,Over,44.5,-113,2026-10-04T04:54:27Z
20261004T045441Z,daf55e2df5341c007fee5a0fc5bbc2d4,2026-10-04T17:00:00Z,Houston Texans,Dallas Cowboys,fanduel,player_rush_yds,David Montgomery,Under,44.5,-113,2026-10-04T04:54:27Z
20261004T045441Z,daf55e2df5341c007fee5a0fc5bbc2d4,2026-10-04T17:00:00Z,Houston Texans,Dallas Cowboys,fanduel,player_rush_yds,Woody Marks,Over,33.5,-113,2026-10-04T04:54:27Z
20261004T045441Z,daf55e2df5341c007fee5a0fc5bbc2d4,2026-10-04T17:00:00Z,Houston Texans,Dallas Cowboys,fanduel,player_rush_yds,Woody Marks,Under,33.5,-113,2026-10-04T04:54:27Z
20261004T045441Z,daf55e2df5341c007fee5a0fc5bbc2d4,2026-10-04T17:00:00Z,Houston Texans,Dallas Cowboys,fanduel,player_rush_yds,C.J. Stroud,Over,11.5,-113,2026-10-04T04:54:27Z
20261004T045441Z,daf55e2df5341c007fee5a0fc5bbc2d4,2026-10-04T17:00:00Z,Houston Texans,Dallas Cowboys,fanduel,player_rush_yds,C.J. Stroud,Under,11.5,-113,2026-10-04T04:54:27Z
20261004T045441Z,daf55e2df5341c007fee5a0fc5bbc2d4,2026-10-04T17:00:00Z,Houston Texans,Dallas Cowboys,fanduel,player_rush_yds,Javonte Williams,Over,59.5,-113,2026-10-04T04:54:27Z
20261004T045441Z,daf55e2df5341c007fee5a0fc5bbc2d4,2026-10-04T17:00:00Z,Houston Texans,Dallas Cowboys,fanduel,player_rush_yds,Javonte Williams,Under,59.5,-113,2026-10-04T04:54:27Z
20261004T045441Z,daf55e2df5341c007fee5a0fc5bbc2d4,2026-10-04T17:00:00Z,Houston Texans,Dallas Cowboys,fanduel,player_rush_yds,Dak Prescott,Over,9.5,-113,2026-10-04T04:54:27Z
20261004T045441Z,daf55e2df5341c007fee5a0fc5bbc2d4,2026-10-04T17:00:00Z,Houston Texans,Dallas Cowboys,fanduel,player_rush_yds,Dak Prescott,Under,9.5,-113,2026-10-04T04:54:27Z
20261004T045441Z,daf55e2df5341c007fee5a0fc5bbc2d4,2026-10-04T17:00:00Z,Houston Texans,Dallas Cowboys,betonlineag,player_pass_yds,Dak Prescott,Over,266.5,-114,2026-10-04T04:53:57Z
20261004T045441Z,daf55e2df5341c007fee5a0fc5bbc2d4,2026-10-04T17:00:00Z,Houston Texans,Dallas Cowboys,betonlineag,player_pass_yds,Dak Prescott,Under,266.5,-114,2026-10-04T04:53:57Z
20261004T045441Z,daf55e2df5341c007fee5a0fc5bbc2d4,2026-10-04T17:00:00Z,Houston Texans,Dallas Cowboys,betonlineag,player_pass_yds,C.J. Stroud,Over,246.5,-116,2026-10-04T04:53:57Z
20261004T045441Z,daf55e2df5341c007fee5a0fc5bbc2d4,2026-10-04T17:00:00Z,Houston Texans,Dallas Cowboys,betonlineag,player_pass_yds,C.J. Stroud,Under,246.5,-111,2026-10-04T04:53:57Z
20261004T045441Z,daf55e2df5341c007fee5a0fc5bbc2d4,2026-10-04T17:00:00Z,Houston Texans,Dallas Cowboys,betonlineag,player_reception_yds,Javonte Williams,Over,13.5,-114,2026-10-04T04:53:57Z
20261004T045441Z,daf55e2df5341c007fee5a0fc5bbc2d4,2026-10-04T17:00:00Z,Houston Texans,Dallas Cowboys,betonlineag,player_reception_yds,Javonte Williams,Under,13.5,-114,2026-10-04T04:53:57Z
20261004T045441Z,daf55e2df5341c007fee5a0fc5bbc2d4,2026-10-04T17:00:00Z,Houston Texans,Dallas Cowboys,betonlineag,player_reception_yds,CeeDee Lamb,Over,76.5,-114,2026-10-04T04:53:57Z
20261004T045441Z,daf55e2df5341c007fee5a0fc5bbc2d4,2026-10-04T17:00:00Z,Houston Texans,Dallas Cowboys,betonlineag,player_reception_yds,CeeDee Lamb,Under,76.5,-114,2026-10-04T04:53:57Z
20261004T045441Z,daf55e2df5341c007fee5a0fc5bbc2d4,2026-10-04T17:00:00Z,Houston Texans,Dallas Cowboys,betonlineag,player_reception_yds,Jake Ferguson,Over,24.5,-114,2026-10-04T04:53:57Z
20261004T045441Z,daf55e2df5341c007fee5a0fc5bbc2d4,2026-10-04T17:00:00Z,Houston Texans,Dallas Cowboys,betonlineag,player_reception_yds,Jake Ferguson,Under,24.5,-114,2026-10-04T04:53:57Z
20261004T045441Z,daf55e2df5341c007fee5a0fc5bbc2d4,2026-10-04T17:00:00Z,Houston Texans,Dallas Cowboys,betonlineag,player_reception_yds,Nico Collins,Over,72.5,-115,2026-10-04T04:53:57Z
20261004T045441Z,daf55e2df5341c007fee5a0fc5bbc2d4,2026-10-04T17:00:00Z,Houston Texans,Dallas Cowboys,betonlineag,player_reception_yds,Nico Collins,Under,72.5,-112,2026-10-04T04:53:57Z
20261004T045441Z,daf55e2df5341c007fee5a0fc5bbc2d4,2026-10-04T17:00:00Z,Houston Texans,Dallas Cowboys,betonlineag,player_reception_yds,Ryan Flournoy,Over,33.5,-116,2026-10-04T04:53:57Z
20261004T045441Z,daf55e2df5341c007fee5a0fc5bbc2d4,2026-10-04T17:00:00Z,Houston Texans,Dallas Cowboys,betonlineag,player_reception_yds,Ryan Flournoy,Under,33.5,-111,2026-10-04T04:53:57Z
20261004T045441Z,daf55e2df5341c007fee5a0fc5bbc2d4,2026-10-04T17:00:00Z,Houston Texans,Dallas Cowboys,betonlineag,player_reception_yds,David Montgomery,Over,10.5,-112,2026-10-04T04:53:57Z
20261004T045441Z,daf55e2df5341c007fee5a0fc5bbc2d4,2026-10-04T17:00:00Z,Houston Texans,Dallas Cowboys,betonlineag,player_reception_yds,David Montgomery,Under,10.5,-115,2026-10-04T04:53:57Z
20261004T045441Z,daf55e2df5341c007fee5a0fc5bbc2d4,2026-10-04T17:00:00Z,Houston Texans,Dallas Cowboys,betonlineag,player_reception_yds,Woody Marks,Over,9.5,-116,2026-10-04T04:53:57Z
20261004T045441Z,daf55e2df5341c007fee5a0fc5bbc2d4,2026-10-04T17:00:00Z,Houston Texans,Dallas Cowboys,betonlineag,player_reception_yds,Woody Marks,Under,9.5,-111,2026-10-04T04:53:57Z
20261004T045441Z,daf55e2df5341c007fee5a0fc5bbc2d4,2026-10-04T17:00:00Z,Houston Texans,Dallas Cowboys,betonlineag,player_reception_yds,George Pickens,Over,68.5,-115,2026-10-04T04:53:57Z
20261004T045441Z,daf55e2df5341c007fee5a0fc5bbc2d4,2026-10-04T17:00:00Z,Houston Texans,Dallas Cowboys,betonlineag,player_reception_yds,George Pickens,Under,68.5,-112,2026-10-04T04:53:57Z
20261004T045441Z,daf55e2df5341c007fee5a0fc5bbc2d4,2026-10-04T17:00:00Z,Houston Texans,Dallas Cowboys,betonlineag,player_reception_yds,Kayshon Boutte,Over,23.5,-116,2026-10-04T04:53:57Z
20261004T045441Z,daf55e2df5341c007fee5a0fc5bbc2d4,2026-10-04T17:00:00Z,Houston Texans,Dallas Cowboys,betonlineag,player_reception_yds,Kayshon Boutte,Under,23.5,-111,2026-10-04T04:53:57Z
20261004T045441Z,daf55e2df5341c007fee5a0fc5bbc2d4,2026-10-04T17:00:00Z,Houston Texans,Dallas Cowboys,betonlineag,player_reception_yds,Xavier Hutchinson,Over,28.5,-114,2026-10-04T04:53:57Z
20261004T045441Z,daf55e2df5341c007fee5a0fc5bbc2d4,2026-10-04T17:00:00Z,Houston Texans,Dallas Cowboys,betonlineag,player_reception_yds,Xavier Hutchinson,Under,28.5,-114,2026-10-04T04:53:57Z
20261004T045441Z,daf55e2df5341c007fee5a0fc5bbc2d4,2026-10-04T17:00:00Z,Houston Texans,Dallas Cowboys,betonlineag,player_reception_yds,Jaylin Noel,Over,11.5,-116,2026-10-04T04:53:57Z
20261004T045441Z,daf55e2df5341c007fee5a0fc5bbc2d4,2026-10-04T17:00:00Z,Houston Texans,Dallas Cowboys,betonlineag,player_reception_yds,Jaylin Noel,Under,11.5,-111,2026-10-04T04:53:57Z
20261004T045441Z,daf55e2df5341c007fee5a0fc5bbc2d4,2026-10-04T17:00:00Z,Houston Texans,Dallas Cowboys,betonlineag,player_reception_yds,Foster Moreau,Over,7.5,-118,2026-10-04T04:53:57Z
20261004T045441Z,daf55e2df5341c007fee5a0fc5bbc2d4,2026-10-04T17:00:00Z,Houston Texans,Dallas Cowboys,betonlineag,player_reception_yds,Foster Moreau,Under,7.5,-110,2026-10-04T04:53:57Z
20261004T045441Z,daf55e2df5341c007fee5a0fc5bbc2d4,2026-10-04T17:00:00Z,Houston Texans,Dallas Cowboys,betonlineag,player_reception_yds,Dalton Schultz,Over,38.5,-114,2026-10-04T04:53:57Z
20261004T045441Z,daf55e2df5341c007fee5a0fc5bbc2d4,2026-10-04T17:00:00Z,Houston Texans,Dallas Cowboys,betonlineag,player_reception_yds,Dalton Schultz,Under,38.5,-114,2026-10-04T04:53:57Z
20261004T045441Z,daf55e2df5341c007fee5a0fc5bbc2d4,2026-10-04T17:00:00Z,Houston Texans,Dallas Cowboys,betonlineag,player_receptions,Javonte Williams,Over,2.5,-123,2026-10-04T04:53:57Z
20261004T045441Z,daf55e2df5341c007fee5a0fc5bbc2d4,2026-10-04T17:00:00Z,Houston Texans,Dallas Cowboys,betonlineag,player_receptions,Javonte Williams,Under,2.5,-105,2026-10-04T04:53:57Z
20261004T045441Z,daf55e2df5341c007fee5a0fc5bbc2d4,2026-10-04T17:00:00Z,Houston Texans,Dallas Cowboys,betonlineag,player_receptions,Jake Ferguson,Over,3.5,-103,2026-10-04T04:53:57Z
20261004T045441Z,daf55e2df5341c007fee5a0fc5bbc2d4,2026-10-04T17:00:00Z,Houston Texans,Dallas Cowboys,betonlineag,player_receptions,Jake Ferguson,Under,3.5,-125,2026-10-04T04:53:57Z
20261004T045441Z,daf55e2df5341c007fee5a0fc5bbc2d4,2026-10-04T17:00:00Z,Houston Texans,Dallas Cowboys,betonlineag,player_receptions,George Pickens,Over,4.5,-145,2026-10-04T04:53:57Z
20261004T045441Z,daf55e2df5341c007fee5a0fc5bbc2d4,2026-10-04T17:00:00Z,Houston Texans,Dallas Cowboys,betonlineag,player_receptions,George Pickens,Under,4.5,112,2026-10-04T04:53:57Z
20261004T045441Z,daf55e2df5341c007fee5a0fc5bbc2d4,2026-10-04T17:00:00Z,Houston Texans,Dallas Cowboys,betonlineag,player_receptions,CeeDee Lamb,Over,5.5,-139,2026-10-04T04:53:57Z
20261004T045441Z,daf55e2df5341c007fee5a0fc5bbc2d4,2026-10-04T17:00:00Z,Houston Texans,Dallas Cowboys,betonlineag,player_receptions,CeeDee Lamb,Under,5.5,107,2026-10-04T04:53:57Z
20261004T045441Z,daf55e2df5341c007fee5a0fc5bbc2d4,2026-10-04T17:00:00Z,Houston Texans,Dallas Cowboys,betonlineag,player_receptions,Nico Collins,Over,5.5,102,2026-10-04T04:53:57Z
20261004T045441Z,daf55e2df5341c007fee5a0fc5bbc2d4,2026-10-04T17:00:00Z,Houston Texans,Dallas Cowboys,betonlineag,player_receptions,Nico Collins,Under,5.5,-132,2026-10-04T04:53:57Z
20261004T045441Z,daf55e2df5341c007fee5a0fc5bbc2d4,2026-10-04T17:00:00Z,Houston Texans,Dallas Cowboys,betonlineag,player_receptions,David Montgomery,Over,1.5,-127,2026-10-04T04:53:57Z
20261004T045441Z,daf55e2df5341c007fee5a0fc5bbc2d4,2026-10-04T17:00:00Z,Houston Texans,Dallas Cowboys,betonlineag,player_receptions,David Montgomery,Under,1.5,-102,2026-10-04T04:53:57Z
20261004T045441Z,daf55e2df5341c007fee5a0fc5bbc2d4,2026-10-04T17:00:00Z,Houston Texans,Dallas Cowboys,betonlineag,player_receptions,Ryan Flournoy,Over,3.5,100,2026-10-04T04:53:57Z
20261004T045441Z,daf55e2df5341c007fee5a0fc5bbc2d4,2026-10-04T17:00:00Z,Houston Texans,Dallas Cowboys,betonlineag,player_receptions,Ryan Flournoy,Under,3.5,-130,2026-10-04T04:53:57Z
20261004T045441Z,daf55e2df5341c007fee5a0fc5bbc2d4,2026-10-04T17:00:00Z,Houston Texans,Dallas Cowboys,betonlineag,player_receptions,Dalton Schultz,Over,4.5,100,2026-10-04T04:53:57Z
20261004T045441Z,daf55e2df5341c007fee5a0fc5bbc2d4,2026-10-04T17:00:00Z,Houston Texans,Dallas Cowboys,betonlineag,player_receptions,Dalton Schultz,Under,4.5,-130,2026-10-04T04:53:57Z
20261004T045441Z,daf55e2df5341c007fee5a0fc5bbc2d4,2026-10-04T17:00:00Z,Houston Texans,Dallas Cowboys,betonlineag,player_receptions,Woody Marks,Over,1.5,-135,2026-10-04T04:53:57Z
20261004T045441Z,daf55e2df5341c007fee5a0fc5bbc2d4,2026-10-04T17:00:00Z,Houston Texans,Dallas Cowboys,betonlineag,player_receptions,Woody Marks,Under,1.5,105,2026-10-04T04:53:57Z
20261004T045441Z,daf55e2df5341c007fee5a0fc5bbc2d4,2026-10-04T17:00:00Z,Houston Texans,Dallas Cowboys,betonlineag,player_receptions,Jaylin Noel,Over,1.5,149,2026-10-04T04:53:57Z
20261004T045441Z,daf55e2df5341c007fee5a0fc5bbc2d4,2026-10-04T17:00:00Z,Houston Texans,Dallas Cowboys,betonlineag,player_receptions,Jaylin Noel,Under,1.5,-196,2026-10-04T04:53:57Z
20261004T045441Z,daf55e2df5341c007fee5a0fc5bbc2d4,2026-10-04T17:00:00Z,Houston Texans,Dallas Cowboys,betonlineag,player_receptions,Xavier Hutchinson,Over,2.5,-120,2026-10-04T04:53:57Z
20261004T045441Z,daf55e2df5341c007fee5a0fc5bbc2d4,2026-10-04T17:00:00Z,Houston Texans,Dallas Cowboys,betonlineag,player_receptions,Xavier Hutchinson,Under,2.5,-108,2026-10-04T04:53:57Z
20261004T045441Z,daf55e2df5341c007fee5a0fc5bbc2d4,2026-10-04T17:00:00Z,Houston Texans,Dallas Cowboys,betonlineag,player_receptions,Kayshon Boutte,Over,2.5,146,2026-10-04T04:53:57Z
20261004T045441Z,daf55e2df5341c007fee5a0fc5bbc2d4,2026-10-04T17:00:00Z,Houston Texans,Dallas Cowboys,betonlineag,player_receptions,Kayshon Boutte,Under,2.5,-192,2026-10-04T04:53:57Z
20261004T045441Z,daf55e2df5341c007fee5a0fc5bbc2d4,2026-10-04T17:00:00Z,Houston Texans,Dallas Cowboys,betonlineag,player_receptions,Foster Moreau,Over,1.5,167,2026-10-04T04:53:57Z
20261004T045441Z,daf55e2df5341c007fee5a0fc5bbc2d4,2026-10-04T17:00:00Z,Houston Texans,Dallas Cowboys,betonlineag,player_receptions,Foster Moreau,Under,1.5,-222,2026-10-04T04:53:57Z
20261004T045441Z,daf55e2df5341c007fee5a0fc5bbc2d4,2026-10-04T17:00:00Z,Houston Texans,Dallas Cowboys,betonlineag,player_rush_yds,C.J. Stroud,Over,11.5,-114,2026-10-04T04:53:57Z
20261004T045441Z,daf55e2df5341c007fee5a0fc5bbc2d4,2026-10-04T17:00:00Z,Houston Texans,Dallas Cowboys,betonlineag,player_rush_yds,C.J. Stroud,Under,11.5,-114,2026-10-04T04:53:57Z
20261004T045441Z,daf55e2df5341c007fee5a0fc5bbc2d4,2026-10-04T17:00:00Z,Houston Texans,Dallas Cowboys,betonlineag,player_rush_yds,Dak Prescott,Over,10.5,-116,2026-10-04T04:53:57Z
20261004T045441Z,daf55e2df5341c007fee5a0fc5bbc2d4,2026-10-04T17:00:00Z,Houston Texans,Dallas Cowboys,betonlineag,player_rush_yds,Dak Prescott,Under,10.5,-111,2026-10-04T04:53:57Z
20261004T045441Z,daf55e2df5341c007fee5a0fc5bbc2d4,2026-10-04T17:00:00Z,Houston Texans,Dallas Cowboys,betonlineag,player_rush_yds,Woody Marks,Over,33.5,-114,2026-10-04T04:53:57Z
20261004T045441Z,daf55e2df5341c007fee5a0fc5bbc2d4,2026-10-04T17:00:00Z,Houston Texans,Dallas Cowboys,betonlineag,player_rush_yds,Woody Marks,Under,33.5,-114,2026-10-04T04:53:57Z
20261004T045441Z,daf55e2df5341c007fee5a0fc5bbc2d4,2026-10-04T17:00:00Z,Houston Texans,Dallas Cowboys,betonlineag,player_rush_yds,Javonte Williams,Over,59.5,-115,2026-10-04T04:53:57Z
20261004T045441Z,daf55e2df5341c007fee5a0fc5bbc2d4,2026-10-04T17:00:00Z,Houston Texans,Dallas Cowboys,betonlineag,player_rush_yds,Javonte Williams,Under,59.5,-112,2026-10-04T04:53:57Z
20261004T045441Z,daf55e2df5341c007fee5a0fc5bbc2d4,2026-10-04T17:00:00Z,Houston Texans,Dallas Cowboys,betonlineag,player_rush_yds,David Montgomery,Over,43.5,-125,2026-10-04T04:53:57Z
20261004T045441Z,daf55e2df5341c007fee5a0fc5bbc2d4,2026-10-04T17:00:00Z,Houston Texans,Dallas Cowboys,betonlineag,player_rush_yds,David Montgomery,Under,43.5,-103,2026-10-04T04:53:57Z
20261004T045441Z,daf55e2df5341c007fee5a0fc5bbc2d4,2026-10-04T17:00:00Z,Houston Texans,Dallas Cowboys,betrivers,player_pass_yds,C.J. Stroud,Over,242.5,-115,2026-10-04T04:54:00Z
20261004T045441Z,daf55e2df5341c007fee5a0fc5bbc2d4,2026-10-04T17:00:00Z,Houston Texans,Dallas Cowboys,betrivers,player_pass_yds,C.J. Stroud,Under,242.5,-115,2026-10-04T04:54:00Z
20261004T045441Z,daf55e2df5341c007fee5a0fc5bbc2d4,2026-10-04T17:00:00Z,Houston Texans,Dallas Cowboys,betrivers,player_pass_yds,Dak Prescott,Over,270.5,-114,2026-10-04T04:54:00Z
20261004T045441Z,daf55e2df5341c007fee5a0fc5bbc2d4,2026-10-04T17:00:00Z,Houston Texans,Dallas Cowboys,betrivers,player_pass_yds,Dak Prescott,Under,270.5,-117,2026-10-04T04:54:00Z
20261004T045441Z,daf55e2df5341c007fee5a0fc5bbc2d4,2026-10-04T17:00:00Z,Houston Texans,Dallas Cowboys,betrivers,player_reception_yds,Javonte Williams,Over,12.5,-115,2026-10-04T04:54:00Z
20261004T045441Z,daf55e2df5341c007fee5a0fc5bbc2d4,2026-10-04T17:00:00Z,Houston Texans,Dallas Cowboys,betrivers,player_reception_yds,Javonte Williams,Under,12.5,-115,2026-10-04T04:54:00Z
20261004T045441Z,daf55e2df5341c007fee5a0fc5bbc2d4,2026-10-04T17:00:00Z,Houston Texans,Dallas Cowboys,betrivers,player_reception_yds,CeeDee Lamb,Over,74.5,-118,2026-10-04T04:54:00Z
20261004T045441Z,daf55e2df5341c007fee5a0fc5bbc2d4,2026-10-04T17:00:00Z,Houston Texans,Dallas Cowboys,betrivers,player_reception_yds,CeeDee Lamb,Under,74.5,-113,2026-10-04T04:54:00Z
20261004T045441Z,daf55e2df5341c007fee5a0fc5bbc2d4,2026-10-04T17:00:00Z,Houston Texans,Dallas Cowboys,betrivers,player_reception_yds,Nico Collins,Over,74.5,-114,2026-10-04T04:54:00Z
20261004T045441Z,daf55e2df5341c007fee5a0fc5bbc2d4,2026-10-04T17:00:00Z,Houston Texans,Dallas Cowboys,betrivers,player_reception_yds,Nico Collins,Under,74.5,-117,2026-10-04T04:54:00Z
20261004T045441Z,daf55e2df5341c007fee5a0fc5bbc2d4,2026-10-04T17:00:00Z,Houston Texans,Dallas Cowboys,betrivers,player_reception_yds,Woody Marks,Over,10.5,-109,2026-10-04T04:54:00Z
20261004T045441Z,daf55e2df5341c007fee5a0fc5bbc2d4,2026-10-04T17:00:00Z,Houston Texans,Dallas Cowboys,betrivers,player_reception_yds,Woody Marks,Under,10.5,-121,2026-10-04T04:54:00Z
20261004T045441Z,daf55e2df5341c007fee5a0fc5bbc2d4,2026-10-04T17:00:00Z,Houston Texans,Dallas Cowboys,betrivers,player_reception_yds,Xavier Hutchinson,Over,27.5,-114,2026-10-04T04:54:00Z
20261004T045441Z,daf55e2df5341c007fee5a0fc5bbc2d4,2026-10-04T17:00:00Z,Houston Texans,Dallas Cowboys,betrivers,player_reception_yds,Xavier Hutchinson,Under,27.5,-117,2026-10-04T04:54:00Z
20261004T045441Z,daf55e2df5341c007fee5a0fc5bbc2d4,2026-10-04T17:00:00Z,Houston Texans,Dallas Cowboys,betrivers,player_reception_yds,David Montgomery,Over,10.5,-117,2026-10-04T04:54:00Z
20261004T045441Z,daf55e2df5341c007fee5a0fc5bbc2d4,2026-10-04T17:00:00Z,Houston Texans,Dallas Cowboys,betrivers,player_reception_yds,David Montgomery,Under,10.5,-114,2026-10-04T04:54:00Z
20261004T045441Z,daf55e2df5341c007fee5a0fc5bbc2d4,2026-10-04T17:00:00Z,Houston Texans,Dallas Cowboys,betrivers,player_reception_yds,Ryan Flournoy,Over,33.5,-118,2026-10-04T04:54:00Z
20261004T045441Z,daf55e2df5341c007fee5a0fc5bbc2d4,2026-10-04T17:00:00Z,Houston Texans,Dallas Cowboys,betrivers,player_reception_yds,Ryan Flournoy,Under,33.5,-113,2026-10-04T04:54:00Z
20261004T045441Z,daf55e2df5341c007fee5a0fc5bbc2d4,2026-10-04T17:00:00Z,Houston Texans,Dallas Cowboys,betrivers,player_reception_yds,George Pickens,Over,68.5,-114,2026-10-04T04:54:00Z
20261004T045441Z,daf55e2df5341c007fee5a0fc5bbc2d4,2026-10-04T17:00:00Z,Houston Texans,Dallas Cowboys,betrivers,player_reception_yds,George Pickens,Under,68.5,-117,2026-10-04T04:54:00Z
20261004T045441Z,daf55e2df5341c007fee5a0fc5bbc2d4,2026-10-04T17:00:00Z,Houston Texans,Dallas Cowboys,betrivers,player_reception_yds,Kayshon Boutte,Over,25.5,-114,2026-10-04T04:54:00Z
20261004T045441Z,daf55e2df5341c007fee5a0fc5bbc2d4,2026-10-04T17:00:00Z,Houston Texans,Dallas Cowboys,betrivers,player_reception_yds,Kayshon Boutte,Under,25.5,-117,2026-10-04T04:54:00Z
20261004T045441Z,daf55e2df5341c007fee5a0fc5bbc2d4,2026-10-04T17:00:00Z,Houston Texans,Dallas Cowboys,betrivers,player_reception_yds,Jaylin Noel,Over,13.5,-113,2026-10-04T04:54:00Z
20261004T045441Z,daf55e2df5341c007fee5a0fc5bbc2d4,2026-10-04T17:00:00Z,Houston Texans,Dallas Cowboys,betrivers,player_reception_yds,Jaylin Noel,Under,13.5,-118,2026-10-04T04:54:00Z
20261004T045441Z,daf55e2df5341c007fee5a0fc5bbc2d4,2026-10-04T17:00:00Z,Houston Texans,Dallas Cowboys,betrivers,player_reception_yds,Jake Ferguson,Over,25.5,-110,2026-10-04T04:54:00Z
20261004T045441Z,daf55e2df5341c007fee5a0fc5bbc2d4,2026-10-04T17:00:00Z,Houston Texans,Dallas Cowboys,betrivers,player_reception_yds,Jake Ferguson,Under,25.5,-121,2026-10-04T04:54:00Z
20261004T045441Z,daf55e2df5341c007fee5a0fc5bbc2d4,2026-10-04T17:00:00Z,Houston Texans,Dallas Cowboys,betrivers,player_reception_yds,Dalton Schultz,Over,39.5,-113,2026-10-04T04:54:00Z
20261004T045441Z,daf55e2df5341c007fee5a0fc5bbc2d4,2026-10-04T17:00:00Z,Houston Texans,Dallas Cowboys,betrivers,player_reception_yds,Dalton Schultz,Under,39.5,-118,2026-10-04T04:54:00Z
20261004T045441Z,daf55e2df5341c007fee5a0fc5bbc2d4,2026-10-04T17:00:00Z,Houston Texans,Dallas Cowboys,betrivers,player_receptions,Kayshon Boutte,Over,2.5,138,2026-10-04T04:54:00Z
20261004T045441Z,daf55e2df5341c007fee5a0fc5bbc2d4,2026-10-04T17:00:00Z,Houston Texans,Dallas Cowboys,betrivers,player_receptions,Ryan Flournoy,Over,3.5,104,2026-10-04T04:54:00Z
20261004T045441Z,daf55e2df5341c007fee5a0fc5bbc2d4,2026-10-04T17:00:00Z,Houston Texans,Dallas Cowboys,betrivers,player_receptions,CeeDee Lamb,Over,5.5,-136,2026-10-04T04:54:00Z
20261004T045441Z,daf55e2df5341c007fee5a0fc5bbc2d4,2026-10-04T17:00:00Z,Houston Texans,Dallas Cowboys,betrivers,player_receptions,Javonte Williams,Over,2.5,-124,2026-10-04T04:54:00Z
20261004T045441Z,daf55e2df5341c007fee5a0fc5bbc2d4,2026-10-04T17:00:00Z,Houston Texans,Dallas Cowboys,betrivers,player_receptions,Jaylin Noel,Over,1.5,145,2026-10-04T04:54:00Z
20261004T045441Z,daf55e2df5341c007fee5a0fc5bbc2d4,2026-10-04T17:00:00Z,Houston Texans,Dallas Cowboys,betrivers,player_receptions,Xavier Hutchinson,Over,2.5,-124,2026-10-04T04:54:00Z
20261004T045441Z,daf55e2df5341c007fee5a0fc5bbc2d4,2026-10-04T17:00:00Z,Houston Texans,Dallas Cowboys,betrivers,player_receptions,Dalton Schultz,Over,4.5,107,2026-10-04T04:54:00Z
20261004T045441Z,daf55e2df5341c007fee5a0fc5bbc2d4,2026-10-04T17:00:00Z,Houston Texans,Dallas Cowboys,betrivers,player_receptions,Nico Collins,Over,5.5,-109,2026-10-04T04:54:00Z
20261004T045441Z,daf55e2df5341c007fee5a0fc5bbc2d4,2026-10-04T17:00:00Z,Houston Texans,Dallas Cowboys,betrivers,player_receptions,Woody Marks,Over,1.5,-143,2026-10-04T04:54:00Z
20261004T045441Z,daf55e2df5341c007fee5a0fc5bbc2d4,2026-10-04T17:00:00Z,Houston Texans,Dallas Cowboys,betrivers,player_receptions,David Montgomery,Over,1.5,-139,2026-10-04T04:54:00Z
20261004T045441Z,daf55e2df5341c007fee5a0fc5bbc2d4,2026-10-04T17:00:00Z,Houston Texans,Dallas Cowboys,betrivers,player_receptions,George Pickens,Over,4.5,-143,2026-10-04T04:54:00Z
20261004T045441Z,daf55e2df5341c007fee5a0fc5bbc2d4,2026-10-04T17:00:00Z,Houston Texans,Dallas Cowboys,betrivers,player_receptions,Jake Ferguson,Over,3.5,102,2026-10-04T04:54:00Z
20261004T045441Z,daf55e2df5341c007fee5a0fc5bbc2d4,2026-10-04T17:00:00Z,Houston Texans,Dallas Cowboys,betrivers,player_rush_yds,Javonte Williams,Over,57.5,-118,2026-10-04T04:54:00Z
20261004T045441Z,daf55e2df5341c007fee5a0fc5bbc2d4,2026-10-04T17:00:00Z,Houston Texans,Dallas Cowboys,betrivers,player_rush_yds,Javonte Williams,Under,57.5,-113,2026-10-04T04:54:00Z
20261004T045441Z,daf55e2df5341c007fee5a0fc5bbc2d4,2026-10-04T17:00:00Z,Houston Texans,Dallas Cowboys,betrivers,player_rush_yds,C.J. Stroud,Over,13.5,-109,2026-10-04T04:54:00Z
20261004T045441Z,daf55e2df5341c007fee5a0fc5bbc2d4,2026-10-04T17:00:00Z,Houston Texans,Dallas Cowboys,betrivers,player_rush_yds,C.J. Stroud,Under,13.5,-122,2026-10-04T04:54:00Z
20261004T045441Z,daf55e2df5341c007fee5a0fc5bbc2d4,2026-10-04T17:00:00Z,Houston Texans,Dallas Cowboys,betrivers,player_rush_yds,Dak Prescott,Over,9.5,-113,2026-10-04T04:54:00Z
20261004T045441Z,daf55e2df5341c007fee5a0fc5bbc2d4,2026-10-04T17:00:00Z,Houston Texans,Dallas Cowboys,betrivers,player_rush_yds,Dak Prescott,Under,9.5,-118,2026-10-04T04:54:00Z
20261004T045441Z,daf55e2df5341c007fee5a0fc5bbc2d4,2026-10-04T17:00:00Z,Houston Texans,Dallas Cowboys,betrivers,player_rush_yds,David Montgomery,Over,44.5,-118,2026-10-04T04:54:00Z
20261004T045441Z,daf55e2df5341c007fee5a0fc5bbc2d4,2026-10-04T17:00:00Z,Houston Texans,Dallas Cowboys,betrivers,player_rush_yds,David Montgomery,Under,44.5,-113,2026-10-04T04:54:00Z
20261004T045441Z,daf55e2df5341c007fee5a0fc5bbc2d4,2026-10-04T17:00:00Z,Houston Texans,Dallas Cowboys,betrivers,player_rush_yds,Woody Marks,Over,34.5,-120,2026-10-04T04:54:00Z
20261004T045441Z,daf55e2df5341c007fee5a0fc5bbc2d4,2026-10-04T17:00:00Z,Houston Texans,Dallas Cowboys,betrivers,player_rush_yds,Woody Marks,Under,34.5,-112,2026-10-04T04:54:00Z
20261004T045441Z,daf55e2df5341c007fee5a0fc5bbc2d4,2026-10-04T17:00:00Z,Houston Texans,Dallas Cowboys,betmgm,player_pass_yds,Dak Prescott,Over,262.5,-115,2026-10-04T04:54:05Z
20261004T045441Z,daf55e2df5341c007fee5a0fc5bbc2d4,2026-10-04T17:00:00Z,Houston Texans,Dallas Cowboys,betmgm,player_pass_yds,Dak Prescott,Under,262.5,-115,2026-10-04T04:54:05Z
20261004T045441Z,daf55e2df5341c007fee5a0fc5bbc2d4,2026-10-04T17:00:00Z,Houston Texans,Dallas Cowboys,betmgm,player_pass_yds,C.J. Stroud,Over,248.5,-115,2026-10-04T04:54:05Z
20261004T045441Z,daf55e2df5341c007fee5a0fc5bbc2d4,2026-10-04T17:00:00Z,Houston Texans,Dallas Cowboys,betmgm,player_pass_yds,C.J. Stroud,Under,248.5,-115,2026-10-04T04:54:05Z
20261004T045441Z,daf55e2df5341c007fee5a0fc5bbc2d4,2026-10-04T17:00:00Z,Houston Texans,Dallas Cowboys,betmgm,player_reception_yds,Ryan Flournoy,Over,33.5,-115,2026-10-04T04:54:05Z
20261004T045441Z,daf55e2df5341c007fee5a0fc5bbc2d4,2026-10-04T17:00:00Z,Houston Texans,Dallas Cowboys,betmgm,player_reception_yds,Ryan Flournoy,Under,33.5,-115,2026-10-04T04:54:05Z
20261004T045441Z,daf55e2df5341c007fee5a0fc5bbc2d4,2026-10-04T17:00:00Z,Houston Texans,Dallas Cowboys,betmgm,player_reception_yds,Jake Ferguson,Over,25.5,-115,2026-10-04T04:54:05Z
20261004T045441Z,daf55e2df5341c007fee5a0fc5bbc2d4,2026-10-04T17:00:00Z,Houston Texans,Dallas Cowboys,betmgm,player_reception_yds,Jake Ferguson,Under,25.5,-115,2026-10-04T04:54:05Z
20261004T045441Z,daf55e2df5341c007fee5a0fc5bbc2d4,2026-10-04T17:00:00Z,Houston Texans,Dallas Cowboys,betmgm,player_reception_yds,Nico Collins,Over,71.5,-115,2026-10-04T04:54:05Z
20261004T045441Z,daf55e2df5341c007fee5a0fc5bbc2d4,2026-10-04T17:00:00Z,Houston Texans,Dallas Cowboys,betmgm,player_reception_yds,Nico Collins,Under,71.5,-115,2026-10-04T04:54:05Z
20261004T045441Z,daf55e2df5341c007fee5a0fc5bbc2d4,2026-10-04T17:00:00Z,Houston Texans,Dallas Cowboys,betmgm,player_reception_yds,David Montgomery,Over,10.5,-110,2026-10-04T04:54:05Z
20261004T045441Z,daf55e2df5341c007fee5a0fc5bbc2d4,2026-10-04T17:00:00Z,Houston Texans,Dallas Cowboys,betmgm,player_reception_yds,David Montgomery,Under,10.5,-120,2026-10-04T04:54:05Z
20261004T045441Z,daf55e2df5341c007fee5a0fc5bbc2d4,2026-10-04T17:00:00Z,Houston Texans,Dallas Cowboys,betmgm,player_reception_yds,CeeDee Lamb,Over,77.5,-115,2026-10-04T04:54:05Z
20261004T045441Z,daf55e2df5341c007fee5a0fc5bbc2d4,2026-10-04T17:00:00Z,Houston Texans,Dallas Cowboys,betmgm,player_reception_yds,CeeDee Lamb,Under,77.5,-115,2026-10-04T04:54:05Z
20261004T045441Z,daf55e2df5341c007fee5a0fc5bbc2d4,2026-10-04T17:00:00Z,Houston Texans,Dallas Cowboys,betmgm,player_reception_yds,Woody Marks,Over,9.5,-120,2026-10-04T04:54:05Z
20261004T045441Z,daf55e2df5341c007fee5a0fc5bbc2d4,2026-10-04T17:00:00Z,Houston Texans,Dallas Cowboys,betmgm,player_reception_yds,Woody Marks,Under,9.5,-111,2026-10-04T04:54:05Z
20261004T045441Z,daf55e2df5341c007fee5a0fc5bbc2d4,2026-10-04T17:00:00Z,Houston Texans,Dallas Cowboys,betmgm,player_reception_yds,George Pickens,Over,66.5,-115,2026-10-04T04:54:05Z
20261004T045441Z,daf55e2df5341c007fee5a0fc5bbc2d4,2026-10-04T17:00:00Z,Houston Texans,Dallas Cowboys,betmgm,player_reception_yds,George Pickens,Under,66.5,-115,2026-10-04T04:54:05Z
20261004T045441Z,daf55e2df5341c007fee5a0fc5bbc2d4,2026-10-04T17:00:00Z,Houston Texans,Dallas Cowboys,betmgm,player_reception_yds,Dalton Schultz,Over,41.5,-115,2026-10-04T04:54:05Z
20261004T045441Z,daf55e2df5341c007fee5a0fc5bbc2d4,2026-10-04T17:00:00Z,Houston Texans,Dallas Cowboys,betmgm,player_reception_yds,Dalton Schultz,Under,41.5,-115,2026-10-04T04:54:05Z
20261004T045441Z,daf55e2df5341c007fee5a0fc5bbc2d4,2026-10-04T17:00:00Z,Houston Texans,Dallas Cowboys,betmgm,player_reception_yds,Foster Moreau,Over,8.5,-120,2026-10-04T04:54:05Z
20261004T045441Z,daf55e2df5341c007fee5a0fc5bbc2d4,2026-10-04T17:00:00Z,Houston Texans,Dallas Cowboys,betmgm,player_reception_yds,Foster Moreau,Under,8.5,-110,2026-10-04T04:54:05Z
20261004T045441Z,daf55e2df5341c007fee5a0fc5bbc2d4,2026-10-04T17:00:00Z,Houston Texans,Dallas Cowboys,betmgm,player_reception_yds,Kayshon Boutte,Over,24.5,-115,2026-10-04T04:54:05Z
20261004T045441Z,daf55e2df5341c007fee5a0fc5bbc2d4,2026-10-04T17:00:00Z,Houston Texans,Dallas Cowboys,betmgm,player_reception_yds,Kayshon Boutte,Under,24.5,-115,2026-10-04T04:54:05Z
20261004T045441Z,daf55e2df5341c007fee5a0fc5bbc2d4,2026-10-04T17:00:00Z,Houston Texans,Dallas Cowboys,betmgm,player_reception_yds,Xavier Hutchinson,Over,28.5,-111,2026-10-04T04:54:05Z
20261004T045441Z,daf55e2df5341c007fee5a0fc5bbc2d4,2026-10-04T17:00:00Z,Houston Texans,Dallas Cowboys,betmgm,player_reception_yds,Xavier Hutchinson,Under,28.5,-120,2026-10-04T04:54:05Z
20261004T045441Z,daf55e2df5341c007fee5a0fc5bbc2d4,2026-10-04T17:00:00Z,Houston Texans,Dallas Cowboys,betmgm,player_reception_yds,Javonte Williams,Over,13.5,-120,2026-10-04T04:54:05Z
20261004T045441Z,daf55e2df5341c007fee5a0fc5bbc2d4,2026-10-04T17:00:00Z,Houston Texans,Dallas Cowboys,betmgm,player_reception_yds,Javonte Williams,Under,13.5,-110,2026-10-04T04:54:05Z
20261004T045441Z,daf55e2df5341c007fee5a0fc5bbc2d4,2026-10-04T17:00:00Z,Houston Texans,Dallas Cowboys,betmgm,player_reception_yds,Jaylin Noel,Over,10.5,-115,2026-10-04T04:54:05Z
20261004T045441Z,daf55e2df5341c007fee5a0fc5bbc2d4,2026-10-04T17:00:00Z,Houston Texans,Dallas Cowboys,betmgm,player_reception_yds,Jaylin Noel,Under,10.5,-115,2026-10-04T04:54:05Z
20261004T045441Z,daf55e2df5341c007fee5a0fc5bbc2d4,2026-10-04T17:00:00Z,Houston Texans,Dallas Cowboys,betmgm,player_receptions,Ryan Flournoy,Over,3.5,-105,2026-10-04T04:54:05Z
20261004T045441Z,daf55e2df5341c007fee5a0fc5bbc2d4,2026-10-04T17:00:00Z,Houston Texans,Dallas Cowboys,betmgm,player_receptions,Ryan Flournoy,Under,3.5,-125,2026-10-04T04:54:05Z
20261004T045441Z,daf55e2df5341c007fee5a0fc5bbc2d4,2026-10-04T17:00:00Z,Houston Texans,Dallas Cowboys,betmgm,player_receptions,George Pickens,Over,5.5,130,2026-10-04T04:54:05Z
20261004T045441Z,daf55e2df5341c007fee5a0fc5bbc2d4,2026-10-04T17:00:00Z,Houston Texans,Dallas Cowboys,betmgm,player_receptions,George Pickens,Under,5.5,-175,2026-10-04T04:54:05Z
20261004T045441Z,daf55e2df5341c007fee5a0fc5bbc2d4,2026-10-04T17:00:00Z,Houston Texans,Dallas Cowboys,betmgm,player_receptions,Woody Marks,Over,1.5,-135,2026-10-04T04:54:05Z
20261004T045441Z,daf55e2df5341c007fee5a0fc5bbc2d4,2026-10-04T17:00:00Z,Houston Texans,Dallas Cowboys,betmgm,player_receptions,Woody Marks,Under,1.5,100,2026-10-04T04:54:05Z
20261004T045441Z,daf55e2df5341c007fee5a0fc5bbc2d4,2026-10-04T17:00:00Z,Houston Texans,Dallas Cowboys,betmgm,player_receptions,David Montgomery,Over,1.5,-125,2026-10-04T04:54:05Z
20261004T045441Z,daf55e2df5341c007fee5a0fc5bbc2d4,2026-10-04T17:00:00Z,Houston Texans,Dallas Cowboys,betmgm,player_receptions,David Montgomery,Under,1.5,-105,2026-10-04T04:54:05Z
20261004T045441Z,daf55e2df5341c007fee5a0fc5bbc2d4,2026-10-04T17:00:00Z,Houston Texans,Dallas Cowboys,betmgm,player_receptions,Jake Ferguson,Over,3.5,110,2026-10-04T04:54:05Z
20261004T045441Z,daf55e2df5341c007fee5a0fc5bbc2d4,2026-10-04T17:00:00Z,Houston Texans,Dallas Cowboys,betmgm,player_receptions,Jake Ferguson,Under,3.5,-150,2026-10-04T04:54:05Z
20261004T045441Z,daf55e2df5341c007fee5a0fc5bbc2d4,2026-10-04T17:00:00Z,Houston Texans,Dallas Cowboys,betmgm,player_receptions,Nico Collins,Over,5.5,-105,2026-10-04T04:54:05Z
20261004T045441Z,daf55e2df5341c007fee5a0fc5bbc2d4,2026-10-04T17:00:00Z,Houston Texans,Dallas Cowboys,betmgm,player_receptions,Nico Collins,Under,5.5,-125,2026-10-04T04:54:05Z
20261004T045441Z,daf55e2df5341c007fee5a0fc5bbc2d4,2026-10-04T17:00:00Z,Houston Texans,Dallas Cowboys,betmgm,player_receptions,Javonte Williams,Over,2.5,-120,2026-10-04T04:54:05Z
20261004T045441Z,daf55e2df5341c007fee5a0fc5bbc2d4,2026-10-04T17:00:00Z,Houston Texans,Dallas Cowboys,betmgm,player_receptions,Javonte Williams,Under,2.5,-110,2026-10-04T04:54:05Z
20261004T045441Z,daf55e2df5341c007fee5a0fc5bbc2d4,2026-10-04T17:00:00Z,Houston Texans,Dallas Cowboys,betmgm,player_receptions,Dalton Schultz,Over,4.5,110,2026-10-04T04:54:05Z
20261004T045441Z,daf55e2df5341c007fee5a0fc5bbc2d4,2026-10-04T17:00:00Z,Houston Texans,Dallas Cowboys,betmgm,player_receptions,Dalton Schultz,Under,4.5,-150,2026-10-04T04:54:05Z
20261004T045441Z,daf55e2df5341c007fee5a0fc5bbc2d4,2026-10-04T17:00:00Z,Houston Texans,Dallas Cowboys,betmgm,player_receptions,CeeDee Lamb,Over,5.5,-155,2026-10-04T04:54:05Z
20261004T045441Z,daf55e2df5341c007fee5a0fc5bbc2d4,2026-10-04T17:00:00Z,Houston Texans,Dallas Cowboys,betmgm,player_receptions,CeeDee Lamb,Under,5.5,115,2026-10-04T04:54:05Z
20261004T045441Z,daf55e2df5341c007fee5a0fc5bbc2d4,2026-10-04T17:00:00Z,Houston Texans,Dallas Cowboys,betmgm,player_receptions,Xavier Hutchinson,Over,2.5,-115,2026-10-04T04:54:05Z
20261004T045441Z,daf55e2df5341c007fee5a0fc5bbc2d4,2026-10-04T17:00:00Z,Houston Texans,Dallas Cowboys,betmgm,player_receptions,Xavier Hutchinson,Under,2.5,-115,2026-10-04T04:54:05Z
20261004T045441Z,daf55e2df5341c007fee5a0fc5bbc2d4,2026-10-04T17:00:00Z,Houston Texans,Dallas Cowboys,betmgm,player_receptions,Kayshon Boutte,Over,1.5,-175,2026-10-04T04:54:05Z
20261004T045441Z,daf55e2df5341c007fee5a0fc5bbc2d4,2026-10-04T17:00:00Z,Houston Texans,Dallas Cowboys,betmgm,player_receptions,Kayshon Boutte,Under,1.5,130,2026-10-04T04:54:05Z
20261004T045441Z,daf55e2df5341c007fee5a0fc5bbc2d4,2026-10-04T17:00:00Z,Houston Texans,Dallas Cowboys,betmgm,player_receptions,Jaylin Noel,Over,1.5,135,2026-10-04T04:54:05Z
20261004T045441Z,daf55e2df5341c007fee5a0fc5bbc2d4,2026-10-04T17:00:00Z,Houston Texans,Dallas Cowboys,betmgm,player_receptions,Jaylin Noel,Under,1.5,-185,2026-10-04T04:54:05Z
20261004T045441Z,daf55e2df5341c007fee5a0fc5bbc2d4,2026-10-04T17:00:00Z,Houston Texans,Dallas Cowboys,betmgm,player_receptions,Foster Moreau,Over,1.5,180,2026-10-04T04:54:05Z
20261004T045441Z,daf55e2df5341c007fee5a0fc5bbc2d4,2026-10-04T17:00:00Z,Houston Texans,Dallas Cowboys,betmgm,player_receptions,Foster Moreau,Under,1.5,-250,2026-10-04T04:54:05Z
20261004T045441Z,daf55e2df5341c007fee5a0fc5bbc2d4,2026-10-04T17:00:00Z,Houston Texans,Dallas Cowboys,betmgm,player_rush_yds,Dak Prescott,Over,10.5,-115,2026-10-04T04:54:05Z
20261004T045441Z,daf55e2df5341c007fee5a0fc5bbc2d4,2026-10-04T17:00:00Z,Houston Texans,Dallas Cowboys,betmgm,player_rush_yds,Dak Prescott,Under,10.5,-115,2026-10-04T04:54:05Z
20261004T045441Z,daf55e2df5341c007fee5a0fc5bbc2d4,2026-10-04T17:00:00Z,Houston Texans,Dallas Cowboys,betmgm,player_rush_yds,C.J. Stroud,Over,11.5,-115,2026-10-04T04:54:05Z
20261004T045441Z,daf55e2df5341c007fee5a0fc5bbc2d4,2026-10-04T17:00:00Z,Houston Texans,Dallas Cowboys,betmgm,player_rush_yds,C.J. Stroud,Under,11.5,-115,2026-10-04T04:54:05Z
20261004T045441Z,daf55e2df5341c007fee5a0fc5bbc2d4,2026-10-04T17:00:00Z,Houston Texans,Dallas Cowboys,betmgm,player_rush_yds,Javonte Williams,Over,56.5,-125,2026-10-04T04:54:05Z
20261004T045441Z,daf55e2df5341c007fee5a0fc5bbc2d4,2026-10-04T17:00:00Z,Houston Texans,Dallas Cowboys,betmgm,player_rush_yds,Javonte Williams,Under,56.5,-105,2026-10-04T04:54:05Z
20261004T045441Z,daf55e2df5341c007fee5a0fc5bbc2d4,2026-10-04T17:00:00Z,Houston Texans,Dallas Cowboys,betmgm,player_rush_yds,David Montgomery,Over,44.5,-111,2026-10-04T04:54:05Z
20261004T045441Z,daf55e2df5341c007fee5a0fc5bbc2d4,2026-10-04T17:00:00Z,Houston Texans,Dallas Cowboys,betmgm,player_rush_yds,David Montgomery,Under,44.5,-120,2026-10-04T04:54:05Z
20261004T045441Z,daf55e2df5341c007fee5a0fc5bbc2d4,2026-10-04T17:00:00Z,Houston Texans,Dallas Cowboys,betmgm,player_rush_yds,Woody Marks,Over,34.5,-111,2026-10-04T04:54:05Z
20261004T045441Z,daf55e2df5341c007fee5a0fc5bbc2d4,2026-10-04T17:00:00Z,Houston Texans,Dallas Cowboys,betmgm,player_rush_yds,Woody Marks,Under,34.5,-120,2026-10-04T04:54:05Z
20261004T045441Z,daf55e2df5341c007fee5a0fc5bbc2d4,2026-10-04T17:00:00Z,Houston Texans,Dallas Cowboys,bovada,player_pass_yds,C.J. Stroud,Over,245.5,-115,2026-10-04T04:53:47Z
20261004T045441Z,daf55e2df5341c007fee5a0fc5bbc2d4,2026-10-04T17:00:00Z,Houston Texans,Dallas Cowboys,bovada,player_pass_yds,C.J. Stroud,Under,245.5,-115,2026-10-04T04:53:47Z
20261004T045441Z,daf55e2df5341c007fee5a0fc5bbc2d4,2026-10-04T17:00:00Z,Houston Texans,Dallas Cowboys,bovada,player_pass_yds,Dak Prescott,Over,266.5,-115,2026-10-04T04:53:47Z
20261004T045441Z,daf55e2df5341c007fee5a0fc5bbc2d4,2026-10-04T17:00:00Z,Houston Texans,Dallas Cowboys,bovada,player_pass_yds,Dak Prescott,Under,266.5,-115,2026-10-04T04:53:47Z
20261004T045441Z,daf55e2df5341c007fee5a0fc5bbc2d4,2026-10-04T17:00:00Z,Houston Texans,Dallas Cowboys,bovada,player_reception_yds,CeeDee Lamb,Over,76.5,-115,2026-10-04T04:53:47Z
20261004T045441Z,daf55e2df5341c007fee5a0fc5bbc2d4,2026-10-04T17:00:00Z,Houston Texans,Dallas Cowboys,bovada,player_reception_yds,CeeDee Lamb,Under,76.5,-115,2026-10-04T04:53:47Z
20261004T045441Z,daf55e2df5341c007fee5a0fc5bbc2d4,2026-10-04T17:00:00Z,Houston Texans,Dallas Cowboys,bovada,player_reception_yds,Dalton Schultz,Over,40.5,-115,2026-10-04T04:53:47Z
20261004T045441Z,daf55e2df5341c007fee5a0fc5bbc2d4,2026-10-04T17:00:00Z,Houston Texans,Dallas Cowboys,bovada,player_reception_yds,Dalton Schultz,Under,40.5,-115,2026-10-04T04:53:47Z
20261004T045441Z,daf55e2df5341c007fee5a0fc5bbc2d4,2026-10-04T17:00:00Z,Houston Texans,Dallas Cowboys,bovada,player_reception_yds,David Montgomery,Over,10.5,-115,2026-10-04T04:53:47Z
20261004T045441Z,daf55e2df5341c007fee5a0fc5bbc2d4,2026-10-04T17:00:00Z,Houston Texans,Dallas Cowboys,bovada,player_reception_yds,David Montgomery,Under,10.5,-115,2026-10-04T04:53:47Z
20261004T045441Z,daf55e2df5341c007fee5a0fc5bbc2d4,2026-10-04T17:00:00Z,Houston Texans,Dallas Cowboys,bovada,player_reception_yds,Foster Moreau,Over,7.5,-110,2026-10-04T04:53:47Z
20261004T045441Z,daf55e2df5341c007fee5a0fc5bbc2d4,2026-10-04T17:00:00Z,Houston Texans,Dallas Cowboys,bovada,player_reception_yds,Foster Moreau,Under,7.5,-120,2026-10-04T04:53:47Z
20261004T045441Z,daf55e2df5341c007fee5a0fc5bbc2d4,2026-10-04T17:00:00Z,Houston Texans,Dallas Cowboys,bovada,player_reception_yds,George Pickens,Over,68.5,-115,2026-10-04T04:53:47Z
20261004T045441Z,daf55e2df5341c007fee5a0fc5bbc2d4,2026-10-04T17:00:00Z,Houston Texans,Dallas Cowboys,bovada,player_reception_yds,George Pickens,Under,68.5,-115,2026-10-04T04:53:47Z
20261004T045441Z,daf55e2df5341c007fee5a0fc5bbc2d4,2026-10-04T17:00:00Z,Houston Texans,Dallas Cowboys,bovada,player_reception_yds,Jake Ferguson,Over,24.5,-115,2026-10-04T04:53:47Z
20261004T045441Z,daf55e2df5341c007fee5a0fc5bbc2d4,2026-10-04T17:00:00Z,Houston Texans,Dallas Cowboys,bovada,player_reception_yds,Jake Ferguson,Under,24.5,-115,2026-10-04T04:53:47Z
20261004T045441Z,daf55e2df5341c007fee5a0fc5bbc2d4,2026-10-04T17:00:00Z,Houston Texans,Dallas Cowboys,bovada,player_reception_yds,Javonte Williams,Over,13.5,-110,2026-10-04T04:53:47Z
20261004T045441Z,daf55e2df5341c007fee5a0fc5bbc2d4,2026-10-04T17:00:00Z,Houston Texans,Dallas Cowboys,bovada,player_reception_yds,Javonte Williams,Under,13.5,-120,2026-10-04T04:53:47Z
20261004T045441Z,daf55e2df5341c007fee5a0fc5bbc2d4,2026-10-04T17:00:00Z,Houston Texans,Dallas Cowboys,bovada,player_reception_yds,Jaylin Noel,Over,11.5,-115,2026-10-04T04:53:47Z
20261004T045441Z,daf55e2df5341c007fee5a0fc5bbc2d4,2026-10-04T17:00:00Z,Houston Texans,Dallas Cowboys,bovada,player_reception_yds,Jaylin Noel,Under,11.5,-115,2026-10-04T04:53:47Z
20261004T045441Z,daf55e2df5341c007fee5a0fc5bbc2d4,2026-10-04T17:00:00Z,Houston Texans,Dallas Cowboys,bovada,player_reception_yds,Kayshon Boutte,Over,22.5,-120,2026-10-04T04:53:47Z
20261004T045441Z,daf55e2df5341c007fee5a0fc5bbc2d4,2026-10-04T17:00:00Z,Houston Texans,Dallas Cowboys,bovada,player_reception_yds,Kayshon Boutte,Under,22.5,-110,2026-10-04T04:53:47Z
20261004T045441Z,daf55e2df5341c007fee5a0fc5bbc2d4,2026-10-04T17:00:00Z,Houston Texans,Dallas Cowboys,bovada,player_reception_yds,Nico Collins,Over,74.5,-115,2026-10-04T04:53:47Z
20261004T045441Z,daf55e2df5341c007fee5a0fc5bbc2d4,2026-10-04T17:00:00Z,Houston Texans,Dallas Cowboys,bovada,player_reception_yds,Nico Collins,Under,74.5,-115,2026-10-04T04:53:47Z
20261004T045441Z,daf55e2df5341c007fee5a0fc5bbc2d4,2026-10-04T17:00:00Z,Houston Texans,Dallas Cowboys,bovada,player_reception_yds,Ryan Flournoy,Over,33.5,-115,2026-10-04T04:53:47Z
20261004T045441Z,daf55e2df5341c007fee5a0fc5bbc2d4,2026-10-04T17:00:00Z,Houston Texans,Dallas Cowboys,bovada,player_reception_yds,Ryan Flournoy,Under,33.5,-115,2026-10-04T04:53:47Z
20261004T045441Z,daf55e2df5341c007fee5a0fc5bbc2d4,2026-10-04T17:00:00Z,Houston Texans,Dallas Cowboys,bovada,player_reception_yds,Woody Marks,Over,10.5,-115,2026-10-04T04:53:47Z
20261004T045441Z,daf55e2df5341c007fee5a0fc5bbc2d4,2026-10-04T17:00:00Z,Houston Texans,Dallas Cowboys,bovada,player_reception_yds,Woody Marks,Under,10.5,-115,2026-10-04T04:53:47Z
20261004T045441Z,daf55e2df5341c007fee5a0fc5bbc2d4,2026-10-04T17:00:00Z,Houston Texans,Dallas Cowboys,bovada,player_reception_yds,Xavier Hutchinson,Over,28.5,-110,2026-10-04T04:53:47Z
20261004T045441Z,daf55e2df5341c007fee5a0fc5bbc2d4,2026-10-04T17:00:00Z,Houston Texans,Dallas Cowboys,bovada,player_reception_yds,Xavier Hutchinson,Under,28.5,-120,2026-10-04T04:53:47Z
20261004T045441Z,daf55e2df5341c007fee5a0fc5bbc2d4,2026-10-04T17:00:00Z,Houston Texans,Dallas Cowboys,bovada,player_receptions,CeeDee Lamb,Over,6.5,120,2026-10-04T04:53:47Z
20261004T045441Z,daf55e2df5341c007fee5a0fc5bbc2d4,2026-10-04T17:00:00Z,Houston Texans,Dallas Cowboys,bovada,player_receptions,CeeDee Lamb,Under,6.5,-160,2026-10-04T04:53:47Z
20261004T045441Z,daf55e2df5341c007fee5a0fc5bbc2d4,2026-10-04T17:00:00Z,Houston Texans,Dallas Cowboys,bovada,player_receptions,Dalton Schultz,Over,4.5,-110,2026-10-04T04:53:47Z
20261004T045441Z,daf55e2df5341c007fee5a0fc5bbc2d4,2026-10-04T17:00:00Z,Houston Texans,Dallas Cowboys,bovada,player_receptions,Dalton Schultz,Under,4.5,-120,2026-10-04T04:53:47Z
20261004T045441Z,daf55e2df5341c007fee5a0fc5bbc2d4,2026-10-04T17:00:00Z,Houston Texans,Dallas Cowboys,bovada,player_receptions,David Montgomery,Over,1.5,-125,2026-10-04T04:53:47Z
20261004T045441Z,daf55e2df5341c007fee5a0fc5bbc2d4,2026-10-04T17:00:00Z,Houston Texans,Dallas Cowboys,bovada,player_receptions,David Montgomery,Under,1.5,-105,2026-10-04T04:53:47Z
20261004T045441Z,daf55e2df5341c007fee5a0fc5bbc2d4,2026-10-04T17:00:00Z,Houston Texans,Dallas Cowboys,bovada,player_receptions,Foster Moreau,Over,1.5,165,2026-10-04T04:53:47Z
20261004T045441Z,daf55e2df5341c007fee5a0fc5bbc2d4,2026-10-04T17:00:00Z,Houston Texans,Dallas Cowboys,bovada,player_receptions,Foster Moreau,Under,1.5,-220,2026-10-04T04:53:47Z
20261004T045441Z,daf55e2df5341c007fee5a0fc5bbc2d4,2026-10-04T17:00:00Z,Houston Texans,Dallas Cowboys,bovada,player_receptions,George Pickens,Over,4.5,-145,2026-10-04T04:53:47Z
20261004T045441Z,daf55e2df5341c007fee5a0fc5bbc2d4,2026-10-04T17:00:00Z,Houston Texans,Dallas Cowboys,bovada,player_receptions,George Pickens,Under,4.5,110,2026-10-04T04:53:47Z
20261004T045441Z,daf55e2df5341c007fee5a0fc5bbc2d4,2026-10-04T17:00:00Z,Houston Texans,Dallas Cowboys,bovada,player_receptions,Jake Ferguson,Over,3.5,-110,2026-10-04T04:53:47Z
20261004T045441Z,daf55e2df5341c007fee5a0fc5bbc2d4,2026-10-04T17:00:00Z,Houston Texans,Dallas Cowboys,bovada,player_receptions,Jake Ferguson,Under,3.5,-120,2026-10-04T04:53:47Z
20261004T045441Z,daf55e2df5341c007fee5a0fc5bbc2d4,2026-10-04T17:00:00Z,Houston Texans,Dallas Cowboys,bovada,player_receptions,Javonte Williams,Over,2.5,-125,2026-10-04T04:53:47Z
20261004T045441Z,daf55e2df5341c007fee5a0fc5bbc2d4,2026-10-04T17:00:00Z,Houston Texans,Dallas Cowboys,bovada,player_receptions,Javonte Williams,Under,2.5,-105,2026-10-04T04:53:47Z
20261004T045441Z,daf55e2df5341c007fee5a0fc5bbc2d4,2026-10-04T17:00:00Z,Houston Texans,Dallas Cowboys,bovada,player_receptions,Jaylin Noel,Over,1.5,150,2026-10-04T04:53:47Z
20261004T045441Z,daf55e2df5341c007fee5a0fc5bbc2d4,2026-10-04T17:00:00Z,Houston Texans,Dallas Cowboys,bovada,player_receptions,Jaylin Noel,Under,1.5,-200,2026-10-04T04:53:47Z
20261004T045441Z,daf55e2df5341c007fee5a0fc5bbc2d4,2026-10-04T17:00:00Z,Houston Texans,Dallas Cowboys,bovada,player_receptions,Kayshon Boutte,Over,2.5,140,2026-10-04T04:53:47Z
20261004T045441Z,daf55e2df5341c007fee5a0fc5bbc2d4,2026-10-04T17:00:00Z,Houston Texans,Dallas Cowboys,bovada,player_receptions,Kayshon Boutte,Under,2.5,-185,2026-10-04T04:53:47Z
20261004T045441Z,daf55e2df5341c007fee5a0fc5bbc2d4,2026-10-04T17:00:00Z,Houston Texans,Dallas Cowboys,bovada,player_receptions,Nico Collins,Over,5.5,-115,2026-10-04T04:53:47Z
20261004T045441Z,daf55e2df5341c007fee5a0fc5bbc2d4,2026-10-04T17:00:00Z,Houston Texans,Dallas Cowboys,bovada,player_receptions,Nico Collins,Under,5.5,-115,2026-10-04T04:53:47Z
20261004T045441Z,daf55e2df5341c007fee5a0fc5bbc2d4,2026-10-04T17:00:00Z,Houston Texans,Dallas Cowboys,bovada,player_receptions,Ryan Flournoy,Over,3.5,-110,2026-10-04T04:53:47Z
20261004T045441Z,daf55e2df5341c007fee5a0fc5bbc2d4,2026-10-04T17:00:00Z,Houston Texans,Dallas Cowboys,bovada,player_receptions,Ryan Flournoy,Under,3.5,-120,2026-10-04T04:53:47Z
20261004T045441Z,daf55e2df5341c007fee5a0fc5bbc2d4,2026-10-04T17:00:00Z,Houston Texans,Dallas Cowboys,bovada,player_receptions,Woody Marks,Over,1.5,-145,2026-10-04T04:53:47Z
20261004T045441Z,daf55e2df5341c007fee5a0fc5bbc2d4,2026-10-04T17:00:00Z,Houston Texans,Dallas Cowboys,bovada,player_receptions,Woody Marks,Under,1.5,110,2026-10-04T04:53:47Z
20261004T045441Z,daf55e2df5341c007fee5a0fc5bbc2d4,2026-10-04T17:00:00Z,Houston Texans,Dallas Cowboys,bovada,player_receptions,Xavier Hutchinson,Over,2.5,-130,2026-10-04T04:53:47Z
20261004T045441Z,daf55e2df5341c007fee5a0fc5bbc2d4,2026-10-04T17:00:00Z,Houston Texans,Dallas Cowboys,bovada,player_receptions,Xavier Hutchinson,Under,2.5,100,2026-10-04T04:53:47Z
20261004T045441Z,daf55e2df5341c007fee5a0fc5bbc2d4,2026-10-04T17:00:00Z,Houston Texans,Dallas Cowboys,bovada,player_rush_yds,C.J. Stroud,Over,11.5,-115,2026-10-04T04:53:47Z
20261004T045441Z,daf55e2df5341c007fee5a0fc5bbc2d4,2026-10-04T17:00:00Z,Houston Texans,Dallas Cowboys,bovada,player_rush_yds,C.J. Stroud,Under,11.5,-115,2026-10-04T04:53:47Z
20261004T045441Z,daf55e2df5341c007fee5a0fc5bbc2d4,2026-10-04T17:00:00Z,Houston Texans,Dallas Cowboys,bovada,player_rush_yds,Dak Prescott,Over,10.5,-120,2026-10-04T04:53:47Z
20261004T045441Z,daf55e2df5341c007fee5a0fc5bbc2d4,2026-10-04T17:00:00Z,Houston Texans,Dallas Cowboys,bovada,player_rush_yds,Dak Prescott,Under,10.5,-110,2026-10-04T04:53:47Z
20261004T045441Z,daf55e2df5341c007fee5a0fc5bbc2d4,2026-10-04T17:00:00Z,Houston Texans,Dallas Cowboys,bovada,player_rush_yds,David Montgomery,Over,44.5,-115,2026-10-04T04:53:47Z
20261004T045441Z,daf55e2df5341c007fee5a0fc5bbc2d4,2026-10-04T17:00:00Z,Houston Texans,Dallas Cowboys,bovada,player_rush_yds,David Montgomery,Under,44.5,-115,2026-10-04T04:53:47Z
20261004T045441Z,daf55e2df5341c007fee5a0fc5bbc2d4,2026-10-04T17:00:00Z,Houston Texans,Dallas Cowboys,bovada,player_rush_yds,Javonte Williams,Over,59.5,-110,2026-10-04T04:53:47Z
20261004T045441Z,daf55e2df5341c007fee5a0fc5bbc2d4,2026-10-04T17:00:00Z,Houston Texans,Dallas Cowboys,bovada,player_rush_yds,Javonte Williams,Under,59.5,-120,2026-10-04T04:53:47Z
20261004T045441Z,daf55e2df5341c007fee5a0fc5bbc2d4,2026-10-04T17:00:00Z,Houston Texans,Dallas Cowboys,bovada,player_rush_yds,Woody Marks,Over,33.5,-115,2026-10-04T04:53:47Z
20261004T045441Z,daf55e2df5341c007fee5a0fc5bbc2d4,2026-10-04T17:00:00Z,Houston Texans,Dallas Cowboys,bovada,player_rush_yds,Woody Marks,Under,33.5,-115,2026-10-04T04:53:47Z
20261004T045441Z,99a9bae4dc0dc2590496bd3102b211f2,2026-10-04T17:00:00Z,Tampa Bay Buccaneers,Green Bay Packers,draftkings,player_pass_yds,Jordan Love,Over,236.5,-113,2026-10-04T04:54:41Z
20261004T045441Z,99a9bae4dc0dc2590496bd3102b211f2,2026-10-04T17:00:00Z,Tampa Bay Buccaneers,Green Bay Packers,draftkings,player_pass_yds,Jordan Love,Under,236.5,-111,2026-10-04T04:54:41Z
20261004T045441Z,99a9bae4dc0dc2590496bd3102b211f2,2026-10-04T17:00:00Z,Tampa Bay Buccaneers,Green Bay Packers,draftkings,player_pass_yds,Jalon Daniels,Over,170.5,-112,2026-10-04T04:54:41Z
20261004T045441Z,99a9bae4dc0dc2590496bd3102b211f2,2026-10-04T17:00:00Z,Tampa Bay Buccaneers,Green Bay Packers,draftkings,player_pass_yds,Jalon Daniels,Under,170.5,-112,2026-10-04T04:54:41Z
20261004T045441Z,99a9bae4dc0dc2590496bd3102b211f2,2026-10-04T17:00:00Z,Tampa Bay Buccaneers,Green Bay Packers,draftkings,player_reception_yds,Christian Watson,Over,67.5,-111,2026-10-04T04:54:41Z
20261004T045441Z,99a9bae4dc0dc2590496bd3102b211f2,2026-10-04T17:00:00Z,Tampa Bay Buccaneers,Green Bay Packers,draftkings,player_reception_yds,Christian Watson,Under,67.5,-113,2026-10-04T04:54:41Z
20261004T045441Z,99a9bae4dc0dc2590496bd3102b211f2,2026-10-04T17:00:00Z,Tampa Bay Buccaneers,Green Bay Packers,draftkings,player_reception_yds,Matthew Golden,Over,56.5,-114,2026-10-04T04:54:41Z
20261004T045441Z,99a9bae4dc0dc2590496bd3102b211f2,2026-10-04T17:00:00Z,Tampa Bay Buccaneers,Green Bay Packers,draftkings,player_reception_yds,Matthew Golden,Under,56.5,-110,2026-10-04T04:54:41Z
20261004T045441Z,99a9bae4dc0dc2590496bd3102b211f2,2026-10-04T17:00:00Z,Tampa Bay Buccaneers,Green Bay Packers,draftkings,player_reception_yds,Tucker Kraft,Over,39.5,-114,2026-10-04T04:54:41Z
20261004T045441Z,99a9bae4dc0dc2590496bd3102b211f2,2026-10-04T17:00:00Z,Tampa Bay Buccaneers,Green Bay Packers,draftkings,player_reception_yds,Tucker Kraft,Under,39.5,-110,2026-10-04T04:54:41Z
20261004T045441Z,99a9bae4dc0dc2590496bd3102b211f2,2026-10-04T17:00:00Z,Tampa Bay Buccaneers,Green Bay Packers,draftkings,player_reception_yds,Emeka Egbuka,Over,37.5,-110,2026-10-04T04:54:41Z
20261004T045441Z,99a9bae4dc0dc2590496bd3102b211f2,2026-10-04T17:00:00Z,Tampa Bay Buccaneers,Green Bay Packers,draftkings,player_reception_yds,Emeka Egbuka,Under,37.5,-115,2026-10-04T04:54:41Z
20261004T045441Z,99a9bae4dc0dc2590496bd3102b211f2,2026-10-04T17:00:00Z,Tampa Bay Buccaneers,Green Bay Packers,draftkings,player_reception_yds,Chris Godwin,Over,25.5,-114,2026-10-04T04:54:41Z
20261004T045441Z,99a9bae4dc0dc2590496bd3102b211f2,2026-10-04T17:00:00Z,Tampa Bay Buccaneers,Green Bay Packers,draftkings,player_reception_yds,Chris Godwin,Under,25.5,-110,2026-10-04T04:54:41Z
20261004T045441Z,99a9bae4dc0dc2590496bd3102b211f2,2026-10-04T17:00:00Z,Tampa Bay Buccaneers,Green Bay Packers,draftkings,player_reception_yds,Cade Otton,Over,24.5,-116,2026-10-04T04:54:41Z
20261004T045441Z,99a9bae4dc0dc2590496bd3102b211f2,2026-10-04T17:00:00Z,Tampa Bay Buccaneers,Green Bay Packers,draftkings,player_reception_yds,Cade Otton,Under,24.5,-108,2026-10-04T04:54:41Z
20261004T045441Z,99a9bae4dc0dc2590496bd3102b211f2,2026-10-04T17:00:00Z,Tampa Bay Buccaneers,Green Bay Packers,draftkings,player_reception_yds,Ted Hurst III,Over,22.5,-111,2026-10-04T04:54:41Z
20261004T045441Z,99a9bae4dc0dc2590496bd3102b211f2,2026-10-04T17:00:00Z,Tampa Bay Buccaneers,Green Bay Packers,draftkings,player_reception_yds,Ted Hurst III,Under,22.5,-113,2026-10-04T04:54:41Z
20261004T045441Z,99a9bae4dc0dc2590496bd3102b211f2,2026-10-04T17:00:00Z,Tampa Bay Buccaneers,Green Bay Packers,draftkings,player_reception_yds,Skyy Moore,Over,16.5,-111,2026-10-04T04:54:41Z
20261004T045441Z,99a9bae4dc0dc2590496bd3102b211f2,2026-10-04T17:00:00Z,Tampa Bay Buccaneers,Green Bay Packers,draftkings,player_reception_yds,Skyy Moore,Under,16.5,-113,2026-10-04T04:54:41Z
20261004T045441Z,99a9bae4dc0dc2590496bd3102b211f2,2026-10-04T17:00:00Z,Tampa Bay Buccaneers,Green Bay Packers,draftkings,player_reception_yds,Bucky Irving,Over,12.5,-112,2026-10-04T04:54:41Z
20261004T045441Z,99a9bae4dc0dc2590496bd3102b211f2,2026-10-04T17:00:00Z,Tampa Bay Buccaneers,Green Bay Packers,draftkings,player_reception_yds,Bucky Irving,Under,12.5,-112,2026-10-04T04:54:41Z
20261004T045441Z,99a9bae4dc0dc2590496bd3102b211f2,2026-10-04T17:00:00Z,Tampa Bay Buccaneers,Green Bay Packers,draftkings,player_reception_yds,Kenny Gainwell,Over,9.5,-113,2026-10-04T04:54:41Z
20261004T045441Z,99a9bae4dc0dc2590496bd3102b211f2,2026-10-04T17:00:00Z,Tampa Bay Buccaneers,Green Bay Packers,draftkings,player_reception_yds,Kenny Gainwell,Under,9.5,-111,2026-10-04T04:54:41Z
20261004T045441Z,99a9bae4dc0dc2590496bd3102b211f2,2026-10-04T17:00:00Z,Tampa Bay Buccaneers,Green Bay Packers,draftkings,player_reception_yds,Tez Johnson,Over,9.5,-113,2026-10-04T04:54:41Z
20261004T045441Z,99a9bae4dc0dc2590496bd3102b211f2,2026-10-04T17:00:00Z,Tampa Bay Buccaneers,Green Bay Packers,draftkings,player_reception_yds,Tez Johnson,Under,9.5,-111,2026-10-04T04:54:41Z
20261004T045441Z,99a9bae4dc0dc2590496bd3102b211f2,2026-10-04T17:00:00Z,Tampa Bay Buccaneers,Green Bay Packers,draftkings,player_reception_yds,MarShawn Lloyd,Over,7.5,-107,2026-10-04T04:54:41Z
20261004T045441Z,99a9bae4dc0dc2590496bd3102b211f2,2026-10-04T17:00:00Z,Tampa Bay Buccaneers,Green Bay Packers,draftkings,player_reception_yds,MarShawn Lloyd,Under,7.5,-117,2026-10-04T04:54:41Z
20261004T045441Z,99a9bae4dc0dc2590496bd3102b211f2,2026-10-04T17:00:00Z,Tampa Bay Buccaneers,Green Bay Packers,draftkings,player_reception_yds,Jonnu Smith,Over,6.5,-105,2026-10-04T04:54:41Z
20261004T045441Z,99a9bae4dc0dc2590496bd3102b211f2,2026-10-04T17:00:00Z,Tampa Bay Buccaneers,Green Bay Packers,draftkings,player_reception_yds,Jonnu Smith,Under,6.5,-119,2026-10-04T04:54:41Z
20261004T045441Z,99a9bae4dc0dc2590496bd3102b211f2,2026-10-04T17:00:00Z,Tampa Bay Buccaneers,Green Bay Packers,draftkings,player_receptions,Christian Watson,Over,4.5,-139,2026-10-04T04:54:41Z
20261004T045441Z,99a9bae4dc0dc2590496bd3102b211f2,2026-10-04T17:00:00Z,Tampa Bay Buccaneers,Green Bay Packers,draftkings,player_receptions,Christian Watson,Under,4.5,109,2026-10-04T04:54:41Z
20261004T045441Z,99a9bae4dc0dc2590496bd3102b211f2,2026-10-04T17:00:00Z,Tampa Bay Buccaneers,Green Bay Packers,draftkings,player_receptions,Matthew Golden,Over,4.5,-119,2026-10-04T04:54:41Z
20261004T045441Z,99a9bae4dc0dc2590496bd3102b211f2,2026-10-04T17:00:00Z,Tampa Bay Buccaneers,Green Bay Packers,draftkings,player_receptions,Matthew Golden,Under,4.5,-107,2026-10-04T04:54:41Z
20261004T045441Z,99a9bae4dc0dc2590496bd3102b211f2,2026-10-04T17:00:00Z,Tampa Bay Buccaneers,Green Bay Packers,draftkings,player_receptions,Tucker Kraft,Over,3.5,-145,2026-10-04T04:54:41Z
20261004T045441Z,99a9bae4dc0dc2590496bd3102b211f2,2026-10-04T17:00:00Z,Tampa Bay Buccaneers,Green Bay Packers,draftkings,player_receptions,Tucker Kraft,Under,3.5,113,2026-10-04T04:54:41Z
20261004T045441Z,99a9bae4dc0dc2590496bd3102b211f2,2026-10-04T17:00:00Z,Tampa Bay Buccaneers,Green Bay Packers,draftkings,player_receptions,Emeka Egbuka,Over,3.5,107,2026-10-04T04:54:41Z
20261004T045441Z,99a9bae4dc0dc2590496bd3102b211f2,2026-10-04T17:00:00Z,Tampa Bay Buccaneers,Green Bay Packers,draftkings,player_receptions,Emeka Egbuka,Under,3.5,-137,2026-10-04T04:54:41Z
20261004T045441Z,99a9bae4dc0dc2590496bd3102b211f2,2026-10-04T17:00:00Z,Tampa Bay Buccaneers,Green Bay Packers,draftkings,player_receptions,Cade Otton,Over,2.5,-162,2026-10-04T04:54:41Z
20261004T045441Z,99a9bae4dc0dc2590496bd3102b211f2,2026-10-04T17:00:00Z,Tampa Bay Buccaneers,Green Bay Packers,draftkings,player_receptions,Cade Otton,Under,2.5,127,2026-10-04T04:54:41Z
20261004T045441Z,99a9bae4dc0dc2590496bd3102b211f2,2026-10-04T17:00:00Z,Tampa Bay Buccaneers,Green Bay Packers,draftkings,player_receptions,Chris Godwin,Over,2.5,-132,2026-10-04T04:54:41Z
20261004T045441Z,99a9bae4dc0dc2590496bd3102b211f2,2026-10-04T17:00:00Z,Tampa Bay Buccaneers,Green Bay Packers,draftkings,player_receptions,Chris Godwin,Under,2.5,104,2026-10-04T04:54:41Z
20261004T045441Z,99a9bae4dc0dc2590496bd3102b211f2,2026-10-04T17:00:00Z,Tampa Bay Buccaneers,Green Bay Packers,draftkings,player_receptions,Bucky Irving,Over,2.5,-126,2026-10-04T04:54:41Z
20261004T045441Z,99a9bae4dc0dc2590496bd3102b211f2,2026-10-04T17:00:00Z,Tampa Bay Buccaneers,Green Bay Packers,draftkings,player_receptions,Bucky Irving,Under,2.5,-101,2026-10-04T04:54:41Z
20261004T045441Z,99a9bae4dc0dc2590496bd3102b211f2,2026-10-04T17:00:00Z,Tampa Bay Buccaneers,Green Bay Packers,draftkings,player_receptions,Kenny Gainwell,Over,1.5,-172,2026-10-04T04:54:41Z
20261004T045441Z,99a9bae4dc0dc2590496bd3102b211f2,2026-10-04T17:00:00Z,Tampa Bay Buccaneers,Green Bay Packers,draftkings,player_receptions,Kenny Gainwell,Under,1.5,134,2026-10-04T04:54:41Z
20261004T045441Z,99a9bae4dc0dc2590496bd3102b211f2,2026-10-04T17:00:00Z,Tampa Bay Buccaneers,Green Bay Packers,draftkings,player_receptions,Ted Hurst III,Over,1.5,-160,2026-10-04T04:54:41Z
20261004T045441Z,99a9bae4dc0dc2590496bd3102b211f2,2026-10-04T17:00:00Z,Tampa Bay Buccaneers,Green Bay Packers,draftkings,player_receptions,Ted Hurst III,Under,1.5,125,2026-10-04T04:54:41Z
20261004T045441Z,99a9bae4dc0dc2590496bd3102b211f2,2026-10-04T17:00:00Z,Tampa Bay Buccaneers,Green Bay Packers,draftkings,player_receptions,Skyy Moore,Over,1.5,-135,2026-10-04T04:54:41Z
20261004T045441Z,99a9bae4dc0dc2590496bd3102b211f2,2026-10-04T17:00:00Z,Tampa Bay Buccaneers,Green Bay Packers,draftkings,player_receptions,Skyy Moore,Under,1.5,106,2026-10-04T04:54:41Z
20261004T045441Z,99a9bae4dc0dc2590496bd3102b211f2,2026-10-04T17:00:00Z,Tampa Bay Buccaneers,Green Bay Packers,draftkings,player_receptions,MarShawn Lloyd,Over,1.5,145,2026-10-04T04:54:41Z
20261004T045441Z,99a9bae4dc0dc2590496bd3102b211f2,2026-10-04T17:00:00Z,Tampa Bay Buccaneers,Green Bay Packers,draftkings,player_receptions,MarShawn Lloyd,Under,1.5,-187,2026-10-04T04:54:41Z
20261004T045441Z,99a9bae4dc0dc2590496bd3102b211f2,2026-10-04T17:00:00Z,Tampa Bay Buccaneers,Green Bay Packers,draftkings,player_receptions,Jonnu Smith,Over,1.5,174,2026-10-04T04:54:41Z
20261004T045441Z,99a9bae4dc0dc2590496bd3102b211f2,2026-10-04T17:00:00Z,Tampa Bay Buccaneers,Green Bay Packers,draftkings,player_receptions,Jonnu Smith,Under,1.5,-225,2026-10-04T04:54:41Z
20261004T045441Z,99a9bae4dc0dc2590496bd3102b211f2,2026-10-04T17:00:00Z,Tampa Bay Buccaneers,Green Bay Packers,draftkings,player_receptions,Tez Johnson,Over,1.5,188,2026-10-04T04:54:41Z
20261004T045441Z,99a9bae4dc0dc2590496bd3102b211f2,2026-10-04T17:00:00Z,Tampa Bay Buccaneers,Green Bay Packers,draftkings,player_receptions,Tez Johnson,Under,1.5,-245,2026-10-04T04:54:41Z
20261004T045441Z,99a9bae4dc0dc2590496bd3102b211f2,2026-10-04T17:00:00Z,Tampa Bay Buccaneers,Green Bay Packers,draftkings,player_rush_yds,Bucky Irving,Over,56.5,-110,2026-10-04T04:54:41Z
20261004T045441Z,99a9bae4dc0dc2590496bd3102b211f2,2026-10-04T17:00:00Z,Tampa Bay Buccaneers,Green Bay Packers,draftkings,player_rush_yds,Bucky Irving,Under,56.5,-114,2026-10-04T04:54:41Z
20261004T045441Z,99a9bae4dc0dc2590496bd3102b211f2,2026-10-04T17:00:00Z,Tampa Bay Buccaneers,Green Bay Packers,draftkings,player_rush_yds,Jalon Daniels,Over,33.5,-112,2026-10-04T04:54:41Z
20261004T045441Z,99a9bae4dc0dc2590496bd3102b211f2,2026-10-04T17:00:00Z,Tampa Bay Buccaneers,Green Bay Packers,draftkings,player_rush_yds,Jalon Daniels,Under,33.5,-112,2026-10-04T04:54:41Z
20261004T045441Z,99a9bae4dc0dc2590496bd3102b211f2,2026-10-04T17:00:00Z,Tampa Bay Buccaneers,Green Bay Packers,draftkings,player_rush_yds,Kaleb Johnson,Over,31.5,-109,2026-10-04T04:54:41Z
20261004T045441Z,99a9bae4dc0dc2590496bd3102b211f2,2026-10-04T17:00:00Z,Tampa Bay Buccaneers,Green Bay Packers,draftkings,player_rush_yds,Kaleb Johnson,Under,31.5,-115,2026-10-04T04:54:41Z
20261004T045441Z,99a9bae4dc0dc2590496bd3102b211f2,2026-10-04T17:00:00Z,Tampa Bay Buccaneers,Green Bay Packers,draftkings,player_rush_yds,MarShawn Lloyd,Over,23.5,-108,2026-10-04T04:54:41Z
20261004T045441Z,99a9bae4dc0dc2590496bd3102b211f2,2026-10-04T17:00:00Z,Tampa Bay Buccaneers,Green Bay Packers,draftkings,player_rush_yds,MarShawn Lloyd,Under,23.5,-116,2026-10-04T04:54:41Z
20261004T045441Z,99a9bae4dc0dc2590496bd3102b211f2,2026-10-04T17:00:00Z,Tampa Bay Buccaneers,Green Bay Packers,draftkings,player_rush_yds,Kenny Gainwell,Over,13.5,-120,2026-10-04T04:54:41Z
20261004T045441Z,99a9bae4dc0dc2590496bd3102b211f2,2026-10-04T17:00:00Z,Tampa Bay Buccaneers,Green Bay Packers,draftkings,player_rush_yds,Kenny Gainwell,Under,13.5,-104,2026-10-04T04:54:41Z
20261004T045441Z,99a9bae4dc0dc2590496bd3102b211f2,2026-10-04T17:00:00Z,Tampa Bay Buccaneers,Green Bay Packers,draftkings,player_rush_yds,Jordan Love,Over,5.5,-107,2026-10-04T04:54:41Z
20261004T045441Z,99a9bae4dc0dc2590496bd3102b211f2,2026-10-04T17:00:00Z,Tampa Bay Buccaneers,Green Bay Packers,draftkings,player_rush_yds,Jordan Love,Under,5.5,-118,2026-10-04T04:54:41Z
20261004T045441Z,99a9bae4dc0dc2590496bd3102b211f2,2026-10-04T17:00:00Z,Tampa Bay Buccaneers,Green Bay Packers,fanduel,player_pass_yds,Jordan Love,Over,238.5,-113,2026-10-04T04:54:10Z
20261004T045441Z,99a9bae4dc0dc2590496bd3102b211f2,2026-10-04T17:00:00Z,Tampa Bay Buccaneers,Green Bay Packers,fanduel,player_pass_yds,Jordan Love,Under,238.5,-113,2026-10-04T04:54:10Z
20261004T045441Z,99a9bae4dc0dc2590496bd3102b211f2,2026-10-04T17:00:00Z,Tampa Bay Buccaneers,Green Bay Packers,fanduel,player_pass_yds,Jalon Daniels,Over,170.5,-113,2026-10-04T04:54:10Z
20261004T045441Z,99a9bae4dc0dc2590496bd3102b211f2,2026-10-04T17:00:00Z,Tampa Bay Buccaneers,Green Bay Packers,fanduel,player_pass_yds,Jalon Daniels,Under,170.5,-113,2026-10-04T04:54:10Z
20261004T045441Z,99a9bae4dc0dc2590496bd3102b211f2,2026-10-04T17:00:00Z,Tampa Bay Buccaneers,Green Bay Packers,fanduel,player_reception_yds,Tez Johnson,Over,10.5,-113,2026-10-04T04:54:10Z
20261004T045441Z,99a9bae4dc0dc2590496bd3102b211f2,2026-10-04T17:00:00Z,Tampa Bay Buccaneers,Green Bay Packers,fanduel,player_reception_yds,Tez Johnson,Under,10.5,-113,2026-10-04T04:54:10Z
20261004T045441Z,99a9bae4dc0dc2590496bd3102b211f2,2026-10-04T17:00:00Z,Tampa Bay Buccaneers,Green Bay Packers,fanduel,player_reception_yds,Cade Otton,Over,24.5,-113,2026-10-04T04:54:10Z
20261004T045441Z,99a9bae4dc0dc2590496bd3102b211f2,2026-10-04T17:00:00Z,Tampa Bay Buccaneers,Green Bay Packers,fanduel,player_reception_yds,Cade Otton,Under,24.5,-113,2026-10-04T04:54:10Z
20261004T045441Z,99a9bae4dc0dc2590496bd3102b211f2,2026-10-04T17:00:00Z,Tampa Bay Buccaneers,Green Bay Packers,fanduel,player_reception_yds,Jonnu Smith,Over,6.5,-113,2026-10-04T04:54:10Z
20261004T045441Z,99a9bae4dc0dc2590496bd3102b211f2,2026-10-04T17:00:00Z,Tampa Bay Buccaneers,Green Bay Packers,fanduel,player_reception_yds,Jonnu Smith,Under,6.5,-113,2026-10-04T04:54:10Z
20261004T045441Z,99a9bae4dc0dc2590496bd3102b211f2,2026-10-04T17:00:00Z,Tampa Bay Buccaneers,Green Bay Packers,fanduel,player_reception_yds,Skyy Moore,Over,17.5,-113,2026-10-04T04:54:10Z
20261004T045441Z,99a9bae4dc0dc2590496bd3102b211f2,2026-10-04T17:00:00Z,Tampa Bay Buccaneers,Green Bay Packers,fanduel,player_reception_yds,Skyy Moore,Under,17.5,-113,2026-10-04T04:54:10Z
20261004T045441Z,99a9bae4dc0dc2590496bd3102b211f2,2026-10-04T17:00:00Z,Tampa Bay Buccaneers,Green Bay Packers,fanduel,player_reception_yds,Bucky Irving,Over,11.5,-113,2026-10-04T04:54:10Z
20261004T045441Z,99a9bae4dc0dc2590496bd3102b211f2,2026-10-04T17:00:00Z,Tampa Bay Buccaneers,Green Bay Packers,fanduel,player_reception_yds,Bucky Irving,Under,11.5,-113,2026-10-04T04:54:10Z
20261004T045441Z,99a9bae4dc0dc2590496bd3102b211f2,2026-10-04T17:00:00Z,Tampa Bay Buccaneers,Green Bay Packers,fanduel,player_reception_yds,Emeka Egbuka,Over,37.5,-113,2026-10-04T04:54:10Z
20261004T045441Z,99a9bae4dc0dc2590496bd3102b211f2,2026-10-04T17:00:00Z,Tampa Bay Buccaneers,Green Bay Packers,fanduel,player_reception_yds,Emeka Egbuka,Under,37.5,-113,2026-10-04T04:54:10Z
20261004T045441Z,99a9bae4dc0dc2590496bd3102b211f2,2026-10-04T17:00:00Z,Tampa Bay Buccaneers,Green Bay Packers,fanduel,player_reception_yds,Christian Watson,Over,67.5,-113,2026-10-04T04:54:10Z
20261004T045441Z,99a9bae4dc0dc2590496bd3102b211f2,2026-10-04T17:00:00Z,Tampa Bay Buccaneers,Green Bay Packers,fanduel,player_reception_yds,Christian Watson,Under,67.5,-113,2026-10-04T04:54:10Z
20261004T045441Z,99a9bae4dc0dc2590496bd3102b211f2,2026-10-04T17:00:00Z,Tampa Bay Buccaneers,Green Bay Packers,fanduel,player_reception_yds,Chris Godwin,Over,27.5,-113,2026-10-04T04:54:10Z
20261004T045441Z,99a9bae4dc0dc2590496bd3102b211f2,2026-10-04T17:00:00Z,Tampa Bay Buccaneers,Green Bay Packers,fanduel,player_reception_yds,Chris Godwin,Under,27.5,-113,2026-10-04T04:54:10Z
20261004T045441Z,99a9bae4dc0dc2590496bd3102b211f2,2026-10-04T17:00:00Z,Tampa Bay Buccaneers,Green Bay Packers,fanduel,player_reception_yds,Kenny Gainwell,Over,8.5,-113,2026-10-04T04:54:10Z
20261004T045441Z,99a9bae4dc0dc2590496bd3102b211f2,2026-10-04T17:00:00Z,Tampa Bay Buccaneers,Green Bay Packers,fanduel,player_reception_yds,Kenny Gainwell,Under,8.5,-113,2026-10-04T04:54:10Z
20261004T045441Z,99a9bae4dc0dc2590496bd3102b211f2,2026-10-04T17:00:00Z,Tampa Bay Buccaneers,Green Bay Packers,fanduel,player_reception_yds,Tucker Kraft,Over,40.5,-113,2026-10-04T04:54:10Z
20261004T045441Z,99a9bae4dc0dc2590496bd3102b211f2,2026-10-04T17:00:00Z,Tampa Bay Buccaneers,Green Bay Packers,fanduel,player_reception_yds,Tucker Kraft,Under,40.5,-113,2026-10-04T04:54:10Z
20261004T045441Z,99a9bae4dc0dc2590496bd3102b211f2,2026-10-04T17:00:00Z,Tampa Bay Buccaneers,Green Bay Packers,fanduel,player_reception_yds,Matthew Golden,Over,56.5,-113,2026-10-04T04:54:10Z
20261004T045441Z,99a9bae4dc0dc2590496bd3102b211f2,2026-10-04T17:00:00Z,Tampa Bay Buccaneers,Green Bay Packers,fanduel,player_reception_yds,Matthew Golden,Under,56.5,-113,2026-10-04T04:54:10Z
20261004T045441Z,99a9bae4dc0dc2590496bd3102b211f2,2026-10-04T17:00:00Z,Tampa Bay Buccaneers,Green Bay Packers,fanduel,player_reception_yds,Ted Hurst III,Over,21.5,-113,2026-10-04T04:54:10Z
20261004T045441Z,99a9bae4dc0dc2590496bd3102b211f2,2026-10-04T17:00:00Z,Tampa Bay Buccaneers,Green Bay Packers,fanduel,player_reception_yds,Ted Hurst III,Under,21.5,-113,2026-10-04T04:54:10Z
20261004T045441Z,99a9bae4dc0dc2590496bd3102b211f2,2026-10-04T17:00:00Z,Tampa Bay Buccaneers,Green Bay Packers,fanduel,player_reception_yds,MarShawn Lloyd,Over,5.5,-113,2026-10-04T04:54:10Z
20261004T045441Z,99a9bae4dc0dc2590496bd3102b211f2,2026-10-04T17:00:00Z,Tampa Bay Buccaneers,Green Bay Packers,fanduel,player_reception_yds,MarShawn Lloyd,Under,5.5,-113,2026-10-04T04:54:10Z
20261004T045441Z,99a9bae4dc0dc2590496bd3102b211f2,2026-10-04T17:00:00Z,Tampa Bay Buccaneers,Green Bay Packers,fanduel,player_receptions,Ted Hurst III,Over,1.5,-180,2026-10-04T04:54:10Z
20261004T045441Z,99a9bae4dc0dc2590496bd3102b211f2,2026-10-04T17:00:00Z,Tampa Bay Buccaneers,Green Bay Packers,fanduel,player_receptions,Ted Hurst III,Under,1.5,134,2026-10-04T04:54:10Z
20261004T045441Z,99a9bae4dc0dc2590496bd3102b211f2,2026-10-04T17:00:00Z,Tampa Bay Buccaneers,Green Bay Packers,fanduel,player_receptions,Cade Otton,Over,2.5,-160,2026-10-04T04:54:10Z
20261004T045441Z,99a9bae4dc0dc2590496bd3102b211f2,2026-10-04T17:00:00Z,Tampa Bay Buccaneers,Green Bay Packers,fanduel,player_receptions,Cade Otton,Under,2.5,120,2026-10-04T04:54:10Z
20261004T045441Z,99a9bae4dc0dc2590496bd3102b211f2,2026-10-04T17:00:00Z,Tampa Bay Buccaneers,Green Bay Packers,fanduel,player_receptions,Skyy Moore,Over,1.5,-130,2026-10-04T04:54:10Z
20261004T045441Z,99a9bae4dc0dc2590496bd3102b211f2,2026-10-04T17:00:00Z,Tampa Bay Buccaneers,Green Bay Packers,fanduel,player_receptions,Skyy Moore,Under,1.5,-102,2026-10-04T04:54:10Z
20261004T045441Z,99a9bae4dc0dc2590496bd3102b211f2,2026-10-04T17:00:00Z,Tampa Bay Buccaneers,Green Bay Packers,fanduel,player_receptions,Jonnu Smith,Over,0.5,-225,2026-10-04T04:54:10Z
20261004T045441Z,99a9bae4dc0dc2590496bd3102b211f2,2026-10-04T17:00:00Z,Tampa Bay Buccaneers,Green Bay Packers,fanduel,player_receptions,Jonnu Smith,Under,0.5,164,2026-10-04T04:54:10Z
20261004T045441Z,99a9bae4dc0dc2590496bd3102b211f2,2026-10-04T17:00:00Z,Tampa Bay Buccaneers,Green Bay Packers,fanduel,player_receptions,Emeka Egbuka,Over,3.5,102,2026-10-04T04:54:10Z
20261004T045441Z,99a9bae4dc0dc2590496bd3102b211f2,2026-10-04T17:00:00Z,Tampa Bay Buccaneers,Green Bay Packers,fanduel,player_receptions,Emeka Egbuka,Under,3.5,-136,2026-10-04T04:54:10Z
20261004T045441Z,99a9bae4dc0dc2590496bd3102b211f2,2026-10-04T17:00:00Z,Tampa Bay Buccaneers,Green Bay Packers,fanduel,player_receptions,Matthew Golden,Over,4.5,-114,2026-10-04T04:54:10Z
20261004T045441Z,99a9bae4dc0dc2590496bd3102b211f2,2026-10-04T17:00:00Z,Tampa Bay Buccaneers,Green Bay Packers,fanduel,player_receptions,Matthew Golden,Under,4.5,-114,2026-10-04T04:54:10Z
20261004T045441Z,99a9bae4dc0dc2590496bd3102b211f2,2026-10-04T17:00:00Z,Tampa Bay Buccaneers,Green Bay Packers,fanduel,player_receptions,Tez Johnson,Over,1.5,162,2026-10-04T04:54:10Z
20261004T045441Z,99a9bae4dc0dc2590496bd3102b211f2,2026-10-04T17:00:00Z,Tampa Bay Buccaneers,Green Bay Packers,fanduel,player_receptions,Tez Johnson,Under,1.5,-220,2026-10-04T04:54:10Z
20261004T045441Z,99a9bae4dc0dc2590496bd3102b211f2,2026-10-04T17:00:00Z,Tampa Bay Buccaneers,Green Bay Packers,fanduel,player_receptions,Bucky Irving,Over,2.5,-120,2026-10-04T04:54:10Z
20261004T045441Z,99a9bae4dc0dc2590496bd3102b211f2,2026-10-04T17:00:00Z,Tampa Bay Buccaneers,Green Bay Packers,fanduel,player_receptions,Bucky Irving,Under,2.5,-110,2026-10-04T04:54:10Z
20261004T045441Z,99a9bae4dc0dc2590496bd3102b211f2,2026-10-04T17:00:00Z,Tampa Bay Buccaneers,Green Bay Packers,fanduel,player_receptions,Kenny Gainwell,Over,2.5,144,2026-10-04T04:54:10Z
20261004T045441Z,99a9bae4dc0dc2590496bd3102b211f2,2026-10-04T17:00:00Z,Tampa Bay Buccaneers,Green Bay Packers,fanduel,player_receptions,Kenny Gainwell,Under,2.5,-194,2026-10-04T04:54:10Z
20261004T045441Z,99a9bae4dc0dc2590496bd3102b211f2,2026-10-04T17:00:00Z,Tampa Bay Buccaneers,Green Bay Packers,fanduel,player_receptions,Christian Watson,Over,4.5,-154,2026-10-04T04:54:10Z
20261004T045441Z,99a9bae4dc0dc2590496bd3102b211f2,2026-10-04T17:00:00Z,Tampa Bay Buccaneers,Green Bay Packers,fanduel,player_receptions,Christian Watson,Under,4.5,116,2026-10-04T04:54:10Z
20261004T045441Z,99a9bae4dc0dc2590496bd3102b211f2,2026-10-04T17:00:00Z,Tampa Bay Buccaneers,Green Bay Packers,fanduel,player_receptions,Tucker Kraft,Over,3.5,-158,2026-10-04T04:54:10Z
20261004T045441Z,99a9bae4dc0dc2590496bd3102b211f2,2026-10-04T17:00:00Z,Tampa Bay Buccaneers,Green Bay Packers,fanduel,player_receptions,Tucker Kraft,Under,3.5,118,2026-10-04T04:54:10Z
20261004T045441Z,99a9bae4dc0dc2590496bd3102b211f2,2026-10-04T17:00:00Z,Tampa Bay Buccaneers,Green Bay Packers,fanduel,player_receptions,Chris Godwin,Over,2.5,-130,2026-10-04T04:54:10Z
20261004T045441Z,99a9bae4dc0dc2590496bd3102b211f2,2026-10-04T17:00:00Z,Tampa Bay Buccaneers,Green Bay Packers,fanduel,player_receptions,Chris Godwin,Under,2.5,-102,2026-10-04T04:54:10Z
20261004T045441Z,99a9bae4dc0dc2590496bd3102b211f2,2026-10-04T17:00:00Z,Tampa Bay Buccaneers,Green Bay Packers,fanduel,player_receptions,MarShawn Lloyd,Over,1.5,144,2026-10-04T04:54:10Z
20261004T045441Z,99a9bae4dc0dc2590496bd3102b211f2,2026-10-04T17:00:00Z,Tampa Bay Buccaneers,Green Bay Packers,fanduel,player_receptions,MarShawn Lloyd,Under,1.5,-194,2026-10-04T04:54:10Z
20261004T045441Z,99a9bae4dc0dc2590496bd3102b211f2,2026-10-04T17:00:00Z,Tampa Bay Buccaneers,Green Bay Packers,fanduel,player_rush_yds,MarShawn Lloyd,Over,23.5,-113,2026-10-04T04:54:10Z
20261004T045441Z,99a9bae4dc0dc2590496bd3102b211f2,2026-10-04T17:00:00Z,Tampa Bay Buccaneers,Green Bay Packers,fanduel,player_rush_yds,MarShawn Lloyd,Under,23.5,-113,2026-10-04T04:54:10Z
20261004T045441Z,99a9bae4dc0dc2590496bd3102b211f2,2026-10-04T17:00:00Z,Tampa Bay Buccaneers,Green Bay Packers,fanduel,player_rush_yds,Bucky Irving,Over,55.5,-113,2026-10-04T04:54:10Z
20261004T045441Z,99a9bae4dc0dc2590496bd3102b211f2,2026-10-04T17:00:00Z,Tampa Bay Buccaneers,Green Bay Packers,fanduel,player_rush_yds,Bucky Irving,Under,55.5,-113,2026-10-04T04:54:10Z
20261004T045441Z,99a9bae4dc0dc2590496bd3102b211f2,2026-10-04T17:00:00Z,Tampa Bay Buccaneers,Green Bay Packers,fanduel,player_rush_yds,Jalon Daniels,Over,32.5,-113,2026-10-04T04:54:10Z
20261004T045441Z,99a9bae4dc0dc2590496bd3102b211f2,2026-10-04T17:00:00Z,Tampa Bay Buccaneers,Green Bay Packers,fanduel,player_rush_yds,Jalon Daniels,Under,32.5,-113,2026-10-04T04:54:10Z
20261004T045441Z,99a9bae4dc0dc2590496bd3102b211f2,2026-10-04T17:00:00Z,Tampa Bay Buccaneers,Green Bay Packers,fanduel,player_rush_yds,Jordan Love,Over,4.5,-113,2026-10-04T04:54:10Z
20261004T045441Z,99a9bae4dc0dc2590496bd3102b211f2,2026-10-04T17:00:00Z,Tampa Bay Buccaneers,Green Bay Packers,fanduel,player_rush_yds,Jordan Love,Under,4.5,-113,2026-10-04T04:54:10Z
20261004T045441Z,99a9bae4dc0dc2590496bd3102b211f2,2026-10-04T17:00:00Z,Tampa Bay Buccaneers,Green Bay Packers,fanduel,player_rush_yds,Kaleb Johnson,Over,31.5,-113,2026-10-04T04:54:10Z
20261004T045441Z,99a9bae4dc0dc2590496bd3102b211f2,2026-10-04T17:00:00Z,Tampa Bay Buccaneers,Green Bay Packers,fanduel,player_rush_yds,Kaleb Johnson,Under,31.5,-113,2026-10-04T04:54:10Z
20261004T045441Z,99a9bae4dc0dc2590496bd3102b211f2,2026-10-04T17:00:00Z,Tampa Bay Buccaneers,Green Bay Packers,fanduel,player_rush_yds,Kenny Gainwell,Over,14.5,-113,2026-10-04T04:54:10Z
20261004T045441Z,99a9bae4dc0dc2590496bd3102b211f2,2026-10-04T17:00:00Z,Tampa Bay Buccaneers,Green Bay Packers,fanduel,player_rush_yds,Kenny Gainwell,Under,14.5,-113,2026-10-04T04:54:10Z
20261004T045441Z,99a9bae4dc0dc2590496bd3102b211f2,2026-10-04T17:00:00Z,Tampa Bay Buccaneers,Green Bay Packers,betonlineag,player_pass_yds,Jalon Daniels,Over,171.5,-115,2026-10-04T04:53:51Z
20261004T045441Z,99a9bae4dc0dc2590496bd3102b211f2,2026-10-04T17:00:00Z,Tampa Bay Buccaneers,Green Bay Packers,betonlineag,player_pass_yds,Jalon Daniels,Under,171.5,-112,2026-10-04T04:53:51Z
20261004T045441Z,99a9bae4dc0dc2590496bd3102b211f2,2026-10-04T17:00:00Z,Tampa Bay Buccaneers,Green Bay Packers,betonlineag,player_pass_yds,Jordan Love,Over,238.5,-114,2026-10-04T04:53:51Z
20261004T045441Z,99a9bae4dc0dc2590496bd3102b211f2,2026-10-04T17:00:00Z,Tampa Bay Buccaneers,Green Bay Packers,betonlineag,player_pass_yds,Jordan Love,Under,238.5,-114,2026-10-04T04:53:51Z
20261004T045441Z,99a9bae4dc0dc2590496bd3102b211f2,2026-10-04T17:00:00Z,Tampa Bay Buccaneers,Green Bay Packers,betonlineag,player_reception_yds,Bucky Irving,Over,12.5,-115,2026-10-04T04:53:51Z
20261004T045441Z,99a9bae4dc0dc2590496bd3102b211f2,2026-10-04T17:00:00Z,Tampa Bay Buccaneers,Green Bay Packers,betonlineag,player_reception_yds,Bucky Irving,Under,12.5,-112,2026-10-04T04:53:51Z
20261004T045441Z,99a9bae4dc0dc2590496bd3102b211f2,2026-10-04T17:00:00Z,Tampa Bay Buccaneers,Green Bay Packers,betonlineag,player_reception_yds,Tucker Kraft,Over,41.5,-114,2026-10-04T04:53:51Z
20261004T045441Z,99a9bae4dc0dc2590496bd3102b211f2,2026-10-04T17:00:00Z,Tampa Bay Buccaneers,Green Bay Packers,betonlineag,player_reception_yds,Tucker Kraft,Under,41.5,-114,2026-10-04T04:53:51Z
20261004T045441Z,99a9bae4dc0dc2590496bd3102b211f2,2026-10-04T17:00:00Z,Tampa Bay Buccaneers,Green Bay Packers,betonlineag,player_reception_yds,Emeka Egbuka,Over,37.5,-115,2026-10-04T04:53:51Z
20261004T045441Z,99a9bae4dc0dc2590496bd3102b211f2,2026-10-04T17:00:00Z,Tampa Bay Buccaneers,Green Bay Packers,betonlineag,player_reception_yds,Emeka Egbuka,Under,37.5,-112,2026-10-04T04:53:51Z
20261004T045441Z,99a9bae4dc0dc2590496bd3102b211f2,2026-10-04T17:00:00Z,Tampa Bay Buccaneers,Green Bay Packers,betonlineag,player_reception_yds,Chris Godwin,Over,26.5,-110,2026-10-04T04:53:51Z
20261004T045441Z,99a9bae4dc0dc2590496bd3102b211f2,2026-10-04T17:00:00Z,Tampa Bay Buccaneers,Green Bay Packers,betonlineag,player_reception_yds,Chris Godwin,Under,26.5,-118,2026-10-04T04:53:51Z
20261004T045441Z,99a9bae4dc0dc2590496bd3102b211f2,2026-10-04T17:00:00Z,Tampa Bay Buccaneers,Green Bay Packers,betonlineag,player_reception_yds,MarShawn Lloyd,Over,6.5,-114,2026-10-04T04:53:51Z
20261004T045441Z,99a9bae4dc0dc2590496bd3102b211f2,2026-10-04T17:00:00Z,Tampa Bay Buccaneers,Green Bay Packers,betonlineag,player_reception_yds,MarShawn Lloyd,Under,6.5,-114,2026-10-04T04:53:51Z
20261004T045441Z,99a9bae4dc0dc2590496bd3102b211f2,2026-10-04T17:00:00Z,Tampa Bay Buccaneers,Green Bay Packers,betonlineag,player_reception_yds,Christian Watson,Over,66.5,-114,2026-10-04T04:53:51Z
20261004T045441Z,99a9bae4dc0dc2590496bd3102b211f2,2026-10-04T17:00:00Z,Tampa Bay Buccaneers,Green Bay Packers,betonlineag,player_reception_yds,Christian Watson,Under,66.5,-114,2026-10-04T04:53:51Z
20261004T045441Z,99a9bae4dc0dc2590496bd3102b211f2,2026-10-04T17:00:00Z,Tampa Bay Buccaneers,Green Bay Packers,betonlineag,player_reception_yds,Kenny Gainwell,Over,10.5,-111,2026-10-04T04:53:51Z
20261004T045441Z,99a9bae4dc0dc2590496bd3102b211f2,2026-10-04T17:00:00Z,Tampa Bay Buccaneers,Green Bay Packers,betonlineag,player_reception_yds,Kenny Gainwell,Under,10.5,-116,2026-10-04T04:53:51Z
20261004T045441Z,99a9bae4dc0dc2590496bd3102b211f2,2026-10-04T17:00:00Z,Tampa Bay Buccaneers,Green Bay Packers,betonlineag,player_reception_yds,Jonnu Smith,Over,6.5,-103,2026-10-04T04:53:51Z
20261004T045441Z,99a9bae4dc0dc2590496bd3102b211f2,2026-10-04T17:00:00Z,Tampa Bay Buccaneers,Green Bay Packers,betonlineag,player_reception_yds,Jonnu Smith,Under,6.5,-125,2026-10-04T04:53:51Z
20261004T045441Z,99a9bae4dc0dc2590496bd3102b211f2,2026-10-04T17:00:00Z,Tampa Bay Buccaneers,Green Bay Packers,betonlineag,player_reception_yds,Tez Johnson,Over,10.5,-116,2026-10-04T04:53:51Z
20261004T045441Z,99a9bae4dc0dc2590496bd3102b211f2,2026-10-04T17:00:00Z,Tampa Bay Buccaneers,Green Bay Packers,betonlineag,player_reception_yds,Tez Johnson,Under,10.5,-111,2026-10-04T04:53:51Z
20261004T045441Z,99a9bae4dc0dc2590496bd3102b211f2,2026-10-04T17:00:00Z,Tampa Bay Buccaneers,Green Bay Packers,betonlineag,player_reception_yds,Skyy Moore,Over,16.5,-114,2026-10-04T04:53:51Z
20261004T045441Z,99a9bae4dc0dc2590496bd3102b211f2,2026-10-04T17:00:00Z,Tampa Bay Buccaneers,Green Bay Packers,betonlineag,player_reception_yds,Skyy Moore,Under,16.5,-114,2026-10-04T04:53:51Z
20261004T045441Z,99a9bae4dc0dc2590496bd3102b211f2,2026-10-04T17:00:00Z,Tampa Bay Buccaneers,Green Bay Packers,betonlineag,player_reception_yds,Matthew Golden,Over,56.5,-115,2026-10-04T04:53:51Z
20261004T045441Z,99a9bae4dc0dc2590496bd3102b211f2,2026-10-04T17:00:00Z,Tampa Bay Buccaneers,Green Bay Packers,betonlineag,player_reception_yds,Matthew Golden,Under,56.5,-112,2026-10-04T04:53:51Z
20261004T045441Z,99a9bae4dc0dc2590496bd3102b211f2,2026-10-04T17:00:00Z,Tampa Bay Buccaneers,Green Bay Packers,betonlineag,player_reception_yds,Ted Hurst III,Over,21.5,-118,2026-10-04T04:53:51Z
20261004T045441Z,99a9bae4dc0dc2590496bd3102b211f2,2026-10-04T17:00:00Z,Tampa Bay Buccaneers,Green Bay Packers,betonlineag,player_reception_yds,Ted Hurst III,Under,21.5,-110,2026-10-04T04:53:51Z
20261004T045441Z,99a9bae4dc0dc2590496bd3102b211f2,2026-10-04T17:00:00Z,Tampa Bay Buccaneers,Green Bay Packers,betonlineag,player_reception_yds,Cade Otton,Over,24.5,-118,2026-10-04T04:53:51Z
20261004T045441Z,99a9bae4dc0dc2590496bd3102b211f2,2026-10-04T17:00:00Z,Tampa Bay Buccaneers,Green Bay Packers,betonlineag,player_reception_yds,Cade Otton,Under,24.5,-110,2026-10-04T04:53:51Z
20261004T045441Z,99a9bae4dc0dc2590496bd3102b211f2,2026-10-04T17:00:00Z,Tampa Bay Buccaneers,Green Bay Packers,betonlineag,player_receptions,Tucker Kraft,Over,3.5,-159,2026-10-04T04:53:51Z
20261004T045441Z,99a9bae4dc0dc2590496bd3102b211f2,2026-10-04T17:00:00Z,Tampa Bay Buccaneers,Green Bay Packers,betonlineag,player_receptions,Tucker Kraft,Under,3.5,122,2026-10-04T04:53:51Z
20261004T045441Z,99a9bae4dc0dc2590496bd3102b211f2,2026-10-04T17:00:00Z,Tampa Bay Buccaneers,Green Bay Packers,betonlineag,player_receptions,Emeka Egbuka,Over,3.5,104,2026-10-04T04:53:51Z
20261004T045441Z,99a9bae4dc0dc2590496bd3102b211f2,2026-10-04T17:00:00Z,Tampa Bay Buccaneers,Green Bay Packers,betonlineag,player_receptions,Emeka Egbuka,Under,3.5,-135,2026-10-04T04:53:51Z
20261004T045441Z,99a9bae4dc0dc2590496bd3102b211f2,2026-10-04T17:00:00Z,Tampa Bay Buccaneers,Green Bay Packers,betonlineag,player_receptions,Christian Watson,Over,4.5,-147,2026-10-04T04:53:51Z
20261004T045441Z,99a9bae4dc0dc2590496bd3102b211f2,2026-10-04T17:00:00Z,Tampa Bay Buccaneers,Green Bay Packers,betonlineag,player_receptions,Christian Watson,Under,4.5,114,2026-10-04T04:53:51Z
20261004T045441Z,99a9bae4dc0dc2590496bd3102b211f2,2026-10-04T17:00:00Z,Tampa Bay Buccaneers,Green Bay Packers,betonlineag,player_receptions,Matthew Golden,Over,4.5,-119,2026-10-04T04:53:51Z
20261004T045441Z,99a9bae4dc0dc2590496bd3102b211f2,2026-10-04T17:00:00Z,Tampa Bay Buccaneers,Green Bay Packers,betonlineag,player_receptions,Matthew Golden,Under,4.5,-109,2026-10-04T04:53:51Z
20261004T045441Z,99a9bae4dc0dc2590496bd3102b211f2,2026-10-04T17:00:00Z,Tampa Bay Buccaneers,Green Bay Packers,betonlineag,player_receptions,Chris Godwin,Over,2.5,-130,2026-10-04T04:53:51Z
20261004T045441Z,99a9bae4dc0dc2590496bd3102b211f2,2026-10-04T17:00:00Z,Tampa Bay Buccaneers,Green Bay Packers,betonlineag,player_receptions,Chris Godwin,Under,2.5,101,2026-10-04T04:53:51Z
20261004T045441Z,99a9bae4dc0dc2590496bd3102b211f2,2026-10-04T17:00:00Z,Tampa Bay Buccaneers,Green Bay Packers,betonlineag,player_receptions,Bucky Irving,Over,2.5,-118,2026-10-04T04:53:51Z
20261004T045441Z,99a9bae4dc0dc2590496bd3102b211f2,2026-10-04T17:00:00Z,Tampa Bay Buccaneers,Green Bay Packers,betonlineag,player_receptions,Bucky Irving,Under,2.5,-110,2026-10-04T04:53:51Z
20261004T045441Z,99a9bae4dc0dc2590496bd3102b211f2,2026-10-04T17:00:00Z,Tampa Bay Buccaneers,Green Bay Packers,betonlineag,player_receptions,Cade Otton,Over,2.5,-164,2026-10-04T04:53:51Z
20261004T045441Z,99a9bae4dc0dc2590496bd3102b211f2,2026-10-04T17:00:00Z,Tampa Bay Buccaneers,Green Bay Packers,betonlineag,player_receptions,Cade Otton,Under,2.5,125,2026-10-04T04:53:51Z
20261004T045441Z,99a9bae4dc0dc2590496bd3102b211f2,2026-10-04T17:00:00Z,Tampa Bay Buccaneers,Green Bay Packers,betonlineag,player_receptions,MarShawn Lloyd,Over,1.5,141,2026-10-04T04:53:51Z
20261004T045441Z,99a9bae4dc0dc2590496bd3102b211f2,2026-10-04T17:00:00Z,Tampa Bay Buccaneers,Green Bay Packers,betonlineag,player_receptions,MarShawn Lloyd,Under,1.5,-185,2026-10-04T04:53:51Z
20261004T045441Z,99a9bae4dc0dc2590496bd3102b211f2,2026-10-04T17:00:00Z,Tampa Bay Buccaneers,Green Bay Packers,betonlineag,player_receptions,Jonnu Smith,Over,1.5,167,2026-10-04T04:53:51Z
20261004T045441Z,99a9bae4dc0dc2590496bd3102b211f2,2026-10-04T17:00:00Z,Tampa Bay Buccaneers,Green Bay Packers,betonlineag,player_receptions,Jonnu Smith,Under,1.5,-222,2026-10-04T04:53:51Z
20261004T045441Z,99a9bae4dc0dc2590496bd3102b211f2,2026-10-04T17:00:00Z,Tampa Bay Buccaneers,Green Bay Packers,betonlineag,player_receptions,Skyy Moore,Over,1.5,-116,2026-10-04T04:53:51Z
20261004T045441Z,99a9bae4dc0dc2590496bd3102b211f2,2026-10-04T17:00:00Z,Tampa Bay Buccaneers,Green Bay Packers,betonlineag,player_receptions,Skyy Moore,Under,1.5,-111,2026-10-04T04:53:51Z
20261004T045441Z,99a9bae4dc0dc2590496bd3102b211f2,2026-10-04T17:00:00Z,Tampa Bay Buccaneers,Green Bay Packers,betonlineag,player_receptions,Ted Hurst III,Over,1.5,-179,2026-10-04T04:53:51Z
20261004T045441Z,99a9bae4dc0dc2590496bd3102b211f2,2026-10-04T17:00:00Z,Tampa Bay Buccaneers,Green Bay Packers,betonlineag,player_receptions,Ted Hurst III,Under,1.5,136,2026-10-04T04:53:51Z
20261004T045441Z,99a9bae4dc0dc2590496bd3102b211f2,2026-10-04T17:00:00Z,Tampa Bay Buccaneers,Green Bay Packers,betonlineag,player_receptions,Tez Johnson,Over,1.5,164,2026-10-04T04:53:51Z
20261004T045441Z,99a9bae4dc0dc2590496bd3102b211f2,2026-10-04T17:00:00Z,Tampa Bay Buccaneers,Green Bay Packers,betonlineag,player_receptions,Tez Johnson,Under,1.5,-217,2026-10-04T04:53:51Z
20261004T045441Z,99a9bae4dc0dc2590496bd3102b211f2,2026-10-04T17:00:00Z,Tampa Bay Buccaneers,Green Bay Packers,betonlineag,player_receptions,Kenny Gainwell,Over,1.5,-175,2026-10-04T04:53:51Z
20261004T045441Z,99a9bae4dc0dc2590496bd3102b211f2,2026-10-04T17:00:00Z,Tampa Bay Buccaneers,Green Bay Packers,betonlineag,player_receptions,Kenny Gainwell,Under,1.5,135,2026-10-04T04:53:51Z
20261004T045441Z,99a9bae4dc0dc2590496bd3102b211f2,2026-10-04T17:00:00Z,Tampa Bay Buccaneers,Green Bay Packers,betonlineag,player_rush_yds,Kaleb Johnson,Over,31.5,-111,2026-10-04T04:53:51Z
20261004T045441Z,99a9bae4dc0dc2590496bd3102b211f2,2026-10-04T17:00:00Z,Tampa Bay Buccaneers,Green Bay Packers,betonlineag,player_rush_yds,Kaleb Johnson,Under,31.5,-116,2026-10-04T04:53:51Z
20261004T045441Z,99a9bae4dc0dc2590496bd3102b211f2,2026-10-04T17:00:00Z,Tampa Bay Buccaneers,Green Bay Packers,betonlineag,player_rush_yds,MarShawn Lloyd,Over,23.5,-110,2026-10-04T04:53:51Z
20261004T045441Z,99a9bae4dc0dc2590496bd3102b211f2,2026-10-04T17:00:00Z,Tampa Bay Buccaneers,Green Bay Packers,betonlineag,player_rush_yds,MarShawn Lloyd,Under,23.5,-118,2026-10-04T04:53:51Z
20261004T045441Z,99a9bae4dc0dc2590496bd3102b211f2,2026-10-04T17:00:00Z,Tampa Bay Buccaneers,Green Bay Packers,betonlineag,player_rush_yds,Bucky Irving,Over,54.5,-114,2026-10-04T04:53:51Z
20261004T045441Z,99a9bae4dc0dc2590496bd3102b211f2,2026-10-04T17:00:00Z,Tampa Bay Buccaneers,Green Bay Packers,betonlineag,player_rush_yds,Bucky Irving,Under,54.5,-114,2026-10-04T04:53:51Z
20261004T045441Z,99a9bae4dc0dc2590496bd3102b211f2,2026-10-04T17:00:00Z,Tampa Bay Buccaneers,Green Bay Packers,betonlineag,player_rush_yds,Kenny Gainwell,Over,14.5,-114,2026-10-04T04:53:51Z
20261004T045441Z,99a9bae4dc0dc2590496bd3102b211f2,2026-10-04T17:00:00Z,Tampa Bay Buccaneers,Green Bay Packers,betonlineag,player_rush_yds,Kenny Gainwell,Under,14.5,-114,2026-10-04T04:53:51Z
20261004T045441Z,99a9bae4dc0dc2590496bd3102b211f2,2026-10-04T17:00:00Z,Tampa Bay Buccaneers,Green Bay Packers,betonlineag,player_rush_yds,Jordan Love,Over,5.5,-110,2026-10-04T04:53:51Z
20261004T045441Z,99a9bae4dc0dc2590496bd3102b211f2,2026-10-04T17:00:00Z,Tampa Bay Buccaneers,Green Bay Packers,betonlineag,player_rush_yds,Jordan Love,Under,5.5,-118,2026-10-04T04:53:51Z
20261004T045441Z,99a9bae4dc0dc2590496bd3102b211f2,2026-10-04T17:00:00Z,Tampa Bay Buccaneers,Green Bay Packers,betonlineag,player_rush_yds,Jalon Daniels,Over,33.5,-114,2026-10-04T04:53:51Z
20261004T045441Z,99a9bae4dc0dc2590496bd3102b211f2,2026-10-04T17:00:00Z,Tampa Bay Buccaneers,Green Bay Packers,betonlineag,player_rush_yds,Jalon Daniels,Under,33.5,-114,2026-10-04T04:53:51Z
20261004T045441Z,99a9bae4dc0dc2590496bd3102b211f2,2026-10-04T17:00:00Z,Tampa Bay Buccaneers,Green Bay Packers,betrivers,player_pass_yds,Jordan Love,Over,235.5,-115,2026-10-04T04:53:58Z
20261004T045441Z,99a9bae4dc0dc2590496bd3102b211f2,2026-10-04T17:00:00Z,Tampa Bay Buccaneers,Green Bay Packers,betrivers,player_pass_yds,Jordan Love,Under,235.5,-115,2026-10-04T04:53:58Z
20261004T045441Z,99a9bae4dc0dc2590496bd3102b211f2,2026-10-04T17:00:00Z,Tampa Bay Buccaneers,Green Bay Packers,betrivers,player_pass_yds,Jalon Daniels,Over,165.5,-117,2026-10-04T04:53:58Z
20261004T045441Z,99a9bae4dc0dc2590496bd3102b211f2,2026-10-04T17:00:00Z,Tampa Bay Buccaneers,Green Bay Packers,betrivers,player_pass_yds,Jalon Daniels,Under,165.5,-114,2026-10-04T04:53:58Z
20261004T045441Z,99a9bae4dc0dc2590496bd3102b211f2,2026-10-04T17:00:00Z,Tampa Bay Buccaneers,Green Bay Packers,betrivers,player_reception_yds,Emeka Egbuka,Over,37.5,-117,2026-10-04T04:53:58Z
20261004T045441Z,99a9bae4dc0dc2590496bd3102b211f2,2026-10-04T17:00:00Z,Tampa Bay Buccaneers,Green Bay Packers,betrivers,player_reception_yds,Emeka Egbuka,Under,37.5,-114,2026-10-04T04:53:58Z
20261004T045441Z,99a9bae4dc0dc2590496bd3102b211f2,2026-10-04T17:00:00Z,Tampa Bay Buccaneers,Green Bay Packers,betrivers,player_reception_yds,Kenny Gainwell,Over,8.5,-115,2026-10-04T04:53:58Z
20261004T045441Z,99a9bae4dc0dc2590496bd3102b211f2,2026-10-04T17:00:00Z,Tampa Bay Buccaneers,Green Bay Packers,betrivers,player_reception_yds,Kenny Gainwell,Under,8.5,-115,2026-10-04T04:53:58Z
20261004T045441Z,99a9bae4dc0dc2590496bd3102b211f2,2026-10-04T17:00:00Z,Tampa Bay Buccaneers,Green Bay Packers,betrivers,player_reception_yds,Christian Watson,Over,64.5,-117,2026-10-04T04:53:58Z
20261004T045441Z,99a9bae4dc0dc2590496bd3102b211f2,2026-10-04T17:00:00Z,Tampa Bay Buccaneers,Green Bay Packers,betrivers,player_reception_yds,Christian Watson,Under,64.5,-114,2026-10-04T04:53:58Z
20261004T045441Z,99a9bae4dc0dc2590496bd3102b211f2,2026-10-04T17:00:00Z,Tampa Bay Buccaneers,Green Bay Packers,betrivers,player_reception_yds,Ted Hurst III,Over,22.5,-114,2026-10-04T04:53:58Z
20261004T045441Z,99a9bae4dc0dc2590496bd3102b211f2,2026-10-04T17:00:00Z,Tampa Bay Buccaneers,Green Bay Packers,betrivers,player_reception_yds,Ted Hurst III,Under,22.5,-117,2026-10-04T04:53:58Z
20261004T045441Z,99a9bae4dc0dc2590496bd3102b211f2,2026-10-04T17:00:00Z,Tampa Bay Buccaneers,Green Bay Packers,betrivers,player_reception_yds,Matthew Golden,Over,56.5,-117,2026-10-04T04:53:58Z
20261004T045441Z,99a9bae4dc0dc2590496bd3102b211f2,2026-10-04T17:00:00Z,Tampa Bay Buccaneers,Green Bay Packers,betrivers,player_reception_yds,Matthew Golden,Under,56.5,-113,2026-10-04T04:53:58Z
20261004T045441Z,99a9bae4dc0dc2590496bd3102b211f2,2026-10-04T17:00:00Z,Tampa Bay Buccaneers,Green Bay Packers,betrivers,player_reception_yds,Bucky Irving,Over,13.5,-115,2026-10-04T04:53:58Z
20261004T045441Z,99a9bae4dc0dc2590496bd3102b211f2,2026-10-04T17:00:00Z,Tampa Bay Buccaneers,Green Bay Packers,betrivers,player_reception_yds,Bucky Irving,Under,13.5,-115,2026-10-04T04:53:58Z
20261004T045441Z,99a9bae4dc0dc2590496bd3102b211f2,2026-10-04T17:00:00Z,Tampa Bay Buccaneers,Green Bay Packers,betrivers,player_reception_yds,Tucker Kraft,Over,41.5,-113,2026-10-04T04:53:58Z
20261004T045441Z,99a9bae4dc0dc2590496bd3102b211f2,2026-10-04T17:00:00Z,Tampa Bay Buccaneers,Green Bay Packers,betrivers,player_reception_yds,Tucker Kraft,Under,41.5,-118,2026-10-04T04:53:58Z
20261004T045441Z,99a9bae4dc0dc2590496bd3102b211f2,2026-10-04T17:00:00Z,Tampa Bay Buccaneers,Green Bay Packers,betrivers,player_reception_yds,Chris Godwin,Over,26.5,-117,2026-10-04T04:53:58Z
20261004T045441Z,99a9bae4dc0dc2590496bd3102b211f2,2026-10-04T17:00:00Z,Tampa Bay Buccaneers,Green Bay Packers,betrivers,player_reception_yds,Chris Godwin,Under,26.5,-114,2026-10-04T04:53:58Z
20261004T045441Z,99a9bae4dc0dc2590496bd3102b211f2,2026-10-04T17:00:00Z,Tampa Bay Buccaneers,Green Bay Packers,betrivers,player_reception_yds,Cade Otton,Over,25.5,-113,2026-10-04T04:53:58Z
20261004T045441Z,99a9bae4dc0dc2590496bd3102b211f2,2026-10-04T17:00:00Z,Tampa Bay Buccaneers,Green Bay Packers,betrivers,player_reception_yds,Cade Otton,Under,25.5,-118,2026-10-04T04:53:58Z
20261004T045441Z,99a9bae4dc0dc2590496bd3102b211f2,2026-10-04T17:00:00Z,Tampa Bay Buccaneers,Green Bay Packers,betrivers,player_receptions,Kenny Gainwell,Over,2.5,138,2026-10-04T04:53:58Z
20261004T045441Z,99a9bae4dc0dc2590496bd3102b211f2,2026-10-04T17:00:00Z,Tampa Bay Buccaneers,Green Bay Packers,betrivers,player_receptions,Ted Hurst III,Over,1.5,-167,2026-10-04T04:53:58Z
20261004T045441Z,99a9bae4dc0dc2590496bd3102b211f2,2026-10-04T17:00:00Z,Tampa Bay Buccaneers,Green Bay Packers,betrivers,player_receptions,Chris Godwin,Over,2.5,-125,2026-10-04T04:53:58Z
20261004T045441Z,99a9bae4dc0dc2590496bd3102b211f2,2026-10-04T17:00:00Z,Tampa Bay Buccaneers,Green Bay Packers,betrivers,player_receptions,Bucky Irving,Over,2.5,-108,2026-10-04T04:53:58Z
20261004T045441Z,99a9bae4dc0dc2590496bd3102b211f2,2026-10-04T17:00:00Z,Tampa Bay Buccaneers,Green Bay Packers,betrivers,player_receptions,Tucker Kraft,Over,3.5,-159,2026-10-04T04:53:58Z
20261004T045441Z,99a9bae4dc0dc2590496bd3102b211f2,2026-10-04T17:00:00Z,Tampa Bay Buccaneers,Green Bay Packers,betrivers,player_receptions,Matthew Golden,Over,4.5,-108,2026-10-04T04:53:58Z
20261004T045441Z,99a9bae4dc0dc2590496bd3102b211f2,2026-10-04T17:00:00Z,Tampa Bay Buccaneers,Green Bay Packers,betrivers,player_receptions,Christian Watson,Over,4.5,-132,2026-10-04T04:53:58Z
20261004T045441Z,99a9bae4dc0dc2590496bd3102b211f2,2026-10-04T17:00:00Z,Tampa Bay Buccaneers,Green Bay Packers,betrivers,player_receptions,Emeka Egbuka,Over,3.5,107,2026-10-04T04:53:58Z
20261004T045441Z,99a9bae4dc0dc2590496bd3102b211f2,2026-10-04T17:00:00Z,Tampa Bay Buccaneers,Green Bay Packers,betrivers,player_receptions,Cade Otton,Over,2.5,-162,2026-10-04T04:53:58Z
20261004T045441Z,99a9bae4dc0dc2590496bd3102b211f2,2026-10-04T17:00:00Z,Tampa Bay Buccaneers,Green Bay Packers,betrivers,player_rush_yds,Kaleb Johnson,Over,30.5,-113,2026-10-04T04:53:58Z
20261004T045441Z,99a9bae4dc0dc2590496bd3102b211f2,2026-10-04T17:00:00Z,Tampa Bay Buccaneers,Green Bay Packers,betrivers,player_rush_yds,Kaleb Johnson,Under,30.5,-118,2026-10-04T04:53:58Z
20261004T045441Z,99a9bae4dc0dc2590496bd3102b211f2,2026-10-04T17:00:00Z,Tampa Bay Buccaneers,Green Bay Packers,betrivers,player_rush_yds,Jordan Love,Over,2.5,-122,2026-10-04T04:53:58Z
20261004T045441Z,99a9bae4dc0dc2590496bd3102b211f2,2026-10-04T17:00:00Z,Tampa Bay Buccaneers,Green Bay Packers,betrivers,player_rush_yds,Jordan Love,Under,2.5,-109,2026-10-04T04:53:58Z
20261004T045441Z,99a9bae4dc0dc2590496bd3102b211f2,2026-10-04T17:00:00Z,Tampa Bay Buccaneers,Green Bay Packers,betrivers,player_rush_yds,Bucky Irving,Over,55.5,-115,2026-10-04T04:53:58Z
20261004T045441Z,99a9bae4dc0dc2590496bd3102b211f2,2026-10-04T17:00:00Z,Tampa Bay Buccaneers,Green Bay Packers,betrivers,player_rush_yds,Bucky Irving,Under,55.5,-115,2026-10-04T04:53:58Z
20261004T045441Z,99a9bae4dc0dc2590496bd3102b211f2,2026-10-04T17:00:00Z,Tampa Bay Buccaneers,Green Bay Packers,betrivers,player_rush_yds,Jalon Daniels,Over,35.5,-115,2026-10-04T04:53:58Z
20261004T045441Z,99a9bae4dc0dc2590496bd3102b211f2,2026-10-04T17:00:00Z,Tampa Bay Buccaneers,Green Bay Packers,betrivers,player_rush_yds,Jalon Daniels,Under,35.5,-115,2026-10-04T04:53:58Z
20261004T045441Z,99a9bae4dc0dc2590496bd3102b211f2,2026-10-04T17:00:00Z,Tampa Bay Buccaneers,Green Bay Packers,betrivers,player_rush_yds,MarShawn Lloyd,Over,22.5,-110,2026-10-04T04:53:58Z
20261004T045441Z,99a9bae4dc0dc2590496bd3102b211f2,2026-10-04T17:00:00Z,Tampa Bay Buccaneers,Green Bay Packers,betrivers,player_rush_yds,MarShawn Lloyd,Under,22.5,-121,2026-10-04T04:53:58Z
20261004T045441Z,99a9bae4dc0dc2590496bd3102b211f2,2026-10-04T17:00:00Z,Tampa Bay Buccaneers,Green Bay Packers,betrivers,player_rush_yds,Kenny Gainwell,Over,16.5,-109,2026-10-04T04:53:58Z
20261004T045441Z,99a9bae4dc0dc2590496bd3102b211f2,2026-10-04T17:00:00Z,Tampa Bay Buccaneers,Green Bay Packers,betrivers,player_rush_yds,Kenny Gainwell,Under,16.5,-122,2026-10-04T04:53:58Z
20261004T045441Z,99a9bae4dc0dc2590496bd3102b211f2,2026-10-04T17:00:00Z,Tampa Bay Buccaneers,Green Bay Packers,bovada,player_pass_yds,Jalon Daniels,Over,170.5,-115,2026-10-04T04:54:33Z
20261004T045441Z,99a9bae4dc0dc2590496bd3102b211f2,2026-10-04T17:00:00Z,Tampa Bay Buccaneers,Green Bay Packers,bovada,player_pass_yds,Jalon Daniels,Under,170.5,-115,2026-10-04T04:54:33Z
20261004T045441Z,99a9bae4dc0dc2590496bd3102b211f2,2026-10-04T17:00:00Z,Tampa Bay Buccaneers,Green Bay Packers,bovada,player_pass_yds,Jordan Love,Over,236.5,-115,2026-10-04T04:54:33Z
20261004T045441Z,99a9bae4dc0dc2590496bd3102b211f2,2026-10-04T17:00:00Z,Tampa Bay Buccaneers,Green Bay Packers,bovada,player_pass_yds,Jordan Love,Under,236.5,-115,2026-10-04T04:54:33Z
20261004T045441Z,99a9bae4dc0dc2590496bd3102b211f2,2026-10-04T17:00:00Z,Tampa Bay Buccaneers,Green Bay Packers,bovada,player_reception_yds,Bucky Irving,Over,12.5,-115,2026-10-04T04:54:33Z
20261004T045441Z,99a9bae4dc0dc2590496bd3102b211f2,2026-10-04T17:00:00Z,Tampa Bay Buccaneers,Green Bay Packers,bovada,player_reception_yds,Bucky Irving,Under,12.5,-115,2026-10-04T04:54:33Z
20261004T045441Z,99a9bae4dc0dc2590496bd3102b211f2,2026-10-04T17:00:00Z,Tampa Bay Buccaneers,Green Bay Packers,bovada,player_reception_yds,Cade Otton,Over,24.5,-120,2026-10-04T04:54:33Z
20261004T045441Z,99a9bae4dc0dc2590496bd3102b211f2,2026-10-04T17:00:00Z,Tampa Bay Buccaneers,Green Bay Packers,bovada,player_reception_yds,Cade Otton,Under,24.5,-110,2026-10-04T04:54:33Z
20261004T045441Z,99a9bae4dc0dc2590496bd3102b211f2,2026-10-04T17:00:00Z,Tampa Bay Buccaneers,Green Bay Packers,bovada,player_reception_yds,Chris Godwin,Over,25.5,-115,2026-10-04T04:54:33Z
20261004T045441Z,99a9bae4dc0dc2590496bd3102b211f2,2026-10-04T17:00:00Z,Tampa Bay Buccaneers,Green Bay Packers,bovada,player_reception_yds,Chris Godwin,Under,25.5,-115,2026-10-04T04:54:33Z
20261004T045441Z,99a9bae4dc0dc2590496bd3102b211f2,2026-10-04T17:00:00Z,Tampa Bay Buccaneers,Green Bay Packers,bovada,player_reception_yds,Christian Watson,Over,67.5,-115,2026-10-04T04:54:33Z
20261004T045441Z,99a9bae4dc0dc2590496bd3102b211f2,2026-10-04T17:00:00Z,Tampa Bay Buccaneers,Green Bay Packers,bovada,player_reception_yds,Christian Watson,Under,67.5,-115,2026-10-04T04:54:33Z
20261004T045441Z,99a9bae4dc0dc2590496bd3102b211f2,2026-10-04T17:00:00Z,Tampa Bay Buccaneers,Green Bay Packers,bovada,player_reception_yds,Emeka Egbuka,Over,37.5,-110,2026-10-04T04:54:33Z
20261004T045441Z,99a9bae4dc0dc2590496bd3102b211f2,2026-10-04T17:00:00Z,Tampa Bay Buccaneers,Green Bay Packers,bovada,player_reception_yds,Emeka Egbuka,Under,37.5,-120,2026-10-04T04:54:33Z
20261004T045441Z,99a9bae4dc0dc2590496bd3102b211f2,2026-10-04T17:00:00Z,Tampa Bay Buccaneers,Green Bay Packers,bovada,player_reception_yds,Jonnu Smith,Over,6.5,-110,2026-10-04T04:54:33Z
20261004T045441Z,99a9bae4dc0dc2590496bd3102b211f2,2026-10-04T17:00:00Z,Tampa Bay Buccaneers,Green Bay Packers,bovada,player_reception_yds,Jonnu Smith,Under,6.5,-120,2026-10-04T04:54:33Z
20261004T045441Z,99a9bae4dc0dc2590496bd3102b211f2,2026-10-04T17:00:00Z,Tampa Bay Buccaneers,Green Bay Packers,bovada,player_reception_yds,Kenny Gainwell,Over,9.5,-115,2026-10-04T04:54:33Z
20261004T045441Z,99a9bae4dc0dc2590496bd3102b211f2,2026-10-04T17:00:00Z,Tampa Bay Buccaneers,Green Bay Packers,bovada,player_reception_yds,Kenny Gainwell,Under,9.5,-115,2026-10-04T04:54:33Z
20261004T045441Z,99a9bae4dc0dc2590496bd3102b211f2,2026-10-04T17:00:00Z,Tampa Bay Buccaneers,Green Bay Packers,bovada,player_reception_yds,MarShawn Lloyd,Over,7.5,-110,2026-10-04T04:54:33Z
20261004T045441Z,99a9bae4dc0dc2590496bd3102b211f2,2026-10-04T17:00:00Z,Tampa Bay Buccaneers,Green Bay Packers,bovada,player_reception_yds,MarShawn Lloyd,Under,7.5,-120,2026-10-04T04:54:33Z
20261004T045441Z,99a9bae4dc0dc2590496bd3102b211f2,2026-10-04T17:00:00Z,Tampa Bay Buccaneers,Green Bay Packers,bovada,player_reception_yds,Matthew Golden,Over,56.5,-115,2026-10-04T04:54:33Z
20261004T045441Z,99a9bae4dc0dc2590496bd3102b211f2,2026-10-04T17:00:00Z,Tampa Bay Buccaneers,Green Bay Packers,bovada,player_reception_yds,Matthew Golden,Under,56.5,-115,2026-10-04T04:54:33Z
20261004T045441Z,99a9bae4dc0dc2590496bd3102b211f2,2026-10-04T17:00:00Z,Tampa Bay Buccaneers,Green Bay Packers,bovada,player_reception_yds,Skyy Moore,Over,16.5,-115,2026-10-04T04:54:33Z
20261004T045441Z,99a9bae4dc0dc2590496bd3102b211f2,2026-10-04T17:00:00Z,Tampa Bay Buccaneers,Green Bay Packers,bovada,player_reception_yds,Skyy Moore,Under,16.5,-115,2026-10-04T04:54:33Z
20261004T045441Z,99a9bae4dc0dc2590496bd3102b211f2,2026-10-04T17:00:00Z,Tampa Bay Buccaneers,Green Bay Packers,bovada,player_reception_yds,Ted Hurst III,Over,22.5,-115,2026-10-04T04:54:33Z
20261004T045441Z,99a9bae4dc0dc2590496bd3102b211f2,2026-10-04T17:00:00Z,Tampa Bay Buccaneers,Green Bay Packers,bovada,player_reception_yds,Ted Hurst III,Under,22.5,-115,2026-10-04T04:54:33Z
20261004T045441Z,99a9bae4dc0dc2590496bd3102b211f2,2026-10-04T17:00:00Z,Tampa Bay Buccaneers,Green Bay Packers,bovada,player_reception_yds,Tez Johnson,Over,9.5,-115,2026-10-04T04:54:33Z
20261004T045441Z,99a9bae4dc0dc2590496bd3102b211f2,2026-10-04T17:00:00Z,Tampa Bay Buccaneers,Green Bay Packers,bovada,player_reception_yds,Tez Johnson,Under,9.5,-115,2026-10-04T04:54:33Z
20261004T045441Z,99a9bae4dc0dc2590496bd3102b211f2,2026-10-04T17:00:00Z,Tampa Bay Buccaneers,Green Bay Packers,bovada,player_reception_yds,Tucker Kraft,Over,39.5,-115,2026-10-04T04:54:33Z
20261004T045441Z,99a9bae4dc0dc2590496bd3102b211f2,2026-10-04T17:00:00Z,Tampa Bay Buccaneers,Green Bay Packers,bovada,player_reception_yds,Tucker Kraft,Under,39.5,-115,2026-10-04T04:54:33Z
20261004T045441Z,99a9bae4dc0dc2590496bd3102b211f2,2026-10-04T17:00:00Z,Tampa Bay Buccaneers,Green Bay Packers,bovada,player_receptions,Bucky Irving,Over,2.5,-130,2026-10-04T04:54:33Z
20261004T045441Z,99a9bae4dc0dc2590496bd3102b211f2,2026-10-04T17:00:00Z,Tampa Bay Buccaneers,Green Bay Packers,bovada,player_receptions,Bucky Irving,Under,2.5,100,2026-10-04T04:54:33Z
20261004T045441Z,99a9bae4dc0dc2590496bd3102b211f2,2026-10-04T17:00:00Z,Tampa Bay Buccaneers,Green Bay Packers,bovada,player_receptions,Cade Otton,Over,2.5,-165,2026-10-04T04:54:33Z
20261004T045441Z,99a9bae4dc0dc2590496bd3102b211f2,2026-10-04T17:00:00Z,Tampa Bay Buccaneers,Green Bay Packers,bovada,player_receptions,Cade Otton,Under,2.5,125,2026-10-04T04:54:33Z
20261004T045441Z,99a9bae4dc0dc2590496bd3102b211f2,2026-10-04T17:00:00Z,Tampa Bay Buccaneers,Green Bay Packers,bovada,player_receptions,Chris Godwin,Over,2.5,-135,2026-10-04T04:54:33Z
20261004T045441Z,99a9bae4dc0dc2590496bd3102b211f2,2026-10-04T17:00:00Z,Tampa Bay Buccaneers,Green Bay Packers,bovada,player_receptions,Chris Godwin,Under,2.5,105,2026-10-04T04:54:33Z
20261004T045441Z,99a9bae4dc0dc2590496bd3102b211f2,2026-10-04T17:00:00Z,Tampa Bay Buccaneers,Green Bay Packers,bovada,player_receptions,Christian Watson,Over,4.5,-145,2026-10-04T04:54:33Z
20261004T045441Z,99a9bae4dc0dc2590496bd3102b211f2,2026-10-04T17:00:00Z,Tampa Bay Buccaneers,Green Bay Packers,bovada,player_receptions,Christian Watson,Under,4.5,110,2026-10-04T04:54:33Z
20261004T045441Z,99a9bae4dc0dc2590496bd3102b211f2,2026-10-04T17:00:00Z,Tampa Bay Buccaneers,Green Bay Packers,bovada,player_receptions,Emeka Egbuka,Over,3.5,105,2026-10-04T04:54:33Z
20261004T045441Z,99a9bae4dc0dc2590496bd3102b211f2,2026-10-04T17:00:00Z,Tampa Bay Buccaneers,Green Bay Packers,bovada,player_receptions,Emeka Egbuka,Under,3.5,-135,2026-10-04T04:54:33Z
20261004T045441Z,99a9bae4dc0dc2590496bd3102b211f2,2026-10-04T17:00:00Z,Tampa Bay Buccaneers,Green Bay Packers,bovada,player_receptions,Jonnu Smith,Over,1.5,170,2026-10-04T04:54:33Z
20261004T045441Z,99a9bae4dc0dc2590496bd3102b211f2,2026-10-04T17:00:00Z,Tampa Bay Buccaneers,Green Bay Packers,bovada,player_receptions,Jonnu Smith,Under,1.5,-230,2026-10-04T04:54:33Z
20261004T045441Z,99a9bae4dc0dc2590496bd3102b211f2,2026-10-04T17:00:00Z,Tampa Bay Buccaneers,Green Bay Packers,bovada,player_receptions,Kenny Gainwell,Over,1.5,-170,2026-10-04T04:54:33Z
20261004T045441Z,99a9bae4dc0dc2590496bd3102b211f2,2026-10-04T17:00:00Z,Tampa Bay Buccaneers,Green Bay Packers,bovada,player_receptions,Kenny Gainwell,Under,1.5,130,2026-10-04T04:54:33Z
20261004T045441Z,99a9bae4dc0dc2590496bd3102b211f2,2026-10-04T17:00:00Z,Tampa Bay Buccaneers,Green Bay Packers,bovada,player_receptions,MarShawn Lloyd,Over,1.5,145,2026-10-04T04:54:33Z
20261004T045441Z,99a9bae4dc0dc2590496bd3102b211f2,2026-10-04T17:00:00Z,Tampa Bay Buccaneers,Green Bay Packers,bovada,player_receptions,MarShawn Lloyd,Under,1.5,-190,2026-10-04T04:54:33Z
20261004T045441Z,99a9bae4dc0dc2590496bd3102b211f2,2026-10-04T17:00:00Z,Tampa Bay Buccaneers,Green Bay Packers,bovada,player_receptions,Matthew Golden,Over,4.5,-120,2026-10-04T04:54:33Z
20261004T045441Z,99a9bae4dc0dc2590496bd3102b211f2,2026-10-04T17:00:00Z,Tampa Bay Buccaneers,Green Bay Packers,bovada,player_receptions,Matthew Golden,Under,4.5,-110,2026-10-04T04:54:33Z
20261004T045441Z,99a9bae4dc0dc2590496bd3102b211f2,2026-10-04T17:00:00Z,Tampa Bay Buccaneers,Green Bay Packers,bovada,player_receptions,Skyy Moore,Over,1.5,-135,2026-10-04T04:54:33Z
20261004T045441Z,99a9bae4dc0dc2590496bd3102b211f2,2026-10-04T17:00:00Z,Tampa Bay Buccaneers,Green Bay Packers,bovada,player_receptions,Skyy Moore,Under,1.5,105,2026-10-04T04:54:33Z
20261004T045441Z,99a9bae4dc0dc2590496bd3102b211f2,2026-10-04T17:00:00Z,Tampa Bay Buccaneers,Green Bay Packers,bovada,player_receptions,Ted Hurst III,Over,1.5,-165,2026-10-04T04:54:33Z
20261004T045441Z,99a9bae4dc0dc2590496bd3102b211f2,2026-10-04T17:00:00Z,Tampa Bay Buccaneers,Green Bay Packers,bovada,player_receptions,Ted Hurst III,Under,1.5,125,2026-10-04T04:54:33Z
20261004T045441Z,99a9bae4dc0dc2590496bd3102b211f2,2026-10-04T17:00:00Z,Tampa Bay Buccaneers,Green Bay Packers,bovada,player_receptions,Tez Johnson,Over,1.5,185,2026-10-04T04:54:33Z
20261004T045441Z,99a9bae4dc0dc2590496bd3102b211f2,2026-10-04T17:00:00Z,Tampa Bay Buccaneers,Green Bay Packers,bovada,player_receptions,Tez Johnson,Under,1.5,-250,2026-10-04T04:54:33Z
20261004T045441Z,99a9bae4dc0dc2590496bd3102b211f2,2026-10-04T17:00:00Z,Tampa Bay Buccaneers,Green Bay Packers,bovada,player_receptions,Tucker Kraft,Over,3.5,-150,2026-10-04T04:54:33Z
20261004T045441Z,99a9bae4dc0dc2590496bd3102b211f2,2026-10-04T17:00:00Z,Tampa Bay Buccaneers,Green Bay Packers,bovada,player_receptions,Tucker Kraft,Under,3.5,115,2026-10-04T04:54:33Z
20261004T045441Z,99a9bae4dc0dc2590496bd3102b211f2,2026-10-04T17:00:00Z,Tampa Bay Buccaneers,Green Bay Packers,bovada,player_rush_yds,Bucky Irving,Over,56.5,-115,2026-10-04T04:54:33Z
20261004T045441Z,99a9bae4dc0dc2590496bd3102b211f2,2026-10-04T17:00:00Z,Tampa Bay Buccaneers,Green Bay Packers,bovada,player_rush_yds,Bucky Irving,Under,56.5,-115,2026-10-04T04:54:33Z
20261004T045441Z,99a9bae4dc0dc2590496bd3102b211f2,2026-10-04T17:00:00Z,Tampa Bay Buccaneers,Green Bay Packers,bovada,player_rush_yds,Jalon Daniels,Over,33.5,-115,2026-10-04T04:54:33Z
20261004T045441Z,99a9bae4dc0dc2590496bd3102b211f2,2026-10-04T17:00:00Z,Tampa Bay Buccaneers,Green Bay Packers,bovada,player_rush_yds,Jalon Daniels,Under,33.5,-115,2026-10-04T04:54:33Z
20261004T045441Z,99a9bae4dc0dc2590496bd3102b211f2,2026-10-04T17:00:00Z,Tampa Bay Buccaneers,Green Bay Packers,bovada,player_rush_yds,Jordan Love,Over,5.5,-110,2026-10-04T04:54:33Z
20261004T045441Z,99a9bae4dc0dc2590496bd3102b211f2,2026-10-04T17:00:00Z,Tampa Bay Buccaneers,Green Bay Packers,bovada,player_rush_yds,Jordan Love,Under,5.5,-120,2026-10-04T04:54:33Z
20261004T045441Z,99a9bae4dc0dc2590496bd3102b211f2,2026-10-04T17:00:00Z,Tampa Bay Buccaneers,Green Bay Packers,bovada,player_rush_yds,Kaleb Johnson,Over,31.5,-110,2026-10-04T04:54:33Z
20261004T045441Z,99a9bae4dc0dc2590496bd3102b211f2,2026-10-04T17:00:00Z,Tampa Bay Buccaneers,Green Bay Packers,bovada,player_rush_yds,Kaleb Johnson,Under,31.5,-120,2026-10-04T04:54:33Z
20261004T045441Z,99a9bae4dc0dc2590496bd3102b211f2,2026-10-04T17:00:00Z,Tampa Bay Buccaneers,Green Bay Packers,bovada,player_rush_yds,Kenny Gainwell,Over,13.5,-125,2026-10-04T04:54:33Z
20261004T045441Z,99a9bae4dc0dc2590496bd3102b211f2,2026-10-04T17:00:00Z,Tampa Bay Buccaneers,Green Bay Packers,bovada,player_rush_yds,Kenny Gainwell,Under,13.5,-105,2026-10-04T04:54:33Z
20261004T045441Z,99a9bae4dc0dc2590496bd3102b211f2,2026-10-04T17:00:00Z,Tampa Bay Buccaneers,Green Bay Packers,bovada,player_rush_yds,MarShawn Lloyd,Over,23.5,-110,2026-10-04T04:54:33Z
20261004T045441Z,99a9bae4dc0dc2590496bd3102b211f2,2026-10-04T17:00:00Z,Tampa Bay Buccaneers,Green Bay Packers,bovada,player_rush_yds,MarShawn Lloyd,Under,23.5,-120,2026-10-04T04:54:33Z
20261004T045441Z,99a9bae4dc0dc2590496bd3102b211f2,2026-10-04T17:00:00Z,Tampa Bay Buccaneers,Green Bay Packers,betmgm,player_pass_yds,Jordan Love,Over,241.5,-115,2026-10-04T04:54:35Z
20261004T045441Z,99a9bae4dc0dc2590496bd3102b211f2,2026-10-04T17:00:00Z,Tampa Bay Buccaneers,Green Bay Packers,betmgm,player_pass_yds,Jordan Love,Under,241.5,-115,2026-10-04T04:54:35Z
20261004T045441Z,99a9bae4dc0dc2590496bd3102b211f2,2026-10-04T17:00:00Z,Tampa Bay Buccaneers,Green Bay Packers,betmgm,player_pass_yds,Jalon Daniels,Over,173.5,-105,2026-10-04T04:54:35Z
20261004T045441Z,99a9bae4dc0dc2590496bd3102b211f2,2026-10-04T17:00:00Z,Tampa Bay Buccaneers,Green Bay Packers,betmgm,player_pass_yds,Jalon Daniels,Under,173.5,-125,2026-10-04T04:54:35Z
20261004T045441Z,99a9bae4dc0dc2590496bd3102b211f2,2026-10-04T17:00:00Z,Tampa Bay Buccaneers,Green Bay Packers,betmgm,player_reception_yds,Cade Otton,Over,25.5,-115,2026-10-04T04:54:35Z
20261004T045441Z,99a9bae4dc0dc2590496bd3102b211f2,2026-10-04T17:00:00Z,Tampa Bay Buccaneers,Green Bay Packers,betmgm,player_reception_yds,Cade Otton,Under,25.5,-115,2026-10-04T04:54:35Z
20261004T045441Z,99a9bae4dc0dc2590496bd3102b211f2,2026-10-04T17:00:00Z,Tampa Bay Buccaneers,Green Bay Packers,betmgm,player_reception_yds,Emeka Egbuka,Over,37.5,-115,2026-10-04T04:54:35Z
20261004T045441Z,99a9bae4dc0dc2590496bd3102b211f2,2026-10-04T17:00:00Z,Tampa Bay Buccaneers,Green Bay Packers,betmgm,player_reception_yds,Emeka Egbuka,Under,37.5,-115,2026-10-04T04:54:35Z
20261004T045441Z,99a9bae4dc0dc2590496bd3102b211f2,2026-10-04T17:00:00Z,Tampa Bay Buccaneers,Green Bay Packers,betmgm,player_reception_yds,Skyy Moore,Over,16.5,-115,2026-10-04T04:54:35Z
20261004T045441Z,99a9bae4dc0dc2590496bd3102b211f2,2026-10-04T17:00:00Z,Tampa Bay Buccaneers,Green Bay Packers,betmgm,player_reception_yds,Skyy Moore,Under,16.5,-115,2026-10-04T04:54:35Z
20261004T045441Z,99a9bae4dc0dc2590496bd3102b211f2,2026-10-04T17:00:00Z,Tampa Bay Buccaneers,Green Bay Packers,betmgm,player_reception_yds,Bucky Irving,Over,13.5,-115,2026-10-04T04:54:35Z
20261004T045441Z,99a9bae4dc0dc2590496bd3102b211f2,2026-10-04T17:00:00Z,Tampa Bay Buccaneers,Green Bay Packers,betmgm,player_reception_yds,Bucky Irving,Under,13.5,-115,2026-10-04T04:54:35Z
20261004T045441Z,99a9bae4dc0dc2590496bd3102b211f2,2026-10-04T17:00:00Z,Tampa Bay Buccaneers,Green Bay Packers,betmgm,player_reception_yds,Christian Watson,Over,64.5,-115,2026-10-04T04:54:35Z
20261004T045441Z,99a9bae4dc0dc2590496bd3102b211f2,2026-10-04T17:00:00Z,Tampa Bay Buccaneers,Green Bay Packers,betmgm,player_reception_yds,Christian Watson,Under,64.5,-115,2026-10-04T04:54:35Z
20261004T045441Z,99a9bae4dc0dc2590496bd3102b211f2,2026-10-04T17:00:00Z,Tampa Bay Buccaneers,Green Bay Packers,betmgm,player_reception_yds,Kenny Gainwell,Over,10.5,-115,2026-10-04T04:54:35Z
20261004T045441Z,99a9bae4dc0dc2590496bd3102b211f2,2026-10-04T17:00:00Z,Tampa Bay Buccaneers,Green Bay Packers,betmgm,player_reception_yds,Kenny Gainwell,Under,10.5,-115,2026-10-04T04:54:35Z
20261004T045441Z,99a9bae4dc0dc2590496bd3102b211f2,2026-10-04T17:00:00Z,Tampa Bay Buccaneers,Green Bay Packers,betmgm,player_reception_yds,Ted Hurst III,Over,22.5,-120,2026-10-04T04:54:35Z
20261004T045441Z,99a9bae4dc0dc2590496bd3102b211f2,2026-10-04T17:00:00Z,Tampa Bay Buccaneers,Green Bay Packers,betmgm,player_reception_yds,Ted Hurst III,Under,22.5,-111,2026-10-04T04:54:35Z
20261004T045441Z,99a9bae4dc0dc2590496bd3102b211f2,2026-10-04T17:00:00Z,Tampa Bay Buccaneers,Green Bay Packers,betmgm,player_reception_yds,Tucker Kraft,Over,41.5,-115,2026-10-04T04:54:35Z
20261004T045441Z,99a9bae4dc0dc2590496bd3102b211f2,2026-10-04T17:00:00Z,Tampa Bay Buccaneers,Green Bay Packers,betmgm,player_reception_yds,Tucker Kraft,Under,41.5,-115,2026-10-04T04:54:35Z
20261004T045441Z,99a9bae4dc0dc2590496bd3102b211f2,2026-10-04T17:00:00Z,Tampa Bay Buccaneers,Green Bay Packers,betmgm,player_reception_yds,Chris Godwin,Over,26.5,-115,2026-10-04T04:54:35Z
20261004T045441Z,99a9bae4dc0dc2590496bd3102b211f2,2026-10-04T17:00:00Z,Tampa Bay Buccaneers,Green Bay Packers,betmgm,player_reception_yds,Chris Godwin,Under,26.5,-115,2026-10-04T04:54:35Z
20261004T045441Z,99a9bae4dc0dc2590496bd3102b211f2,2026-10-04T17:00:00Z,Tampa Bay Buccaneers,Green Bay Packers,betmgm,player_reception_yds,MarShawn Lloyd,Over,6.5,-120,2026-10-04T04:54:35Z
20261004T045441Z,99a9bae4dc0dc2590496bd3102b211f2,2026-10-04T17:00:00Z,Tampa Bay Buccaneers,Green Bay Packers,betmgm,player_reception_yds,MarShawn Lloyd,Under,6.5,-111,2026-10-04T04:54:35Z
20261004T045441Z,99a9bae4dc0dc2590496bd3102b211f2,2026-10-04T17:00:00Z,Tampa Bay Buccaneers,Green Bay Packers,betmgm,player_reception_yds,Matthew Golden,Over,56.5,-115,2026-10-04T04:54:35Z
20261004T045441Z,99a9bae4dc0dc2590496bd3102b211f2,2026-10-04T17:00:00Z,Tampa Bay Buccaneers,Green Bay Packers,betmgm,player_reception_yds,Matthew Golden,Under,56.5,-115,2026-10-04T04:54:35Z
20261004T045441Z,99a9bae4dc0dc2590496bd3102b211f2,2026-10-04T17:00:00Z,Tampa Bay Buccaneers,Green Bay Packers,betmgm,player_receptions,Emeka Egbuka,Over,3.5,110,2026-10-04T04:54:35Z
20261004T045441Z,99a9bae4dc0dc2590496bd3102b211f2,2026-10-04T17:00:00Z,Tampa Bay Buccaneers,Green Bay Packers,betmgm,player_receptions,Emeka Egbuka,Under,3.5,-150,2026-10-04T04:54:35Z
20261004T045441Z,99a9bae4dc0dc2590496bd3102b211f2,2026-10-04T17:00:00Z,Tampa Bay Buccaneers,Green Bay Packers,betmgm,player_receptions,Chris Godwin,Over,2.5,-130,2026-10-04T04:54:35Z
20261004T045441Z,99a9bae4dc0dc2590496bd3102b211f2,2026-10-04T17:00:00Z,Tampa Bay Buccaneers,Green Bay Packers,betmgm,player_receptions,Chris Godwin,Under,2.5,-105,2026-10-04T04:54:35Z
20261004T045441Z,99a9bae4dc0dc2590496bd3102b211f2,2026-10-04T17:00:00Z,Tampa Bay Buccaneers,Green Bay Packers,betmgm,player_receptions,Cade Otton,Over,2.5,-155,2026-10-04T04:54:35Z
20261004T045441Z,99a9bae4dc0dc2590496bd3102b211f2,2026-10-04T17:00:00Z,Tampa Bay Buccaneers,Green Bay Packers,betmgm,player_receptions,Cade Otton,Under,2.5,115,2026-10-04T04:54:35Z
20261004T045441Z,99a9bae4dc0dc2590496bd3102b211f2,2026-10-04T17:00:00Z,Tampa Bay Buccaneers,Green Bay Packers,betmgm,player_receptions,Tucker Kraft,Over,3.5,-150,2026-10-04T04:54:35Z
20261004T045441Z,99a9bae4dc0dc2590496bd3102b211f2,2026-10-04T17:00:00Z,Tampa Bay Buccaneers,Green Bay Packers,betmgm,player_receptions,Tucker Kraft,Under,3.5,110,2026-10-04T04:54:35Z
20261004T045441Z,99a9bae4dc0dc2590496bd3102b211f2,2026-10-04T17:00:00Z,Tampa Bay Buccaneers,Green Bay Packers,betmgm,player_receptions,Christian Watson,Over,4.5,-135,2026-10-04T04:54:35Z
20261004T045441Z,99a9bae4dc0dc2590496bd3102b211f2,2026-10-04T17:00:00Z,Tampa Bay Buccaneers,Green Bay Packers,betmgm,player_receptions,Christian Watson,Under,4.5,100,2026-10-04T04:54:35Z
20261004T045441Z,99a9bae4dc0dc2590496bd3102b211f2,2026-10-04T17:00:00Z,Tampa Bay Buccaneers,Green Bay Packers,betmgm,player_receptions,Matthew Golden,Over,4.5,-111,2026-10-04T04:54:35Z
20261004T045441Z,99a9bae4dc0dc2590496bd3102b211f2,2026-10-04T17:00:00Z,Tampa Bay Buccaneers,Green Bay Packers,betmgm,player_receptions,Matthew Golden,Under,4.5,-120,2026-10-04T04:54:35Z
20261004T045441Z,99a9bae4dc0dc2590496bd3102b211f2,2026-10-04T17:00:00Z,Tampa Bay Buccaneers,Green Bay Packers,betmgm,player_receptions,Bucky Irving,Over,2.5,-110,2026-10-04T04:54:35Z
20261004T045441Z,99a9bae4dc0dc2590496bd3102b211f2,2026-10-04T17:00:00Z,Tampa Bay Buccaneers,Green Bay Packers,betmgm,player_receptions,Bucky Irving,Under,2.5,-120,2026-10-04T04:54:35Z
20261004T045441Z,99a9bae4dc0dc2590496bd3102b211f2,2026-10-04T17:00:00Z,Tampa Bay Buccaneers,Green Bay Packers,betmgm,player_receptions,Kenny Gainwell,Over,1.5,-175,2026-10-04T04:54:35Z
20261004T045441Z,99a9bae4dc0dc2590496bd3102b211f2,2026-10-04T17:00:00Z,Tampa Bay Buccaneers,Green Bay Packers,betmgm,player_receptions,Kenny Gainwell,Under,1.5,130,2026-10-04T04:54:35Z
20261004T045441Z,99a9bae4dc0dc2590496bd3102b211f2,2026-10-04T17:00:00Z,Tampa Bay Buccaneers,Green Bay Packers,betmgm,player_receptions,Skyy Moore,Over,1.5,-155,2026-10-04T04:54:35Z
20261004T045441Z,99a9bae4dc0dc2590496bd3102b211f2,2026-10-04T17:00:00Z,Tampa Bay Buccaneers,Green Bay Packers,betmgm,player_receptions,Skyy Moore,Under,1.5,115,2026-10-04T04:54:35Z
20261004T045441Z,99a9bae4dc0dc2590496bd3102b211f2,2026-10-04T17:00:00Z,Tampa Bay Buccaneers,Green Bay Packers,betmgm,player_receptions,Ted Hurst III,Over,1.5,-190,2026-10-04T04:54:35Z
20261004T045441Z,99a9bae4dc0dc2590496bd3102b211f2,2026-10-04T17:00:00Z,Tampa Bay Buccaneers,Green Bay Packers,betmgm,player_receptions,Ted Hurst III,Under,1.5,140,2026-10-04T04:54:35Z
20261004T045441Z,99a9bae4dc0dc2590496bd3102b211f2,2026-10-04T17:00:00Z,Tampa Bay Buccaneers,Green Bay Packers,betmgm,player_receptions,MarShawn Lloyd,Over,1.5,135,2026-10-04T04:54:35Z
20261004T045441Z,99a9bae4dc0dc2590496bd3102b211f2,2026-10-04T17:00:00Z,Tampa Bay Buccaneers,Green Bay Packers,betmgm,player_receptions,MarShawn Lloyd,Under,1.5,-185,2026-10-04T04:54:35Z
20261004T045441Z,99a9bae4dc0dc2590496bd3102b211f2,2026-10-04T17:00:00Z,Tampa Bay Buccaneers,Green Bay Packers,betmgm,player_rush_yds,Jalon Daniels,Over,33.5,-115,2026-10-04T04:54:35Z
20261004T045441Z,99a9bae4dc0dc2590496bd3102b211f2,2026-10-04T17:00:00Z,Tampa Bay Buccaneers,Green Bay Packers,betmgm,player_rush_yds,Jalon Daniels,Under,33.5,-115,2026-10-04T04:54:35Z
20261004T045441Z,99a9bae4dc0dc2590496bd3102b211f2,2026-10-04T17:00:00Z,Tampa Bay Buccaneers,Green Bay Packers,betmgm,player_rush_yds,Bucky Irving,Over,54.5,-115,2026-10-04T04:54:35Z
20261004T045441Z,99a9bae4dc0dc2590496bd3102b211f2,2026-10-04T17:00:00Z,Tampa Bay Buccaneers,Green Bay Packers,betmgm,player_rush_yds,Bucky Irving,Under,54.5,-115,2026-10-04T04:54:35Z
20261004T045441Z,99a9bae4dc0dc2590496bd3102b211f2,2026-10-04T17:00:00Z,Tampa Bay Buccaneers,Green Bay Packers,betmgm,player_rush_yds,Kaleb Johnson,Over,31.5,-115,2026-10-04T04:54:35Z
20261004T045441Z,99a9bae4dc0dc2590496bd3102b211f2,2026-10-04T17:00:00Z,Tampa Bay Buccaneers,Green Bay Packers,betmgm,player_rush_yds,Kaleb Johnson,Under,31.5,-115,2026-10-04T04:54:35Z
20261004T045441Z,99a9bae4dc0dc2590496bd3102b211f2,2026-10-04T17:00:00Z,Tampa Bay Buccaneers,Green Bay Packers,betmgm,player_rush_yds,Jordan Love,Over,5.5,-111,2026-10-04T04:54:35Z
20261004T045441Z,99a9bae4dc0dc2590496bd3102b211f2,2026-10-04T17:00:00Z,Tampa Bay Buccaneers,Green Bay Packers,betmgm,player_rush_yds,Jordan Love,Under,5.5,-118,2026-10-04T04:54:35Z
20261004T045441Z,99a9bae4dc0dc2590496bd3102b211f2,2026-10-04T17:00:00Z,Tampa Bay Buccaneers,Green Bay Packers,betmgm,player_rush_yds,Kenny Gainwell,Over,14.5,-120,2026-10-04T04:54:35Z
20261004T045441Z,99a9bae4dc0dc2590496bd3102b211f2,2026-10-04T17:00:00Z,Tampa Bay Buccaneers,Green Bay Packers,betmgm,player_rush_yds,Kenny Gainwell,Under,14.5,-110,2026-10-04T04:54:35Z
20261004T045441Z,1b4f2e60ce83fa1d63a5dff83769d27c,2026-10-04T17:00:00Z,Philadelphia Eagles,Los Angeles Rams,draftkings,player_pass_yds,Matthew Stafford,Over,246.5,-113,2026-10-04T04:54:16Z
20261004T045441Z,1b4f2e60ce83fa1d63a5dff83769d27c,2026-10-04T17:00:00Z,Philadelphia Eagles,Los Angeles Rams,draftkings,player_pass_yds,Matthew Stafford,Under,246.5,-111,2026-10-04T04:54:16Z
20261004T045441Z,1b4f2e60ce83fa1d63a5dff83769d27c,2026-10-04T17:00:00Z,Philadelphia Eagles,Los Angeles Rams,draftkings,player_pass_yds,Jalen Hurts,Over,184.5,-112,2026-10-04T04:54:16Z
20261004T045441Z,1b4f2e60ce83fa1d63a5dff83769d27c,2026-10-04T17:00:00Z,Philadelphia Eagles,Los Angeles Rams,draftkings,player_pass_yds,Jalen Hurts,Under,184.5,-112,2026-10-04T04:54:16Z
20261004T045441Z,1b4f2e60ce83fa1d63a5dff83769d27c,2026-10-04T17:00:00Z,Philadelphia Eagles,Los Angeles Rams,draftkings,player_reception_yds,Davante Adams,Over,66.5,-114,2026-10-04T04:54:16Z
20261004T045441Z,1b4f2e60ce83fa1d63a5dff83769d27c,2026-10-04T17:00:00Z,Philadelphia Eagles,Los Angeles Rams,draftkings,player_reception_yds,Davante Adams,Under,66.5,-110,2026-10-04T04:54:16Z
20261004T045441Z,1b4f2e60ce83fa1d63a5dff83769d27c,2026-10-04T17:00:00Z,Philadelphia Eagles,Los Angeles Rams,draftkings,player_reception_yds,Puka Nacua,Over,66.5,-114,2026-10-04T04:54:16Z
20261004T045441Z,1b4f2e60ce83fa1d63a5dff83769d27c,2026-10-04T17:00:00Z,Philadelphia Eagles,Los Angeles Rams,draftkings,player_reception_yds,Puka Nacua,Under,66.5,-111,2026-10-04T04:54:16Z
20261004T045441Z,1b4f2e60ce83fa1d63a5dff83769d27c,2026-10-04T17:00:00Z,Philadelphia Eagles,Los Angeles Rams,draftkings,player_reception_yds,Dontayvion Wicks,Over,54.5,-110,2026-10-04T04:54:16Z
20261004T045441Z,1b4f2e60ce83fa1d63a5dff83769d27c,2026-10-04T17:00:00Z,Philadelphia Eagles,Los Angeles Rams,draftkings,player_reception_yds,Dontayvion Wicks,Under,54.5,-114,2026-10-04T04:54:16Z
20261004T045441Z,1b4f2e60ce83fa1d63a5dff83769d27c,2026-10-04T17:00:00Z,Philadelphia Eagles,Los Angeles Rams,draftkings,player_reception_yds,Makai Lemon,Over,36.5,-112,2026-10-04T04:54:16Z
20261004T045441Z,1b4f2e60ce83fa1d63a5dff83769d27c,2026-10-04T17:00:00Z,Philadelphia Eagles,Los Angeles Rams,draftkings,player_reception_yds,Makai Lemon,Under,36.5,-112,2026-10-04T04:54:16Z
20261004T045441Z,1b4f2e60ce83fa1d63a5dff83769d27c,2026-10-04T17:00:00Z,Philadelphia Eagles,Los Angeles Rams,draftkings,player_reception_yds,Zach Ertz,Over,22.5,-109,2026-10-04T04:54:16Z
20261004T045441Z,1b4f2e60ce83fa1d63a5dff83769d27c,2026-10-04T17:00:00Z,Philadelphia Eagles,Los Angeles Rams,draftkings,player_reception_yds,Zach Ertz,Under,22.5,-115,2026-10-04T04:54:16Z
20261004T045441Z,1b4f2e60ce83fa1d63a5dff83769d27c,2026-10-04T17:00:00Z,Philadelphia Eagles,Los Angeles Rams,draftkings,player_reception_yds,Darius Cooper,Over,21.5,-112,2026-10-04T04:54:16Z
20261004T045441Z,1b4f2e60ce83fa1d63a5dff83769d27c,2026-10-04T17:00:00Z,Philadelphia Eagles,Los Angeles Rams,draftkings,player_reception_yds,Darius Cooper,Under,21.5,-112,2026-10-04T04:54:16Z
20261004T045441Z,1b4f2e60ce83fa1d63a5dff83769d27c,2026-10-04T17:00:00Z,Philadelphia Eagles,Los Angeles Rams,draftkings,player_reception_yds,Saquon Barkley,Over,14.5,-117,2026-10-04T04:54:16Z
20261004T045441Z,1b4f2e60ce83fa1d63a5dff83769d27c,2026-10-04T17:00:00Z,Philadelphia Eagles,Los Angeles Rams,draftkings,player_reception_yds,Saquon Barkley,Under,14.5,-107,2026-10-04T04:54:16Z
20261004T045441Z,1b4f2e60ce83fa1d63a5dff83769d27c,2026-10-04T17:00:00Z,Philadelphia Eagles,Los Angeles Rams,draftkings,player_reception_yds,Kyren Williams,Over,13.5,-107,2026-10-04T04:54:16Z
20261004T045441Z,1b4f2e60ce83fa1d63a5dff83769d27c,2026-10-04T17:00:00Z,Philadelphia Eagles,Los Angeles Rams,draftkings,player_reception_yds,Kyren Williams,Under,13.5,-117,2026-10-04T04:54:16Z
20261004T045441Z,1b4f2e60ce83fa1d63a5dff83769d27c,2026-10-04T17:00:00Z,Philadelphia Eagles,Los Angeles Rams,draftkings,player_reception_yds,Johnny Mundt,Over,8.5,-110,2026-10-04T04:54:16Z
20261004T045441Z,1b4f2e60ce83fa1d63a5dff83769d27c,2026-10-04T17:00:00Z,Philadelphia Eagles,Los Angeles Rams,draftkings,player_reception_yds,Johnny Mundt,Under,8.5,-114,2026-10-04T04:54:16Z
20261004T045441Z,1b4f2e60ce83fa1d63a5dff83769d27c,2026-10-04T17:00:00Z,Philadelphia Eagles,Los Angeles Rams,draftkings,player_receptions,Puka Nacua,Over,6.5,111,2026-10-04T04:54:16Z
20261004T045441Z,1b4f2e60ce83fa1d63a5dff83769d27c,2026-10-04T17:00:00Z,Philadelphia Eagles,Los Angeles Rams,draftkings,player_receptions,Puka Nacua,Under,6.5,-141,2026-10-04T04:54:16Z
20261004T045441Z,1b4f2e60ce83fa1d63a5dff83769d27c,2026-10-04T17:00:00Z,Philadelphia Eagles,Los Angeles Rams,draftkings,player_receptions,Davante Adams,Over,4.5,-139,2026-10-04T04:54:16Z
20261004T045441Z,1b4f2e60ce83fa1d63a5dff83769d27c,2026-10-04T17:00:00Z,Philadelphia Eagles,Los Angeles Rams,draftkings,player_receptions,Davante Adams,Under,4.5,109,2026-10-04T04:54:16Z
20261004T045441Z,1b4f2e60ce83fa1d63a5dff83769d27c,2026-10-04T17:00:00Z,Philadelphia Eagles,Los Angeles Rams,draftkings,player_receptions,Dontayvion Wicks,Over,3.5,-145,2026-10-04T04:54:16Z
20261004T045441Z,1b4f2e60ce83fa1d63a5dff83769d27c,2026-10-04T17:00:00Z,Philadelphia Eagles,Los Angeles Rams,draftkings,player_receptions,Dontayvion Wicks,Under,3.5,114,2026-10-04T04:54:16Z
20261004T045441Z,1b4f2e60ce83fa1d63a5dff83769d27c,2026-10-04T17:00:00Z,Philadelphia Eagles,Los Angeles Rams,draftkings,player_receptions,Makai Lemon,Over,3.5,-125,2026-10-04T04:54:16Z
20261004T045441Z,1b4f2e60ce83fa1d63a5dff83769d27c,2026-10-04T17:00:00Z,Philadelphia Eagles,Los Angeles Rams,draftkings,player_receptions,Makai Lemon,Under,3.5,-102,2026-10-04T04:54:16Z
20261004T045441Z,1b4f2e60ce83fa1d63a5dff83769d27c,2026-10-04T17:00:00Z,Philadelphia Eagles,Los Angeles Rams,draftkings,player_receptions,Zach Ertz,Over,2.5,-108,2026-10-04T04:54:16Z
20261004T045441Z,1b4f2e60ce83fa1d63a5dff83769d27c,2026-10-04T17:00:00Z,Philadelphia Eagles,Los Angeles Rams,draftkings,player_receptions,Zach Ertz,Under,2.5,-118,2026-10-04T04:54:16Z
20261004T045441Z,1b4f2e60ce83fa1d63a5dff83769d27c,2026-10-04T17:00:00Z,Philadelphia Eagles,Los Angeles Rams,draftkings,player_receptions,Saquon Barkley,Over,2.5,122,2026-10-04T04:54:16Z
20261004T045441Z,1b4f2e60ce83fa1d63a5dff83769d27c,2026-10-04T17:00:00Z,Philadelphia Eagles,Los Angeles Rams,draftkings,player_receptions,Saquon Barkley,Under,2.5,-156,2026-10-04T04:54:16Z
20261004T045441Z,1b4f2e60ce83fa1d63a5dff83769d27c,2026-10-04T17:00:00Z,Philadelphia Eagles,Los Angeles Rams,draftkings,player_receptions,Kyren Williams,Over,2.5,132,2026-10-04T04:54:16Z
20261004T045441Z,1b4f2e60ce83fa1d63a5dff83769d27c,2026-10-04T17:00:00Z,Philadelphia Eagles,Los Angeles Rams,draftkings,player_receptions,Kyren Williams,Under,2.5,-169,2026-10-04T04:54:16Z
20261004T045441Z,1b4f2e60ce83fa1d63a5dff83769d27c,2026-10-04T17:00:00Z,Philadelphia Eagles,Los Angeles Rams,draftkings,player_receptions,Darius Cooper,Over,2.5,137,2026-10-04T04:54:16Z
20261004T045441Z,1b4f2e60ce83fa1d63a5dff83769d27c,2026-10-04T17:00:00Z,Philadelphia Eagles,Los Angeles Rams,draftkings,player_receptions,Darius Cooper,Under,2.5,-176,2026-10-04T04:54:16Z
20261004T045441Z,1b4f2e60ce83fa1d63a5dff83769d27c,2026-10-04T17:00:00Z,Philadelphia Eagles,Los Angeles Rams,draftkings,player_receptions,Johnny Mundt,Over,1.5,171,2026-10-04T04:54:16Z
20261004T045441Z,1b4f2e60ce83fa1d63a5dff83769d27c,2026-10-04T17:00:00Z,Philadelphia Eagles,Los Angeles Rams,draftkings,player_receptions,Johnny Mundt,Under,1.5,-221,2026-10-04T04:54:16Z
20261004T045441Z,1b4f2e60ce83fa1d63a5dff83769d27c,2026-10-04T17:00:00Z,Philadelphia Eagles,Los Angeles Rams,draftkings,player_rush_yds,Saquon Barkley,Over,70.5,-109,2026-10-04T04:54:16Z
20261004T045441Z,1b4f2e60ce83fa1d63a5dff83769d27c,2026-10-04T17:00:00Z,Philadelphia Eagles,Los Angeles Rams,draftkings,player_rush_yds,Saquon Barkley,Under,70.5,-115,2026-10-04T04:54:16Z
20261004T045441Z,1b4f2e60ce83fa1d63a5dff83769d27c,2026-10-04T17:00:00Z,Philadelphia Eagles,Los Angeles Rams,draftkings,player_rush_yds,Kyren Williams,Over,59.5,-113,2026-10-04T04:54:16Z
20261004T045441Z,1b4f2e60ce83fa1d63a5dff83769d27c,2026-10-04T17:00:00Z,Philadelphia Eagles,Los Angeles Rams,draftkings,player_rush_yds,Kyren Williams,Under,59.5,-111,2026-10-04T04:54:16Z
20261004T045441Z,1b4f2e60ce83fa1d63a5dff83769d27c,2026-10-04T17:00:00Z,Philadelphia Eagles,Los Angeles Rams,draftkings,player_rush_yds,Blake Corum,Over,39.5,-110,2026-10-04T04:54:16Z
20261004T045441Z,1b4f2e60ce83fa1d63a5dff83769d27c,2026-10-04T17:00:00Z,Philadelphia Eagles,Los Angeles Rams,draftkings,player_rush_yds,Blake Corum,Under,39.5,-114,2026-10-04T04:54:16Z
20261004T045441Z,1b4f2e60ce83fa1d63a5dff83769d27c,2026-10-04T17:00:00Z,Philadelphia Eagles,Los Angeles Rams,draftkings,player_rush_yds,Jalen Hurts,Over,26.5,-112,2026-10-04T04:54:16Z
20261004T045441Z,1b4f2e60ce83fa1d63a5dff83769d27c,2026-10-04T17:00:00Z,Philadelphia Eagles,Los Angeles Rams,draftkings,player_rush_yds,Jalen Hurts,Under,26.5,-112,2026-10-04T04:54:16Z
20261004T045441Z,1b4f2e60ce83fa1d63a5dff83769d27c,2026-10-04T17:00:00Z,Philadelphia Eagles,Los Angeles Rams,draftkings,player_rush_yds,Tank Bigsby,Over,8.5,-107,2026-10-04T04:54:16Z
20261004T045441Z,1b4f2e60ce83fa1d63a5dff83769d27c,2026-10-04T17:00:00Z,Philadelphia Eagles,Los Angeles Rams,draftkings,player_rush_yds,Tank Bigsby,Under,8.5,-118,2026-10-04T04:54:16Z
20261004T045441Z,1b4f2e60ce83fa1d63a5dff83769d27c,2026-10-04T17:00:00Z,Philadelphia Eagles,Los Angeles Rams,draftkings,player_rush_yds,Matthew Stafford,Over,0.5,-101,2026-10-04T04:54:16Z
20261004T045441Z,1b4f2e60ce83fa1d63a5dff83769d27c,2026-10-04T17:00:00Z,Philadelphia Eagles,Los Angeles Rams,draftkings,player_rush_yds,Matthew Stafford,Under,0.5,-125,2026-10-04T04:54:16Z
20261004T045441Z,1b4f2e60ce83fa1d63a5dff83769d27c,2026-10-04T17:00:00Z,Philadelphia Eagles,Los Angeles Rams,fanduel,player_pass_yds,Matthew Stafford,Over,249.5,-113,2026-10-04T04:54:23Z
20261004T045441Z,1b4f2e60ce83fa1d63a5dff83769d27c,2026-10-04T17:00:00Z,Philadelphia Eagles,Los Angeles Rams,fanduel,player_pass_yds,Matthew Stafford,Under,249.5,-113,2026-10-04T04:54:23Z
20261004T045441Z,1b4f2e60ce83fa1d63a5dff83769d27c,2026-10-04T17:00:00Z,Philadelphia Eagles,Los Angeles Rams,fanduel,player_pass_yds,Jalen Hurts,Over,187.5,-113,2026-10-04T04:54:23Z
20261004T045441Z,1b4f2e60ce83fa1d63a5dff83769d27c,2026-10-04T17:00:00Z,Philadelphia Eagles,Los Angeles Rams,fanduel,player_pass_yds,Jalen Hurts,Under,187.5,-113,2026-10-04T04:54:23Z
20261004T045441Z,1b4f2e60ce83fa1d63a5dff83769d27c,2026-10-04T17:00:00Z,Philadelphia Eagles,Los Angeles Rams,fanduel,player_reception_yds,Darius Cooper,Over,20.5,-113,2026-10-04T04:54:23Z
20261004T045441Z,1b4f2e60ce83fa1d63a5dff83769d27c,2026-10-04T17:00:00Z,Philadelphia Eagles,Los Angeles Rams,fanduel,player_reception_yds,Darius Cooper,Under,20.5,-113,2026-10-04T04:54:23Z
20261004T045441Z,1b4f2e60ce83fa1d63a5dff83769d27c,2026-10-04T17:00:00Z,Philadelphia Eagles,Los Angeles Rams,fanduel,player_reception_yds,Puka Nacua,Over,66.5,-113,2026-10-04T04:54:23Z
20261004T045441Z,1b4f2e60ce83fa1d63a5dff83769d27c,2026-10-04T17:00:00Z,Philadelphia Eagles,Los Angeles Rams,fanduel,player_reception_yds,Puka Nacua,Under,66.5,-113,2026-10-04T04:54:23Z
20261004T045441Z,1b4f2e60ce83fa1d63a5dff83769d27c,2026-10-04T17:00:00Z,Philadelphia Eagles,Los Angeles Rams,fanduel,player_reception_yds,Davante Adams,Over,68.5,-113,2026-10-04T04:54:23Z
20261004T045441Z,1b4f2e60ce83fa1d63a5dff83769d27c,2026-10-04T17:00:00Z,Philadelphia Eagles,Los Angeles Rams,fanduel,player_reception_yds,Davante Adams,Under,68.5,-113,2026-10-04T04:54:23Z
20261004T045441Z,1b4f2e60ce83fa1d63a5dff83769d27c,2026-10-04T17:00:00Z,Philadelphia Eagles,Los Angeles Rams,fanduel,player_reception_yds,Johnny Mundt,Over,8.5,-113,2026-10-04T04:54:23Z
20261004T045441Z,1b4f2e60ce83fa1d63a5dff83769d27c,2026-10-04T17:00:00Z,Philadelphia Eagles,Los Angeles Rams,fanduel,player_reception_yds,Johnny Mundt,Under,8.5,-113,2026-10-04T04:54:23Z
20261004T045441Z,1b4f2e60ce83fa1d63a5dff83769d27c,2026-10-04T17:00:00Z,Philadelphia Eagles,Los Angeles Rams,fanduel,player_reception_yds,Zach Ertz,Over,21.5,-113,2026-10-04T04:54:23Z
20261004T045441Z,1b4f2e60ce83fa1d63a5dff83769d27c,2026-10-04T17:00:00Z,Philadelphia Eagles,Los Angeles Rams,fanduel,player_reception_yds,Zach Ertz,Under,21.5,-113,2026-10-04T04:54:23Z
20261004T045441Z,1b4f2e60ce83fa1d63a5dff83769d27c,2026-10-04T17:00:00Z,Philadelphia Eagles,Los Angeles Rams,fanduel,player_reception_yds,Dontayvion Wicks,Over,56.5,-113,2026-10-04T04:54:23Z
20261004T045441Z,1b4f2e60ce83fa1d63a5dff83769d27c,2026-10-04T17:00:00Z,Philadelphia Eagles,Los Angeles Rams,fanduel,player_reception_yds,Dontayvion Wicks,Under,56.5,-113,2026-10-04T04:54:23Z
20261004T045441Z,1b4f2e60ce83fa1d63a5dff83769d27c,2026-10-04T17:00:00Z,Philadelphia Eagles,Los Angeles Rams,fanduel,player_reception_yds,Kyren Williams,Over,13.5,-113,2026-10-04T04:54:23Z
20261004T045441Z,1b4f2e60ce83fa1d63a5dff83769d27c,2026-10-04T17:00:00Z,Philadelphia Eagles,Los Angeles Rams,fanduel,player_reception_yds,Kyren Williams,Under,13.5,-113,2026-10-04T04:54:23Z
20261004T045441Z,1b4f2e60ce83fa1d63a5dff83769d27c,2026-10-04T17:00:00Z,Philadelphia Eagles,Los Angeles Rams,fanduel,player_reception_yds,Makai Lemon,Over,35.5,-113,2026-10-04T04:54:23Z
20261004T045441Z,1b4f2e60ce83fa1d63a5dff83769d27c,2026-10-04T17:00:00Z,Philadelphia Eagles,Los Angeles Rams,fanduel,player_reception_yds,Makai Lemon,Under,35.5,-113,2026-10-04T04:54:23Z
20261004T045441Z,1b4f2e60ce83fa1d63a5dff83769d27c,2026-10-04T17:00:00Z,Philadelphia Eagles,Los Angeles Rams,fanduel,player_reception_yds,Saquon Barkley,Over,15.5,-113,2026-10-04T04:54:23Z
20261004T045441Z,1b4f2e60ce83fa1d63a5dff83769d27c,2026-10-04T17:00:00Z,Philadelphia Eagles,Los Angeles Rams,fanduel,player_reception_yds,Saquon Barkley,Under,15.5,-113,2026-10-04T04:54:23Z
20261004T045441Z,1b4f2e60ce83fa1d63a5dff83769d27c,2026-10-04T17:00:00Z,Philadelphia Eagles,Los Angeles Rams,fanduel,player_receptions,Puka Nacua,Over,5.5,-172,2026-10-04T04:54:23Z
20261004T045441Z,1b4f2e60ce83fa1d63a5dff83769d27c,2026-10-04T17:00:00Z,Philadelphia Eagles,Los Angeles Rams,fanduel,player_receptions,Puka Nacua,Under,5.5,128,2026-10-04T04:54:23Z
20261004T045441Z,1b4f2e60ce83fa1d63a5dff83769d27c,2026-10-04T17:00:00Z,Philadelphia Eagles,Los Angeles Rams,fanduel,player_receptions,Darius Cooper,Over,2.5,132,2026-10-04T04:54:23Z
20261004T045441Z,1b4f2e60ce83fa1d63a5dff83769d27c,2026-10-04T17:00:00Z,Philadelphia Eagles,Los Angeles Rams,fanduel,player_receptions,Darius Cooper,Under,2.5,-178,2026-10-04T04:54:23Z
20261004T045441Z,1b4f2e60ce83fa1d63a5dff83769d27c,2026-10-04T17:00:00Z,Philadelphia Eagles,Los Angeles Rams,fanduel,player_receptions,Dontayvion Wicks,Over,3.5,-148,2026-10-04T04:54:23Z
20261004T045441Z,1b4f2e60ce83fa1d63a5dff83769d27c,2026-10-04T17:00:00Z,Philadelphia Eagles,Los Angeles Rams,fanduel,player_receptions,Dontayvion Wicks,Under,3.5,112,2026-10-04T04:54:23Z
20261004T045441Z,1b4f2e60ce83fa1d63a5dff83769d27c,2026-10-04T17:00:00Z,Philadelphia Eagles,Los Angeles Rams,fanduel,player_receptions,Johnny Mundt,Over,1.5,162,2026-10-04T04:54:23Z
20261004T045441Z,1b4f2e60ce83fa1d63a5dff83769d27c,2026-10-04T17:00:00Z,Philadelphia Eagles,Los Angeles Rams,fanduel,player_receptions,Johnny Mundt,Under,1.5,-220,2026-10-04T04:54:23Z
20261004T045441Z,1b4f2e60ce83fa1d63a5dff83769d27c,2026-10-04T17:00:00Z,Philadelphia Eagles,Los Angeles Rams,fanduel,player_receptions,Zach Ertz,Over,2.5,106,2026-10-04T04:54:23Z
20261004T045441Z,1b4f2e60ce83fa1d63a5dff83769d27c,2026-10-04T17:00:00Z,Philadelphia Eagles,Los Angeles Rams,fanduel,player_receptions,Zach Ertz,Under,2.5,-140,2026-10-04T04:54:23Z
20261004T045441Z,1b4f2e60ce83fa1d63a5dff83769d27c,2026-10-04T17:00:00Z,Philadelphia Eagles,Los Angeles Rams,fanduel,player_receptions,Kyren Williams,Over,2.5,118,2026-10-04T04:54:23Z
20261004T045441Z,1b4f2e60ce83fa1d63a5dff83769d27c,2026-10-04T17:00:00Z,Philadelphia Eagles,Los Angeles Rams,fanduel,player_receptions,Kyren Williams,Under,2.5,-158,2026-10-04T04:54:23Z
20261004T045441Z,1b4f2e60ce83fa1d63a5dff83769d27c,2026-10-04T17:00:00Z,Philadelphia Eagles,Los Angeles Rams,fanduel,player_receptions,Saquon Barkley,Over,2.5,124,2026-10-04T04:54:23Z
20261004T045441Z,1b4f2e60ce83fa1d63a5dff83769d27c,2026-10-04T17:00:00Z,Philadelphia Eagles,Los Angeles Rams,fanduel,player_receptions,Saquon Barkley,Under,2.5,-166,2026-10-04T04:54:23Z
20261004T045441Z,1b4f2e60ce83fa1d63a5dff83769d27c,2026-10-04T17:00:00Z,Philadelphia Eagles,Los Angeles Rams,fanduel,player_receptions,Davante Adams,Over,4.5,-148,2026-10-04T04:54:23Z
20261004T045441Z,1b4f2e60ce83fa1d63a5dff83769d27c,2026-10-04T17:00:00Z,Philadelphia Eagles,Los Angeles Rams,fanduel,player_receptions,Davante Adams,Under,4.5,112,2026-10-04T04:54:23Z
20261004T045441Z,1b4f2e60ce83fa1d63a5dff83769d27c,2026-10-04T17:00:00Z,Philadelphia Eagles,Los Angeles Rams,fanduel,player_receptions,Makai Lemon,Over,3.5,-110,2026-10-04T04:54:23Z
20261004T045441Z,1b4f2e60ce83fa1d63a5dff83769d27c,2026-10-04T17:00:00Z,Philadelphia Eagles,Los Angeles Rams,fanduel,player_receptions,Makai Lemon,Under,3.5,-120,2026-10-04T04:54:23Z
20261004T045441Z,1b4f2e60ce83fa1d63a5dff83769d27c,2026-10-04T17:00:00Z,Philadelphia Eagles,Los Angeles Rams,fanduel,player_rush_yds,Matthew Stafford,Over,1.5,108,2026-10-04T04:54:23Z
20261004T045441Z,1b4f2e60ce83fa1d63a5dff83769d27c,2026-10-04T17:00:00Z,Philadelphia Eagles,Los Angeles Rams,fanduel,player_rush_yds,Matthew Stafford,Under,1.5,-138,2026-10-04T04:54:23Z
20261004T045441Z,1b4f2e60ce83fa1d63a5dff83769d27c,2026-10-04T17:00:00Z,Philadelphia Eagles,Los Angeles Rams,fanduel,player_rush_yds,Tank Bigsby,Over,8.5,-113,2026-10-04T04:54:23Z
20261004T045441Z,1b4f2e60ce83fa1d63a5dff83769d27c,2026-10-04T17:00:00Z,Philadelphia Eagles,Los Angeles Rams,fanduel,player_rush_yds,Tank Bigsby,Under,8.5,-113,2026-10-04T04:54:23Z
20261004T045441Z,1b4f2e60ce83fa1d63a5dff83769d27c,2026-10-04T17:00:00Z,Philadelphia Eagles,Los Angeles Rams,fanduel,player_rush_yds,Kyren Williams,Over,56.5,-113,2026-10-04T04:54:23Z
20261004T045441Z,1b4f2e60ce83fa1d63a5dff83769d27c,2026-10-04T17:00:00Z,Philadelphia Eagles,Los Angeles Rams,fanduel,player_rush_yds,Kyren Williams,Under,56.5,-113,2026-10-04T04:54:23Z
20261004T045441Z,1b4f2e60ce83fa1d63a5dff83769d27c,2026-10-04T17:00:00Z,Philadelphia Eagles,Los Angeles Rams,fanduel,player_rush_yds,Saquon Barkley,Over,69.5,-113,2026-10-04T04:54:23Z
20261004T045441Z,1b4f2e60ce83fa1d63a5dff83769d27c,2026-10-04T17:00:00Z,Philadelphia Eagles,Los Angeles Rams,fanduel,player_rush_yds,Saquon Barkley,Under,69.5,-113,2026-10-04T04:54:23Z
20261004T045441Z,1b4f2e60ce83fa1d63a5dff83769d27c,2026-10-04T17:00:00Z,Philadelphia Eagles,Los Angeles Rams,fanduel,player_rush_yds,Jalen Hurts,Over,26.5,-113,2026-10-04T04:54:23Z
20261004T045441Z,1b4f2e60ce83fa1d63a5dff83769d27c,2026-10-04T17:00:00Z,Philadelphia Eagles,Los Angeles Rams,fanduel,player_rush_yds,Jalen Hurts,Under,26.5,-113,2026-10-04T04:54:23Z
20261004T045441Z,1b4f2e60ce83fa1d63a5dff83769d27c,2026-10-04T17:00:00Z,Philadelphia Eagles,Los Angeles Rams,fanduel,player_rush_yds,Blake Corum,Over,39.5,-113,2026-10-04T04:54:23Z
20261004T045441Z,1b4f2e60ce83fa1d63a5dff83769d27c,2026-10-04T17:00:00Z,Philadelphia Eagles,Los Angeles Rams,fanduel,player_rush_yds,Blake Corum,Under,39.5,-113,2026-10-04T04:54:23Z
20261004T045441Z,1b4f2e60ce83fa1d63a5dff83769d27c,2026-10-04T17:00:00Z,Philadelphia Eagles,Los Angeles Rams,betonlineag,player_pass_yds,Matthew Stafford,Over,249.5,-115,2026-10-04T04:54:03Z
20261004T045441Z,1b4f2e60ce83fa1d63a5dff83769d27c,2026-10-04T17:00:00Z,Philadelphia Eagles,Los Angeles Rams,betonlineag,player_pass_yds,Matthew Stafford,Under,249.5,-112,2026-10-04T04:54:03Z
20261004T045441Z,1b4f2e60ce83fa1d63a5dff83769d27c,2026-10-04T17:00:00Z,Philadelphia Eagles,Los Angeles Rams,betonlineag,player_pass_yds,Jalen Hurts,Over,184.5,-114,2026-10-04T04:54:03Z
20261004T045441Z,1b4f2e60ce83fa1d63a5dff83769d27c,2026-10-04T17:00:00Z,Philadelphia Eagles,Los Angeles Rams,betonlineag,player_pass_yds,Jalen Hurts,Under,184.5,-114,2026-10-04T04:54:03Z
20261004T045441Z,1b4f2e60ce83fa1d63a5dff83769d27c,2026-10-04T17:00:00Z,Philadelphia Eagles,Los Angeles Rams,betonlineag,player_reception_yds,Kyren Williams,Over,13.5,-114,2026-10-04T04:54:03Z
20261004T045441Z,1b4f2e60ce83fa1d63a5dff83769d27c,2026-10-04T17:00:00Z,Philadelphia Eagles,Los Angeles Rams,betonlineag,player_reception_yds,Kyren Williams,Under,13.5,-114,2026-10-04T04:54:03Z
20261004T045441Z,1b4f2e60ce83fa1d63a5dff83769d27c,2026-10-04T17:00:00Z,Philadelphia Eagles,Los Angeles Rams,betonlineag,player_reception_yds,Saquon Barkley,Over,15.5,-114,2026-10-04T04:54:03Z
20261004T045441Z,1b4f2e60ce83fa1d63a5dff83769d27c,2026-10-04T17:00:00Z,Philadelphia Eagles,Los Angeles Rams,betonlineag,player_reception_yds,Saquon Barkley,Under,15.5,-114,2026-10-04T04:54:03Z
20261004T045441Z,1b4f2e60ce83fa1d63a5dff83769d27c,2026-10-04T17:00:00Z,Philadelphia Eagles,Los Angeles Rams,betonlineag,player_reception_yds,Johnny Mundt,Over,8.5,-115,2026-10-04T04:54:03Z
20261004T045441Z,1b4f2e60ce83fa1d63a5dff83769d27c,2026-10-04T17:00:00Z,Philadelphia Eagles,Los Angeles Rams,betonlineag,player_reception_yds,Johnny Mundt,Under,8.5,-112,2026-10-04T04:54:03Z
20261004T045441Z,1b4f2e60ce83fa1d63a5dff83769d27c,2026-10-04T17:00:00Z,Philadelphia Eagles,Los Angeles Rams,betonlineag,player_reception_yds,Dontayvion Wicks,Over,54.5,-112,2026-10-04T04:54:03Z
20261004T045441Z,1b4f2e60ce83fa1d63a5dff83769d27c,2026-10-04T17:00:00Z,Philadelphia Eagles,Los Angeles Rams,betonlineag,player_reception_yds,Dontayvion Wicks,Under,54.5,-115,2026-10-04T04:54:03Z
20261004T045441Z,1b4f2e60ce83fa1d63a5dff83769d27c,2026-10-04T17:00:00Z,Philadelphia Eagles,Los Angeles Rams,betonlineag,player_reception_yds,Makai Lemon,Over,35.5,-122,2026-10-04T04:54:03Z
20261004T045441Z,1b4f2e60ce83fa1d63a5dff83769d27c,2026-10-04T17:00:00Z,Philadelphia Eagles,Los Angeles Rams,betonlineag,player_reception_yds,Makai Lemon,Under,35.5,-106,2026-10-04T04:54:03Z
20261004T045441Z,1b4f2e60ce83fa1d63a5dff83769d27c,2026-10-04T17:00:00Z,Philadelphia Eagles,Los Angeles Rams,betonlineag,player_reception_yds,Zach Ertz,Over,20.5,-114,2026-10-04T04:54:03Z
20261004T045441Z,1b4f2e60ce83fa1d63a5dff83769d27c,2026-10-04T17:00:00Z,Philadelphia Eagles,Los Angeles Rams,betonlineag,player_reception_yds,Zach Ertz,Under,20.5,-114,2026-10-04T04:54:03Z
20261004T045441Z,1b4f2e60ce83fa1d63a5dff83769d27c,2026-10-04T17:00:00Z,Philadelphia Eagles,Los Angeles Rams,betonlineag,player_reception_yds,Puka Nacua,Over,66.5,-114,2026-10-04T04:54:03Z
20261004T045441Z,1b4f2e60ce83fa1d63a5dff83769d27c,2026-10-04T17:00:00Z,Philadelphia Eagles,Los Angeles Rams,betonlineag,player_reception_yds,Puka Nacua,Under,66.5,-114,2026-10-04T04:54:03Z
20261004T045441Z,1b4f2e60ce83fa1d63a5dff83769d27c,2026-10-04T17:00:00Z,Philadelphia Eagles,Los Angeles Rams,betonlineag,player_reception_yds,Davante Adams,Over,66.5,-115,2026-10-04T04:54:03Z
20261004T045441Z,1b4f2e60ce83fa1d63a5dff83769d27c,2026-10-04T17:00:00Z,Philadelphia Eagles,Los Angeles Rams,betonlineag,player_reception_yds,Davante Adams,Under,66.5,-112,2026-10-04T04:54:03Z
20261004T045441Z,1b4f2e60ce83fa1d63a5dff83769d27c,2026-10-04T17:00:00Z,Philadelphia Eagles,Los Angeles Rams,betonlineag,player_reception_yds,Darius Cooper,Over,20.5,-116,2026-10-04T04:54:03Z
20261004T045441Z,1b4f2e60ce83fa1d63a5dff83769d27c,2026-10-04T17:00:00Z,Philadelphia Eagles,Los Angeles Rams,betonlineag,player_reception_yds,Darius Cooper,Under,20.5,-111,2026-10-04T04:54:03Z
20261004T045441Z,1b4f2e60ce83fa1d63a5dff83769d27c,2026-10-04T17:00:00Z,Philadelphia Eagles,Los Angeles Rams,betonlineag,player_receptions,Dontayvion Wicks,Over,3.5,-154,2026-10-04T04:54:03Z
20261004T045441Z,1b4f2e60ce83fa1d63a5dff83769d27c,2026-10-04T17:00:00Z,Philadelphia Eagles,Los Angeles Rams,betonlineag,player_receptions,Dontayvion Wicks,Under,3.5,119,2026-10-04T04:54:03Z
20261004T045441Z,1b4f2e60ce83fa1d63a5dff83769d27c,2026-10-04T17:00:00Z,Philadelphia Eagles,Los Angeles Rams,betonlineag,player_receptions,Davante Adams,Over,4.5,-133,2026-10-04T04:54:03Z
20261004T045441Z,1b4f2e60ce83fa1d63a5dff83769d27c,2026-10-04T17:00:00Z,Philadelphia Eagles,Los Angeles Rams,betonlineag,player_receptions,Davante Adams,Under,4.5,103,2026-10-04T04:54:03Z
20261004T045441Z,1b4f2e60ce83fa1d63a5dff83769d27c,2026-10-04T17:00:00Z,Philadelphia Eagles,Los Angeles Rams,betonlineag,player_receptions,Kyren Williams,Over,2.5,132,2026-10-04T04:54:03Z
20261004T045441Z,1b4f2e60ce83fa1d63a5dff83769d27c,2026-10-04T17:00:00Z,Philadelphia Eagles,Los Angeles Rams,betonlineag,player_receptions,Kyren Williams,Under,2.5,-172,2026-10-04T04:54:03Z
20261004T045441Z,1b4f2e60ce83fa1d63a5dff83769d27c,2026-10-04T17:00:00Z,Philadelphia Eagles,Los Angeles Rams,betonlineag,player_receptions,Puka Nacua,Over,5.5,-172,2026-10-04T04:54:03Z
20261004T045441Z,1b4f2e60ce83fa1d63a5dff83769d27c,2026-10-04T17:00:00Z,Philadelphia Eagles,Los Angeles Rams,betonlineag,player_receptions,Puka Nacua,Under,5.5,131,2026-10-04T04:54:03Z
20261004T045441Z,1b4f2e60ce83fa1d63a5dff83769d27c,2026-10-04T17:00:00Z,Philadelphia Eagles,Los Angeles Rams,betonlineag,player_receptions,Johnny Mundt,Over,1.5,167,2026-10-04T04:54:03Z
20261004T045441Z,1b4f2e60ce83fa1d63a5dff83769d27c,2026-10-04T17:00:00Z,Philadelphia Eagles,Los Angeles Rams,betonlineag,player_receptions,Johnny Mundt,Under,1.5,-222,2026-10-04T04:54:03Z
20261004T045441Z,1b4f2e60ce83fa1d63a5dff83769d27c,2026-10-04T17:00:00Z,Philadelphia Eagles,Los Angeles Rams,betonlineag,player_receptions,Tank Bigsby,Over,0.5,209,2026-10-04T04:54:03Z
20261004T045441Z,1b4f2e60ce83fa1d63a5dff83769d27c,2026-10-04T17:00:00Z,Philadelphia Eagles,Los Angeles Rams,betonlineag,player_receptions,Tank Bigsby,Under,0.5,-286,2026-10-04T04:54:03Z
20261004T045441Z,1b4f2e60ce83fa1d63a5dff83769d27c,2026-10-04T17:00:00Z,Philadelphia Eagles,Los Angeles Rams,betonlineag,player_receptions,Saquon Barkley,Over,2.5,122,2026-10-04T04:54:03Z
20261004T045441Z,1b4f2e60ce83fa1d63a5dff83769d27c,2026-10-04T17:00:00Z,Philadelphia Eagles,Los Angeles Rams,betonlineag,player_receptions,Saquon Barkley,Under,2.5,-159,2026-10-04T04:54:03Z
20261004T045441Z,1b4f2e60ce83fa1d63a5dff83769d27c,2026-10-04T17:00:00Z,Philadelphia Eagles,Los Angeles Rams,betonlineag,player_receptions,Makai Lemon,Over,3.5,-120,2026-10-04T04:54:03Z
20261004T045441Z,1b4f2e60ce83fa1d63a5dff83769d27c,2026-10-04T17:00:00Z,Philadelphia Eagles,Los Angeles Rams,betonlineag,player_receptions,Makai Lemon,Under,3.5,-108,2026-10-04T04:54:03Z
20261004T045441Z,1b4f2e60ce83fa1d63a5dff83769d27c,2026-10-04T17:00:00Z,Philadelphia Eagles,Los Angeles Rams,betonlineag,player_receptions,Zach Ertz,Over,2.5,-105,2026-10-04T04:54:03Z
20261004T045441Z,1b4f2e60ce83fa1d63a5dff83769d27c,2026-10-04T17:00:00Z,Philadelphia Eagles,Los Angeles Rams,betonlineag,player_receptions,Zach Ertz,Under,2.5,-123,2026-10-04T04:54:03Z
20261004T045441Z,1b4f2e60ce83fa1d63a5dff83769d27c,2026-10-04T17:00:00Z,Philadelphia Eagles,Los Angeles Rams,betonlineag,player_receptions,Darius Cooper,Over,1.5,-167,2026-10-04T04:54:03Z
20261004T045441Z,1b4f2e60ce83fa1d63a5dff83769d27c,2026-10-04T17:00:00Z,Philadelphia Eagles,Los Angeles Rams,betonlineag,player_receptions,Darius Cooper,Under,1.5,128,2026-10-04T04:54:03Z
20261004T045441Z,1b4f2e60ce83fa1d63a5dff83769d27c,2026-10-04T17:00:00Z,Philadelphia Eagles,Los Angeles Rams,betonlineag,player_rush_yds,Jalen Hurts,Over,26.5,-114,2026-10-04T04:54:03Z
20261004T045441Z,1b4f2e60ce83fa1d63a5dff83769d27c,2026-10-04T17:00:00Z,Philadelphia Eagles,Los Angeles Rams,betonlineag,player_rush_yds,Jalen Hurts,Under,26.5,-114,2026-10-04T04:54:03Z
20261004T045441Z,1b4f2e60ce83fa1d63a5dff83769d27c,2026-10-04T17:00:00Z,Philadelphia Eagles,Los Angeles Rams,betonlineag,player_rush_yds,Blake Corum,Over,39.5,-115,2026-10-04T04:54:03Z
20261004T045441Z,1b4f2e60ce83fa1d63a5dff83769d27c,2026-10-04T17:00:00Z,Philadelphia Eagles,Los Angeles Rams,betonlineag,player_rush_yds,Blake Corum,Under,39.5,-112,2026-10-04T04:54:03Z
20261004T045441Z,1b4f2e60ce83fa1d63a5dff83769d27c,2026-10-04T17:00:00Z,Philadelphia Eagles,Los Angeles Rams,betonlineag,player_rush_yds,Saquon Barkley,Over,68.5,-114,2026-10-04T04:54:03Z
20261004T045441Z,1b4f2e60ce83fa1d63a5dff83769d27c,2026-10-04T17:00:00Z,Philadelphia Eagles,Los Angeles Rams,betonlineag,player_rush_yds,Saquon Barkley,Under,68.5,-114,2026-10-04T04:54:03Z
20261004T045441Z,1b4f2e60ce83fa1d63a5dff83769d27c,2026-10-04T17:00:00Z,Philadelphia Eagles,Los Angeles Rams,betonlineag,player_rush_yds,Kyren Williams,Over,60.5,-114,2026-10-04T04:54:03Z
20261004T045441Z,1b4f2e60ce83fa1d63a5dff83769d27c,2026-10-04T17:00:00Z,Philadelphia Eagles,Los Angeles Rams,betonlineag,player_rush_yds,Kyren Williams,Under,60.5,-114,2026-10-04T04:54:03Z
20261004T045441Z,1b4f2e60ce83fa1d63a5dff83769d27c,2026-10-04T17:00:00Z,Philadelphia Eagles,Los Angeles Rams,betonlineag,player_rush_yds,Tank Bigsby,Over,8.5,-114,2026-10-04T04:54:03Z
20261004T045441Z,1b4f2e60ce83fa1d63a5dff83769d27c,2026-10-04T17:00:00Z,Philadelphia Eagles,Los Angeles Rams,betonlineag,player_rush_yds,Tank Bigsby,Under,8.5,-114,2026-10-04T04:54:03Z
20261004T045441Z,1b4f2e60ce83fa1d63a5dff83769d27c,2026-10-04T17:00:00Z,Philadelphia Eagles,Los Angeles Rams,betrivers,player_pass_yds,Matthew Stafford,Over,248.5,-114,2026-10-04T04:54:06Z
20261004T045441Z,1b4f2e60ce83fa1d63a5dff83769d27c,2026-10-04T17:00:00Z,Philadelphia Eagles,Los Angeles Rams,betrivers,player_pass_yds,Matthew Stafford,Under,248.5,-117,2026-10-04T04:54:06Z
20261004T045441Z,1b4f2e60ce83fa1d63a5dff83769d27c,2026-10-04T17:00:00Z,Philadelphia Eagles,Los Angeles Rams,betrivers,player_pass_yds,Jalen Hurts,Over,190.5,-115,2026-10-04T04:54:06Z
20261004T045441Z,1b4f2e60ce83fa1d63a5dff83769d27c,2026-10-04T17:00:00Z,Philadelphia Eagles,Los Angeles Rams,betrivers,player_pass_yds,Jalen Hurts,Under,190.5,-115,2026-10-04T04:54:06Z
20261004T045441Z,1b4f2e60ce83fa1d63a5dff83769d27c,2026-10-04T17:00:00Z,Philadelphia Eagles,Los Angeles Rams,betrivers,player_reception_yds,Johnny Mundt,Over,7.5,-113,2026-10-04T04:54:06Z
20261004T045441Z,1b4f2e60ce83fa1d63a5dff83769d27c,2026-10-04T17:00:00Z,Philadelphia Eagles,Los Angeles Rams,betrivers,player_reception_yds,Johnny Mundt,Under,7.5,-117,2026-10-04T04:54:06Z
20261004T045441Z,1b4f2e60ce83fa1d63a5dff83769d27c,2026-10-04T17:00:00Z,Philadelphia Eagles,Los Angeles Rams,betrivers,player_reception_yds,Puka Nacua,Over,68.5,-113,2026-10-04T04:54:06Z
20261004T045441Z,1b4f2e60ce83fa1d63a5dff83769d27c,2026-10-04T17:00:00Z,Philadelphia Eagles,Los Angeles Rams,betrivers,player_reception_yds,Puka Nacua,Under,68.5,-117,2026-10-04T04:54:06Z
20261004T045441Z,1b4f2e60ce83fa1d63a5dff83769d27c,2026-10-04T17:00:00Z,Philadelphia Eagles,Los Angeles Rams,betrivers,player_reception_yds,Makai Lemon,Over,35.5,-118,2026-10-04T04:54:06Z
20261004T045441Z,1b4f2e60ce83fa1d63a5dff83769d27c,2026-10-04T17:00:00Z,Philadelphia Eagles,Los Angeles Rams,betrivers,player_reception_yds,Makai Lemon,Under,35.5,-113,2026-10-04T04:54:06Z
20261004T045441Z,1b4f2e60ce83fa1d63a5dff83769d27c,2026-10-04T17:00:00Z,Philadelphia Eagles,Los Angeles Rams,betrivers,player_reception_yds,Zach Ertz,Over,19.5,-113,2026-10-04T04:54:06Z
20261004T045441Z,1b4f2e60ce83fa1d63a5dff83769d27c,2026-10-04T17:00:00Z,Philadelphia Eagles,Los Angeles Rams,betrivers,player_reception_yds,Zach Ertz,Under,19.5,-118,2026-10-04T04:54:06Z
20261004T045441Z,1b4f2e60ce83fa1d63a5dff83769d27c,2026-10-04T17:00:00Z,Philadelphia Eagles,Los Angeles Rams,betrivers,player_reception_yds,Dontayvion Wicks,Over,55.5,-115,2026-10-04T04:54:06Z
20261004T045441Z,1b4f2e60ce83fa1d63a5dff83769d27c,2026-10-04T17:00:00Z,Philadelphia Eagles,Los Angeles Rams,betrivers,player_reception_yds,Dontayvion Wicks,Under,55.5,-115,2026-10-04T04:54:06Z
20261004T045441Z,1b4f2e60ce83fa1d63a5dff83769d27c,2026-10-04T17:00:00Z,Philadelphia Eagles,Los Angeles Rams,betrivers,player_reception_yds,Davante Adams,Over,67.5,-115,2026-10-04T04:54:06Z
20261004T045441Z,1b4f2e60ce83fa1d63a5dff83769d27c,2026-10-04T17:00:00Z,Philadelphia Eagles,Los Angeles Rams,betrivers,player_reception_yds,Davante Adams,Under,67.5,-114,2026-10-04T04:54:06Z
20261004T045441Z,1b4f2e60ce83fa1d63a5dff83769d27c,2026-10-04T17:00:00Z,Philadelphia Eagles,Los Angeles Rams,betrivers,player_reception_yds,Darius Cooper,Over,17.5,-114,2026-10-04T04:54:06Z
20261004T045441Z,1b4f2e60ce83fa1d63a5dff83769d27c,2026-10-04T17:00:00Z,Philadelphia Eagles,Los Angeles Rams,betrivers,player_reception_yds,Darius Cooper,Under,17.5,-117,2026-10-04T04:54:06Z
20261004T045441Z,1b4f2e60ce83fa1d63a5dff83769d27c,2026-10-04T17:00:00Z,Philadelphia Eagles,Los Angeles Rams,betrivers,player_reception_yds,Saquon Barkley,Over,14.5,-113,2026-10-04T04:54:06Z
20261004T045441Z,1b4f2e60ce83fa1d63a5dff83769d27c,2026-10-04T17:00:00Z,Philadelphia Eagles,Los Angeles Rams,betrivers,player_reception_yds,Saquon Barkley,Under,14.5,-118,2026-10-04T04:54:06Z
20261004T045441Z,1b4f2e60ce83fa1d63a5dff83769d27c,2026-10-04T17:00:00Z,Philadelphia Eagles,Los Angeles Rams,betrivers,player_reception_yds,Kyren Williams,Over,13.5,-114,2026-10-04T04:54:06Z
20261004T045441Z,1b4f2e60ce83fa1d63a5dff83769d27c,2026-10-04T17:00:00Z,Philadelphia Eagles,Los Angeles Rams,betrivers,player_reception_yds,Kyren Williams,Under,13.5,-115,2026-10-04T04:54:06Z
20261004T045441Z,1b4f2e60ce83fa1d63a5dff83769d27c,2026-10-04T17:00:00Z,Philadelphia Eagles,Los Angeles Rams,betrivers,player_receptions,Puka Nacua,Over,5.5,-159,2026-10-04T04:54:06Z
20261004T045441Z,1b4f2e60ce83fa1d63a5dff83769d27c,2026-10-04T17:00:00Z,Philadelphia Eagles,Los Angeles Rams,betrivers,player_receptions,Davante Adams,Over,4.5,-137,2026-10-04T04:54:06Z
20261004T045441Z,1b4f2e60ce83fa1d63a5dff83769d27c,2026-10-04T17:00:00Z,Philadelphia Eagles,Los Angeles Rams,betrivers,player_receptions,Saquon Barkley,Over,2.5,130,2026-10-04T04:54:06Z
20261004T045441Z,1b4f2e60ce83fa1d63a5dff83769d27c,2026-10-04T17:00:00Z,Philadelphia Eagles,Los Angeles Rams,betrivers,player_receptions,Zach Ertz,Over,2.5,106,2026-10-04T04:54:06Z
20261004T045441Z,1b4f2e60ce83fa1d63a5dff83769d27c,2026-10-04T17:00:00Z,Philadelphia Eagles,Los Angeles Rams,betrivers,player_receptions,Kyren Williams,Over,2.5,125,2026-10-04T04:54:06Z
20261004T045441Z,1b4f2e60ce83fa1d63a5dff83769d27c,2026-10-04T17:00:00Z,Philadelphia Eagles,Los Angeles Rams,betrivers,player_receptions,Dontayvion Wicks,Over,3.5,-148,2026-10-04T04:54:06Z
20261004T045441Z,1b4f2e60ce83fa1d63a5dff83769d27c,2026-10-04T17:00:00Z,Philadelphia Eagles,Los Angeles Rams,betrivers,player_receptions,Johnny Mundt,Over,1.5,155,2026-10-04T04:54:06Z
20261004T045441Z,1b4f2e60ce83fa1d63a5dff83769d27c,2026-10-04T17:00:00Z,Philadelphia Eagles,Los Angeles Rams,betrivers,player_receptions,Makai Lemon,Over,3.5,-112,2026-10-04T04:54:06Z
20261004T045441Z,1b4f2e60ce83fa1d63a5dff83769d27c,2026-10-04T17:00:00Z,Philadelphia Eagles,Los Angeles Rams,betrivers,player_receptions,Darius Cooper,Over,1.5,-186,2026-10-04T04:54:06Z
20261004T045441Z,1b4f2e60ce83fa1d63a5dff83769d27c,2026-10-04T17:00:00Z,Philadelphia Eagles,Los Angeles Rams,betrivers,player_rush_yds,Kyren Williams,Over,58.5,-117,2026-10-04T04:54:06Z
20261004T045441Z,1b4f2e60ce83fa1d63a5dff83769d27c,2026-10-04T17:00:00Z,Philadelphia Eagles,Los Angeles Rams,betrivers,player_rush_yds,Kyren Williams,Under,58.5,-114,2026-10-04T04:54:06Z
20261004T045441Z,1b4f2e60ce83fa1d63a5dff83769d27c,2026-10-04T17:00:00Z,Philadelphia Eagles,Los Angeles Rams,betrivers,player_rush_yds,Jalen Hurts,Over,26.5,-114,2026-10-04T04:54:06Z
20261004T045441Z,1b4f2e60ce83fa1d63a5dff83769d27c,2026-10-04T17:00:00Z,Philadelphia Eagles,Los Angeles Rams,betrivers,player_rush_yds,Jalen Hurts,Under,26.5,-117,2026-10-04T04:54:06Z
20261004T045441Z,1b4f2e60ce83fa1d63a5dff83769d27c,2026-10-04T17:00:00Z,Philadelphia Eagles,Los Angeles Rams,betrivers,player_rush_yds,Saquon Barkley,Over,69.5,-114,2026-10-04T04:54:06Z
20261004T045441Z,1b4f2e60ce83fa1d63a5dff83769d27c,2026-10-04T17:00:00Z,Philadelphia Eagles,Los Angeles Rams,betrivers,player_rush_yds,Saquon Barkley,Under,69.5,-117,2026-10-04T04:54:06Z
20261004T045441Z,1b4f2e60ce83fa1d63a5dff83769d27c,2026-10-04T17:00:00Z,Philadelphia Eagles,Los Angeles Rams,betrivers,player_rush_yds,Tank Bigsby,Over,9.5,-114,2026-10-04T04:54:06Z
20261004T045441Z,1b4f2e60ce83fa1d63a5dff83769d27c,2026-10-04T17:00:00Z,Philadelphia Eagles,Los Angeles Rams,betrivers,player_rush_yds,Tank Bigsby,Under,9.5,-117,2026-10-04T04:54:06Z
20261004T045441Z,1b4f2e60ce83fa1d63a5dff83769d27c,2026-10-04T17:00:00Z,Philadelphia Eagles,Los Angeles Rams,betrivers,player_rush_yds,Blake Corum,Over,40.5,-117,2026-10-04T04:54:06Z
20261004T045441Z,1b4f2e60ce83fa1d63a5dff83769d27c,2026-10-04T17:00:00Z,Philadelphia Eagles,Los Angeles Rams,betrivers,player_rush_yds,Blake Corum,Under,40.5,-114,2026-10-04T04:54:06Z
20261004T045441Z,1b4f2e60ce83fa1d63a5dff83769d27c,2026-10-04T17:00:00Z,Philadelphia Eagles,Los Angeles Rams,betmgm,player_pass_yds,Matthew Stafford,Over,247.5,-115,2026-10-04T04:54:21Z
20261004T045441Z,1b4f2e60ce83fa1d63a5dff83769d27c,2026-10-04T17:00:00Z,Philadelphia Eagles,Los Angeles Rams,betmgm,player_pass_yds,Matthew Stafford,Under,247.5,-115,2026-10-04T04:54:21Z
20261004T045441Z,1b4f2e60ce83fa1d63a5dff83769d27c,2026-10-04T17:00:00Z,Philadelphia Eagles,Los Angeles Rams,betmgm,player_pass_yds,Jalen Hurts,Over,188.5,-115,2026-10-04T04:54:21Z
20261004T045441Z,1b4f2e60ce83fa1d63a5dff83769d27c,2026-10-04T17:00:00Z,Philadelphia Eagles,Los Angeles Rams,betmgm,player_pass_yds,Jalen Hurts,Under,188.5,-115,2026-10-04T04:54:21Z
20261004T045441Z,1b4f2e60ce83fa1d63a5dff83769d27c,2026-10-04T17:00:00Z,Philadelphia Eagles,Los Angeles Rams,betmgm,player_reception_yds,Davante Adams,Over,64.5,-115,2026-10-04T04:54:21Z
20261004T045441Z,1b4f2e60ce83fa1d63a5dff83769d27c,2026-10-04T17:00:00Z,Philadelphia Eagles,Los Angeles Rams,betmgm,player_reception_yds,Davante Adams,Under,64.5,-115,2026-10-04T04:54:21Z
20261004T045441Z,1b4f2e60ce83fa1d63a5dff83769d27c,2026-10-04T17:00:00Z,Philadelphia Eagles,Los Angeles Rams,betmgm,player_reception_yds,Kyren Williams,Over,13.5,-115,2026-10-04T04:54:21Z
20261004T045441Z,1b4f2e60ce83fa1d63a5dff83769d27c,2026-10-04T17:00:00Z,Philadelphia Eagles,Los Angeles Rams,betmgm,player_reception_yds,Kyren Williams,Under,13.5,-115,2026-10-04T04:54:21Z
20261004T045441Z,1b4f2e60ce83fa1d63a5dff83769d27c,2026-10-04T17:00:00Z,Philadelphia Eagles,Los Angeles Rams,betmgm,player_reception_yds,Saquon Barkley,Over,12.5,-155,2026-10-04T04:54:21Z
20261004T045441Z,1b4f2e60ce83fa1d63a5dff83769d27c,2026-10-04T17:00:00Z,Philadelphia Eagles,Los Angeles Rams,betmgm,player_reception_yds,Saquon Barkley,Under,12.5,115,2026-10-04T04:54:21Z
20261004T045441Z,1b4f2e60ce83fa1d63a5dff83769d27c,2026-10-04T17:00:00Z,Philadelphia Eagles,Los Angeles Rams,betmgm,player_reception_yds,Makai Lemon,Over,34.5,-120,2026-10-04T04:54:21Z
20261004T045441Z,1b4f2e60ce83fa1d63a5dff83769d27c,2026-10-04T17:00:00Z,Philadelphia Eagles,Los Angeles Rams,betmgm,player_reception_yds,Makai Lemon,Under,34.5,-111,2026-10-04T04:54:21Z
20261004T045441Z,1b4f2e60ce83fa1d63a5dff83769d27c,2026-10-04T17:00:00Z,Philadelphia Eagles,Los Angeles Rams,betmgm,player_reception_yds,Zach Ertz,Over,19.5,-120,2026-10-04T04:54:21Z
20261004T045441Z,1b4f2e60ce83fa1d63a5dff83769d27c,2026-10-04T17:00:00Z,Philadelphia Eagles,Los Angeles Rams,betmgm,player_reception_yds,Zach Ertz,Under,19.5,-110,2026-10-04T04:54:21Z
20261004T045441Z,1b4f2e60ce83fa1d63a5dff83769d27c,2026-10-04T17:00:00Z,Philadelphia Eagles,Los Angeles Rams,betmgm,player_reception_yds,Dontayvion Wicks,Over,53.5,-115,2026-10-04T04:54:21Z
20261004T045441Z,1b4f2e60ce83fa1d63a5dff83769d27c,2026-10-04T17:00:00Z,Philadelphia Eagles,Los Angeles Rams,betmgm,player_reception_yds,Dontayvion Wicks,Under,53.5,-115,2026-10-04T04:54:21Z
20261004T045441Z,1b4f2e60ce83fa1d63a5dff83769d27c,2026-10-04T17:00:00Z,Philadelphia Eagles,Los Angeles Rams,betmgm,player_reception_yds,Johnny Mundt,Over,8.5,-120,2026-10-04T04:54:21Z
20261004T045441Z,1b4f2e60ce83fa1d63a5dff83769d27c,2026-10-04T17:00:00Z,Philadelphia Eagles,Los Angeles Rams,betmgm,player_reception_yds,Johnny Mundt,Under,8.5,-110,2026-10-04T04:54:21Z
20261004T045441Z,1b4f2e60ce83fa1d63a5dff83769d27c,2026-10-04T17:00:00Z,Philadelphia Eagles,Los Angeles Rams,betmgm,player_reception_yds,Darius Cooper,Over,20.5,-120,2026-10-04T04:54:21Z
20261004T045441Z,1b4f2e60ce83fa1d63a5dff83769d27c,2026-10-04T17:00:00Z,Philadelphia Eagles,Los Angeles Rams,betmgm,player_reception_yds,Darius Cooper,Under,20.5,-111,2026-10-04T04:54:21Z
20261004T045441Z,1b4f2e60ce83fa1d63a5dff83769d27c,2026-10-04T17:00:00Z,Philadelphia Eagles,Los Angeles Rams,betmgm,player_reception_yds,Puka Nacua,Over,70.5,105,2026-10-04T04:54:21Z
20261004T045441Z,1b4f2e60ce83fa1d63a5dff83769d27c,2026-10-04T17:00:00Z,Philadelphia Eagles,Los Angeles Rams,betmgm,player_reception_yds,Puka Nacua,Under,70.5,-140,2026-10-04T04:54:21Z
20261004T045441Z,1b4f2e60ce83fa1d63a5dff83769d27c,2026-10-04T17:00:00Z,Philadelphia Eagles,Los Angeles Rams,betmgm,player_receptions,Kyren Williams,Over,2.5,145,2026-10-04T04:54:21Z
20261004T045441Z,1b4f2e60ce83fa1d63a5dff83769d27c,2026-10-04T17:00:00Z,Philadelphia Eagles,Los Angeles Rams,betmgm,player_receptions,Kyren Williams,Under,2.5,-200,2026-10-04T04:54:21Z
20261004T045441Z,1b4f2e60ce83fa1d63a5dff83769d27c,2026-10-04T17:00:00Z,Philadelphia Eagles,Los Angeles Rams,betmgm,player_receptions,Davante Adams,Over,4.5,-130,2026-10-04T04:54:21Z
20261004T045441Z,1b4f2e60ce83fa1d63a5dff83769d27c,2026-10-04T17:00:00Z,Philadelphia Eagles,Los Angeles Rams,betmgm,player_receptions,Davante Adams,Under,4.5,-105,2026-10-04T04:54:21Z
20261004T045441Z,1b4f2e60ce83fa1d63a5dff83769d27c,2026-10-04T17:00:00Z,Philadelphia Eagles,Los Angeles Rams,betmgm,player_receptions,Saquon Barkley,Over,2.5,115,2026-10-04T04:54:21Z
20261004T045441Z,1b4f2e60ce83fa1d63a5dff83769d27c,2026-10-04T17:00:00Z,Philadelphia Eagles,Los Angeles Rams,betmgm,player_receptions,Saquon Barkley,Under,2.5,-155,2026-10-04T04:54:21Z
20261004T045441Z,1b4f2e60ce83fa1d63a5dff83769d27c,2026-10-04T17:00:00Z,Philadelphia Eagles,Los Angeles Rams,betmgm,player_receptions,Johnny Mundt,Over,1.5,180,2026-10-04T04:54:21Z
20261004T045441Z,1b4f2e60ce83fa1d63a5dff83769d27c,2026-10-04T17:00:00Z,Philadelphia Eagles,Los Angeles Rams,betmgm,player_receptions,Johnny Mundt,Under,1.5,-250,2026-10-04T04:54:21Z
20261004T045441Z,1b4f2e60ce83fa1d63a5dff83769d27c,2026-10-04T17:00:00Z,Philadelphia Eagles,Los Angeles Rams,betmgm,player_receptions,Makai Lemon,Over,3.5,-115,2026-10-04T04:54:21Z
20261004T045441Z,1b4f2e60ce83fa1d63a5dff83769d27c,2026-10-04T17:00:00Z,Philadelphia Eagles,Los Angeles Rams,betmgm,player_receptions,Makai Lemon,Under,3.5,-115,2026-10-04T04:54:21Z
20261004T045441Z,1b4f2e60ce83fa1d63a5dff83769d27c,2026-10-04T17:00:00Z,Philadelphia Eagles,Los Angeles Rams,betmgm,player_receptions,Zach Ertz,Over,2.5,-105,2026-10-04T04:54:21Z
20261004T045441Z,1b4f2e60ce83fa1d63a5dff83769d27c,2026-10-04T17:00:00Z,Philadelphia Eagles,Los Angeles Rams,betmgm,player_receptions,Zach Ertz,Under,2.5,-125,2026-10-04T04:54:21Z
20261004T045441Z,1b4f2e60ce83fa1d63a5dff83769d27c,2026-10-04T17:00:00Z,Philadelphia Eagles,Los Angeles Rams,betmgm,player_receptions,Dontayvion Wicks,Over,3.5,-160,2026-10-04T04:54:21Z
20261004T045441Z,1b4f2e60ce83fa1d63a5dff83769d27c,2026-10-04T17:00:00Z,Philadelphia Eagles,Los Angeles Rams,betmgm,player_receptions,Dontayvion Wicks,Under,3.5,120,2026-10-04T04:54:21Z
20261004T045441Z,1b4f2e60ce83fa1d63a5dff83769d27c,2026-10-04T17:00:00Z,Philadelphia Eagles,Los Angeles Rams,betmgm,player_receptions,Darius Cooper,Over,2.5,145,2026-10-04T04:54:21Z
20261004T045441Z,1b4f2e60ce83fa1d63a5dff83769d27c,2026-10-04T17:00:00Z,Philadelphia Eagles,Los Angeles Rams,betmgm,player_receptions,Darius Cooper,Under,2.5,-200,2026-10-04T04:54:21Z
20261004T045441Z,1b4f2e60ce83fa1d63a5dff83769d27c,2026-10-04T17:00:00Z,Philadelphia Eagles,Los Angeles Rams,betmgm,player_rush_yds,Kyren Williams,Over,60.5,-115,2026-10-04T04:54:21Z
20261004T045441Z,1b4f2e60ce83fa1d63a5dff83769d27c,2026-10-04T17:00:00Z,Philadelphia Eagles,Los Angeles Rams,betmgm,player_rush_yds,Kyren Williams,Under,60.5,-115,2026-10-04T04:54:21Z
20261004T045441Z,1b4f2e60ce83fa1d63a5dff83769d27c,2026-10-04T17:00:00Z,Philadelphia Eagles,Los Angeles Rams,betmgm,player_rush_yds,Jalen Hurts,Over,26.5,-115,2026-10-04T04:54:21Z
20261004T045441Z,1b4f2e60ce83fa1d63a5dff83769d27c,2026-10-04T17:00:00Z,Philadelphia Eagles,Los Angeles Rams,betmgm,player_rush_yds,Jalen Hurts,Under,26.5,-115,2026-10-04T04:54:21Z
20261004T045441Z,1b4f2e60ce83fa1d63a5dff83769d27c,2026-10-04T17:00:00Z,Philadelphia Eagles,Los Angeles Rams,betmgm,player_rush_yds,Blake Corum,Over,43.5,-115,2026-10-04T04:54:21Z
20261004T045441Z,1b4f2e60ce83fa1d63a5dff83769d27c,2026-10-04T17:00:00Z,Philadelphia Eagles,Los Angeles Rams,betmgm,player_rush_yds,Blake Corum,Under,43.5,-115,2026-10-04T04:54:21Z
20261004T045441Z,1b4f2e60ce83fa1d63a5dff83769d27c,2026-10-04T17:00:00Z,Philadelphia Eagles,Los Angeles Rams,betmgm,player_rush_yds,Saquon Barkley,Over,70.5,-115,2026-10-04T04:54:21Z
20261004T045441Z,1b4f2e60ce83fa1d63a5dff83769d27c,2026-10-04T17:00:00Z,Philadelphia Eagles,Los Angeles Rams,betmgm,player_rush_yds,Saquon Barkley,Under,70.5,-115,2026-10-04T04:54:21Z
20261004T045441Z,1b4f2e60ce83fa1d63a5dff83769d27c,2026-10-04T17:00:00Z,Philadelphia Eagles,Los Angeles Rams,bovada,player_pass_yds,Jalen Hurts,Over,184.5,-115,2026-10-04T04:52:52Z
20261004T045441Z,1b4f2e60ce83fa1d63a5dff83769d27c,2026-10-04T17:00:00Z,Philadelphia Eagles,Los Angeles Rams,bovada,player_pass_yds,Jalen Hurts,Under,184.5,-115,2026-10-04T04:52:52Z
20261004T045441Z,1b4f2e60ce83fa1d63a5dff83769d27c,2026-10-04T17:00:00Z,Philadelphia Eagles,Los Angeles Rams,bovada,player_pass_yds,Matthew Stafford,Over,246.5,-115,2026-10-04T04:52:52Z
20261004T045441Z,1b4f2e60ce83fa1d63a5dff83769d27c,2026-10-04T17:00:00Z,Philadelphia Eagles,Los Angeles Rams,bovada,player_pass_yds,Matthew Stafford,Under,246.5,-115,2026-10-04T04:52:52Z
20261004T045441Z,1b4f2e60ce83fa1d63a5dff83769d27c,2026-10-04T17:00:00Z,Philadelphia Eagles,Los Angeles Rams,bovada,player_reception_yds,Darius Cooper,Over,21.5,-115,2026-10-04T04:52:52Z
20261004T045441Z,1b4f2e60ce83fa1d63a5dff83769d27c,2026-10-04T17:00:00Z,Philadelphia Eagles,Los Angeles Rams,bovada,player_reception_yds,Darius Cooper,Under,21.5,-115,2026-10-04T04:52:52Z
20261004T045441Z,1b4f2e60ce83fa1d63a5dff83769d27c,2026-10-04T17:00:00Z,Philadelphia Eagles,Los Angeles Rams,bovada,player_reception_yds,Davante Adams,Over,66.5,-115,2026-10-04T04:52:52Z
20261004T045441Z,1b4f2e60ce83fa1d63a5dff83769d27c,2026-10-04T17:00:00Z,Philadelphia Eagles,Los Angeles Rams,bovada,player_reception_yds,Davante Adams,Under,66.5,-115,2026-10-04T04:52:52Z
20261004T045441Z,1b4f2e60ce83fa1d63a5dff83769d27c,2026-10-04T17:00:00Z,Philadelphia Eagles,Los Angeles Rams,bovada,player_reception_yds,Dontayvion Wicks,Over,54.5,-115,2026-10-04T04:52:52Z
20261004T045441Z,1b4f2e60ce83fa1d63a5dff83769d27c,2026-10-04T17:00:00Z,Philadelphia Eagles,Los Angeles Rams,bovada,player_reception_yds,Dontayvion Wicks,Under,54.5,-115,2026-10-04T04:52:52Z
20261004T045441Z,1b4f2e60ce83fa1d63a5dff83769d27c,2026-10-04T17:00:00Z,Philadelphia Eagles,Los Angeles Rams,bovada,player_reception_yds,Johnny Mundt,Over,8.5,-115,2026-10-04T04:52:52Z
20261004T045441Z,1b4f2e60ce83fa1d63a5dff83769d27c,2026-10-04T17:00:00Z,Philadelphia Eagles,Los Angeles Rams,bovada,player_reception_yds,Johnny Mundt,Under,8.5,-115,2026-10-04T04:52:52Z
20261004T045441Z,1b4f2e60ce83fa1d63a5dff83769d27c,2026-10-04T17:00:00Z,Philadelphia Eagles,Los Angeles Rams,bovada,player_reception_yds,Kyren Williams,Over,13.5,-110,2026-10-04T04:52:52Z
20261004T045441Z,1b4f2e60ce83fa1d63a5dff83769d27c,2026-10-04T17:00:00Z,Philadelphia Eagles,Los Angeles Rams,bovada,player_reception_yds,Kyren Williams,Under,13.5,-120,2026-10-04T04:52:52Z
20261004T045441Z,1b4f2e60ce83fa1d63a5dff83769d27c,2026-10-04T17:00:00Z,Philadelphia Eagles,Los Angeles Rams,bovada,player_reception_yds,Makai Lemon,Over,36.5,-115,2026-10-04T04:52:52Z
20261004T045441Z,1b4f2e60ce83fa1d63a5dff83769d27c,2026-10-04T17:00:00Z,Philadelphia Eagles,Los Angeles Rams,bovada,player_reception_yds,Makai Lemon,Under,36.5,-115,2026-10-04T04:52:52Z
20261004T045441Z,1b4f2e60ce83fa1d63a5dff83769d27c,2026-10-04T17:00:00Z,Philadelphia Eagles,Los Angeles Rams,bovada,player_reception_yds,Puka Nacua,Over,66.5,-115,2026-10-04T04:52:52Z
20261004T045441Z,1b4f2e60ce83fa1d63a5dff83769d27c,2026-10-04T17:00:00Z,Philadelphia Eagles,Los Angeles Rams,bovada,player_reception_yds,Puka Nacua,Under,66.5,-115,2026-10-04T04:52:52Z
20261004T045441Z,1b4f2e60ce83fa1d63a5dff83769d27c,2026-10-04T17:00:00Z,Philadelphia Eagles,Los Angeles Rams,bovada,player_reception_yds,Saquon Barkley,Over,14.5,-120,2026-10-04T04:52:52Z
20261004T045441Z,1b4f2e60ce83fa1d63a5dff83769d27c,2026-10-04T17:00:00Z,Philadelphia Eagles,Los Angeles Rams,bovada,player_reception_yds,Saquon Barkley,Under,14.5,-110,2026-10-04T04:52:52Z
20261004T045441Z,1b4f2e60ce83fa1d63a5dff83769d27c,2026-10-04T17:00:00Z,Philadelphia Eagles,Los Angeles Rams,bovada,player_reception_yds,Zach Ertz,Over,22.5,-110,2026-10-04T04:52:52Z
20261004T045441Z,1b4f2e60ce83fa1d63a5dff83769d27c,2026-10-04T17:00:00Z,Philadelphia Eagles,Los Angeles Rams,bovada,player_reception_yds,Zach Ertz,Under,22.5,-120,2026-10-04T04:52:52Z
20261004T045441Z,1b4f2e60ce83fa1d63a5dff83769d27c,2026-10-04T17:00:00Z,Philadelphia Eagles,Los Angeles Rams,bovada,player_receptions,Darius Cooper,Over,2.5,135,2026-10-04T04:52:52Z
20261004T045441Z,1b4f2e60ce83fa1d63a5dff83769d27c,2026-10-04T17:00:00Z,Philadelphia Eagles,Los Angeles Rams,bovada,player_receptions,Darius Cooper,Under,2.5,-180,2026-10-04T04:52:52Z
20261004T045441Z,1b4f2e60ce83fa1d63a5dff83769d27c,2026-10-04T17:00:00Z,Philadelphia Eagles,Los Angeles Rams,bovada,player_receptions,Davante Adams,Over,4.5,-145,2026-10-04T04:52:52Z
20261004T045441Z,1b4f2e60ce83fa1d63a5dff83769d27c,2026-10-04T17:00:00Z,Philadelphia Eagles,Los Angeles Rams,bovada,player_receptions,Davante Adams,Under,4.5,110,2026-10-04T04:52:52Z
20261004T045441Z,1b4f2e60ce83fa1d63a5dff83769d27c,2026-10-04T17:00:00Z,Philadelphia Eagles,Los Angeles Rams,bovada,player_receptions,Dontayvion Wicks,Over,3.5,-150,2026-10-04T04:52:52Z
20261004T045441Z,1b4f2e60ce83fa1d63a5dff83769d27c,2026-10-04T17:00:00Z,Philadelphia Eagles,Los Angeles Rams,bovada,player_receptions,Dontayvion Wicks,Under,3.5,115,2026-10-04T04:52:52Z
20261004T045441Z,1b4f2e60ce83fa1d63a5dff83769d27c,2026-10-04T17:00:00Z,Philadelphia Eagles,Los Angeles Rams,bovada,player_receptions,Johnny Mundt,Over,1.5,170,2026-10-04T04:52:52Z
20261004T045441Z,1b4f2e60ce83fa1d63a5dff83769d27c,2026-10-04T17:00:00Z,Philadelphia Eagles,Los Angeles Rams,bovada,player_receptions,Johnny Mundt,Under,1.5,-230,2026-10-04T04:52:52Z
20261004T045441Z,1b4f2e60ce83fa1d63a5dff83769d27c,2026-10-04T17:00:00Z,Philadelphia Eagles,Los Angeles Rams,bovada,player_receptions,Kyren Williams,Over,2.5,130,2026-10-04T04:52:52Z
20261004T045441Z,1b4f2e60ce83fa1d63a5dff83769d27c,2026-10-04T17:00:00Z,Philadelphia Eagles,Los Angeles Rams,bovada,player_receptions,Kyren Williams,Under,2.5,-170,2026-10-04T04:52:52Z
20261004T045441Z,1b4f2e60ce83fa1d63a5dff83769d27c,2026-10-04T17:00:00Z,Philadelphia Eagles,Los Angeles Rams,bovada,player_receptions,Makai Lemon,Over,3.5,-125,2026-10-04T04:52:52Z
20261004T045441Z,1b4f2e60ce83fa1d63a5dff83769d27c,2026-10-04T17:00:00Z,Philadelphia Eagles,Los Angeles Rams,bovada,player_receptions,Makai Lemon,Under,3.5,-105,2026-10-04T04:52:52Z
20261004T045441Z,1b4f2e60ce83fa1d63a5dff83769d27c,2026-10-04T17:00:00Z,Philadelphia Eagles,Los Angeles Rams,bovada,player_receptions,Puka Nacua,Over,6.5,110,2026-10-04T04:52:52Z
20261004T045441Z,1b4f2e60ce83fa1d63a5dff83769d27c,2026-10-04T17:00:00Z,Philadelphia Eagles,Los Angeles Rams,bovada,player_receptions,Puka Nacua,Under,6.5,-145,2026-10-04T04:52:52Z
20261004T045441Z,1b4f2e60ce83fa1d63a5dff83769d27c,2026-10-04T17:00:00Z,Philadelphia Eagles,Los Angeles Rams,bovada,player_receptions,Saquon Barkley,Over,2.5,120,2026-10-04T04:52:52Z
20261004T045441Z,1b4f2e60ce83fa1d63a5dff83769d27c,2026-10-04T17:00:00Z,Philadelphia Eagles,Los Angeles Rams,bovada,player_receptions,Saquon Barkley,Under,2.5,-160,2026-10-04T04:52:52Z
20261004T045441Z,1b4f2e60ce83fa1d63a5dff83769d27c,2026-10-04T17:00:00Z,Philadelphia Eagles,Los Angeles Rams,bovada,player_receptions,Zach Ertz,Over,2.5,-110,2026-10-04T04:52:52Z
20261004T045441Z,1b4f2e60ce83fa1d63a5dff83769d27c,2026-10-04T17:00:00Z,Philadelphia Eagles,Los Angeles Rams,bovada,player_receptions,Zach Ertz,Under,2.5,-120,2026-10-04T04:52:52Z
20261004T045441Z,1b4f2e60ce83fa1d63a5dff83769d27c,2026-10-04T17:00:00Z,Philadelphia Eagles,Los Angeles Rams,bovada,player_rush_yds,Blake Corum,Over,39.5,-115,2026-10-04T04:52:52Z
20261004T045441Z,1b4f2e60ce83fa1d63a5dff83769d27c,2026-10-04T17:00:00Z,Philadelphia Eagles,Los Angeles Rams,bovada,player_rush_yds,Blake Corum,Under,39.5,-115,2026-10-04T04:52:52Z
20261004T045441Z,1b4f2e60ce83fa1d63a5dff83769d27c,2026-10-04T17:00:00Z,Philadelphia Eagles,Los Angeles Rams,bovada,player_rush_yds,Jalen Hurts,Over,26.5,-115,2026-10-04T04:52:52Z
20261004T045441Z,1b4f2e60ce83fa1d63a5dff83769d27c,2026-10-04T17:00:00Z,Philadelphia Eagles,Los Angeles Rams,bovada,player_rush_yds,Jalen Hurts,Under,26.5,-115,2026-10-04T04:52:52Z
20261004T045441Z,1b4f2e60ce83fa1d63a5dff83769d27c,2026-10-04T17:00:00Z,Philadelphia Eagles,Los Angeles Rams,bovada,player_rush_yds,Kyren Williams,Over,59.5,-115,2026-10-04T04:52:52Z
20261004T045441Z,1b4f2e60ce83fa1d63a5dff83769d27c,2026-10-04T17:00:00Z,Philadelphia Eagles,Los Angeles Rams,bovada,player_rush_yds,Kyren Williams,Under,59.5,-115,2026-10-04T04:52:52Z
20261004T045441Z,1b4f2e60ce83fa1d63a5dff83769d27c,2026-10-04T17:00:00Z,Philadelphia Eagles,Los Angeles Rams,bovada,player_rush_yds,Matthew Stafford,Over,0.5,-105,2026-10-04T04:52:52Z
20261004T045441Z,1b4f2e60ce83fa1d63a5dff83769d27c,2026-10-04T17:00:00Z,Philadelphia Eagles,Los Angeles Rams,bovada,player_rush_yds,Matthew Stafford,Under,0.5,-125,2026-10-04T04:52:52Z
20261004T045441Z,1b4f2e60ce83fa1d63a5dff83769d27c,2026-10-04T17:00:00Z,Philadelphia Eagles,Los Angeles Rams,bovada,player_rush_yds,Saquon Barkley,Over,70.5,-110,2026-10-04T04:52:52Z
20261004T045441Z,1b4f2e60ce83fa1d63a5dff83769d27c,2026-10-04T17:00:00Z,Philadelphia Eagles,Los Angeles Rams,bovada,player_rush_yds,Saquon Barkley,Under,70.5,-120,2026-10-04T04:52:52Z
20261004T045441Z,1b4f2e60ce83fa1d63a5dff83769d27c,2026-10-04T17:00:00Z,Philadelphia Eagles,Los Angeles Rams,bovada,player_rush_yds,Tank Bigsby,Over,8.5,-110,2026-10-04T04:52:52Z
20261004T045441Z,1b4f2e60ce83fa1d63a5dff83769d27c,2026-10-04T17:00:00Z,Philadelphia Eagles,Los Angeles Rams,bovada,player_rush_yds,Tank Bigsby,Under,8.5,-120,2026-10-04T04:52:52Z
20261004T045441Z,c327223d76a3b7b0db8c6c104442f44b,2026-10-04T20:05:00Z,Minnesota Vikings,Miami Dolphins,draftkings,player_pass_yds,Kyler Murray,Over,203.5,-112,2026-10-04T04:52:34Z
20261004T045441Z,c327223d76a3b7b0db8c6c104442f44b,2026-10-04T20:05:00Z,Minnesota Vikings,Miami Dolphins,draftkings,player_pass_yds,Kyler Murray,Under,203.5,-112,2026-10-04T04:52:34Z
20261004T045441Z,c327223d76a3b7b0db8c6c104442f44b,2026-10-04T20:05:00Z,Minnesota Vikings,Miami Dolphins,draftkings,player_pass_yds,Malik Willis,Over,171.5,-113,2026-10-04T04:52:34Z
20261004T045441Z,c327223d76a3b7b0db8c6c104442f44b,2026-10-04T20:05:00Z,Minnesota Vikings,Miami Dolphins,draftkings,player_pass_yds,Malik Willis,Under,171.5,-111,2026-10-04T04:52:34Z
20261004T045441Z,c327223d76a3b7b0db8c6c104442f44b,2026-10-04T20:05:00Z,Minnesota Vikings,Miami Dolphins,draftkings,player_reception_yds,Jordan Addison,Over,62.5,-112,2026-10-04T04:52:34Z
20261004T045441Z,c327223d76a3b7b0db8c6c104442f44b,2026-10-04T20:05:00Z,Minnesota Vikings,Miami Dolphins,draftkings,player_reception_yds,Jordan Addison,Under,62.5,-112,2026-10-04T04:52:34Z
20261004T045441Z,c327223d76a3b7b0db8c6c104442f44b,2026-10-04T20:05:00Z,Minnesota Vikings,Miami Dolphins,draftkings,player_reception_yds,Malik Washington,Over,40.5,-110,2026-10-04T04:52:34Z
20261004T045441Z,c327223d76a3b7b0db8c6c104442f44b,2026-10-04T20:05:00Z,Minnesota Vikings,Miami Dolphins,draftkings,player_reception_yds,Malik Washington,Under,40.5,-114,2026-10-04T04:52:34Z
20261004T045441Z,c327223d76a3b7b0db8c6c104442f44b,2026-10-04T20:05:00Z,Minnesota Vikings,Miami Dolphins,draftkings,player_reception_yds,T.J. Hockenson,Over,38.5,-114,2026-10-04T04:52:34Z
20261004T045441Z,c327223d76a3b7b0db8c6c104442f44b,2026-10-04T20:05:00Z,Minnesota Vikings,Miami Dolphins,draftkings,player_reception_yds,T.J. Hockenson,Under,38.5,-110,2026-10-04T04:52:34Z
20261004T045441Z,c327223d76a3b7b0db8c6c104442f44b,2026-10-04T20:05:00Z,Minnesota Vikings,Miami Dolphins,draftkings,player_reception_yds,Chris Bell,Over,34.5,-114,2026-10-04T04:52:34Z
20261004T045441Z,c327223d76a3b7b0db8c6c104442f44b,2026-10-04T20:05:00Z,Minnesota Vikings,Miami Dolphins,draftkings,player_reception_yds,Chris Bell,Under,34.5,-110,2026-10-04T04:52:34Z
20261004T045441Z,c327223d76a3b7b0db8c6c104442f44b,2026-10-04T20:05:00Z,Minnesota Vikings,Miami Dolphins,draftkings,player_reception_yds,Greg Dulcich,Over,30.5,-115,2026-10-04T04:52:34Z
20261004T045441Z,c327223d76a3b7b0db8c6c104442f44b,2026-10-04T20:05:00Z,Minnesota Vikings,Miami Dolphins,draftkings,player_reception_yds,Greg Dulcich,Under,30.5,-109,2026-10-04T04:52:34Z
20261004T045441Z,c327223d76a3b7b0db8c6c104442f44b,2026-10-04T20:05:00Z,Minnesota Vikings,Miami Dolphins,draftkings,player_reception_yds,Jauan Jennings,Over,27.5,-110,2026-10-04T04:52:34Z
20261004T045441Z,c327223d76a3b7b0db8c6c104442f44b,2026-10-04T20:05:00Z,Minnesota Vikings,Miami Dolphins,draftkings,player_reception_yds,Jauan Jennings,Under,27.5,-114,2026-10-04T04:52:34Z
20261004T045441Z,c327223d76a3b7b0db8c6c104442f44b,2026-10-04T20:05:00Z,Minnesota Vikings,Miami Dolphins,draftkings,player_reception_yds,Aaron Jones,Over,19.5,-111,2026-10-04T04:52:34Z
20261004T045441Z,c327223d76a3b7b0db8c6c104442f44b,2026-10-04T20:05:00Z,Minnesota Vikings,Miami Dolphins,draftkings,player_reception_yds,Aaron Jones,Under,19.5,-113,2026-10-04T04:52:34Z
20261004T045441Z,c327223d76a3b7b0db8c6c104442f44b,2026-10-04T20:05:00Z,Minnesota Vikings,Miami Dolphins,draftkings,player_reception_yds,Tai Felton,Over,15.5,-116,2026-10-04T04:52:34Z
20261004T045441Z,c327223d76a3b7b0db8c6c104442f44b,2026-10-04T20:05:00Z,Minnesota Vikings,Miami Dolphins,draftkings,player_reception_yds,Tai Felton,Under,15.5,-108,2026-10-04T04:52:34Z
20261004T045441Z,c327223d76a3b7b0db8c6c104442f44b,2026-10-04T20:05:00Z,Minnesota Vikings,Miami Dolphins,draftkings,player_reception_yds,Kevin Coleman Jr.,Over,15.5,-112,2026-10-04T04:52:34Z
20261004T045441Z,c327223d76a3b7b0db8c6c104442f44b,2026-10-04T20:05:00Z,Minnesota Vikings,Miami Dolphins,draftkings,player_reception_yds,Kevin Coleman Jr.,Under,15.5,-112,2026-10-04T04:52:34Z
20261004T045441Z,c327223d76a3b7b0db8c6c104442f44b,2026-10-04T20:05:00Z,Minnesota Vikings,Miami Dolphins,draftkings,player_reception_yds,Ollie Gordon II,Over,6.5,-109,2026-10-04T04:52:34Z
20261004T045441Z,c327223d76a3b7b0db8c6c104442f44b,2026-10-04T20:05:00Z,Minnesota Vikings,Miami Dolphins,draftkings,player_reception_yds,Ollie Gordon II,Under,6.5,-115,2026-10-04T04:52:34Z
20261004T045441Z,c327223d76a3b7b0db8c6c104442f44b,2026-10-04T20:05:00Z,Minnesota Vikings,Miami Dolphins,draftkings,player_reception_yds,Jaylen Wright,Over,5.5,-121,2026-10-04T04:52:34Z
20261004T045441Z,c327223d76a3b7b0db8c6c104442f44b,2026-10-04T20:05:00Z,Minnesota Vikings,Miami Dolphins,draftkings,player_reception_yds,Jaylen Wright,Under,5.5,-104,2026-10-04T04:52:34Z
20261004T045441Z,c327223d76a3b7b0db8c6c104442f44b,2026-10-04T20:05:00Z,Minnesota Vikings,Miami Dolphins,draftkings,player_reception_yds,Ryan Miller,Over,4.5,-110,2026-10-04T04:52:34Z
20261004T045441Z,c327223d76a3b7b0db8c6c104442f44b,2026-10-04T20:05:00Z,Minnesota Vikings,Miami Dolphins,draftkings,player_reception_yds,Ryan Miller,Under,4.5,-114,2026-10-04T04:52:34Z
20261004T045441Z,c327223d76a3b7b0db8c6c104442f44b,2026-10-04T20:05:00Z,Minnesota Vikings,Miami Dolphins,draftkings,player_receptions,Malik Washington,Over,4.5,100,2026-10-04T04:52:34Z
20261004T045441Z,c327223d76a3b7b0db8c6c104442f44b,2026-10-04T20:05:00Z,Minnesota Vikings,Miami Dolphins,draftkings,player_receptions,Malik Washington,Under,4.5,-128,2026-10-04T04:52:34Z
20261004T045441Z,c327223d76a3b7b0db8c6c104442f44b,2026-10-04T20:05:00Z,Minnesota Vikings,Miami Dolphins,draftkings,player_receptions,Jordan Addison,Over,4.5,104,2026-10-04T04:52:34Z
20261004T045441Z,c327223d76a3b7b0db8c6c104442f44b,2026-10-04T20:05:00Z,Minnesota Vikings,Miami Dolphins,draftkings,player_receptions,Jordan Addison,Under,4.5,-133,2026-10-04T04:52:34Z
20261004T045441Z,c327223d76a3b7b0db8c6c104442f44b,2026-10-04T20:05:00Z,Minnesota Vikings,Miami Dolphins,draftkings,player_receptions,T.J. Hockenson,Over,4.5,106,2026-10-04T04:52:34Z
20261004T045441Z,c327223d76a3b7b0db8c6c104442f44b,2026-10-04T20:05:00Z,Minnesota Vikings,Miami Dolphins,draftkings,player_receptions,T.J. Hockenson,Under,4.5,-136,2026-10-04T04:52:34Z
20261004T045441Z,c327223d76a3b7b0db8c6c104442f44b,2026-10-04T20:05:00Z,Minnesota Vikings,Miami Dolphins,draftkings,player_receptions,Aaron Jones,Over,3.5,127,2026-10-04T04:52:34Z
20261004T045441Z,c327223d76a3b7b0db8c6c104442f44b,2026-10-04T20:05:00Z,Minnesota Vikings,Miami Dolphins,draftkings,player_receptions,Aaron Jones,Under,3.5,-162,2026-10-04T04:52:34Z
20261004T045441Z,c327223d76a3b7b0db8c6c104442f44b,2026-10-04T20:05:00Z,Minnesota Vikings,Miami Dolphins,draftkings,player_receptions,Greg Dulcich,Over,2.5,-165,2026-10-04T04:52:34Z
20261004T045441Z,c327223d76a3b7b0db8c6c104442f44b,2026-10-04T20:05:00Z,Minnesota Vikings,Miami Dolphins,draftkings,player_receptions,Greg Dulcich,Under,2.5,129,2026-10-04T04:52:34Z
20261004T045441Z,c327223d76a3b7b0db8c6c104442f44b,2026-10-04T20:05:00Z,Minnesota Vikings,Miami Dolphins,draftkings,player_receptions,Chris Bell,Over,2.5,-119,2026-10-04T04:52:34Z
20261004T045441Z,c327223d76a3b7b0db8c6c104442f44b,2026-10-04T20:05:00Z,Minnesota Vikings,Miami Dolphins,draftkings,player_receptions,Chris Bell,Under,2.5,-107,2026-10-04T04:52:34Z
20261004T045441Z,c327223d76a3b7b0db8c6c104442f44b,2026-10-04T20:05:00Z,Minnesota Vikings,Miami Dolphins,draftkings,player_receptions,Jauan Jennings,Over,2.5,109,2026-10-04T04:52:34Z
20261004T045441Z,c327223d76a3b7b0db8c6c104442f44b,2026-10-04T20:05:00Z,Minnesota Vikings,Miami Dolphins,draftkings,player_receptions,Jauan Jennings,Under,2.5,-139,2026-10-04T04:52:34Z
20261004T045441Z,c327223d76a3b7b0db8c6c104442f44b,2026-10-04T20:05:00Z,Minnesota Vikings,Miami Dolphins,draftkings,player_receptions,Kevin Coleman Jr.,Over,1.5,-123,2026-10-04T04:52:34Z
20261004T045441Z,c327223d76a3b7b0db8c6c104442f44b,2026-10-04T20:05:00Z,Minnesota Vikings,Miami Dolphins,draftkings,player_receptions,Kevin Coleman Jr.,Under,1.5,-103,2026-10-04T04:52:34Z
20261004T045441Z,c327223d76a3b7b0db8c6c104442f44b,2026-10-04T20:05:00Z,Minnesota Vikings,Miami Dolphins,draftkings,player_receptions,Tai Felton,Over,1.5,-121,2026-10-04T04:52:34Z
20261004T045441Z,c327223d76a3b7b0db8c6c104442f44b,2026-10-04T20:05:00Z,Minnesota Vikings,Miami Dolphins,draftkings,player_receptions,Tai Felton,Under,1.5,-105,2026-10-04T04:52:34Z
20261004T045441Z,c327223d76a3b7b0db8c6c104442f44b,2026-10-04T20:05:00Z,Minnesota Vikings,Miami Dolphins,draftkings,player_receptions,Ollie Gordon II,Over,1.5,142,2026-10-04T04:52:34Z
20261004T045441Z,c327223d76a3b7b0db8c6c104442f44b,2026-10-04T20:05:00Z,Minnesota Vikings,Miami Dolphins,draftkings,player_receptions,Ollie Gordon II,Under,1.5,-182,2026-10-04T04:52:34Z
20261004T045441Z,c327223d76a3b7b0db8c6c104442f44b,2026-10-04T20:05:00Z,Minnesota Vikings,Miami Dolphins,draftkings,player_receptions,Jaylen Wright,Over,0.5,-239,2026-10-04T04:52:34Z
20261004T045441Z,c327223d76a3b7b0db8c6c104442f44b,2026-10-04T20:05:00Z,Minnesota Vikings,Miami Dolphins,draftkings,player_receptions,Jaylen Wright,Under,0.5,184,2026-10-04T04:52:34Z
20261004T045441Z,c327223d76a3b7b0db8c6c104442f44b,2026-10-04T20:05:00Z,Minnesota Vikings,Miami Dolphins,draftkings,player_receptions,Ryan Miller,Over,0.5,-141,2026-10-04T04:52:34Z
20261004T045441Z,c327223d76a3b7b0db8c6c104442f44b,2026-10-04T20:05:00Z,Minnesota Vikings,Miami Dolphins,draftkings,player_receptions,Ryan Miller,Under,0.5,110,2026-10-04T04:52:34Z
20261004T045441Z,c327223d76a3b7b0db8c6c104442f44b,2026-10-04T20:05:00Z,Minnesota Vikings,Miami Dolphins,draftkings,player_rush_yds,Aaron Jones,Over,66.5,-113,2026-10-04T04:52:34Z
20261004T045441Z,c327223d76a3b7b0db8c6c104442f44b,2026-10-04T20:05:00Z,Minnesota Vikings,Miami Dolphins,draftkings,player_rush_yds,Aaron Jones,Under,66.5,-111,2026-10-04T04:52:34Z
20261004T045441Z,c327223d76a3b7b0db8c6c104442f44b,2026-10-04T20:05:00Z,Minnesota Vikings,Miami Dolphins,draftkings,player_rush_yds,Malik Willis,Over,31.5,-112,2026-10-04T04:52:34Z
20261004T045441Z,c327223d76a3b7b0db8c6c104442f44b,2026-10-04T20:05:00Z,Minnesota Vikings,Miami Dolphins,draftkings,player_rush_yds,Malik Willis,Under,31.5,-112,2026-10-04T04:52:34Z
20261004T045441Z,c327223d76a3b7b0db8c6c104442f44b,2026-10-04T20:05:00Z,Minnesota Vikings,Miami Dolphins,draftkings,player_rush_yds,Jaylen Wright,Over,29.5,-110,2026-10-04T04:52:34Z
20261004T045441Z,c327223d76a3b7b0db8c6c104442f44b,2026-10-04T20:05:00Z,Minnesota Vikings,Miami Dolphins,draftkings,player_rush_yds,Jaylen Wright,Under,29.5,-114,2026-10-04T04:52:34Z
20261004T045441Z,c327223d76a3b7b0db8c6c104442f44b,2026-10-04T20:05:00Z,Minnesota Vikings,Miami Dolphins,draftkings,player_rush_yds,Ollie Gordon II,Over,24.5,-115,2026-10-04T04:52:34Z
20261004T045441Z,c327223d76a3b7b0db8c6c104442f44b,2026-10-04T20:05:00Z,Minnesota Vikings,Miami Dolphins,draftkings,player_rush_yds,Ollie Gordon II,Under,24.5,-109,2026-10-04T04:52:34Z
20261004T045441Z,c327223d76a3b7b0db8c6c104442f44b,2026-10-04T20:05:00Z,Minnesota Vikings,Miami Dolphins,draftkings,player_rush_yds,Kyler Murray,Over,22.5,-110,2026-10-04T04:52:34Z
20261004T045441Z,c327223d76a3b7b0db8c6c104442f44b,2026-10-04T20:05:00Z,Minnesota Vikings,Miami Dolphins,draftkings,player_rush_yds,Kyler Murray,Under,22.5,-114,2026-10-04T04:52:34Z
20261004T045441Z,c327223d76a3b7b0db8c6c104442f44b,2026-10-04T20:05:00Z,Minnesota Vikings,Miami Dolphins,draftkings,player_rush_yds,Malik Washington,Over,4.5,-123,2026-10-04T04:52:34Z
20261004T045441Z,c327223d76a3b7b0db8c6c104442f44b,2026-10-04T20:05:00Z,Minnesota Vikings,Miami Dolphins,draftkings,player_rush_yds,Malik Washington,Under,4.5,-102,2026-10-04T04:52:34Z
20261004T045441Z,c327223d76a3b7b0db8c6c104442f44b,2026-10-04T20:05:00Z,Minnesota Vikings,Miami Dolphins,fanduel,player_pass_yds,Kyler Murray,Over,207.5,-113,2026-10-04T04:54:16Z
20261004T045441Z,c327223d76a3b7b0db8c6c104442f44b,2026-10-04T20:05:00Z,Minnesota Vikings,Miami Dolphins,fanduel,player_pass_yds,Kyler Murray,Under,207.5,-113,2026-10-04T04:54:16Z
20261004T045441Z,c327223d76a3b7b0db8c6c104442f44b,2026-10-04T20:05:00Z,Minnesota Vikings,Miami Dolphins,fanduel,player_pass_yds,Malik Willis,Over,169.5,-113,2026-10-04T04:54:16Z
20261004T045441Z,c327223d76a3b7b0db8c6c104442f44b,2026-10-04T20:05:00Z,Minnesota Vikings,Miami Dolphins,fanduel,player_pass_yds,Malik Willis,Under,169.5,-113,2026-10-04T04:54:16Z
20261004T045441Z,c327223d76a3b7b0db8c6c104442f44b,2026-10-04T20:05:00Z,Minnesota Vikings,Miami Dolphins,fanduel,player_reception_yds,Jordan Addison,Over,62.5,-113,2026-10-04T04:54:16Z
20261004T045441Z,c327223d76a3b7b0db8c6c104442f44b,2026-10-04T20:05:00Z,Minnesota Vikings,Miami Dolphins,fanduel,player_reception_yds,Jordan Addison,Under,62.5,-113,2026-10-04T04:54:16Z
20261004T045441Z,c327223d76a3b7b0db8c6c104442f44b,2026-10-04T20:05:00Z,Minnesota Vikings,Miami Dolphins,fanduel,player_reception_yds,Ollie Gordon II,Over,5.5,-113,2026-10-04T04:54:16Z
20261004T045441Z,c327223d76a3b7b0db8c6c104442f44b,2026-10-04T20:05:00Z,Minnesota Vikings,Miami Dolphins,fanduel,player_reception_yds,Ollie Gordon II,Under,5.5,-113,2026-10-04T04:54:16Z
20261004T045441Z,c327223d76a3b7b0db8c6c104442f44b,2026-10-04T20:05:00Z,Minnesota Vikings,Miami Dolphins,fanduel,player_reception_yds,Jaylen Wright,Over,5.5,-128,2026-10-04T04:54:16Z
20261004T045441Z,c327223d76a3b7b0db8c6c104442f44b,2026-10-04T20:05:00Z,Minnesota Vikings,Miami Dolphins,fanduel,player_reception_yds,Jaylen Wright,Under,5.5,100,2026-10-04T04:54:16Z
20261004T045441Z,c327223d76a3b7b0db8c6c104442f44b,2026-10-04T20:05:00Z,Minnesota Vikings,Miami Dolphins,fanduel,player_reception_yds,Kevin Coleman Jr.,Over,14.5,-113,2026-10-04T04:54:16Z
20261004T045441Z,c327223d76a3b7b0db8c6c104442f44b,2026-10-04T20:05:00Z,Minnesota Vikings,Miami Dolphins,fanduel,player_reception_yds,Kevin Coleman Jr.,Under,14.5,-113,2026-10-04T04:54:16Z
20261004T045441Z,c327223d76a3b7b0db8c6c104442f44b,2026-10-04T20:05:00Z,Minnesota Vikings,Miami Dolphins,fanduel,player_reception_yds,Ryan Miller,Over,6.5,102,2026-10-04T04:54:16Z
20261004T045441Z,c327223d76a3b7b0db8c6c104442f44b,2026-10-04T20:05:00Z,Minnesota Vikings,Miami Dolphins,fanduel,player_reception_yds,Ryan Miller,Under,6.5,-130,2026-10-04T04:54:16Z
20261004T045441Z,c327223d76a3b7b0db8c6c104442f44b,2026-10-04T20:05:00Z,Minnesota Vikings,Miami Dolphins,fanduel,player_reception_yds,Greg Dulcich,Over,29.5,-113,2026-10-04T04:54:16Z
20261004T045441Z,c327223d76a3b7b0db8c6c104442f44b,2026-10-04T20:05:00Z,Minnesota Vikings,Miami Dolphins,fanduel,player_reception_yds,Greg Dulcich,Under,29.5,-113,2026-10-04T04:54:16Z
20261004T045441Z,c327223d76a3b7b0db8c6c104442f44b,2026-10-04T20:05:00Z,Minnesota Vikings,Miami Dolphins,fanduel,player_reception_yds,Jauan Jennings,Over,26.5,-113,2026-10-04T04:54:16Z
20261004T045441Z,c327223d76a3b7b0db8c6c104442f44b,2026-10-04T20:05:00Z,Minnesota Vikings,Miami Dolphins,fanduel,player_reception_yds,Jauan Jennings,Under,26.5,-113,2026-10-04T04:54:16Z
20261004T045441Z,c327223d76a3b7b0db8c6c104442f44b,2026-10-04T20:05:00Z,Minnesota Vikings,Miami Dolphins,fanduel,player_reception_yds,Malik Washington,Over,38.5,-113,2026-10-04T04:54:16Z
20261004T045441Z,c327223d76a3b7b0db8c6c104442f44b,2026-10-04T20:05:00Z,Minnesota Vikings,Miami Dolphins,fanduel,player_reception_yds,Malik Washington,Under,38.5,-113,2026-10-04T04:54:16Z
20261004T045441Z,c327223d76a3b7b0db8c6c104442f44b,2026-10-04T20:05:00Z,Minnesota Vikings,Miami Dolphins,fanduel,player_reception_yds,Chris Bell,Over,34.5,-113,2026-10-04T04:54:16Z
20261004T045441Z,c327223d76a3b7b0db8c6c104442f44b,2026-10-04T20:05:00Z,Minnesota Vikings,Miami Dolphins,fanduel,player_reception_yds,Chris Bell,Under,34.5,-113,2026-10-04T04:54:16Z
20261004T045441Z,c327223d76a3b7b0db8c6c104442f44b,2026-10-04T20:05:00Z,Minnesota Vikings,Miami Dolphins,fanduel,player_reception_yds,Tai Felton,Over,15.5,-113,2026-10-04T04:54:16Z
20261004T045441Z,c327223d76a3b7b0db8c6c104442f44b,2026-10-04T20:05:00Z,Minnesota Vikings,Miami Dolphins,fanduel,player_reception_yds,Tai Felton,Under,15.5,-113,2026-10-04T04:54:16Z
20261004T045441Z,c327223d76a3b7b0db8c6c104442f44b,2026-10-04T20:05:00Z,Minnesota Vikings,Miami Dolphins,fanduel,player_reception_yds,T.J. Hockenson,Over,38.5,-113,2026-10-04T04:54:16Z
20261004T045441Z,c327223d76a3b7b0db8c6c104442f44b,2026-10-04T20:05:00Z,Minnesota Vikings,Miami Dolphins,fanduel,player_reception_yds,T.J. Hockenson,Under,38.5,-113,2026-10-04T04:54:16Z
20261004T045441Z,c327223d76a3b7b0db8c6c104442f44b,2026-10-04T20:05:00Z,Minnesota Vikings,Miami Dolphins,fanduel,player_reception_yds,Aaron Jones,Over,19.5,-113,2026-10-04T04:54:16Z
20261004T045441Z,c327223d76a3b7b0db8c6c104442f44b,2026-10-04T20:05:00Z,Minnesota Vikings,Miami Dolphins,fanduel,player_reception_yds,Aaron Jones,Under,19.5,-113,2026-10-04T04:54:16Z
20261004T045441Z,c327223d76a3b7b0db8c6c104442f44b,2026-10-04T20:05:00Z,Minnesota Vikings,Miami Dolphins,fanduel,player_receptions,T.J. Hockenson,Over,4.5,-102,2026-10-04T04:54:16Z
20261004T045441Z,c327223d76a3b7b0db8c6c104442f44b,2026-10-04T20:05:00Z,Minnesota Vikings,Miami Dolphins,fanduel,player_receptions,T.J. Hockenson,Under,4.5,-130,2026-10-04T04:54:16Z
20261004T045441Z,c327223d76a3b7b0db8c6c104442f44b,2026-10-04T20:05:00Z,Minnesota Vikings,Miami Dolphins,fanduel,player_receptions,Jordan Addison,Over,4.5,-108,2026-10-04T04:54:16Z
20261004T045441Z,c327223d76a3b7b0db8c6c104442f44b,2026-10-04T20:05:00Z,Minnesota Vikings,Miami Dolphins,fanduel,player_receptions,Jordan Addison,Under,4.5,-122,2026-10-04T04:54:16Z
20261004T045441Z,c327223d76a3b7b0db8c6c104442f44b,2026-10-04T20:05:00Z,Minnesota Vikings,Miami Dolphins,fanduel,player_receptions,Greg Dulcich,Over,2.5,-172,2026-10-04T04:54:16Z
20261004T045441Z,c327223d76a3b7b0db8c6c104442f44b,2026-10-04T20:05:00Z,Minnesota Vikings,Miami Dolphins,fanduel,player_receptions,Greg Dulcich,Under,2.5,128,2026-10-04T04:54:16Z
20261004T045441Z,c327223d76a3b7b0db8c6c104442f44b,2026-10-04T20:05:00Z,Minnesota Vikings,Miami Dolphins,fanduel,player_receptions,Ryan Miller,Over,0.5,-140,2026-10-04T04:54:16Z
20261004T045441Z,c327223d76a3b7b0db8c6c104442f44b,2026-10-04T20:05:00Z,Minnesota Vikings,Miami Dolphins,fanduel,player_receptions,Ryan Miller,Under,0.5,106,2026-10-04T04:54:16Z
20261004T045441Z,c327223d76a3b7b0db8c6c104442f44b,2026-10-04T20:05:00Z,Minnesota Vikings,Miami Dolphins,fanduel,player_receptions,Aaron Jones,Over,3.5,116,2026-10-04T04:54:16Z
20261004T045441Z,c327223d76a3b7b0db8c6c104442f44b,2026-10-04T20:05:00Z,Minnesota Vikings,Miami Dolphins,fanduel,player_receptions,Aaron Jones,Under,3.5,-154,2026-10-04T04:54:16Z
20261004T045441Z,c327223d76a3b7b0db8c6c104442f44b,2026-10-04T20:05:00Z,Minnesota Vikings,Miami Dolphins,fanduel,player_receptions,Ollie Gordon II,Over,1.5,154,2026-10-04T04:54:16Z
20261004T045441Z,c327223d76a3b7b0db8c6c104442f44b,2026-10-04T20:05:00Z,Minnesota Vikings,Miami Dolphins,fanduel,player_receptions,Ollie Gordon II,Under,1.5,-210,2026-10-04T04:54:16Z
20261004T045441Z,c327223d76a3b7b0db8c6c104442f44b,2026-10-04T20:05:00Z,Minnesota Vikings,Miami Dolphins,fanduel,player_receptions,Jauan Jennings,Over,2.5,100,2026-10-04T04:54:16Z
20261004T045441Z,c327223d76a3b7b0db8c6c104442f44b,2026-10-04T20:05:00Z,Minnesota Vikings,Miami Dolphins,fanduel,player_receptions,Jauan Jennings,Under,2.5,-132,2026-10-04T04:54:16Z
20261004T045441Z,c327223d76a3b7b0db8c6c104442f44b,2026-10-04T20:05:00Z,Minnesota Vikings,Miami Dolphins,fanduel,player_receptions,Tai Felton,Over,1.5,-130,2026-10-04T04:54:16Z
20261004T045441Z,c327223d76a3b7b0db8c6c104442f44b,2026-10-04T20:05:00Z,Minnesota Vikings,Miami Dolphins,fanduel,player_receptions,Tai Felton,Under,1.5,-102,2026-10-04T04:54:16Z
20261004T045441Z,c327223d76a3b7b0db8c6c104442f44b,2026-10-04T20:05:00Z,Minnesota Vikings,Miami Dolphins,fanduel,player_receptions,Chris Bell,Over,2.5,-114,2026-10-04T04:54:16Z
20261004T045441Z,c327223d76a3b7b0db8c6c104442f44b,2026-10-04T20:05:00Z,Minnesota Vikings,Miami Dolphins,fanduel,player_receptions,Chris Bell,Under,2.5,-114,2026-10-04T04:54:16Z
20261004T045441Z,c327223d76a3b7b0db8c6c104442f44b,2026-10-04T20:05:00Z,Minnesota Vikings,Miami Dolphins,fanduel,player_receptions,Malik Washington,Over,3.5,-198,2026-10-04T04:54:16Z
20261004T045441Z,c327223d76a3b7b0db8c6c104442f44b,2026-10-04T20:05:00Z,Minnesota Vikings,Miami Dolphins,fanduel,player_receptions,Malik Washington,Under,3.5,146,2026-10-04T04:54:16Z
20261004T045441Z,c327223d76a3b7b0db8c6c104442f44b,2026-10-04T20:05:00Z,Minnesota Vikings,Miami Dolphins,fanduel,player_receptions,Jaylen Wright,Over,0.5,-250,2026-10-04T04:54:16Z
20261004T045441Z,c327223d76a3b7b0db8c6c104442f44b,2026-10-04T20:05:00Z,Minnesota Vikings,Miami Dolphins,fanduel,player_receptions,Jaylen Wright,Under,0.5,182,2026-10-04T04:54:16Z
20261004T045441Z,c327223d76a3b7b0db8c6c104442f44b,2026-10-04T20:05:00Z,Minnesota Vikings,Miami Dolphins,fanduel,player_receptions,Kevin Coleman Jr.,Over,1.5,-114,2026-10-04T04:54:16Z
20261004T045441Z,c327223d76a3b7b0db8c6c104442f44b,2026-10-04T20:05:00Z,Minnesota Vikings,Miami Dolphins,fanduel,player_receptions,Kevin Coleman Jr.,Under,1.5,-114,2026-10-04T04:54:16Z
20261004T045441Z,c327223d76a3b7b0db8c6c104442f44b,2026-10-04T20:05:00Z,Minnesota Vikings,Miami Dolphins,fanduel,player_rush_yds,Kyler Murray,Over,21.5,-113,2026-10-04T04:54:16Z
20261004T045441Z,c327223d76a3b7b0db8c6c104442f44b,2026-10-04T20:05:00Z,Minnesota Vikings,Miami Dolphins,fanduel,player_rush_yds,Kyler Murray,Under,21.5,-113,2026-10-04T04:54:16Z
20261004T045441Z,c327223d76a3b7b0db8c6c104442f44b,2026-10-04T20:05:00Z,Minnesota Vikings,Miami Dolphins,fanduel,player_rush_yds,Malik Willis,Over,29.5,-113,2026-10-04T04:54:16Z
20261004T045441Z,c327223d76a3b7b0db8c6c104442f44b,2026-10-04T20:05:00Z,Minnesota Vikings,Miami Dolphins,fanduel,player_rush_yds,Malik Willis,Under,29.5,-113,2026-10-04T04:54:16Z
20261004T045441Z,c327223d76a3b7b0db8c6c104442f44b,2026-10-04T20:05:00Z,Minnesota Vikings,Miami Dolphins,fanduel,player_rush_yds,Ollie Gordon II,Over,23.5,-113,2026-10-04T04:54:16Z
20261004T045441Z,c327223d76a3b7b0db8c6c104442f44b,2026-10-04T20:05:00Z,Minnesota Vikings,Miami Dolphins,fanduel,player_rush_yds,Ollie Gordon II,Under,23.5,-113,2026-10-04T04:54:16Z
20261004T045441Z,c327223d76a3b7b0db8c6c104442f44b,2026-10-04T20:05:00Z,Minnesota Vikings,Miami Dolphins,fanduel,player_rush_yds,Malik Washington,Over,5.5,-113,2026-10-04T04:54:16Z
20261004T045441Z,c327223d76a3b7b0db8c6c104442f44b,2026-10-04T20:05:00Z,Minnesota Vikings,Miami Dolphins,fanduel,player_rush_yds,Malik Washington,Under,5.5,-113,2026-10-04T04:54:16Z
20261004T045441Z,c327223d76a3b7b0db8c6c104442f44b,2026-10-04T20:05:00Z,Minnesota Vikings,Miami Dolphins,fanduel,player_rush_yds,Aaron Jones,Over,65.5,-113,2026-10-04T04:54:16Z
20261004T045441Z,c327223d76a3b7b0db8c6c104442f44b,2026-10-04T20:05:00Z,Minnesota Vikings,Miami Dolphins,fanduel,player_rush_yds,Aaron Jones,Under,65.5,-113,2026-10-04T04:54:16Z
20261004T045441Z,c327223d76a3b7b0db8c6c104442f44b,2026-10-04T20:05:00Z,Minnesota Vikings,Miami Dolphins,fanduel,player_rush_yds,Jaylen Wright,Over,27.5,-113,2026-10-04T04:54:16Z
20261004T045441Z,c327223d76a3b7b0db8c6c104442f44b,2026-10-04T20:05:00Z,Minnesota Vikings,Miami Dolphins,fanduel,player_rush_yds,Jaylen Wright,Under,27.5,-113,2026-10-04T04:54:16Z
20261004T045441Z,c327223d76a3b7b0db8c6c104442f44b,2026-10-04T20:05:00Z,Minnesota Vikings,Miami Dolphins,betonlineag,player_pass_yds,Malik Willis,Over,169.5,-116,2026-10-04T04:54:39Z
20261004T045441Z,c327223d76a3b7b0db8c6c104442f44b,2026-10-04T20:05:00Z,Minnesota Vikings,Miami Dolphins,betonlineag,player_pass_yds,Malik Willis,Under,169.5,-111,2026-10-04T04:54:39Z
20261004T045441Z,c327223d76a3b7b0db8c6c104442f44b,2026-10-04T20:05:00Z,Minnesota Vikings,Miami Dolphins,betonlineag,player_pass_yds,Kyler Murray,Over,204.5,-115,2026-10-04T04:54:39Z
20261004T045441Z,c327223d76a3b7b0db8c6c104442f44b,2026-10-04T20:05:00Z,Minnesota Vikings,Miami Dolphins,betonlineag,player_pass_yds,Kyler Murray,Under,204.5,-112,2026-10-04T04:54:39Z
20261004T045441Z,c327223d76a3b7b0db8c6c104442f44b,2026-10-04T20:05:00Z,Minnesota Vikings,Miami Dolphins,betonlineag,player_reception_yds,Malik Washington,Over,38.5,-115,2026-10-04T04:54:39Z
20261004T045441Z,c327223d76a3b7b0db8c6c104442f44b,2026-10-04T20:05:00Z,Minnesota Vikings,Miami Dolphins,betonlineag,player_reception_yds,Malik Washington,Under,38.5,-112,2026-10-04T04:54:39Z
20261004T045441Z,c327223d76a3b7b0db8c6c104442f44b,2026-10-04T20:05:00Z,Minnesota Vikings,Miami Dolphins,betonlineag,player_reception_yds,Jaylen Wright,Over,5.5,-127,2026-10-04T04:54:39Z
20261004T045441Z,c327223d76a3b7b0db8c6c104442f44b,2026-10-04T20:05:00Z,Minnesota Vikings,Miami Dolphins,betonlineag,player_reception_yds,Jaylen Wright,Under,5.5,-102,2026-10-04T04:54:39Z
20261004T045441Z,c327223d76a3b7b0db8c6c104442f44b,2026-10-04T20:05:00Z,Minnesota Vikings,Miami Dolphins,betonlineag,player_reception_yds,Greg Dulcich,Over,29.5,-114,2026-10-04T04:54:39Z
20261004T045441Z,c327223d76a3b7b0db8c6c104442f44b,2026-10-04T20:05:00Z,Minnesota Vikings,Miami Dolphins,betonlineag,player_reception_yds,Greg Dulcich,Under,29.5,-114,2026-10-04T04:54:39Z
20261004T045441Z,c327223d76a3b7b0db8c6c104442f44b,2026-10-04T20:05:00Z,Minnesota Vikings,Miami Dolphins,betonlineag,player_reception_yds,Aaron Jones,Over,19.5,-116,2026-10-04T04:54:39Z
20261004T045441Z,c327223d76a3b7b0db8c6c104442f44b,2026-10-04T20:05:00Z,Minnesota Vikings,Miami Dolphins,betonlineag,player_reception_yds,Aaron Jones,Under,19.5,-111,2026-10-04T04:54:39Z
20261004T045441Z,c327223d76a3b7b0db8c6c104442f44b,2026-10-04T20:05:00Z,Minnesota Vikings,Miami Dolphins,betonlineag,player_reception_yds,Ollie Gordon II,Over,5.5,-118,2026-10-04T04:54:39Z
20261004T045441Z,c327223d76a3b7b0db8c6c104442f44b,2026-10-04T20:05:00Z,Minnesota Vikings,Miami Dolphins,betonlineag,player_reception_yds,Ollie Gordon II,Under,5.5,-110,2026-10-04T04:54:39Z
20261004T045441Z,c327223d76a3b7b0db8c6c104442f44b,2026-10-04T20:05:00Z,Minnesota Vikings,Miami Dolphins,betonlineag,player_reception_yds,Jauan Jennings,Over,26.5,-116,2026-10-04T04:54:39Z
20261004T045441Z,c327223d76a3b7b0db8c6c104442f44b,2026-10-04T20:05:00Z,Minnesota Vikings,Miami Dolphins,betonlineag,player_reception_yds,Jauan Jennings,Under,26.5,-111,2026-10-04T04:54:39Z
20261004T045441Z,c327223d76a3b7b0db8c6c104442f44b,2026-10-04T20:05:00Z,Minnesota Vikings,Miami Dolphins,betonlineag,player_reception_yds,Ryan Miller,Over,6.5,100,2026-10-04T04:54:39Z
20261004T045441Z,c327223d76a3b7b0db8c6c104442f44b,2026-10-04T20:05:00Z,Minnesota Vikings,Miami Dolphins,betonlineag,player_reception_yds,Ryan Miller,Under,6.5,-130,2026-10-04T04:54:39Z
20261004T045441Z,c327223d76a3b7b0db8c6c104442f44b,2026-10-04T20:05:00Z,Minnesota Vikings,Miami Dolphins,betonlineag,player_reception_yds,T.J. Hockenson,Over,38.5,-116,2026-10-04T04:54:39Z
20261004T045441Z,c327223d76a3b7b0db8c6c104442f44b,2026-10-04T20:05:00Z,Minnesota Vikings,Miami Dolphins,betonlineag,player_reception_yds,T.J. Hockenson,Under,38.5,-111,2026-10-04T04:54:39Z
20261004T045441Z,c327223d76a3b7b0db8c6c104442f44b,2026-10-04T20:05:00Z,Minnesota Vikings,Miami Dolphins,betonlineag,player_reception_yds,Jordan Addison,Over,62.5,-115,2026-10-04T04:54:39Z
20261004T045441Z,c327223d76a3b7b0db8c6c104442f44b,2026-10-04T20:05:00Z,Minnesota Vikings,Miami Dolphins,betonlineag,player_reception_yds,Jordan Addison,Under,62.5,-112,2026-10-04T04:54:39Z
20261004T045441Z,c327223d76a3b7b0db8c6c104442f44b,2026-10-04T20:05:00Z,Minnesota Vikings,Miami Dolphins,betonlineag,player_reception_yds,Tai Felton,Over,14.5,-114,2026-10-04T04:54:39Z
20261004T045441Z,c327223d76a3b7b0db8c6c104442f44b,2026-10-04T20:05:00Z,Minnesota Vikings,Miami Dolphins,betonlineag,player_reception_yds,Tai Felton,Under,14.5,-114,2026-10-04T04:54:39Z
20261004T045441Z,c327223d76a3b7b0db8c6c104442f44b,2026-10-04T20:05:00Z,Minnesota Vikings,Miami Dolphins,betonlineag,player_reception_yds,Chris Bell,Over,34.5,-115,2026-10-04T04:54:39Z
20261004T045441Z,c327223d76a3b7b0db8c6c104442f44b,2026-10-04T20:05:00Z,Minnesota Vikings,Miami Dolphins,betonlineag,player_reception_yds,Chris Bell,Under,34.5,-112,2026-10-04T04:54:39Z
20261004T045441Z,c327223d76a3b7b0db8c6c104442f44b,2026-10-04T20:05:00Z,Minnesota Vikings,Miami Dolphins,betonlineag,player_reception_yds,Kevin Coleman Jr.,Over,14.5,-115,2026-10-04T04:54:39Z
20261004T045441Z,c327223d76a3b7b0db8c6c104442f44b,2026-10-04T20:05:00Z,Minnesota Vikings,Miami Dolphins,betonlineag,player_reception_yds,Kevin Coleman Jr.,Under,14.5,-112,2026-10-04T04:54:39Z
20261004T045441Z,c327223d76a3b7b0db8c6c104442f44b,2026-10-04T20:05:00Z,Minnesota Vikings,Miami Dolphins,betonlineag,player_receptions,Greg Dulcich,Over,2.5,-167,2026-10-04T04:54:39Z
20261004T045441Z,c327223d76a3b7b0db8c6c104442f44b,2026-10-04T20:05:00Z,Minnesota Vikings,Miami Dolphins,betonlineag,player_receptions,Greg Dulcich,Under,2.5,127,2026-10-04T04:54:39Z
20261004T045441Z,c327223d76a3b7b0db8c6c104442f44b,2026-10-04T20:05:00Z,Minnesota Vikings,Miami Dolphins,betonlineag,player_receptions,Chris Bell,Over,2.5,-111,2026-10-04T04:54:39Z
20261004T045441Z,c327223d76a3b7b0db8c6c104442f44b,2026-10-04T20:05:00Z,Minnesota Vikings,Miami Dolphins,betonlineag,player_receptions,Chris Bell,Under,2.5,-116,2026-10-04T04:54:39Z
20261004T045441Z,c327223d76a3b7b0db8c6c104442f44b,2026-10-04T20:05:00Z,Minnesota Vikings,Miami Dolphins,betonlineag,player_receptions,T.J. Hockenson,Over,4.5,109,2026-10-04T04:54:39Z
20261004T045441Z,c327223d76a3b7b0db8c6c104442f44b,2026-10-04T20:05:00Z,Minnesota Vikings,Miami Dolphins,betonlineag,player_receptions,T.J. Hockenson,Under,4.5,-141,2026-10-04T04:54:39Z
20261004T045441Z,c327223d76a3b7b0db8c6c104442f44b,2026-10-04T20:05:00Z,Minnesota Vikings,Miami Dolphins,betonlineag,player_receptions,Aaron Jones,Over,3.5,117,2026-10-04T04:54:39Z
20261004T045441Z,c327223d76a3b7b0db8c6c104442f44b,2026-10-04T20:05:00Z,Minnesota Vikings,Miami Dolphins,betonlineag,player_receptions,Aaron Jones,Under,3.5,-152,2026-10-04T04:54:39Z
20261004T045441Z,c327223d76a3b7b0db8c6c104442f44b,2026-10-04T20:05:00Z,Minnesota Vikings,Miami Dolphins,betonlineag,player_receptions,Jordan Addison,Over,4.5,-103,2026-10-04T04:54:39Z
20261004T045441Z,c327223d76a3b7b0db8c6c104442f44b,2026-10-04T20:05:00Z,Minnesota Vikings,Miami Dolphins,betonlineag,player_receptions,Jordan Addison,Under,4.5,-125,2026-10-04T04:54:39Z
20261004T045441Z,c327223d76a3b7b0db8c6c104442f44b,2026-10-04T20:05:00Z,Minnesota Vikings,Miami Dolphins,betonlineag,player_receptions,Malik Washington,Over,4.5,110,2026-10-04T04:54:39Z
20261004T045441Z,c327223d76a3b7b0db8c6c104442f44b,2026-10-04T20:05:00Z,Minnesota Vikings,Miami Dolphins,betonlineag,player_receptions,Malik Washington,Under,4.5,-143,2026-10-04T04:54:39Z
20261004T045441Z,c327223d76a3b7b0db8c6c104442f44b,2026-10-04T20:05:00Z,Minnesota Vikings,Miami Dolphins,betonlineag,player_receptions,Kevin Coleman Jr.,Over,1.5,-114,2026-10-04T04:54:39Z
20261004T045441Z,c327223d76a3b7b0db8c6c104442f44b,2026-10-04T20:05:00Z,Minnesota Vikings,Miami Dolphins,betonlineag,player_receptions,Kevin Coleman Jr.,Under,1.5,-114,2026-10-04T04:54:39Z
20261004T045441Z,c327223d76a3b7b0db8c6c104442f44b,2026-10-04T20:05:00Z,Minnesota Vikings,Miami Dolphins,betonlineag,player_receptions,Ryan Miller,Over,0.5,-143,2026-10-04T04:54:39Z
20261004T045441Z,c327223d76a3b7b0db8c6c104442f44b,2026-10-04T20:05:00Z,Minnesota Vikings,Miami Dolphins,betonlineag,player_receptions,Ryan Miller,Under,0.5,110,2026-10-04T04:54:39Z
20261004T045441Z,c327223d76a3b7b0db8c6c104442f44b,2026-10-04T20:05:00Z,Minnesota Vikings,Miami Dolphins,betonlineag,player_receptions,Tai Felton,Over,1.5,-127,2026-10-04T04:54:39Z
20261004T045441Z,c327223d76a3b7b0db8c6c104442f44b,2026-10-04T20:05:00Z,Minnesota Vikings,Miami Dolphins,betonlineag,player_receptions,Tai Felton,Under,1.5,-102,2026-10-04T04:54:39Z
20261004T045441Z,c327223d76a3b7b0db8c6c104442f44b,2026-10-04T20:05:00Z,Minnesota Vikings,Miami Dolphins,betonlineag,player_receptions,Jauan Jennings,Over,2.5,-102,2026-10-04T04:54:39Z
20261004T045441Z,c327223d76a3b7b0db8c6c104442f44b,2026-10-04T20:05:00Z,Minnesota Vikings,Miami Dolphins,betonlineag,player_receptions,Jauan Jennings,Under,2.5,-127,2026-10-04T04:54:39Z
20261004T045441Z,c327223d76a3b7b0db8c6c104442f44b,2026-10-04T20:05:00Z,Minnesota Vikings,Miami Dolphins,betonlineag,player_receptions,Ollie Gordon II,Over,1.5,152,2026-10-04T04:54:39Z
20261004T045441Z,c327223d76a3b7b0db8c6c104442f44b,2026-10-04T20:05:00Z,Minnesota Vikings,Miami Dolphins,betonlineag,player_receptions,Ollie Gordon II,Under,1.5,-200,2026-10-04T04:54:39Z
20261004T045441Z,c327223d76a3b7b0db8c6c104442f44b,2026-10-04T20:05:00Z,Minnesota Vikings,Miami Dolphins,betonlineag,player_receptions,Jaylen Wright,Over,0.5,-244,2026-10-04T04:54:39Z
20261004T045441Z,c327223d76a3b7b0db8c6c104442f44b,2026-10-04T20:05:00Z,Minnesota Vikings,Miami Dolphins,betonlineag,player_receptions,Jaylen Wright,Under,0.5,181,2026-10-04T04:54:39Z
20261004T045441Z,c327223d76a3b7b0db8c6c104442f44b,2026-10-04T20:05:00Z,Minnesota Vikings,Miami Dolphins,betonlineag,player_rush_yds,Malik Washington,Over,4.5,-118,2026-10-04T04:54:39Z
20261004T045441Z,c327223d76a3b7b0db8c6c104442f44b,2026-10-04T20:05:00Z,Minnesota Vikings,Miami Dolphins,betonlineag,player_rush_yds,Malik Washington,Under,4.5,-110,2026-10-04T04:54:39Z
20261004T045441Z,c327223d76a3b7b0db8c6c104442f44b,2026-10-04T20:05:00Z,Minnesota Vikings,Miami Dolphins,betonlineag,player_rush_yds,Kyler Murray,Over,21.5,-122,2026-10-04T04:54:39Z
20261004T045441Z,c327223d76a3b7b0db8c6c104442f44b,2026-10-04T20:05:00Z,Minnesota Vikings,Miami Dolphins,betonlineag,player_rush_yds,Kyler Murray,Under,21.5,-106,2026-10-04T04:54:39Z
20261004T045441Z,c327223d76a3b7b0db8c6c104442f44b,2026-10-04T20:05:00Z,Minnesota Vikings,Miami Dolphins,betonlineag,player_rush_yds,Ollie Gordon II,Over,26.5,-114,2026-10-04T04:54:39Z
20261004T045441Z,c327223d76a3b7b0db8c6c104442f44b,2026-10-04T20:05:00Z,Minnesota Vikings,Miami Dolphins,betonlineag,player_rush_yds,Ollie Gordon II,Under,26.5,-114,2026-10-04T04:54:39Z
20261004T045441Z,c327223d76a3b7b0db8c6c104442f44b,2026-10-04T20:05:00Z,Minnesota Vikings,Miami Dolphins,betonlineag,player_rush_yds,Aaron Jones,Over,65.5,-115,2026-10-04T04:54:39Z
20261004T045441Z,c327223d76a3b7b0db8c6c104442f44b,2026-10-04T20:05:00Z,Minnesota Vikings,Miami Dolphins,betonlineag,player_rush_yds,Aaron Jones,Under,65.5,-112,2026-10-04T04:54:39Z
20261004T045441Z,c327223d76a3b7b0db8c6c104442f44b,2026-10-04T20:05:00Z,Minnesota Vikings,Miami Dolphins,betonlineag,player_rush_yds,Jaylen Wright,Over,27.5,-115,2026-10-04T04:54:39Z
20261004T045441Z,c327223d76a3b7b0db8c6c104442f44b,2026-10-04T20:05:00Z,Minnesota Vikings,Miami Dolphins,betonlineag,player_rush_yds,Jaylen Wright,Under,27.5,-112,2026-10-04T04:54:39Z
20261004T045441Z,c327223d76a3b7b0db8c6c104442f44b,2026-10-04T20:05:00Z,Minnesota Vikings,Miami Dolphins,betonlineag,player_rush_yds,Malik Willis,Over,31.5,-118,2026-10-04T04:54:39Z
20261004T045441Z,c327223d76a3b7b0db8c6c104442f44b,2026-10-04T20:05:00Z,Minnesota Vikings,Miami Dolphins,betonlineag,player_rush_yds,Malik Willis,Under,31.5,-110,2026-10-04T04:54:39Z
20261004T045441Z,c327223d76a3b7b0db8c6c104442f44b,2026-10-04T20:05:00Z,Minnesota Vikings,Miami Dolphins,betrivers,player_pass_yds,Kyler Murray,Over,200.5,-114,2026-10-04T04:53:58Z
20261004T045441Z,c327223d76a3b7b0db8c6c104442f44b,2026-10-04T20:05:00Z,Minnesota Vikings,Miami Dolphins,betrivers,player_pass_yds,Kyler Murray,Under,200.5,-117,2026-10-04T04:53:58Z
20261004T045441Z,c327223d76a3b7b0db8c6c104442f44b,2026-10-04T20:05:00Z,Minnesota Vikings,Miami Dolphins,betrivers,player_pass_yds,Malik Willis,Over,167.5,-114,2026-10-04T04:53:58Z
20261004T045441Z,c327223d76a3b7b0db8c6c104442f44b,2026-10-04T20:05:00Z,Minnesota Vikings,Miami Dolphins,betrivers,player_pass_yds,Malik Willis,Under,167.5,-117,2026-10-04T04:53:58Z
20261004T045441Z,c327223d76a3b7b0db8c6c104442f44b,2026-10-04T20:05:00Z,Minnesota Vikings,Miami Dolphins,betrivers,player_reception_yds,T.J. Hockenson,Over,37.5,-118,2026-10-04T04:53:58Z
20261004T045441Z,c327223d76a3b7b0db8c6c104442f44b,2026-10-04T20:05:00Z,Minnesota Vikings,Miami Dolphins,betrivers,player_reception_yds,T.J. Hockenson,Under,37.5,-113,2026-10-04T04:53:58Z
20261004T045441Z,c327223d76a3b7b0db8c6c104442f44b,2026-10-04T20:05:00Z,Minnesota Vikings,Miami Dolphins,betrivers,player_reception_yds,Jaylen Wright,Over,5.5,-120,2026-10-04T04:53:58Z
20261004T045441Z,c327223d76a3b7b0db8c6c104442f44b,2026-10-04T20:05:00Z,Minnesota Vikings,Miami Dolphins,betrivers,player_reception_yds,Jaylen Wright,Under,5.5,-112,2026-10-04T04:53:58Z
20261004T045441Z,c327223d76a3b7b0db8c6c104442f44b,2026-10-04T20:05:00Z,Minnesota Vikings,Miami Dolphins,betrivers,player_reception_yds,Aaron Jones,Over,18.5,-110,2026-10-04T04:53:58Z
20261004T045441Z,c327223d76a3b7b0db8c6c104442f44b,2026-10-04T20:05:00Z,Minnesota Vikings,Miami Dolphins,betrivers,player_reception_yds,Aaron Jones,Under,18.5,-120,2026-10-04T04:53:58Z
20261004T045441Z,c327223d76a3b7b0db8c6c104442f44b,2026-10-04T20:05:00Z,Minnesota Vikings,Miami Dolphins,betrivers,player_reception_yds,Jauan Jennings,Over,26.5,-114,2026-10-04T04:53:58Z
20261004T045441Z,c327223d76a3b7b0db8c6c104442f44b,2026-10-04T20:05:00Z,Minnesota Vikings,Miami Dolphins,betrivers,player_reception_yds,Jauan Jennings,Under,26.5,-117,2026-10-04T04:53:58Z
20261004T045441Z,c327223d76a3b7b0db8c6c104442f44b,2026-10-04T20:05:00Z,Minnesota Vikings,Miami Dolphins,betrivers,player_reception_yds,Malik Washington,Over,40.5,-114,2026-10-04T04:53:58Z
20261004T045441Z,c327223d76a3b7b0db8c6c104442f44b,2026-10-04T20:05:00Z,Minnesota Vikings,Miami Dolphins,betrivers,player_reception_yds,Malik Washington,Under,40.5,-117,2026-10-04T04:53:58Z
20261004T045441Z,c327223d76a3b7b0db8c6c104442f44b,2026-10-04T20:05:00Z,Minnesota Vikings,Miami Dolphins,betrivers,player_reception_yds,Chris Bell,Over,32.5,-118,2026-10-04T04:53:58Z
20261004T045441Z,c327223d76a3b7b0db8c6c104442f44b,2026-10-04T20:05:00Z,Minnesota Vikings,Miami Dolphins,betrivers,player_reception_yds,Chris Bell,Under,32.5,-113,2026-10-04T04:53:58Z
20261004T045441Z,c327223d76a3b7b0db8c6c104442f44b,2026-10-04T20:05:00Z,Minnesota Vikings,Miami Dolphins,betrivers,player_reception_yds,Greg Dulcich,Over,27.5,-117,2026-10-04T04:53:58Z
20261004T045441Z,c327223d76a3b7b0db8c6c104442f44b,2026-10-04T20:05:00Z,Minnesota Vikings,Miami Dolphins,betrivers,player_reception_yds,Greg Dulcich,Under,27.5,-114,2026-10-04T04:53:58Z
20261004T045441Z,c327223d76a3b7b0db8c6c104442f44b,2026-10-04T20:05:00Z,Minnesota Vikings,Miami Dolphins,betrivers,player_reception_yds,Jordan Addison,Over,63.5,-114,2026-10-04T04:53:58Z
20261004T045441Z,c327223d76a3b7b0db8c6c104442f44b,2026-10-04T20:05:00Z,Minnesota Vikings,Miami Dolphins,betrivers,player_reception_yds,Jordan Addison,Under,63.5,-117,2026-10-04T04:53:58Z
20261004T045441Z,c327223d76a3b7b0db8c6c104442f44b,2026-10-04T20:05:00Z,Minnesota Vikings,Miami Dolphins,betrivers,player_reception_yds,Tai Felton,Over,13.5,-121,2026-10-04T04:53:58Z
20261004T045441Z,c327223d76a3b7b0db8c6c104442f44b,2026-10-04T20:05:00Z,Minnesota Vikings,Miami Dolphins,betrivers,player_reception_yds,Tai Felton,Under,13.5,-110,2026-10-04T04:53:58Z
20261004T045441Z,c327223d76a3b7b0db8c6c104442f44b,2026-10-04T20:05:00Z,Minnesota Vikings,Miami Dolphins,betrivers,player_receptions,Greg Dulcich,Over,2.5,-175,2026-10-04T04:53:58Z
20261004T045441Z,c327223d76a3b7b0db8c6c104442f44b,2026-10-04T20:05:00Z,Minnesota Vikings,Miami Dolphins,betrivers,player_receptions,Chris Bell,Over,2.5,-106,2026-10-04T04:53:58Z
20261004T045441Z,c327223d76a3b7b0db8c6c104442f44b,2026-10-04T20:05:00Z,Minnesota Vikings,Miami Dolphins,betrivers,player_receptions,Aaron Jones,Over,3.5,125,2026-10-04T04:53:58Z
20261004T045441Z,c327223d76a3b7b0db8c6c104442f44b,2026-10-04T20:05:00Z,Minnesota Vikings,Miami Dolphins,betrivers,player_receptions,Tai Felton,Over,1.5,-108,2026-10-04T04:53:58Z
20261004T045441Z,c327223d76a3b7b0db8c6c104442f44b,2026-10-04T20:05:00Z,Minnesota Vikings,Miami Dolphins,betrivers,player_receptions,Jaylen Wright,Over,0.5,-245,2026-10-04T04:53:58Z
20261004T045441Z,c327223d76a3b7b0db8c6c104442f44b,2026-10-04T20:05:00Z,Minnesota Vikings,Miami Dolphins,betrivers,player_receptions,Jauan Jennings,Over,2.5,102,2026-10-04T04:53:58Z
20261004T045441Z,c327223d76a3b7b0db8c6c104442f44b,2026-10-04T20:05:00Z,Minnesota Vikings,Miami Dolphins,betrivers,player_receptions,Malik Washington,Over,4.5,123,2026-10-04T04:53:58Z
20261004T045441Z,c327223d76a3b7b0db8c6c104442f44b,2026-10-04T20:05:00Z,Minnesota Vikings,Miami Dolphins,betrivers,player_receptions,T.J. Hockenson,Over,4.5,100,2026-10-04T04:53:58Z
20261004T045441Z,c327223d76a3b7b0db8c6c104442f44b,2026-10-04T20:05:00Z,Minnesota Vikings,Miami Dolphins,betrivers,player_receptions,Jordan Addison,Over,4.5,-104,2026-10-04T04:53:58Z
20261004T045441Z,c327223d76a3b7b0db8c6c104442f44b,2026-10-04T20:05:00Z,Minnesota Vikings,Miami Dolphins,betrivers,player_rush_yds,Kyler Murray,Over,20.5,-110,2026-10-04T04:53:58Z
20261004T045441Z,c327223d76a3b7b0db8c6c104442f44b,2026-10-04T20:05:00Z,Minnesota Vikings,Miami Dolphins,betrivers,player_rush_yds,Kyler Murray,Under,20.5,-121,2026-10-04T04:53:58Z
20261004T045441Z,c327223d76a3b7b0db8c6c104442f44b,2026-10-04T20:05:00Z,Minnesota Vikings,Miami Dolphins,betrivers,player_rush_yds,Ollie Gordon II,Over,23.5,-118,2026-10-04T04:53:58Z
20261004T045441Z,c327223d76a3b7b0db8c6c104442f44b,2026-10-04T20:05:00Z,Minnesota Vikings,Miami Dolphins,betrivers,player_rush_yds,Ollie Gordon II,Under,23.5,-112,2026-10-04T04:53:58Z
20261004T045441Z,c327223d76a3b7b0db8c6c104442f44b,2026-10-04T20:05:00Z,Minnesota Vikings,Miami Dolphins,betrivers,player_rush_yds,Malik Willis,Over,28.5,-114,2026-10-04T04:53:58Z
20261004T045441Z,c327223d76a3b7b0db8c6c104442f44b,2026-10-04T20:05:00Z,Minnesota Vikings,Miami Dolphins,betrivers,player_rush_yds,Malik Willis,Under,28.5,-117,2026-10-04T04:53:58Z
20261004T045441Z,c327223d76a3b7b0db8c6c104442f44b,2026-10-04T20:05:00Z,Minnesota Vikings,Miami Dolphins,betrivers,player_rush_yds,Aaron Jones,Over,65.5,-113,2026-10-04T04:53:58Z
20261004T045441Z,c327223d76a3b7b0db8c6c104442f44b,2026-10-04T20:05:00Z,Minnesota Vikings,Miami Dolphins,betrivers,player_rush_yds,Aaron Jones,Under,65.5,-118,2026-10-04T04:53:58Z
20261004T045441Z,c327223d76a3b7b0db8c6c104442f44b,2026-10-04T20:05:00Z,Minnesota Vikings,Miami Dolphins,betrivers,player_rush_yds,Jaylen Wright,Over,28.5,-110,2026-10-04T04:53:58Z
20261004T045441Z,c327223d76a3b7b0db8c6c104442f44b,2026-10-04T20:05:00Z,Minnesota Vikings,Miami Dolphins,betrivers,player_rush_yds,Jaylen Wright,Under,28.5,-121,2026-10-04T04:53:58Z
20261004T045441Z,c327223d76a3b7b0db8c6c104442f44b,2026-10-04T20:05:00Z,Minnesota Vikings,Miami Dolphins,betmgm,player_pass_yds,Kyler Murray,Over,204.5,-115,2026-10-04T04:54:35Z
20261004T045441Z,c327223d76a3b7b0db8c6c104442f44b,2026-10-04T20:05:00Z,Minnesota Vikings,Miami Dolphins,betmgm,player_pass_yds,Kyler Murray,Under,204.5,-115,2026-10-04T04:54:35Z
20261004T045441Z,c327223d76a3b7b0db8c6c104442f44b,2026-10-04T20:05:00Z,Minnesota Vikings,Miami Dolphins,betmgm,player_pass_yds,Malik Willis,Over,167.5,-115,2026-10-04T04:54:35Z
20261004T045441Z,c327223d76a3b7b0db8c6c104442f44b,2026-10-04T20:05:00Z,Minnesota Vikings,Miami Dolphins,betmgm,player_pass_yds,Malik Willis,Under,167.5,-115,2026-10-04T04:54:35Z
20261004T045441Z,c327223d76a3b7b0db8c6c104442f44b,2026-10-04T20:05:00Z,Minnesota Vikings,Miami Dolphins,betmgm,player_reception_yds,T.J. Hockenson,Over,37.5,-115,2026-10-04T04:54:35Z
20261004T045441Z,c327223d76a3b7b0db8c6c104442f44b,2026-10-04T20:05:00Z,Minnesota Vikings,Miami Dolphins,betmgm,player_reception_yds,T.J. Hockenson,Under,37.5,-115,2026-10-04T04:54:35Z
20261004T045441Z,c327223d76a3b7b0db8c6c104442f44b,2026-10-04T20:05:00Z,Minnesota Vikings,Miami Dolphins,betmgm,player_reception_yds,Jordan Addison,Over,62.5,-115,2026-10-04T04:54:35Z
20261004T045441Z,c327223d76a3b7b0db8c6c104442f44b,2026-10-04T20:05:00Z,Minnesota Vikings,Miami Dolphins,betmgm,player_reception_yds,Jordan Addison,Under,62.5,-115,2026-10-04T04:54:35Z
20261004T045441Z,c327223d76a3b7b0db8c6c104442f44b,2026-10-04T20:05:00Z,Minnesota Vikings,Miami Dolphins,betmgm,player_reception_yds,Aaron Jones,Over,21.5,-115,2026-10-04T04:54:35Z
20261004T045441Z,c327223d76a3b7b0db8c6c104442f44b,2026-10-04T20:05:00Z,Minnesota Vikings,Miami Dolphins,betmgm,player_reception_yds,Aaron Jones,Under,21.5,-115,2026-10-04T04:54:35Z
20261004T045441Z,c327223d76a3b7b0db8c6c104442f44b,2026-10-04T20:05:00Z,Minnesota Vikings,Miami Dolphins,betmgm,player_reception_yds,Jaylen Wright,Over,6.5,-115,2026-10-04T04:54:35Z
20261004T045441Z,c327223d76a3b7b0db8c6c104442f44b,2026-10-04T20:05:00Z,Minnesota Vikings,Miami Dolphins,betmgm,player_reception_yds,Jaylen Wright,Under,6.5,-115,2026-10-04T04:54:35Z
20261004T045441Z,c327223d76a3b7b0db8c6c104442f44b,2026-10-04T20:05:00Z,Minnesota Vikings,Miami Dolphins,betmgm,player_reception_yds,Ollie Gordon II,Over,5.5,-115,2026-10-04T04:54:35Z
20261004T045441Z,c327223d76a3b7b0db8c6c104442f44b,2026-10-04T20:05:00Z,Minnesota Vikings,Miami Dolphins,betmgm,player_reception_yds,Ollie Gordon II,Under,5.5,-115,2026-10-04T04:54:35Z
20261004T045441Z,c327223d76a3b7b0db8c6c104442f44b,2026-10-04T20:05:00Z,Minnesota Vikings,Miami Dolphins,betmgm,player_reception_yds,Malik Washington,Over,39.5,-115,2026-10-04T04:54:35Z
20261004T045441Z,c327223d76a3b7b0db8c6c104442f44b,2026-10-04T20:05:00Z,Minnesota Vikings,Miami Dolphins,betmgm,player_reception_yds,Malik Washington,Under,39.5,-115,2026-10-04T04:54:35Z
20261004T045441Z,c327223d76a3b7b0db8c6c104442f44b,2026-10-04T20:05:00Z,Minnesota Vikings,Miami Dolphins,betmgm,player_reception_yds,Kevin Coleman Jr.,Over,14.5,-115,2026-10-04T04:54:35Z
20261004T045441Z,c327223d76a3b7b0db8c6c104442f44b,2026-10-04T20:05:00Z,Minnesota Vikings,Miami Dolphins,betmgm,player_reception_yds,Kevin Coleman Jr.,Under,14.5,-115,2026-10-04T04:54:35Z
20261004T045441Z,c327223d76a3b7b0db8c6c104442f44b,2026-10-04T20:05:00Z,Minnesota Vikings,Miami Dolphins,betmgm,player_reception_yds,Chris Bell,Over,33.5,-120,2026-10-04T04:54:35Z
20261004T045441Z,c327223d76a3b7b0db8c6c104442f44b,2026-10-04T20:05:00Z,Minnesota Vikings,Miami Dolphins,betmgm,player_reception_yds,Chris Bell,Under,33.5,-111,2026-10-04T04:54:35Z
20261004T045441Z,c327223d76a3b7b0db8c6c104442f44b,2026-10-04T20:05:00Z,Minnesota Vikings,Miami Dolphins,betmgm,player_reception_yds,Tai Felton,Over,14.5,-115,2026-10-04T04:54:35Z
20261004T045441Z,c327223d76a3b7b0db8c6c104442f44b,2026-10-04T20:05:00Z,Minnesota Vikings,Miami Dolphins,betmgm,player_reception_yds,Tai Felton,Under,14.5,-115,2026-10-04T04:54:35Z
20261004T045441Z,c327223d76a3b7b0db8c6c104442f44b,2026-10-04T20:05:00Z,Minnesota Vikings,Miami Dolphins,betmgm,player_reception_yds,Greg Dulcich,Over,26.5,-145,2026-10-04T04:54:35Z
20261004T045441Z,c327223d76a3b7b0db8c6c104442f44b,2026-10-04T20:05:00Z,Minnesota Vikings,Miami Dolphins,betmgm,player_reception_yds,Greg Dulcich,Under,26.5,105,2026-10-04T04:54:35Z
20261004T045441Z,c327223d76a3b7b0db8c6c104442f44b,2026-10-04T20:05:00Z,Minnesota Vikings,Miami Dolphins,betmgm,player_reception_yds,Jauan Jennings,Over,28.5,-115,2026-10-04T04:54:35Z
20261004T045441Z,c327223d76a3b7b0db8c6c104442f44b,2026-10-04T20:05:00Z,Minnesota Vikings,Miami Dolphins,betmgm,player_reception_yds,Jauan Jennings,Under,28.5,-115,2026-10-04T04:54:35Z
20261004T045441Z,c327223d76a3b7b0db8c6c104442f44b,2026-10-04T20:05:00Z,Minnesota Vikings,Miami Dolphins,betmgm,player_receptions,Aaron Jones,Over,3.5,110,2026-10-04T04:54:35Z
20261004T045441Z,c327223d76a3b7b0db8c6c104442f44b,2026-10-04T20:05:00Z,Minnesota Vikings,Miami Dolphins,betmgm,player_receptions,Aaron Jones,Under,3.5,-150,2026-10-04T04:54:35Z
20261004T045441Z,c327223d76a3b7b0db8c6c104442f44b,2026-10-04T20:05:00Z,Minnesota Vikings,Miami Dolphins,betmgm,player_receptions,Tai Felton,Over,1.5,-135,2026-10-04T04:54:35Z
20261004T045441Z,c327223d76a3b7b0db8c6c104442f44b,2026-10-04T20:05:00Z,Minnesota Vikings,Miami Dolphins,betmgm,player_receptions,Tai Felton,Under,1.5,100,2026-10-04T04:54:35Z
20261004T045441Z,c327223d76a3b7b0db8c6c104442f44b,2026-10-04T20:05:00Z,Minnesota Vikings,Miami Dolphins,betmgm,player_receptions,T.J. Hockenson,Over,4.5,105,2026-10-04T04:54:35Z
20261004T045441Z,c327223d76a3b7b0db8c6c104442f44b,2026-10-04T20:05:00Z,Minnesota Vikings,Miami Dolphins,betmgm,player_receptions,T.J. Hockenson,Under,4.5,-140,2026-10-04T04:54:35Z
20261004T045441Z,c327223d76a3b7b0db8c6c104442f44b,2026-10-04T20:05:00Z,Minnesota Vikings,Miami Dolphins,betmgm,player_receptions,Jordan Addison,Over,4.5,-115,2026-10-04T04:54:35Z
20261004T045441Z,c327223d76a3b7b0db8c6c104442f44b,2026-10-04T20:05:00Z,Minnesota Vikings,Miami Dolphins,betmgm,player_receptions,Jordan Addison,Under,4.5,-115,2026-10-04T04:54:35Z
20261004T045441Z,c327223d76a3b7b0db8c6c104442f44b,2026-10-04T20:05:00Z,Minnesota Vikings,Miami Dolphins,betmgm,player_receptions,Jaylen Wright,Over,1.5,155,2026-10-04T04:54:35Z
20261004T045441Z,c327223d76a3b7b0db8c6c104442f44b,2026-10-04T20:05:00Z,Minnesota Vikings,Miami Dolphins,betmgm,player_receptions,Jaylen Wright,Under,1.5,-210,2026-10-04T04:54:35Z
20261004T045441Z,c327223d76a3b7b0db8c6c104442f44b,2026-10-04T20:05:00Z,Minnesota Vikings,Miami Dolphins,betmgm,player_receptions,Ollie Gordon II,Over,1.5,175,2026-10-04T04:54:35Z
20261004T045441Z,c327223d76a3b7b0db8c6c104442f44b,2026-10-04T20:05:00Z,Minnesota Vikings,Miami Dolphins,betmgm,player_receptions,Ollie Gordon II,Under,1.5,-235,2026-10-04T04:54:35Z
20261004T045441Z,c327223d76a3b7b0db8c6c104442f44b,2026-10-04T20:05:00Z,Minnesota Vikings,Miami Dolphins,betmgm,player_receptions,Greg Dulcich,Over,2.5,-160,2026-10-04T04:54:35Z
20261004T045441Z,c327223d76a3b7b0db8c6c104442f44b,2026-10-04T20:05:00Z,Minnesota Vikings,Miami Dolphins,betmgm,player_receptions,Greg Dulcich,Under,2.5,120,2026-10-04T04:54:35Z
20261004T045441Z,c327223d76a3b7b0db8c6c104442f44b,2026-10-04T20:05:00Z,Minnesota Vikings,Miami Dolphins,betmgm,player_receptions,Malik Washington,Over,3.5,-185,2026-10-04T04:54:35Z
20261004T045441Z,c327223d76a3b7b0db8c6c104442f44b,2026-10-04T20:05:00Z,Minnesota Vikings,Miami Dolphins,betmgm,player_receptions,Malik Washington,Under,3.5,135,2026-10-04T04:54:35Z
20261004T045441Z,c327223d76a3b7b0db8c6c104442f44b,2026-10-04T20:05:00Z,Minnesota Vikings,Miami Dolphins,betmgm,player_receptions,Jauan Jennings,Over,2.5,-120,2026-10-04T04:54:35Z
20261004T045441Z,c327223d76a3b7b0db8c6c104442f44b,2026-10-04T20:05:00Z,Minnesota Vikings,Miami Dolphins,betmgm,player_receptions,Jauan Jennings,Under,2.5,-110,2026-10-04T04:54:35Z
20261004T045441Z,c327223d76a3b7b0db8c6c104442f44b,2026-10-04T20:05:00Z,Minnesota Vikings,Miami Dolphins,betmgm,player_receptions,Chris Bell,Over,2.5,-120,2026-10-04T04:54:35Z
20261004T045441Z,c327223d76a3b7b0db8c6c104442f44b,2026-10-04T20:05:00Z,Minnesota Vikings,Miami Dolphins,betmgm,player_receptions,Chris Bell,Under,2.5,-110,2026-10-04T04:54:35Z
20261004T045441Z,c327223d76a3b7b0db8c6c104442f44b,2026-10-04T20:05:00Z,Minnesota Vikings,Miami Dolphins,betmgm,player_rush_yds,Aaron Jones,Over,66.5,-115,2026-10-04T04:54:35Z
20261004T045441Z,c327223d76a3b7b0db8c6c104442f44b,2026-10-04T20:05:00Z,Minnesota Vikings,Miami Dolphins,betmgm,player_rush_yds,Aaron Jones,Under,66.5,-115,2026-10-04T04:54:35Z
20261004T045441Z,c327223d76a3b7b0db8c6c104442f44b,2026-10-04T20:05:00Z,Minnesota Vikings,Miami Dolphins,betmgm,player_rush_yds,Malik Willis,Over,30.5,-115,2026-10-04T04:54:35Z
20261004T045441Z,c327223d76a3b7b0db8c6c104442f44b,2026-10-04T20:05:00Z,Minnesota Vikings,Miami Dolphins,betmgm,player_rush_yds,Malik Willis,Under,30.5,-115,2026-10-04T04:54:35Z
20261004T045441Z,c327223d76a3b7b0db8c6c104442f44b,2026-10-04T20:05:00Z,Minnesota Vikings,Miami Dolphins,betmgm,player_rush_yds,Ollie Gordon II,Over,24.5,-115,2026-10-04T04:54:35Z
20261004T045441Z,c327223d76a3b7b0db8c6c104442f44b,2026-10-04T20:05:00Z,Minnesota Vikings,Miami Dolphins,betmgm,player_rush_yds,Ollie Gordon II,Under,24.5,-115,2026-10-04T04:54:35Z
20261004T045441Z,c327223d76a3b7b0db8c6c104442f44b,2026-10-04T20:05:00Z,Minnesota Vikings,Miami Dolphins,betmgm,player_rush_yds,Jaylen Wright,Over,28.5,-115,2026-10-04T04:54:35Z
20261004T045441Z,c327223d76a3b7b0db8c6c104442f44b,2026-10-04T20:05:00Z,Minnesota Vikings,Miami Dolphins,betmgm,player_rush_yds,Jaylen Wright,Under,28.5,-115,2026-10-04T04:54:35Z
20261004T045441Z,c327223d76a3b7b0db8c6c104442f44b,2026-10-04T20:05:00Z,Minnesota Vikings,Miami Dolphins,bovada,player_pass_yds,Kyler Murray,Over,203.5,-115,2026-10-04T04:53:16Z
20261004T045441Z,c327223d76a3b7b0db8c6c104442f44b,2026-10-04T20:05:00Z,Minnesota Vikings,Miami Dolphins,bovada,player_pass_yds,Kyler Murray,Under,203.5,-115,2026-10-04T04:53:16Z
20261004T045441Z,c327223d76a3b7b0db8c6c104442f44b,2026-10-04T20:05:00Z,Minnesota Vikings,Miami Dolphins,bovada,player_pass_yds,Malik Willis,Over,171.5,-115,2026-10-04T04:53:16Z
20261004T045441Z,c327223d76a3b7b0db8c6c104442f44b,2026-10-04T20:05:00Z,Minnesota Vikings,Miami Dolphins,bovada,player_pass_yds,Malik Willis,Under,171.5,-115,2026-10-04T04:53:16Z
20261004T045441Z,c327223d76a3b7b0db8c6c104442f44b,2026-10-04T20:05:00Z,Minnesota Vikings,Miami Dolphins,bovada,player_reception_yds,Aaron Jones,Over,19.5,-115,2026-10-04T04:53:16Z
20261004T045441Z,c327223d76a3b7b0db8c6c104442f44b,2026-10-04T20:05:00Z,Minnesota Vikings,Miami Dolphins,bovada,player_reception_yds,Aaron Jones,Under,19.5,-115,2026-10-04T04:53:16Z
20261004T045441Z,c327223d76a3b7b0db8c6c104442f44b,2026-10-04T20:05:00Z,Minnesota Vikings,Miami Dolphins,bovada,player_reception_yds,Chris Bell,Over,34.5,-115,2026-10-04T04:53:16Z
20261004T045441Z,c327223d76a3b7b0db8c6c104442f44b,2026-10-04T20:05:00Z,Minnesota Vikings,Miami Dolphins,bovada,player_reception_yds,Chris Bell,Under,34.5,-115,2026-10-04T04:53:16Z
20261004T045441Z,c327223d76a3b7b0db8c6c104442f44b,2026-10-04T20:05:00Z,Minnesota Vikings,Miami Dolphins,bovada,player_reception_yds,Greg Dulcich,Over,30.5,-120,2026-10-04T04:53:16Z
20261004T045441Z,c327223d76a3b7b0db8c6c104442f44b,2026-10-04T20:05:00Z,Minnesota Vikings,Miami Dolphins,bovada,player_reception_yds,Greg Dulcich,Under,30.5,-110,2026-10-04T04:53:16Z
20261004T045441Z,c327223d76a3b7b0db8c6c104442f44b,2026-10-04T20:05:00Z,Minnesota Vikings,Miami Dolphins,bovada,player_reception_yds,Jauan Jennings,Over,27.5,-115,2026-10-04T04:53:16Z
20261004T045441Z,c327223d76a3b7b0db8c6c104442f44b,2026-10-04T20:05:00Z,Minnesota Vikings,Miami Dolphins,bovada,player_reception_yds,Jauan Jennings,Under,27.5,-115,2026-10-04T04:53:16Z
20261004T045441Z,c327223d76a3b7b0db8c6c104442f44b,2026-10-04T20:05:00Z,Minnesota Vikings,Miami Dolphins,bovada,player_reception_yds,Jaylen Wright,Over,5.5,-125,2026-10-04T04:53:16Z
20261004T045441Z,c327223d76a3b7b0db8c6c104442f44b,2026-10-04T20:05:00Z,Minnesota Vikings,Miami Dolphins,bovada,player_reception_yds,Jaylen Wright,Under,5.5,-105,2026-10-04T04:53:16Z
20261004T045441Z,c327223d76a3b7b0db8c6c104442f44b,2026-10-04T20:05:00Z,Minnesota Vikings,Miami Dolphins,bovada,player_reception_yds,Jordan Addison,Over,62.5,-115,2026-10-04T04:53:16Z
20261004T045441Z,c327223d76a3b7b0db8c6c104442f44b,2026-10-04T20:05:00Z,Minnesota Vikings,Miami Dolphins,bovada,player_reception_yds,Jordan Addison,Under,62.5,-115,2026-10-04T04:53:16Z
20261004T045441Z,c327223d76a3b7b0db8c6c104442f44b,2026-10-04T20:05:00Z,Minnesota Vikings,Miami Dolphins,bovada,player_reception_yds,Kevin Coleman Jr.,Over,15.5,-115,2026-10-04T04:53:16Z
20261004T045441Z,c327223d76a3b7b0db8c6c104442f44b,2026-10-04T20:05:00Z,Minnesota Vikings,Miami Dolphins,bovada,player_reception_yds,Kevin Coleman Jr.,Under,15.5,-115,2026-10-04T04:53:16Z
20261004T045441Z,c327223d76a3b7b0db8c6c104442f44b,2026-10-04T20:05:00Z,Minnesota Vikings,Miami Dolphins,bovada,player_reception_yds,Malik Washington,Over,40.5,-115,2026-10-04T04:53:16Z
20261004T045441Z,c327223d76a3b7b0db8c6c104442f44b,2026-10-04T20:05:00Z,Minnesota Vikings,Miami Dolphins,bovada,player_reception_yds,Malik Washington,Under,40.5,-115,2026-10-04T04:53:16Z
20261004T045441Z,c327223d76a3b7b0db8c6c104442f44b,2026-10-04T20:05:00Z,Minnesota Vikings,Miami Dolphins,bovada,player_reception_yds,Ollie Gordon II,Over,6.5,-110,2026-10-04T04:53:16Z
20261004T045441Z,c327223d76a3b7b0db8c6c104442f44b,2026-10-04T20:05:00Z,Minnesota Vikings,Miami Dolphins,bovada,player_reception_yds,Ollie Gordon II,Under,6.5,-120,2026-10-04T04:53:16Z
20261004T045441Z,c327223d76a3b7b0db8c6c104442f44b,2026-10-04T20:05:00Z,Minnesota Vikings,Miami Dolphins,bovada,player_reception_yds,Ryan Miller,Over,4.5,-115,2026-10-04T04:53:16Z
20261004T045441Z,c327223d76a3b7b0db8c6c104442f44b,2026-10-04T20:05:00Z,Minnesota Vikings,Miami Dolphins,bovada,player_reception_yds,Ryan Miller,Under,4.5,-115,2026-10-04T04:53:16Z
20261004T045441Z,c327223d76a3b7b0db8c6c104442f44b,2026-10-04T20:05:00Z,Minnesota Vikings,Miami Dolphins,bovada,player_reception_yds,T.J. Hockenson,Over,38.5,-115,2026-10-04T04:53:16Z
20261004T045441Z,c327223d76a3b7b0db8c6c104442f44b,2026-10-04T20:05:00Z,Minnesota Vikings,Miami Dolphins,bovada,player_reception_yds,T.J. Hockenson,Under,38.5,-115,2026-10-04T04:53:16Z
20261004T045441Z,c327223d76a3b7b0db8c6c104442f44b,2026-10-04T20:05:00Z,Minnesota Vikings,Miami Dolphins,bovada,player_reception_yds,Tai Felton,Over,15.5,-120,2026-10-04T04:53:16Z
20261004T045441Z,c327223d76a3b7b0db8c6c104442f44b,2026-10-04T20:05:00Z,Minnesota Vikings,Miami Dolphins,bovada,player_reception_yds,Tai Felton,Under,15.5,-110,2026-10-04T04:53:16Z
20261004T045441Z,c327223d76a3b7b0db8c6c104442f44b,2026-10-04T20:05:00Z,Minnesota Vikings,Miami Dolphins,bovada,player_receptions,Aaron Jones,Over,3.5,125,2026-10-04T04:53:16Z
20261004T045441Z,c327223d76a3b7b0db8c6c104442f44b,2026-10-04T20:05:00Z,Minnesota Vikings,Miami Dolphins,bovada,player_receptions,Aaron Jones,Under,3.5,-165,2026-10-04T04:53:16Z
20261004T045441Z,c327223d76a3b7b0db8c6c104442f44b,2026-10-04T20:05:00Z,Minnesota Vikings,Miami Dolphins,bovada,player_receptions,Chris Bell,Over,2.5,-120,2026-10-04T04:53:16Z
20261004T045441Z,c327223d76a3b7b0db8c6c104442f44b,2026-10-04T20:05:00Z,Minnesota Vikings,Miami Dolphins,bovada,player_receptions,Chris Bell,Under,2.5,-110,2026-10-04T04:53:16Z
20261004T045441Z,c327223d76a3b7b0db8c6c104442f44b,2026-10-04T20:05:00Z,Minnesota Vikings,Miami Dolphins,bovada,player_receptions,Greg Dulcich,Over,2.5,-170,2026-10-04T04:53:16Z
20261004T045441Z,c327223d76a3b7b0db8c6c104442f44b,2026-10-04T20:05:00Z,Minnesota Vikings,Miami Dolphins,bovada,player_receptions,Greg Dulcich,Under,2.5,130,2026-10-04T04:53:16Z
20261004T045441Z,c327223d76a3b7b0db8c6c104442f44b,2026-10-04T20:05:00Z,Minnesota Vikings,Miami Dolphins,bovada,player_receptions,Jauan Jennings,Over,2.5,110,2026-10-04T04:53:16Z
20261004T045441Z,c327223d76a3b7b0db8c6c104442f44b,2026-10-04T20:05:00Z,Minnesota Vikings,Miami Dolphins,bovada,player_receptions,Jauan Jennings,Under,2.5,-145,2026-10-04T04:53:16Z
20261004T045441Z,c327223d76a3b7b0db8c6c104442f44b,2026-10-04T20:05:00Z,Minnesota Vikings,Miami Dolphins,bovada,player_receptions,Jaylen Wright,Over,0.5,-250,2026-10-04T04:53:16Z
20261004T045441Z,c327223d76a3b7b0db8c6c104442f44b,2026-10-04T20:05:00Z,Minnesota Vikings,Miami Dolphins,bovada,player_receptions,Jaylen Wright,Under,0.5,185,2026-10-04T04:53:16Z
20261004T045441Z,c327223d76a3b7b0db8c6c104442f44b,2026-10-04T20:05:00Z,Minnesota Vikings,Miami Dolphins,bovada,player_receptions,Jordan Addison,Over,4.5,105,2026-10-04T04:53:16Z
20261004T045441Z,c327223d76a3b7b0db8c6c104442f44b,2026-10-04T20:05:00Z,Minnesota Vikings,Miami Dolphins,bovada,player_receptions,Jordan Addison,Under,4.5,-135,2026-10-04T04:53:16Z
20261004T045441Z,c327223d76a3b7b0db8c6c104442f44b,2026-10-04T20:05:00Z,Minnesota Vikings,Miami Dolphins,bovada,player_receptions,Kevin Coleman Jr.,Over,1.5,-125,2026-10-04T04:53:16Z
20261004T045441Z,c327223d76a3b7b0db8c6c104442f44b,2026-10-04T20:05:00Z,Minnesota Vikings,Miami Dolphins,bovada,player_receptions,Kevin Coleman Jr.,Under,1.5,-105,2026-10-04T04:53:16Z
20261004T045441Z,c327223d76a3b7b0db8c6c104442f44b,2026-10-04T20:05:00Z,Minnesota Vikings,Miami Dolphins,bovada,player_receptions,Malik Washington,Over,4.5,100,2026-10-04T04:53:16Z
20261004T045441Z,c327223d76a3b7b0db8c6c104442f44b,2026-10-04T20:05:00Z,Minnesota Vikings,Miami Dolphins,bovada,player_receptions,Malik Washington,Under,4.5,-130,2026-10-04T04:53:16Z
20261004T045441Z,c327223d76a3b7b0db8c6c104442f44b,2026-10-04T20:05:00Z,Minnesota Vikings,Miami Dolphins,bovada,player_receptions,Ollie Gordon II,Over,1.5,140,2026-10-04T04:53:16Z
20261004T045441Z,c327223d76a3b7b0db8c6c104442f44b,2026-10-04T20:05:00Z,Minnesota Vikings,Miami Dolphins,bovada,player_receptions,Ollie Gordon II,Under,1.5,-185,2026-10-04T04:53:16Z
20261004T045441Z,c327223d76a3b7b0db8c6c104442f44b,2026-10-04T20:05:00Z,Minnesota Vikings,Miami Dolphins,bovada,player_receptions,Ryan Miller,Over,0.5,-145,2026-10-04T04:53:16Z
20261004T045441Z,c327223d76a3b7b0db8c6c104442f44b,2026-10-04T20:05:00Z,Minnesota Vikings,Miami Dolphins,bovada,player_receptions,Ryan Miller,Under,0.5,110,2026-10-04T04:53:16Z
20261004T045441Z,c327223d76a3b7b0db8c6c104442f44b,2026-10-04T20:05:00Z,Minnesota Vikings,Miami Dolphins,bovada,player_receptions,T.J. Hockenson,Over,4.5,105,2026-10-04T04:53:16Z
20261004T045441Z,c327223d76a3b7b0db8c6c104442f44b,2026-10-04T20:05:00Z,Minnesota Vikings,Miami Dolphins,bovada,player_receptions,T.J. Hockenson,Under,4.5,-135,2026-10-04T04:53:16Z
20261004T045441Z,c327223d76a3b7b0db8c6c104442f44b,2026-10-04T20:05:00Z,Minnesota Vikings,Miami Dolphins,bovada,player_receptions,Tai Felton,Over,1.5,-125,2026-10-04T04:53:16Z
20261004T045441Z,c327223d76a3b7b0db8c6c104442f44b,2026-10-04T20:05:00Z,Minnesota Vikings,Miami Dolphins,bovada,player_receptions,Tai Felton,Under,1.5,-105,2026-10-04T04:53:16Z
20261004T045441Z,c327223d76a3b7b0db8c6c104442f44b,2026-10-04T20:05:00Z,Minnesota Vikings,Miami Dolphins,bovada,player_rush_yds,Aaron Jones,Over,66.5,-115,2026-10-04T04:53:16Z
20261004T045441Z,c327223d76a3b7b0db8c6c104442f44b,2026-10-04T20:05:00Z,Minnesota Vikings,Miami Dolphins,bovada,player_rush_yds,Aaron Jones,Under,66.5,-115,2026-10-04T04:53:16Z
20261004T045441Z,c327223d76a3b7b0db8c6c104442f44b,2026-10-04T20:05:00Z,Minnesota Vikings,Miami Dolphins,bovada,player_rush_yds,Jaylen Wright,Over,29.5,-115,2026-10-04T04:53:16Z
20261004T045441Z,c327223d76a3b7b0db8c6c104442f44b,2026-10-04T20:05:00Z,Minnesota Vikings,Miami Dolphins,bovada,player_rush_yds,Jaylen Wright,Under,29.5,-115,2026-10-04T04:53:16Z
20261004T045441Z,c327223d76a3b7b0db8c6c104442f44b,2026-10-04T20:05:00Z,Minnesota Vikings,Miami Dolphins,bovada,player_rush_yds,Kyler Murray,Over,22.5,-115,2026-10-04T04:53:16Z
20261004T045441Z,c327223d76a3b7b0db8c6c104442f44b,2026-10-04T20:05:00Z,Minnesota Vikings,Miami Dolphins,bovada,player_rush_yds,Kyler Murray,Under,22.5,-115,2026-10-04T04:53:16Z
20261004T045441Z,c327223d76a3b7b0db8c6c104442f44b,2026-10-04T20:05:00Z,Minnesota Vikings,Miami Dolphins,bovada,player_rush_yds,Malik Washington,Over,4.5,-125,2026-10-04T04:53:16Z
20261004T045441Z,c327223d76a3b7b0db8c6c104442f44b,2026-10-04T20:05:00Z,Minnesota Vikings,Miami Dolphins,bovada,player_rush_yds,Malik Washington,Under,4.5,-105,2026-10-04T04:53:16Z
20261004T045441Z,c327223d76a3b7b0db8c6c104442f44b,2026-10-04T20:05:00Z,Minnesota Vikings,Miami Dolphins,bovada,player_rush_yds,Malik Willis,Over,31.5,-115,2026-10-04T04:53:16Z
20261004T045441Z,c327223d76a3b7b0db8c6c104442f44b,2026-10-04T20:05:00Z,Minnesota Vikings,Miami Dolphins,bovada,player_rush_yds,Malik Willis,Under,31.5,-115,2026-10-04T04:53:16Z
20261004T045441Z,c327223d76a3b7b0db8c6c104442f44b,2026-10-04T20:05:00Z,Minnesota Vikings,Miami Dolphins,bovada,player_rush_yds,Ollie Gordon II,Over,24.5,-120,2026-10-04T04:53:16Z
20261004T045441Z,c327223d76a3b7b0db8c6c104442f44b,2026-10-04T20:05:00Z,Minnesota Vikings,Miami Dolphins,bovada,player_rush_yds,Ollie Gordon II,Under,24.5,-110,2026-10-04T04:53:16Z
20261004T045441Z,a7e7efb75a9792ac63480ae6328dca18,2026-10-04T20:25:00Z,San Francisco 49ers,Denver Broncos,draftkings,player_pass_yds,Brock Purdy,Over,234.5,-113,2026-10-04T04:54:02Z
20261004T045441Z,a7e7efb75a9792ac63480ae6328dca18,2026-10-04T20:25:00Z,San Francisco 49ers,Denver Broncos,draftkings,player_pass_yds,Brock Purdy,Under,234.5,-111,2026-10-04T04:54:02Z
20261004T045441Z,a7e7efb75a9792ac63480ae6328dca18,2026-10-04T20:25:00Z,San Francisco 49ers,Denver Broncos,draftkings,player_pass_yds,Bo Nix,Over,222.5,-111,2026-10-04T04:54:02Z
20261004T045441Z,a7e7efb75a9792ac63480ae6328dca18,2026-10-04T20:25:00Z,San Francisco 49ers,Denver Broncos,draftkings,player_pass_yds,Bo Nix,Under,222.5,-113,2026-10-04T04:54:02Z
20261004T045441Z,a7e7efb75a9792ac63480ae6328dca18,2026-10-04T20:25:00Z,San Francisco 49ers,Denver Broncos,draftkings,player_reception_yds,George Kittle,Over,64.5,-110,2026-10-04T04:54:02Z
20261004T045441Z,a7e7efb75a9792ac63480ae6328dca18,2026-10-04T20:25:00Z,San Francisco 49ers,Denver Broncos,draftkings,player_reception_yds,George Kittle,Under,64.5,-114,2026-10-04T04:54:02Z
20261004T045441Z,a7e7efb75a9792ac63480ae6328dca18,2026-10-04T20:25:00Z,San Francisco 49ers,Denver Broncos,draftkings,player_reception_yds,Jaylen Waddle,Over,57.5,-110,2026-10-04T04:54:02Z
20261004T045441Z,a7e7efb75a9792ac63480ae6328dca18,2026-10-04T20:25:00Z,San Francisco 49ers,Denver Broncos,draftkings,player_reception_yds,Jaylen Waddle,Under,57.5,-114,2026-10-04T04:54:02Z
20261004T045441Z,a7e7efb75a9792ac63480ae6328dca18,2026-10-04T20:25:00Z,San Francisco 49ers,Denver Broncos,draftkings,player_reception_yds,Christian McCaffrey,Over,42.5,-110,2026-10-04T04:54:02Z
20261004T045441Z,a7e7efb75a9792ac63480ae6328dca18,2026-10-04T20:25:00Z,San Francisco 49ers,Denver Broncos,draftkings,player_reception_yds,Christian McCaffrey,Under,42.5,-114,2026-10-04T04:54:02Z
20261004T045441Z,a7e7efb75a9792ac63480ae6328dca18,2026-10-04T20:25:00Z,San Francisco 49ers,Denver Broncos,draftkings,player_reception_yds,Courtland Sutton,Over,39.5,-111,2026-10-04T04:54:02Z
20261004T045441Z,a7e7efb75a9792ac63480ae6328dca18,2026-10-04T20:25:00Z,San Francisco 49ers,Denver Broncos,draftkings,player_reception_yds,Courtland Sutton,Under,39.5,-113,2026-10-04T04:54:02Z
20261004T045441Z,a7e7efb75a9792ac63480ae6328dca18,2026-10-04T20:25:00Z,San Francisco 49ers,Denver Broncos,draftkings,player_reception_yds,Pat Bryant,Over,22.5,-109,2026-10-04T04:54:02Z
20261004T045441Z,a7e7efb75a9792ac63480ae6328dca18,2026-10-04T20:25:00Z,San Francisco 49ers,Denver Broncos,draftkings,player_reception_yds,Pat Bryant,Under,22.5,-116,2026-10-04T04:54:02Z
20261004T045441Z,a7e7efb75a9792ac63480ae6328dca18,2026-10-04T20:25:00Z,San Francisco 49ers,Denver Broncos,draftkings,player_reception_yds,RJ Harvey,Over,21.5,-115,2026-10-04T04:54:02Z
20261004T045441Z,a7e7efb75a9792ac63480ae6328dca18,2026-10-04T20:25:00Z,San Francisco 49ers,Denver Broncos,draftkings,player_reception_yds,RJ Harvey,Under,21.5,-109,2026-10-04T04:54:02Z
20261004T045441Z,a7e7efb75a9792ac63480ae6328dca18,2026-10-04T20:25:00Z,San Francisco 49ers,Denver Broncos,draftkings,player_reception_yds,Evan Engram,Over,17.5,-108,2026-10-04T04:54:02Z
20261004T045441Z,a7e7efb75a9792ac63480ae6328dca18,2026-10-04T20:25:00Z,San Francisco 49ers,Denver Broncos,draftkings,player_reception_yds,Evan Engram,Under,17.5,-116,2026-10-04T04:54:02Z
20261004T045441Z,a7e7efb75a9792ac63480ae6328dca18,2026-10-04T20:25:00Z,San Francisco 49ers,Denver Broncos,draftkings,player_reception_yds,Kyle Juszczyk,Over,8.5,-112,2026-10-04T04:54:02Z
20261004T045441Z,a7e7efb75a9792ac63480ae6328dca18,2026-10-04T20:25:00Z,San Francisco 49ers,Denver Broncos,draftkings,player_reception_yds,Kyle Juszczyk,Under,8.5,-112,2026-10-04T04:54:02Z
20261004T045441Z,a7e7efb75a9792ac63480ae6328dca18,2026-10-04T20:25:00Z,San Francisco 49ers,Denver Broncos,draftkings,player_reception_yds,Troy Franklin,Over,5.5,-104,2026-10-04T04:54:02Z
20261004T045441Z,a7e7efb75a9792ac63480ae6328dca18,2026-10-04T20:25:00Z,San Francisco 49ers,Denver Broncos,draftkings,player_reception_yds,Troy Franklin,Under,5.5,-120,2026-10-04T04:54:02Z
20261004T045441Z,a7e7efb75a9792ac63480ae6328dca18,2026-10-04T20:25:00Z,San Francisco 49ers,Denver Broncos,draftkings,player_reception_yds,Adam Trautman,Over,4.5,-113,2026-10-04T04:54:02Z
20261004T045441Z,a7e7efb75a9792ac63480ae6328dca18,2026-10-04T20:25:00Z,San Francisco 49ers,Denver Broncos,draftkings,player_reception_yds,Adam Trautman,Under,4.5,-111,2026-10-04T04:54:02Z
20261004T045441Z,a7e7efb75a9792ac63480ae6328dca18,2026-10-04T20:25:00Z,San Francisco 49ers,Denver Broncos,draftkings,player_receptions,George Kittle,Over,4.5,-144,2026-10-04T04:54:02Z
20261004T045441Z,a7e7efb75a9792ac63480ae6328dca18,2026-10-04T20:25:00Z,San Francisco 49ers,Denver Broncos,draftkings,player_receptions,George Kittle,Under,4.5,112,2026-10-04T04:54:02Z
20261004T045441Z,a7e7efb75a9792ac63480ae6328dca18,2026-10-04T20:25:00Z,San Francisco 49ers,Denver Broncos,draftkings,player_receptions,Christian McCaffrey,Over,4.5,-131,2026-10-04T04:54:02Z
20261004T045441Z,a7e7efb75a9792ac63480ae6328dca18,2026-10-04T20:25:00Z,San Francisco 49ers,Denver Broncos,draftkings,player_receptions,Christian McCaffrey,Under,4.5,103,2026-10-04T04:54:02Z
20261004T045441Z,a7e7efb75a9792ac63480ae6328dca18,2026-10-04T20:25:00Z,San Francisco 49ers,Denver Broncos,draftkings,player_receptions,Jaylen Waddle,Over,4.5,-103,2026-10-04T04:54:02Z
20261004T045441Z,a7e7efb75a9792ac63480ae6328dca18,2026-10-04T20:25:00Z,San Francisco 49ers,Denver Broncos,draftkings,player_receptions,Jaylen Waddle,Under,4.5,-124,2026-10-04T04:54:02Z
20261004T045441Z,a7e7efb75a9792ac63480ae6328dca18,2026-10-04T20:25:00Z,San Francisco 49ers,Denver Broncos,draftkings,player_receptions,RJ Harvey,Over,3.5,-101,2026-10-04T04:54:02Z
20261004T045441Z,a7e7efb75a9792ac63480ae6328dca18,2026-10-04T20:25:00Z,San Francisco 49ers,Denver Broncos,draftkings,player_receptions,RJ Harvey,Under,3.5,-126,2026-10-04T04:54:02Z
20261004T045441Z,a7e7efb75a9792ac63480ae6328dca18,2026-10-04T20:25:00Z,San Francisco 49ers,Denver Broncos,draftkings,player_receptions,Courtland Sutton,Over,3.5,115,2026-10-04T04:54:02Z
20261004T045441Z,a7e7efb75a9792ac63480ae6328dca18,2026-10-04T20:25:00Z,San Francisco 49ers,Denver Broncos,draftkings,player_receptions,Courtland Sutton,Under,3.5,-146,2026-10-04T04:54:02Z
20261004T045441Z,a7e7efb75a9792ac63480ae6328dca18,2026-10-04T20:25:00Z,San Francisco 49ers,Denver Broncos,draftkings,player_receptions,Evan Engram,Over,2.5,116,2026-10-04T04:54:02Z
20261004T045441Z,a7e7efb75a9792ac63480ae6328dca18,2026-10-04T20:25:00Z,San Francisco 49ers,Denver Broncos,draftkings,player_receptions,Evan Engram,Under,2.5,-148,2026-10-04T04:54:02Z
20261004T045441Z,a7e7efb75a9792ac63480ae6328dca18,2026-10-04T20:25:00Z,San Francisco 49ers,Denver Broncos,draftkings,player_receptions,Pat Bryant,Over,2.5,125,2026-10-04T04:54:02Z
20261004T045441Z,a7e7efb75a9792ac63480ae6328dca18,2026-10-04T20:25:00Z,San Francisco 49ers,Denver Broncos,draftkings,player_receptions,Pat Bryant,Under,2.5,-159,2026-10-04T04:54:02Z
20261004T045441Z,a7e7efb75a9792ac63480ae6328dca18,2026-10-04T20:25:00Z,San Francisco 49ers,Denver Broncos,draftkings,player_receptions,Kyle Juszczyk,Over,1.5,164,2026-10-04T04:54:02Z
20261004T045441Z,a7e7efb75a9792ac63480ae6328dca18,2026-10-04T20:25:00Z,San Francisco 49ers,Denver Broncos,draftkings,player_receptions,Kyle Juszczyk,Under,1.5,-211,2026-10-04T04:54:02Z
20261004T045441Z,a7e7efb75a9792ac63480ae6328dca18,2026-10-04T20:25:00Z,San Francisco 49ers,Denver Broncos,draftkings,player_receptions,Troy Franklin,Over,0.5,-188,2026-10-04T04:54:02Z
20261004T045441Z,a7e7efb75a9792ac63480ae6328dca18,2026-10-04T20:25:00Z,San Francisco 49ers,Denver Broncos,draftkings,player_receptions,Troy Franklin,Under,0.5,146,2026-10-04T04:54:02Z
20261004T045441Z,a7e7efb75a9792ac63480ae6328dca18,2026-10-04T20:25:00Z,San Francisco 49ers,Denver Broncos,draftkings,player_receptions,Adam Trautman,Over,0.5,-179,2026-10-04T04:54:02Z
20261004T045441Z,a7e7efb75a9792ac63480ae6328dca18,2026-10-04T20:25:00Z,San Francisco 49ers,Denver Broncos,draftkings,player_receptions,Adam Trautman,Under,0.5,140,2026-10-04T04:54:02Z
20261004T045441Z,a7e7efb75a9792ac63480ae6328dca18,2026-10-04T20:25:00Z,San Francisco 49ers,Denver Broncos,draftkings,player_rush_yds,Christian McCaffrey,Over,67.5,-112,2026-10-04T04:54:02Z
20261004T045441Z,a7e7efb75a9792ac63480ae6328dca18,2026-10-04T20:25:00Z,San Francisco 49ers,Denver Broncos,draftkings,player_rush_yds,Christian McCaffrey,Under,67.5,-112,2026-10-04T04:54:02Z
20261004T045441Z,a7e7efb75a9792ac63480ae6328dca18,2026-10-04T20:25:00Z,San Francisco 49ers,Denver Broncos,draftkings,player_rush_yds,J.K. Dobbins,Over,61.5,-110,2026-10-04T04:54:02Z
20261004T045441Z,a7e7efb75a9792ac63480ae6328dca18,2026-10-04T20:25:00Z,San Francisco 49ers,Denver Broncos,draftkings,player_rush_yds,J.K. Dobbins,Under,61.5,-114,2026-10-04T04:54:02Z
20261004T045441Z,a7e7efb75a9792ac63480ae6328dca18,2026-10-04T20:25:00Z,San Francisco 49ers,Denver Broncos,draftkings,player_rush_yds,Kaelon Black,Over,24.5,-111,2026-10-04T04:54:02Z
20261004T045441Z,a7e7efb75a9792ac63480ae6328dca18,2026-10-04T20:25:00Z,San Francisco 49ers,Denver Broncos,draftkings,player_rush_yds,Kaelon Black,Under,24.5,-113,2026-10-04T04:54:02Z
20261004T045441Z,a7e7efb75a9792ac63480ae6328dca18,2026-10-04T20:25:00Z,San Francisco 49ers,Denver Broncos,draftkings,player_rush_yds,Brock Purdy,Over,17.5,-112,2026-10-04T04:54:02Z
20261004T045441Z,a7e7efb75a9792ac63480ae6328dca18,2026-10-04T20:25:00Z,San Francisco 49ers,Denver Broncos,draftkings,player_rush_yds,Brock Purdy,Under,17.5,-112,2026-10-04T04:54:02Z
20261004T045441Z,a7e7efb75a9792ac63480ae6328dca18,2026-10-04T20:25:00Z,San Francisco 49ers,Denver Broncos,draftkings,player_rush_yds,Bo Nix,Over,16.5,-109,2026-10-04T04:54:02Z
20261004T045441Z,a7e7efb75a9792ac63480ae6328dca18,2026-10-04T20:25:00Z,San Francisco 49ers,Denver Broncos,draftkings,player_rush_yds,Bo Nix,Under,16.5,-115,2026-10-04T04:54:02Z
20261004T045441Z,a7e7efb75a9792ac63480ae6328dca18,2026-10-04T20:25:00Z,San Francisco 49ers,Denver Broncos,draftkings,player_rush_yds,RJ Harvey,Over,15.5,-118,2026-10-04T04:54:02Z
20261004T045441Z,a7e7efb75a9792ac63480ae6328dca18,2026-10-04T20:25:00Z,San Francisco 49ers,Denver Broncos,draftkings,player_rush_yds,RJ Harvey,Under,15.5,-106,2026-10-04T04:54:02Z
20261004T045441Z,a7e7efb75a9792ac63480ae6328dca18,2026-10-04T20:25:00Z,San Francisco 49ers,Denver Broncos,fanduel,player_pass_yds,Bo Nix,Over,221.5,-113,2026-10-04T04:54:27Z
20261004T045441Z,a7e7efb75a9792ac63480ae6328dca18,2026-10-04T20:25:00Z,San Francisco 49ers,Denver Broncos,fanduel,player_pass_yds,Bo Nix,Under,221.5,-113,2026-10-04T04:54:27Z
20261004T045441Z,a7e7efb75a9792ac63480ae6328dca18,2026-10-04T20:25:00Z,San Francisco 49ers,Denver Broncos,fanduel,player_pass_yds,Brock Purdy,Over,233.5,-113,2026-10-04T04:54:27Z
20261004T045441Z,a7e7efb75a9792ac63480ae6328dca18,2026-10-04T20:25:00Z,San Francisco 49ers,Denver Broncos,fanduel,player_pass_yds,Brock Purdy,Under,233.5,-113,2026-10-04T04:54:27Z
20261004T045441Z,a7e7efb75a9792ac63480ae6328dca18,2026-10-04T20:25:00Z,San Francisco 49ers,Denver Broncos,fanduel,player_reception_yds,Jaylen Waddle,Over,56.5,-113,2026-10-04T04:54:27Z
20261004T045441Z,a7e7efb75a9792ac63480ae6328dca18,2026-10-04T20:25:00Z,San Francisco 49ers,Denver Broncos,fanduel,player_reception_yds,Jaylen Waddle,Under,56.5,-113,2026-10-04T04:54:27Z
20261004T045441Z,a7e7efb75a9792ac63480ae6328dca18,2026-10-04T20:25:00Z,San Francisco 49ers,Denver Broncos,fanduel,player_reception_yds,RJ Harvey,Over,21.5,-113,2026-10-04T04:54:27Z
20261004T045441Z,a7e7efb75a9792ac63480ae6328dca18,2026-10-04T20:25:00Z,San Francisco 49ers,Denver Broncos,fanduel,player_reception_yds,RJ Harvey,Under,21.5,-113,2026-10-04T04:54:27Z
20261004T045441Z,a7e7efb75a9792ac63480ae6328dca18,2026-10-04T20:25:00Z,San Francisco 49ers,Denver Broncos,fanduel,player_reception_yds,Pat Bryant,Over,22.5,-113,2026-10-04T04:54:27Z
20261004T045441Z,a7e7efb75a9792ac63480ae6328dca18,2026-10-04T20:25:00Z,San Francisco 49ers,Denver Broncos,fanduel,player_reception_yds,Pat Bryant,Under,22.5,-113,2026-10-04T04:54:27Z
20261004T045441Z,a7e7efb75a9792ac63480ae6328dca18,2026-10-04T20:25:00Z,San Francisco 49ers,Denver Broncos,fanduel,player_reception_yds,Kyle Juszczyk,Over,8.5,-113,2026-10-04T04:54:27Z
20261004T045441Z,a7e7efb75a9792ac63480ae6328dca18,2026-10-04T20:25:00Z,San Francisco 49ers,Denver Broncos,fanduel,player_reception_yds,Kyle Juszczyk,Under,8.5,-113,2026-10-04T04:54:27Z
20261004T045441Z,a7e7efb75a9792ac63480ae6328dca18,2026-10-04T20:25:00Z,San Francisco 49ers,Denver Broncos,fanduel,player_reception_yds,Adam Trautman,Over,5.5,-113,2026-10-04T04:54:27Z
20261004T045441Z,a7e7efb75a9792ac63480ae6328dca18,2026-10-04T20:25:00Z,San Francisco 49ers,Denver Broncos,fanduel,player_reception_yds,Adam Trautman,Under,5.5,-113,2026-10-04T04:54:27Z
20261004T045441Z,a7e7efb75a9792ac63480ae6328dca18,2026-10-04T20:25:00Z,San Francisco 49ers,Denver Broncos,fanduel,player_reception_yds,Troy Franklin,Over,5.5,-113,2026-10-04T04:54:27Z
20261004T045441Z,a7e7efb75a9792ac63480ae6328dca18,2026-10-04T20:25:00Z,San Francisco 49ers,Denver Broncos,fanduel,player_reception_yds,Troy Franklin,Under,5.5,-113,2026-10-04T04:54:27Z
20261004T045441Z,a7e7efb75a9792ac63480ae6328dca18,2026-10-04T20:25:00Z,San Francisco 49ers,Denver Broncos,fanduel,player_reception_yds,Evan Engram,Over,17.5,-113,2026-10-04T04:54:27Z
20261004T045441Z,a7e7efb75a9792ac63480ae6328dca18,2026-10-04T20:25:00Z,San Francisco 49ers,Denver Broncos,fanduel,player_reception_yds,Evan Engram,Under,17.5,-113,2026-10-04T04:54:27Z
20261004T045441Z,a7e7efb75a9792ac63480ae6328dca18,2026-10-04T20:25:00Z,San Francisco 49ers,Denver Broncos,fanduel,player_reception_yds,Christian McCaffrey,Over,39.5,-113,2026-10-04T04:54:27Z
20261004T045441Z,a7e7efb75a9792ac63480ae6328dca18,2026-10-04T20:25:00Z,San Francisco 49ers,Denver Broncos,fanduel,player_reception_yds,Christian McCaffrey,Under,39.5,-113,2026-10-04T04:54:27Z
20261004T045441Z,a7e7efb75a9792ac63480ae6328dca18,2026-10-04T20:25:00Z,San Francisco 49ers,Denver Broncos,fanduel,player_reception_yds,George Kittle,Over,64.5,-113,2026-10-04T04:54:27Z
20261004T045441Z,a7e7efb75a9792ac63480ae6328dca18,2026-10-04T20:25:00Z,San Francisco 49ers,Denver Broncos,fanduel,player_reception_yds,George Kittle,Under,64.5,-113,2026-10-04T04:54:27Z
20261004T045441Z,a7e7efb75a9792ac63480ae6328dca18,2026-10-04T20:25:00Z,San Francisco 49ers,Denver Broncos,fanduel,player_reception_yds,Courtland Sutton,Over,38.5,-113,2026-10-04T04:54:27Z
20261004T045441Z,a7e7efb75a9792ac63480ae6328dca18,2026-10-04T20:25:00Z,San Francisco 49ers,Denver Broncos,fanduel,player_reception_yds,Courtland Sutton,Under,38.5,-113,2026-10-04T04:54:27Z
20261004T045441Z,a7e7efb75a9792ac63480ae6328dca18,2026-10-04T20:25:00Z,San Francisco 49ers,Denver Broncos,fanduel,player_receptions,Kyle Juszczyk,Over,1.5,148,2026-10-04T04:54:27Z
20261004T045441Z,a7e7efb75a9792ac63480ae6328dca18,2026-10-04T20:25:00Z,San Francisco 49ers,Denver Broncos,fanduel,player_receptions,Kyle Juszczyk,Under,1.5,-200,2026-10-04T04:54:27Z
20261004T045441Z,a7e7efb75a9792ac63480ae6328dca18,2026-10-04T20:25:00Z,San Francisco 49ers,Denver Broncos,fanduel,player_receptions,RJ Harvey,Over,3.5,102,2026-10-04T04:54:27Z
20261004T045441Z,a7e7efb75a9792ac63480ae6328dca18,2026-10-04T20:25:00Z,San Francisco 49ers,Denver Broncos,fanduel,player_receptions,RJ Harvey,Under,3.5,-136,2026-10-04T04:54:27Z
20261004T045441Z,a7e7efb75a9792ac63480ae6328dca18,2026-10-04T20:25:00Z,San Francisco 49ers,Denver Broncos,fanduel,player_receptions,Courtland Sutton,Over,3.5,114,2026-10-04T04:54:27Z
20261004T045441Z,a7e7efb75a9792ac63480ae6328dca18,2026-10-04T20:25:00Z,San Francisco 49ers,Denver Broncos,fanduel,player_receptions,Courtland Sutton,Under,3.5,-152,2026-10-04T04:54:27Z
20261004T045441Z,a7e7efb75a9792ac63480ae6328dca18,2026-10-04T20:25:00Z,San Francisco 49ers,Denver Broncos,fanduel,player_receptions,George Kittle,Over,4.5,-148,2026-10-04T04:54:27Z
20261004T045441Z,a7e7efb75a9792ac63480ae6328dca18,2026-10-04T20:25:00Z,San Francisco 49ers,Denver Broncos,fanduel,player_receptions,George Kittle,Under,4.5,112,2026-10-04T04:54:27Z
20261004T045441Z,a7e7efb75a9792ac63480ae6328dca18,2026-10-04T20:25:00Z,San Francisco 49ers,Denver Broncos,fanduel,player_receptions,Troy Franklin,Over,0.5,-205,2026-10-04T04:54:27Z
20261004T045441Z,a7e7efb75a9792ac63480ae6328dca18,2026-10-04T20:25:00Z,San Francisco 49ers,Denver Broncos,fanduel,player_receptions,Troy Franklin,Under,0.5,152,2026-10-04T04:54:27Z
20261004T045441Z,a7e7efb75a9792ac63480ae6328dca18,2026-10-04T20:25:00Z,San Francisco 49ers,Denver Broncos,fanduel,player_receptions,Christian McCaffrey,Over,4.5,-138,2026-10-04T04:54:27Z
20261004T045441Z,a7e7efb75a9792ac63480ae6328dca18,2026-10-04T20:25:00Z,San Francisco 49ers,Denver Broncos,fanduel,player_receptions,Christian McCaffrey,Under,4.5,104,2026-10-04T04:54:27Z
20261004T045441Z,a7e7efb75a9792ac63480ae6328dca18,2026-10-04T20:25:00Z,San Francisco 49ers,Denver Broncos,fanduel,player_receptions,Pat Bryant,Over,2.5,118,2026-10-04T04:54:27Z
20261004T045441Z,a7e7efb75a9792ac63480ae6328dca18,2026-10-04T20:25:00Z,San Francisco 49ers,Denver Broncos,fanduel,player_receptions,Pat Bryant,Under,2.5,-158,2026-10-04T04:54:27Z
20261004T045441Z,a7e7efb75a9792ac63480ae6328dca18,2026-10-04T20:25:00Z,San Francisco 49ers,Denver Broncos,fanduel,player_receptions,Evan Engram,Over,2.5,110,2026-10-04T04:54:27Z
20261004T045441Z,a7e7efb75a9792ac63480ae6328dca18,2026-10-04T20:25:00Z,San Francisco 49ers,Denver Broncos,fanduel,player_receptions,Evan Engram,Under,2.5,-146,2026-10-04T04:54:27Z
20261004T045441Z,a7e7efb75a9792ac63480ae6328dca18,2026-10-04T20:25:00Z,San Francisco 49ers,Denver Broncos,fanduel,player_receptions,Jaylen Waddle,Over,4.5,-106,2026-10-04T04:54:27Z
20261004T045441Z,a7e7efb75a9792ac63480ae6328dca18,2026-10-04T20:25:00Z,San Francisco 49ers,Denver Broncos,fanduel,player_receptions,Jaylen Waddle,Under,4.5,-125,2026-10-04T04:54:27Z
20261004T045441Z,a7e7efb75a9792ac63480ae6328dca18,2026-10-04T20:25:00Z,San Francisco 49ers,Denver Broncos,fanduel,player_receptions,Adam Trautman,Over,0.5,-182,2026-10-04T04:54:27Z
20261004T045441Z,a7e7efb75a9792ac63480ae6328dca18,2026-10-04T20:25:00Z,San Francisco 49ers,Denver Broncos,fanduel,player_receptions,Adam Trautman,Under,0.5,136,2026-10-04T04:54:27Z
20261004T045441Z,a7e7efb75a9792ac63480ae6328dca18,2026-10-04T20:25:00Z,San Francisco 49ers,Denver Broncos,fanduel,player_rush_yds,Christian McCaffrey,Over,65.5,-113,2026-10-04T04:54:27Z
20261004T045441Z,a7e7efb75a9792ac63480ae6328dca18,2026-10-04T20:25:00Z,San Francisco 49ers,Denver Broncos,fanduel,player_rush_yds,Christian McCaffrey,Under,65.5,-113,2026-10-04T04:54:27Z
20261004T045441Z,a7e7efb75a9792ac63480ae6328dca18,2026-10-04T20:25:00Z,San Francisco 49ers,Denver Broncos,fanduel,player_rush_yds,RJ Harvey,Over,15.5,-113,2026-10-04T04:54:27Z
20261004T045441Z,a7e7efb75a9792ac63480ae6328dca18,2026-10-04T20:25:00Z,San Francisco 49ers,Denver Broncos,fanduel,player_rush_yds,RJ Harvey,Under,15.5,-113,2026-10-04T04:54:27Z
20261004T045441Z,a7e7efb75a9792ac63480ae6328dca18,2026-10-04T20:25:00Z,San Francisco 49ers,Denver Broncos,fanduel,player_rush_yds,J.K. Dobbins,Over,59.5,-113,2026-10-04T04:54:27Z
20261004T045441Z,a7e7efb75a9792ac63480ae6328dca18,2026-10-04T20:25:00Z,San Francisco 49ers,Denver Broncos,fanduel,player_rush_yds,J.K. Dobbins,Under,59.5,-113,2026-10-04T04:54:27Z
20261004T045441Z,a7e7efb75a9792ac63480ae6328dca18,2026-10-04T20:25:00Z,San Francisco 49ers,Denver Broncos,fanduel,player_rush_yds,Bo Nix,Over,16.5,-113,2026-10-04T04:54:27Z
20261004T045441Z,a7e7efb75a9792ac63480ae6328dca18,2026-10-04T20:25:00Z,San Francisco 49ers,Denver Broncos,fanduel,player_rush_yds,Bo Nix,Under,16.5,-113,2026-10-04T04:54:27Z
20261004T045441Z,a7e7efb75a9792ac63480ae6328dca18,2026-10-04T20:25:00Z,San Francisco 49ers,Denver Broncos,fanduel,player_rush_yds,Kaelon Black,Over,22.5,-113,2026-10-04T04:54:27Z
20261004T045441Z,a7e7efb75a9792ac63480ae6328dca18,2026-10-04T20:25:00Z,San Francisco 49ers,Denver Broncos,fanduel,player_rush_yds,Kaelon Black,Under,22.5,-113,2026-10-04T04:54:27Z
20261004T045441Z,a7e7efb75a9792ac63480ae6328dca18,2026-10-04T20:25:00Z,San Francisco 49ers,Denver Broncos,fanduel,player_rush_yds,Brock Purdy,Over,17.5,-113,2026-10-04T04:54:27Z
20261004T045441Z,a7e7efb75a9792ac63480ae6328dca18,2026-10-04T20:25:00Z,San Francisco 49ers,Denver Broncos,fanduel,player_rush_yds,Brock Purdy,Under,17.5,-113,2026-10-04T04:54:27Z
20261004T045441Z,a7e7efb75a9792ac63480ae6328dca18,2026-10-04T20:25:00Z,San Francisco 49ers,Denver Broncos,betonlineag,player_pass_yds,Bo Nix,Over,222.5,-114,2026-10-04T04:53:30Z
20261004T045441Z,a7e7efb75a9792ac63480ae6328dca18,2026-10-04T20:25:00Z,San Francisco 49ers,Denver Broncos,betonlineag,player_pass_yds,Bo Nix,Under,222.5,-114,2026-10-04T04:53:30Z
20261004T045441Z,a7e7efb75a9792ac63480ae6328dca18,2026-10-04T20:25:00Z,San Francisco 49ers,Denver Broncos,betonlineag,player_pass_yds,Brock Purdy,Over,234.5,-116,2026-10-04T04:53:30Z
20261004T045441Z,a7e7efb75a9792ac63480ae6328dca18,2026-10-04T20:25:00Z,San Francisco 49ers,Denver Broncos,betonlineag,player_pass_yds,Brock Purdy,Under,234.5,-111,2026-10-04T04:53:30Z
20261004T045441Z,a7e7efb75a9792ac63480ae6328dca18,2026-10-04T20:25:00Z,San Francisco 49ers,Denver Broncos,betonlineag,player_reception_yds,Jaylen Waddle,Over,56.5,-116,2026-10-04T04:53:30Z
20261004T045441Z,a7e7efb75a9792ac63480ae6328dca18,2026-10-04T20:25:00Z,San Francisco 49ers,Denver Broncos,betonlineag,player_reception_yds,Jaylen Waddle,Under,56.5,-111,2026-10-04T04:53:30Z
20261004T045441Z,a7e7efb75a9792ac63480ae6328dca18,2026-10-04T20:25:00Z,San Francisco 49ers,Denver Broncos,betonlineag,player_reception_yds,George Kittle,Over,64.5,-114,2026-10-04T04:53:30Z
20261004T045441Z,a7e7efb75a9792ac63480ae6328dca18,2026-10-04T20:25:00Z,San Francisco 49ers,Denver Broncos,betonlineag,player_reception_yds,George Kittle,Under,64.5,-114,2026-10-04T04:53:30Z
20261004T045441Z,a7e7efb75a9792ac63480ae6328dca18,2026-10-04T20:25:00Z,San Francisco 49ers,Denver Broncos,betonlineag,player_reception_yds,Courtland Sutton,Over,38.5,-116,2026-10-04T04:53:30Z
20261004T045441Z,a7e7efb75a9792ac63480ae6328dca18,2026-10-04T20:25:00Z,San Francisco 49ers,Denver Broncos,betonlineag,player_reception_yds,Courtland Sutton,Under,38.5,-111,2026-10-04T04:53:30Z
20261004T045441Z,a7e7efb75a9792ac63480ae6328dca18,2026-10-04T20:25:00Z,San Francisco 49ers,Denver Broncos,betonlineag,player_reception_yds,Evan Engram,Over,17.5,-111,2026-10-04T04:53:30Z
20261004T045441Z,a7e7efb75a9792ac63480ae6328dca18,2026-10-04T20:25:00Z,San Francisco 49ers,Denver Broncos,betonlineag,player_reception_yds,Evan Engram,Under,17.5,-116,2026-10-04T04:53:30Z
20261004T045441Z,a7e7efb75a9792ac63480ae6328dca18,2026-10-04T20:25:00Z,San Francisco 49ers,Denver Broncos,betonlineag,player_reception_yds,Pat Bryant,Over,22.5,-112,2026-10-04T04:53:30Z
20261004T045441Z,a7e7efb75a9792ac63480ae6328dca18,2026-10-04T20:25:00Z,San Francisco 49ers,Denver Broncos,betonlineag,player_reception_yds,Pat Bryant,Under,22.5,-115,2026-10-04T04:53:30Z
20261004T045441Z,a7e7efb75a9792ac63480ae6328dca18,2026-10-04T20:25:00Z,San Francisco 49ers,Denver Broncos,betonlineag,player_reception_yds,Kyle Juszczyk,Over,8.5,-115,2026-10-04T04:53:30Z
20261004T045441Z,a7e7efb75a9792ac63480ae6328dca18,2026-10-04T20:25:00Z,San Francisco 49ers,Denver Broncos,betonlineag,player_reception_yds,Kyle Juszczyk,Under,8.5,-112,2026-10-04T04:53:30Z
20261004T045441Z,a7e7efb75a9792ac63480ae6328dca18,2026-10-04T20:25:00Z,San Francisco 49ers,Denver Broncos,betonlineag,player_reception_yds,Christian McCaffrey,Over,41.5,-118,2026-10-04T04:53:30Z
20261004T045441Z,a7e7efb75a9792ac63480ae6328dca18,2026-10-04T20:25:00Z,San Francisco 49ers,Denver Broncos,betonlineag,player_reception_yds,Christian McCaffrey,Under,41.5,-110,2026-10-04T04:53:30Z
20261004T045441Z,a7e7efb75a9792ac63480ae6328dca18,2026-10-04T20:25:00Z,San Francisco 49ers,Denver Broncos,betonlineag,player_reception_yds,RJ Harvey,Over,21.5,-116,2026-10-04T04:53:30Z
20261004T045441Z,a7e7efb75a9792ac63480ae6328dca18,2026-10-04T20:25:00Z,San Francisco 49ers,Denver Broncos,betonlineag,player_reception_yds,RJ Harvey,Under,21.5,-111,2026-10-04T04:53:30Z
20261004T045441Z,a7e7efb75a9792ac63480ae6328dca18,2026-10-04T20:25:00Z,San Francisco 49ers,Denver Broncos,betonlineag,player_reception_yds,Troy Franklin,Over,5.5,-112,2026-10-04T04:53:30Z
20261004T045441Z,a7e7efb75a9792ac63480ae6328dca18,2026-10-04T20:25:00Z,San Francisco 49ers,Denver Broncos,betonlineag,player_reception_yds,Troy Franklin,Under,5.5,-115,2026-10-04T04:53:30Z
20261004T045441Z,a7e7efb75a9792ac63480ae6328dca18,2026-10-04T20:25:00Z,San Francisco 49ers,Denver Broncos,betonlineag,player_reception_yds,Adam Trautman,Over,5.5,-118,2026-10-04T04:53:30Z
20261004T045441Z,a7e7efb75a9792ac63480ae6328dca18,2026-10-04T20:25:00Z,San Francisco 49ers,Denver Broncos,betonlineag,player_reception_yds,Adam Trautman,Under,5.5,-110,2026-10-04T04:53:30Z
20261004T045441Z,a7e7efb75a9792ac63480ae6328dca18,2026-10-04T20:25:00Z,San Francisco 49ers,Denver Broncos,betonlineag,player_receptions,Courtland Sutton,Over,3.5,113,2026-10-04T04:53:30Z
20261004T045441Z,a7e7efb75a9792ac63480ae6328dca18,2026-10-04T20:25:00Z,San Francisco 49ers,Denver Broncos,betonlineag,player_receptions,Courtland Sutton,Under,3.5,-147,2026-10-04T04:53:30Z
20261004T045441Z,a7e7efb75a9792ac63480ae6328dca18,2026-10-04T20:25:00Z,San Francisco 49ers,Denver Broncos,betonlineag,player_receptions,Jaylen Waddle,Over,4.5,-111,2026-10-04T04:53:30Z
20261004T045441Z,a7e7efb75a9792ac63480ae6328dca18,2026-10-04T20:25:00Z,San Francisco 49ers,Denver Broncos,betonlineag,player_receptions,Jaylen Waddle,Under,4.5,-116,2026-10-04T04:53:30Z
20261004T045441Z,a7e7efb75a9792ac63480ae6328dca18,2026-10-04T20:25:00Z,San Francisco 49ers,Denver Broncos,betonlineag,player_receptions,RJ Harvey,Over,3.5,-102,2026-10-04T04:53:30Z
20261004T045441Z,a7e7efb75a9792ac63480ae6328dca18,2026-10-04T20:25:00Z,San Francisco 49ers,Denver Broncos,betonlineag,player_receptions,RJ Harvey,Under,3.5,-127,2026-10-04T04:53:30Z
20261004T045441Z,a7e7efb75a9792ac63480ae6328dca18,2026-10-04T20:25:00Z,San Francisco 49ers,Denver Broncos,betonlineag,player_receptions,Evan Engram,Over,2.5,115,2026-10-04T04:53:30Z
20261004T045441Z,a7e7efb75a9792ac63480ae6328dca18,2026-10-04T20:25:00Z,San Francisco 49ers,Denver Broncos,betonlineag,player_receptions,Evan Engram,Under,2.5,-149,2026-10-04T04:53:30Z
20261004T045441Z,a7e7efb75a9792ac63480ae6328dca18,2026-10-04T20:25:00Z,San Francisco 49ers,Denver Broncos,betonlineag,player_receptions,Pat Bryant,Over,2.5,117,2026-10-04T04:53:30Z
20261004T045441Z,a7e7efb75a9792ac63480ae6328dca18,2026-10-04T20:25:00Z,San Francisco 49ers,Denver Broncos,betonlineag,player_receptions,Pat Bryant,Under,2.5,-152,2026-10-04T04:53:30Z
20261004T045441Z,a7e7efb75a9792ac63480ae6328dca18,2026-10-04T20:25:00Z,San Francisco 49ers,Denver Broncos,betonlineag,player_receptions,Christian McCaffrey,Over,4.5,-141,2026-10-04T04:53:30Z
20261004T045441Z,a7e7efb75a9792ac63480ae6328dca18,2026-10-04T20:25:00Z,San Francisco 49ers,Denver Broncos,betonlineag,player_receptions,Christian McCaffrey,Under,4.5,108,2026-10-04T04:53:30Z
20261004T045441Z,a7e7efb75a9792ac63480ae6328dca18,2026-10-04T20:25:00Z,San Francisco 49ers,Denver Broncos,betonlineag,player_receptions,George Kittle,Over,4.5,-145,2026-10-04T04:53:30Z
20261004T045441Z,a7e7efb75a9792ac63480ae6328dca18,2026-10-04T20:25:00Z,San Francisco 49ers,Denver Broncos,betonlineag,player_receptions,George Kittle,Under,4.5,112,2026-10-04T04:53:30Z
20261004T045441Z,a7e7efb75a9792ac63480ae6328dca18,2026-10-04T20:25:00Z,San Francisco 49ers,Denver Broncos,betonlineag,player_receptions,Kyle Juszczyk,Over,1.5,155,2026-10-04T04:53:30Z
20261004T045441Z,a7e7efb75a9792ac63480ae6328dca18,2026-10-04T20:25:00Z,San Francisco 49ers,Denver Broncos,betonlineag,player_receptions,Kyle Juszczyk,Under,1.5,-204,2026-10-04T04:53:30Z
20261004T045441Z,a7e7efb75a9792ac63480ae6328dca18,2026-10-04T20:25:00Z,San Francisco 49ers,Denver Broncos,betonlineag,player_receptions,Troy Franklin,Over,0.5,-189,2026-10-04T04:53:30Z
20261004T045441Z,a7e7efb75a9792ac63480ae6328dca18,2026-10-04T20:25:00Z,San Francisco 49ers,Denver Broncos,betonlineag,player_receptions,Troy Franklin,Under,0.5,144,2026-10-04T04:53:30Z
20261004T045441Z,a7e7efb75a9792ac63480ae6328dca18,2026-10-04T20:25:00Z,San Francisco 49ers,Denver Broncos,betonlineag,player_receptions,Adam Trautman,Over,0.5,-156,2026-10-04T04:53:30Z
20261004T045441Z,a7e7efb75a9792ac63480ae6328dca18,2026-10-04T20:25:00Z,San Francisco 49ers,Denver Broncos,betonlineag,player_receptions,Adam Trautman,Under,0.5,120,2026-10-04T04:53:30Z
20261004T045441Z,a7e7efb75a9792ac63480ae6328dca18,2026-10-04T20:25:00Z,San Francisco 49ers,Denver Broncos,betonlineag,player_rush_yds,Christian McCaffrey,Over,65.5,-115,2026-10-04T04:53:30Z
20261004T045441Z,a7e7efb75a9792ac63480ae6328dca18,2026-10-04T20:25:00Z,San Francisco 49ers,Denver Broncos,betonlineag,player_rush_yds,Christian McCaffrey,Under,65.5,-112,2026-10-04T04:53:30Z
20261004T045441Z,a7e7efb75a9792ac63480ae6328dca18,2026-10-04T20:25:00Z,San Francisco 49ers,Denver Broncos,betonlineag,player_rush_yds,J.K. Dobbins,Over,59.5,-114,2026-10-04T04:53:30Z
20261004T045441Z,a7e7efb75a9792ac63480ae6328dca18,2026-10-04T20:25:00Z,San Francisco 49ers,Denver Broncos,betonlineag,player_rush_yds,J.K. Dobbins,Under,59.5,-114,2026-10-04T04:53:30Z
20261004T045441Z,a7e7efb75a9792ac63480ae6328dca18,2026-10-04T20:25:00Z,San Francisco 49ers,Denver Broncos,betonlineag,player_rush_yds,Kaelon Black,Over,22.5,-115,2026-10-04T04:53:30Z
20261004T045441Z,a7e7efb75a9792ac63480ae6328dca18,2026-10-04T20:25:00Z,San Francisco 49ers,Denver Broncos,betonlineag,player_rush_yds,Kaelon Black,Under,22.5,-112,2026-10-04T04:53:30Z
20261004T045441Z,a7e7efb75a9792ac63480ae6328dca18,2026-10-04T20:25:00Z,San Francisco 49ers,Denver Broncos,betonlineag,player_rush_yds,RJ Harvey,Over,15.5,-118,2026-10-04T04:53:30Z
20261004T045441Z,a7e7efb75a9792ac63480ae6328dca18,2026-10-04T20:25:00Z,San Francisco 49ers,Denver Broncos,betonlineag,player_rush_yds,RJ Harvey,Under,15.5,-110,2026-10-04T04:53:30Z
20261004T045441Z,a7e7efb75a9792ac63480ae6328dca18,2026-10-04T20:25:00Z,San Francisco 49ers,Denver Broncos,betonlineag,player_rush_yds,Bo Nix,Over,16.5,-115,2026-10-04T04:53:30Z
20261004T045441Z,a7e7efb75a9792ac63480ae6328dca18,2026-10-04T20:25:00Z,San Francisco 49ers,Denver Broncos,betonlineag,player_rush_yds,Bo Nix,Under,16.5,-112,2026-10-04T04:53:30Z
20261004T045441Z,a7e7efb75a9792ac63480ae6328dca18,2026-10-04T20:25:00Z,San Francisco 49ers,Denver Broncos,betonlineag,player_rush_yds,Brock Purdy,Over,18.5,-114,2026-10-04T04:53:30Z
20261004T045441Z,a7e7efb75a9792ac63480ae6328dca18,2026-10-04T20:25:00Z,San Francisco 49ers,Denver Broncos,betonlineag,player_rush_yds,Brock Purdy,Under,18.5,-114,2026-10-04T04:53:30Z
20261004T045441Z,a7e7efb75a9792ac63480ae6328dca18,2026-10-04T20:25:00Z,San Francisco 49ers,Denver Broncos,betrivers,player_pass_yds,Bo Nix,Over,224.5,-115,2026-10-04T04:53:43Z
20261004T045441Z,a7e7efb75a9792ac63480ae6328dca18,2026-10-04T20:25:00Z,San Francisco 49ers,Denver Broncos,betrivers,player_pass_yds,Bo Nix,Under,224.5,-115,2026-10-04T04:53:43Z
20261004T045441Z,a7e7efb75a9792ac63480ae6328dca18,2026-10-04T20:25:00Z,San Francisco 49ers,Denver Broncos,betrivers,player_pass_yds,Brock Purdy,Over,232.5,-114,2026-10-04T04:53:43Z
20261004T045441Z,a7e7efb75a9792ac63480ae6328dca18,2026-10-04T20:25:00Z,San Francisco 49ers,Denver Broncos,betrivers,player_pass_yds,Brock Purdy,Under,232.5,-117,2026-10-04T04:53:43Z
20261004T045441Z,a7e7efb75a9792ac63480ae6328dca18,2026-10-04T20:25:00Z,San Francisco 49ers,Denver Broncos,betrivers,player_reception_yds,Courtland Sutton,Over,38.5,-117,2026-10-04T04:53:43Z
20261004T045441Z,a7e7efb75a9792ac63480ae6328dca18,2026-10-04T20:25:00Z,San Francisco 49ers,Denver Broncos,betrivers,player_reception_yds,Courtland Sutton,Under,38.5,-114,2026-10-04T04:53:43Z
20261004T045441Z,a7e7efb75a9792ac63480ae6328dca18,2026-10-04T20:25:00Z,San Francisco 49ers,Denver Broncos,betrivers,player_reception_yds,Christian McCaffrey,Over,40.5,-114,2026-10-04T04:53:43Z
20261004T045441Z,a7e7efb75a9792ac63480ae6328dca18,2026-10-04T20:25:00Z,San Francisco 49ers,Denver Broncos,betrivers,player_reception_yds,Christian McCaffrey,Under,40.5,-117,2026-10-04T04:53:43Z
20261004T045441Z,a7e7efb75a9792ac63480ae6328dca18,2026-10-04T20:25:00Z,San Francisco 49ers,Denver Broncos,betrivers,player_reception_yds,Pat Bryant,Over,22.5,-118,2026-10-04T04:53:43Z
20261004T045441Z,a7e7efb75a9792ac63480ae6328dca18,2026-10-04T20:25:00Z,San Francisco 49ers,Denver Broncos,betrivers,player_reception_yds,Pat Bryant,Under,22.5,-113,2026-10-04T04:53:43Z
20261004T045441Z,a7e7efb75a9792ac63480ae6328dca18,2026-10-04T20:25:00Z,San Francisco 49ers,Denver Broncos,betrivers,player_reception_yds,George Kittle,Over,63.5,-115,2026-10-04T04:53:43Z
20261004T045441Z,a7e7efb75a9792ac63480ae6328dca18,2026-10-04T20:25:00Z,San Francisco 49ers,Denver Broncos,betrivers,player_reception_yds,George Kittle,Under,63.5,-115,2026-10-04T04:53:43Z
20261004T045441Z,a7e7efb75a9792ac63480ae6328dca18,2026-10-04T20:25:00Z,San Francisco 49ers,Denver Broncos,betrivers,player_reception_yds,RJ Harvey,Over,22.5,-113,2026-10-04T04:53:43Z
20261004T045441Z,a7e7efb75a9792ac63480ae6328dca18,2026-10-04T20:25:00Z,San Francisco 49ers,Denver Broncos,betrivers,player_reception_yds,RJ Harvey,Under,22.5,-118,2026-10-04T04:53:43Z
20261004T045441Z,a7e7efb75a9792ac63480ae6328dca18,2026-10-04T20:25:00Z,San Francisco 49ers,Denver Broncos,betrivers,player_reception_yds,Jaylen Waddle,Over,58.5,-115,2026-10-04T04:53:43Z
20261004T045441Z,a7e7efb75a9792ac63480ae6328dca18,2026-10-04T20:25:00Z,San Francisco 49ers,Denver Broncos,betrivers,player_reception_yds,Jaylen Waddle,Under,58.5,-115,2026-10-04T04:53:43Z
20261004T045441Z,a7e7efb75a9792ac63480ae6328dca18,2026-10-04T20:25:00Z,San Francisco 49ers,Denver Broncos,betrivers,player_reception_yds,Evan Engram,Over,15.5,-121,2026-10-04T04:53:43Z
20261004T045441Z,a7e7efb75a9792ac63480ae6328dca18,2026-10-04T20:25:00Z,San Francisco 49ers,Denver Broncos,betrivers,player_reception_yds,Evan Engram,Under,15.5,-110,2026-10-04T04:53:43Z
20261004T045441Z,a7e7efb75a9792ac63480ae6328dca18,2026-10-04T20:25:00Z,San Francisco 49ers,Denver Broncos,betrivers,player_receptions,Pat Bryant,Over,2.5,108,2026-10-04T04:53:43Z
20261004T045441Z,a7e7efb75a9792ac63480ae6328dca18,2026-10-04T20:25:00Z,San Francisco 49ers,Denver Broncos,betrivers,player_receptions,Christian McCaffrey,Over,4.5,-141,2026-10-04T04:53:43Z
20261004T045441Z,a7e7efb75a9792ac63480ae6328dca18,2026-10-04T20:25:00Z,San Francisco 49ers,Denver Broncos,betrivers,player_receptions,Jaylen Waddle,Over,4.5,102,2026-10-04T04:53:43Z
20261004T045441Z,a7e7efb75a9792ac63480ae6328dca18,2026-10-04T20:25:00Z,San Francisco 49ers,Denver Broncos,betrivers,player_receptions,Courtland Sutton,Over,3.5,112,2026-10-04T04:53:43Z
20261004T045441Z,a7e7efb75a9792ac63480ae6328dca18,2026-10-04T20:25:00Z,San Francisco 49ers,Denver Broncos,betrivers,player_receptions,RJ Harvey,Over,3.5,-109,2026-10-04T04:53:43Z
20261004T045441Z,a7e7efb75a9792ac63480ae6328dca18,2026-10-04T20:25:00Z,San Francisco 49ers,Denver Broncos,betrivers,player_receptions,George Kittle,Over,4.5,-139,2026-10-04T04:53:43Z
20261004T045441Z,a7e7efb75a9792ac63480ae6328dca18,2026-10-04T20:25:00Z,San Francisco 49ers,Denver Broncos,betrivers,player_receptions,Evan Engram,Over,2.5,117,2026-10-04T04:53:43Z
20261004T045441Z,a7e7efb75a9792ac63480ae6328dca18,2026-10-04T20:25:00Z,San Francisco 49ers,Denver Broncos,betrivers,player_rush_yds,RJ Harvey,Over,16.5,-112,2026-10-04T04:53:43Z
20261004T045441Z,a7e7efb75a9792ac63480ae6328dca18,2026-10-04T20:25:00Z,San Francisco 49ers,Denver Broncos,betrivers,player_rush_yds,RJ Harvey,Under,16.5,-120,2026-10-04T04:53:43Z
20261004T045441Z,a7e7efb75a9792ac63480ae6328dca18,2026-10-04T20:25:00Z,San Francisco 49ers,Denver Broncos,betrivers,player_rush_yds,Brock Purdy,Over,17.5,-114,2026-10-04T04:53:43Z
20261004T045441Z,a7e7efb75a9792ac63480ae6328dca18,2026-10-04T20:25:00Z,San Francisco 49ers,Denver Broncos,betrivers,player_rush_yds,Brock Purdy,Under,17.5,-117,2026-10-04T04:53:43Z
20261004T045441Z,a7e7efb75a9792ac63480ae6328dca18,2026-10-04T20:25:00Z,San Francisco 49ers,Denver Broncos,betrivers,player_rush_yds,Christian McCaffrey,Over,64.5,-115,2026-10-04T04:53:43Z
20261004T045441Z,a7e7efb75a9792ac63480ae6328dca18,2026-10-04T20:25:00Z,San Francisco 49ers,Denver Broncos,betrivers,player_rush_yds,Christian McCaffrey,Under,64.5,-115,2026-10-04T04:53:43Z
20261004T045441Z,a7e7efb75a9792ac63480ae6328dca18,2026-10-04T20:25:00Z,San Francisco 49ers,Denver Broncos,betrivers,player_rush_yds,Kaelon Black,Over,23.5,-114,2026-10-04T04:53:43Z
20261004T045441Z,a7e7efb75a9792ac63480ae6328dca18,2026-10-04T20:25:00Z,San Francisco 49ers,Denver Broncos,betrivers,player_rush_yds,Kaelon Black,Under,23.5,-117,2026-10-04T04:53:43Z
20261004T045441Z,a7e7efb75a9792ac63480ae6328dca18,2026-10-04T20:25:00Z,San Francisco 49ers,Denver Broncos,betrivers,player_rush_yds,Bo Nix,Over,17.5,-115,2026-10-04T04:53:43Z
20261004T045441Z,a7e7efb75a9792ac63480ae6328dca18,2026-10-04T20:25:00Z,San Francisco 49ers,Denver Broncos,betrivers,player_rush_yds,Bo Nix,Under,17.5,-115,2026-10-04T04:53:43Z
20261004T045441Z,a7e7efb75a9792ac63480ae6328dca18,2026-10-04T20:25:00Z,San Francisco 49ers,Denver Broncos,betrivers,player_rush_yds,J.K. Dobbins,Over,58.5,-118,2026-10-04T04:53:43Z
20261004T045441Z,a7e7efb75a9792ac63480ae6328dca18,2026-10-04T20:25:00Z,San Francisco 49ers,Denver Broncos,betrivers,player_rush_yds,J.K. Dobbins,Under,58.5,-113,2026-10-04T04:53:43Z
20261004T045441Z,a7e7efb75a9792ac63480ae6328dca18,2026-10-04T20:25:00Z,San Francisco 49ers,Denver Broncos,bovada,player_pass_yds,Bo Nix,Over,222.5,-115,2026-10-04T04:54:13Z
20261004T045441Z,a7e7efb75a9792ac63480ae6328dca18,2026-10-04T20:25:00Z,San Francisco 49ers,Denver Broncos,bovada,player_pass_yds,Bo Nix,Under,222.5,-115,2026-10-04T04:54:13Z
20261004T045441Z,a7e7efb75a9792ac63480ae6328dca18,2026-10-04T20:25:00Z,San Francisco 49ers,Denver Broncos,bovada,player_pass_yds,Brock Purdy,Over,234.5,-115,2026-10-04T04:54:13Z
20261004T045441Z,a7e7efb75a9792ac63480ae6328dca18,2026-10-04T20:25:00Z,San Francisco 49ers,Denver Broncos,bovada,player_pass_yds,Brock Purdy,Under,234.5,-115,2026-10-04T04:54:13Z
20261004T045441Z,a7e7efb75a9792ac63480ae6328dca18,2026-10-04T20:25:00Z,San Francisco 49ers,Denver Broncos,bovada,player_reception_yds,Adam Trautman,Over,4.5,-115,2026-10-04T04:54:13Z
20261004T045441Z,a7e7efb75a9792ac63480ae6328dca18,2026-10-04T20:25:00Z,San Francisco 49ers,Denver Broncos,bovada,player_reception_yds,Adam Trautman,Under,4.5,-115,2026-10-04T04:54:13Z
20261004T045441Z,a7e7efb75a9792ac63480ae6328dca18,2026-10-04T20:25:00Z,San Francisco 49ers,Denver Broncos,bovada,player_reception_yds,Christian McCaffrey,Over,42.5,-115,2026-10-04T04:54:13Z
20261004T045441Z,a7e7efb75a9792ac63480ae6328dca18,2026-10-04T20:25:00Z,San Francisco 49ers,Denver Broncos,bovada,player_reception_yds,Christian McCaffrey,Under,42.5,-115,2026-10-04T04:54:13Z
20261004T045441Z,a7e7efb75a9792ac63480ae6328dca18,2026-10-04T20:25:00Z,San Francisco 49ers,Denver Broncos,bovada,player_reception_yds,Courtland Sutton,Over,39.5,-115,2026-10-04T04:54:13Z
20261004T045441Z,a7e7efb75a9792ac63480ae6328dca18,2026-10-04T20:25:00Z,San Francisco 49ers,Denver Broncos,bovada,player_reception_yds,Courtland Sutton,Under,39.5,-115,2026-10-04T04:54:13Z
20261004T045441Z,a7e7efb75a9792ac63480ae6328dca18,2026-10-04T20:25:00Z,San Francisco 49ers,Denver Broncos,bovada,player_reception_yds,Evan Engram,Over,17.5,-110,2026-10-04T04:54:13Z
20261004T045441Z,a7e7efb75a9792ac63480ae6328dca18,2026-10-04T20:25:00Z,San Francisco 49ers,Denver Broncos,bovada,player_reception_yds,Evan Engram,Under,17.5,-120,2026-10-04T04:54:13Z
20261004T045441Z,a7e7efb75a9792ac63480ae6328dca18,2026-10-04T20:25:00Z,San Francisco 49ers,Denver Broncos,bovada,player_reception_yds,George Kittle,Over,64.5,-115,2026-10-04T04:54:13Z
20261004T045441Z,a7e7efb75a9792ac63480ae6328dca18,2026-10-04T20:25:00Z,San Francisco 49ers,Denver Broncos,bovada,player_reception_yds,George Kittle,Under,64.5,-115,2026-10-04T04:54:13Z
20261004T045441Z,a7e7efb75a9792ac63480ae6328dca18,2026-10-04T20:25:00Z,San Francisco 49ers,Denver Broncos,bovada,player_reception_yds,Jaylen Waddle,Over,57.5,-115,2026-10-04T04:54:13Z
20261004T045441Z,a7e7efb75a9792ac63480ae6328dca18,2026-10-04T20:25:00Z,San Francisco 49ers,Denver Broncos,bovada,player_reception_yds,Jaylen Waddle,Under,57.5,-115,2026-10-04T04:54:13Z
20261004T045441Z,a7e7efb75a9792ac63480ae6328dca18,2026-10-04T20:25:00Z,San Francisco 49ers,Denver Broncos,bovada,player_reception_yds,Kyle Juszczyk,Over,8.5,-115,2026-10-04T04:54:13Z
20261004T045441Z,a7e7efb75a9792ac63480ae6328dca18,2026-10-04T20:25:00Z,San Francisco 49ers,Denver Broncos,bovada,player_reception_yds,Kyle Juszczyk,Under,8.5,-115,2026-10-04T04:54:13Z
20261004T045441Z,a7e7efb75a9792ac63480ae6328dca18,2026-10-04T20:25:00Z,San Francisco 49ers,Denver Broncos,bovada,player_reception_yds,Pat Bryant,Over,22.5,-110,2026-10-04T04:54:13Z
20261004T045441Z,a7e7efb75a9792ac63480ae6328dca18,2026-10-04T20:25:00Z,San Francisco 49ers,Denver Broncos,bovada,player_reception_yds,Pat Bryant,Under,22.5,-120,2026-10-04T04:54:13Z
20261004T045441Z,a7e7efb75a9792ac63480ae6328dca18,2026-10-04T20:25:00Z,San Francisco 49ers,Denver Broncos,bovada,player_reception_yds,RJ Harvey,Over,21.5,-120,2026-10-04T04:54:13Z
20261004T045441Z,a7e7efb75a9792ac63480ae6328dca18,2026-10-04T20:25:00Z,San Francisco 49ers,Denver Broncos,bovada,player_reception_yds,RJ Harvey,Under,21.5,-110,2026-10-04T04:54:13Z
20261004T045441Z,a7e7efb75a9792ac63480ae6328dca18,2026-10-04T20:25:00Z,San Francisco 49ers,Denver Broncos,bovada,player_reception_yds,Troy Franklin,Over,5.5,-105,2026-10-04T04:54:13Z
20261004T045441Z,a7e7efb75a9792ac63480ae6328dca18,2026-10-04T20:25:00Z,San Francisco 49ers,Denver Broncos,bovada,player_reception_yds,Troy Franklin,Under,5.5,-125,2026-10-04T04:54:13Z
20261004T045441Z,a7e7efb75a9792ac63480ae6328dca18,2026-10-04T20:25:00Z,San Francisco 49ers,Denver Broncos,bovada,player_receptions,Adam Trautman,Over,0.5,-185,2026-10-04T04:54:13Z
20261004T045441Z,a7e7efb75a9792ac63480ae6328dca18,2026-10-04T20:25:00Z,San Francisco 49ers,Denver Broncos,bovada,player_receptions,Adam Trautman,Under,0.5,140,2026-10-04T04:54:13Z
20261004T045441Z,a7e7efb75a9792ac63480ae6328dca18,2026-10-04T20:25:00Z,San Francisco 49ers,Denver Broncos,bovada,player_receptions,Christian McCaffrey,Over,4.5,-145,2026-10-04T04:54:13Z
20261004T045441Z,a7e7efb75a9792ac63480ae6328dca18,2026-10-04T20:25:00Z,San Francisco 49ers,Denver Broncos,bovada,player_receptions,Christian McCaffrey,Under,4.5,110,2026-10-04T04:54:13Z
20261004T045441Z,a7e7efb75a9792ac63480ae6328dca18,2026-10-04T20:25:00Z,San Francisco 49ers,Denver Broncos,bovada,player_receptions,Courtland Sutton,Over,3.5,115,2026-10-04T04:54:13Z
20261004T045441Z,a7e7efb75a9792ac63480ae6328dca18,2026-10-04T20:25:00Z,San Francisco 49ers,Denver Broncos,bovada,player_receptions,Courtland Sutton,Under,3.5,-150,2026-10-04T04:54:13Z
20261004T045441Z,a7e7efb75a9792ac63480ae6328dca18,2026-10-04T20:25:00Z,San Francisco 49ers,Denver Broncos,bovada,player_receptions,Evan Engram,Over,2.5,115,2026-10-04T04:54:13Z
20261004T045441Z,a7e7efb75a9792ac63480ae6328dca18,2026-10-04T20:25:00Z,San Francisco 49ers,Denver Broncos,bovada,player_receptions,Evan Engram,Under,2.5,-150,2026-10-04T04:54:13Z
20261004T045441Z,a7e7efb75a9792ac63480ae6328dca18,2026-10-04T20:25:00Z,San Francisco 49ers,Denver Broncos,bovada,player_receptions,George Kittle,Over,4.5,-145,2026-10-04T04:54:13Z
20261004T045441Z,a7e7efb75a9792ac63480ae6328dca18,2026-10-04T20:25:00Z,San Francisco 49ers,Denver Broncos,bovada,player_receptions,George Kittle,Under,4.5,110,2026-10-04T04:54:13Z
20261004T045441Z,a7e7efb75a9792ac63480ae6328dca18,2026-10-04T20:25:00Z,San Francisco 49ers,Denver Broncos,bovada,player_receptions,Jaylen Waddle,Over,4.5,-105,2026-10-04T04:54:13Z
20261004T045441Z,a7e7efb75a9792ac63480ae6328dca18,2026-10-04T20:25:00Z,San Francisco 49ers,Denver Broncos,bovada,player_receptions,Jaylen Waddle,Under,4.5,-125,2026-10-04T04:54:13Z
20261004T045441Z,a7e7efb75a9792ac63480ae6328dca18,2026-10-04T20:25:00Z,San Francisco 49ers,Denver Broncos,bovada,player_receptions,Kyle Juszczyk,Over,1.5,160,2026-10-04T04:54:13Z
20261004T045441Z,a7e7efb75a9792ac63480ae6328dca18,2026-10-04T20:25:00Z,San Francisco 49ers,Denver Broncos,bovada,player_receptions,Kyle Juszczyk,Under,1.5,-215,2026-10-04T04:54:13Z
20261004T045441Z,a7e7efb75a9792ac63480ae6328dca18,2026-10-04T20:25:00Z,San Francisco 49ers,Denver Broncos,bovada,player_receptions,Pat Bryant,Over,2.5,125,2026-10-04T04:54:13Z
20261004T045441Z,a7e7efb75a9792ac63480ae6328dca18,2026-10-04T20:25:00Z,San Francisco 49ers,Denver Broncos,bovada,player_receptions,Pat Bryant,Under,2.5,-165,2026-10-04T04:54:13Z
20261004T045441Z,a7e7efb75a9792ac63480ae6328dca18,2026-10-04T20:25:00Z,San Francisco 49ers,Denver Broncos,bovada,player_receptions,RJ Harvey,Over,3.5,100,2026-10-04T04:54:13Z
20261004T045441Z,a7e7efb75a9792ac63480ae6328dca18,2026-10-04T20:25:00Z,San Francisco 49ers,Denver Broncos,bovada,player_receptions,RJ Harvey,Under,3.5,-130,2026-10-04T04:54:13Z
20261004T045441Z,a7e7efb75a9792ac63480ae6328dca18,2026-10-04T20:25:00Z,San Francisco 49ers,Denver Broncos,bovada,player_receptions,Troy Franklin,Over,0.5,-190,2026-10-04T04:54:13Z
20261004T045441Z,a7e7efb75a9792ac63480ae6328dca18,2026-10-04T20:25:00Z,San Francisco 49ers,Denver Broncos,bovada,player_receptions,Troy Franklin,Under,0.5,145,2026-10-04T04:54:13Z
20261004T045441Z,a7e7efb75a9792ac63480ae6328dca18,2026-10-04T20:25:00Z,San Francisco 49ers,Denver Broncos,bovada,player_rush_yds,Bo Nix,Over,16.5,-110,2026-10-04T04:54:13Z
20261004T045441Z,a7e7efb75a9792ac63480ae6328dca18,2026-10-04T20:25:00Z,San Francisco 49ers,Denver Broncos,bovada,player_rush_yds,Bo Nix,Under,16.5,-120,2026-10-04T04:54:13Z
20261004T045441Z,a7e7efb75a9792ac63480ae6328dca18,2026-10-04T20:25:00Z,San Francisco 49ers,Denver Broncos,bovada,player_rush_yds,Brock Purdy,Over,17.5,-115,2026-10-04T04:54:13Z
20261004T045441Z,a7e7efb75a9792ac63480ae6328dca18,2026-10-04T20:25:00Z,San Francisco 49ers,Denver Broncos,bovada,player_rush_yds,Brock Purdy,Under,17.5,-115,2026-10-04T04:54:13Z
20261004T045441Z,a7e7efb75a9792ac63480ae6328dca18,2026-10-04T20:25:00Z,San Francisco 49ers,Denver Broncos,bovada,player_rush_yds,Christian McCaffrey,Over,67.5,-115,2026-10-04T04:54:13Z
20261004T045441Z,a7e7efb75a9792ac63480ae6328dca18,2026-10-04T20:25:00Z,San Francisco 49ers,Denver Broncos,bovada,player_rush_yds,Christian McCaffrey,Under,67.5,-115,2026-10-04T04:54:13Z
20261004T045441Z,a7e7efb75a9792ac63480ae6328dca18,2026-10-04T20:25:00Z,San Francisco 49ers,Denver Broncos,bovada,player_rush_yds,J.K. Dobbins,Over,61.5,-115,2026-10-04T04:54:13Z
20261004T045441Z,a7e7efb75a9792ac63480ae6328dca18,2026-10-04T20:25:00Z,San Francisco 49ers,Denver Broncos,bovada,player_rush_yds,J.K. Dobbins,Under,61.5,-115,2026-10-04T04:54:13Z
20261004T045441Z,a7e7efb75a9792ac63480ae6328dca18,2026-10-04T20:25:00Z,San Francisco 49ers,Denver Broncos,bovada,player_rush_yds,Kaelon Black,Over,24.5,-115,2026-10-04T04:54:13Z
20261004T045441Z,a7e7efb75a9792ac63480ae6328dca18,2026-10-04T20:25:00Z,San Francisco 49ers,Denver Broncos,bovada,player_rush_yds,Kaelon Black,Under,24.5,-115,2026-10-04T04:54:13Z
20261004T045441Z,a7e7efb75a9792ac63480ae6328dca18,2026-10-04T20:25:00Z,San Francisco 49ers,Denver Broncos,bovada,player_rush_yds,RJ Harvey,Over,15.5,-120,2026-10-04T04:54:13Z
20261004T045441Z,a7e7efb75a9792ac63480ae6328dca18,2026-10-04T20:25:00Z,San Francisco 49ers,Denver Broncos,bovada,player_rush_yds,RJ Harvey,Under,15.5,-110,2026-10-04T04:54:13Z
20261004T045441Z,e0cbd266dcf997089203a1b33ba0333d,2026-10-04T20:25:00Z,Las Vegas Raiders,Kansas City Chiefs,draftkings,player_pass_yds,Patrick Mahomes,Over,239.5,-113,2026-10-04T04:52:29Z
20261004T045441Z,e0cbd266dcf997089203a1b33ba0333d,2026-10-04T20:25:00Z,Las Vegas Raiders,Kansas City Chiefs,draftkings,player_pass_yds,Patrick Mahomes,Under,239.5,-111,2026-10-04T04:52:29Z
20261004T045441Z,e0cbd266dcf997089203a1b33ba0333d,2026-10-04T20:25:00Z,Las Vegas Raiders,Kansas City Chiefs,draftkings,player_pass_yds,Kirk Cousins,Over,222.5,-111,2026-10-04T04:52:29Z
20261004T045441Z,e0cbd266dcf997089203a1b33ba0333d,2026-10-04T20:25:00Z,Las Vegas Raiders,Kansas City Chiefs,draftkings,player_pass_yds,Kirk Cousins,Under,222.5,-113,2026-10-04T04:52:29Z
20261004T045441Z,e0cbd266dcf997089203a1b33ba0333d,2026-10-04T20:25:00Z,Las Vegas Raiders,Kansas City Chiefs,draftkings,player_reception_yds,Brock Bowers,Over,73.5,-111,2026-10-04T04:52:29Z
20261004T045441Z,e0cbd266dcf997089203a1b33ba0333d,2026-10-04T20:25:00Z,Las Vegas Raiders,Kansas City Chiefs,draftkings,player_reception_yds,Brock Bowers,Under,73.5,-113,2026-10-04T04:52:29Z
20261004T045441Z,e0cbd266dcf997089203a1b33ba0333d,2026-10-04T20:25:00Z,Las Vegas Raiders,Kansas City Chiefs,draftkings,player_reception_yds,Rashee Rice,Over,56.5,-113,2026-10-04T04:52:29Z
20261004T045441Z,e0cbd266dcf997089203a1b33ba0333d,2026-10-04T20:25:00Z,Las Vegas Raiders,Kansas City Chiefs,draftkings,player_reception_yds,Rashee Rice,Under,56.5,-111,2026-10-04T04:52:29Z
20261004T045441Z,e0cbd266dcf997089203a1b33ba0333d,2026-10-04T20:25:00Z,Las Vegas Raiders,Kansas City Chiefs,draftkings,player_reception_yds,Travis Kelce,Over,49.5,-110,2026-10-04T04:52:29Z
20261004T045441Z,e0cbd266dcf997089203a1b33ba0333d,2026-10-04T20:25:00Z,Las Vegas Raiders,Kansas City Chiefs,draftkings,player_reception_yds,Travis Kelce,Under,49.5,-114,2026-10-04T04:52:29Z
20261004T045441Z,e0cbd266dcf997089203a1b33ba0333d,2026-10-04T20:25:00Z,Las Vegas Raiders,Kansas City Chiefs,draftkings,player_reception_yds,Tre Tucker,Over,37.5,-110,2026-10-04T04:52:29Z
20261004T045441Z,e0cbd266dcf997089203a1b33ba0333d,2026-10-04T20:25:00Z,Las Vegas Raiders,Kansas City Chiefs,draftkings,player_reception_yds,Tre Tucker,Under,37.5,-114,2026-10-04T04:52:29Z
20261004T045441Z,e0cbd266dcf997089203a1b33ba0333d,2026-10-04T20:25:00Z,Las Vegas Raiders,Kansas City Chiefs,draftkings,player_reception_yds,Xavier Worthy,Over,35.5,-109,2026-10-04T04:52:29Z
20261004T045441Z,e0cbd266dcf997089203a1b33ba0333d,2026-10-04T20:25:00Z,Las Vegas Raiders,Kansas City Chiefs,draftkings,player_reception_yds,Xavier Worthy,Under,35.5,-115,2026-10-04T04:52:29Z
20261004T045441Z,e0cbd266dcf997089203a1b33ba0333d,2026-10-04T20:25:00Z,Las Vegas Raiders,Kansas City Chiefs,draftkings,player_reception_yds,Michael Mayer,Over,23.5,-114,2026-10-04T04:52:29Z
20261004T045441Z,e0cbd266dcf997089203a1b33ba0333d,2026-10-04T20:25:00Z,Las Vegas Raiders,Kansas City Chiefs,draftkings,player_reception_yds,Michael Mayer,Under,23.5,-110,2026-10-04T04:52:29Z
20261004T045441Z,e0cbd266dcf997089203a1b33ba0333d,2026-10-04T20:25:00Z,Las Vegas Raiders,Kansas City Chiefs,draftkings,player_reception_yds,Kenneth Walker III,Over,21.5,-111,2026-10-04T04:52:29Z
20261004T045441Z,e0cbd266dcf997089203a1b33ba0333d,2026-10-04T20:25:00Z,Las Vegas Raiders,Kansas City Chiefs,draftkings,player_reception_yds,Kenneth Walker III,Under,21.5,-113,2026-10-04T04:52:29Z
20261004T045441Z,e0cbd266dcf997089203a1b33ba0333d,2026-10-04T20:25:00Z,Las Vegas Raiders,Kansas City Chiefs,draftkings,player_reception_yds,Tyquan Thornton,Over,20.5,-115,2026-10-04T04:52:29Z
20261004T045441Z,e0cbd266dcf997089203a1b33ba0333d,2026-10-04T20:25:00Z,Las Vegas Raiders,Kansas City Chiefs,draftkings,player_reception_yds,Tyquan Thornton,Under,20.5,-109,2026-10-04T04:52:29Z
20261004T045441Z,e0cbd266dcf997089203a1b33ba0333d,2026-10-04T20:25:00Z,Las Vegas Raiders,Kansas City Chiefs,draftkings,player_reception_yds,Ashton Jeanty,Over,19.5,-112,2026-10-04T04:52:29Z
20261004T045441Z,e0cbd266dcf997089203a1b33ba0333d,2026-10-04T20:25:00Z,Las Vegas Raiders,Kansas City Chiefs,draftkings,player_reception_yds,Ashton Jeanty,Under,19.5,-112,2026-10-04T04:52:29Z
20261004T045441Z,e0cbd266dcf997089203a1b33ba0333d,2026-10-04T20:25:00Z,Las Vegas Raiders,Kansas City Chiefs,draftkings,player_reception_yds,Jalen Nailor,Over,19.5,-108,2026-10-04T04:52:29Z
20261004T045441Z,e0cbd266dcf997089203a1b33ba0333d,2026-10-04T20:25:00Z,Las Vegas Raiders,Kansas City Chiefs,draftkings,player_reception_yds,Jalen Nailor,Under,19.5,-116,2026-10-04T04:52:29Z
20261004T045441Z,e0cbd266dcf997089203a1b33ba0333d,2026-10-04T20:25:00Z,Las Vegas Raiders,Kansas City Chiefs,draftkings,player_reception_yds,Cody White,Over,9.5,-113,2026-10-04T04:52:29Z
20261004T045441Z,e0cbd266dcf997089203a1b33ba0333d,2026-10-04T20:25:00Z,Las Vegas Raiders,Kansas City Chiefs,draftkings,player_reception_yds,Cody White,Under,9.5,-111,2026-10-04T04:52:29Z
20261004T045441Z,e0cbd266dcf997089203a1b33ba0333d,2026-10-04T20:25:00Z,Las Vegas Raiders,Kansas City Chiefs,draftkings,player_reception_yds,Noah Gray,Over,8.5,-116,2026-10-04T04:52:29Z
20261004T045441Z,e0cbd266dcf997089203a1b33ba0333d,2026-10-04T20:25:00Z,Las Vegas Raiders,Kansas City Chiefs,draftkings,player_reception_yds,Noah Gray,Under,8.5,-108,2026-10-04T04:52:29Z
20261004T045441Z,e0cbd266dcf997089203a1b33ba0333d,2026-10-04T20:25:00Z,Las Vegas Raiders,Kansas City Chiefs,draftkings,player_reception_yds,Emmett Johnson,Over,8.5,-112,2026-10-04T04:52:29Z
20261004T045441Z,e0cbd266dcf997089203a1b33ba0333d,2026-10-04T20:25:00Z,Las Vegas Raiders,Kansas City Chiefs,draftkings,player_reception_yds,Emmett Johnson,Under,8.5,-112,2026-10-04T04:52:29Z
20261004T045441Z,e0cbd266dcf997089203a1b33ba0333d,2026-10-04T20:25:00Z,Las Vegas Raiders,Kansas City Chiefs,draftkings,player_receptions,Brock Bowers,Over,6.5,-145,2026-10-04T04:52:29Z
20261004T045441Z,e0cbd266dcf997089203a1b33ba0333d,2026-10-04T20:25:00Z,Las Vegas Raiders,Kansas City Chiefs,draftkings,player_receptions,Brock Bowers,Under,6.5,114,2026-10-04T04:52:29Z
20261004T045441Z,e0cbd266dcf997089203a1b33ba0333d,2026-10-04T20:25:00Z,Las Vegas Raiders,Kansas City Chiefs,draftkings,player_receptions,Rashee Rice,Over,4.5,-136,2026-10-04T04:52:29Z
20261004T045441Z,e0cbd266dcf997089203a1b33ba0333d,2026-10-04T20:25:00Z,Las Vegas Raiders,Kansas City Chiefs,draftkings,player_receptions,Rashee Rice,Under,4.5,107,2026-10-04T04:52:29Z
20261004T045441Z,e0cbd266dcf997089203a1b33ba0333d,2026-10-04T20:25:00Z,Las Vegas Raiders,Kansas City Chiefs,draftkings,player_receptions,Travis Kelce,Over,4.5,105,2026-10-04T04:52:29Z
20261004T045441Z,e0cbd266dcf997089203a1b33ba0333d,2026-10-04T20:25:00Z,Las Vegas Raiders,Kansas City Chiefs,draftkings,player_receptions,Travis Kelce,Under,4.5,-134,2026-10-04T04:52:29Z
20261004T045441Z,e0cbd266dcf997089203a1b33ba0333d,2026-10-04T20:25:00Z,Las Vegas Raiders,Kansas City Chiefs,draftkings,player_receptions,Ashton Jeanty,Over,3.5,122,2026-10-04T04:52:29Z
20261004T045441Z,e0cbd266dcf997089203a1b33ba0333d,2026-10-04T20:25:00Z,Las Vegas Raiders,Kansas City Chiefs,draftkings,player_receptions,Ashton Jeanty,Under,3.5,-155,2026-10-04T04:52:29Z
20261004T045441Z,e0cbd266dcf997089203a1b33ba0333d,2026-10-04T20:25:00Z,Las Vegas Raiders,Kansas City Chiefs,draftkings,player_receptions,Tre Tucker,Over,3.5,128,2026-10-04T04:52:29Z
20261004T045441Z,e0cbd266dcf997089203a1b33ba0333d,2026-10-04T20:25:00Z,Las Vegas Raiders,Kansas City Chiefs,draftkings,player_receptions,Tre Tucker,Under,3.5,-164,2026-10-04T04:52:29Z
20261004T045441Z,e0cbd266dcf997089203a1b33ba0333d,2026-10-04T20:25:00Z,Las Vegas Raiders,Kansas City Chiefs,draftkings,player_receptions,Xavier Worthy,Over,3.5,132,2026-10-04T04:52:29Z
20261004T045441Z,e0cbd266dcf997089203a1b33ba0333d,2026-10-04T20:25:00Z,Las Vegas Raiders,Kansas City Chiefs,draftkings,player_receptions,Xavier Worthy,Under,3.5,-169,2026-10-04T04:52:29Z
20261004T045441Z,e0cbd266dcf997089203a1b33ba0333d,2026-10-04T20:25:00Z,Las Vegas Raiders,Kansas City Chiefs,draftkings,player_receptions,Kenneth Walker III,Over,2.5,-163,2026-10-04T04:52:29Z
20261004T045441Z,e0cbd266dcf997089203a1b33ba0333d,2026-10-04T20:25:00Z,Las Vegas Raiders,Kansas City Chiefs,draftkings,player_receptions,Kenneth Walker III,Under,2.5,128,2026-10-04T04:52:29Z
20261004T045441Z,e0cbd266dcf997089203a1b33ba0333d,2026-10-04T20:25:00Z,Las Vegas Raiders,Kansas City Chiefs,draftkings,player_receptions,Michael Mayer,Over,2.5,-133,2026-10-04T04:52:29Z
20261004T045441Z,e0cbd266dcf997089203a1b33ba0333d,2026-10-04T20:25:00Z,Las Vegas Raiders,Kansas City Chiefs,draftkings,player_receptions,Michael Mayer,Under,2.5,104,2026-10-04T04:52:29Z
20261004T045441Z,e0cbd266dcf997089203a1b33ba0333d,2026-10-04T20:25:00Z,Las Vegas Raiders,Kansas City Chiefs,draftkings,player_receptions,Jalen Nailor,Over,1.5,-156,2026-10-04T04:52:29Z
20261004T045441Z,e0cbd266dcf997089203a1b33ba0333d,2026-10-04T20:25:00Z,Las Vegas Raiders,Kansas City Chiefs,draftkings,player_receptions,Jalen Nailor,Under,1.5,122,2026-10-04T04:52:29Z
20261004T045441Z,e0cbd266dcf997089203a1b33ba0333d,2026-10-04T20:25:00Z,Las Vegas Raiders,Kansas City Chiefs,draftkings,player_receptions,Tyquan Thornton,Over,1.5,-108,2026-10-04T04:52:29Z
20261004T045441Z,e0cbd266dcf997089203a1b33ba0333d,2026-10-04T20:25:00Z,Las Vegas Raiders,Kansas City Chiefs,draftkings,player_receptions,Tyquan Thornton,Under,1.5,-118,2026-10-04T04:52:29Z
20261004T045441Z,e0cbd266dcf997089203a1b33ba0333d,2026-10-04T20:25:00Z,Las Vegas Raiders,Kansas City Chiefs,draftkings,player_receptions,Noah Gray,Over,1.5,152,2026-10-04T04:52:29Z
20261004T045441Z,e0cbd266dcf997089203a1b33ba0333d,2026-10-04T20:25:00Z,Las Vegas Raiders,Kansas City Chiefs,draftkings,player_receptions,Noah Gray,Under,1.5,-196,2026-10-04T04:52:29Z
20261004T045441Z,e0cbd266dcf997089203a1b33ba0333d,2026-10-04T20:25:00Z,Las Vegas Raiders,Kansas City Chiefs,draftkings,player_receptions,Emmett Johnson,Over,1.5,161,2026-10-04T04:52:29Z
20261004T045441Z,e0cbd266dcf997089203a1b33ba0333d,2026-10-04T20:25:00Z,Las Vegas Raiders,Kansas City Chiefs,draftkings,player_receptions,Emmett Johnson,Under,1.5,-207,2026-10-04T04:52:29Z
20261004T045441Z,e0cbd266dcf997089203a1b33ba0333d,2026-10-04T20:25:00Z,Las Vegas Raiders,Kansas City Chiefs,draftkings,player_receptions,Cody White,Over,1.5,176,2026-10-04T04:52:29Z
20261004T045441Z,e0cbd266dcf997089203a1b33ba0333d,2026-10-04T20:25:00Z,Las Vegas Raiders,Kansas City Chiefs,draftkings,player_receptions,Cody White,Under,1.5,-228,2026-10-04T04:52:29Z
20261004T045441Z,e0cbd266dcf997089203a1b33ba0333d,2026-10-04T20:25:00Z,Las Vegas Raiders,Kansas City Chiefs,draftkings,player_rush_yds,Kenneth Walker III,Over,88.5,-110,2026-10-04T04:52:29Z
20261004T045441Z,e0cbd266dcf997089203a1b33ba0333d,2026-10-04T20:25:00Z,Las Vegas Raiders,Kansas City Chiefs,draftkings,player_rush_yds,Kenneth Walker III,Under,88.5,-114,2026-10-04T04:52:29Z
20261004T045441Z,e0cbd266dcf997089203a1b33ba0333d,2026-10-04T20:25:00Z,Las Vegas Raiders,Kansas City Chiefs,draftkings,player_rush_yds,Ashton Jeanty,Over,59.5,-114,2026-10-04T04:52:29Z
20261004T045441Z,e0cbd266dcf997089203a1b33ba0333d,2026-10-04T20:25:00Z,Las Vegas Raiders,Kansas City Chiefs,draftkings,player_rush_yds,Ashton Jeanty,Under,59.5,-110,2026-10-04T04:52:29Z
20261004T045441Z,e0cbd266dcf997089203a1b33ba0333d,2026-10-04T20:25:00Z,Las Vegas Raiders,Kansas City Chiefs,draftkings,player_rush_yds,Mike Washington Jr.,Over,16.5,-116,2026-10-04T04:52:29Z
20261004T045441Z,e0cbd266dcf997089203a1b33ba0333d,2026-10-04T20:25:00Z,Las Vegas Raiders,Kansas City Chiefs,draftkings,player_rush_yds,Mike Washington Jr.,Under,16.5,-108,2026-10-04T04:52:29Z
20261004T045441Z,e0cbd266dcf997089203a1b33ba0333d,2026-10-04T20:25:00Z,Las Vegas Raiders,Kansas City Chiefs,draftkings,player_rush_yds,Patrick Mahomes,Over,15.5,-114,2026-10-04T04:52:29Z
20261004T045441Z,e0cbd266dcf997089203a1b33ba0333d,2026-10-04T20:25:00Z,Las Vegas Raiders,Kansas City Chiefs,draftkings,player_rush_yds,Patrick Mahomes,Under,15.5,-110,2026-10-04T04:52:29Z
20261004T045441Z,e0cbd266dcf997089203a1b33ba0333d,2026-10-04T20:25:00Z,Las Vegas Raiders,Kansas City Chiefs,draftkings,player_rush_yds,Emmett Johnson,Over,15.5,-112,2026-10-04T04:52:29Z
20261004T045441Z,e0cbd266dcf997089203a1b33ba0333d,2026-10-04T20:25:00Z,Las Vegas Raiders,Kansas City Chiefs,draftkings,player_rush_yds,Emmett Johnson,Under,15.5,-112,2026-10-04T04:52:29Z
20261004T045441Z,e0cbd266dcf997089203a1b33ba0333d,2026-10-04T20:25:00Z,Las Vegas Raiders,Kansas City Chiefs,draftkings,player_rush_yds,Kirk Cousins,Over,0.5,-103,2026-10-04T04:52:29Z
20261004T045441Z,e0cbd266dcf997089203a1b33ba0333d,2026-10-04T20:25:00Z,Las Vegas Raiders,Kansas City Chiefs,draftkings,player_rush_yds,Kirk Cousins,Under,0.5,-121,2026-10-04T04:52:29Z
20261004T045441Z,e0cbd266dcf997089203a1b33ba0333d,2026-10-04T20:25:00Z,Las Vegas Raiders,Kansas City Chiefs,fanduel,player_pass_yds,Kirk Cousins,Over,223.5,-113,2026-10-04T04:54:30Z
20261004T045441Z,e0cbd266dcf997089203a1b33ba0333d,2026-10-04T20:25:00Z,Las Vegas Raiders,Kansas City Chiefs,fanduel,player_pass_yds,Kirk Cousins,Under,223.5,-113,2026-10-04T04:54:30Z
20261004T045441Z,e0cbd266dcf997089203a1b33ba0333d,2026-10-04T20:25:00Z,Las Vegas Raiders,Kansas City Chiefs,fanduel,player_pass_yds,Patrick Mahomes,Over,236.5,-113,2026-10-04T04:54:30Z
20261004T045441Z,e0cbd266dcf997089203a1b33ba0333d,2026-10-04T20:25:00Z,Las Vegas Raiders,Kansas City Chiefs,fanduel,player_pass_yds,Patrick Mahomes,Under,236.5,-113,2026-10-04T04:54:30Z
20261004T045441Z,e0cbd266dcf997089203a1b33ba0333d,2026-10-04T20:25:00Z,Las Vegas Raiders,Kansas City Chiefs,fanduel,player_reception_yds,Xavier Worthy,Over,33.5,-113,2026-10-04T04:54:30Z
20261004T045441Z,e0cbd266dcf997089203a1b33ba0333d,2026-10-04T20:25:00Z,Las Vegas Raiders,Kansas City Chiefs,fanduel,player_reception_yds,Xavier Worthy,Under,33.5,-113,2026-10-04T04:54:30Z
20261004T045441Z,e0cbd266dcf997089203a1b33ba0333d,2026-10-04T20:25:00Z,Las Vegas Raiders,Kansas City Chiefs,fanduel,player_reception_yds,Tyquan Thornton,Over,22.5,-113,2026-10-04T04:54:30Z
20261004T045441Z,e0cbd266dcf997089203a1b33ba0333d,2026-10-04T20:25:00Z,Las Vegas Raiders,Kansas City Chiefs,fanduel,player_reception_yds,Tyquan Thornton,Under,22.5,-113,2026-10-04T04:54:30Z
20261004T045441Z,e0cbd266dcf997089203a1b33ba0333d,2026-10-04T20:25:00Z,Las Vegas Raiders,Kansas City Chiefs,fanduel,player_reception_yds,Michael Mayer,Over,21.5,-113,2026-10-04T04:54:30Z
20261004T045441Z,e0cbd266dcf997089203a1b33ba0333d,2026-10-04T20:25:00Z,Las Vegas Raiders,Kansas City Chiefs,fanduel,player_reception_yds,Michael Mayer,Under,21.5,-113,2026-10-04T04:54:30Z
20261004T045441Z,e0cbd266dcf997089203a1b33ba0333d,2026-10-04T20:25:00Z,Las Vegas Raiders,Kansas City Chiefs,fanduel,player_reception_yds,Cody White,Over,9.5,-113,2026-10-04T04:54:30Z
20261004T045441Z,e0cbd266dcf997089203a1b33ba0333d,2026-10-04T20:25:00Z,Las Vegas Raiders,Kansas City Chiefs,fanduel,player_reception_yds,Cody White,Under,9.5,-113,2026-10-04T04:54:30Z
20261004T045441Z,e0cbd266dcf997089203a1b33ba0333d,2026-10-04T20:25:00Z,Las Vegas Raiders,Kansas City Chiefs,fanduel,player_reception_yds,Travis Kelce,Over,47.5,-113,2026-10-04T04:54:30Z
20261004T045441Z,e0cbd266dcf997089203a1b33ba0333d,2026-10-04T20:25:00Z,Las Vegas Raiders,Kansas City Chiefs,fanduel,player_reception_yds,Travis Kelce,Under,47.5,-113,2026-10-04T04:54:30Z
20261004T045441Z,e0cbd266dcf997089203a1b33ba0333d,2026-10-04T20:25:00Z,Las Vegas Raiders,Kansas City Chiefs,fanduel,player_reception_yds,Emmett Johnson,Over,8.5,-113,2026-10-04T04:54:30Z
20261004T045441Z,e0cbd266dcf997089203a1b33ba0333d,2026-10-04T20:25:00Z,Las Vegas Raiders,Kansas City Chiefs,fanduel,player_reception_yds,Emmett Johnson,Under,8.5,-113,2026-10-04T04:54:30Z
20261004T045441Z,e0cbd266dcf997089203a1b33ba0333d,2026-10-04T20:25:00Z,Las Vegas Raiders,Kansas City Chiefs,fanduel,player_reception_yds,Rashee Rice,Over,55.5,-113,2026-10-04T04:54:30Z
20261004T045441Z,e0cbd266dcf997089203a1b33ba0333d,2026-10-04T20:25:00Z,Las Vegas Raiders,Kansas City Chiefs,fanduel,player_reception_yds,Rashee Rice,Under,55.5,-113,2026-10-04T04:54:30Z
20261004T045441Z,e0cbd266dcf997089203a1b33ba0333d,2026-10-04T20:25:00Z,Las Vegas Raiders,Kansas City Chiefs,fanduel,player_reception_yds,Ashton Jeanty,Over,19.5,-113,2026-10-04T04:54:30Z
20261004T045441Z,e0cbd266dcf997089203a1b33ba0333d,2026-10-04T20:25:00Z,Las Vegas Raiders,Kansas City Chiefs,fanduel,player_reception_yds,Ashton Jeanty,Under,19.5,-113,2026-10-04T04:54:30Z
20261004T045441Z,e0cbd266dcf997089203a1b33ba0333d,2026-10-04T20:25:00Z,Las Vegas Raiders,Kansas City Chiefs,fanduel,player_reception_yds,Tre Tucker,Over,38.5,-113,2026-10-04T04:54:30Z
20261004T045441Z,e0cbd266dcf997089203a1b33ba0333d,2026-10-04T20:25:00Z,Las Vegas Raiders,Kansas City Chiefs,fanduel,player_reception_yds,Tre Tucker,Under,38.5,-113,2026-10-04T04:54:30Z
20261004T045441Z,e0cbd266dcf997089203a1b33ba0333d,2026-10-04T20:25:00Z,Las Vegas Raiders,Kansas City Chiefs,fanduel,player_reception_yds,Noah Gray,Over,8.5,-113,2026-10-04T04:54:30Z
20261004T045441Z,e0cbd266dcf997089203a1b33ba0333d,2026-10-04T20:25:00Z,Las Vegas Raiders,Kansas City Chiefs,fanduel,player_reception_yds,Noah Gray,Under,8.5,-113,2026-10-04T04:54:30Z
20261004T045441Z,e0cbd266dcf997089203a1b33ba0333d,2026-10-04T20:25:00Z,Las Vegas Raiders,Kansas City Chiefs,fanduel,player_reception_yds,Jalen Nailor,Over,19.5,-113,2026-10-04T04:54:30Z
20261004T045441Z,e0cbd266dcf997089203a1b33ba0333d,2026-10-04T20:25:00Z,Las Vegas Raiders,Kansas City Chiefs,fanduel,player_reception_yds,Jalen Nailor,Under,19.5,-113,2026-10-04T04:54:30Z
20261004T045441Z,e0cbd266dcf997089203a1b33ba0333d,2026-10-04T20:25:00Z,Las Vegas Raiders,Kansas City Chiefs,fanduel,player_reception_yds,Kenneth Walker III,Over,20.5,-113,2026-10-04T04:54:30Z
20261004T045441Z,e0cbd266dcf997089203a1b33ba0333d,2026-10-04T20:25:00Z,Las Vegas Raiders,Kansas City Chiefs,fanduel,player_reception_yds,Kenneth Walker III,Under,20.5,-113,2026-10-04T04:54:30Z
20261004T045441Z,e0cbd266dcf997089203a1b33ba0333d,2026-10-04T20:25:00Z,Las Vegas Raiders,Kansas City Chiefs,fanduel,player_reception_yds,Brock Bowers,Over,72.5,-113,2026-10-04T04:54:30Z
20261004T045441Z,e0cbd266dcf997089203a1b33ba0333d,2026-10-04T20:25:00Z,Las Vegas Raiders,Kansas City Chiefs,fanduel,player_reception_yds,Brock Bowers,Under,72.5,-113,2026-10-04T04:54:30Z
20261004T045441Z,e0cbd266dcf997089203a1b33ba0333d,2026-10-04T20:25:00Z,Las Vegas Raiders,Kansas City Chiefs,fanduel,player_receptions,Rashee Rice,Over,4.5,-130,2026-10-04T04:54:30Z
20261004T045441Z,e0cbd266dcf997089203a1b33ba0333d,2026-10-04T20:25:00Z,Las Vegas Raiders,Kansas City Chiefs,fanduel,player_receptions,Rashee Rice,Under,4.5,-102,2026-10-04T04:54:30Z
20261004T045441Z,e0cbd266dcf997089203a1b33ba0333d,2026-10-04T20:25:00Z,Las Vegas Raiders,Kansas City Chiefs,fanduel,player_receptions,Cody White,Over,1.5,148,2026-10-04T04:54:30Z
20261004T045441Z,e0cbd266dcf997089203a1b33ba0333d,2026-10-04T20:25:00Z,Las Vegas Raiders,Kansas City Chiefs,fanduel,player_receptions,Cody White,Under,1.5,-200,2026-10-04T04:54:30Z
20261004T045441Z,e0cbd266dcf997089203a1b33ba0333d,2026-10-04T20:25:00Z,Las Vegas Raiders,Kansas City Chiefs,fanduel,player_receptions,Xavier Worthy,Over,3.5,134,2026-10-04T04:54:30Z
20261004T045441Z,e0cbd266dcf997089203a1b33ba0333d,2026-10-04T20:25:00Z,Las Vegas Raiders,Kansas City Chiefs,fanduel,player_receptions,Xavier Worthy,Under,3.5,-180,2026-10-04T04:54:30Z
20261004T045441Z,e0cbd266dcf997089203a1b33ba0333d,2026-10-04T20:25:00Z,Las Vegas Raiders,Kansas City Chiefs,fanduel,player_receptions,Jalen Nailor,Over,1.5,-172,2026-10-04T04:54:30Z
20261004T045441Z,e0cbd266dcf997089203a1b33ba0333d,2026-10-04T20:25:00Z,Las Vegas Raiders,Kansas City Chiefs,fanduel,player_receptions,Jalen Nailor,Under,1.5,128,2026-10-04T04:54:30Z
20261004T045441Z,e0cbd266dcf997089203a1b33ba0333d,2026-10-04T20:25:00Z,Las Vegas Raiders,Kansas City Chiefs,fanduel,player_receptions,Emmett Johnson,Over,1.5,144,2026-10-04T04:54:30Z
20261004T045441Z,e0cbd266dcf997089203a1b33ba0333d,2026-10-04T20:25:00Z,Las Vegas Raiders,Kansas City Chiefs,fanduel,player_receptions,Emmett Johnson,Under,1.5,-194,2026-10-04T04:54:30Z
20261004T045441Z,e0cbd266dcf997089203a1b33ba0333d,2026-10-04T20:25:00Z,Las Vegas Raiders,Kansas City Chiefs,fanduel,player_receptions,Travis Kelce,Over,4.5,106,2026-10-04T04:54:30Z
20261004T045441Z,e0cbd266dcf997089203a1b33ba0333d,2026-10-04T20:25:00Z,Las Vegas Raiders,Kansas City Chiefs,fanduel,player_receptions,Travis Kelce,Under,4.5,-140,2026-10-04T04:54:30Z
20261004T045441Z,e0cbd266dcf997089203a1b33ba0333d,2026-10-04T20:25:00Z,Las Vegas Raiders,Kansas City Chiefs,fanduel,player_receptions,Tyquan Thornton,Over,1.5,-102,2026-10-04T04:54:30Z
20261004T045441Z,e0cbd266dcf997089203a1b33ba0333d,2026-10-04T20:25:00Z,Las Vegas Raiders,Kansas City Chiefs,fanduel,player_receptions,Tyquan Thornton,Under,1.5,-130,2026-10-04T04:54:30Z
20261004T045441Z,e0cbd266dcf997089203a1b33ba0333d,2026-10-04T20:25:00Z,Las Vegas Raiders,Kansas City Chiefs,fanduel,player_receptions,Noah Gray,Over,1.5,154,2026-10-04T04:54:30Z
20261004T045441Z,e0cbd266dcf997089203a1b33ba0333d,2026-10-04T20:25:00Z,Las Vegas Raiders,Kansas City Chiefs,fanduel,player_receptions,Noah Gray,Under,1.5,-210,2026-10-04T04:54:30Z
20261004T045441Z,e0cbd266dcf997089203a1b33ba0333d,2026-10-04T20:25:00Z,Las Vegas Raiders,Kansas City Chiefs,fanduel,player_receptions,Michael Mayer,Over,2.5,-128,2026-10-04T04:54:30Z
20261004T045441Z,e0cbd266dcf997089203a1b33ba0333d,2026-10-04T20:25:00Z,Las Vegas Raiders,Kansas City Chiefs,fanduel,player_receptions,Michael Mayer,Under,2.5,-104,2026-10-04T04:54:30Z
20261004T045441Z,e0cbd266dcf997089203a1b33ba0333d,2026-10-04T20:25:00Z,Las Vegas Raiders,Kansas City Chiefs,fanduel,player_receptions,Tre Tucker,Over,3.5,118,2026-10-04T04:54:30Z
20261004T045441Z,e0cbd266dcf997089203a1b33ba0333d,2026-10-04T20:25:00Z,Las Vegas Raiders,Kansas City Chiefs,fanduel,player_receptions,Tre Tucker,Under,3.5,-158,2026-10-04T04:54:30Z
20261004T045441Z,e0cbd266dcf997089203a1b33ba0333d,2026-10-04T20:25:00Z,Las Vegas Raiders,Kansas City Chiefs,fanduel,player_receptions,Brock Bowers,Over,6.5,-138,2026-10-04T04:54:30Z
20261004T045441Z,e0cbd266dcf997089203a1b33ba0333d,2026-10-04T20:25:00Z,Las Vegas Raiders,Kansas City Chiefs,fanduel,player_receptions,Brock Bowers,Under,6.5,104,2026-10-04T04:54:30Z
20261004T045441Z,e0cbd266dcf997089203a1b33ba0333d,2026-10-04T20:25:00Z,Las Vegas Raiders,Kansas City Chiefs,fanduel,player_receptions,Ashton Jeanty,Over,3.5,120,2026-10-04T04:54:30Z
20261004T045441Z,e0cbd266dcf997089203a1b33ba0333d,2026-10-04T20:25:00Z,Las Vegas Raiders,Kansas City Chiefs,fanduel,player_receptions,Ashton Jeanty,Under,3.5,-160,2026-10-04T04:54:30Z
20261004T045441Z,e0cbd266dcf997089203a1b33ba0333d,2026-10-04T20:25:00Z,Las Vegas Raiders,Kansas City Chiefs,fanduel,player_receptions,Kenneth Walker III,Over,2.5,-154,2026-10-04T04:54:30Z
20261004T045441Z,e0cbd266dcf997089203a1b33ba0333d,2026-10-04T20:25:00Z,Las Vegas Raiders,Kansas City Chiefs,fanduel,player_receptions,Kenneth Walker III,Under,2.5,116,2026-10-04T04:54:30Z
20261004T045441Z,e0cbd266dcf997089203a1b33ba0333d,2026-10-04T20:25:00Z,Las Vegas Raiders,Kansas City Chiefs,fanduel,player_rush_yds,Emmett Johnson,Over,17.5,-113,2026-10-04T04:54:30Z
20261004T045441Z,e0cbd266dcf997089203a1b33ba0333d,2026-10-04T20:25:00Z,Las Vegas Raiders,Kansas City Chiefs,fanduel,player_rush_yds,Emmett Johnson,Under,17.5,-113,2026-10-04T04:54:30Z
20261004T045441Z,e0cbd266dcf997089203a1b33ba0333d,2026-10-04T20:25:00Z,Las Vegas Raiders,Kansas City Chiefs,fanduel,player_rush_yds,Patrick Mahomes,Over,15.5,-113,2026-10-04T04:54:30Z
20261004T045441Z,e0cbd266dcf997089203a1b33ba0333d,2026-10-04T20:25:00Z,Las Vegas Raiders,Kansas City Chiefs,fanduel,player_rush_yds,Patrick Mahomes,Under,15.5,-113,2026-10-04T04:54:30Z
20261004T045441Z,e0cbd266dcf997089203a1b33ba0333d,2026-10-04T20:25:00Z,Las Vegas Raiders,Kansas City Chiefs,fanduel,player_rush_yds,Mike Washington Jr.,Over,16.5,-113,2026-10-04T04:54:30Z
20261004T045441Z,e0cbd266dcf997089203a1b33ba0333d,2026-10-04T20:25:00Z,Las Vegas Raiders,Kansas City Chiefs,fanduel,player_rush_yds,Mike Washington Jr.,Under,16.5,-113,2026-10-04T04:54:30Z
20261004T045441Z,e0cbd266dcf997089203a1b33ba0333d,2026-10-04T20:25:00Z,Las Vegas Raiders,Kansas City Chiefs,fanduel,player_rush_yds,Kirk Cousins,Over,0.5,-102,2026-10-04T04:54:30Z
20261004T045441Z,e0cbd266dcf997089203a1b33ba0333d,2026-10-04T20:25:00Z,Las Vegas Raiders,Kansas City Chiefs,fanduel,player_rush_yds,Kirk Cousins,Under,0.5,-125,2026-10-04T04:54:30Z
20261004T045441Z,e0cbd266dcf997089203a1b33ba0333d,2026-10-04T20:25:00Z,Las Vegas Raiders,Kansas City Chiefs,fanduel,player_rush_yds,Kenneth Walker III,Over,86.5,-113,2026-10-04T04:54:30Z
20261004T045441Z,e0cbd266dcf997089203a1b33ba0333d,2026-10-04T20:25:00Z,Las Vegas Raiders,Kansas City Chiefs,fanduel,player_rush_yds,Kenneth Walker III,Under,86.5,-113,2026-10-04T04:54:30Z
20261004T045441Z,e0cbd266dcf997089203a1b33ba0333d,2026-10-04T20:25:00Z,Las Vegas Raiders,Kansas City Chiefs,fanduel,player_rush_yds,Ashton Jeanty,Over,57.5,-113,2026-10-04T04:54:30Z
20261004T045441Z,e0cbd266dcf997089203a1b33ba0333d,2026-10-04T20:25:00Z,Las Vegas Raiders,Kansas City Chiefs,fanduel,player_rush_yds,Ashton Jeanty,Under,57.5,-113,2026-10-04T04:54:30Z
20261004T045441Z,e0cbd266dcf997089203a1b33ba0333d,2026-10-04T20:25:00Z,Las Vegas Raiders,Kansas City Chiefs,betonlineag,player_pass_yds,Patrick Mahomes,Over,236.5,-116,2026-10-04T04:54:26Z
20261004T045441Z,e0cbd266dcf997089203a1b33ba0333d,2026-10-04T20:25:00Z,Las Vegas Raiders,Kansas City Chiefs,betonlineag,player_pass_yds,Patrick Mahomes,Under,236.5,-111,2026-10-04T04:54:26Z
20261004T045441Z,e0cbd266dcf997089203a1b33ba0333d,2026-10-04T20:25:00Z,Las Vegas Raiders,Kansas City Chiefs,betonlineag,player_pass_yds,Kirk Cousins,Over,222.5,-114,2026-10-04T04:54:26Z
20261004T045441Z,e0cbd266dcf997089203a1b33ba0333d,2026-10-04T20:25:00Z,Las Vegas Raiders,Kansas City Chiefs,betonlineag,player_pass_yds,Kirk Cousins,Under,222.5,-114,2026-10-04T04:54:26Z
20261004T045441Z,e0cbd266dcf997089203a1b33ba0333d,2026-10-04T20:25:00Z,Las Vegas Raiders,Kansas City Chiefs,betonlineag,player_reception_yds,Jalen Nailor,Over,19.5,-114,2026-10-04T04:54:26Z
20261004T045441Z,e0cbd266dcf997089203a1b33ba0333d,2026-10-04T20:25:00Z,Las Vegas Raiders,Kansas City Chiefs,betonlineag,player_reception_yds,Jalen Nailor,Under,19.5,-114,2026-10-04T04:54:26Z
20261004T045441Z,e0cbd266dcf997089203a1b33ba0333d,2026-10-04T20:25:00Z,Las Vegas Raiders,Kansas City Chiefs,betonlineag,player_reception_yds,Xavier Worthy,Over,33.5,-118,2026-10-04T04:54:26Z
20261004T045441Z,e0cbd266dcf997089203a1b33ba0333d,2026-10-04T20:25:00Z,Las Vegas Raiders,Kansas City Chiefs,betonlineag,player_reception_yds,Xavier Worthy,Under,33.5,-110,2026-10-04T04:54:26Z
20261004T045441Z,e0cbd266dcf997089203a1b33ba0333d,2026-10-04T20:25:00Z,Las Vegas Raiders,Kansas City Chiefs,betonlineag,player_reception_yds,Ashton Jeanty,Over,19.5,-115,2026-10-04T04:54:26Z
20261004T045441Z,e0cbd266dcf997089203a1b33ba0333d,2026-10-04T20:25:00Z,Las Vegas Raiders,Kansas City Chiefs,betonlineag,player_reception_yds,Ashton Jeanty,Under,19.5,-112,2026-10-04T04:54:26Z
20261004T045441Z,e0cbd266dcf997089203a1b33ba0333d,2026-10-04T20:25:00Z,Las Vegas Raiders,Kansas City Chiefs,betonlineag,player_reception_yds,Tre Tucker,Over,37.5,-114,2026-10-04T04:54:26Z
20261004T045441Z,e0cbd266dcf997089203a1b33ba0333d,2026-10-04T20:25:00Z,Las Vegas Raiders,Kansas City Chiefs,betonlineag,player_reception_yds,Tre Tucker,Under,37.5,-114,2026-10-04T04:54:26Z
20261004T045441Z,e0cbd266dcf997089203a1b33ba0333d,2026-10-04T20:25:00Z,Las Vegas Raiders,Kansas City Chiefs,betonlineag,player_reception_yds,Kenneth Walker III,Over,20.5,-118,2026-10-04T04:54:26Z
20261004T045441Z,e0cbd266dcf997089203a1b33ba0333d,2026-10-04T20:25:00Z,Las Vegas Raiders,Kansas City Chiefs,betonlineag,player_reception_yds,Kenneth Walker III,Under,20.5,-110,2026-10-04T04:54:26Z
20261004T045441Z,e0cbd266dcf997089203a1b33ba0333d,2026-10-04T20:25:00Z,Las Vegas Raiders,Kansas City Chiefs,betonlineag,player_reception_yds,Michael Mayer,Over,21.5,-120,2026-10-04T04:54:26Z
20261004T045441Z,e0cbd266dcf997089203a1b33ba0333d,2026-10-04T20:25:00Z,Las Vegas Raiders,Kansas City Chiefs,betonlineag,player_reception_yds,Michael Mayer,Under,21.5,-108,2026-10-04T04:54:26Z
20261004T045441Z,e0cbd266dcf997089203a1b33ba0333d,2026-10-04T20:25:00Z,Las Vegas Raiders,Kansas City Chiefs,betonlineag,player_reception_yds,Noah Gray,Over,8.5,-118,2026-10-04T04:54:26Z
20261004T045441Z,e0cbd266dcf997089203a1b33ba0333d,2026-10-04T20:25:00Z,Las Vegas Raiders,Kansas City Chiefs,betonlineag,player_reception_yds,Noah Gray,Under,8.5,-110,2026-10-04T04:54:26Z
20261004T045441Z,e0cbd266dcf997089203a1b33ba0333d,2026-10-04T20:25:00Z,Las Vegas Raiders,Kansas City Chiefs,betonlineag,player_reception_yds,Emmett Johnson,Over,8.5,-115,2026-10-04T04:54:26Z
20261004T045441Z,e0cbd266dcf997089203a1b33ba0333d,2026-10-04T20:25:00Z,Las Vegas Raiders,Kansas City Chiefs,betonlineag,player_reception_yds,Emmett Johnson,Under,8.5,-112,2026-10-04T04:54:26Z
20261004T045441Z,e0cbd266dcf997089203a1b33ba0333d,2026-10-04T20:25:00Z,Las Vegas Raiders,Kansas City Chiefs,betonlineag,player_reception_yds,Travis Kelce,Over,47.5,-122,2026-10-04T04:54:26Z
20261004T045441Z,e0cbd266dcf997089203a1b33ba0333d,2026-10-04T20:25:00Z,Las Vegas Raiders,Kansas City Chiefs,betonlineag,player_reception_yds,Travis Kelce,Under,47.5,-106,2026-10-04T04:54:26Z
20261004T045441Z,e0cbd266dcf997089203a1b33ba0333d,2026-10-04T20:25:00Z,Las Vegas Raiders,Kansas City Chiefs,betonlineag,player_reception_yds,Brock Bowers,Over,73.5,-114,2026-10-04T04:54:26Z
20261004T045441Z,e0cbd266dcf997089203a1b33ba0333d,2026-10-04T20:25:00Z,Las Vegas Raiders,Kansas City Chiefs,betonlineag,player_reception_yds,Brock Bowers,Under,73.5,-114,2026-10-04T04:54:26Z
20261004T045441Z,e0cbd266dcf997089203a1b33ba0333d,2026-10-04T20:25:00Z,Las Vegas Raiders,Kansas City Chiefs,betonlineag,player_reception_yds,Tyquan Thornton,Over,21.5,-114,2026-10-04T04:54:26Z
20261004T045441Z,e0cbd266dcf997089203a1b33ba0333d,2026-10-04T20:25:00Z,Las Vegas Raiders,Kansas City Chiefs,betonlineag,player_reception_yds,Tyquan Thornton,Under,21.5,-114,2026-10-04T04:54:26Z
20261004T045441Z,e0cbd266dcf997089203a1b33ba0333d,2026-10-04T20:25:00Z,Las Vegas Raiders,Kansas City Chiefs,betonlineag,player_reception_yds,Cody White,Over,9.5,-115,2026-10-04T04:54:26Z
20261004T045441Z,e0cbd266dcf997089203a1b33ba0333d,2026-10-04T20:25:00Z,Las Vegas Raiders,Kansas City Chiefs,betonlineag,player_reception_yds,Cody White,Under,9.5,-112,2026-10-04T04:54:26Z
20261004T045441Z,e0cbd266dcf997089203a1b33ba0333d,2026-10-04T20:25:00Z,Las Vegas Raiders,Kansas City Chiefs,betonlineag,player_reception_yds,Rashee Rice,Over,57.5,-114,2026-10-04T04:54:26Z
20261004T045441Z,e0cbd266dcf997089203a1b33ba0333d,2026-10-04T20:25:00Z,Las Vegas Raiders,Kansas City Chiefs,betonlineag,player_reception_yds,Rashee Rice,Under,57.5,-114,2026-10-04T04:54:26Z
20261004T045441Z,e0cbd266dcf997089203a1b33ba0333d,2026-10-04T20:25:00Z,Las Vegas Raiders,Kansas City Chiefs,betonlineag,player_receptions,Jalen Nailor,Over,1.5,-143,2026-10-04T04:54:26Z
20261004T045441Z,e0cbd266dcf997089203a1b33ba0333d,2026-10-04T20:25:00Z,Las Vegas Raiders,Kansas City Chiefs,betonlineag,player_receptions,Jalen Nailor,Under,1.5,110,2026-10-04T04:54:26Z
20261004T045441Z,e0cbd266dcf997089203a1b33ba0333d,2026-10-04T20:25:00Z,Las Vegas Raiders,Kansas City Chiefs,betonlineag,player_receptions,Travis Kelce,Over,4.5,104,2026-10-04T04:54:26Z
20261004T045441Z,e0cbd266dcf997089203a1b33ba0333d,2026-10-04T20:25:00Z,Las Vegas Raiders,Kansas City Chiefs,betonlineag,player_receptions,Travis Kelce,Under,4.5,-135,2026-10-04T04:54:26Z
20261004T045441Z,e0cbd266dcf997089203a1b33ba0333d,2026-10-04T20:25:00Z,Las Vegas Raiders,Kansas City Chiefs,betonlineag,player_receptions,Michael Mayer,Over,2.5,-128,2026-10-04T04:54:26Z
20261004T045441Z,e0cbd266dcf997089203a1b33ba0333d,2026-10-04T20:25:00Z,Las Vegas Raiders,Kansas City Chiefs,betonlineag,player_receptions,Michael Mayer,Under,2.5,-101,2026-10-04T04:54:26Z
20261004T045441Z,e0cbd266dcf997089203a1b33ba0333d,2026-10-04T20:25:00Z,Las Vegas Raiders,Kansas City Chiefs,betonlineag,player_receptions,Tyquan Thornton,Over,1.5,-105,2026-10-04T04:54:26Z
20261004T045441Z,e0cbd266dcf997089203a1b33ba0333d,2026-10-04T20:25:00Z,Las Vegas Raiders,Kansas City Chiefs,betonlineag,player_receptions,Tyquan Thornton,Under,1.5,-123,2026-10-04T04:54:26Z
20261004T045441Z,e0cbd266dcf997089203a1b33ba0333d,2026-10-04T20:25:00Z,Las Vegas Raiders,Kansas City Chiefs,betonlineag,player_receptions,Tre Tucker,Over,3.5,120,2026-10-04T04:54:26Z
20261004T045441Z,e0cbd266dcf997089203a1b33ba0333d,2026-10-04T20:25:00Z,Las Vegas Raiders,Kansas City Chiefs,betonlineag,player_receptions,Tre Tucker,Under,3.5,-156,2026-10-04T04:54:26Z
20261004T045441Z,e0cbd266dcf997089203a1b33ba0333d,2026-10-04T20:25:00Z,Las Vegas Raiders,Kansas City Chiefs,betonlineag,player_receptions,Rashee Rice,Over,4.5,-130,2026-10-04T04:54:26Z
20261004T045441Z,e0cbd266dcf997089203a1b33ba0333d,2026-10-04T20:25:00Z,Las Vegas Raiders,Kansas City Chiefs,betonlineag,player_receptions,Rashee Rice,Under,4.5,100,2026-10-04T04:54:26Z
20261004T045441Z,e0cbd266dcf997089203a1b33ba0333d,2026-10-04T20:25:00Z,Las Vegas Raiders,Kansas City Chiefs,betonlineag,player_receptions,Ashton Jeanty,Over,3.5,110,2026-10-04T04:54:26Z
20261004T045441Z,e0cbd266dcf997089203a1b33ba0333d,2026-10-04T20:25:00Z,Las Vegas Raiders,Kansas City Chiefs,betonlineag,player_receptions,Ashton Jeanty,Under,3.5,-143,2026-10-04T04:54:26Z
20261004T045441Z,e0cbd266dcf997089203a1b33ba0333d,2026-10-04T20:25:00Z,Las Vegas Raiders,Kansas City Chiefs,betonlineag,player_receptions,Brock Bowers,Over,6.5,-145,2026-10-04T04:54:26Z
20261004T045441Z,e0cbd266dcf997089203a1b33ba0333d,2026-10-04T20:25:00Z,Las Vegas Raiders,Kansas City Chiefs,betonlineag,player_receptions,Brock Bowers,Under,6.5,111,2026-10-04T04:54:26Z
20261004T045441Z,e0cbd266dcf997089203a1b33ba0333d,2026-10-04T20:25:00Z,Las Vegas Raiders,Kansas City Chiefs,betonlineag,player_receptions,Noah Gray,Over,1.5,152,2026-10-04T04:54:26Z
20261004T045441Z,e0cbd266dcf997089203a1b33ba0333d,2026-10-04T20:25:00Z,Las Vegas Raiders,Kansas City Chiefs,betonlineag,player_receptions,Noah Gray,Under,1.5,-200,2026-10-04T04:54:26Z
20261004T045441Z,e0cbd266dcf997089203a1b33ba0333d,2026-10-04T20:25:00Z,Las Vegas Raiders,Kansas City Chiefs,betonlineag,player_receptions,Xavier Worthy,Over,3.5,130,2026-10-04T04:54:26Z
20261004T045441Z,e0cbd266dcf997089203a1b33ba0333d,2026-10-04T20:25:00Z,Las Vegas Raiders,Kansas City Chiefs,betonlineag,player_receptions,Xavier Worthy,Under,3.5,-169,2026-10-04T04:54:26Z
20261004T045441Z,e0cbd266dcf997089203a1b33ba0333d,2026-10-04T20:25:00Z,Las Vegas Raiders,Kansas City Chiefs,betonlineag,player_receptions,Kenneth Walker III,Over,2.5,-169,2026-10-04T04:54:26Z
20261004T045441Z,e0cbd266dcf997089203a1b33ba0333d,2026-10-04T20:25:00Z,Las Vegas Raiders,Kansas City Chiefs,betonlineag,player_receptions,Kenneth Walker III,Under,2.5,130,2026-10-04T04:54:26Z
20261004T045441Z,e0cbd266dcf997089203a1b33ba0333d,2026-10-04T20:25:00Z,Las Vegas Raiders,Kansas City Chiefs,betonlineag,player_receptions,Emmett Johnson,Over,1.5,146,2026-10-04T04:54:26Z
20261004T045441Z,e0cbd266dcf997089203a1b33ba0333d,2026-10-04T20:25:00Z,Las Vegas Raiders,Kansas City Chiefs,betonlineag,player_receptions,Emmett Johnson,Under,1.5,-192,2026-10-04T04:54:26Z
20261004T045441Z,e0cbd266dcf997089203a1b33ba0333d,2026-10-04T20:25:00Z,Las Vegas Raiders,Kansas City Chiefs,betonlineag,player_receptions,Cody White,Over,1.5,161,2026-10-04T04:54:26Z
20261004T045441Z,e0cbd266dcf997089203a1b33ba0333d,2026-10-04T20:25:00Z,Las Vegas Raiders,Kansas City Chiefs,betonlineag,player_receptions,Cody White,Under,1.5,-213,2026-10-04T04:54:26Z
20261004T045441Z,e0cbd266dcf997089203a1b33ba0333d,2026-10-04T20:25:00Z,Las Vegas Raiders,Kansas City Chiefs,betonlineag,player_rush_yds,Kenneth Walker III,Over,86.5,-114,2026-10-04T04:54:26Z
20261004T045441Z,e0cbd266dcf997089203a1b33ba0333d,2026-10-04T20:25:00Z,Las Vegas Raiders,Kansas City Chiefs,betonlineag,player_rush_yds,Kenneth Walker III,Under,86.5,-114,2026-10-04T04:54:26Z
20261004T045441Z,e0cbd266dcf997089203a1b33ba0333d,2026-10-04T20:25:00Z,Las Vegas Raiders,Kansas City Chiefs,betonlineag,player_rush_yds,Patrick Mahomes,Over,15.5,-115,2026-10-04T04:54:26Z
20261004T045441Z,e0cbd266dcf997089203a1b33ba0333d,2026-10-04T20:25:00Z,Las Vegas Raiders,Kansas City Chiefs,betonlineag,player_rush_yds,Patrick Mahomes,Under,15.5,-112,2026-10-04T04:54:26Z
20261004T045441Z,e0cbd266dcf997089203a1b33ba0333d,2026-10-04T20:25:00Z,Las Vegas Raiders,Kansas City Chiefs,betonlineag,player_rush_yds,Mike Washington Jr.,Over,16.5,-118,2026-10-04T04:54:26Z
20261004T045441Z,e0cbd266dcf997089203a1b33ba0333d,2026-10-04T20:25:00Z,Las Vegas Raiders,Kansas City Chiefs,betonlineag,player_rush_yds,Mike Washington Jr.,Under,16.5,-110,2026-10-04T04:54:26Z
20261004T045441Z,e0cbd266dcf997089203a1b33ba0333d,2026-10-04T20:25:00Z,Las Vegas Raiders,Kansas City Chiefs,betonlineag,player_rush_yds,Emmett Johnson,Over,16.5,-114,2026-10-04T04:54:26Z
20261004T045441Z,e0cbd266dcf997089203a1b33ba0333d,2026-10-04T20:25:00Z,Las Vegas Raiders,Kansas City Chiefs,betonlineag,player_rush_yds,Emmett Johnson,Under,16.5,-114,2026-10-04T04:54:26Z
20261004T045441Z,e0cbd266dcf997089203a1b33ba0333d,2026-10-04T20:25:00Z,Las Vegas Raiders,Kansas City Chiefs,betonlineag,player_rush_yds,Ashton Jeanty,Over,57.5,-114,2026-10-04T04:54:26Z
20261004T045441Z,e0cbd266dcf997089203a1b33ba0333d,2026-10-04T20:25:00Z,Las Vegas Raiders,Kansas City Chiefs,betonlineag,player_rush_yds,Ashton Jeanty,Under,57.5,-114,2026-10-04T04:54:26Z
20261004T045441Z,e0cbd266dcf997089203a1b33ba0333d,2026-10-04T20:25:00Z,Las Vegas Raiders,Kansas City Chiefs,betrivers,player_pass_yds,Kirk Cousins,Over,226.5,-115,2026-10-04T04:54:21Z
20261004T045441Z,e0cbd266dcf997089203a1b33ba0333d,2026-10-04T20:25:00Z,Las Vegas Raiders,Kansas City Chiefs,betrivers,player_pass_yds,Kirk Cousins,Under,226.5,-115,2026-10-04T04:54:21Z
20261004T045441Z,e0cbd266dcf997089203a1b33ba0333d,2026-10-04T20:25:00Z,Las Vegas Raiders,Kansas City Chiefs,betrivers,player_pass_yds,Patrick Mahomes,Over,233.5,-115,2026-10-04T04:54:21Z
20261004T045441Z,e0cbd266dcf997089203a1b33ba0333d,2026-10-04T20:25:00Z,Las Vegas Raiders,Kansas City Chiefs,betrivers,player_pass_yds,Patrick Mahomes,Under,233.5,-115,2026-10-04T04:54:21Z
20261004T045441Z,e0cbd266dcf997089203a1b33ba0333d,2026-10-04T20:25:00Z,Las Vegas Raiders,Kansas City Chiefs,betrivers,player_reception_yds,Rashee Rice,Over,54.5,-115,2026-10-04T04:54:21Z
20261004T045441Z,e0cbd266dcf997089203a1b33ba0333d,2026-10-04T20:25:00Z,Las Vegas Raiders,Kansas City Chiefs,betrivers,player_reception_yds,Rashee Rice,Under,54.5,-115,2026-10-04T04:54:21Z
20261004T045441Z,e0cbd266dcf997089203a1b33ba0333d,2026-10-04T20:25:00Z,Las Vegas Raiders,Kansas City Chiefs,betrivers,player_reception_yds,Travis Kelce,Over,46.5,-115,2026-10-04T04:54:21Z
20261004T045441Z,e0cbd266dcf997089203a1b33ba0333d,2026-10-04T20:25:00Z,Las Vegas Raiders,Kansas City Chiefs,betrivers,player_reception_yds,Travis Kelce,Under,46.5,-115,2026-10-04T04:54:21Z
20261004T045441Z,e0cbd266dcf997089203a1b33ba0333d,2026-10-04T20:25:00Z,Las Vegas Raiders,Kansas City Chiefs,betrivers,player_reception_yds,Emmett Johnson,Over,7.5,-113,2026-10-04T04:54:21Z
20261004T045441Z,e0cbd266dcf997089203a1b33ba0333d,2026-10-04T20:25:00Z,Las Vegas Raiders,Kansas City Chiefs,betrivers,player_reception_yds,Emmett Johnson,Under,7.5,-118,2026-10-04T04:54:21Z
20261004T045441Z,e0cbd266dcf997089203a1b33ba0333d,2026-10-04T20:25:00Z,Las Vegas Raiders,Kansas City Chiefs,betrivers,player_reception_yds,Tre Tucker,Over,39.5,-114,2026-10-04T04:54:21Z
20261004T045441Z,e0cbd266dcf997089203a1b33ba0333d,2026-10-04T20:25:00Z,Las Vegas Raiders,Kansas City Chiefs,betrivers,player_reception_yds,Tre Tucker,Under,39.5,-117,2026-10-04T04:54:21Z
20261004T045441Z,e0cbd266dcf997089203a1b33ba0333d,2026-10-04T20:25:00Z,Las Vegas Raiders,Kansas City Chiefs,betrivers,player_reception_yds,Michael Mayer,Over,20.5,-117,2026-10-04T04:54:21Z
20261004T045441Z,e0cbd266dcf997089203a1b33ba0333d,2026-10-04T20:25:00Z,Las Vegas Raiders,Kansas City Chiefs,betrivers,player_reception_yds,Michael Mayer,Under,20.5,-114,2026-10-04T04:54:21Z
20261004T045441Z,e0cbd266dcf997089203a1b33ba0333d,2026-10-04T20:25:00Z,Las Vegas Raiders,Kansas City Chiefs,betrivers,player_reception_yds,Noah Gray,Over,9.5,-112,2026-10-04T04:54:21Z
20261004T045441Z,e0cbd266dcf997089203a1b33ba0333d,2026-10-04T20:25:00Z,Las Vegas Raiders,Kansas City Chiefs,betrivers,player_reception_yds,Noah Gray,Under,9.5,-120,2026-10-04T04:54:21Z
20261004T045441Z,e0cbd266dcf997089203a1b33ba0333d,2026-10-04T20:25:00Z,Las Vegas Raiders,Kansas City Chiefs,betrivers,player_reception_yds,Ashton Jeanty,Over,18.5,-118,2026-10-04T04:54:21Z
20261004T045441Z,e0cbd266dcf997089203a1b33ba0333d,2026-10-04T20:25:00Z,Las Vegas Raiders,Kansas City Chiefs,betrivers,player_reception_yds,Ashton Jeanty,Under,18.5,-112,2026-10-04T04:54:21Z
20261004T045441Z,e0cbd266dcf997089203a1b33ba0333d,2026-10-04T20:25:00Z,Las Vegas Raiders,Kansas City Chiefs,betrivers,player_reception_yds,Xavier Worthy,Over,33.5,-114,2026-10-04T04:54:21Z
20261004T045441Z,e0cbd266dcf997089203a1b33ba0333d,2026-10-04T20:25:00Z,Las Vegas Raiders,Kansas City Chiefs,betrivers,player_reception_yds,Xavier Worthy,Under,33.5,-117,2026-10-04T04:54:21Z
20261004T045441Z,e0cbd266dcf997089203a1b33ba0333d,2026-10-04T20:25:00Z,Las Vegas Raiders,Kansas City Chiefs,betrivers,player_reception_yds,Brock Bowers,Over,72.5,-115,2026-10-04T04:54:21Z
20261004T045441Z,e0cbd266dcf997089203a1b33ba0333d,2026-10-04T20:25:00Z,Las Vegas Raiders,Kansas City Chiefs,betrivers,player_reception_yds,Brock Bowers,Under,72.5,-115,2026-10-04T04:54:21Z
20261004T045441Z,e0cbd266dcf997089203a1b33ba0333d,2026-10-04T20:25:00Z,Las Vegas Raiders,Kansas City Chiefs,betrivers,player_reception_yds,Jalen Nailor,Over,19.5,-114,2026-10-04T04:54:21Z
20261004T045441Z,e0cbd266dcf997089203a1b33ba0333d,2026-10-04T20:25:00Z,Las Vegas Raiders,Kansas City Chiefs,betrivers,player_reception_yds,Jalen Nailor,Under,19.5,-115,2026-10-04T04:54:21Z
20261004T045441Z,e0cbd266dcf997089203a1b33ba0333d,2026-10-04T20:25:00Z,Las Vegas Raiders,Kansas City Chiefs,betrivers,player_reception_yds,Tyquan Thornton,Over,22.5,-114,2026-10-04T04:54:21Z
20261004T045441Z,e0cbd266dcf997089203a1b33ba0333d,2026-10-04T20:25:00Z,Las Vegas Raiders,Kansas City Chiefs,betrivers,player_reception_yds,Tyquan Thornton,Under,22.5,-117,2026-10-04T04:54:21Z
20261004T045441Z,e0cbd266dcf997089203a1b33ba0333d,2026-10-04T20:25:00Z,Las Vegas Raiders,Kansas City Chiefs,betrivers,player_reception_yds,Kenneth Walker III,Over,20.5,-112,2026-10-04T04:54:21Z
20261004T045441Z,e0cbd266dcf997089203a1b33ba0333d,2026-10-04T20:25:00Z,Las Vegas Raiders,Kansas City Chiefs,betrivers,player_reception_yds,Kenneth Walker III,Under,20.5,-120,2026-10-04T04:54:21Z
20261004T045441Z,e0cbd266dcf997089203a1b33ba0333d,2026-10-04T20:25:00Z,Las Vegas Raiders,Kansas City Chiefs,betrivers,player_receptions,Xavier Worthy,Over,2.5,-175,2026-10-04T04:54:21Z
20261004T045441Z,e0cbd266dcf997089203a1b33ba0333d,2026-10-04T20:25:00Z,Las Vegas Raiders,Kansas City Chiefs,betrivers,player_receptions,Kenneth Walker III,Over,2.5,-157,2026-10-04T04:54:21Z
20261004T045441Z,e0cbd266dcf997089203a1b33ba0333d,2026-10-04T20:25:00Z,Las Vegas Raiders,Kansas City Chiefs,betrivers,player_receptions,Noah Gray,Over,1.5,165,2026-10-04T04:54:21Z
20261004T045441Z,e0cbd266dcf997089203a1b33ba0333d,2026-10-04T20:25:00Z,Las Vegas Raiders,Kansas City Chiefs,betrivers,player_receptions,Brock Bowers,Over,6.5,-136,2026-10-04T04:54:21Z
20261004T045441Z,e0cbd266dcf997089203a1b33ba0333d,2026-10-04T20:25:00Z,Las Vegas Raiders,Kansas City Chiefs,betrivers,player_receptions,Jalen Nailor,Over,1.5,-180,2026-10-04T04:54:21Z
20261004T045441Z,e0cbd266dcf997089203a1b33ba0333d,2026-10-04T20:25:00Z,Las Vegas Raiders,Kansas City Chiefs,betrivers,player_receptions,Michael Mayer,Over,2.5,-127,2026-10-04T04:54:21Z
20261004T045441Z,e0cbd266dcf997089203a1b33ba0333d,2026-10-04T20:25:00Z,Las Vegas Raiders,Kansas City Chiefs,betrivers,player_receptions,Ashton Jeanty,Over,3.5,108,2026-10-04T04:54:21Z
20261004T045441Z,e0cbd266dcf997089203a1b33ba0333d,2026-10-04T20:25:00Z,Las Vegas Raiders,Kansas City Chiefs,betrivers,player_receptions,Travis Kelce,Over,4.5,106,2026-10-04T04:54:21Z
20261004T045441Z,e0cbd266dcf997089203a1b33ba0333d,2026-10-04T20:25:00Z,Las Vegas Raiders,Kansas City Chiefs,betrivers,player_receptions,Tyquan Thornton,Over,1.5,108,2026-10-04T04:54:21Z
20261004T045441Z,e0cbd266dcf997089203a1b33ba0333d,2026-10-04T20:25:00Z,Las Vegas Raiders,Kansas City Chiefs,betrivers,player_receptions,Rashee Rice,Over,4.5,-125,2026-10-04T04:54:21Z
20261004T045441Z,e0cbd266dcf997089203a1b33ba0333d,2026-10-04T20:25:00Z,Las Vegas Raiders,Kansas City Chiefs,betrivers,player_receptions,Emmett Johnson,Over,1.5,133,2026-10-04T04:54:21Z
20261004T045441Z,e0cbd266dcf997089203a1b33ba0333d,2026-10-04T20:25:00Z,Las Vegas Raiders,Kansas City Chiefs,betrivers,player_receptions,Tre Tucker,Over,3.5,120,2026-10-04T04:54:21Z
20261004T045441Z,e0cbd266dcf997089203a1b33ba0333d,2026-10-04T20:25:00Z,Las Vegas Raiders,Kansas City Chiefs,betrivers,player_rush_yds,Kenneth Walker III,Over,86.5,-114,2026-10-04T04:54:21Z
20261004T045441Z,e0cbd266dcf997089203a1b33ba0333d,2026-10-04T20:25:00Z,Las Vegas Raiders,Kansas City Chiefs,betrivers,player_rush_yds,Kenneth Walker III,Under,86.5,-117,2026-10-04T04:54:21Z
20261004T045441Z,e0cbd266dcf997089203a1b33ba0333d,2026-10-04T20:25:00Z,Las Vegas Raiders,Kansas City Chiefs,betrivers,player_rush_yds,Mike Washington Jr.,Over,16.5,-113,2026-10-04T04:54:21Z
20261004T045441Z,e0cbd266dcf997089203a1b33ba0333d,2026-10-04T20:25:00Z,Las Vegas Raiders,Kansas City Chiefs,betrivers,player_rush_yds,Mike Washington Jr.,Under,16.5,-118,2026-10-04T04:54:21Z
20261004T045441Z,e0cbd266dcf997089203a1b33ba0333d,2026-10-04T20:25:00Z,Las Vegas Raiders,Kansas City Chiefs,betrivers,player_rush_yds,Ashton Jeanty,Over,57.5,-118,2026-10-04T04:54:21Z
20261004T045441Z,e0cbd266dcf997089203a1b33ba0333d,2026-10-04T20:25:00Z,Las Vegas Raiders,Kansas City Chiefs,betrivers,player_rush_yds,Ashton Jeanty,Under,57.5,-113,2026-10-04T04:54:21Z
20261004T045441Z,e0cbd266dcf997089203a1b33ba0333d,2026-10-04T20:25:00Z,Las Vegas Raiders,Kansas City Chiefs,betrivers,player_rush_yds,Patrick Mahomes,Over,15.5,-117,2026-10-04T04:54:21Z
20261004T045441Z,e0cbd266dcf997089203a1b33ba0333d,2026-10-04T20:25:00Z,Las Vegas Raiders,Kansas City Chiefs,betrivers,player_rush_yds,Patrick Mahomes,Under,15.5,-114,2026-10-04T04:54:21Z
20261004T045441Z,e0cbd266dcf997089203a1b33ba0333d,2026-10-04T20:25:00Z,Las Vegas Raiders,Kansas City Chiefs,betrivers,player_rush_yds,Emmett Johnson,Over,17.5,-118,2026-10-04T04:54:21Z
20261004T045441Z,e0cbd266dcf997089203a1b33ba0333d,2026-10-04T20:25:00Z,Las Vegas Raiders,Kansas City Chiefs,betrivers,player_rush_yds,Emmett Johnson,Under,17.5,-112,2026-10-04T04:54:21Z
20261004T045441Z,e0cbd266dcf997089203a1b33ba0333d,2026-10-04T20:25:00Z,Las Vegas Raiders,Kansas City Chiefs,betmgm,player_pass_yds,Kirk Cousins,Over,229.5,-115,2026-10-04T04:52:32Z
20261004T045441Z,e0cbd266dcf997089203a1b33ba0333d,2026-10-04T20:25:00Z,Las Vegas Raiders,Kansas City Chiefs,betmgm,player_pass_yds,Kirk Cousins,Under,229.5,-115,2026-10-04T04:52:32Z
20261004T045441Z,e0cbd266dcf997089203a1b33ba0333d,2026-10-04T20:25:00Z,Las Vegas Raiders,Kansas City Chiefs,betmgm,player_pass_yds,Patrick Mahomes,Over,236.5,-115,2026-10-04T04:52:32Z
20261004T045441Z,e0cbd266dcf997089203a1b33ba0333d,2026-10-04T20:25:00Z,Las Vegas Raiders,Kansas City Chiefs,betmgm,player_pass_yds,Patrick Mahomes,Under,236.5,-115,2026-10-04T04:52:32Z
20261004T045441Z,e0cbd266dcf997089203a1b33ba0333d,2026-10-04T20:25:00Z,Las Vegas Raiders,Kansas City Chiefs,betmgm,player_reception_yds,Ashton Jeanty,Over,22.5,-110,2026-10-04T04:52:32Z
20261004T045441Z,e0cbd266dcf997089203a1b33ba0333d,2026-10-04T20:25:00Z,Las Vegas Raiders,Kansas City Chiefs,betmgm,player_reception_yds,Ashton Jeanty,Under,22.5,-120,2026-10-04T04:52:32Z
20261004T045441Z,e0cbd266dcf997089203a1b33ba0333d,2026-10-04T20:25:00Z,Las Vegas Raiders,Kansas City Chiefs,betmgm,player_reception_yds,Xavier Worthy,Over,35.5,-111,2026-10-04T04:52:32Z
20261004T045441Z,e0cbd266dcf997089203a1b33ba0333d,2026-10-04T20:25:00Z,Las Vegas Raiders,Kansas City Chiefs,betmgm,player_reception_yds,Xavier Worthy,Under,35.5,-120,2026-10-04T04:52:32Z
20261004T045441Z,e0cbd266dcf997089203a1b33ba0333d,2026-10-04T20:25:00Z,Las Vegas Raiders,Kansas City Chiefs,betmgm,player_reception_yds,Noah Gray,Over,8.5,-120,2026-10-04T04:52:32Z
20261004T045441Z,e0cbd266dcf997089203a1b33ba0333d,2026-10-04T20:25:00Z,Las Vegas Raiders,Kansas City Chiefs,betmgm,player_reception_yds,Noah Gray,Under,8.5,-110,2026-10-04T04:52:32Z
20261004T045441Z,e0cbd266dcf997089203a1b33ba0333d,2026-10-04T20:25:00Z,Las Vegas Raiders,Kansas City Chiefs,betmgm,player_reception_yds,Rashee Rice,Over,55.5,-115,2026-10-04T04:52:32Z
20261004T045441Z,e0cbd266dcf997089203a1b33ba0333d,2026-10-04T20:25:00Z,Las Vegas Raiders,Kansas City Chiefs,betmgm,player_reception_yds,Rashee Rice,Under,55.5,-115,2026-10-04T04:52:32Z
20261004T045441Z,e0cbd266dcf997089203a1b33ba0333d,2026-10-04T20:25:00Z,Las Vegas Raiders,Kansas City Chiefs,betmgm,player_reception_yds,Tyquan Thornton,Over,21.5,-111,2026-10-04T04:52:32Z
20261004T045441Z,e0cbd266dcf997089203a1b33ba0333d,2026-10-04T20:25:00Z,Las Vegas Raiders,Kansas City Chiefs,betmgm,player_reception_yds,Tyquan Thornton,Under,21.5,-118,2026-10-04T04:52:32Z
20261004T045441Z,e0cbd266dcf997089203a1b33ba0333d,2026-10-04T20:25:00Z,Las Vegas Raiders,Kansas City Chiefs,betmgm,player_reception_yds,Kenneth Walker III,Over,23.5,-115,2026-10-04T04:52:32Z
20261004T045441Z,e0cbd266dcf997089203a1b33ba0333d,2026-10-04T20:25:00Z,Las Vegas Raiders,Kansas City Chiefs,betmgm,player_reception_yds,Kenneth Walker III,Under,23.5,-115,2026-10-04T04:52:32Z
20261004T045441Z,e0cbd266dcf997089203a1b33ba0333d,2026-10-04T20:25:00Z,Las Vegas Raiders,Kansas City Chiefs,betmgm,player_reception_yds,Jalen Nailor,Over,21.5,-120,2026-10-04T04:52:32Z
20261004T045441Z,e0cbd266dcf997089203a1b33ba0333d,2026-10-04T20:25:00Z,Las Vegas Raiders,Kansas City Chiefs,betmgm,player_reception_yds,Jalen Nailor,Under,21.5,-111,2026-10-04T04:52:32Z
20261004T045441Z,e0cbd266dcf997089203a1b33ba0333d,2026-10-04T20:25:00Z,Las Vegas Raiders,Kansas City Chiefs,betmgm,player_reception_yds,Tre Tucker,Over,37.5,-115,2026-10-04T04:52:32Z
20261004T045441Z,e0cbd266dcf997089203a1b33ba0333d,2026-10-04T20:25:00Z,Las Vegas Raiders,Kansas City Chiefs,betmgm,player_reception_yds,Tre Tucker,Under,37.5,-115,2026-10-04T04:52:32Z
20261004T045441Z,e0cbd266dcf997089203a1b33ba0333d,2026-10-04T20:25:00Z,Las Vegas Raiders,Kansas City Chiefs,betmgm,player_reception_yds,Travis Kelce,Over,46.5,-115,2026-10-04T04:52:32Z
20261004T045441Z,e0cbd266dcf997089203a1b33ba0333d,2026-10-04T20:25:00Z,Las Vegas Raiders,Kansas City Chiefs,betmgm,player_reception_yds,Travis Kelce,Under,46.5,-115,2026-10-04T04:52:32Z
20261004T045441Z,e0cbd266dcf997089203a1b33ba0333d,2026-10-04T20:25:00Z,Las Vegas Raiders,Kansas City Chiefs,betmgm,player_reception_yds,Michael Mayer,Over,23.5,-115,2026-10-04T04:52:32Z
20261004T045441Z,e0cbd266dcf997089203a1b33ba0333d,2026-10-04T20:25:00Z,Las Vegas Raiders,Kansas City Chiefs,betmgm,player_reception_yds,Michael Mayer,Under,23.5,-115,2026-10-04T04:52:32Z
20261004T045441Z,e0cbd266dcf997089203a1b33ba0333d,2026-10-04T20:25:00Z,Las Vegas Raiders,Kansas City Chiefs,betmgm,player_reception_yds,Brock Bowers,Over,74.5,-115,2026-10-04T04:52:32Z
20261004T045441Z,e0cbd266dcf997089203a1b33ba0333d,2026-10-04T20:25:00Z,Las Vegas Raiders,Kansas City Chiefs,betmgm,player_reception_yds,Brock Bowers,Under,74.5,-115,2026-10-04T04:52:32Z
20261004T045441Z,e0cbd266dcf997089203a1b33ba0333d,2026-10-04T20:25:00Z,Las Vegas Raiders,Kansas City Chiefs,betmgm,player_reception_yds,Cody White,Over,11.5,-115,2026-10-04T04:52:32Z
20261004T045441Z,e0cbd266dcf997089203a1b33ba0333d,2026-10-04T20:25:00Z,Las Vegas Raiders,Kansas City Chiefs,betmgm,player_reception_yds,Cody White,Under,11.5,-115,2026-10-04T04:52:32Z
20261004T045441Z,e0cbd266dcf997089203a1b33ba0333d,2026-10-04T20:25:00Z,Las Vegas Raiders,Kansas City Chiefs,betmgm,player_reception_yds,Emmett Johnson,Over,7.5,-120,2026-10-04T04:52:32Z
20261004T045441Z,e0cbd266dcf997089203a1b33ba0333d,2026-10-04T20:25:00Z,Las Vegas Raiders,Kansas City Chiefs,betmgm,player_reception_yds,Emmett Johnson,Under,7.5,-111,2026-10-04T04:52:32Z
20261004T045441Z,e0cbd266dcf997089203a1b33ba0333d,2026-10-04T20:25:00Z,Las Vegas Raiders,Kansas City Chiefs,betmgm,player_receptions,Tyquan Thornton,Over,1.5,105,2026-10-04T04:52:32Z
20261004T045441Z,e0cbd266dcf997089203a1b33ba0333d,2026-10-04T20:25:00Z,Las Vegas Raiders,Kansas City Chiefs,betmgm,player_receptions,Tyquan Thornton,Under,1.5,-140,2026-10-04T04:52:32Z
20261004T045441Z,e0cbd266dcf997089203a1b33ba0333d,2026-10-04T20:25:00Z,Las Vegas Raiders,Kansas City Chiefs,betmgm,player_receptions,Jalen Nailor,Over,1.5,-190,2026-10-04T04:52:32Z
20261004T045441Z,e0cbd266dcf997089203a1b33ba0333d,2026-10-04T20:25:00Z,Las Vegas Raiders,Kansas City Chiefs,betmgm,player_receptions,Jalen Nailor,Under,1.5,140,2026-10-04T04:52:32Z
20261004T045441Z,e0cbd266dcf997089203a1b33ba0333d,2026-10-04T20:25:00Z,Las Vegas Raiders,Kansas City Chiefs,betmgm,player_receptions,Tre Tucker,Over,3.5,110,2026-10-04T04:52:32Z
20261004T045441Z,e0cbd266dcf997089203a1b33ba0333d,2026-10-04T20:25:00Z,Las Vegas Raiders,Kansas City Chiefs,betmgm,player_receptions,Tre Tucker,Under,3.5,-150,2026-10-04T04:52:32Z
20261004T045441Z,e0cbd266dcf997089203a1b33ba0333d,2026-10-04T20:25:00Z,Las Vegas Raiders,Kansas City Chiefs,betmgm,player_receptions,Xavier Worthy,Over,3.5,125,2026-10-04T04:52:32Z
20261004T045441Z,e0cbd266dcf997089203a1b33ba0333d,2026-10-04T20:25:00Z,Las Vegas Raiders,Kansas City Chiefs,betmgm,player_receptions,Xavier Worthy,Under,3.5,-165,2026-10-04T04:52:32Z
20261004T045441Z,e0cbd266dcf997089203a1b33ba0333d,2026-10-04T20:25:00Z,Las Vegas Raiders,Kansas City Chiefs,betmgm,player_receptions,Noah Gray,Over,1.5,145,2026-10-04T04:52:32Z
20261004T045441Z,e0cbd266dcf997089203a1b33ba0333d,2026-10-04T20:25:00Z,Las Vegas Raiders,Kansas City Chiefs,betmgm,player_receptions,Noah Gray,Under,1.5,-200,2026-10-04T04:52:32Z
20261004T045441Z,e0cbd266dcf997089203a1b33ba0333d,2026-10-04T20:25:00Z,Las Vegas Raiders,Kansas City Chiefs,betmgm,player_receptions,Travis Kelce,Over,4.5,105,2026-10-04T04:52:32Z
20261004T045441Z,e0cbd266dcf997089203a1b33ba0333d,2026-10-04T20:25:00Z,Las Vegas Raiders,Kansas City Chiefs,betmgm,player_receptions,Travis Kelce,Under,4.5,-140,2026-10-04T04:52:32Z
20261004T045441Z,e0cbd266dcf997089203a1b33ba0333d,2026-10-04T20:25:00Z,Las Vegas Raiders,Kansas City Chiefs,betmgm,player_receptions,Brock Bowers,Over,6.5,-155,2026-10-04T04:52:32Z
20261004T045441Z,e0cbd266dcf997089203a1b33ba0333d,2026-10-04T20:25:00Z,Las Vegas Raiders,Kansas City Chiefs,betmgm,player_receptions,Brock Bowers,Under,6.5,115,2026-10-04T04:52:32Z
20261004T045441Z,e0cbd266dcf997089203a1b33ba0333d,2026-10-04T20:25:00Z,Las Vegas Raiders,Kansas City Chiefs,betmgm,player_receptions,Michael Mayer,Over,2.5,-145,2026-10-04T04:52:32Z
20261004T045441Z,e0cbd266dcf997089203a1b33ba0333d,2026-10-04T20:25:00Z,Las Vegas Raiders,Kansas City Chiefs,betmgm,player_receptions,Michael Mayer,Under,2.5,105,2026-10-04T04:52:32Z
20261004T045441Z,e0cbd266dcf997089203a1b33ba0333d,2026-10-04T20:25:00Z,Las Vegas Raiders,Kansas City Chiefs,betmgm,player_receptions,Rashee Rice,Over,4.5,-155,2026-10-04T04:52:32Z
20261004T045441Z,e0cbd266dcf997089203a1b33ba0333d,2026-10-04T20:25:00Z,Las Vegas Raiders,Kansas City Chiefs,betmgm,player_receptions,Rashee Rice,Under,4.5,115,2026-10-04T04:52:32Z
20261004T045441Z,e0cbd266dcf997089203a1b33ba0333d,2026-10-04T20:25:00Z,Las Vegas Raiders,Kansas City Chiefs,betmgm,player_receptions,Ashton Jeanty,Over,3.5,100,2026-10-04T04:52:32Z
20261004T045441Z,e0cbd266dcf997089203a1b33ba0333d,2026-10-04T20:25:00Z,Las Vegas Raiders,Kansas City Chiefs,betmgm,player_receptions,Ashton Jeanty,Under,3.5,-135,2026-10-04T04:52:32Z
20261004T045441Z,e0cbd266dcf997089203a1b33ba0333d,2026-10-04T20:25:00Z,Las Vegas Raiders,Kansas City Chiefs,betmgm,player_receptions,Cody White,Over,1.5,175,2026-10-04T04:52:32Z
20261004T045441Z,e0cbd266dcf997089203a1b33ba0333d,2026-10-04T20:25:00Z,Las Vegas Raiders,Kansas City Chiefs,betmgm,player_receptions,Cody White,Under,1.5,-235,2026-10-04T04:52:32Z
20261004T045441Z,e0cbd266dcf997089203a1b33ba0333d,2026-10-04T20:25:00Z,Las Vegas Raiders,Kansas City Chiefs,betmgm,player_receptions,Kenneth Walker III,Over,3.5,130,2026-10-04T04:52:32Z
20261004T045441Z,e0cbd266dcf997089203a1b33ba0333d,2026-10-04T20:25:00Z,Las Vegas Raiders,Kansas City Chiefs,betmgm,player_receptions,Kenneth Walker III,Under,3.5,-175,2026-10-04T04:52:32Z
20261004T045441Z,e0cbd266dcf997089203a1b33ba0333d,2026-10-04T20:25:00Z,Las Vegas Raiders,Kansas City Chiefs,betmgm,player_receptions,Emmett Johnson,Over,1.5,138,2026-10-04T04:52:32Z
20261004T045441Z,e0cbd266dcf997089203a1b33ba0333d,2026-10-04T20:25:00Z,Las Vegas Raiders,Kansas City Chiefs,betmgm,player_receptions,Emmett Johnson,Under,1.5,-190,2026-10-04T04:52:32Z
20261004T045441Z,e0cbd266dcf997089203a1b33ba0333d,2026-10-04T20:25:00Z,Las Vegas Raiders,Kansas City Chiefs,betmgm,player_rush_yds,Patrick Mahomes,Over,15.5,-110,2026-10-04T04:52:32Z
20261004T045441Z,e0cbd266dcf997089203a1b33ba0333d,2026-10-04T20:25:00Z,Las Vegas Raiders,Kansas City Chiefs,betmgm,player_rush_yds,Patrick Mahomes,Under,15.5,-120,2026-10-04T04:52:32Z
20261004T045441Z,e0cbd266dcf997089203a1b33ba0333d,2026-10-04T20:25:00Z,Las Vegas Raiders,Kansas City Chiefs,betmgm,player_rush_yds,Kenneth Walker III,Over,86.5,-115,2026-10-04T04:52:32Z
20261004T045441Z,e0cbd266dcf997089203a1b33ba0333d,2026-10-04T20:25:00Z,Las Vegas Raiders,Kansas City Chiefs,betmgm,player_rush_yds,Kenneth Walker III,Under,86.5,-115,2026-10-04T04:52:32Z
20261004T045441Z,e0cbd266dcf997089203a1b33ba0333d,2026-10-04T20:25:00Z,Las Vegas Raiders,Kansas City Chiefs,betmgm,player_rush_yds,Mike Washington Jr.,Over,16.5,-111,2026-10-04T04:52:32Z
20261004T045441Z,e0cbd266dcf997089203a1b33ba0333d,2026-10-04T20:25:00Z,Las Vegas Raiders,Kansas City Chiefs,betmgm,player_rush_yds,Mike Washington Jr.,Under,16.5,-118,2026-10-04T04:52:32Z
20261004T045441Z,e0cbd266dcf997089203a1b33ba0333d,2026-10-04T20:25:00Z,Las Vegas Raiders,Kansas City Chiefs,betmgm,player_rush_yds,Emmett Johnson,Over,16.5,-115,2026-10-04T04:52:32Z
20261004T045441Z,e0cbd266dcf997089203a1b33ba0333d,2026-10-04T20:25:00Z,Las Vegas Raiders,Kansas City Chiefs,betmgm,player_rush_yds,Emmett Johnson,Under,16.5,-115,2026-10-04T04:52:32Z
20261004T045441Z,e0cbd266dcf997089203a1b33ba0333d,2026-10-04T20:25:00Z,Las Vegas Raiders,Kansas City Chiefs,betmgm,player_rush_yds,Ashton Jeanty,Over,57.5,-115,2026-10-04T04:52:32Z
20261004T045441Z,e0cbd266dcf997089203a1b33ba0333d,2026-10-04T20:25:00Z,Las Vegas Raiders,Kansas City Chiefs,betmgm,player_rush_yds,Ashton Jeanty,Under,57.5,-115,2026-10-04T04:52:32Z
20261004T045441Z,e0cbd266dcf997089203a1b33ba0333d,2026-10-04T20:25:00Z,Las Vegas Raiders,Kansas City Chiefs,bovada,player_pass_yds,Kirk Cousins,Over,222.5,-115,2026-10-04T04:52:53Z
20261004T045441Z,e0cbd266dcf997089203a1b33ba0333d,2026-10-04T20:25:00Z,Las Vegas Raiders,Kansas City Chiefs,bovada,player_pass_yds,Kirk Cousins,Under,222.5,-115,2026-10-04T04:52:53Z
20261004T045441Z,e0cbd266dcf997089203a1b33ba0333d,2026-10-04T20:25:00Z,Las Vegas Raiders,Kansas City Chiefs,bovada,player_pass_yds,Patrick Mahomes,Over,239.5,-115,2026-10-04T04:52:53Z
20261004T045441Z,e0cbd266dcf997089203a1b33ba0333d,2026-10-04T20:25:00Z,Las Vegas Raiders,Kansas City Chiefs,bovada,player_pass_yds,Patrick Mahomes,Under,239.5,-115,2026-10-04T04:52:53Z
20261004T045441Z,e0cbd266dcf997089203a1b33ba0333d,2026-10-04T20:25:00Z,Las Vegas Raiders,Kansas City Chiefs,bovada,player_reception_yds,Ashton Jeanty,Over,19.5,-115,2026-10-04T04:52:53Z
20261004T045441Z,e0cbd266dcf997089203a1b33ba0333d,2026-10-04T20:25:00Z,Las Vegas Raiders,Kansas City Chiefs,bovada,player_reception_yds,Ashton Jeanty,Under,19.5,-115,2026-10-04T04:52:53Z
20261004T045441Z,e0cbd266dcf997089203a1b33ba0333d,2026-10-04T20:25:00Z,Las Vegas Raiders,Kansas City Chiefs,bovada,player_reception_yds,Brock Bowers,Over,73.5,-115,2026-10-04T04:52:53Z
20261004T045441Z,e0cbd266dcf997089203a1b33ba0333d,2026-10-04T20:25:00Z,Las Vegas Raiders,Kansas City Chiefs,bovada,player_reception_yds,Brock Bowers,Under,73.5,-115,2026-10-04T04:52:53Z
20261004T045441Z,e0cbd266dcf997089203a1b33ba0333d,2026-10-04T20:25:00Z,Las Vegas Raiders,Kansas City Chiefs,bovada,player_reception_yds,Cody White,Over,9.5,-115,2026-10-04T04:52:53Z
20261004T045441Z,e0cbd266dcf997089203a1b33ba0333d,2026-10-04T20:25:00Z,Las Vegas Raiders,Kansas City Chiefs,bovada,player_reception_yds,Cody White,Under,9.5,-115,2026-10-04T04:52:53Z
20261004T045441Z,e0cbd266dcf997089203a1b33ba0333d,2026-10-04T20:25:00Z,Las Vegas Raiders,Kansas City Chiefs,bovada,player_reception_yds,Emmett Johnson,Over,8.5,-115,2026-10-04T04:52:53Z
20261004T045441Z,e0cbd266dcf997089203a1b33ba0333d,2026-10-04T20:25:00Z,Las Vegas Raiders,Kansas City Chiefs,bovada,player_reception_yds,Emmett Johnson,Under,8.5,-115,2026-10-04T04:52:53Z
20261004T045441Z,e0cbd266dcf997089203a1b33ba0333d,2026-10-04T20:25:00Z,Las Vegas Raiders,Kansas City Chiefs,bovada,player_reception_yds,Jalen Nailor,Over,19.5,-110,2026-10-04T04:52:53Z
20261004T045441Z,e0cbd266dcf997089203a1b33ba0333d,2026-10-04T20:25:00Z,Las Vegas Raiders,Kansas City Chiefs,bovada,player_reception_yds,Jalen Nailor,Under,19.5,-120,2026-10-04T04:52:53Z
20261004T045441Z,e0cbd266dcf997089203a1b33ba0333d,2026-10-04T20:25:00Z,Las Vegas Raiders,Kansas City Chiefs,bovada,player_reception_yds,Kenneth Walker III,Over,21.5,-115,2026-10-04T04:52:53Z
20261004T045441Z,e0cbd266dcf997089203a1b33ba0333d,2026-10-04T20:25:00Z,Las Vegas Raiders,Kansas City Chiefs,bovada,player_reception_yds,Kenneth Walker III,Under,21.5,-115,2026-10-04T04:52:53Z
20261004T045441Z,e0cbd266dcf997089203a1b33ba0333d,2026-10-04T20:25:00Z,Las Vegas Raiders,Kansas City Chiefs,bovada,player_reception_yds,Michael Mayer,Over,23.5,-115,2026-10-04T04:52:53Z
20261004T045441Z,e0cbd266dcf997089203a1b33ba0333d,2026-10-04T20:25:00Z,Las Vegas Raiders,Kansas City Chiefs,bovada,player_reception_yds,Michael Mayer,Under,23.5,-115,2026-10-04T04:52:53Z
20261004T045441Z,e0cbd266dcf997089203a1b33ba0333d,2026-10-04T20:25:00Z,Las Vegas Raiders,Kansas City Chiefs,bovada,player_reception_yds,Noah Gray,Over,8.5,-120,2026-10-04T04:52:53Z
20261004T045441Z,e0cbd266dcf997089203a1b33ba0333d,2026-10-04T20:25:00Z,Las Vegas Raiders,Kansas City Chiefs,bovada,player_reception_yds,Noah Gray,Under,8.5,-110,2026-10-04T04:52:53Z
20261004T045441Z,e0cbd266dcf997089203a1b33ba0333d,2026-10-04T20:25:00Z,Las Vegas Raiders,Kansas City Chiefs,bovada,player_reception_yds,Rashee Rice,Over,56.5,-115,2026-10-04T04:52:53Z
20261004T045441Z,e0cbd266dcf997089203a1b33ba0333d,2026-10-04T20:25:00Z,Las Vegas Raiders,Kansas City Chiefs,bovada,player_reception_yds,Rashee Rice,Under,56.5,-115,2026-10-04T04:52:53Z
20261004T045441Z,e0cbd266dcf997089203a1b33ba0333d,2026-10-04T20:25:00Z,Las Vegas Raiders,Kansas City Chiefs,bovada,player_reception_yds,Travis Kelce,Over,49.5,-115,2026-10-04T04:52:53Z
20261004T045441Z,e0cbd266dcf997089203a1b33ba0333d,2026-10-04T20:25:00Z,Las Vegas Raiders,Kansas City Chiefs,bovada,player_reception_yds,Travis Kelce,Under,49.5,-115,2026-10-04T04:52:53Z
20261004T045441Z,e0cbd266dcf997089203a1b33ba0333d,2026-10-04T20:25:00Z,Las Vegas Raiders,Kansas City Chiefs,bovada,player_reception_yds,Tre Tucker,Over,37.5,-115,2026-10-04T04:52:53Z
20261004T045441Z,e0cbd266dcf997089203a1b33ba0333d,2026-10-04T20:25:00Z,Las Vegas Raiders,Kansas City Chiefs,bovada,player_reception_yds,Tre Tucker,Under,37.5,-115,2026-10-04T04:52:53Z
20261004T045441Z,e0cbd266dcf997089203a1b33ba0333d,2026-10-04T20:25:00Z,Las Vegas Raiders,Kansas City Chiefs,bovada,player_reception_yds,Tyquan Thornton,Over,20.5,-120,2026-10-04T04:52:53Z
20261004T045441Z,e0cbd266dcf997089203a1b33ba0333d,2026-10-04T20:25:00Z,Las Vegas Raiders,Kansas City Chiefs,bovada,player_reception_yds,Tyquan Thornton,Under,20.5,-110,2026-10-04T04:52:53Z
20261004T045441Z,e0cbd266dcf997089203a1b33ba0333d,2026-10-04T20:25:00Z,Las Vegas Raiders,Kansas City Chiefs,bovada,player_reception_yds,Xavier Worthy,Over,35.5,-110,2026-10-04T04:52:53Z
20261004T045441Z,e0cbd266dcf997089203a1b33ba0333d,2026-10-04T20:25:00Z,Las Vegas Raiders,Kansas City Chiefs,bovada,player_reception_yds,Xavier Worthy,Under,35.5,-120,2026-10-04T04:52:53Z
20261004T045441Z,e0cbd266dcf997089203a1b33ba0333d,2026-10-04T20:25:00Z,Las Vegas Raiders,Kansas City Chiefs,bovada,player_receptions,Ashton Jeanty,Over,3.5,120,2026-10-04T04:52:53Z
20261004T045441Z,e0cbd266dcf997089203a1b33ba0333d,2026-10-04T20:25:00Z,Las Vegas Raiders,Kansas City Chiefs,bovada,player_receptions,Ashton Jeanty,Under,3.5,-160,2026-10-04T04:52:53Z
20261004T045441Z,e0cbd266dcf997089203a1b33ba0333d,2026-10-04T20:25:00Z,Las Vegas Raiders,Kansas City Chiefs,bovada,player_receptions,Brock Bowers,Over,6.5,-150,2026-10-04T04:52:53Z
20261004T045441Z,e0cbd266dcf997089203a1b33ba0333d,2026-10-04T20:25:00Z,Las Vegas Raiders,Kansas City Chiefs,bovada,player_receptions,Brock Bowers,Under,6.5,115,2026-10-04T04:52:53Z
20261004T045441Z,e0cbd266dcf997089203a1b33ba0333d,2026-10-04T20:25:00Z,Las Vegas Raiders,Kansas City Chiefs,bovada,player_receptions,Cody White,Over,1.5,175,2026-10-04T04:52:53Z
20261004T045441Z,e0cbd266dcf997089203a1b33ba0333d,2026-10-04T20:25:00Z,Las Vegas Raiders,Kansas City Chiefs,bovada,player_receptions,Cody White,Under,1.5,-240,2026-10-04T04:52:53Z
20261004T045441Z,e0cbd266dcf997089203a1b33ba0333d,2026-10-04T20:25:00Z,Las Vegas Raiders,Kansas City Chiefs,bovada,player_receptions,Emmett Johnson,Over,1.5,160,2026-10-04T04:52:53Z
20261004T045441Z,e0cbd266dcf997089203a1b33ba0333d,2026-10-04T20:25:00Z,Las Vegas Raiders,Kansas City Chiefs,bovada,player_receptions,Emmett Johnson,Under,1.5,-215,2026-10-04T04:52:53Z
20261004T045441Z,e0cbd266dcf997089203a1b33ba0333d,2026-10-04T20:25:00Z,Las Vegas Raiders,Kansas City Chiefs,bovada,player_receptions,Jalen Nailor,Over,1.5,-160,2026-10-04T04:52:53Z
20261004T045441Z,e0cbd266dcf997089203a1b33ba0333d,2026-10-04T20:25:00Z,Las Vegas Raiders,Kansas City Chiefs,bovada,player_receptions,Jalen Nailor,Under,1.5,120,2026-10-04T04:52:53Z
20261004T045441Z,e0cbd266dcf997089203a1b33ba0333d,2026-10-04T20:25:00Z,Las Vegas Raiders,Kansas City Chiefs,bovada,player_receptions,Kenneth Walker III,Over,2.5,-165,2026-10-04T04:52:53Z
20261004T045441Z,e0cbd266dcf997089203a1b33ba0333d,2026-10-04T20:25:00Z,Las Vegas Raiders,Kansas City Chiefs,bovada,player_receptions,Kenneth Walker III,Under,2.5,125,2026-10-04T04:52:53Z
20261004T045441Z,e0cbd266dcf997089203a1b33ba0333d,2026-10-04T20:25:00Z,Las Vegas Raiders,Kansas City Chiefs,bovada,player_receptions,Michael Mayer,Over,2.5,-135,2026-10-04T04:52:53Z
20261004T045441Z,e0cbd266dcf997089203a1b33ba0333d,2026-10-04T20:25:00Z,Las Vegas Raiders,Kansas City Chiefs,bovada,player_receptions,Michael Mayer,Under,2.5,105,2026-10-04T04:52:53Z
20261004T045441Z,e0cbd266dcf997089203a1b33ba0333d,2026-10-04T20:25:00Z,Las Vegas Raiders,Kansas City Chiefs,bovada,player_receptions,Noah Gray,Over,1.5,150,2026-10-04T04:52:53Z
20261004T045441Z,e0cbd266dcf997089203a1b33ba0333d,2026-10-04T20:25:00Z,Las Vegas Raiders,Kansas City Chiefs,bovada,player_receptions,Noah Gray,Under,1.5,-200,2026-10-04T04:52:53Z
20261004T045441Z,e0cbd266dcf997089203a1b33ba0333d,2026-10-04T20:25:00Z,Las Vegas Raiders,Kansas City Chiefs,bovada,player_receptions,Rashee Rice,Over,4.5,-135,2026-10-04T04:52:53Z
20261004T045441Z,e0cbd266dcf997089203a1b33ba0333d,2026-10-04T20:25:00Z,Las Vegas Raiders,Kansas City Chiefs,bovada,player_receptions,Rashee Rice,Under,4.5,105,2026-10-04T04:52:53Z
20261004T045441Z,e0cbd266dcf997089203a1b33ba0333d,2026-10-04T20:25:00Z,Las Vegas Raiders,Kansas City Chiefs,bovada,player_receptions,Travis Kelce,Over,4.5,105,2026-10-04T04:52:53Z
20261004T045441Z,e0cbd266dcf997089203a1b33ba0333d,2026-10-04T20:25:00Z,Las Vegas Raiders,Kansas City Chiefs,bovada,player_receptions,Travis Kelce,Under,4.5,-135,2026-10-04T04:52:53Z
20261004T045441Z,e0cbd266dcf997089203a1b33ba0333d,2026-10-04T20:25:00Z,Las Vegas Raiders,Kansas City Chiefs,bovada,player_receptions,Tre Tucker,Over,3.5,130,2026-10-04T04:52:53Z
20261004T045441Z,e0cbd266dcf997089203a1b33ba0333d,2026-10-04T20:25:00Z,Las Vegas Raiders,Kansas City Chiefs,bovada,player_receptions,Tre Tucker,Under,3.5,-170,2026-10-04T04:52:53Z
20261004T045441Z,e0cbd266dcf997089203a1b33ba0333d,2026-10-04T20:25:00Z,Las Vegas Raiders,Kansas City Chiefs,bovada,player_receptions,Tyquan Thornton,Over,1.5,-110,2026-10-04T04:52:53Z
20261004T045441Z,e0cbd266dcf997089203a1b33ba0333d,2026-10-04T20:25:00Z,Las Vegas Raiders,Kansas City Chiefs,bovada,player_receptions,Tyquan Thornton,Under,1.5,-120,2026-10-04T04:52:53Z
20261004T045441Z,e0cbd266dcf997089203a1b33ba0333d,2026-10-04T20:25:00Z,Las Vegas Raiders,Kansas City Chiefs,bovada,player_receptions,Xavier Worthy,Over,3.5,130,2026-10-04T04:52:53Z
20261004T045441Z,e0cbd266dcf997089203a1b33ba0333d,2026-10-04T20:25:00Z,Las Vegas Raiders,Kansas City Chiefs,bovada,player_receptions,Xavier Worthy,Under,3.5,-170,2026-10-04T04:52:53Z
20261004T045441Z,e0cbd266dcf997089203a1b33ba0333d,2026-10-04T20:25:00Z,Las Vegas Raiders,Kansas City Chiefs,bovada,player_rush_yds,Ashton Jeanty,Over,59.5,-115,2026-10-04T04:52:53Z
20261004T045441Z,e0cbd266dcf997089203a1b33ba0333d,2026-10-04T20:25:00Z,Las Vegas Raiders,Kansas City Chiefs,bovada,player_rush_yds,Ashton Jeanty,Under,59.5,-115,2026-10-04T04:52:53Z
20261004T045441Z,e0cbd266dcf997089203a1b33ba0333d,2026-10-04T20:25:00Z,Las Vegas Raiders,Kansas City Chiefs,bovada,player_rush_yds,Emmett Johnson,Over,15.5,-115,2026-10-04T04:52:53Z
20261004T045441Z,e0cbd266dcf997089203a1b33ba0333d,2026-10-04T20:25:00Z,Las Vegas Raiders,Kansas City Chiefs,bovada,player_rush_yds,Emmett Johnson,Under,15.5,-115,2026-10-04T04:52:53Z
20261004T045441Z,e0cbd266dcf997089203a1b33ba0333d,2026-10-04T20:25:00Z,Las Vegas Raiders,Kansas City Chiefs,bovada,player_rush_yds,Kenneth Walker III,Over,88.5,-115,2026-10-04T04:52:53Z
20261004T045441Z,e0cbd266dcf997089203a1b33ba0333d,2026-10-04T20:25:00Z,Las Vegas Raiders,Kansas City Chiefs,bovada,player_rush_yds,Kenneth Walker III,Under,88.5,-115,2026-10-04T04:52:53Z
20261004T045441Z,e0cbd266dcf997089203a1b33ba0333d,2026-10-04T20:25:00Z,Las Vegas Raiders,Kansas City Chiefs,bovada,player_rush_yds,Kirk Cousins,Over,0.5,-105,2026-10-04T04:52:53Z
20261004T045441Z,e0cbd266dcf997089203a1b33ba0333d,2026-10-04T20:25:00Z,Las Vegas Raiders,Kansas City Chiefs,bovada,player_rush_yds,Kirk Cousins,Under,0.5,-125,2026-10-04T04:52:53Z
20261004T045441Z,e0cbd266dcf997089203a1b33ba0333d,2026-10-04T20:25:00Z,Las Vegas Raiders,Kansas City Chiefs,bovada,player_rush_yds,Mike Washington Jr.,Over,16.5,-120,2026-10-04T04:52:53Z
20261004T045441Z,e0cbd266dcf997089203a1b33ba0333d,2026-10-04T20:25:00Z,Las Vegas Raiders,Kansas City Chiefs,bovada,player_rush_yds,Mike Washington Jr.,Under,16.5,-110,2026-10-04T04:52:53Z
20261004T045441Z,e0cbd266dcf997089203a1b33ba0333d,2026-10-04T20:25:00Z,Las Vegas Raiders,Kansas City Chiefs,bovada,player_rush_yds,Patrick Mahomes,Over,15.5,-115,2026-10-04T04:52:53Z
20261004T045441Z,e0cbd266dcf997089203a1b33ba0333d,2026-10-04T20:25:00Z,Las Vegas Raiders,Kansas City Chiefs,bovada,player_rush_yds,Patrick Mahomes,Under,15.5,-115,2026-10-04T04:52:53Z
20261004T045441Z,96d2373cda647873b971f268482bced0,2026-10-04T20:25:00Z,Seattle Seahawks,Los Angeles Chargers,draftkings,player_pass_yds,Sam Darnold,Over,234.5,-113,2026-10-04T04:54:26Z
20261004T045441Z,96d2373cda647873b971f268482bced0,2026-10-04T20:25:00Z,Seattle Seahawks,Los Angeles Chargers,draftkings,player_pass_yds,Sam Darnold,Under,234.5,-111,2026-10-04T04:54:26Z
20261004T045441Z,96d2373cda647873b971f268482bced0,2026-10-04T20:25:00Z,Seattle Seahawks,Los Angeles Chargers,draftkings,player_pass_yds,Justin Herbert,Over,200.5,-111,2026-10-04T04:54:26Z
20261004T045441Z,96d2373cda647873b971f268482bced0,2026-10-04T20:25:00Z,Seattle Seahawks,Los Angeles Chargers,draftkings,player_pass_yds,Justin Herbert,Under,200.5,-113,2026-10-04T04:54:26Z
20261004T045441Z,96d2373cda647873b971f268482bced0,2026-10-04T20:25:00Z,Seattle Seahawks,Los Angeles Chargers,draftkings,player_reception_yds,Jaxon Smith-Njigba,Over,93.5,-113,2026-10-04T04:54:26Z
20261004T045441Z,96d2373cda647873b971f268482bced0,2026-10-04T20:25:00Z,Seattle Seahawks,Los Angeles Chargers,draftkings,player_reception_yds,Jaxon Smith-Njigba,Under,93.5,-111,2026-10-04T04:54:26Z
20261004T045441Z,96d2373cda647873b971f268482bced0,2026-10-04T20:25:00Z,Seattle Seahawks,Los Angeles Chargers,draftkings,player_reception_yds,Ladd McConkey,Over,47.5,-109,2026-10-04T04:54:26Z
20261004T045441Z,96d2373cda647873b971f268482bced0,2026-10-04T20:25:00Z,Seattle Seahawks,Los Angeles Chargers,draftkings,player_reception_yds,Ladd McConkey,Under,47.5,-115,2026-10-04T04:54:26Z
20261004T045441Z,96d2373cda647873b971f268482bced0,2026-10-04T20:25:00Z,Seattle Seahawks,Los Angeles Chargers,draftkings,player_reception_yds,Tre Harris,Over,37.5,-109,2026-10-04T04:54:26Z
20261004T045441Z,96d2373cda647873b971f268482bced0,2026-10-04T20:25:00Z,Seattle Seahawks,Los Angeles Chargers,draftkings,player_reception_yds,Tre Harris,Under,37.5,-115,2026-10-04T04:54:26Z
20261004T045441Z,96d2373cda647873b971f268482bced0,2026-10-04T20:25:00Z,Seattle Seahawks,Los Angeles Chargers,draftkings,player_reception_yds,Quentin Johnston,Over,35.5,-109,2026-10-04T04:54:26Z
20261004T045441Z,96d2373cda647873b971f268482bced0,2026-10-04T20:25:00Z,Seattle Seahawks,Los Angeles Chargers,draftkings,player_reception_yds,Quentin Johnston,Under,35.5,-115,2026-10-04T04:54:26Z
20261004T045441Z,96d2373cda647873b971f268482bced0,2026-10-04T20:25:00Z,Seattle Seahawks,Los Angeles Chargers,draftkings,player_reception_yds,AJ Barner,Over,30.5,-115,2026-10-04T04:54:26Z
20261004T045441Z,96d2373cda647873b971f268482bced0,2026-10-04T20:25:00Z,Seattle Seahawks,Los Angeles Chargers,draftkings,player_reception_yds,AJ Barner,Under,30.5,-109,2026-10-04T04:54:26Z
20261004T045441Z,96d2373cda647873b971f268482bced0,2026-10-04T20:25:00Z,Seattle Seahawks,Los Angeles Chargers,draftkings,player_reception_yds,Oronde Gadsden II,Over,27.5,-114,2026-10-04T04:54:26Z
20261004T045441Z,96d2373cda647873b971f268482bced0,2026-10-04T20:25:00Z,Seattle Seahawks,Los Angeles Chargers,draftkings,player_reception_yds,Oronde Gadsden II,Under,27.5,-110,2026-10-04T04:54:26Z
20261004T045441Z,96d2373cda647873b971f268482bced0,2026-10-04T20:25:00Z,Seattle Seahawks,Los Angeles Chargers,draftkings,player_reception_yds,Cooper Kupp,Over,24.5,-111,2026-10-04T04:54:26Z
20261004T045441Z,96d2373cda647873b971f268482bced0,2026-10-04T20:25:00Z,Seattle Seahawks,Los Angeles Chargers,draftkings,player_reception_yds,Cooper Kupp,Under,24.5,-113,2026-10-04T04:54:26Z
20261004T045441Z,96d2373cda647873b971f268482bced0,2026-10-04T20:25:00Z,Seattle Seahawks,Los Angeles Chargers,draftkings,player_reception_yds,Rashid Shaheed,Over,22.5,-110,2026-10-04T04:54:26Z
20261004T045441Z,96d2373cda647873b971f268482bced0,2026-10-04T20:25:00Z,Seattle Seahawks,Los Angeles Chargers,draftkings,player_reception_yds,Rashid Shaheed,Under,22.5,-115,2026-10-04T04:54:26Z
20261004T045441Z,96d2373cda647873b971f268482bced0,2026-10-04T20:25:00Z,Seattle Seahawks,Los Angeles Chargers,draftkings,player_reception_yds,Keaton Mitchell,Over,11.5,-111,2026-10-04T04:54:26Z
20261004T045441Z,96d2373cda647873b971f268482bced0,2026-10-04T20:25:00Z,Seattle Seahawks,Los Angeles Chargers,draftkings,player_reception_yds,Keaton Mitchell,Under,11.5,-113,2026-10-04T04:54:26Z
20261004T045441Z,96d2373cda647873b971f268482bced0,2026-10-04T20:25:00Z,Seattle Seahawks,Los Angeles Chargers,draftkings,player_reception_yds,George Holani,Over,11.5,-110,2026-10-04T04:54:26Z
20261004T045441Z,96d2373cda647873b971f268482bced0,2026-10-04T20:25:00Z,Seattle Seahawks,Los Angeles Chargers,draftkings,player_reception_yds,George Holani,Under,11.5,-114,2026-10-04T04:54:26Z
20261004T045441Z,96d2373cda647873b971f268482bced0,2026-10-04T20:25:00Z,Seattle Seahawks,Los Angeles Chargers,draftkings,player_reception_yds,Tory Horton,Over,11.5,-109,2026-10-04T04:54:26Z
20261004T045441Z,96d2373cda647873b971f268482bced0,2026-10-04T20:25:00Z,Seattle Seahawks,Los Angeles Chargers,draftkings,player_reception_yds,Tory Horton,Under,11.5,-115,2026-10-04T04:54:26Z
20261004T045441Z,96d2373cda647873b971f268482bced0,2026-10-04T20:25:00Z,Seattle Seahawks,Los Angeles Chargers,draftkings,player_reception_yds,Omarion Hampton,Over,5.5,-120,2026-10-04T04:54:26Z
20261004T045441Z,96d2373cda647873b971f268482bced0,2026-10-04T20:25:00Z,Seattle Seahawks,Los Angeles Chargers,draftkings,player_reception_yds,Omarion Hampton,Under,5.5,-105,2026-10-04T04:54:26Z
20261004T045441Z,96d2373cda647873b971f268482bced0,2026-10-04T20:25:00Z,Seattle Seahawks,Los Angeles Chargers,draftkings,player_receptions,Jaxon Smith-Njigba,Over,7.5,107,2026-10-04T04:54:26Z
20261004T045441Z,96d2373cda647873b971f268482bced0,2026-10-04T20:25:00Z,Seattle Seahawks,Los Angeles Chargers,draftkings,player_receptions,Jaxon Smith-Njigba,Under,7.5,-136,2026-10-04T04:54:26Z
20261004T045441Z,96d2373cda647873b971f268482bced0,2026-10-04T20:25:00Z,Seattle Seahawks,Los Angeles Chargers,draftkings,player_receptions,Ladd McConkey,Over,4.5,127,2026-10-04T04:54:26Z
20261004T045441Z,96d2373cda647873b971f268482bced0,2026-10-04T20:25:00Z,Seattle Seahawks,Los Angeles Chargers,draftkings,player_receptions,Ladd McConkey,Under,4.5,-163,2026-10-04T04:54:26Z
20261004T045441Z,96d2373cda647873b971f268482bced0,2026-10-04T20:25:00Z,Seattle Seahawks,Los Angeles Chargers,draftkings,player_receptions,Tre Harris,Over,3.5,119,2026-10-04T04:54:26Z
20261004T045441Z,96d2373cda647873b971f268482bced0,2026-10-04T20:25:00Z,Seattle Seahawks,Los Angeles Chargers,draftkings,player_receptions,Tre Harris,Under,3.5,-152,2026-10-04T04:54:26Z
20261004T045441Z,96d2373cda647873b971f268482bced0,2026-10-04T20:25:00Z,Seattle Seahawks,Los Angeles Chargers,draftkings,player_receptions,AJ Barner,Over,3.5,133,2026-10-04T04:54:26Z
20261004T045441Z,96d2373cda647873b971f268482bced0,2026-10-04T20:25:00Z,Seattle Seahawks,Los Angeles Chargers,draftkings,player_receptions,AJ Barner,Under,3.5,-171,2026-10-04T04:54:26Z
20261004T045441Z,96d2373cda647873b971f268482bced0,2026-10-04T20:25:00Z,Seattle Seahawks,Los Angeles Chargers,draftkings,player_receptions,Quentin Johnston,Over,3.5,135,2026-10-04T04:54:26Z
20261004T045441Z,96d2373cda647873b971f268482bced0,2026-10-04T20:25:00Z,Seattle Seahawks,Los Angeles Chargers,draftkings,player_receptions,Quentin Johnston,Under,3.5,-173,2026-10-04T04:54:26Z
20261004T045441Z,96d2373cda647873b971f268482bced0,2026-10-04T20:25:00Z,Seattle Seahawks,Los Angeles Chargers,draftkings,player_receptions,Oronde Gadsden II,Over,2.5,-156,2026-10-04T04:54:26Z
20261004T045441Z,96d2373cda647873b971f268482bced0,2026-10-04T20:25:00Z,Seattle Seahawks,Los Angeles Chargers,draftkings,player_receptions,Oronde Gadsden II,Under,2.5,122,2026-10-04T04:54:26Z
20261004T045441Z,96d2373cda647873b971f268482bced0,2026-10-04T20:25:00Z,Seattle Seahawks,Los Angeles Chargers,draftkings,player_receptions,Cooper Kupp,Over,2.5,103,2026-10-04T04:54:26Z
20261004T045441Z,96d2373cda647873b971f268482bced0,2026-10-04T20:25:00Z,Seattle Seahawks,Los Angeles Chargers,draftkings,player_receptions,Cooper Kupp,Under,2.5,-132,2026-10-04T04:54:26Z
20261004T045441Z,96d2373cda647873b971f268482bced0,2026-10-04T20:25:00Z,Seattle Seahawks,Los Angeles Chargers,draftkings,player_receptions,Rashid Shaheed,Over,2.5,141,2026-10-04T04:54:26Z
20261004T045441Z,96d2373cda647873b971f268482bced0,2026-10-04T20:25:00Z,Seattle Seahawks,Los Angeles Chargers,draftkings,player_receptions,Rashid Shaheed,Under,2.5,-182,2026-10-04T04:54:26Z
20261004T045441Z,96d2373cda647873b971f268482bced0,2026-10-04T20:25:00Z,Seattle Seahawks,Los Angeles Chargers,draftkings,player_receptions,George Holani,Over,1.5,-139,2026-10-04T04:54:26Z
20261004T045441Z,96d2373cda647873b971f268482bced0,2026-10-04T20:25:00Z,Seattle Seahawks,Los Angeles Chargers,draftkings,player_receptions,George Holani,Under,1.5,109,2026-10-04T04:54:26Z
20261004T045441Z,96d2373cda647873b971f268482bced0,2026-10-04T20:25:00Z,Seattle Seahawks,Los Angeles Chargers,draftkings,player_receptions,Keaton Mitchell,Over,1.5,-118,2026-10-04T04:54:26Z
20261004T045441Z,96d2373cda647873b971f268482bced0,2026-10-04T20:25:00Z,Seattle Seahawks,Los Angeles Chargers,draftkings,player_receptions,Keaton Mitchell,Under,1.5,-108,2026-10-04T04:54:26Z
20261004T045441Z,96d2373cda647873b971f268482bced0,2026-10-04T20:25:00Z,Seattle Seahawks,Los Angeles Chargers,draftkings,player_receptions,Omarion Hampton,Over,1.5,122,2026-10-04T04:54:26Z
20261004T045441Z,96d2373cda647873b971f268482bced0,2026-10-04T20:25:00Z,Seattle Seahawks,Los Angeles Chargers,draftkings,player_receptions,Omarion Hampton,Under,1.5,-156,2026-10-04T04:54:26Z
20261004T045441Z,96d2373cda647873b971f268482bced0,2026-10-04T20:25:00Z,Seattle Seahawks,Los Angeles Chargers,draftkings,player_receptions,Tory Horton,Over,1.5,154,2026-10-04T04:54:26Z
20261004T045441Z,96d2373cda647873b971f268482bced0,2026-10-04T20:25:00Z,Seattle Seahawks,Los Angeles Chargers,draftkings,player_receptions,Tory Horton,Under,1.5,-198,2026-10-04T04:54:26Z
20261004T045441Z,96d2373cda647873b971f268482bced0,2026-10-04T20:25:00Z,Seattle Seahawks,Los Angeles Chargers,draftkings,player_rush_yds,Emanuel Wilson,Over,49.5,-113,2026-10-04T04:54:26Z
20261004T045441Z,96d2373cda647873b971f268482bced0,2026-10-04T20:25:00Z,Seattle Seahawks,Los Angeles Chargers,draftkings,player_rush_yds,Emanuel Wilson,Under,49.5,-111,2026-10-04T04:54:26Z
20261004T045441Z,96d2373cda647873b971f268482bced0,2026-10-04T20:25:00Z,Seattle Seahawks,Los Angeles Chargers,draftkings,player_rush_yds,Omarion Hampton,Over,45.5,-114,2026-10-04T04:54:26Z
20261004T045441Z,96d2373cda647873b971f268482bced0,2026-10-04T20:25:00Z,Seattle Seahawks,Los Angeles Chargers,draftkings,player_rush_yds,Omarion Hampton,Under,45.5,-110,2026-10-04T04:54:26Z
20261004T045441Z,96d2373cda647873b971f268482bced0,2026-10-04T20:25:00Z,Seattle Seahawks,Los Angeles Chargers,draftkings,player_rush_yds,George Holani,Over,35.5,-110,2026-10-04T04:54:26Z
20261004T045441Z,96d2373cda647873b971f268482bced0,2026-10-04T20:25:00Z,Seattle Seahawks,Los Angeles Chargers,draftkings,player_rush_yds,George Holani,Under,35.5,-114,2026-10-04T04:54:26Z
20261004T045441Z,96d2373cda647873b971f268482bced0,2026-10-04T20:25:00Z,Seattle Seahawks,Los Angeles Chargers,draftkings,player_rush_yds,Justin Herbert,Over,20.5,-117,2026-10-04T04:54:26Z
20261004T045441Z,96d2373cda647873b971f268482bced0,2026-10-04T20:25:00Z,Seattle Seahawks,Los Angeles Chargers,draftkings,player_rush_yds,Justin Herbert,Under,20.5,-107,2026-10-04T04:54:26Z
20261004T045441Z,96d2373cda647873b971f268482bced0,2026-10-04T20:25:00Z,Seattle Seahawks,Los Angeles Chargers,draftkings,player_rush_yds,Keaton Mitchell,Over,19.5,-114,2026-10-04T04:54:26Z
20261004T045441Z,96d2373cda647873b971f268482bced0,2026-10-04T20:25:00Z,Seattle Seahawks,Los Angeles Chargers,draftkings,player_rush_yds,Keaton Mitchell,Under,19.5,-110,2026-10-04T04:54:26Z
20261004T045441Z,96d2373cda647873b971f268482bced0,2026-10-04T20:25:00Z,Seattle Seahawks,Los Angeles Chargers,draftkings,player_rush_yds,Sam Darnold,Over,4.5,-111,2026-10-04T04:54:26Z
20261004T045441Z,96d2373cda647873b971f268482bced0,2026-10-04T20:25:00Z,Seattle Seahawks,Los Angeles Chargers,draftkings,player_rush_yds,Sam Darnold,Under,4.5,-113,2026-10-04T04:54:26Z
20261004T045441Z,96d2373cda647873b971f268482bced0,2026-10-04T20:25:00Z,Seattle Seahawks,Los Angeles Chargers,fanduel,player_pass_yds,Justin Herbert,Over,199.5,-113,2026-10-04T04:54:26Z
20261004T045441Z,96d2373cda647873b971f268482bced0,2026-10-04T20:25:00Z,Seattle Seahawks,Los Angeles Chargers,fanduel,player_pass_yds,Justin Herbert,Under,199.5,-113,2026-10-04T04:54:26Z
20261004T045441Z,96d2373cda647873b971f268482bced0,2026-10-04T20:25:00Z,Seattle Seahawks,Los Angeles Chargers,fanduel,player_pass_yds,Sam Darnold,Over,233.5,-113,2026-10-04T04:54:26Z
20261004T045441Z,96d2373cda647873b971f268482bced0,2026-10-04T20:25:00Z,Seattle Seahawks,Los Angeles Chargers,fanduel,player_pass_yds,Sam Darnold,Under,233.5,-113,2026-10-04T04:54:26Z
20261004T045441Z,96d2373cda647873b971f268482bced0,2026-10-04T20:25:00Z,Seattle Seahawks,Los Angeles Chargers,fanduel,player_reception_yds,Tory Horton,Over,11.5,-113,2026-10-04T04:54:26Z
20261004T045441Z,96d2373cda647873b971f268482bced0,2026-10-04T20:25:00Z,Seattle Seahawks,Los Angeles Chargers,fanduel,player_reception_yds,Tory Horton,Under,11.5,-113,2026-10-04T04:54:26Z
20261004T045441Z,96d2373cda647873b971f268482bced0,2026-10-04T20:25:00Z,Seattle Seahawks,Los Angeles Chargers,fanduel,player_reception_yds,Omarion Hampton,Over,5.5,-120,2026-10-04T04:54:26Z
20261004T045441Z,96d2373cda647873b971f268482bced0,2026-10-04T20:25:00Z,Seattle Seahawks,Los Angeles Chargers,fanduel,player_reception_yds,Omarion Hampton,Under,5.5,-106,2026-10-04T04:54:26Z
20261004T045441Z,96d2373cda647873b971f268482bced0,2026-10-04T20:25:00Z,Seattle Seahawks,Los Angeles Chargers,fanduel,player_reception_yds,Keaton Mitchell,Over,10.5,-113,2026-10-04T04:54:26Z
20261004T045441Z,96d2373cda647873b971f268482bced0,2026-10-04T20:25:00Z,Seattle Seahawks,Los Angeles Chargers,fanduel,player_reception_yds,Keaton Mitchell,Under,10.5,-113,2026-10-04T04:54:26Z
20261004T045441Z,96d2373cda647873b971f268482bced0,2026-10-04T20:25:00Z,Seattle Seahawks,Los Angeles Chargers,fanduel,player_reception_yds,Oronde Gadsden II,Over,27.5,-113,2026-10-04T04:54:26Z
20261004T045441Z,96d2373cda647873b971f268482bced0,2026-10-04T20:25:00Z,Seattle Seahawks,Los Angeles Chargers,fanduel,player_reception_yds,Oronde Gadsden II,Under,27.5,-113,2026-10-04T04:54:26Z
20261004T045441Z,96d2373cda647873b971f268482bced0,2026-10-04T20:25:00Z,Seattle Seahawks,Los Angeles Chargers,fanduel,player_reception_yds,Tre Harris,Over,36.5,-113,2026-10-04T04:54:26Z
20261004T045441Z,96d2373cda647873b971f268482bced0,2026-10-04T20:25:00Z,Seattle Seahawks,Los Angeles Chargers,fanduel,player_reception_yds,Tre Harris,Under,36.5,-113,2026-10-04T04:54:26Z
20261004T045441Z,96d2373cda647873b971f268482bced0,2026-10-04T20:25:00Z,Seattle Seahawks,Los Angeles Chargers,fanduel,player_reception_yds,Rashid Shaheed,Over,23.5,-113,2026-10-04T04:54:26Z
20261004T045441Z,96d2373cda647873b971f268482bced0,2026-10-04T20:25:00Z,Seattle Seahawks,Los Angeles Chargers,fanduel,player_reception_yds,Rashid Shaheed,Under,23.5,-113,2026-10-04T04:54:26Z
20261004T045441Z,96d2373cda647873b971f268482bced0,2026-10-04T20:25:00Z,Seattle Seahawks,Los Angeles Chargers,fanduel,player_reception_yds,AJ Barner,Over,30.5,-113,2026-10-04T04:54:26Z
20261004T045441Z,96d2373cda647873b971f268482bced0,2026-10-04T20:25:00Z,Seattle Seahawks,Los Angeles Chargers,fanduel,player_reception_yds,AJ Barner,Under,30.5,-113,2026-10-04T04:54:26Z
20261004T045441Z,96d2373cda647873b971f268482bced0,2026-10-04T20:25:00Z,Seattle Seahawks,Los Angeles Chargers,fanduel,player_reception_yds,Cooper Kupp,Over,21.5,-113,2026-10-04T04:54:26Z
20261004T045441Z,96d2373cda647873b971f268482bced0,2026-10-04T20:25:00Z,Seattle Seahawks,Los Angeles Chargers,fanduel,player_reception_yds,Cooper Kupp,Under,21.5,-113,2026-10-04T04:54:26Z
20261004T045441Z,96d2373cda647873b971f268482bced0,2026-10-04T20:25:00Z,Seattle Seahawks,Los Angeles Chargers,fanduel,player_reception_yds,Jaxon Smith-Njigba,Over,93.5,-113,2026-10-04T04:54:26Z
20261004T045441Z,96d2373cda647873b971f268482bced0,2026-10-04T20:25:00Z,Seattle Seahawks,Los Angeles Chargers,fanduel,player_reception_yds,Jaxon Smith-Njigba,Under,93.5,-113,2026-10-04T04:54:26Z
20261004T045441Z,96d2373cda647873b971f268482bced0,2026-10-04T20:25:00Z,Seattle Seahawks,Los Angeles Chargers,fanduel,player_reception_yds,George Holani,Over,9.5,-113,2026-10-04T04:54:26Z
20261004T045441Z,96d2373cda647873b971f268482bced0,2026-10-04T20:25:00Z,Seattle Seahawks,Los Angeles Chargers,fanduel,player_reception_yds,George Holani,Under,9.5,-113,2026-10-04T04:54:26Z
20261004T045441Z,96d2373cda647873b971f268482bced0,2026-10-04T20:25:00Z,Seattle Seahawks,Los Angeles Chargers,fanduel,player_reception_yds,Ladd McConkey,Over,47.5,-113,2026-10-04T04:54:26Z
20261004T045441Z,96d2373cda647873b971f268482bced0,2026-10-04T20:25:00Z,Seattle Seahawks,Los Angeles Chargers,fanduel,player_reception_yds,Ladd McConkey,Under,47.5,-113,2026-10-04T04:54:26Z
20261004T045441Z,96d2373cda647873b971f268482bced0,2026-10-04T20:25:00Z,Seattle Seahawks,Los Angeles Chargers,fanduel,player_reception_yds,Quentin Johnston,Over,34.5,-113,2026-10-04T04:54:26Z
20261004T045441Z,96d2373cda647873b971f268482bced0,2026-10-04T20:25:00Z,Seattle Seahawks,Los Angeles Chargers,fanduel,player_reception_yds,Quentin Johnston,Under,34.5,-113,2026-10-04T04:54:26Z
20261004T045441Z,96d2373cda647873b971f268482bced0,2026-10-04T20:25:00Z,Seattle Seahawks,Los Angeles Chargers,fanduel,player_receptions,Oronde Gadsden II,Over,2.5,-148,2026-10-04T04:54:26Z
20261004T045441Z,96d2373cda647873b971f268482bced0,2026-10-04T20:25:00Z,Seattle Seahawks,Los Angeles Chargers,fanduel,player_receptions,Oronde Gadsden II,Under,2.5,112,2026-10-04T04:54:26Z
20261004T045441Z,96d2373cda647873b971f268482bced0,2026-10-04T20:25:00Z,Seattle Seahawks,Los Angeles Chargers,fanduel,player_receptions,Quentin Johnston,Over,2.5,-178,2026-10-04T04:54:26Z
20261004T045441Z,96d2373cda647873b971f268482bced0,2026-10-04T20:25:00Z,Seattle Seahawks,Los Angeles Chargers,fanduel,player_receptions,Quentin Johnston,Under,2.5,132,2026-10-04T04:54:26Z
20261004T045441Z,96d2373cda647873b971f268482bced0,2026-10-04T20:25:00Z,Seattle Seahawks,Los Angeles Chargers,fanduel,player_receptions,Tre Harris,Over,3.5,120,2026-10-04T04:54:26Z
20261004T045441Z,96d2373cda647873b971f268482bced0,2026-10-04T20:25:00Z,Seattle Seahawks,Los Angeles Chargers,fanduel,player_receptions,Tre Harris,Under,3.5,-160,2026-10-04T04:54:26Z
20261004T045441Z,96d2373cda647873b971f268482bced0,2026-10-04T20:25:00Z,Seattle Seahawks,Los Angeles Chargers,fanduel,player_receptions,Keaton Mitchell,Over,1.5,-114,2026-10-04T04:54:26Z
20261004T045441Z,96d2373cda647873b971f268482bced0,2026-10-04T20:25:00Z,Seattle Seahawks,Los Angeles Chargers,fanduel,player_receptions,Keaton Mitchell,Under,1.5,-114,2026-10-04T04:54:26Z
20261004T045441Z,96d2373cda647873b971f268482bced0,2026-10-04T20:25:00Z,Seattle Seahawks,Los Angeles Chargers,fanduel,player_receptions,Rashid Shaheed,Over,2.5,124,2026-10-04T04:54:26Z
20261004T045441Z,96d2373cda647873b971f268482bced0,2026-10-04T20:25:00Z,Seattle Seahawks,Los Angeles Chargers,fanduel,player_receptions,Rashid Shaheed,Under,2.5,-166,2026-10-04T04:54:26Z
20261004T045441Z,96d2373cda647873b971f268482bced0,2026-10-04T20:25:00Z,Seattle Seahawks,Los Angeles Chargers,fanduel,player_receptions,Jaxon Smith-Njigba,Over,6.5,-148,2026-10-04T04:54:26Z
20261004T045441Z,96d2373cda647873b971f268482bced0,2026-10-04T20:25:00Z,Seattle Seahawks,Los Angeles Chargers,fanduel,player_receptions,Jaxon Smith-Njigba,Under,6.5,112,2026-10-04T04:54:26Z
20261004T045441Z,96d2373cda647873b971f268482bced0,2026-10-04T20:25:00Z,Seattle Seahawks,Los Angeles Chargers,fanduel,player_receptions,Cooper Kupp,Over,2.5,118,2026-10-04T04:54:26Z
20261004T045441Z,96d2373cda647873b971f268482bced0,2026-10-04T20:25:00Z,Seattle Seahawks,Los Angeles Chargers,fanduel,player_receptions,Cooper Kupp,Under,2.5,-158,2026-10-04T04:54:26Z
20261004T045441Z,96d2373cda647873b971f268482bced0,2026-10-04T20:25:00Z,Seattle Seahawks,Los Angeles Chargers,fanduel,player_receptions,Ladd McConkey,Over,3.5,-172,2026-10-04T04:54:26Z
20261004T045441Z,96d2373cda647873b971f268482bced0,2026-10-04T20:25:00Z,Seattle Seahawks,Los Angeles Chargers,fanduel,player_receptions,Ladd McConkey,Under,3.5,128,2026-10-04T04:54:26Z
20261004T045441Z,96d2373cda647873b971f268482bced0,2026-10-04T20:25:00Z,Seattle Seahawks,Los Angeles Chargers,fanduel,player_receptions,AJ Barner,Over,3.5,124,2026-10-04T04:54:26Z
20261004T045441Z,96d2373cda647873b971f268482bced0,2026-10-04T20:25:00Z,Seattle Seahawks,Los Angeles Chargers,fanduel,player_receptions,AJ Barner,Under,3.5,-166,2026-10-04T04:54:26Z
20261004T045441Z,96d2373cda647873b971f268482bced0,2026-10-04T20:25:00Z,Seattle Seahawks,Los Angeles Chargers,fanduel,player_receptions,Tory Horton,Over,1.5,148,2026-10-04T04:54:26Z
20261004T045441Z,96d2373cda647873b971f268482bced0,2026-10-04T20:25:00Z,Seattle Seahawks,Los Angeles Chargers,fanduel,player_receptions,Tory Horton,Under,1.5,-200,2026-10-04T04:54:26Z
20261004T045441Z,96d2373cda647873b971f268482bced0,2026-10-04T20:25:00Z,Seattle Seahawks,Los Angeles Chargers,fanduel,player_receptions,George Holani,Over,1.5,-125,2026-10-04T04:54:26Z
20261004T045441Z,96d2373cda647873b971f268482bced0,2026-10-04T20:25:00Z,Seattle Seahawks,Los Angeles Chargers,fanduel,player_receptions,George Holani,Under,1.5,-106,2026-10-04T04:54:26Z
20261004T045441Z,96d2373cda647873b971f268482bced0,2026-10-04T20:25:00Z,Seattle Seahawks,Los Angeles Chargers,fanduel,player_rush_yds,Justin Herbert,Over,20.5,-113,2026-10-04T04:54:26Z
20261004T045441Z,96d2373cda647873b971f268482bced0,2026-10-04T20:25:00Z,Seattle Seahawks,Los Angeles Chargers,fanduel,player_rush_yds,Justin Herbert,Under,20.5,-113,2026-10-04T04:54:26Z
20261004T045441Z,96d2373cda647873b971f268482bced0,2026-10-04T20:25:00Z,Seattle Seahawks,Los Angeles Chargers,fanduel,player_rush_yds,Keaton Mitchell,Over,18.5,-113,2026-10-04T04:54:26Z
20261004T045441Z,96d2373cda647873b971f268482bced0,2026-10-04T20:25:00Z,Seattle Seahawks,Los Angeles Chargers,fanduel,player_rush_yds,Keaton Mitchell,Under,18.5,-113,2026-10-04T04:54:26Z
20261004T045441Z,96d2373cda647873b971f268482bced0,2026-10-04T20:25:00Z,Seattle Seahawks,Los Angeles Chargers,fanduel,player_rush_yds,George Holani,Over,35.5,-113,2026-10-04T04:54:26Z
20261004T045441Z,96d2373cda647873b971f268482bced0,2026-10-04T20:25:00Z,Seattle Seahawks,Los Angeles Chargers,fanduel,player_rush_yds,George Holani,Under,35.5,-113,2026-10-04T04:54:26Z
20261004T045441Z,96d2373cda647873b971f268482bced0,2026-10-04T20:25:00Z,Seattle Seahawks,Los Angeles Chargers,fanduel,player_rush_yds,Omarion Hampton,Over,45.5,-113,2026-10-04T04:54:26Z
20261004T045441Z,96d2373cda647873b971f268482bced0,2026-10-04T20:25:00Z,Seattle Seahawks,Los Angeles Chargers,fanduel,player_rush_yds,Omarion Hampton,Under,45.5,-113,2026-10-04T04:54:26Z
20261004T045441Z,96d2373cda647873b971f268482bced0,2026-10-04T20:25:00Z,Seattle Seahawks,Los Angeles Chargers,fanduel,player_rush_yds,Emanuel Wilson,Over,47.5,-113,2026-10-04T04:54:26Z
20261004T045441Z,96d2373cda647873b971f268482bced0,2026-10-04T20:25:00Z,Seattle Seahawks,Los Angeles Chargers,fanduel,player_rush_yds,Emanuel Wilson,Under,47.5,-113,2026-10-04T04:54:26Z
20261004T045441Z,96d2373cda647873b971f268482bced0,2026-10-04T20:25:00Z,Seattle Seahawks,Los Angeles Chargers,fanduel,player_rush_yds,Sam Darnold,Over,4.5,-113,2026-10-04T04:54:26Z
20261004T045441Z,96d2373cda647873b971f268482bced0,2026-10-04T20:25:00Z,Seattle Seahawks,Los Angeles Chargers,fanduel,player_rush_yds,Sam Darnold,Under,4.5,-113,2026-10-04T04:54:26Z
20261004T045441Z,96d2373cda647873b971f268482bced0,2026-10-04T20:25:00Z,Seattle Seahawks,Los Angeles Chargers,betonlineag,player_pass_yds,Sam Darnold,Over,233.5,-116,2026-10-04T04:54:04Z
20261004T045441Z,96d2373cda647873b971f268482bced0,2026-10-04T20:25:00Z,Seattle Seahawks,Los Angeles Chargers,betonlineag,player_pass_yds,Sam Darnold,Under,233.5,-111,2026-10-04T04:54:04Z
20261004T045441Z,96d2373cda647873b971f268482bced0,2026-10-04T20:25:00Z,Seattle Seahawks,Los Angeles Chargers,betonlineag,player_pass_yds,Justin Herbert,Over,199.5,-115,2026-10-04T04:54:04Z
20261004T045441Z,96d2373cda647873b971f268482bced0,2026-10-04T20:25:00Z,Seattle Seahawks,Los Angeles Chargers,betonlineag,player_pass_yds,Justin Herbert,Under,199.5,-112,2026-10-04T04:54:04Z
20261004T045441Z,96d2373cda647873b971f268482bced0,2026-10-04T20:25:00Z,Seattle Seahawks,Los Angeles Chargers,betonlineag,player_reception_yds,Quentin Johnston,Over,34.5,-116,2026-10-04T04:54:04Z
20261004T045441Z,96d2373cda647873b971f268482bced0,2026-10-04T20:25:00Z,Seattle Seahawks,Los Angeles Chargers,betonlineag,player_reception_yds,Quentin Johnston,Under,34.5,-111,2026-10-04T04:54:04Z
20261004T045441Z,96d2373cda647873b971f268482bced0,2026-10-04T20:25:00Z,Seattle Seahawks,Los Angeles Chargers,betonlineag,player_reception_yds,AJ Barner,Over,30.5,-116,2026-10-04T04:54:04Z
20261004T045441Z,96d2373cda647873b971f268482bced0,2026-10-04T20:25:00Z,Seattle Seahawks,Los Angeles Chargers,betonlineag,player_reception_yds,AJ Barner,Under,30.5,-111,2026-10-04T04:54:04Z
20261004T045441Z,96d2373cda647873b971f268482bced0,2026-10-04T20:25:00Z,Seattle Seahawks,Los Angeles Chargers,betonlineag,player_reception_yds,Tory Horton,Over,11.5,-114,2026-10-04T04:54:04Z
20261004T045441Z,96d2373cda647873b971f268482bced0,2026-10-04T20:25:00Z,Seattle Seahawks,Los Angeles Chargers,betonlineag,player_reception_yds,Tory Horton,Under,11.5,-114,2026-10-04T04:54:04Z
20261004T045441Z,96d2373cda647873b971f268482bced0,2026-10-04T20:25:00Z,Seattle Seahawks,Los Angeles Chargers,betonlineag,player_reception_yds,Rashid Shaheed,Over,22.5,-115,2026-10-04T04:54:04Z
20261004T045441Z,96d2373cda647873b971f268482bced0,2026-10-04T20:25:00Z,Seattle Seahawks,Los Angeles Chargers,betonlineag,player_reception_yds,Rashid Shaheed,Under,22.5,-112,2026-10-04T04:54:04Z
20261004T045441Z,96d2373cda647873b971f268482bced0,2026-10-04T20:25:00Z,Seattle Seahawks,Los Angeles Chargers,betonlineag,player_reception_yds,Keaton Mitchell,Over,10.5,-114,2026-10-04T04:54:04Z
20261004T045441Z,96d2373cda647873b971f268482bced0,2026-10-04T20:25:00Z,Seattle Seahawks,Los Angeles Chargers,betonlineag,player_reception_yds,Keaton Mitchell,Under,10.5,-114,2026-10-04T04:54:04Z
20261004T045441Z,96d2373cda647873b971f268482bced0,2026-10-04T20:25:00Z,Seattle Seahawks,Los Angeles Chargers,betonlineag,player_reception_yds,Oronde Gadsden II,Over,27.5,-116,2026-10-04T04:54:04Z
20261004T045441Z,96d2373cda647873b971f268482bced0,2026-10-04T20:25:00Z,Seattle Seahawks,Los Angeles Chargers,betonlineag,player_reception_yds,Oronde Gadsden II,Under,27.5,-111,2026-10-04T04:54:04Z
20261004T045441Z,96d2373cda647873b971f268482bced0,2026-10-04T20:25:00Z,Seattle Seahawks,Los Angeles Chargers,betonlineag,player_reception_yds,George Holani,Over,10.5,-118,2026-10-04T04:54:04Z
20261004T045441Z,96d2373cda647873b971f268482bced0,2026-10-04T20:25:00Z,Seattle Seahawks,Los Angeles Chargers,betonlineag,player_reception_yds,George Holani,Under,10.5,-110,2026-10-04T04:54:04Z
20261004T045441Z,96d2373cda647873b971f268482bced0,2026-10-04T20:25:00Z,Seattle Seahawks,Los Angeles Chargers,betonlineag,player_reception_yds,Tre Harris,Over,36.5,-116,2026-10-04T04:54:04Z
20261004T045441Z,96d2373cda647873b971f268482bced0,2026-10-04T20:25:00Z,Seattle Seahawks,Los Angeles Chargers,betonlineag,player_reception_yds,Tre Harris,Under,36.5,-111,2026-10-04T04:54:04Z
20261004T045441Z,96d2373cda647873b971f268482bced0,2026-10-04T20:25:00Z,Seattle Seahawks,Los Angeles Chargers,betonlineag,player_reception_yds,Ladd McConkey,Over,47.5,-115,2026-10-04T04:54:04Z
20261004T045441Z,96d2373cda647873b971f268482bced0,2026-10-04T20:25:00Z,Seattle Seahawks,Los Angeles Chargers,betonlineag,player_reception_yds,Ladd McConkey,Under,47.5,-112,2026-10-04T04:54:04Z
20261004T045441Z,96d2373cda647873b971f268482bced0,2026-10-04T20:25:00Z,Seattle Seahawks,Los Angeles Chargers,betonlineag,player_reception_yds,Omarion Hampton,Over,6.5,-109,2026-10-04T04:54:04Z
20261004T045441Z,96d2373cda647873b971f268482bced0,2026-10-04T20:25:00Z,Seattle Seahawks,Los Angeles Chargers,betonlineag,player_reception_yds,Omarion Hampton,Under,6.5,-119,2026-10-04T04:54:04Z
20261004T045441Z,96d2373cda647873b971f268482bced0,2026-10-04T20:25:00Z,Seattle Seahawks,Los Angeles Chargers,betonlineag,player_reception_yds,Cooper Kupp,Over,21.5,-116,2026-10-04T04:54:04Z
20261004T045441Z,96d2373cda647873b971f268482bced0,2026-10-04T20:25:00Z,Seattle Seahawks,Los Angeles Chargers,betonlineag,player_reception_yds,Cooper Kupp,Under,21.5,-111,2026-10-04T04:54:04Z
20261004T045441Z,96d2373cda647873b971f268482bced0,2026-10-04T20:25:00Z,Seattle Seahawks,Los Angeles Chargers,betonlineag,player_reception_yds,Jaxon Smith-Njigba,Over,93.5,-116,2026-10-04T04:54:04Z
20261004T045441Z,96d2373cda647873b971f268482bced0,2026-10-04T20:25:00Z,Seattle Seahawks,Los Angeles Chargers,betonlineag,player_reception_yds,Jaxon Smith-Njigba,Under,93.5,-111,2026-10-04T04:54:04Z
20261004T045441Z,96d2373cda647873b971f268482bced0,2026-10-04T20:25:00Z,Seattle Seahawks,Los Angeles Chargers,betonlineag,player_receptions,Cooper Kupp,Over,2.5,117,2026-10-04T04:54:04Z
20261004T045441Z,96d2373cda647873b971f268482bced0,2026-10-04T20:25:00Z,Seattle Seahawks,Los Angeles Chargers,betonlineag,player_receptions,Cooper Kupp,Under,2.5,-152,2026-10-04T04:54:04Z
20261004T045441Z,96d2373cda647873b971f268482bced0,2026-10-04T20:25:00Z,Seattle Seahawks,Los Angeles Chargers,betonlineag,player_receptions,AJ Barner,Over,3.5,132,2026-10-04T04:54:04Z
20261004T045441Z,96d2373cda647873b971f268482bced0,2026-10-04T20:25:00Z,Seattle Seahawks,Los Angeles Chargers,betonlineag,player_receptions,AJ Barner,Under,3.5,-172,2026-10-04T04:54:04Z
20261004T045441Z,96d2373cda647873b971f268482bced0,2026-10-04T20:25:00Z,Seattle Seahawks,Los Angeles Chargers,betonlineag,player_receptions,Ladd McConkey,Over,3.5,-159,2026-10-04T04:54:04Z
20261004T045441Z,96d2373cda647873b971f268482bced0,2026-10-04T20:25:00Z,Seattle Seahawks,Los Angeles Chargers,betonlineag,player_receptions,Ladd McConkey,Under,3.5,122,2026-10-04T04:54:04Z
20261004T045441Z,96d2373cda647873b971f268482bced0,2026-10-04T20:25:00Z,Seattle Seahawks,Los Angeles Chargers,betonlineag,player_receptions,Oronde Gadsden II,Over,2.5,-141,2026-10-04T04:54:04Z
20261004T045441Z,96d2373cda647873b971f268482bced0,2026-10-04T20:25:00Z,Seattle Seahawks,Los Angeles Chargers,betonlineag,player_receptions,Oronde Gadsden II,Under,2.5,109,2026-10-04T04:54:04Z
20261004T045441Z,96d2373cda647873b971f268482bced0,2026-10-04T20:25:00Z,Seattle Seahawks,Los Angeles Chargers,betonlineag,player_receptions,Rashid Shaheed,Over,2.5,134,2026-10-04T04:54:04Z
20261004T045441Z,96d2373cda647873b971f268482bced0,2026-10-04T20:25:00Z,Seattle Seahawks,Los Angeles Chargers,betonlineag,player_receptions,Rashid Shaheed,Under,2.5,-175,2026-10-04T04:54:04Z
20261004T045441Z,96d2373cda647873b971f268482bced0,2026-10-04T20:25:00Z,Seattle Seahawks,Los Angeles Chargers,betonlineag,player_receptions,George Holani,Over,1.5,-125,2026-10-04T04:54:04Z
20261004T045441Z,96d2373cda647873b971f268482bced0,2026-10-04T20:25:00Z,Seattle Seahawks,Los Angeles Chargers,betonlineag,player_receptions,George Holani,Under,1.5,-103,2026-10-04T04:54:04Z
20261004T045441Z,96d2373cda647873b971f268482bced0,2026-10-04T20:25:00Z,Seattle Seahawks,Los Angeles Chargers,betonlineag,player_receptions,Tory Horton,Over,1.5,158,2026-10-04T04:54:04Z
20261004T045441Z,96d2373cda647873b971f268482bced0,2026-10-04T20:25:00Z,Seattle Seahawks,Los Angeles Chargers,betonlineag,player_receptions,Tory Horton,Under,1.5,-208,2026-10-04T04:54:04Z
20261004T045441Z,96d2373cda647873b971f268482bced0,2026-10-04T20:25:00Z,Seattle Seahawks,Los Angeles Chargers,betonlineag,player_receptions,Jaxon Smith-Njigba,Over,7.5,109,2026-10-04T04:54:04Z
20261004T045441Z,96d2373cda647873b971f268482bced0,2026-10-04T20:25:00Z,Seattle Seahawks,Los Angeles Chargers,betonlineag,player_receptions,Jaxon Smith-Njigba,Under,7.5,-141,2026-10-04T04:54:04Z
20261004T045441Z,96d2373cda647873b971f268482bced0,2026-10-04T20:25:00Z,Seattle Seahawks,Los Angeles Chargers,betonlineag,player_receptions,Keaton Mitchell,Over,1.5,-101,2026-10-04T04:54:04Z
20261004T045441Z,96d2373cda647873b971f268482bced0,2026-10-04T20:25:00Z,Seattle Seahawks,Los Angeles Chargers,betonlineag,player_receptions,Keaton Mitchell,Under,1.5,-128,2026-10-04T04:54:04Z
20261004T045441Z,96d2373cda647873b971f268482bced0,2026-10-04T20:25:00Z,Seattle Seahawks,Los Angeles Chargers,betonlineag,player_receptions,Omarion Hampton,Over,1.5,112,2026-10-04T04:54:04Z
20261004T045441Z,96d2373cda647873b971f268482bced0,2026-10-04T20:25:00Z,Seattle Seahawks,Los Angeles Chargers,betonlineag,player_receptions,Omarion Hampton,Under,1.5,-145,2026-10-04T04:54:04Z
20261004T045441Z,96d2373cda647873b971f268482bced0,2026-10-04T20:25:00Z,Seattle Seahawks,Los Angeles Chargers,betonlineag,player_receptions,Tre Harris,Over,3.5,117,2026-10-04T04:54:04Z
20261004T045441Z,96d2373cda647873b971f268482bced0,2026-10-04T20:25:00Z,Seattle Seahawks,Los Angeles Chargers,betonlineag,player_receptions,Tre Harris,Under,3.5,-152,2026-10-04T04:54:04Z
20261004T045441Z,96d2373cda647873b971f268482bced0,2026-10-04T20:25:00Z,Seattle Seahawks,Los Angeles Chargers,betonlineag,player_receptions,Quentin Johnston,Over,3.5,122,2026-10-04T04:54:04Z
20261004T045441Z,96d2373cda647873b971f268482bced0,2026-10-04T20:25:00Z,Seattle Seahawks,Los Angeles Chargers,betonlineag,player_receptions,Quentin Johnston,Under,3.5,-159,2026-10-04T04:54:04Z
20261004T045441Z,96d2373cda647873b971f268482bced0,2026-10-04T20:25:00Z,Seattle Seahawks,Los Angeles Chargers,betonlineag,player_rush_yds,Omarion Hampton,Over,45.5,-114,2026-10-04T04:54:04Z
20261004T045441Z,96d2373cda647873b971f268482bced0,2026-10-04T20:25:00Z,Seattle Seahawks,Los Angeles Chargers,betonlineag,player_rush_yds,Omarion Hampton,Under,45.5,-114,2026-10-04T04:54:04Z
20261004T045441Z,96d2373cda647873b971f268482bced0,2026-10-04T20:25:00Z,Seattle Seahawks,Los Angeles Chargers,betonlineag,player_rush_yds,Sam Darnold,Over,4.5,-116,2026-10-04T04:54:04Z
20261004T045441Z,96d2373cda647873b971f268482bced0,2026-10-04T20:25:00Z,Seattle Seahawks,Los Angeles Chargers,betonlineag,player_rush_yds,Sam Darnold,Under,4.5,-111,2026-10-04T04:54:04Z
20261004T045441Z,96d2373cda647873b971f268482bced0,2026-10-04T20:25:00Z,Seattle Seahawks,Los Angeles Chargers,betonlineag,player_rush_yds,Keaton Mitchell,Over,16.5,-114,2026-10-04T04:54:04Z
20261004T045441Z,96d2373cda647873b971f268482bced0,2026-10-04T20:25:00Z,Seattle Seahawks,Los Angeles Chargers,betonlineag,player_rush_yds,Keaton Mitchell,Under,16.5,-114,2026-10-04T04:54:04Z
20261004T045441Z,96d2373cda647873b971f268482bced0,2026-10-04T20:25:00Z,Seattle Seahawks,Los Angeles Chargers,betonlineag,player_rush_yds,Justin Herbert,Over,20.5,-118,2026-10-04T04:54:04Z
20261004T045441Z,96d2373cda647873b971f268482bced0,2026-10-04T20:25:00Z,Seattle Seahawks,Los Angeles Chargers,betonlineag,player_rush_yds,Justin Herbert,Under,20.5,-110,2026-10-04T04:54:04Z
20261004T045441Z,96d2373cda647873b971f268482bced0,2026-10-04T20:25:00Z,Seattle Seahawks,Los Angeles Chargers,betonlineag,player_rush_yds,Emanuel Wilson,Over,48.5,-112,2026-10-04T04:54:04Z
20261004T045441Z,96d2373cda647873b971f268482bced0,2026-10-04T20:25:00Z,Seattle Seahawks,Los Angeles Chargers,betonlineag,player_rush_yds,Emanuel Wilson,Under,48.5,-115,2026-10-04T04:54:04Z
20261004T045441Z,96d2373cda647873b971f268482bced0,2026-10-04T20:25:00Z,Seattle Seahawks,Los Angeles Chargers,betonlineag,player_rush_yds,George Holani,Over,35.5,-114,2026-10-04T04:54:04Z
20261004T045441Z,96d2373cda647873b971f268482bced0,2026-10-04T20:25:00Z,Seattle Seahawks,Los Angeles Chargers,betonlineag,player_rush_yds,George Holani,Under,35.5,-114,2026-10-04T04:54:04Z
20261004T045441Z,96d2373cda647873b971f268482bced0,2026-10-04T20:25:00Z,Seattle Seahawks,Los Angeles Chargers,betrivers,player_pass_yds,Sam Darnold,Over,233.5,-115,2026-10-04T04:54:36Z
20261004T045441Z,96d2373cda647873b971f268482bced0,2026-10-04T20:25:00Z,Seattle Seahawks,Los Angeles Chargers,betrivers,player_pass_yds,Sam Darnold,Under,233.5,-115,2026-10-04T04:54:36Z
20261004T045441Z,96d2373cda647873b971f268482bced0,2026-10-04T20:25:00Z,Seattle Seahawks,Los Angeles Chargers,betrivers,player_pass_yds,Justin Herbert,Over,197.5,-117,2026-10-04T04:54:36Z
20261004T045441Z,96d2373cda647873b971f268482bced0,2026-10-04T20:25:00Z,Seattle Seahawks,Los Angeles Chargers,betrivers,player_pass_yds,Justin Herbert,Under,197.5,-114,2026-10-04T04:54:36Z
20261004T045441Z,96d2373cda647873b971f268482bced0,2026-10-04T20:25:00Z,Seattle Seahawks,Los Angeles Chargers,betrivers,player_reception_yds,Tory Horton,Over,10.5,-120,2026-10-04T04:54:36Z
20261004T045441Z,96d2373cda647873b971f268482bced0,2026-10-04T20:25:00Z,Seattle Seahawks,Los Angeles Chargers,betrivers,player_reception_yds,Tory Horton,Under,10.5,-110,2026-10-04T04:54:36Z
20261004T045441Z,96d2373cda647873b971f268482bced0,2026-10-04T20:25:00Z,Seattle Seahawks,Los Angeles Chargers,betrivers,player_reception_yds,Cooper Kupp,Over,22.5,-117,2026-10-04T04:54:36Z
20261004T045441Z,96d2373cda647873b971f268482bced0,2026-10-04T20:25:00Z,Seattle Seahawks,Los Angeles Chargers,betrivers,player_reception_yds,Cooper Kupp,Under,22.5,-114,2026-10-04T04:54:36Z
20261004T045441Z,96d2373cda647873b971f268482bced0,2026-10-04T20:25:00Z,Seattle Seahawks,Los Angeles Chargers,betrivers,player_reception_yds,Keaton Mitchell,Over,10.5,-109,2026-10-04T04:54:36Z
20261004T045441Z,96d2373cda647873b971f268482bced0,2026-10-04T20:25:00Z,Seattle Seahawks,Los Angeles Chargers,betrivers,player_reception_yds,Keaton Mitchell,Under,10.5,-122,2026-10-04T04:54:36Z
20261004T045441Z,96d2373cda647873b971f268482bced0,2026-10-04T20:25:00Z,Seattle Seahawks,Los Angeles Chargers,betrivers,player_reception_yds,Oronde Gadsden II,Over,26.5,-114,2026-10-04T04:54:36Z
20261004T045441Z,96d2373cda647873b971f268482bced0,2026-10-04T20:25:00Z,Seattle Seahawks,Los Angeles Chargers,betrivers,player_reception_yds,Oronde Gadsden II,Under,26.5,-117,2026-10-04T04:54:36Z
20261004T045441Z,96d2373cda647873b971f268482bced0,2026-10-04T20:25:00Z,Seattle Seahawks,Los Angeles Chargers,betrivers,player_reception_yds,Quentin Johnston,Over,35.5,-114,2026-10-04T04:54:36Z
20261004T045441Z,96d2373cda647873b971f268482bced0,2026-10-04T20:25:00Z,Seattle Seahawks,Los Angeles Chargers,betrivers,player_reception_yds,Quentin Johnston,Under,35.5,-117,2026-10-04T04:54:36Z
20261004T045441Z,96d2373cda647873b971f268482bced0,2026-10-04T20:25:00Z,Seattle Seahawks,Los Angeles Chargers,betrivers,player_reception_yds,AJ Barner,Over,28.5,-118,2026-10-04T04:54:36Z
20261004T045441Z,96d2373cda647873b971f268482bced0,2026-10-04T20:25:00Z,Seattle Seahawks,Los Angeles Chargers,betrivers,player_reception_yds,AJ Barner,Under,28.5,-113,2026-10-04T04:54:36Z
20261004T045441Z,96d2373cda647873b971f268482bced0,2026-10-04T20:25:00Z,Seattle Seahawks,Los Angeles Chargers,betrivers,player_reception_yds,Tre Harris,Over,34.5,-113,2026-10-04T04:54:36Z
20261004T045441Z,96d2373cda647873b971f268482bced0,2026-10-04T20:25:00Z,Seattle Seahawks,Los Angeles Chargers,betrivers,player_reception_yds,Tre Harris,Under,34.5,-118,2026-10-04T04:54:36Z
20261004T045441Z,96d2373cda647873b971f268482bced0,2026-10-04T20:25:00Z,Seattle Seahawks,Los Angeles Chargers,betrivers,player_reception_yds,George Holani,Over,8.5,-117,2026-10-04T04:54:36Z
20261004T045441Z,96d2373cda647873b971f268482bced0,2026-10-04T20:25:00Z,Seattle Seahawks,Los Angeles Chargers,betrivers,player_reception_yds,George Holani,Under,8.5,-114,2026-10-04T04:54:36Z
20261004T045441Z,96d2373cda647873b971f268482bced0,2026-10-04T20:25:00Z,Seattle Seahawks,Los Angeles Chargers,betrivers,player_reception_yds,Rashid Shaheed,Over,19.5,-120,2026-10-04T04:54:36Z
20261004T045441Z,96d2373cda647873b971f268482bced0,2026-10-04T20:25:00Z,Seattle Seahawks,Los Angeles Chargers,betrivers,player_reception_yds,Rashid Shaheed,Under,19.5,-112,2026-10-04T04:54:36Z
20261004T045441Z,96d2373cda647873b971f268482bced0,2026-10-04T20:25:00Z,Seattle Seahawks,Los Angeles Chargers,betrivers,player_reception_yds,Jaxon Smith-Njigba,Over,92.5,-113,2026-10-04T04:54:36Z
20261004T045441Z,96d2373cda647873b971f268482bced0,2026-10-04T20:25:00Z,Seattle Seahawks,Los Angeles Chargers,betrivers,player_reception_yds,Jaxon Smith-Njigba,Under,92.5,-117,2026-10-04T04:54:36Z
20261004T045441Z,96d2373cda647873b971f268482bced0,2026-10-04T20:25:00Z,Seattle Seahawks,Los Angeles Chargers,betrivers,player_reception_yds,Omarion Hampton,Over,5.5,-107,2026-10-04T04:54:36Z
20261004T045441Z,96d2373cda647873b971f268482bced0,2026-10-04T20:25:00Z,Seattle Seahawks,Los Angeles Chargers,betrivers,player_reception_yds,Omarion Hampton,Under,5.5,-124,2026-10-04T04:54:36Z
20261004T045441Z,96d2373cda647873b971f268482bced0,2026-10-04T20:25:00Z,Seattle Seahawks,Los Angeles Chargers,betrivers,player_reception_yds,Ladd McConkey,Over,46.5,-117,2026-10-04T04:54:36Z
20261004T045441Z,96d2373cda647873b971f268482bced0,2026-10-04T20:25:00Z,Seattle Seahawks,Los Angeles Chargers,betrivers,player_reception_yds,Ladd McConkey,Under,46.5,-114,2026-10-04T04:54:36Z
20261004T045441Z,96d2373cda647873b971f268482bced0,2026-10-04T20:25:00Z,Seattle Seahawks,Los Angeles Chargers,betrivers,player_receptions,Tory Horton,Over,1.5,145,2026-10-04T04:54:36Z
20261004T045441Z,96d2373cda647873b971f268482bced0,2026-10-04T20:25:00Z,Seattle Seahawks,Los Angeles Chargers,betrivers,player_receptions,Oronde Gadsden II,Over,2.5,-143,2026-10-04T04:54:36Z
20261004T045441Z,96d2373cda647873b971f268482bced0,2026-10-04T20:25:00Z,Seattle Seahawks,Los Angeles Chargers,betrivers,player_receptions,Keaton Mitchell,Over,1.5,-118,2026-10-04T04:54:36Z
20261004T045441Z,96d2373cda647873b971f268482bced0,2026-10-04T20:25:00Z,Seattle Seahawks,Los Angeles Chargers,betrivers,player_receptions,Cooper Kupp,Over,2.5,120,2026-10-04T04:54:36Z
20261004T045441Z,96d2373cda647873b971f268482bced0,2026-10-04T20:25:00Z,Seattle Seahawks,Los Angeles Chargers,betrivers,player_receptions,Quentin Johnston,Over,2.5,-182,2026-10-04T04:54:36Z
20261004T045441Z,96d2373cda647873b971f268482bced0,2026-10-04T20:25:00Z,Seattle Seahawks,Los Angeles Chargers,betrivers,player_receptions,George Holani,Over,1.5,-124,2026-10-04T04:54:36Z
20261004T045441Z,96d2373cda647873b971f268482bced0,2026-10-04T20:25:00Z,Seattle Seahawks,Los Angeles Chargers,betrivers,player_receptions,Ladd McConkey,Over,3.5,-150,2026-10-04T04:54:36Z
20261004T045441Z,96d2373cda647873b971f268482bced0,2026-10-04T20:25:00Z,Seattle Seahawks,Los Angeles Chargers,betrivers,player_receptions,Rashid Shaheed,Over,2.5,155,2026-10-04T04:54:36Z
20261004T045441Z,96d2373cda647873b971f268482bced0,2026-10-04T20:25:00Z,Seattle Seahawks,Los Angeles Chargers,betrivers,player_receptions,Jaxon Smith-Njigba,Over,6.5,-136,2026-10-04T04:54:36Z
20261004T045441Z,96d2373cda647873b971f268482bced0,2026-10-04T20:25:00Z,Seattle Seahawks,Los Angeles Chargers,betrivers,player_receptions,AJ Barner,Over,3.5,125,2026-10-04T04:54:36Z
20261004T045441Z,96d2373cda647873b971f268482bced0,2026-10-04T20:25:00Z,Seattle Seahawks,Los Angeles Chargers,betrivers,player_receptions,Tre Harris,Over,3.5,115,2026-10-04T04:54:36Z
20261004T045441Z,96d2373cda647873b971f268482bced0,2026-10-04T20:25:00Z,Seattle Seahawks,Los Angeles Chargers,betrivers,player_receptions,Omarion Hampton,Over,1.5,-103,2026-10-04T04:54:36Z
20261004T045441Z,96d2373cda647873b971f268482bced0,2026-10-04T20:25:00Z,Seattle Seahawks,Los Angeles Chargers,betrivers,player_rush_yds,Sam Darnold,Over,4.5,-122,2026-10-04T04:54:36Z
20261004T045441Z,96d2373cda647873b971f268482bced0,2026-10-04T20:25:00Z,Seattle Seahawks,Los Angeles Chargers,betrivers,player_rush_yds,Sam Darnold,Under,4.5,-109,2026-10-04T04:54:36Z
20261004T045441Z,96d2373cda647873b971f268482bced0,2026-10-04T20:25:00Z,Seattle Seahawks,Los Angeles Chargers,betrivers,player_rush_yds,Omarion Hampton,Over,43.5,-117,2026-10-04T04:54:36Z
20261004T045441Z,96d2373cda647873b971f268482bced0,2026-10-04T20:25:00Z,Seattle Seahawks,Los Angeles Chargers,betrivers,player_rush_yds,Omarion Hampton,Under,43.5,-114,2026-10-04T04:54:36Z
20261004T045441Z,96d2373cda647873b971f268482bced0,2026-10-04T20:25:00Z,Seattle Seahawks,Los Angeles Chargers,betrivers,player_rush_yds,Keaton Mitchell,Over,17.5,-114,2026-10-04T04:54:36Z
20261004T045441Z,96d2373cda647873b971f268482bced0,2026-10-04T20:25:00Z,Seattle Seahawks,Los Angeles Chargers,betrivers,player_rush_yds,Keaton Mitchell,Under,17.5,-117,2026-10-04T04:54:36Z
20261004T045441Z,96d2373cda647873b971f268482bced0,2026-10-04T20:25:00Z,Seattle Seahawks,Los Angeles Chargers,betrivers,player_rush_yds,Emanuel Wilson,Over,51.5,-112,2026-10-04T04:54:36Z
20261004T045441Z,96d2373cda647873b971f268482bced0,2026-10-04T20:25:00Z,Seattle Seahawks,Los Angeles Chargers,betrivers,player_rush_yds,Emanuel Wilson,Under,51.5,-118,2026-10-04T04:54:36Z
20261004T045441Z,96d2373cda647873b971f268482bced0,2026-10-04T20:25:00Z,Seattle Seahawks,Los Angeles Chargers,betmgm,player_pass_yds,Sam Darnold,Over,235.5,-115,2026-10-04T04:53:19Z
20261004T045441Z,96d2373cda647873b971f268482bced0,2026-10-04T20:25:00Z,Seattle Seahawks,Los Angeles Chargers,betmgm,player_pass_yds,Sam Darnold,Under,235.5,-115,2026-10-04T04:53:19Z
20261004T045441Z,96d2373cda647873b971f268482bced0,2026-10-04T20:25:00Z,Seattle Seahawks,Los Angeles Chargers,betmgm,player_pass_yds,Justin Herbert,Over,200.5,-115,2026-10-04T04:53:19Z
20261004T045441Z,96d2373cda647873b971f268482bced0,2026-10-04T20:25:00Z,Seattle Seahawks,Los Angeles Chargers,betmgm,player_pass_yds,Justin Herbert,Under,200.5,-115,2026-10-04T04:53:19Z
20261004T045441Z,96d2373cda647873b971f268482bced0,2026-10-04T20:25:00Z,Seattle Seahawks,Los Angeles Chargers,betmgm,player_reception_yds,Rashid Shaheed,Over,22.5,-120,2026-10-04T04:53:19Z
20261004T045441Z,96d2373cda647873b971f268482bced0,2026-10-04T20:25:00Z,Seattle Seahawks,Los Angeles Chargers,betmgm,player_reception_yds,Rashid Shaheed,Under,22.5,-111,2026-10-04T04:53:19Z
20261004T045441Z,96d2373cda647873b971f268482bced0,2026-10-04T20:25:00Z,Seattle Seahawks,Los Angeles Chargers,betmgm,player_reception_yds,Jaxon Smith-Njigba,Over,91.5,-115,2026-10-04T04:53:19Z
20261004T045441Z,96d2373cda647873b971f268482bced0,2026-10-04T20:25:00Z,Seattle Seahawks,Los Angeles Chargers,betmgm,player_reception_yds,Jaxon Smith-Njigba,Under,91.5,-115,2026-10-04T04:53:19Z
20261004T045441Z,96d2373cda647873b971f268482bced0,2026-10-04T20:25:00Z,Seattle Seahawks,Los Angeles Chargers,betmgm,player_reception_yds,Keaton Mitchell,Over,10.5,-115,2026-10-04T04:53:19Z
20261004T045441Z,96d2373cda647873b971f268482bced0,2026-10-04T20:25:00Z,Seattle Seahawks,Los Angeles Chargers,betmgm,player_reception_yds,Keaton Mitchell,Under,10.5,-115,2026-10-04T04:53:19Z
20261004T045441Z,96d2373cda647873b971f268482bced0,2026-10-04T20:25:00Z,Seattle Seahawks,Los Angeles Chargers,betmgm,player_reception_yds,Cooper Kupp,Over,23.5,-115,2026-10-04T04:53:19Z
20261004T045441Z,96d2373cda647873b971f268482bced0,2026-10-04T20:25:00Z,Seattle Seahawks,Los Angeles Chargers,betmgm,player_reception_yds,Cooper Kupp,Under,23.5,-115,2026-10-04T04:53:19Z
20261004T045441Z,96d2373cda647873b971f268482bced0,2026-10-04T20:25:00Z,Seattle Seahawks,Los Angeles Chargers,betmgm,player_reception_yds,AJ Barner,Over,28.5,-115,2026-10-04T04:53:19Z
20261004T045441Z,96d2373cda647873b971f268482bced0,2026-10-04T20:25:00Z,Seattle Seahawks,Los Angeles Chargers,betmgm,player_reception_yds,AJ Barner,Under,28.5,-115,2026-10-04T04:53:19Z
20261004T045441Z,96d2373cda647873b971f268482bced0,2026-10-04T20:25:00Z,Seattle Seahawks,Los Angeles Chargers,betmgm,player_reception_yds,Tory Horton,Over,7.5,-120,2026-10-04T04:53:19Z
20261004T045441Z,96d2373cda647873b971f268482bced0,2026-10-04T20:25:00Z,Seattle Seahawks,Los Angeles Chargers,betmgm,player_reception_yds,Tory Horton,Under,7.5,-110,2026-10-04T04:53:19Z
20261004T045441Z,96d2373cda647873b971f268482bced0,2026-10-04T20:25:00Z,Seattle Seahawks,Los Angeles Chargers,betmgm,player_reception_yds,Emanuel Wilson,Over,6.5,-120,2026-10-04T04:53:19Z
20261004T045441Z,96d2373cda647873b971f268482bced0,2026-10-04T20:25:00Z,Seattle Seahawks,Los Angeles Chargers,betmgm,player_reception_yds,Emanuel Wilson,Under,6.5,-110,2026-10-04T04:53:19Z
20261004T045441Z,96d2373cda647873b971f268482bced0,2026-10-04T20:25:00Z,Seattle Seahawks,Los Angeles Chargers,betmgm,player_reception_yds,George Holani,Over,10.5,-120,2026-10-04T04:53:19Z
20261004T045441Z,96d2373cda647873b971f268482bced0,2026-10-04T20:25:00Z,Seattle Seahawks,Los Angeles Chargers,betmgm,player_reception_yds,George Holani,Under,10.5,-110,2026-10-04T04:53:19Z
20261004T045441Z,96d2373cda647873b971f268482bced0,2026-10-04T20:25:00Z,Seattle Seahawks,Los Angeles Chargers,betmgm,player_reception_yds,Omarion Hampton,Over,7.5,-111,2026-10-04T04:53:19Z
20261004T045441Z,96d2373cda647873b971f268482bced0,2026-10-04T20:25:00Z,Seattle Seahawks,Los Angeles Chargers,betmgm,player_reception_yds,Omarion Hampton,Under,7.5,-120,2026-10-04T04:53:19Z
20261004T045441Z,96d2373cda647873b971f268482bced0,2026-10-04T20:25:00Z,Seattle Seahawks,Los Angeles Chargers,betmgm,player_reception_yds,Oronde Gadsden II,Over,28.5,-111,2026-10-04T04:53:19Z
20261004T045441Z,96d2373cda647873b971f268482bced0,2026-10-04T20:25:00Z,Seattle Seahawks,Los Angeles Chargers,betmgm,player_reception_yds,Oronde Gadsden II,Under,28.5,-120,2026-10-04T04:53:19Z
20261004T045441Z,96d2373cda647873b971f268482bced0,2026-10-04T20:25:00Z,Seattle Seahawks,Los Angeles Chargers,betmgm,player_reception_yds,Ladd McConkey,Over,45.5,-115,2026-10-04T04:53:19Z
20261004T045441Z,96d2373cda647873b971f268482bced0,2026-10-04T20:25:00Z,Seattle Seahawks,Los Angeles Chargers,betmgm,player_reception_yds,Ladd McConkey,Under,45.5,-115,2026-10-04T04:53:19Z
20261004T045441Z,96d2373cda647873b971f268482bced0,2026-10-04T20:25:00Z,Seattle Seahawks,Los Angeles Chargers,betmgm,player_reception_yds,Quentin Johnston,Over,35.5,-120,2026-10-04T04:53:19Z
20261004T045441Z,96d2373cda647873b971f268482bced0,2026-10-04T20:25:00Z,Seattle Seahawks,Los Angeles Chargers,betmgm,player_reception_yds,Quentin Johnston,Under,35.5,-111,2026-10-04T04:53:19Z
20261004T045441Z,96d2373cda647873b971f268482bced0,2026-10-04T20:25:00Z,Seattle Seahawks,Los Angeles Chargers,betmgm,player_reception_yds,Tre Harris,Over,34.5,-111,2026-10-04T04:53:19Z
20261004T045441Z,96d2373cda647873b971f268482bced0,2026-10-04T20:25:00Z,Seattle Seahawks,Los Angeles Chargers,betmgm,player_reception_yds,Tre Harris,Under,34.5,-118,2026-10-04T04:53:19Z
20261004T045441Z,96d2373cda647873b971f268482bced0,2026-10-04T20:25:00Z,Seattle Seahawks,Los Angeles Chargers,betmgm,player_receptions,Cooper Kupp,Over,2.5,120,2026-10-04T04:53:19Z
20261004T045441Z,96d2373cda647873b971f268482bced0,2026-10-04T20:25:00Z,Seattle Seahawks,Los Angeles Chargers,betmgm,player_receptions,Cooper Kupp,Under,2.5,-160,2026-10-04T04:53:19Z
20261004T045441Z,96d2373cda647873b971f268482bced0,2026-10-04T20:25:00Z,Seattle Seahawks,Los Angeles Chargers,betmgm,player_receptions,Rashid Shaheed,Over,2.5,130,2026-10-04T04:53:19Z
20261004T045441Z,96d2373cda647873b971f268482bced0,2026-10-04T20:25:00Z,Seattle Seahawks,Los Angeles Chargers,betmgm,player_receptions,Rashid Shaheed,Under,2.5,-175,2026-10-04T04:53:19Z
20261004T045441Z,96d2373cda647873b971f268482bced0,2026-10-04T20:25:00Z,Seattle Seahawks,Los Angeles Chargers,betmgm,player_receptions,Oronde Gadsden II,Over,2.5,-135,2026-10-04T04:53:19Z
20261004T045441Z,96d2373cda647873b971f268482bced0,2026-10-04T20:25:00Z,Seattle Seahawks,Los Angeles Chargers,betmgm,player_receptions,Oronde Gadsden II,Under,2.5,100,2026-10-04T04:53:19Z
20261004T045441Z,96d2373cda647873b971f268482bced0,2026-10-04T20:25:00Z,Seattle Seahawks,Los Angeles Chargers,betmgm,player_receptions,George Holani,Over,1.5,-135,2026-10-04T04:53:19Z
20261004T045441Z,96d2373cda647873b971f268482bced0,2026-10-04T20:25:00Z,Seattle Seahawks,Los Angeles Chargers,betmgm,player_receptions,George Holani,Under,1.5,100,2026-10-04T04:53:19Z
20261004T045441Z,96d2373cda647873b971f268482bced0,2026-10-04T20:25:00Z,Seattle Seahawks,Los Angeles Chargers,betmgm,player_receptions,Jaxon Smith-Njigba,Over,7.5,105,2026-10-04T04:53:19Z
20261004T045441Z,96d2373cda647873b971f268482bced0,2026-10-04T20:25:00Z,Seattle Seahawks,Los Angeles Chargers,betmgm,player_receptions,Jaxon Smith-Njigba,Under,7.5,-140,2026-10-04T04:53:19Z
20261004T045441Z,96d2373cda647873b971f268482bced0,2026-10-04T20:25:00Z,Seattle Seahawks,Los Angeles Chargers,betmgm,player_receptions,AJ Barner,Over,2.5,-185,2026-10-04T04:53:19Z
20261004T045441Z,96d2373cda647873b971f268482bced0,2026-10-04T20:25:00Z,Seattle Seahawks,Los Angeles Chargers,betmgm,player_receptions,AJ Barner,Under,2.5,135,2026-10-04T04:53:19Z
20261004T045441Z,96d2373cda647873b971f268482bced0,2026-10-04T20:25:00Z,Seattle Seahawks,Los Angeles Chargers,betmgm,player_receptions,Eric Saubert,Over,0.5,105,2026-10-04T04:53:19Z
20261004T045441Z,96d2373cda647873b971f268482bced0,2026-10-04T20:25:00Z,Seattle Seahawks,Los Angeles Chargers,betmgm,player_receptions,Eric Saubert,Under,0.5,-145,2026-10-04T04:53:19Z
20261004T045441Z,96d2373cda647873b971f268482bced0,2026-10-04T20:25:00Z,Seattle Seahawks,Los Angeles Chargers,betmgm,player_receptions,Ladd McConkey,Over,3.5,-155,2026-10-04T04:53:19Z
20261004T045441Z,96d2373cda647873b971f268482bced0,2026-10-04T20:25:00Z,Seattle Seahawks,Los Angeles Chargers,betmgm,player_receptions,Ladd McConkey,Under,3.5,115,2026-10-04T04:53:19Z
20261004T045441Z,96d2373cda647873b971f268482bced0,2026-10-04T20:25:00Z,Seattle Seahawks,Los Angeles Chargers,betmgm,player_receptions,Tre Harris,Over,3.5,120,2026-10-04T04:53:19Z
20261004T045441Z,96d2373cda647873b971f268482bced0,2026-10-04T20:25:00Z,Seattle Seahawks,Los Angeles Chargers,betmgm,player_receptions,Tre Harris,Under,3.5,-160,2026-10-04T04:53:19Z
20261004T045441Z,96d2373cda647873b971f268482bced0,2026-10-04T20:25:00Z,Seattle Seahawks,Los Angeles Chargers,betmgm,player_rush_yds,Justin Herbert,Over,21.5,-115,2026-10-04T04:53:19Z
20261004T045441Z,96d2373cda647873b971f268482bced0,2026-10-04T20:25:00Z,Seattle Seahawks,Los Angeles Chargers,betmgm,player_rush_yds,Justin Herbert,Under,21.5,-115,2026-10-04T04:53:19Z
20261004T045441Z,96d2373cda647873b971f268482bced0,2026-10-04T20:25:00Z,Seattle Seahawks,Los Angeles Chargers,betmgm,player_rush_yds,Sam Darnold,Over,4.5,-120,2026-10-04T04:53:19Z
20261004T045441Z,96d2373cda647873b971f268482bced0,2026-10-04T20:25:00Z,Seattle Seahawks,Los Angeles Chargers,betmgm,player_rush_yds,Sam Darnold,Under,4.5,-110,2026-10-04T04:53:19Z
20261004T045441Z,96d2373cda647873b971f268482bced0,2026-10-04T20:25:00Z,Seattle Seahawks,Los Angeles Chargers,betmgm,player_rush_yds,Omarion Hampton,Over,44.5,-120,2026-10-04T04:53:19Z
20261004T045441Z,96d2373cda647873b971f268482bced0,2026-10-04T20:25:00Z,Seattle Seahawks,Los Angeles Chargers,betmgm,player_rush_yds,Omarion Hampton,Under,44.5,-111,2026-10-04T04:53:19Z
20261004T045441Z,96d2373cda647873b971f268482bced0,2026-10-04T20:25:00Z,Seattle Seahawks,Los Angeles Chargers,betmgm,player_rush_yds,Keaton Mitchell,Over,18.5,-115,2026-10-04T04:53:19Z
20261004T045441Z,96d2373cda647873b971f268482bced0,2026-10-04T20:25:00Z,Seattle Seahawks,Los Angeles Chargers,betmgm,player_rush_yds,Keaton Mitchell,Under,18.5,-115,2026-10-04T04:53:19Z
20261004T045441Z,96d2373cda647873b971f268482bced0,2026-10-04T20:25:00Z,Seattle Seahawks,Los Angeles Chargers,betmgm,player_rush_yds,Emanuel Wilson,Over,50.5,-115,2026-10-04T04:53:19Z
20261004T045441Z,96d2373cda647873b971f268482bced0,2026-10-04T20:25:00Z,Seattle Seahawks,Los Angeles Chargers,betmgm,player_rush_yds,Emanuel Wilson,Under,50.5,-115,2026-10-04T04:53:19Z
20261004T045441Z,96d2373cda647873b971f268482bced0,2026-10-04T20:25:00Z,Seattle Seahawks,Los Angeles Chargers,betmgm,player_rush_yds,George Holani,Over,31.5,-120,2026-10-04T04:53:19Z
20261004T045441Z,96d2373cda647873b971f268482bced0,2026-10-04T20:25:00Z,Seattle Seahawks,Los Angeles Chargers,betmgm,player_rush_yds,George Holani,Under,31.5,-110,2026-10-04T04:53:19Z
20261004T045441Z,96d2373cda647873b971f268482bced0,2026-10-04T20:25:00Z,Seattle Seahawks,Los Angeles Chargers,bovada,player_pass_yds,Justin Herbert,Over,200.5,-115,2026-10-04T04:53:32Z
20261004T045441Z,96d2373cda647873b971f268482bced0,2026-10-04T20:25:00Z,Seattle Seahawks,Los Angeles Chargers,bovada,player_pass_yds,Justin Herbert,Under,200.5,-115,2026-10-04T04:53:32Z
20261004T045441Z,96d2373cda647873b971f268482bced0,2026-10-04T20:25:00Z,Seattle Seahawks,Los Angeles Chargers,bovada,player_pass_yds,Sam Darnold,Over,234.5,-115,2026-10-04T04:53:32Z
20261004T045441Z,96d2373cda647873b971f268482bced0,2026-10-04T20:25:00Z,Seattle Seahawks,Los Angeles Chargers,bovada,player_pass_yds,Sam Darnold,Under,234.5,-115,2026-10-04T04:53:32Z
20261004T045441Z,96d2373cda647873b971f268482bced0,2026-10-04T20:25:00Z,Seattle Seahawks,Los Angeles Chargers,bovada,player_reception_yds,AJ Barner,Over,30.5,-120,2026-10-04T04:53:32Z
20261004T045441Z,96d2373cda647873b971f268482bced0,2026-10-04T20:25:00Z,Seattle Seahawks,Los Angeles Chargers,bovada,player_reception_yds,AJ Barner,Under,30.5,-110,2026-10-04T04:53:32Z
20261004T045441Z,96d2373cda647873b971f268482bced0,2026-10-04T20:25:00Z,Seattle Seahawks,Los Angeles Chargers,bovada,player_reception_yds,Cooper Kupp,Over,24.5,-115,2026-10-04T04:53:32Z
20261004T045441Z,96d2373cda647873b971f268482bced0,2026-10-04T20:25:00Z,Seattle Seahawks,Los Angeles Chargers,bovada,player_reception_yds,Cooper Kupp,Under,24.5,-115,2026-10-04T04:53:32Z
20261004T045441Z,96d2373cda647873b971f268482bced0,2026-10-04T20:25:00Z,Seattle Seahawks,Los Angeles Chargers,bovada,player_reception_yds,George Holani,Over,11.5,-115,2026-10-04T04:53:32Z
20261004T045441Z,96d2373cda647873b971f268482bced0,2026-10-04T20:25:00Z,Seattle Seahawks,Los Angeles Chargers,bovada,player_reception_yds,George Holani,Under,11.5,-115,2026-10-04T04:53:32Z
20261004T045441Z,96d2373cda647873b971f268482bced0,2026-10-04T20:25:00Z,Seattle Seahawks,Los Angeles Chargers,bovada,player_reception_yds,Jaxon Smith-Njigba,Over,93.5,-115,2026-10-04T04:53:32Z
20261004T045441Z,96d2373cda647873b971f268482bced0,2026-10-04T20:25:00Z,Seattle Seahawks,Los Angeles Chargers,bovada,player_reception_yds,Jaxon Smith-Njigba,Under,93.5,-115,2026-10-04T04:53:32Z
20261004T045441Z,96d2373cda647873b971f268482bced0,2026-10-04T20:25:00Z,Seattle Seahawks,Los Angeles Chargers,bovada,player_reception_yds,Keaton Mitchell,Over,11.5,-115,2026-10-04T04:53:32Z
20261004T045441Z,96d2373cda647873b971f268482bced0,2026-10-04T20:25:00Z,Seattle Seahawks,Los Angeles Chargers,bovada,player_reception_yds,Keaton Mitchell,Under,11.5,-115,2026-10-04T04:53:32Z
20261004T045441Z,96d2373cda647873b971f268482bced0,2026-10-04T20:25:00Z,Seattle Seahawks,Los Angeles Chargers,bovada,player_reception_yds,Ladd McConkey,Over,47.5,-110,2026-10-04T04:53:32Z
20261004T045441Z,96d2373cda647873b971f268482bced0,2026-10-04T20:25:00Z,Seattle Seahawks,Los Angeles Chargers,bovada,player_reception_yds,Ladd McConkey,Under,47.5,-120,2026-10-04T04:53:32Z
20261004T045441Z,96d2373cda647873b971f268482bced0,2026-10-04T20:25:00Z,Seattle Seahawks,Los Angeles Chargers,bovada,player_reception_yds,Oronde Gadsden II,Over,27.5,-115,2026-10-04T04:53:32Z
20261004T045441Z,96d2373cda647873b971f268482bced0,2026-10-04T20:25:00Z,Seattle Seahawks,Los Angeles Chargers,bovada,player_reception_yds,Oronde Gadsden II,Under,27.5,-115,2026-10-04T04:53:32Z
20261004T045441Z,96d2373cda647873b971f268482bced0,2026-10-04T20:25:00Z,Seattle Seahawks,Los Angeles Chargers,bovada,player_reception_yds,Quentin Johnston,Over,35.5,-110,2026-10-04T04:53:32Z
20261004T045441Z,96d2373cda647873b971f268482bced0,2026-10-04T20:25:00Z,Seattle Seahawks,Los Angeles Chargers,bovada,player_reception_yds,Quentin Johnston,Under,35.5,-120,2026-10-04T04:53:32Z
20261004T045441Z,96d2373cda647873b971f268482bced0,2026-10-04T20:25:00Z,Seattle Seahawks,Los Angeles Chargers,bovada,player_reception_yds,Rashid Shaheed,Over,22.5,-110,2026-10-04T04:53:32Z
20261004T045441Z,96d2373cda647873b971f268482bced0,2026-10-04T20:25:00Z,Seattle Seahawks,Los Angeles Chargers,bovada,player_reception_yds,Rashid Shaheed,Under,22.5,-120,2026-10-04T04:53:32Z
20261004T045441Z,96d2373cda647873b971f268482bced0,2026-10-04T20:25:00Z,Seattle Seahawks,Los Angeles Chargers,bovada,player_reception_yds,Tory Horton,Over,11.5,-110,2026-10-04T04:53:32Z
20261004T045441Z,96d2373cda647873b971f268482bced0,2026-10-04T20:25:00Z,Seattle Seahawks,Los Angeles Chargers,bovada,player_reception_yds,Tory Horton,Under,11.5,-120,2026-10-04T04:53:32Z
20261004T045441Z,96d2373cda647873b971f268482bced0,2026-10-04T20:25:00Z,Seattle Seahawks,Los Angeles Chargers,bovada,player_reception_yds,Tre Harris,Over,37.5,-110,2026-10-04T04:53:32Z
20261004T045441Z,96d2373cda647873b971f268482bced0,2026-10-04T20:25:00Z,Seattle Seahawks,Los Angeles Chargers,bovada,player_reception_yds,Tre Harris,Under,37.5,-120,2026-10-04T04:53:32Z
20261004T045441Z,96d2373cda647873b971f268482bced0,2026-10-04T20:25:00Z,Seattle Seahawks,Los Angeles Chargers,bovada,player_receptions,AJ Barner,Over,3.5,130,2026-10-04T04:53:32Z
20261004T045441Z,96d2373cda647873b971f268482bced0,2026-10-04T20:25:00Z,Seattle Seahawks,Los Angeles Chargers,bovada,player_receptions,AJ Barner,Under,3.5,-170,2026-10-04T04:53:32Z
20261004T045441Z,96d2373cda647873b971f268482bced0,2026-10-04T20:25:00Z,Seattle Seahawks,Los Angeles Chargers,bovada,player_receptions,Cooper Kupp,Over,2.5,105,2026-10-04T04:53:32Z
20261004T045441Z,96d2373cda647873b971f268482bced0,2026-10-04T20:25:00Z,Seattle Seahawks,Los Angeles Chargers,bovada,player_receptions,Cooper Kupp,Under,2.5,-135,2026-10-04T04:53:32Z
20261004T045441Z,96d2373cda647873b971f268482bced0,2026-10-04T20:25:00Z,Seattle Seahawks,Los Angeles Chargers,bovada,player_receptions,George Holani,Over,1.5,-145,2026-10-04T04:53:32Z
20261004T045441Z,96d2373cda647873b971f268482bced0,2026-10-04T20:25:00Z,Seattle Seahawks,Los Angeles Chargers,bovada,player_receptions,George Holani,Under,1.5,110,2026-10-04T04:53:32Z
20261004T045441Z,96d2373cda647873b971f268482bced0,2026-10-04T20:25:00Z,Seattle Seahawks,Los Angeles Chargers,bovada,player_receptions,Jaxon Smith-Njigba,Over,7.5,105,2026-10-04T04:53:32Z
20261004T045441Z,96d2373cda647873b971f268482bced0,2026-10-04T20:25:00Z,Seattle Seahawks,Los Angeles Chargers,bovada,player_receptions,Jaxon Smith-Njigba,Under,7.5,-135,2026-10-04T04:53:32Z
20261004T045441Z,96d2373cda647873b971f268482bced0,2026-10-04T20:25:00Z,Seattle Seahawks,Los Angeles Chargers,bovada,player_receptions,Keaton Mitchell,Over,1.5,-120,2026-10-04T04:53:32Z
20261004T045441Z,96d2373cda647873b971f268482bced0,2026-10-04T20:25:00Z,Seattle Seahawks,Los Angeles Chargers,bovada,player_receptions,Keaton Mitchell,Under,1.5,-110,2026-10-04T04:53:32Z
20261004T045441Z,96d2373cda647873b971f268482bced0,2026-10-04T20:25:00Z,Seattle Seahawks,Los Angeles Chargers,bovada,player_receptions,Ladd McConkey,Over,4.5,120,2026-10-04T04:53:32Z
20261004T045441Z,96d2373cda647873b971f268482bced0,2026-10-04T20:25:00Z,Seattle Seahawks,Los Angeles Chargers,bovada,player_receptions,Ladd McConkey,Under,4.5,-160,2026-10-04T04:53:32Z
20261004T045441Z,96d2373cda647873b971f268482bced0,2026-10-04T20:25:00Z,Seattle Seahawks,Los Angeles Chargers,bovada,player_receptions,Oronde Gadsden II,Over,2.5,-160,2026-10-04T04:53:32Z
20261004T045441Z,96d2373cda647873b971f268482bced0,2026-10-04T20:25:00Z,Seattle Seahawks,Los Angeles Chargers,bovada,player_receptions,Oronde Gadsden II,Under,2.5,120,2026-10-04T04:53:32Z
20261004T045441Z,96d2373cda647873b971f268482bced0,2026-10-04T20:25:00Z,Seattle Seahawks,Los Angeles Chargers,bovada,player_receptions,Quentin Johnston,Over,3.5,135,2026-10-04T04:53:32Z
20261004T045441Z,96d2373cda647873b971f268482bced0,2026-10-04T20:25:00Z,Seattle Seahawks,Los Angeles Chargers,bovada,player_receptions,Quentin Johnston,Under,3.5,-180,2026-10-04T04:53:32Z
20261004T045441Z,96d2373cda647873b971f268482bced0,2026-10-04T20:25:00Z,Seattle Seahawks,Los Angeles Chargers,bovada,player_receptions,Rashid Shaheed,Over,2.5,140,2026-10-04T04:53:32Z
20261004T045441Z,96d2373cda647873b971f268482bced0,2026-10-04T20:25:00Z,Seattle Seahawks,Los Angeles Chargers,bovada,player_receptions,Rashid Shaheed,Under,2.5,-185,2026-10-04T04:53:32Z
20261004T045441Z,96d2373cda647873b971f268482bced0,2026-10-04T20:25:00Z,Seattle Seahawks,Los Angeles Chargers,bovada,player_receptions,Tory Horton,Over,1.5,150,2026-10-04T04:53:32Z
20261004T045441Z,96d2373cda647873b971f268482bced0,2026-10-04T20:25:00Z,Seattle Seahawks,Los Angeles Chargers,bovada,player_receptions,Tory Horton,Under,1.5,-200,2026-10-04T04:53:32Z
20261004T045441Z,96d2373cda647873b971f268482bced0,2026-10-04T20:25:00Z,Seattle Seahawks,Los Angeles Chargers,bovada,player_receptions,Tre Harris,Over,3.5,120,2026-10-04T04:53:32Z
20261004T045441Z,96d2373cda647873b971f268482bced0,2026-10-04T20:25:00Z,Seattle Seahawks,Los Angeles Chargers,bovada,player_receptions,Tre Harris,Under,3.5,-160,2026-10-04T04:53:32Z
20261004T045441Z,96d2373cda647873b971f268482bced0,2026-10-04T20:25:00Z,Seattle Seahawks,Los Angeles Chargers,bovada,player_rush_yds,Emanuel Wilson,Over,49.5,-115,2026-10-04T04:53:32Z
20261004T045441Z,96d2373cda647873b971f268482bced0,2026-10-04T20:25:00Z,Seattle Seahawks,Los Angeles Chargers,bovada,player_rush_yds,Emanuel Wilson,Under,49.5,-115,2026-10-04T04:53:32Z
20261004T045441Z,96d2373cda647873b971f268482bced0,2026-10-04T20:25:00Z,Seattle Seahawks,Los Angeles Chargers,bovada,player_rush_yds,Justin Herbert,Over,20.5,-120,2026-10-04T04:53:32Z
20261004T045441Z,96d2373cda647873b971f268482bced0,2026-10-04T20:25:00Z,Seattle Seahawks,Los Angeles Chargers,bovada,player_rush_yds,Justin Herbert,Under,20.5,-110,2026-10-04T04:53:32Z
20261004T045441Z,96d2373cda647873b971f268482bced0,2026-10-04T20:25:00Z,Seattle Seahawks,Los Angeles Chargers,bovada,player_rush_yds,Keaton Mitchell,Over,19.5,-115,2026-10-04T04:53:32Z
20261004T045441Z,96d2373cda647873b971f268482bced0,2026-10-04T20:25:00Z,Seattle Seahawks,Los Angeles Chargers,bovada,player_rush_yds,Keaton Mitchell,Under,19.5,-115,2026-10-04T04:53:32Z
20261004T045441Z,96d2373cda647873b971f268482bced0,2026-10-04T20:25:00Z,Seattle Seahawks,Los Angeles Chargers,bovada,player_rush_yds,Omarion Hampton,Over,45.5,-115,2026-10-04T04:53:32Z
20261004T045441Z,96d2373cda647873b971f268482bced0,2026-10-04T20:25:00Z,Seattle Seahawks,Los Angeles Chargers,bovada,player_rush_yds,Omarion Hampton,Under,45.5,-115,2026-10-04T04:53:32Z
20261004T045441Z,a73a76599a4f3422803e57bd8f61b626,2026-10-05T00:20:00Z,Carolina Panthers,Detroit Lions,draftkings,player_pass_yds,Jared Goff,Over,257.5,-112,2026-10-04T04:54:39Z
20261004T045441Z,a73a76599a4f3422803e57bd8f61b626,2026-10-05T00:20:00Z,Carolina Panthers,Detroit Lions,draftkings,player_pass_yds,Jared Goff,Under,257.5,-112,2026-10-04T04:54:39Z
20261004T045441Z,a73a76599a4f3422803e57bd8f61b626,2026-10-05T00:20:00Z,Carolina Panthers,Detroit Lions,draftkings,player_pass_yds,Bryce Young,Over,240.5,-111,2026-10-04T04:54:39Z
20261004T045441Z,a73a76599a4f3422803e57bd8f61b626,2026-10-05T00:20:00Z,Carolina Panthers,Detroit Lions,draftkings,player_pass_yds,Bryce Young,Under,240.5,-113,2026-10-04T04:54:39Z
20261004T045441Z,a73a76599a4f3422803e57bd8f61b626,2026-10-05T00:20:00Z,Carolina Panthers,Detroit Lions,draftkings,player_reception_yds,Amon-Ra St. Brown,Over,79.5,-113,2026-10-04T04:54:39Z
20261004T045441Z,a73a76599a4f3422803e57bd8f61b626,2026-10-05T00:20:00Z,Carolina Panthers,Detroit Lions,draftkings,player_reception_yds,Amon-Ra St. Brown,Under,79.5,-111,2026-10-04T04:54:39Z
20261004T045441Z,a73a76599a4f3422803e57bd8f61b626,2026-10-05T00:20:00Z,Carolina Panthers,Detroit Lions,draftkings,player_reception_yds,Tetairoa McMillan,Over,71.5,-113,2026-10-04T04:54:39Z
20261004T045441Z,a73a76599a4f3422803e57bd8f61b626,2026-10-05T00:20:00Z,Carolina Panthers,Detroit Lions,draftkings,player_reception_yds,Tetairoa McMillan,Under,71.5,-111,2026-10-04T04:54:39Z
20261004T045441Z,a73a76599a4f3422803e57bd8f61b626,2026-10-05T00:20:00Z,Carolina Panthers,Detroit Lions,draftkings,player_reception_yds,Jameson Williams,Over,49.5,-110,2026-10-04T04:54:39Z
20261004T045441Z,a73a76599a4f3422803e57bd8f61b626,2026-10-05T00:20:00Z,Carolina Panthers,Detroit Lions,draftkings,player_reception_yds,Jameson Williams,Under,49.5,-114,2026-10-04T04:54:39Z
20261004T045441Z,a73a76599a4f3422803e57bd8f61b626,2026-10-05T00:20:00Z,Carolina Panthers,Detroit Lions,draftkings,player_reception_yds,Jalen Coker,Over,48.5,-112,2026-10-04T04:54:39Z
20261004T045441Z,a73a76599a4f3422803e57bd8f61b626,2026-10-05T00:20:00Z,Carolina Panthers,Detroit Lions,draftkings,player_reception_yds,Jalen Coker,Under,48.5,-112,2026-10-04T04:54:39Z
20261004T045441Z,a73a76599a4f3422803e57bd8f61b626,2026-10-05T00:20:00Z,Carolina Panthers,Detroit Lions,draftkings,player_reception_yds,Sam LaPorta,Over,47.5,-114,2026-10-04T04:54:39Z
20261004T045441Z,a73a76599a4f3422803e57bd8f61b626,2026-10-05T00:20:00Z,Carolina Panthers,Detroit Lions,draftkings,player_reception_yds,Sam LaPorta,Under,47.5,-110,2026-10-04T04:54:39Z
20261004T045441Z,a73a76599a4f3422803e57bd8f61b626,2026-10-05T00:20:00Z,Carolina Panthers,Detroit Lions,draftkings,player_reception_yds,Jahmyr Gibbs,Over,37.5,-111,2026-10-04T04:54:39Z
20261004T045441Z,a73a76599a4f3422803e57bd8f61b626,2026-10-05T00:20:00Z,Carolina Panthers,Detroit Lions,draftkings,player_reception_yds,Jahmyr Gibbs,Under,37.5,-113,2026-10-04T04:54:39Z
20261004T045441Z,a73a76599a4f3422803e57bd8f61b626,2026-10-05T00:20:00Z,Carolina Panthers,Detroit Lions,draftkings,player_reception_yds,Darren Waller,Over,30.5,-113,2026-10-04T04:54:39Z
20261004T045441Z,a73a76599a4f3422803e57bd8f61b626,2026-10-05T00:20:00Z,Carolina Panthers,Detroit Lions,draftkings,player_reception_yds,Darren Waller,Under,30.5,-111,2026-10-04T04:54:39Z
20261004T045441Z,a73a76599a4f3422803e57bd8f61b626,2026-10-05T00:20:00Z,Carolina Panthers,Detroit Lions,draftkings,player_reception_yds,Chuba Hubbard,Over,19.5,-113,2026-10-04T04:54:39Z
20261004T045441Z,a73a76599a4f3422803e57bd8f61b626,2026-10-05T00:20:00Z,Carolina Panthers,Detroit Lions,draftkings,player_reception_yds,Chuba Hubbard,Under,19.5,-111,2026-10-04T04:54:39Z
20261004T045441Z,a73a76599a4f3422803e57bd8f61b626,2026-10-05T00:20:00Z,Carolina Panthers,Detroit Lions,draftkings,player_reception_yds,Isaac TeSlaa,Over,16.5,-117,2026-10-04T04:54:39Z
20261004T045441Z,a73a76599a4f3422803e57bd8f61b626,2026-10-05T00:20:00Z,Carolina Panthers,Detroit Lions,draftkings,player_reception_yds,Isaac TeSlaa,Under,16.5,-108,2026-10-04T04:54:39Z
20261004T045441Z,a73a76599a4f3422803e57bd8f61b626,2026-10-05T00:20:00Z,Carolina Panthers,Detroit Lions,draftkings,player_reception_yds,Tommy Tremble,Over,12.5,-108,2026-10-04T04:54:39Z
20261004T045441Z,a73a76599a4f3422803e57bd8f61b626,2026-10-05T00:20:00Z,Carolina Panthers,Detroit Lions,draftkings,player_reception_yds,Tommy Tremble,Under,12.5,-116,2026-10-04T04:54:39Z
20261004T045441Z,a73a76599a4f3422803e57bd8f61b626,2026-10-05T00:20:00Z,Carolina Panthers,Detroit Lions,draftkings,player_reception_yds,Brock Wright,Over,5.5,-110,2026-10-04T04:54:39Z
20261004T045441Z,a73a76599a4f3422803e57bd8f61b626,2026-10-05T00:20:00Z,Carolina Panthers,Detroit Lions,draftkings,player_reception_yds,Brock Wright,Under,5.5,-115,2026-10-04T04:54:39Z
20261004T045441Z,a73a76599a4f3422803e57bd8f61b626,2026-10-05T00:20:00Z,Carolina Panthers,Detroit Lions,draftkings,player_receptions,Amon-Ra St. Brown,Over,7.5,111,2026-10-04T04:54:39Z
20261004T045441Z,a73a76599a4f3422803e57bd8f61b626,2026-10-05T00:20:00Z,Carolina Panthers,Detroit Lions,draftkings,player_receptions,Amon-Ra St. Brown,Under,7.5,-142,2026-10-04T04:54:39Z
20261004T045441Z,a73a76599a4f3422803e57bd8f61b626,2026-10-05T00:20:00Z,Carolina Panthers,Detroit Lions,draftkings,player_receptions,Tetairoa McMillan,Over,4.5,-154,2026-10-04T04:54:39Z
20261004T045441Z,a73a76599a4f3422803e57bd8f61b626,2026-10-05T00:20:00Z,Carolina Panthers,Detroit Lions,draftkings,player_receptions,Tetairoa McMillan,Under,4.5,120,2026-10-04T04:54:39Z
20261004T045441Z,a73a76599a4f3422803e57bd8f61b626,2026-10-05T00:20:00Z,Carolina Panthers,Detroit Lions,draftkings,player_receptions,Jahmyr Gibbs,Over,4.5,-129,2026-10-04T04:54:39Z
20261004T045441Z,a73a76599a4f3422803e57bd8f61b626,2026-10-05T00:20:00Z,Carolina Panthers,Detroit Lions,draftkings,player_receptions,Jahmyr Gibbs,Under,4.5,101,2026-10-04T04:54:39Z
20261004T045441Z,a73a76599a4f3422803e57bd8f61b626,2026-10-05T00:20:00Z,Carolina Panthers,Detroit Lions,draftkings,player_receptions,Jalen Coker,Over,4.5,-101,2026-10-04T04:54:39Z
20261004T045441Z,a73a76599a4f3422803e57bd8f61b626,2026-10-05T00:20:00Z,Carolina Panthers,Detroit Lions,draftkings,player_receptions,Jalen Coker,Under,4.5,-127,2026-10-04T04:54:39Z
20261004T045441Z,a73a76599a4f3422803e57bd8f61b626,2026-10-05T00:20:00Z,Carolina Panthers,Detroit Lions,draftkings,player_receptions,Sam LaPorta,Over,4.5,123,2026-10-04T04:54:39Z
20261004T045441Z,a73a76599a4f3422803e57bd8f61b626,2026-10-05T00:20:00Z,Carolina Panthers,Detroit Lions,draftkings,player_receptions,Sam LaPorta,Under,4.5,-157,2026-10-04T04:54:39Z
20261004T045441Z,a73a76599a4f3422803e57bd8f61b626,2026-10-05T00:20:00Z,Carolina Panthers,Detroit Lions,draftkings,player_receptions,Jameson Williams,Over,3.5,104,2026-10-04T04:54:39Z
20261004T045441Z,a73a76599a4f3422803e57bd8f61b626,2026-10-05T00:20:00Z,Carolina Panthers,Detroit Lions,draftkings,player_receptions,Jameson Williams,Under,3.5,-132,2026-10-04T04:54:39Z
20261004T045441Z,a73a76599a4f3422803e57bd8f61b626,2026-10-05T00:20:00Z,Carolina Panthers,Detroit Lions,draftkings,player_receptions,Darren Waller,Over,3.5,126,2026-10-04T04:54:39Z
20261004T045441Z,a73a76599a4f3422803e57bd8f61b626,2026-10-05T00:20:00Z,Carolina Panthers,Detroit Lions,draftkings,player_receptions,Darren Waller,Under,3.5,-161,2026-10-04T04:54:39Z
20261004T045441Z,a73a76599a4f3422803e57bd8f61b626,2026-10-05T00:20:00Z,Carolina Panthers,Detroit Lions,draftkings,player_receptions,Chuba Hubbard,Over,2.5,-156,2026-10-04T04:54:39Z
20261004T045441Z,a73a76599a4f3422803e57bd8f61b626,2026-10-05T00:20:00Z,Carolina Panthers,Detroit Lions,draftkings,player_receptions,Chuba Hubbard,Under,2.5,122,2026-10-04T04:54:39Z
20261004T045441Z,a73a76599a4f3422803e57bd8f61b626,2026-10-05T00:20:00Z,Carolina Panthers,Detroit Lions,draftkings,player_receptions,Tommy Tremble,Over,1.5,-143,2026-10-04T04:54:39Z
20261004T045441Z,a73a76599a4f3422803e57bd8f61b626,2026-10-05T00:20:00Z,Carolina Panthers,Detroit Lions,draftkings,player_receptions,Tommy Tremble,Under,1.5,112,2026-10-04T04:54:39Z
20261004T045441Z,a73a76599a4f3422803e57bd8f61b626,2026-10-05T00:20:00Z,Carolina Panthers,Detroit Lions,draftkings,player_receptions,Isaac TeSlaa,Over,1.5,105,2026-10-04T04:54:39Z
20261004T045441Z,a73a76599a4f3422803e57bd8f61b626,2026-10-05T00:20:00Z,Carolina Panthers,Detroit Lions,draftkings,player_receptions,Isaac TeSlaa,Under,1.5,-133,2026-10-04T04:54:39Z
20261004T045441Z,a73a76599a4f3422803e57bd8f61b626,2026-10-05T00:20:00Z,Carolina Panthers,Detroit Lions,draftkings,player_receptions,Brock Wright,Over,0.5,-147,2026-10-04T04:54:39Z
20261004T045441Z,a73a76599a4f3422803e57bd8f61b626,2026-10-05T00:20:00Z,Carolina Panthers,Detroit Lions,draftkings,player_receptions,Brock Wright,Under,0.5,115,2026-10-04T04:54:39Z
20261004T045441Z,a73a76599a4f3422803e57bd8f61b626,2026-10-05T00:20:00Z,Carolina Panthers,Detroit Lions,draftkings,player_rush_yds,Jahmyr Gibbs,Over,98.5,-114,2026-10-04T04:54:39Z
20261004T045441Z,a73a76599a4f3422803e57bd8f61b626,2026-10-05T00:20:00Z,Carolina Panthers,Detroit Lions,draftkings,player_rush_yds,Jahmyr Gibbs,Under,98.5,-110,2026-10-04T04:54:39Z
20261004T045441Z,a73a76599a4f3422803e57bd8f61b626,2026-10-05T00:20:00Z,Carolina Panthers,Detroit Lions,draftkings,player_rush_yds,Chuba Hubbard,Over,66.5,-112,2026-10-04T04:54:39Z
20261004T045441Z,a73a76599a4f3422803e57bd8f61b626,2026-10-05T00:20:00Z,Carolina Panthers,Detroit Lions,draftkings,player_rush_yds,Chuba Hubbard,Under,66.5,-112,2026-10-04T04:54:39Z
20261004T045441Z,a73a76599a4f3422803e57bd8f61b626,2026-10-05T00:20:00Z,Carolina Panthers,Detroit Lions,draftkings,player_rush_yds,AJ Dillon,Over,12.5,-115,2026-10-04T04:54:39Z
20261004T045441Z,a73a76599a4f3422803e57bd8f61b626,2026-10-05T00:20:00Z,Carolina Panthers,Detroit Lions,draftkings,player_rush_yds,AJ Dillon,Under,12.5,-109,2026-10-04T04:54:39Z
20261004T045441Z,a73a76599a4f3422803e57bd8f61b626,2026-10-05T00:20:00Z,Carolina Panthers,Detroit Lions,draftkings,player_rush_yds,Bryce Young,Over,12.5,-109,2026-10-04T04:54:39Z
20261004T045441Z,a73a76599a4f3422803e57bd8f61b626,2026-10-05T00:20:00Z,Carolina Panthers,Detroit Lions,draftkings,player_rush_yds,Bryce Young,Under,12.5,-115,2026-10-04T04:54:39Z
20261004T045441Z,a73a76599a4f3422803e57bd8f61b626,2026-10-05T00:20:00Z,Carolina Panthers,Detroit Lions,draftkings,player_rush_yds,Sione Vaki,Over,11.5,-107,2026-10-04T04:54:39Z
20261004T045441Z,a73a76599a4f3422803e57bd8f61b626,2026-10-05T00:20:00Z,Carolina Panthers,Detroit Lions,draftkings,player_rush_yds,Sione Vaki,Under,11.5,-118,2026-10-04T04:54:39Z
20261004T045441Z,a73a76599a4f3422803e57bd8f61b626,2026-10-05T00:20:00Z,Carolina Panthers,Detroit Lions,draftkings,player_rush_yds,Jared Goff,Over,0.5,-122,2026-10-04T04:54:39Z
20261004T045441Z,a73a76599a4f3422803e57bd8f61b626,2026-10-05T00:20:00Z,Carolina Panthers,Detroit Lions,draftkings,player_rush_yds,Jared Goff,Under,0.5,-103,2026-10-04T04:54:39Z
20261004T045441Z,a73a76599a4f3422803e57bd8f61b626,2026-10-05T00:20:00Z,Carolina Panthers,Detroit Lions,fanduel,player_pass_yds,Bryce Young,Over,237.5,-113,2026-10-04T04:54:15Z
20261004T045441Z,a73a76599a4f3422803e57bd8f61b626,2026-10-05T00:20:00Z,Carolina Panthers,Detroit Lions,fanduel,player_pass_yds,Bryce Young,Under,237.5,-113,2026-10-04T04:54:15Z
20261004T045441Z,a73a76599a4f3422803e57bd8f61b626,2026-10-05T00:20:00Z,Carolina Panthers,Detroit Lions,fanduel,player_pass_yds,Jared Goff,Over,257.5,-113,2026-10-04T04:54:15Z
20261004T045441Z,a73a76599a4f3422803e57bd8f61b626,2026-10-05T00:20:00Z,Carolina Panthers,Detroit Lions,fanduel,player_pass_yds,Jared Goff,Under,257.5,-113,2026-10-04T04:54:15Z
20261004T045441Z,a73a76599a4f3422803e57bd8f61b626,2026-10-05T00:20:00Z,Carolina Panthers,Detroit Lions,fanduel,player_reception_yds,Isaac TeSlaa,Over,17.5,-113,2026-10-04T04:54:15Z
20261004T045441Z,a73a76599a4f3422803e57bd8f61b626,2026-10-05T00:20:00Z,Carolina Panthers,Detroit Lions,fanduel,player_reception_yds,Isaac TeSlaa,Under,17.5,-113,2026-10-04T04:54:15Z
20261004T045441Z,a73a76599a4f3422803e57bd8f61b626,2026-10-05T00:20:00Z,Carolina Panthers,Detroit Lions,fanduel,player_reception_yds,Jalen Coker,Over,48.5,-113,2026-10-04T04:54:15Z
20261004T045441Z,a73a76599a4f3422803e57bd8f61b626,2026-10-05T00:20:00Z,Carolina Panthers,Detroit Lions,fanduel,player_reception_yds,Jalen Coker,Under,48.5,-113,2026-10-04T04:54:15Z
20261004T045441Z,a73a76599a4f3422803e57bd8f61b626,2026-10-05T00:20:00Z,Carolina Panthers,Detroit Lions,fanduel,player_reception_yds,Chuba Hubbard,Over,18.5,-113,2026-10-04T04:54:15Z
20261004T045441Z,a73a76599a4f3422803e57bd8f61b626,2026-10-05T00:20:00Z,Carolina Panthers,Detroit Lions,fanduel,player_reception_yds,Chuba Hubbard,Under,18.5,-113,2026-10-04T04:54:15Z
20261004T045441Z,a73a76599a4f3422803e57bd8f61b626,2026-10-05T00:20:00Z,Carolina Panthers,Detroit Lions,fanduel,player_reception_yds,Jahmyr Gibbs,Over,35.5,-113,2026-10-04T04:54:15Z
20261004T045441Z,a73a76599a4f3422803e57bd8f61b626,2026-10-05T00:20:00Z,Carolina Panthers,Detroit Lions,fanduel,player_reception_yds,Jahmyr Gibbs,Under,35.5,-113,2026-10-04T04:54:15Z
20261004T045441Z,a73a76599a4f3422803e57bd8f61b626,2026-10-05T00:20:00Z,Carolina Panthers,Detroit Lions,fanduel,player_reception_yds,Brock Wright,Over,5.5,-102,2026-10-04T04:54:15Z
20261004T045441Z,a73a76599a4f3422803e57bd8f61b626,2026-10-05T00:20:00Z,Carolina Panthers,Detroit Lions,fanduel,player_reception_yds,Brock Wright,Under,5.5,-125,2026-10-04T04:54:15Z
20261004T045441Z,a73a76599a4f3422803e57bd8f61b626,2026-10-05T00:20:00Z,Carolina Panthers,Detroit Lions,fanduel,player_reception_yds,Amon-Ra St. Brown,Over,75.5,-113,2026-10-04T04:54:15Z
20261004T045441Z,a73a76599a4f3422803e57bd8f61b626,2026-10-05T00:20:00Z,Carolina Panthers,Detroit Lions,fanduel,player_reception_yds,Amon-Ra St. Brown,Under,75.5,-113,2026-10-04T04:54:15Z
20261004T045441Z,a73a76599a4f3422803e57bd8f61b626,2026-10-05T00:20:00Z,Carolina Panthers,Detroit Lions,fanduel,player_reception_yds,Tetairoa McMillan,Over,70.5,-113,2026-10-04T04:54:15Z
20261004T045441Z,a73a76599a4f3422803e57bd8f61b626,2026-10-05T00:20:00Z,Carolina Panthers,Detroit Lions,fanduel,player_reception_yds,Tetairoa McMillan,Under,70.5,-113,2026-10-04T04:54:15Z
20261004T045441Z,a73a76599a4f3422803e57bd8f61b626,2026-10-05T00:20:00Z,Carolina Panthers,Detroit Lions,fanduel,player_reception_yds,Darren Waller,Over,30.5,-113,2026-10-04T04:54:15Z
20261004T045441Z,a73a76599a4f3422803e57bd8f61b626,2026-10-05T00:20:00Z,Carolina Panthers,Detroit Lions,fanduel,player_reception_yds,Darren Waller,Under,30.5,-113,2026-10-04T04:54:15Z
20261004T045441Z,a73a76599a4f3422803e57bd8f61b626,2026-10-05T00:20:00Z,Carolina Panthers,Detroit Lions,fanduel,player_reception_yds,Tommy Tremble,Over,12.5,-113,2026-10-04T04:54:15Z
20261004T045441Z,a73a76599a4f3422803e57bd8f61b626,2026-10-05T00:20:00Z,Carolina Panthers,Detroit Lions,fanduel,player_reception_yds,Tommy Tremble,Under,12.5,-113,2026-10-04T04:54:15Z
20261004T045441Z,a73a76599a4f3422803e57bd8f61b626,2026-10-05T00:20:00Z,Carolina Panthers,Detroit Lions,fanduel,player_reception_yds,Sam LaPorta,Over,47.5,-113,2026-10-04T04:54:15Z
20261004T045441Z,a73a76599a4f3422803e57bd8f61b626,2026-10-05T00:20:00Z,Carolina Panthers,Detroit Lions,fanduel,player_reception_yds,Sam LaPorta,Under,47.5,-113,2026-10-04T04:54:15Z
20261004T045441Z,a73a76599a4f3422803e57bd8f61b626,2026-10-05T00:20:00Z,Carolina Panthers,Detroit Lions,fanduel,player_reception_yds,Jameson Williams,Over,50.5,-113,2026-10-04T04:54:15Z
20261004T045441Z,a73a76599a4f3422803e57bd8f61b626,2026-10-05T00:20:00Z,Carolina Panthers,Detroit Lions,fanduel,player_reception_yds,Jameson Williams,Under,50.5,-113,2026-10-04T04:54:15Z
20261004T045441Z,a73a76599a4f3422803e57bd8f61b626,2026-10-05T00:20:00Z,Carolina Panthers,Detroit Lions,fanduel,player_receptions,Tommy Tremble,Over,1.5,-154,2026-10-04T04:54:15Z
20261004T045441Z,a73a76599a4f3422803e57bd8f61b626,2026-10-05T00:20:00Z,Carolina Panthers,Detroit Lions,fanduel,player_receptions,Tommy Tremble,Under,1.5,116,2026-10-04T04:54:15Z
20261004T045441Z,a73a76599a4f3422803e57bd8f61b626,2026-10-05T00:20:00Z,Carolina Panthers,Detroit Lions,fanduel,player_receptions,Jameson Williams,Over,3.5,-102,2026-10-04T04:54:15Z
20261004T045441Z,a73a76599a4f3422803e57bd8f61b626,2026-10-05T00:20:00Z,Carolina Panthers,Detroit Lions,fanduel,player_receptions,Jameson Williams,Under,3.5,-130,2026-10-04T04:54:15Z
20261004T045441Z,a73a76599a4f3422803e57bd8f61b626,2026-10-05T00:20:00Z,Carolina Panthers,Detroit Lions,fanduel,player_receptions,Amon-Ra St. Brown,Over,6.5,-148,2026-10-04T04:54:15Z
20261004T045441Z,a73a76599a4f3422803e57bd8f61b626,2026-10-05T00:20:00Z,Carolina Panthers,Detroit Lions,fanduel,player_receptions,Amon-Ra St. Brown,Under,6.5,112,2026-10-04T04:54:15Z
20261004T045441Z,a73a76599a4f3422803e57bd8f61b626,2026-10-05T00:20:00Z,Carolina Panthers,Detroit Lions,fanduel,player_receptions,Jalen Coker,Over,4.5,106,2026-10-04T04:54:15Z
20261004T045441Z,a73a76599a4f3422803e57bd8f61b626,2026-10-05T00:20:00Z,Carolina Panthers,Detroit Lions,fanduel,player_receptions,Jalen Coker,Under,4.5,-140,2026-10-04T04:54:15Z
20261004T045441Z,a73a76599a4f3422803e57bd8f61b626,2026-10-05T00:20:00Z,Carolina Panthers,Detroit Lions,fanduel,player_receptions,Chuba Hubbard,Over,2.5,-158,2026-10-04T04:54:15Z
20261004T045441Z,a73a76599a4f3422803e57bd8f61b626,2026-10-05T00:20:00Z,Carolina Panthers,Detroit Lions,fanduel,player_receptions,Chuba Hubbard,Under,2.5,118,2026-10-04T04:54:15Z
20261004T045441Z,a73a76599a4f3422803e57bd8f61b626,2026-10-05T00:20:00Z,Carolina Panthers,Detroit Lions,fanduel,player_receptions,Brock Wright,Over,0.5,-148,2026-10-04T04:54:15Z
20261004T045441Z,a73a76599a4f3422803e57bd8f61b626,2026-10-05T00:20:00Z,Carolina Panthers,Detroit Lions,fanduel,player_receptions,Brock Wright,Under,0.5,112,2026-10-04T04:54:15Z
20261004T045441Z,a73a76599a4f3422803e57bd8f61b626,2026-10-05T00:20:00Z,Carolina Panthers,Detroit Lions,fanduel,player_receptions,Darren Waller,Over,3.5,130,2026-10-04T04:54:15Z
20261004T045441Z,a73a76599a4f3422803e57bd8f61b626,2026-10-05T00:20:00Z,Carolina Panthers,Detroit Lions,fanduel,player_receptions,Darren Waller,Under,3.5,-174,2026-10-04T04:54:15Z
20261004T045441Z,a73a76599a4f3422803e57bd8f61b626,2026-10-05T00:20:00Z,Carolina Panthers,Detroit Lions,fanduel,player_receptions,Sam LaPorta,Over,4.5,106,2026-10-04T04:54:15Z
20261004T045441Z,a73a76599a4f3422803e57bd8f61b626,2026-10-05T00:20:00Z,Carolina Panthers,Detroit Lions,fanduel,player_receptions,Sam LaPorta,Under,4.5,-140,2026-10-04T04:54:15Z
20261004T045441Z,a73a76599a4f3422803e57bd8f61b626,2026-10-05T00:20:00Z,Carolina Panthers,Detroit Lions,fanduel,player_receptions,Isaac TeSlaa,Over,1.5,106,2026-10-04T04:54:15Z
20261004T045441Z,a73a76599a4f3422803e57bd8f61b626,2026-10-05T00:20:00Z,Carolina Panthers,Detroit Lions,fanduel,player_receptions,Isaac TeSlaa,Under,1.5,-140,2026-10-04T04:54:15Z
20261004T045441Z,a73a76599a4f3422803e57bd8f61b626,2026-10-05T00:20:00Z,Carolina Panthers,Detroit Lions,fanduel,player_receptions,Tetairoa McMillan,Over,4.5,-172,2026-10-04T04:54:15Z
20261004T045441Z,a73a76599a4f3422803e57bd8f61b626,2026-10-05T00:20:00Z,Carolina Panthers,Detroit Lions,fanduel,player_receptions,Tetairoa McMillan,Under,4.5,128,2026-10-04T04:54:15Z
20261004T045441Z,a73a76599a4f3422803e57bd8f61b626,2026-10-05T00:20:00Z,Carolina Panthers,Detroit Lions,fanduel,player_receptions,Jahmyr Gibbs,Over,4.5,-130,2026-10-04T04:54:15Z
20261004T045441Z,a73a76599a4f3422803e57bd8f61b626,2026-10-05T00:20:00Z,Carolina Panthers,Detroit Lions,fanduel,player_receptions,Jahmyr Gibbs,Under,4.5,-102,2026-10-04T04:54:15Z
20261004T045441Z,a73a76599a4f3422803e57bd8f61b626,2026-10-05T00:20:00Z,Carolina Panthers,Detroit Lions,fanduel,player_rush_yds,Jahmyr Gibbs,Over,94.5,-113,2026-10-04T04:54:15Z
20261004T045441Z,a73a76599a4f3422803e57bd8f61b626,2026-10-05T00:20:00Z,Carolina Panthers,Detroit Lions,fanduel,player_rush_yds,Jahmyr Gibbs,Under,94.5,-113,2026-10-04T04:54:15Z
20261004T045441Z,a73a76599a4f3422803e57bd8f61b626,2026-10-05T00:20:00Z,Carolina Panthers,Detroit Lions,fanduel,player_rush_yds,Sione Vaki,Over,10.5,-113,2026-10-04T04:54:15Z
20261004T045441Z,a73a76599a4f3422803e57bd8f61b626,2026-10-05T00:20:00Z,Carolina Panthers,Detroit Lions,fanduel,player_rush_yds,Sione Vaki,Under,10.5,-113,2026-10-04T04:54:15Z
20261004T045441Z,a73a76599a4f3422803e57bd8f61b626,2026-10-05T00:20:00Z,Carolina Panthers,Detroit Lions,fanduel,player_rush_yds,AJ Dillon,Over,12.5,-113,2026-10-04T04:54:15Z
20261004T045441Z,a73a76599a4f3422803e57bd8f61b626,2026-10-05T00:20:00Z,Carolina Panthers,Detroit Lions,fanduel,player_rush_yds,AJ Dillon,Under,12.5,-113,2026-10-04T04:54:15Z
20261004T045441Z,a73a76599a4f3422803e57bd8f61b626,2026-10-05T00:20:00Z,Carolina Panthers,Detroit Lions,fanduel,player_rush_yds,Jared Goff,Over,1.5,-113,2026-10-04T04:54:15Z
20261004T045441Z,a73a76599a4f3422803e57bd8f61b626,2026-10-05T00:20:00Z,Carolina Panthers,Detroit Lions,fanduel,player_rush_yds,Jared Goff,Under,1.5,-113,2026-10-04T04:54:15Z
20261004T045441Z,a73a76599a4f3422803e57bd8f61b626,2026-10-05T00:20:00Z,Carolina Panthers,Detroit Lions,fanduel,player_rush_yds,Bryce Young,Over,12.5,-113,2026-10-04T04:54:15Z
20261004T045441Z,a73a76599a4f3422803e57bd8f61b626,2026-10-05T00:20:00Z,Carolina Panthers,Detroit Lions,fanduel,player_rush_yds,Bryce Young,Under,12.5,-113,2026-10-04T04:54:15Z
20261004T045441Z,a73a76599a4f3422803e57bd8f61b626,2026-10-05T00:20:00Z,Carolina Panthers,Detroit Lions,fanduel,player_rush_yds,Chuba Hubbard,Over,66.5,-113,2026-10-04T04:54:15Z
20261004T045441Z,a73a76599a4f3422803e57bd8f61b626,2026-10-05T00:20:00Z,Carolina Panthers,Detroit Lions,fanduel,player_rush_yds,Chuba Hubbard,Under,66.5,-113,2026-10-04T04:54:15Z
20261004T045441Z,a73a76599a4f3422803e57bd8f61b626,2026-10-05T00:20:00Z,Carolina Panthers,Detroit Lions,betonlineag,player_pass_yds,Bryce Young,Over,239.5,-114,2026-10-04T04:54:27Z
20261004T045441Z,a73a76599a4f3422803e57bd8f61b626,2026-10-05T00:20:00Z,Carolina Panthers,Detroit Lions,betonlineag,player_pass_yds,Bryce Young,Under,239.5,-114,2026-10-04T04:54:27Z
20261004T045441Z,a73a76599a4f3422803e57bd8f61b626,2026-10-05T00:20:00Z,Carolina Panthers,Detroit Lions,betonlineag,player_pass_yds,Jared Goff,Over,257.5,-115,2026-10-04T04:54:27Z
20261004T045441Z,a73a76599a4f3422803e57bd8f61b626,2026-10-05T00:20:00Z,Carolina Panthers,Detroit Lions,betonlineag,player_pass_yds,Jared Goff,Under,257.5,-112,2026-10-04T04:54:27Z
20261004T045441Z,a73a76599a4f3422803e57bd8f61b626,2026-10-05T00:20:00Z,Carolina Panthers,Detroit Lions,betonlineag,player_reception_yds,Chuba Hubbard,Over,18.5,-119,2026-10-04T04:54:27Z
20261004T045441Z,a73a76599a4f3422803e57bd8f61b626,2026-10-05T00:20:00Z,Carolina Panthers,Detroit Lions,betonlineag,player_reception_yds,Chuba Hubbard,Under,18.5,-109,2026-10-04T04:54:27Z
20261004T045441Z,a73a76599a4f3422803e57bd8f61b626,2026-10-05T00:20:00Z,Carolina Panthers,Detroit Lions,betonlineag,player_reception_yds,Jahmyr Gibbs,Over,35.5,-116,2026-10-04T04:54:27Z
20261004T045441Z,a73a76599a4f3422803e57bd8f61b626,2026-10-05T00:20:00Z,Carolina Panthers,Detroit Lions,betonlineag,player_reception_yds,Jahmyr Gibbs,Under,35.5,-111,2026-10-04T04:54:27Z
20261004T045441Z,a73a76599a4f3422803e57bd8f61b626,2026-10-05T00:20:00Z,Carolina Panthers,Detroit Lions,betonlineag,player_reception_yds,Isaac TeSlaa,Over,17.5,-116,2026-10-04T04:54:27Z
20261004T045441Z,a73a76599a4f3422803e57bd8f61b626,2026-10-05T00:20:00Z,Carolina Panthers,Detroit Lions,betonlineag,player_reception_yds,Isaac TeSlaa,Under,17.5,-111,2026-10-04T04:54:27Z
20261004T045441Z,a73a76599a4f3422803e57bd8f61b626,2026-10-05T00:20:00Z,Carolina Panthers,Detroit Lions,betonlineag,player_reception_yds,Amon-Ra St. Brown,Over,77.5,-116,2026-10-04T04:54:27Z
20261004T045441Z,a73a76599a4f3422803e57bd8f61b626,2026-10-05T00:20:00Z,Carolina Panthers,Detroit Lions,betonlineag,player_reception_yds,Amon-Ra St. Brown,Under,77.5,-111,2026-10-04T04:54:27Z
20261004T045441Z,a73a76599a4f3422803e57bd8f61b626,2026-10-05T00:20:00Z,Carolina Panthers,Detroit Lions,betonlineag,player_reception_yds,Tetairoa McMillan,Over,69.5,-114,2026-10-04T04:54:27Z
20261004T045441Z,a73a76599a4f3422803e57bd8f61b626,2026-10-05T00:20:00Z,Carolina Panthers,Detroit Lions,betonlineag,player_reception_yds,Tetairoa McMillan,Under,69.5,-114,2026-10-04T04:54:27Z
20261004T045441Z,a73a76599a4f3422803e57bd8f61b626,2026-10-05T00:20:00Z,Carolina Panthers,Detroit Lions,betonlineag,player_reception_yds,Sam LaPorta,Over,47.5,-116,2026-10-04T04:54:27Z
20261004T045441Z,a73a76599a4f3422803e57bd8f61b626,2026-10-05T00:20:00Z,Carolina Panthers,Detroit Lions,betonlineag,player_reception_yds,Sam LaPorta,Under,47.5,-111,2026-10-04T04:54:27Z
20261004T045441Z,a73a76599a4f3422803e57bd8f61b626,2026-10-05T00:20:00Z,Carolina Panthers,Detroit Lions,betonlineag,player_reception_yds,Jameson Williams,Over,51.5,-118,2026-10-04T04:54:27Z
20261004T045441Z,a73a76599a4f3422803e57bd8f61b626,2026-10-05T00:20:00Z,Carolina Panthers,Detroit Lions,betonlineag,player_reception_yds,Jameson Williams,Under,51.5,-110,2026-10-04T04:54:27Z
20261004T045441Z,a73a76599a4f3422803e57bd8f61b626,2026-10-05T00:20:00Z,Carolina Panthers,Detroit Lions,betonlineag,player_reception_yds,Tommy Tremble,Over,12.5,-112,2026-10-04T04:54:27Z
20261004T045441Z,a73a76599a4f3422803e57bd8f61b626,2026-10-05T00:20:00Z,Carolina Panthers,Detroit Lions,betonlineag,player_reception_yds,Tommy Tremble,Under,12.5,-115,2026-10-04T04:54:27Z
20261004T045441Z,a73a76599a4f3422803e57bd8f61b626,2026-10-05T00:20:00Z,Carolina Panthers,Detroit Lions,betonlineag,player_reception_yds,Jalen Coker,Over,52.5,-114,2026-10-04T04:54:27Z
20261004T045441Z,a73a76599a4f3422803e57bd8f61b626,2026-10-05T00:20:00Z,Carolina Panthers,Detroit Lions,betonlineag,player_reception_yds,Jalen Coker,Under,52.5,-114,2026-10-04T04:54:27Z
20261004T045441Z,a73a76599a4f3422803e57bd8f61b626,2026-10-05T00:20:00Z,Carolina Panthers,Detroit Lions,betonlineag,player_reception_yds,Brock Wright,Over,5.5,-108,2026-10-04T04:54:27Z
20261004T045441Z,a73a76599a4f3422803e57bd8f61b626,2026-10-05T00:20:00Z,Carolina Panthers,Detroit Lions,betonlineag,player_reception_yds,Brock Wright,Under,5.5,-120,2026-10-04T04:54:27Z
20261004T045441Z,a73a76599a4f3422803e57bd8f61b626,2026-10-05T00:20:00Z,Carolina Panthers,Detroit Lions,betonlineag,player_reception_yds,Darren Waller,Over,31.5,-114,2026-10-04T04:54:27Z
20261004T045441Z,a73a76599a4f3422803e57bd8f61b626,2026-10-05T00:20:00Z,Carolina Panthers,Detroit Lions,betonlineag,player_reception_yds,Darren Waller,Under,31.5,-114,2026-10-04T04:54:27Z
20261004T045441Z,a73a76599a4f3422803e57bd8f61b626,2026-10-05T00:20:00Z,Carolina Panthers,Detroit Lions,betonlineag,player_receptions,Sam LaPorta,Over,4.5,110,2026-10-04T04:54:27Z
20261004T045441Z,a73a76599a4f3422803e57bd8f61b626,2026-10-05T00:20:00Z,Carolina Panthers,Detroit Lions,betonlineag,player_receptions,Sam LaPorta,Under,4.5,-143,2026-10-04T04:54:27Z
20261004T045441Z,a73a76599a4f3422803e57bd8f61b626,2026-10-05T00:20:00Z,Carolina Panthers,Detroit Lions,betonlineag,player_receptions,Jahmyr Gibbs,Over,4.5,-122,2026-10-04T04:54:27Z
20261004T045441Z,a73a76599a4f3422803e57bd8f61b626,2026-10-05T00:20:00Z,Carolina Panthers,Detroit Lions,betonlineag,player_receptions,Jahmyr Gibbs,Under,4.5,-106,2026-10-04T04:54:27Z
20261004T045441Z,a73a76599a4f3422803e57bd8f61b626,2026-10-05T00:20:00Z,Carolina Panthers,Detroit Lions,betonlineag,player_receptions,Jameson Williams,Over,3.5,-105,2026-10-04T04:54:27Z
20261004T045441Z,a73a76599a4f3422803e57bd8f61b626,2026-10-05T00:20:00Z,Carolina Panthers,Detroit Lions,betonlineag,player_receptions,Jameson Williams,Under,3.5,-123,2026-10-04T04:54:27Z
20261004T045441Z,a73a76599a4f3422803e57bd8f61b626,2026-10-05T00:20:00Z,Carolina Panthers,Detroit Lions,betonlineag,player_receptions,Tetairoa McMillan,Over,4.5,-164,2026-10-04T04:54:27Z
20261004T045441Z,a73a76599a4f3422803e57bd8f61b626,2026-10-05T00:20:00Z,Carolina Panthers,Detroit Lions,betonlineag,player_receptions,Tetairoa McMillan,Under,4.5,125,2026-10-04T04:54:27Z
20261004T045441Z,a73a76599a4f3422803e57bd8f61b626,2026-10-05T00:20:00Z,Carolina Panthers,Detroit Lions,betonlineag,player_receptions,Amon-Ra St. Brown,Over,6.5,-145,2026-10-04T04:54:27Z
20261004T045441Z,a73a76599a4f3422803e57bd8f61b626,2026-10-05T00:20:00Z,Carolina Panthers,Detroit Lions,betonlineag,player_receptions,Amon-Ra St. Brown,Under,6.5,111,2026-10-04T04:54:27Z
20261004T045441Z,a73a76599a4f3422803e57bd8f61b626,2026-10-05T00:20:00Z,Carolina Panthers,Detroit Lions,betonlineag,player_receptions,Chuba Hubbard,Over,2.5,-149,2026-10-04T04:54:27Z
20261004T045441Z,a73a76599a4f3422803e57bd8f61b626,2026-10-05T00:20:00Z,Carolina Panthers,Detroit Lions,betonlineag,player_receptions,Chuba Hubbard,Under,2.5,115,2026-10-04T04:54:27Z
20261004T045441Z,a73a76599a4f3422803e57bd8f61b626,2026-10-05T00:20:00Z,Carolina Panthers,Detroit Lions,betonlineag,player_receptions,Isaac TeSlaa,Over,1.5,105,2026-10-04T04:54:27Z
20261004T045441Z,a73a76599a4f3422803e57bd8f61b626,2026-10-05T00:20:00Z,Carolina Panthers,Detroit Lions,betonlineag,player_receptions,Isaac TeSlaa,Under,1.5,-135,2026-10-04T04:54:27Z
20261004T045441Z,a73a76599a4f3422803e57bd8f61b626,2026-10-05T00:20:00Z,Carolina Panthers,Detroit Lions,betonlineag,player_receptions,Darren Waller,Over,2.5,-167,2026-10-04T04:54:27Z
20261004T045441Z,a73a76599a4f3422803e57bd8f61b626,2026-10-05T00:20:00Z,Carolina Panthers,Detroit Lions,betonlineag,player_receptions,Darren Waller,Under,2.5,128,2026-10-04T04:54:27Z
20261004T045441Z,a73a76599a4f3422803e57bd8f61b626,2026-10-05T00:20:00Z,Carolina Panthers,Detroit Lions,betonlineag,player_receptions,Tommy Tremble,Over,1.5,-141,2026-10-04T04:54:27Z
20261004T045441Z,a73a76599a4f3422803e57bd8f61b626,2026-10-05T00:20:00Z,Carolina Panthers,Detroit Lions,betonlineag,player_receptions,Tommy Tremble,Under,1.5,108,2026-10-04T04:54:27Z
20261004T045441Z,a73a76599a4f3422803e57bd8f61b626,2026-10-05T00:20:00Z,Carolina Panthers,Detroit Lions,betonlineag,player_receptions,Jalen Coker,Over,4.5,106,2026-10-04T04:54:27Z
20261004T045441Z,a73a76599a4f3422803e57bd8f61b626,2026-10-05T00:20:00Z,Carolina Panthers,Detroit Lions,betonlineag,player_receptions,Jalen Coker,Under,4.5,-137,2026-10-04T04:54:27Z
20261004T045441Z,a73a76599a4f3422803e57bd8f61b626,2026-10-05T00:20:00Z,Carolina Panthers,Detroit Lions,betonlineag,player_rush_yds,Bryce Young,Over,12.5,-115,2026-10-04T04:54:27Z
20261004T045441Z,a73a76599a4f3422803e57bd8f61b626,2026-10-05T00:20:00Z,Carolina Panthers,Detroit Lions,betonlineag,player_rush_yds,Bryce Young,Under,12.5,-112,2026-10-04T04:54:27Z
20261004T045441Z,a73a76599a4f3422803e57bd8f61b626,2026-10-05T00:20:00Z,Carolina Panthers,Detroit Lions,betonlineag,player_rush_yds,Jahmyr Gibbs,Over,96.5,-114,2026-10-04T04:54:27Z
20261004T045441Z,a73a76599a4f3422803e57bd8f61b626,2026-10-05T00:20:00Z,Carolina Panthers,Detroit Lions,betonlineag,player_rush_yds,Jahmyr Gibbs,Under,96.5,-114,2026-10-04T04:54:27Z
20261004T045441Z,a73a76599a4f3422803e57bd8f61b626,2026-10-05T00:20:00Z,Carolina Panthers,Detroit Lions,betonlineag,player_rush_yds,Chuba Hubbard,Over,66.5,-114,2026-10-04T04:54:27Z
20261004T045441Z,a73a76599a4f3422803e57bd8f61b626,2026-10-05T00:20:00Z,Carolina Panthers,Detroit Lions,betonlineag,player_rush_yds,Chuba Hubbard,Under,66.5,-114,2026-10-04T04:54:27Z
20261004T045441Z,a73a76599a4f3422803e57bd8f61b626,2026-10-05T00:20:00Z,Carolina Panthers,Detroit Lions,betonlineag,player_rush_yds,AJ Dillon,Over,12.5,-116,2026-10-04T04:54:27Z
20261004T045441Z,a73a76599a4f3422803e57bd8f61b626,2026-10-05T00:20:00Z,Carolina Panthers,Detroit Lions,betonlineag,player_rush_yds,AJ Dillon,Under,12.5,-111,2026-10-04T04:54:27Z
20261004T045441Z,a73a76599a4f3422803e57bd8f61b626,2026-10-05T00:20:00Z,Carolina Panthers,Detroit Lions,betonlineag,player_rush_yds,Sione Vaki,Over,10.5,-116,2026-10-04T04:54:27Z
20261004T045441Z,a73a76599a4f3422803e57bd8f61b626,2026-10-05T00:20:00Z,Carolina Panthers,Detroit Lions,betonlineag,player_rush_yds,Sione Vaki,Under,10.5,-111,2026-10-04T04:54:27Z
20261004T045441Z,a73a76599a4f3422803e57bd8f61b626,2026-10-05T00:20:00Z,Carolina Panthers,Detroit Lions,betrivers,player_pass_yds,Bryce Young,Over,243.5,-115,2026-10-04T04:54:21Z
20261004T045441Z,a73a76599a4f3422803e57bd8f61b626,2026-10-05T00:20:00Z,Carolina Panthers,Detroit Lions,betrivers,player_pass_yds,Bryce Young,Under,243.5,-115,2026-10-04T04:54:21Z
20261004T045441Z,a73a76599a4f3422803e57bd8f61b626,2026-10-05T00:20:00Z,Carolina Panthers,Detroit Lions,betrivers,player_pass_yds,Jared Goff,Over,259.5,-117,2026-10-04T04:54:21Z
20261004T045441Z,a73a76599a4f3422803e57bd8f61b626,2026-10-05T00:20:00Z,Carolina Panthers,Detroit Lions,betrivers,player_pass_yds,Jared Goff,Under,259.5,-114,2026-10-04T04:54:21Z
20261004T045441Z,a73a76599a4f3422803e57bd8f61b626,2026-10-05T00:20:00Z,Carolina Panthers,Detroit Lions,betrivers,player_reception_yds,Darren Waller,Over,30.5,-118,2026-10-04T04:54:21Z
20261004T045441Z,a73a76599a4f3422803e57bd8f61b626,2026-10-05T00:20:00Z,Carolina Panthers,Detroit Lions,betrivers,player_reception_yds,Darren Waller,Under,30.5,-113,2026-10-04T04:54:21Z
20261004T045441Z,a73a76599a4f3422803e57bd8f61b626,2026-10-05T00:20:00Z,Carolina Panthers,Detroit Lions,betrivers,player_reception_yds,Tetairoa McMillan,Over,69.5,-117,2026-10-04T04:54:21Z
20261004T045441Z,a73a76599a4f3422803e57bd8f61b626,2026-10-05T00:20:00Z,Carolina Panthers,Detroit Lions,betrivers,player_reception_yds,Tetairoa McMillan,Under,69.5,-114,2026-10-04T04:54:21Z
20261004T045441Z,a73a76599a4f3422803e57bd8f61b626,2026-10-05T00:20:00Z,Carolina Panthers,Detroit Lions,betrivers,player_reception_yds,Tommy Tremble,Over,13.5,-120,2026-10-04T04:54:21Z
20261004T045441Z,a73a76599a4f3422803e57bd8f61b626,2026-10-05T00:20:00Z,Carolina Panthers,Detroit Lions,betrivers,player_reception_yds,Tommy Tremble,Under,13.5,-112,2026-10-04T04:54:21Z
20261004T045441Z,a73a76599a4f3422803e57bd8f61b626,2026-10-05T00:20:00Z,Carolina Panthers,Detroit Lions,betrivers,player_reception_yds,Sam LaPorta,Over,49.5,-118,2026-10-04T04:54:21Z
20261004T045441Z,a73a76599a4f3422803e57bd8f61b626,2026-10-05T00:20:00Z,Carolina Panthers,Detroit Lions,betrivers,player_reception_yds,Sam LaPorta,Under,49.5,-113,2026-10-04T04:54:21Z
20261004T045441Z,a73a76599a4f3422803e57bd8f61b626,2026-10-05T00:20:00Z,Carolina Panthers,Detroit Lions,betrivers,player_reception_yds,Jahmyr Gibbs,Over,35.5,-115,2026-10-04T04:54:21Z
20261004T045441Z,a73a76599a4f3422803e57bd8f61b626,2026-10-05T00:20:00Z,Carolina Panthers,Detroit Lions,betrivers,player_reception_yds,Jahmyr Gibbs,Under,35.5,-115,2026-10-04T04:54:21Z
20261004T045441Z,a73a76599a4f3422803e57bd8f61b626,2026-10-05T00:20:00Z,Carolina Panthers,Detroit Lions,betrivers,player_reception_yds,Amon-Ra St. Brown,Over,77.5,-118,2026-10-04T04:54:21Z
20261004T045441Z,a73a76599a4f3422803e57bd8f61b626,2026-10-05T00:20:00Z,Carolina Panthers,Detroit Lions,betrivers,player_reception_yds,Amon-Ra St. Brown,Under,77.5,-113,2026-10-04T04:54:21Z
20261004T045441Z,a73a76599a4f3422803e57bd8f61b626,2026-10-05T00:20:00Z,Carolina Panthers,Detroit Lions,betrivers,player_reception_yds,Jalen Coker,Over,50.5,-115,2026-10-04T04:54:21Z
20261004T045441Z,a73a76599a4f3422803e57bd8f61b626,2026-10-05T00:20:00Z,Carolina Panthers,Detroit Lions,betrivers,player_reception_yds,Jalen Coker,Under,50.5,-114,2026-10-04T04:54:21Z
20261004T045441Z,a73a76599a4f3422803e57bd8f61b626,2026-10-05T00:20:00Z,Carolina Panthers,Detroit Lions,betrivers,player_reception_yds,Chuba Hubbard,Over,19.5,-117,2026-10-04T04:54:21Z
20261004T045441Z,a73a76599a4f3422803e57bd8f61b626,2026-10-05T00:20:00Z,Carolina Panthers,Detroit Lions,betrivers,player_reception_yds,Chuba Hubbard,Under,19.5,-114,2026-10-04T04:54:21Z
20261004T045441Z,a73a76599a4f3422803e57bd8f61b626,2026-10-05T00:20:00Z,Carolina Panthers,Detroit Lions,betrivers,player_reception_yds,Jameson Williams,Over,51.5,-117,2026-10-04T04:54:21Z
20261004T045441Z,a73a76599a4f3422803e57bd8f61b626,2026-10-05T00:20:00Z,Carolina Panthers,Detroit Lions,betrivers,player_reception_yds,Jameson Williams,Under,51.5,-114,2026-10-04T04:54:21Z
20261004T045441Z,a73a76599a4f3422803e57bd8f61b626,2026-10-05T00:20:00Z,Carolina Panthers,Detroit Lions,betrivers,player_reception_yds,Isaac TeSlaa,Over,17.5,-118,2026-10-04T04:54:21Z
20261004T045441Z,a73a76599a4f3422803e57bd8f61b626,2026-10-05T00:20:00Z,Carolina Panthers,Detroit Lions,betrivers,player_reception_yds,Isaac TeSlaa,Under,17.5,-113,2026-10-04T04:54:21Z
20261004T045441Z,a73a76599a4f3422803e57bd8f61b626,2026-10-05T00:20:00Z,Carolina Panthers,Detroit Lions,betrivers,player_receptions,Jameson Williams,Over,3.5,-109,2026-10-04T04:54:21Z
20261004T045441Z,a73a76599a4f3422803e57bd8f61b626,2026-10-05T00:20:00Z,Carolina Panthers,Detroit Lions,betrivers,player_receptions,Jahmyr Gibbs,Over,4.5,-114,2026-10-04T04:54:21Z
20261004T045441Z,a73a76599a4f3422803e57bd8f61b626,2026-10-05T00:20:00Z,Carolina Panthers,Detroit Lions,betrivers,player_receptions,Isaac TeSlaa,Over,1.5,-113,2026-10-04T04:54:21Z
20261004T045441Z,a73a76599a4f3422803e57bd8f61b626,2026-10-05T00:20:00Z,Carolina Panthers,Detroit Lions,betrivers,player_receptions,Amon-Ra St. Brown,Over,6.5,-157,2026-10-04T04:54:21Z
20261004T045441Z,a73a76599a4f3422803e57bd8f61b626,2026-10-05T00:20:00Z,Carolina Panthers,Detroit Lions,betrivers,player_receptions,Sam LaPorta,Over,4.5,-106,2026-10-04T04:54:21Z
20261004T045441Z,a73a76599a4f3422803e57bd8f61b626,2026-10-05T00:20:00Z,Carolina Panthers,Detroit Lions,betrivers,player_receptions,Darren Waller,Over,3.5,130,2026-10-04T04:54:21Z
20261004T045441Z,a73a76599a4f3422803e57bd8f61b626,2026-10-05T00:20:00Z,Carolina Panthers,Detroit Lions,betrivers,player_receptions,Tetairoa McMillan,Over,4.5,-139,2026-10-04T04:54:21Z
20261004T045441Z,a73a76599a4f3422803e57bd8f61b626,2026-10-05T00:20:00Z,Carolina Panthers,Detroit Lions,betrivers,player_receptions,Chuba Hubbard,Over,2.5,-157,2026-10-04T04:54:21Z
20261004T045441Z,a73a76599a4f3422803e57bd8f61b626,2026-10-05T00:20:00Z,Carolina Panthers,Detroit Lions,betrivers,player_receptions,Tommy Tremble,Over,1.5,-148,2026-10-04T04:54:21Z
20261004T045441Z,a73a76599a4f3422803e57bd8f61b626,2026-10-05T00:20:00Z,Carolina Panthers,Detroit Lions,betrivers,player_receptions,Jalen Coker,Over,4.5,-105,2026-10-04T04:54:21Z
20261004T045441Z,a73a76599a4f3422803e57bd8f61b626,2026-10-05T00:20:00Z,Carolina Panthers,Detroit Lions,betrivers,player_rush_yds,Jahmyr Gibbs,Over,95.5,-117,2026-10-04T04:54:21Z
20261004T045441Z,a73a76599a4f3422803e57bd8f61b626,2026-10-05T00:20:00Z,Carolina Panthers,Detroit Lions,betrivers,player_rush_yds,Jahmyr Gibbs,Under,95.5,-114,2026-10-04T04:54:21Z
20261004T045441Z,a73a76599a4f3422803e57bd8f61b626,2026-10-05T00:20:00Z,Carolina Panthers,Detroit Lions,betrivers,player_rush_yds,AJ Dillon,Over,13.5,-121,2026-10-04T04:54:21Z
20261004T045441Z,a73a76599a4f3422803e57bd8f61b626,2026-10-05T00:20:00Z,Carolina Panthers,Detroit Lions,betrivers,player_rush_yds,AJ Dillon,Under,13.5,-110,2026-10-04T04:54:21Z
20261004T045441Z,a73a76599a4f3422803e57bd8f61b626,2026-10-05T00:20:00Z,Carolina Panthers,Detroit Lions,betrivers,player_rush_yds,Chuba Hubbard,Over,69.5,-115,2026-10-04T04:54:21Z
20261004T045441Z,a73a76599a4f3422803e57bd8f61b626,2026-10-05T00:20:00Z,Carolina Panthers,Detroit Lions,betrivers,player_rush_yds,Chuba Hubbard,Under,69.5,-115,2026-10-04T04:54:21Z
20261004T045441Z,a73a76599a4f3422803e57bd8f61b626,2026-10-05T00:20:00Z,Carolina Panthers,Detroit Lions,betrivers,player_rush_yds,Sione Vaki,Over,10.5,-117,2026-10-04T04:54:21Z
20261004T045441Z,a73a76599a4f3422803e57bd8f61b626,2026-10-05T00:20:00Z,Carolina Panthers,Detroit Lions,betrivers,player_rush_yds,Sione Vaki,Under,10.5,-114,2026-10-04T04:54:21Z
20261004T045441Z,a73a76599a4f3422803e57bd8f61b626,2026-10-05T00:20:00Z,Carolina Panthers,Detroit Lions,betrivers,player_rush_yds,Bryce Young,Over,13.5,-114,2026-10-04T04:54:21Z
20261004T045441Z,a73a76599a4f3422803e57bd8f61b626,2026-10-05T00:20:00Z,Carolina Panthers,Detroit Lions,betrivers,player_rush_yds,Bryce Young,Under,13.5,-117,2026-10-04T04:54:21Z
20261004T045441Z,a73a76599a4f3422803e57bd8f61b626,2026-10-05T00:20:00Z,Carolina Panthers,Detroit Lions,bovada,player_pass_yds,Bryce Young,Over,240.5,-115,2026-10-04T04:51:24Z
20261004T045441Z,a73a76599a4f3422803e57bd8f61b626,2026-10-05T00:20:00Z,Carolina Panthers,Detroit Lions,bovada,player_pass_yds,Bryce Young,Under,240.5,-115,2026-10-04T04:51:24Z
20261004T045441Z,a73a76599a4f3422803e57bd8f61b626,2026-10-05T00:20:00Z,Carolina Panthers,Detroit Lions,bovada,player_pass_yds,Jared Goff,Over,257.5,-115,2026-10-04T04:51:24Z
20261004T045441Z,a73a76599a4f3422803e57bd8f61b626,2026-10-05T00:20:00Z,Carolina Panthers,Detroit Lions,bovada,player_pass_yds,Jared Goff,Under,257.5,-115,2026-10-04T04:51:24Z
20261004T045441Z,a73a76599a4f3422803e57bd8f61b626,2026-10-05T00:20:00Z,Carolina Panthers,Detroit Lions,bovada,player_reception_yds,Amon-Ra St. Brown,Over,79.5,-115,2026-10-04T04:51:24Z
20261004T045441Z,a73a76599a4f3422803e57bd8f61b626,2026-10-05T00:20:00Z,Carolina Panthers,Detroit Lions,bovada,player_reception_yds,Amon-Ra St. Brown,Under,79.5,-115,2026-10-04T04:51:24Z
20261004T045441Z,a73a76599a4f3422803e57bd8f61b626,2026-10-05T00:20:00Z,Carolina Panthers,Detroit Lions,bovada,player_reception_yds,Chuba Hubbard,Over,19.5,-115,2026-10-04T04:51:24Z
20261004T045441Z,a73a76599a4f3422803e57bd8f61b626,2026-10-05T00:20:00Z,Carolina Panthers,Detroit Lions,bovada,player_reception_yds,Chuba Hubbard,Under,19.5,-115,2026-10-04T04:51:24Z
20261004T045441Z,a73a76599a4f3422803e57bd8f61b626,2026-10-05T00:20:00Z,Carolina Panthers,Detroit Lions,bovada,player_reception_yds,Darren Waller,Over,30.5,-115,2026-10-04T04:51:24Z
20261004T045441Z,a73a76599a4f3422803e57bd8f61b626,2026-10-05T00:20:00Z,Carolina Panthers,Detroit Lions,bovada,player_reception_yds,Darren Waller,Under,30.5,-115,2026-10-04T04:51:24Z
20261004T045441Z,a73a76599a4f3422803e57bd8f61b626,2026-10-05T00:20:00Z,Carolina Panthers,Detroit Lions,bovada,player_reception_yds,Isaac TeSlaa,Over,16.5,-120,2026-10-04T04:51:24Z
20261004T045441Z,a73a76599a4f3422803e57bd8f61b626,2026-10-05T00:20:00Z,Carolina Panthers,Detroit Lions,bovada,player_reception_yds,Isaac TeSlaa,Under,16.5,-110,2026-10-04T04:51:24Z
20261004T045441Z,a73a76599a4f3422803e57bd8f61b626,2026-10-05T00:20:00Z,Carolina Panthers,Detroit Lions,bovada,player_reception_yds,Jahmyr Gibbs,Over,37.5,-115,2026-10-04T04:51:24Z
20261004T045441Z,a73a76599a4f3422803e57bd8f61b626,2026-10-05T00:20:00Z,Carolina Panthers,Detroit Lions,bovada,player_reception_yds,Jahmyr Gibbs,Under,37.5,-115,2026-10-04T04:51:24Z
20261004T045441Z,a73a76599a4f3422803e57bd8f61b626,2026-10-05T00:20:00Z,Carolina Panthers,Detroit Lions,bovada,player_reception_yds,Jalen Coker,Over,48.5,-115,2026-10-04T04:51:24Z
20261004T045441Z,a73a76599a4f3422803e57bd8f61b626,2026-10-05T00:20:00Z,Carolina Panthers,Detroit Lions,bovada,player_reception_yds,Jalen Coker,Under,48.5,-115,2026-10-04T04:51:24Z
20261004T045441Z,a73a76599a4f3422803e57bd8f61b626,2026-10-05T00:20:00Z,Carolina Panthers,Detroit Lions,bovada,player_reception_yds,Jameson Williams,Over,49.5,-115,2026-10-04T04:51:24Z
20261004T045441Z,a73a76599a4f3422803e57bd8f61b626,2026-10-05T00:20:00Z,Carolina Panthers,Detroit Lions,bovada,player_reception_yds,Jameson Williams,Under,49.5,-115,2026-10-04T04:51:24Z
20261004T045441Z,a73a76599a4f3422803e57bd8f61b626,2026-10-05T00:20:00Z,Carolina Panthers,Detroit Lions,bovada,player_reception_yds,Sam LaPorta,Over,47.5,-115,2026-10-04T04:51:24Z
20261004T045441Z,a73a76599a4f3422803e57bd8f61b626,2026-10-05T00:20:00Z,Carolina Panthers,Detroit Lions,bovada,player_reception_yds,Sam LaPorta,Under,47.5,-115,2026-10-04T04:51:24Z
20261004T045441Z,a73a76599a4f3422803e57bd8f61b626,2026-10-05T00:20:00Z,Carolina Panthers,Detroit Lions,bovada,player_reception_yds,Tetairoa McMillan,Over,71.5,-115,2026-10-04T04:51:24Z
20261004T045441Z,a73a76599a4f3422803e57bd8f61b626,2026-10-05T00:20:00Z,Carolina Panthers,Detroit Lions,bovada,player_reception_yds,Tetairoa McMillan,Under,71.5,-115,2026-10-04T04:51:24Z
20261004T045441Z,a73a76599a4f3422803e57bd8f61b626,2026-10-05T00:20:00Z,Carolina Panthers,Detroit Lions,bovada,player_reception_yds,Tommy Tremble,Over,12.5,-110,2026-10-04T04:51:24Z
20261004T045441Z,a73a76599a4f3422803e57bd8f61b626,2026-10-05T00:20:00Z,Carolina Panthers,Detroit Lions,bovada,player_reception_yds,Tommy Tremble,Under,12.5,-120,2026-10-04T04:51:24Z
20261004T045441Z,a73a76599a4f3422803e57bd8f61b626,2026-10-05T00:20:00Z,Carolina Panthers,Detroit Lions,bovada,player_receptions,Amon-Ra St. Brown,Over,7.5,110,2026-10-04T04:51:24Z
20261004T045441Z,a73a76599a4f3422803e57bd8f61b626,2026-10-05T00:20:00Z,Carolina Panthers,Detroit Lions,bovada,player_receptions,Amon-Ra St. Brown,Under,7.5,-145,2026-10-04T04:51:24Z
20261004T045441Z,a73a76599a4f3422803e57bd8f61b626,2026-10-05T00:20:00Z,Carolina Panthers,Detroit Lions,bovada,player_receptions,Chuba Hubbard,Over,2.5,-160,2026-10-04T04:51:24Z
20261004T045441Z,a73a76599a4f3422803e57bd8f61b626,2026-10-05T00:20:00Z,Carolina Panthers,Detroit Lions,bovada,player_receptions,Chuba Hubbard,Under,2.5,120,2026-10-04T04:51:24Z
20261004T045441Z,a73a76599a4f3422803e57bd8f61b626,2026-10-05T00:20:00Z,Carolina Panthers,Detroit Lions,bovada,player_receptions,Darren Waller,Over,3.5,125,2026-10-04T04:51:24Z
20261004T045441Z,a73a76599a4f3422803e57bd8f61b626,2026-10-05T00:20:00Z,Carolina Panthers,Detroit Lions,bovada,player_receptions,Darren Waller,Under,3.5,-165,2026-10-04T04:51:24Z
20261004T045441Z,a73a76599a4f3422803e57bd8f61b626,2026-10-05T00:20:00Z,Carolina Panthers,Detroit Lions,bovada,player_receptions,Isaac TeSlaa,Over,1.5,105,2026-10-04T04:51:24Z
20261004T045441Z,a73a76599a4f3422803e57bd8f61b626,2026-10-05T00:20:00Z,Carolina Panthers,Detroit Lions,bovada,player_receptions,Isaac TeSlaa,Under,1.5,-135,2026-10-04T04:51:24Z
20261004T045441Z,a73a76599a4f3422803e57bd8f61b626,2026-10-05T00:20:00Z,Carolina Panthers,Detroit Lions,bovada,player_receptions,Jahmyr Gibbs,Over,4.5,-130,2026-10-04T04:51:24Z
20261004T045441Z,a73a76599a4f3422803e57bd8f61b626,2026-10-05T00:20:00Z,Carolina Panthers,Detroit Lions,bovada,player_receptions,Jahmyr Gibbs,Under,4.5,100,2026-10-04T04:51:24Z
20261004T045441Z,a73a76599a4f3422803e57bd8f61b626,2026-10-05T00:20:00Z,Carolina Panthers,Detroit Lions,bovada,player_receptions,Jalen Coker,Over,4.5,100,2026-10-04T04:51:24Z
20261004T045441Z,a73a76599a4f3422803e57bd8f61b626,2026-10-05T00:20:00Z,Carolina Panthers,Detroit Lions,bovada,player_receptions,Jalen Coker,Under,4.5,-130,2026-10-04T04:51:24Z
20261004T045441Z,a73a76599a4f3422803e57bd8f61b626,2026-10-05T00:20:00Z,Carolina Panthers,Detroit Lions,bovada,player_receptions,Jameson Williams,Over,3.5,105,2026-10-04T04:51:24Z
20261004T045441Z,a73a76599a4f3422803e57bd8f61b626,2026-10-05T00:20:00Z,Carolina Panthers,Detroit Lions,bovada,player_receptions,Jameson Williams,Under,3.5,-135,2026-10-04T04:51:24Z
20261004T045441Z,a73a76599a4f3422803e57bd8f61b626,2026-10-05T00:20:00Z,Carolina Panthers,Detroit Lions,bovada,player_receptions,Sam LaPorta,Over,4.5,120,2026-10-04T04:51:24Z
20261004T045441Z,a73a76599a4f3422803e57bd8f61b626,2026-10-05T00:20:00Z,Carolina Panthers,Detroit Lions,bovada,player_receptions,Sam LaPorta,Under,4.5,-160,2026-10-04T04:51:24Z
20261004T045441Z,a73a76599a4f3422803e57bd8f61b626,2026-10-05T00:20:00Z,Carolina Panthers,Detroit Lions,bovada,player_receptions,Tetairoa McMillan,Over,4.5,-160,2026-10-04T04:51:24Z
20261004T045441Z,a73a76599a4f3422803e57bd8f61b626,2026-10-05T00:20:00Z,Carolina Panthers,Detroit Lions,bovada,player_receptions,Tetairoa McMillan,Under,4.5,120,2026-10-04T04:51:24Z
20261004T045441Z,a73a76599a4f3422803e57bd8f61b626,2026-10-05T00:20:00Z,Carolina Panthers,Detroit Lions,bovada,player_receptions,Tommy Tremble,Over,1.5,-145,2026-10-04T04:51:24Z
20261004T045441Z,a73a76599a4f3422803e57bd8f61b626,2026-10-05T00:20:00Z,Carolina Panthers,Detroit Lions,bovada,player_receptions,Tommy Tremble,Under,1.5,110,2026-10-04T04:51:24Z
20261004T045441Z,a73a76599a4f3422803e57bd8f61b626,2026-10-05T00:20:00Z,Carolina Panthers,Detroit Lions,bovada,player_rush_yds,AJ Dillon,Over,12.5,-120,2026-10-04T04:51:24Z
20261004T045441Z,a73a76599a4f3422803e57bd8f61b626,2026-10-05T00:20:00Z,Carolina Panthers,Detroit Lions,bovada,player_rush_yds,AJ Dillon,Under,12.5,-110,2026-10-04T04:51:24Z
20261004T045441Z,a73a76599a4f3422803e57bd8f61b626,2026-10-05T00:20:00Z,Carolina Panthers,Detroit Lions,bovada,player_rush_yds,Bryce Young,Over,12.5,-110,2026-10-04T04:51:24Z
20261004T045441Z,a73a76599a4f3422803e57bd8f61b626,2026-10-05T00:20:00Z,Carolina Panthers,Detroit Lions,bovada,player_rush_yds,Bryce Young,Under,12.5,-120,2026-10-04T04:51:24Z
20261004T045441Z,a73a76599a4f3422803e57bd8f61b626,2026-10-05T00:20:00Z,Carolina Panthers,Detroit Lions,bovada,player_rush_yds,Chuba Hubbard,Over,66.5,-115,2026-10-04T04:51:24Z
20261004T045441Z,a73a76599a4f3422803e57bd8f61b626,2026-10-05T00:20:00Z,Carolina Panthers,Detroit Lions,bovada,player_rush_yds,Chuba Hubbard,Under,66.5,-115,2026-10-04T04:51:24Z
20261004T045441Z,a73a76599a4f3422803e57bd8f61b626,2026-10-05T00:20:00Z,Carolina Panthers,Detroit Lions,bovada,player_rush_yds,Jahmyr Gibbs,Over,98.5,-115,2026-10-04T04:51:24Z
20261004T045441Z,a73a76599a4f3422803e57bd8f61b626,2026-10-05T00:20:00Z,Carolina Panthers,Detroit Lions,bovada,player_rush_yds,Jahmyr Gibbs,Under,98.5,-115,2026-10-04T04:51:24Z
20261004T045441Z,a73a76599a4f3422803e57bd8f61b626,2026-10-05T00:20:00Z,Carolina Panthers,Detroit Lions,bovada,player_rush_yds,Jared Goff,Over,0.5,-125,2026-10-04T04:51:24Z
20261004T045441Z,a73a76599a4f3422803e57bd8f61b626,2026-10-05T00:20:00Z,Carolina Panthers,Detroit Lions,bovada,player_rush_yds,Jared Goff,Under,0.5,-105,2026-10-04T04:51:24Z
20261004T045441Z,a73a76599a4f3422803e57bd8f61b626,2026-10-05T00:20:00Z,Carolina Panthers,Detroit Lions,bovada,player_rush_yds,Sione Vaki,Over,11.5,-110,2026-10-04T04:51:24Z
20261004T045441Z,a73a76599a4f3422803e57bd8f61b626,2026-10-05T00:20:00Z,Carolina Panthers,Detroit Lions,bovada,player_rush_yds,Sione Vaki,Under,11.5,-120,2026-10-04T04:51:24Z
20261004T045441Z,a73a76599a4f3422803e57bd8f61b626,2026-10-05T00:20:00Z,Carolina Panthers,Detroit Lions,betmgm,player_pass_yds,Jared Goff,Over,262.5,110,2026-10-04T04:54:21Z
20261004T045441Z,a73a76599a4f3422803e57bd8f61b626,2026-10-05T00:20:00Z,Carolina Panthers,Detroit Lions,betmgm,player_pass_yds,Jared Goff,Under,262.5,-150,2026-10-04T04:54:21Z
20261004T045441Z,a73a76599a4f3422803e57bd8f61b626,2026-10-05T00:20:00Z,Carolina Panthers,Detroit Lions,betmgm,player_pass_yds,Bryce Young,Over,243.5,-115,2026-10-04T04:54:21Z
20261004T045441Z,a73a76599a4f3422803e57bd8f61b626,2026-10-05T00:20:00Z,Carolina Panthers,Detroit Lions,betmgm,player_pass_yds,Bryce Young,Under,243.5,-115,2026-10-04T04:54:21Z
20261004T045441Z,a73a76599a4f3422803e57bd8f61b626,2026-10-05T00:20:00Z,Carolina Panthers,Detroit Lions,betmgm,player_reception_yds,Chuba Hubbard,Over,17.5,-115,2026-10-04T04:54:21Z
20261004T045441Z,a73a76599a4f3422803e57bd8f61b626,2026-10-05T00:20:00Z,Carolina Panthers,Detroit Lions,betmgm,player_reception_yds,Chuba Hubbard,Under,17.5,-115,2026-10-04T04:54:21Z
20261004T045441Z,a73a76599a4f3422803e57bd8f61b626,2026-10-05T00:20:00Z,Carolina Panthers,Detroit Lions,betmgm,player_reception_yds,Amon-Ra St. Brown,Over,78.5,-115,2026-10-04T04:54:21Z
20261004T045441Z,a73a76599a4f3422803e57bd8f61b626,2026-10-05T00:20:00Z,Carolina Panthers,Detroit Lions,betmgm,player_reception_yds,Amon-Ra St. Brown,Under,78.5,-115,2026-10-04T04:54:21Z
20261004T045441Z,a73a76599a4f3422803e57bd8f61b626,2026-10-05T00:20:00Z,Carolina Panthers,Detroit Lions,betmgm,player_reception_yds,Sam LaPorta,Over,43.5,-115,2026-10-04T04:54:21Z
20261004T045441Z,a73a76599a4f3422803e57bd8f61b626,2026-10-05T00:20:00Z,Carolina Panthers,Detroit Lions,betmgm,player_reception_yds,Sam LaPorta,Under,43.5,-115,2026-10-04T04:54:21Z
20261004T045441Z,a73a76599a4f3422803e57bd8f61b626,2026-10-05T00:20:00Z,Carolina Panthers,Detroit Lions,betmgm,player_reception_yds,Isaac TeSlaa,Over,15.5,-120,2026-10-04T04:54:21Z
20261004T045441Z,a73a76599a4f3422803e57bd8f61b626,2026-10-05T00:20:00Z,Carolina Panthers,Detroit Lions,betmgm,player_reception_yds,Isaac TeSlaa,Under,15.5,-111,2026-10-04T04:54:21Z
20261004T045441Z,a73a76599a4f3422803e57bd8f61b626,2026-10-05T00:20:00Z,Carolina Panthers,Detroit Lions,betmgm,player_reception_yds,Jahmyr Gibbs,Over,39.5,-115,2026-10-04T04:54:21Z
20261004T045441Z,a73a76599a4f3422803e57bd8f61b626,2026-10-05T00:20:00Z,Carolina Panthers,Detroit Lions,betmgm,player_reception_yds,Jahmyr Gibbs,Under,39.5,-115,2026-10-04T04:54:21Z
20261004T045441Z,a73a76599a4f3422803e57bd8f61b626,2026-10-05T00:20:00Z,Carolina Panthers,Detroit Lions,betmgm,player_reception_yds,Jameson Williams,Over,49.5,-115,2026-10-04T04:54:21Z
20261004T045441Z,a73a76599a4f3422803e57bd8f61b626,2026-10-05T00:20:00Z,Carolina Panthers,Detroit Lions,betmgm,player_reception_yds,Jameson Williams,Under,49.5,-115,2026-10-04T04:54:21Z
20261004T045441Z,a73a76599a4f3422803e57bd8f61b626,2026-10-05T00:20:00Z,Carolina Panthers,Detroit Lions,betmgm,player_reception_yds,Darren Waller,Over,32.5,-115,2026-10-04T04:54:21Z
20261004T045441Z,a73a76599a4f3422803e57bd8f61b626,2026-10-05T00:20:00Z,Carolina Panthers,Detroit Lions,betmgm,player_reception_yds,Darren Waller,Under,32.5,-115,2026-10-04T04:54:21Z
20261004T045441Z,a73a76599a4f3422803e57bd8f61b626,2026-10-05T00:20:00Z,Carolina Panthers,Detroit Lions,betmgm,player_reception_yds,Tommy Tremble,Over,14.5,-115,2026-10-04T04:54:21Z
20261004T045441Z,a73a76599a4f3422803e57bd8f61b626,2026-10-05T00:20:00Z,Carolina Panthers,Detroit Lions,betmgm,player_reception_yds,Tommy Tremble,Under,14.5,-115,2026-10-04T04:54:21Z
20261004T045441Z,a73a76599a4f3422803e57bd8f61b626,2026-10-05T00:20:00Z,Carolina Panthers,Detroit Lions,betmgm,player_reception_yds,Tetairoa McMillan,Over,74.5,-115,2026-10-04T04:54:21Z
20261004T045441Z,a73a76599a4f3422803e57bd8f61b626,2026-10-05T00:20:00Z,Carolina Panthers,Detroit Lions,betmgm,player_reception_yds,Tetairoa McMillan,Under,74.5,-115,2026-10-04T04:54:21Z
20261004T045441Z,a73a76599a4f3422803e57bd8f61b626,2026-10-05T00:20:00Z,Carolina Panthers,Detroit Lions,betmgm,player_receptions,Isaac TeSlaa,Over,1.5,105,2026-10-04T04:54:21Z
20261004T045441Z,a73a76599a4f3422803e57bd8f61b626,2026-10-05T00:20:00Z,Carolina Panthers,Detroit Lions,betmgm,player_receptions,Isaac TeSlaa,Under,1.5,-145,2026-10-04T04:54:21Z
20261004T045441Z,a73a76599a4f3422803e57bd8f61b626,2026-10-05T00:20:00Z,Carolina Panthers,Detroit Lions,betmgm,player_receptions,Amon-Ra St. Brown,Over,6.5,-155,2026-10-04T04:54:21Z
20261004T045441Z,a73a76599a4f3422803e57bd8f61b626,2026-10-05T00:20:00Z,Carolina Panthers,Detroit Lions,betmgm,player_receptions,Amon-Ra St. Brown,Under,6.5,115,2026-10-04T04:54:21Z
20261004T045441Z,a73a76599a4f3422803e57bd8f61b626,2026-10-05T00:20:00Z,Carolina Panthers,Detroit Lions,betmgm,player_receptions,Sam LaPorta,Over,4.5,105,2026-10-04T04:54:21Z
20261004T045441Z,a73a76599a4f3422803e57bd8f61b626,2026-10-05T00:20:00Z,Carolina Panthers,Detroit Lions,betmgm,player_receptions,Sam LaPorta,Under,4.5,-140,2026-10-04T04:54:21Z
20261004T045441Z,a73a76599a4f3422803e57bd8f61b626,2026-10-05T00:20:00Z,Carolina Panthers,Detroit Lions,betmgm,player_receptions,Tetairoa McMillan,Over,4.5,-155,2026-10-04T04:54:21Z
20261004T045441Z,a73a76599a4f3422803e57bd8f61b626,2026-10-05T00:20:00Z,Carolina Panthers,Detroit Lions,betmgm,player_receptions,Tetairoa McMillan,Under,4.5,115,2026-10-04T04:54:21Z
20261004T045441Z,a73a76599a4f3422803e57bd8f61b626,2026-10-05T00:20:00Z,Carolina Panthers,Detroit Lions,betmgm,player_receptions,Chuba Hubbard,Over,2.5,-140,2026-10-04T04:54:21Z
20261004T045441Z,a73a76599a4f3422803e57bd8f61b626,2026-10-05T00:20:00Z,Carolina Panthers,Detroit Lions,betmgm,player_receptions,Chuba Hubbard,Under,2.5,105,2026-10-04T04:54:21Z
20261004T045441Z,a73a76599a4f3422803e57bd8f61b626,2026-10-05T00:20:00Z,Carolina Panthers,Detroit Lions,betmgm,player_receptions,Jahmyr Gibbs,Over,4.5,-125,2026-10-04T04:54:21Z
20261004T045441Z,a73a76599a4f3422803e57bd8f61b626,2026-10-05T00:20:00Z,Carolina Panthers,Detroit Lions,betmgm,player_receptions,Jahmyr Gibbs,Under,4.5,-105,2026-10-04T04:54:21Z
20261004T045441Z,a73a76599a4f3422803e57bd8f61b626,2026-10-05T00:20:00Z,Carolina Panthers,Detroit Lions,betmgm,player_receptions,Darren Waller,Over,3.5,125,2026-10-04T04:54:21Z
20261004T045441Z,a73a76599a4f3422803e57bd8f61b626,2026-10-05T00:20:00Z,Carolina Panthers,Detroit Lions,betmgm,player_receptions,Darren Waller,Under,3.5,-165,2026-10-04T04:54:21Z
20261004T045441Z,a73a76599a4f3422803e57bd8f61b626,2026-10-05T00:20:00Z,Carolina Panthers,Detroit Lions,betmgm,player_receptions,Tommy Tremble,Over,1.5,-135,2026-10-04T04:54:21Z
20261004T045441Z,a73a76599a4f3422803e57bd8f61b626,2026-10-05T00:20:00Z,Carolina Panthers,Detroit Lions,betmgm,player_receptions,Tommy Tremble,Under,1.5,100,2026-10-04T04:54:21Z
20261004T045441Z,a73a76599a4f3422803e57bd8f61b626,2026-10-05T00:20:00Z,Carolina Panthers,Detroit Lions,betmgm,player_rush_yds,Bryce Young,Over,11.5,-120,2026-10-04T04:54:21Z
20261004T045441Z,a73a76599a4f3422803e57bd8f61b626,2026-10-05T00:20:00Z,Carolina Panthers,Detroit Lions,betmgm,player_rush_yds,Bryce Young,Under,11.5,-111,2026-10-04T04:54:21Z
20261004T045441Z,a73a76599a4f3422803e57bd8f61b626,2026-10-05T00:20:00Z,Carolina Panthers,Detroit Lions,betmgm,player_rush_yds,Chuba Hubbard,Over,65.5,-120,2026-10-04T04:54:21Z
20261004T045441Z,a73a76599a4f3422803e57bd8f61b626,2026-10-05T00:20:00Z,Carolina Panthers,Detroit Lions,betmgm,player_rush_yds,Chuba Hubbard,Under,65.5,-110,2026-10-04T04:54:21Z
20261004T045441Z,a73a76599a4f3422803e57bd8f61b626,2026-10-05T00:20:00Z,Carolina Panthers,Detroit Lions,betmgm,player_rush_yds,AJ Dillon,Over,12.5,-115,2026-10-04T04:54:21Z
20261004T045441Z,a73a76599a4f3422803e57bd8f61b626,2026-10-05T00:20:00Z,Carolina Panthers,Detroit Lions,betmgm,player_rush_yds,AJ Dillon,Under,12.5,-115,2026-10-04T04:54:21Z
20261004T045441Z,a73a76599a4f3422803e57bd8f61b626,2026-10-05T00:20:00Z,Carolina Panthers,Detroit Lions,betmgm,player_rush_yds,Jahmyr Gibbs,Over,99.5,-115,2026-10-04T04:54:21Z
20261004T045441Z,a73a76599a4f3422803e57bd8f61b626,2026-10-05T00:20:00Z,Carolina Panthers,Detroit Lions,betmgm,player_rush_yds,Jahmyr Gibbs,Under,99.5,-115,2026-10-04T04:54:21Z
20261004T045441Z,8bd90781e17e6d97df3941063cedae1e,2026-10-06T00:15:00Z,New Orleans Saints,Atlanta Falcons,draftkings,player_pass_yds,Tyler Shough,Over,257.5,-113,2026-10-04T04:54:42Z
20261004T045441Z,8bd90781e17e6d97df3941063cedae1e,2026-10-06T00:15:00Z,New Orleans Saints,Atlanta Falcons,draftkings,player_pass_yds,Tyler Shough,Under,257.5,-111,2026-10-04T04:54:42Z
20261004T045441Z,8bd90781e17e6d97df3941063cedae1e,2026-10-06T00:15:00Z,New Orleans Saints,Atlanta Falcons,draftkings,player_pass_yds,Michael Penix Jr.,Over,228.5,-111,2026-10-04T04:54:42Z
20261004T045441Z,8bd90781e17e6d97df3941063cedae1e,2026-10-06T00:15:00Z,New Orleans Saints,Atlanta Falcons,draftkings,player_pass_yds,Michael Penix Jr.,Under,228.5,-113,2026-10-04T04:54:42Z
20261004T045441Z,8bd90781e17e6d97df3941063cedae1e,2026-10-06T00:15:00Z,New Orleans Saints,Atlanta Falcons,draftkings,player_reception_yds,Chris Olave,Over,85.5,-111,2026-10-04T04:54:42Z
20261004T045441Z,8bd90781e17e6d97df3941063cedae1e,2026-10-06T00:15:00Z,New Orleans Saints,Atlanta Falcons,draftkings,player_reception_yds,Chris Olave,Under,85.5,-113,2026-10-04T04:54:42Z
20261004T045441Z,8bd90781e17e6d97df3941063cedae1e,2026-10-06T00:15:00Z,New Orleans Saints,Atlanta Falcons,draftkings,player_reception_yds,Drake London,Over,78.5,-113,2026-10-04T04:54:42Z
20261004T045441Z,8bd90781e17e6d97df3941063cedae1e,2026-10-06T00:15:00Z,New Orleans Saints,Atlanta Falcons,draftkings,player_reception_yds,Drake London,Under,78.5,-111,2026-10-04T04:54:42Z
20261004T045441Z,8bd90781e17e6d97df3941063cedae1e,2026-10-06T00:15:00Z,New Orleans Saints,Atlanta Falcons,draftkings,player_reception_yds,Devaughn Vele,Over,44.5,-115,2026-10-04T04:54:42Z
20261004T045441Z,8bd90781e17e6d97df3941063cedae1e,2026-10-06T00:15:00Z,New Orleans Saints,Atlanta Falcons,draftkings,player_reception_yds,Devaughn Vele,Under,44.5,-109,2026-10-04T04:54:42Z
20261004T045441Z,8bd90781e17e6d97df3941063cedae1e,2026-10-06T00:15:00Z,New Orleans Saints,Atlanta Falcons,draftkings,player_reception_yds,Juwan Johnson,Over,40.5,-110,2026-10-04T04:54:42Z
20261004T045441Z,8bd90781e17e6d97df3941063cedae1e,2026-10-06T00:15:00Z,New Orleans Saints,Atlanta Falcons,draftkings,player_reception_yds,Juwan Johnson,Under,40.5,-114,2026-10-04T04:54:42Z
20261004T045441Z,8bd90781e17e6d97df3941063cedae1e,2026-10-06T00:15:00Z,New Orleans Saints,Atlanta Falcons,draftkings,player_reception_yds,Bijan Robinson,Over,39.5,-116,2026-10-04T04:54:42Z
20261004T045441Z,8bd90781e17e6d97df3941063cedae1e,2026-10-06T00:15:00Z,New Orleans Saints,Atlanta Falcons,draftkings,player_reception_yds,Bijan Robinson,Under,39.5,-109,2026-10-04T04:54:42Z
20261004T045441Z,8bd90781e17e6d97df3941063cedae1e,2026-10-06T00:15:00Z,New Orleans Saints,Atlanta Falcons,draftkings,player_reception_yds,Kyle Pitts,Over,28.5,-113,2026-10-04T04:54:42Z
20261004T045441Z,8bd90781e17e6d97df3941063cedae1e,2026-10-06T00:15:00Z,New Orleans Saints,Atlanta Falcons,draftkings,player_reception_yds,Kyle Pitts,Under,28.5,-111,2026-10-04T04:54:42Z
20261004T045441Z,8bd90781e17e6d97df3941063cedae1e,2026-10-06T00:15:00Z,New Orleans Saints,Atlanta Falcons,draftkings,player_reception_yds,Jahan Dotson,Over,18.5,-112,2026-10-04T04:54:42Z
20261004T045441Z,8bd90781e17e6d97df3941063cedae1e,2026-10-06T00:15:00Z,New Orleans Saints,Atlanta Falcons,draftkings,player_reception_yds,Jahan Dotson,Under,18.5,-112,2026-10-04T04:54:42Z
20261004T045441Z,8bd90781e17e6d97df3941063cedae1e,2026-10-06T00:15:00Z,New Orleans Saints,Atlanta Falcons,draftkings,player_reception_yds,Noah Fant,Over,17.5,-113,2026-10-04T04:54:42Z
20261004T045441Z,8bd90781e17e6d97df3941063cedae1e,2026-10-06T00:15:00Z,New Orleans Saints,Atlanta Falcons,draftkings,player_reception_yds,Noah Fant,Under,17.5,-111,2026-10-04T04:54:42Z
20261004T045441Z,8bd90781e17e6d97df3941063cedae1e,2026-10-06T00:15:00Z,New Orleans Saints,Atlanta Falcons,draftkings,player_reception_yds,Alvin Kamara,Over,15.5,-115,2026-10-04T04:54:42Z
20261004T045441Z,8bd90781e17e6d97df3941063cedae1e,2026-10-06T00:15:00Z,New Orleans Saints,Atlanta Falcons,draftkings,player_reception_yds,Alvin Kamara,Under,15.5,-109,2026-10-04T04:54:42Z
20261004T045441Z,8bd90781e17e6d97df3941063cedae1e,2026-10-06T00:15:00Z,New Orleans Saints,Atlanta Falcons,draftkings,player_reception_yds,Austin Hooper,Over,11.5,-107,2026-10-04T04:54:42Z
20261004T045441Z,8bd90781e17e6d97df3941063cedae1e,2026-10-06T00:15:00Z,New Orleans Saints,Atlanta Falcons,draftkings,player_reception_yds,Austin Hooper,Under,11.5,-117,2026-10-04T04:54:42Z
20261004T045441Z,8bd90781e17e6d97df3941063cedae1e,2026-10-06T00:15:00Z,New Orleans Saints,Atlanta Falcons,draftkings,player_reception_yds,Olamide Zaccheaus,Over,8.5,-107,2026-10-04T04:54:42Z
20261004T045441Z,8bd90781e17e6d97df3941063cedae1e,2026-10-06T00:15:00Z,New Orleans Saints,Atlanta Falcons,draftkings,player_reception_yds,Olamide Zaccheaus,Under,8.5,-117,2026-10-04T04:54:42Z
20261004T045441Z,8bd90781e17e6d97df3941063cedae1e,2026-10-06T00:15:00Z,New Orleans Saints,Atlanta Falcons,draftkings,player_receptions,Chris Olave,Over,6.5,-141,2026-10-04T04:54:42Z
20261004T045441Z,8bd90781e17e6d97df3941063cedae1e,2026-10-06T00:15:00Z,New Orleans Saints,Atlanta Falcons,draftkings,player_receptions,Chris Olave,Under,6.5,111,2026-10-04T04:54:42Z
20261004T045441Z,8bd90781e17e6d97df3941063cedae1e,2026-10-06T00:15:00Z,New Orleans Saints,Atlanta Falcons,draftkings,player_receptions,Drake London,Over,5.5,-147,2026-10-04T04:54:42Z
20261004T045441Z,8bd90781e17e6d97df3941063cedae1e,2026-10-06T00:15:00Z,New Orleans Saints,Atlanta Falcons,draftkings,player_receptions,Drake London,Under,5.5,116,2026-10-04T04:54:42Z
20261004T045441Z,8bd90781e17e6d97df3941063cedae1e,2026-10-06T00:15:00Z,New Orleans Saints,Atlanta Falcons,draftkings,player_receptions,Bijan Robinson,Over,4.5,-106,2026-10-04T04:54:42Z
20261004T045441Z,8bd90781e17e6d97df3941063cedae1e,2026-10-06T00:15:00Z,New Orleans Saints,Atlanta Falcons,draftkings,player_receptions,Bijan Robinson,Under,4.5,-120,2026-10-04T04:54:42Z
20261004T045441Z,8bd90781e17e6d97df3941063cedae1e,2026-10-06T00:15:00Z,New Orleans Saints,Atlanta Falcons,draftkings,player_receptions,Devaughn Vele,Over,4.5,128,2026-10-04T04:54:42Z
20261004T045441Z,8bd90781e17e6d97df3941063cedae1e,2026-10-06T00:15:00Z,New Orleans Saints,Atlanta Falcons,draftkings,player_receptions,Devaughn Vele,Under,4.5,-163,2026-10-04T04:54:42Z
20261004T045441Z,8bd90781e17e6d97df3941063cedae1e,2026-10-06T00:15:00Z,New Orleans Saints,Atlanta Falcons,draftkings,player_receptions,Juwan Johnson,Over,3.5,-106,2026-10-04T04:54:42Z
20261004T045441Z,8bd90781e17e6d97df3941063cedae1e,2026-10-06T00:15:00Z,New Orleans Saints,Atlanta Falcons,draftkings,player_receptions,Juwan Johnson,Under,3.5,-120,2026-10-04T04:54:42Z
20261004T045441Z,8bd90781e17e6d97df3941063cedae1e,2026-10-06T00:15:00Z,New Orleans Saints,Atlanta Falcons,draftkings,player_receptions,Alvin Kamara,Over,3.5,121,2026-10-04T04:54:42Z
20261004T045441Z,8bd90781e17e6d97df3941063cedae1e,2026-10-06T00:15:00Z,New Orleans Saints,Atlanta Falcons,draftkings,player_receptions,Alvin Kamara,Under,3.5,-155,2026-10-04T04:54:42Z
20261004T045441Z,8bd90781e17e6d97df3941063cedae1e,2026-10-06T00:15:00Z,New Orleans Saints,Atlanta Falcons,draftkings,player_receptions,Kyle Pitts,Over,2.5,-137,2026-10-04T04:54:42Z
20261004T045441Z,8bd90781e17e6d97df3941063cedae1e,2026-10-06T00:15:00Z,New Orleans Saints,Atlanta Falcons,draftkings,player_receptions,Kyle Pitts,Under,2.5,107,2026-10-04T04:54:42Z
20261004T045441Z,8bd90781e17e6d97df3941063cedae1e,2026-10-06T00:15:00Z,New Orleans Saints,Atlanta Falcons,draftkings,player_receptions,Noah Fant,Over,1.5,-194,2026-10-04T04:54:42Z
20261004T045441Z,8bd90781e17e6d97df3941063cedae1e,2026-10-06T00:15:00Z,New Orleans Saints,Atlanta Falcons,draftkings,player_receptions,Noah Fant,Under,1.5,151,2026-10-04T04:54:42Z
20261004T045441Z,8bd90781e17e6d97df3941063cedae1e,2026-10-06T00:15:00Z,New Orleans Saints,Atlanta Falcons,draftkings,player_receptions,Jahan Dotson,Over,1.5,-131,2026-10-04T04:54:42Z
20261004T045441Z,8bd90781e17e6d97df3941063cedae1e,2026-10-06T00:15:00Z,New Orleans Saints,Atlanta Falcons,draftkings,player_receptions,Jahan Dotson,Under,1.5,103,2026-10-04T04:54:42Z
20261004T045441Z,8bd90781e17e6d97df3941063cedae1e,2026-10-06T00:15:00Z,New Orleans Saints,Atlanta Falcons,draftkings,player_receptions,Austin Hooper,Over,1.5,142,2026-10-04T04:54:42Z
20261004T045441Z,8bd90781e17e6d97df3941063cedae1e,2026-10-06T00:15:00Z,New Orleans Saints,Atlanta Falcons,draftkings,player_receptions,Austin Hooper,Under,1.5,-182,2026-10-04T04:54:42Z
20261004T045441Z,8bd90781e17e6d97df3941063cedae1e,2026-10-06T00:15:00Z,New Orleans Saints,Atlanta Falcons,draftkings,player_receptions,Olamide Zaccheaus,Over,1.5,150,2026-10-04T04:54:42Z
20261004T045441Z,8bd90781e17e6d97df3941063cedae1e,2026-10-06T00:15:00Z,New Orleans Saints,Atlanta Falcons,draftkings,player_receptions,Olamide Zaccheaus,Under,1.5,-193,2026-10-04T04:54:42Z
20261004T045441Z,8bd90781e17e6d97df3941063cedae1e,2026-10-06T00:15:00Z,New Orleans Saints,Atlanta Falcons,draftkings,player_rush_yds,Bijan Robinson,Over,87.5,-111,2026-10-04T04:54:42Z
20261004T045441Z,8bd90781e17e6d97df3941063cedae1e,2026-10-06T00:15:00Z,New Orleans Saints,Atlanta Falcons,draftkings,player_rush_yds,Bijan Robinson,Under,87.5,-113,2026-10-04T04:54:42Z
20261004T045441Z,8bd90781e17e6d97df3941063cedae1e,2026-10-06T00:15:00Z,New Orleans Saints,Atlanta Falcons,draftkings,player_rush_yds,Alvin Kamara,Over,37.5,-109,2026-10-04T04:54:42Z
20261004T045441Z,8bd90781e17e6d97df3941063cedae1e,2026-10-06T00:15:00Z,New Orleans Saints,Atlanta Falcons,draftkings,player_rush_yds,Alvin Kamara,Under,37.5,-115,2026-10-04T04:54:42Z
20261004T045441Z,8bd90781e17e6d97df3941063cedae1e,2026-10-06T00:15:00Z,New Orleans Saints,Atlanta Falcons,draftkings,player_rush_yds,Brian Robinson Jr.,Over,28.5,-110,2026-10-04T04:54:42Z
20261004T045441Z,8bd90781e17e6d97df3941063cedae1e,2026-10-06T00:15:00Z,New Orleans Saints,Atlanta Falcons,draftkings,player_rush_yds,Brian Robinson Jr.,Under,28.5,-114,2026-10-04T04:54:42Z
20261004T045441Z,8bd90781e17e6d97df3941063cedae1e,2026-10-06T00:15:00Z,New Orleans Saints,Atlanta Falcons,draftkings,player_rush_yds,Kendre Miller,Over,25.5,-112,2026-10-04T04:54:42Z
20261004T045441Z,8bd90781e17e6d97df3941063cedae1e,2026-10-06T00:15:00Z,New Orleans Saints,Atlanta Falcons,draftkings,player_rush_yds,Kendre Miller,Under,25.5,-112,2026-10-04T04:54:42Z
20261004T045441Z,8bd90781e17e6d97df3941063cedae1e,2026-10-06T00:15:00Z,New Orleans Saints,Atlanta Falcons,draftkings,player_rush_yds,Tyler Shough,Over,18.5,-110,2026-10-04T04:54:42Z
20261004T045441Z,8bd90781e17e6d97df3941063cedae1e,2026-10-06T00:15:00Z,New Orleans Saints,Atlanta Falcons,draftkings,player_rush_yds,Tyler Shough,Under,18.5,-114,2026-10-04T04:54:42Z
20261004T045441Z,8bd90781e17e6d97df3941063cedae1e,2026-10-06T00:15:00Z,New Orleans Saints,Atlanta Falcons,draftkings,player_rush_yds,Michael Penix Jr.,Over,5.5,-113,2026-10-04T04:54:42Z
20261004T045441Z,8bd90781e17e6d97df3941063cedae1e,2026-10-06T00:15:00Z,New Orleans Saints,Atlanta Falcons,draftkings,player_rush_yds,Michael Penix Jr.,Under,5.5,-111,2026-10-04T04:54:42Z
20261004T045441Z,8bd90781e17e6d97df3941063cedae1e,2026-10-06T00:15:00Z,New Orleans Saints,Atlanta Falcons,fanduel,player_pass_yds,Michael Penix Jr.,Over,224.5,-114,2026-10-04T04:54:06Z
20261004T045441Z,8bd90781e17e6d97df3941063cedae1e,2026-10-06T00:15:00Z,New Orleans Saints,Atlanta Falcons,fanduel,player_pass_yds,Michael Penix Jr.,Under,224.5,-114,2026-10-04T04:54:06Z
20261004T045441Z,8bd90781e17e6d97df3941063cedae1e,2026-10-06T00:15:00Z,New Orleans Saints,Atlanta Falcons,fanduel,player_pass_yds,Tyler Shough,Over,254.5,-114,2026-10-04T04:54:06Z
20261004T045441Z,8bd90781e17e6d97df3941063cedae1e,2026-10-06T00:15:00Z,New Orleans Saints,Atlanta Falcons,fanduel,player_pass_yds,Tyler Shough,Under,254.5,-114,2026-10-04T04:54:06Z
20261004T045441Z,8bd90781e17e6d97df3941063cedae1e,2026-10-06T00:15:00Z,New Orleans Saints,Atlanta Falcons,fanduel,player_reception_yds,Bijan Robinson,Over,39.5,-114,2026-10-04T04:54:06Z
20261004T045441Z,8bd90781e17e6d97df3941063cedae1e,2026-10-06T00:15:00Z,New Orleans Saints,Atlanta Falcons,fanduel,player_reception_yds,Bijan Robinson,Under,39.5,-114,2026-10-04T04:54:06Z
20261004T045441Z,8bd90781e17e6d97df3941063cedae1e,2026-10-06T00:15:00Z,New Orleans Saints,Atlanta Falcons,fanduel,player_reception_yds,Juwan Johnson,Over,40.5,-114,2026-10-04T04:54:06Z
20261004T045441Z,8bd90781e17e6d97df3941063cedae1e,2026-10-06T00:15:00Z,New Orleans Saints,Atlanta Falcons,fanduel,player_reception_yds,Juwan Johnson,Under,40.5,-114,2026-10-04T04:54:06Z
20261004T045441Z,8bd90781e17e6d97df3941063cedae1e,2026-10-06T00:15:00Z,New Orleans Saints,Atlanta Falcons,fanduel,player_reception_yds,Jahan Dotson,Over,19.5,-114,2026-10-04T04:54:06Z
20261004T045441Z,8bd90781e17e6d97df3941063cedae1e,2026-10-06T00:15:00Z,New Orleans Saints,Atlanta Falcons,fanduel,player_reception_yds,Jahan Dotson,Under,19.5,-114,2026-10-04T04:54:06Z
20261004T045441Z,8bd90781e17e6d97df3941063cedae1e,2026-10-06T00:15:00Z,New Orleans Saints,Atlanta Falcons,fanduel,player_reception_yds,Drake London,Over,78.5,-114,2026-10-04T04:54:06Z
20261004T045441Z,8bd90781e17e6d97df3941063cedae1e,2026-10-06T00:15:00Z,New Orleans Saints,Atlanta Falcons,fanduel,player_reception_yds,Drake London,Under,78.5,-114,2026-10-04T04:54:06Z
20261004T045441Z,8bd90781e17e6d97df3941063cedae1e,2026-10-06T00:15:00Z,New Orleans Saints,Atlanta Falcons,fanduel,player_reception_yds,Olamide Zaccheaus,Over,7.5,-114,2026-10-04T04:54:06Z
20261004T045441Z,8bd90781e17e6d97df3941063cedae1e,2026-10-06T00:15:00Z,New Orleans Saints,Atlanta Falcons,fanduel,player_reception_yds,Olamide Zaccheaus,Under,7.5,-114,2026-10-04T04:54:06Z
20261004T045441Z,8bd90781e17e6d97df3941063cedae1e,2026-10-06T00:15:00Z,New Orleans Saints,Atlanta Falcons,fanduel,player_reception_yds,Austin Hooper,Over,10.5,-114,2026-10-04T04:54:06Z
20261004T045441Z,8bd90781e17e6d97df3941063cedae1e,2026-10-06T00:15:00Z,New Orleans Saints,Atlanta Falcons,fanduel,player_reception_yds,Austin Hooper,Under,10.5,-114,2026-10-04T04:54:06Z
20261004T045441Z,8bd90781e17e6d97df3941063cedae1e,2026-10-06T00:15:00Z,New Orleans Saints,Atlanta Falcons,fanduel,player_reception_yds,Alvin Kamara,Over,15.5,-114,2026-10-04T04:54:06Z
20261004T045441Z,8bd90781e17e6d97df3941063cedae1e,2026-10-06T00:15:00Z,New Orleans Saints,Atlanta Falcons,fanduel,player_reception_yds,Alvin Kamara,Under,15.5,-114,2026-10-04T04:54:06Z
20261004T045441Z,8bd90781e17e6d97df3941063cedae1e,2026-10-06T00:15:00Z,New Orleans Saints,Atlanta Falcons,fanduel,player_reception_yds,Noah Fant,Over,16.5,-114,2026-10-04T04:54:06Z
20261004T045441Z,8bd90781e17e6d97df3941063cedae1e,2026-10-06T00:15:00Z,New Orleans Saints,Atlanta Falcons,fanduel,player_reception_yds,Noah Fant,Under,16.5,-114,2026-10-04T04:54:06Z
20261004T045441Z,8bd90781e17e6d97df3941063cedae1e,2026-10-06T00:15:00Z,New Orleans Saints,Atlanta Falcons,fanduel,player_reception_yds,Kyle Pitts,Over,28.5,-114,2026-10-04T04:54:06Z
20261004T045441Z,8bd90781e17e6d97df3941063cedae1e,2026-10-06T00:15:00Z,New Orleans Saints,Atlanta Falcons,fanduel,player_reception_yds,Kyle Pitts,Under,28.5,-114,2026-10-04T04:54:06Z
20261004T045441Z,8bd90781e17e6d97df3941063cedae1e,2026-10-06T00:15:00Z,New Orleans Saints,Atlanta Falcons,fanduel,player_reception_yds,Devaughn Vele,Over,44.5,-114,2026-10-04T04:54:06Z
20261004T045441Z,8bd90781e17e6d97df3941063cedae1e,2026-10-06T00:15:00Z,New Orleans Saints,Atlanta Falcons,fanduel,player_reception_yds,Devaughn Vele,Under,44.5,-114,2026-10-04T04:54:06Z
20261004T045441Z,8bd90781e17e6d97df3941063cedae1e,2026-10-06T00:15:00Z,New Orleans Saints,Atlanta Falcons,fanduel,player_reception_yds,Chris Olave,Over,85.5,-114,2026-10-04T04:54:06Z
20261004T045441Z,8bd90781e17e6d97df3941063cedae1e,2026-10-06T00:15:00Z,New Orleans Saints,Atlanta Falcons,fanduel,player_reception_yds,Chris Olave,Under,85.5,-114,2026-10-04T04:54:06Z
20261004T045441Z,8bd90781e17e6d97df3941063cedae1e,2026-10-06T00:15:00Z,New Orleans Saints,Atlanta Falcons,fanduel,player_receptions,Noah Fant,Over,1.5,-205,2026-10-04T04:54:06Z
20261004T045441Z,8bd90781e17e6d97df3941063cedae1e,2026-10-06T00:15:00Z,New Orleans Saints,Atlanta Falcons,fanduel,player_receptions,Noah Fant,Under,1.5,152,2026-10-04T04:54:06Z
20261004T045441Z,8bd90781e17e6d97df3941063cedae1e,2026-10-06T00:15:00Z,New Orleans Saints,Atlanta Falcons,fanduel,player_receptions,Olamide Zaccheaus,Over,1.5,148,2026-10-04T04:54:06Z
20261004T045441Z,8bd90781e17e6d97df3941063cedae1e,2026-10-06T00:15:00Z,New Orleans Saints,Atlanta Falcons,fanduel,player_receptions,Olamide Zaccheaus,Under,1.5,-200,2026-10-04T04:54:06Z
20261004T045441Z,8bd90781e17e6d97df3941063cedae1e,2026-10-06T00:15:00Z,New Orleans Saints,Atlanta Falcons,fanduel,player_receptions,Alvin Kamara,Over,3.5,128,2026-10-04T04:54:06Z
20261004T045441Z,8bd90781e17e6d97df3941063cedae1e,2026-10-06T00:15:00Z,New Orleans Saints,Atlanta Falcons,fanduel,player_receptions,Alvin Kamara,Under,3.5,-172,2026-10-04T04:54:06Z
20261004T045441Z,8bd90781e17e6d97df3941063cedae1e,2026-10-06T00:15:00Z,New Orleans Saints,Atlanta Falcons,fanduel,player_receptions,Austin Hooper,Over,1.5,136,2026-10-04T04:54:06Z
20261004T045441Z,8bd90781e17e6d97df3941063cedae1e,2026-10-06T00:15:00Z,New Orleans Saints,Atlanta Falcons,fanduel,player_receptions,Austin Hooper,Under,1.5,-182,2026-10-04T04:54:06Z
20261004T045441Z,8bd90781e17e6d97df3941063cedae1e,2026-10-06T00:15:00Z,New Orleans Saints,Atlanta Falcons,fanduel,player_receptions,Juwan Johnson,Over,3.5,-114,2026-10-04T04:54:06Z
20261004T045441Z,8bd90781e17e6d97df3941063cedae1e,2026-10-06T00:15:00Z,New Orleans Saints,Atlanta Falcons,fanduel,player_receptions,Juwan Johnson,Under,3.5,-114,2026-10-04T04:54:06Z
20261004T045441Z,8bd90781e17e6d97df3941063cedae1e,2026-10-06T00:15:00Z,New Orleans Saints,Atlanta Falcons,fanduel,player_receptions,Drake London,Over,5.5,-136,2026-10-04T04:54:06Z
20261004T045441Z,8bd90781e17e6d97df3941063cedae1e,2026-10-06T00:15:00Z,New Orleans Saints,Atlanta Falcons,fanduel,player_receptions,Drake London,Under,5.5,102,2026-10-04T04:54:06Z
20261004T045441Z,8bd90781e17e6d97df3941063cedae1e,2026-10-06T00:15:00Z,New Orleans Saints,Atlanta Falcons,fanduel,player_receptions,Devaughn Vele,Over,3.5,-172,2026-10-04T04:54:06Z
20261004T045441Z,8bd90781e17e6d97df3941063cedae1e,2026-10-06T00:15:00Z,New Orleans Saints,Atlanta Falcons,fanduel,player_receptions,Devaughn Vele,Under,3.5,128,2026-10-04T04:54:06Z
20261004T045441Z,8bd90781e17e6d97df3941063cedae1e,2026-10-06T00:15:00Z,New Orleans Saints,Atlanta Falcons,fanduel,player_receptions,Jahan Dotson,Over,1.5,-148,2026-10-04T04:54:06Z
20261004T045441Z,8bd90781e17e6d97df3941063cedae1e,2026-10-06T00:15:00Z,New Orleans Saints,Atlanta Falcons,fanduel,player_receptions,Jahan Dotson,Under,1.5,112,2026-10-04T04:54:06Z
20261004T045441Z,8bd90781e17e6d97df3941063cedae1e,2026-10-06T00:15:00Z,New Orleans Saints,Atlanta Falcons,fanduel,player_receptions,Chris Olave,Over,7.5,124,2026-10-04T04:54:06Z
20261004T045441Z,8bd90781e17e6d97df3941063cedae1e,2026-10-06T00:15:00Z,New Orleans Saints,Atlanta Falcons,fanduel,player_receptions,Chris Olave,Under,7.5,-166,2026-10-04T04:54:06Z
20261004T045441Z,8bd90781e17e6d97df3941063cedae1e,2026-10-06T00:15:00Z,New Orleans Saints,Atlanta Falcons,fanduel,player_receptions,Kyle Pitts,Over,2.5,-138,2026-10-04T04:54:06Z
20261004T045441Z,8bd90781e17e6d97df3941063cedae1e,2026-10-06T00:15:00Z,New Orleans Saints,Atlanta Falcons,fanduel,player_receptions,Kyle Pitts,Under,2.5,104,2026-10-04T04:54:06Z
20261004T045441Z,8bd90781e17e6d97df3941063cedae1e,2026-10-06T00:15:00Z,New Orleans Saints,Atlanta Falcons,fanduel,player_receptions,Bijan Robinson,Over,4.5,-114,2026-10-04T04:54:06Z
20261004T045441Z,8bd90781e17e6d97df3941063cedae1e,2026-10-06T00:15:00Z,New Orleans Saints,Atlanta Falcons,fanduel,player_receptions,Bijan Robinson,Under,4.5,-114,2026-10-04T04:54:06Z
20261004T045441Z,8bd90781e17e6d97df3941063cedae1e,2026-10-06T00:15:00Z,New Orleans Saints,Atlanta Falcons,fanduel,player_rush_yds,Bijan Robinson,Over,85.5,-114,2026-10-04T04:54:06Z
20261004T045441Z,8bd90781e17e6d97df3941063cedae1e,2026-10-06T00:15:00Z,New Orleans Saints,Atlanta Falcons,fanduel,player_rush_yds,Bijan Robinson,Under,85.5,-114,2026-10-04T04:54:06Z
20261004T045441Z,8bd90781e17e6d97df3941063cedae1e,2026-10-06T00:15:00Z,New Orleans Saints,Atlanta Falcons,fanduel,player_rush_yds,Brian Robinson Jr.,Over,29.5,-114,2026-10-04T04:54:06Z
20261004T045441Z,8bd90781e17e6d97df3941063cedae1e,2026-10-06T00:15:00Z,New Orleans Saints,Atlanta Falcons,fanduel,player_rush_yds,Brian Robinson Jr.,Under,29.5,-114,2026-10-04T04:54:06Z
20261004T045441Z,8bd90781e17e6d97df3941063cedae1e,2026-10-06T00:15:00Z,New Orleans Saints,Atlanta Falcons,fanduel,player_rush_yds,Alvin Kamara,Over,37.5,-114,2026-10-04T04:54:06Z
20261004T045441Z,8bd90781e17e6d97df3941063cedae1e,2026-10-06T00:15:00Z,New Orleans Saints,Atlanta Falcons,fanduel,player_rush_yds,Alvin Kamara,Under,37.5,-114,2026-10-04T04:54:06Z
20261004T045441Z,8bd90781e17e6d97df3941063cedae1e,2026-10-06T00:15:00Z,New Orleans Saints,Atlanta Falcons,fanduel,player_rush_yds,Tyler Shough,Over,16.5,-114,2026-10-04T04:54:06Z
20261004T045441Z,8bd90781e17e6d97df3941063cedae1e,2026-10-06T00:15:00Z,New Orleans Saints,Atlanta Falcons,fanduel,player_rush_yds,Tyler Shough,Under,16.5,-114,2026-10-04T04:54:06Z
20261004T045441Z,8bd90781e17e6d97df3941063cedae1e,2026-10-06T00:15:00Z,New Orleans Saints,Atlanta Falcons,fanduel,player_rush_yds,Michael Penix Jr.,Over,5.5,-114,2026-10-04T04:54:06Z
20261004T045441Z,8bd90781e17e6d97df3941063cedae1e,2026-10-06T00:15:00Z,New Orleans Saints,Atlanta Falcons,fanduel,player_rush_yds,Michael Penix Jr.,Under,5.5,-114,2026-10-04T04:54:06Z
20261004T045441Z,8bd90781e17e6d97df3941063cedae1e,2026-10-06T00:15:00Z,New Orleans Saints,Atlanta Falcons,fanduel,player_rush_yds,Kendre Miller,Over,25.5,-114,2026-10-04T04:54:06Z
20261004T045441Z,8bd90781e17e6d97df3941063cedae1e,2026-10-06T00:15:00Z,New Orleans Saints,Atlanta Falcons,fanduel,player_rush_yds,Kendre Miller,Under,25.5,-114,2026-10-04T04:54:06Z
20261004T045441Z,8bd90781e17e6d97df3941063cedae1e,2026-10-06T00:15:00Z,New Orleans Saints,Atlanta Falcons,betonlineag,player_pass_yds,Michael Penix Jr.,Over,224.5,-114,2026-10-04T04:54:15Z
20261004T045441Z,8bd90781e17e6d97df3941063cedae1e,2026-10-06T00:15:00Z,New Orleans Saints,Atlanta Falcons,betonlineag,player_pass_yds,Michael Penix Jr.,Under,224.5,-114,2026-10-04T04:54:15Z
20261004T045441Z,8bd90781e17e6d97df3941063cedae1e,2026-10-06T00:15:00Z,New Orleans Saints,Atlanta Falcons,betonlineag,player_pass_yds,Tyler Shough,Over,254.5,-116,2026-10-04T04:54:15Z
20261004T045441Z,8bd90781e17e6d97df3941063cedae1e,2026-10-06T00:15:00Z,New Orleans Saints,Atlanta Falcons,betonlineag,player_pass_yds,Tyler Shough,Under,254.5,-111,2026-10-04T04:54:15Z
20261004T045441Z,8bd90781e17e6d97df3941063cedae1e,2026-10-06T00:15:00Z,New Orleans Saints,Atlanta Falcons,betonlineag,player_reception_yds,Devaughn Vele,Over,44.5,-112,2026-10-04T04:54:15Z
20261004T045441Z,8bd90781e17e6d97df3941063cedae1e,2026-10-06T00:15:00Z,New Orleans Saints,Atlanta Falcons,betonlineag,player_reception_yds,Devaughn Vele,Under,44.5,-115,2026-10-04T04:54:15Z
20261004T045441Z,8bd90781e17e6d97df3941063cedae1e,2026-10-06T00:15:00Z,New Orleans Saints,Atlanta Falcons,betonlineag,player_reception_yds,Bijan Robinson,Over,39.5,-115,2026-10-04T04:54:15Z
20261004T045441Z,8bd90781e17e6d97df3941063cedae1e,2026-10-06T00:15:00Z,New Orleans Saints,Atlanta Falcons,betonlineag,player_reception_yds,Bijan Robinson,Under,39.5,-112,2026-10-04T04:54:15Z
20261004T045441Z,8bd90781e17e6d97df3941063cedae1e,2026-10-06T00:15:00Z,New Orleans Saints,Atlanta Falcons,betonlineag,player_reception_yds,Jahan Dotson,Over,17.5,-115,2026-10-04T04:54:15Z
20261004T045441Z,8bd90781e17e6d97df3941063cedae1e,2026-10-06T00:15:00Z,New Orleans Saints,Atlanta Falcons,betonlineag,player_reception_yds,Jahan Dotson,Under,17.5,-112,2026-10-04T04:54:15Z
20261004T045441Z,8bd90781e17e6d97df3941063cedae1e,2026-10-06T00:15:00Z,New Orleans Saints,Atlanta Falcons,betonlineag,player_reception_yds,Juwan Johnson,Over,40.5,-118,2026-10-04T04:54:15Z
20261004T045441Z,8bd90781e17e6d97df3941063cedae1e,2026-10-06T00:15:00Z,New Orleans Saints,Atlanta Falcons,betonlineag,player_reception_yds,Juwan Johnson,Under,40.5,-110,2026-10-04T04:54:15Z
20261004T045441Z,8bd90781e17e6d97df3941063cedae1e,2026-10-06T00:15:00Z,New Orleans Saints,Atlanta Falcons,betonlineag,player_reception_yds,Drake London,Over,78.5,-119,2026-10-04T04:54:15Z
20261004T045441Z,8bd90781e17e6d97df3941063cedae1e,2026-10-06T00:15:00Z,New Orleans Saints,Atlanta Falcons,betonlineag,player_reception_yds,Drake London,Under,78.5,-109,2026-10-04T04:54:15Z
20261004T045441Z,8bd90781e17e6d97df3941063cedae1e,2026-10-06T00:15:00Z,New Orleans Saints,Atlanta Falcons,betonlineag,player_reception_yds,Austin Hooper,Over,10.5,-114,2026-10-04T04:54:15Z
20261004T045441Z,8bd90781e17e6d97df3941063cedae1e,2026-10-06T00:15:00Z,New Orleans Saints,Atlanta Falcons,betonlineag,player_reception_yds,Austin Hooper,Under,10.5,-114,2026-10-04T04:54:15Z
20261004T045441Z,8bd90781e17e6d97df3941063cedae1e,2026-10-06T00:15:00Z,New Orleans Saints,Atlanta Falcons,betonlineag,player_reception_yds,Noah Fant,Over,17.5,-114,2026-10-04T04:54:15Z
20261004T045441Z,8bd90781e17e6d97df3941063cedae1e,2026-10-06T00:15:00Z,New Orleans Saints,Atlanta Falcons,betonlineag,player_reception_yds,Noah Fant,Under,17.5,-114,2026-10-04T04:54:15Z
20261004T045441Z,8bd90781e17e6d97df3941063cedae1e,2026-10-06T00:15:00Z,New Orleans Saints,Atlanta Falcons,betonlineag,player_reception_yds,Chris Olave,Over,84.5,-115,2026-10-04T04:54:15Z
20261004T045441Z,8bd90781e17e6d97df3941063cedae1e,2026-10-06T00:15:00Z,New Orleans Saints,Atlanta Falcons,betonlineag,player_reception_yds,Chris Olave,Under,84.5,-112,2026-10-04T04:54:15Z
20261004T045441Z,8bd90781e17e6d97df3941063cedae1e,2026-10-06T00:15:00Z,New Orleans Saints,Atlanta Falcons,betonlineag,player_reception_yds,Kyle Pitts,Over,29.5,-114,2026-10-04T04:54:15Z
20261004T045441Z,8bd90781e17e6d97df3941063cedae1e,2026-10-06T00:15:00Z,New Orleans Saints,Atlanta Falcons,betonlineag,player_reception_yds,Kyle Pitts,Under,29.5,-114,2026-10-04T04:54:15Z
20261004T045441Z,8bd90781e17e6d97df3941063cedae1e,2026-10-06T00:15:00Z,New Orleans Saints,Atlanta Falcons,betonlineag,player_reception_yds,Alvin Kamara,Over,15.5,-116,2026-10-04T04:54:15Z
20261004T045441Z,8bd90781e17e6d97df3941063cedae1e,2026-10-06T00:15:00Z,New Orleans Saints,Atlanta Falcons,betonlineag,player_reception_yds,Alvin Kamara,Under,15.5,-111,2026-10-04T04:54:15Z
20261004T045441Z,8bd90781e17e6d97df3941063cedae1e,2026-10-06T00:15:00Z,New Orleans Saints,Atlanta Falcons,betonlineag,player_reception_yds,Olamide Zaccheaus,Over,8.5,-111,2026-10-04T04:54:15Z
20261004T045441Z,8bd90781e17e6d97df3941063cedae1e,2026-10-06T00:15:00Z,New Orleans Saints,Atlanta Falcons,betonlineag,player_reception_yds,Olamide Zaccheaus,Under,8.5,-116,2026-10-04T04:54:15Z
20261004T045441Z,8bd90781e17e6d97df3941063cedae1e,2026-10-06T00:15:00Z,New Orleans Saints,Atlanta Falcons,betonlineag,player_receptions,Alvin Kamara,Over,3.5,126,2026-10-04T04:54:15Z
20261004T045441Z,8bd90781e17e6d97df3941063cedae1e,2026-10-06T00:15:00Z,New Orleans Saints,Atlanta Falcons,betonlineag,player_receptions,Alvin Kamara,Under,3.5,-164,2026-10-04T04:54:15Z
20261004T045441Z,8bd90781e17e6d97df3941063cedae1e,2026-10-06T00:15:00Z,New Orleans Saints,Atlanta Falcons,betonlineag,player_receptions,Kyle Pitts,Over,2.5,-141,2026-10-04T04:54:15Z
20261004T045441Z,8bd90781e17e6d97df3941063cedae1e,2026-10-06T00:15:00Z,New Orleans Saints,Atlanta Falcons,betonlineag,player_receptions,Kyle Pitts,Under,2.5,108,2026-10-04T04:54:15Z
20261004T045441Z,8bd90781e17e6d97df3941063cedae1e,2026-10-06T00:15:00Z,New Orleans Saints,Atlanta Falcons,betonlineag,player_receptions,Jahan Dotson,Over,1.5,-135,2026-10-04T04:54:15Z
20261004T045441Z,8bd90781e17e6d97df3941063cedae1e,2026-10-06T00:15:00Z,New Orleans Saints,Atlanta Falcons,betonlineag,player_receptions,Jahan Dotson,Under,1.5,104,2026-10-04T04:54:15Z
20261004T045441Z,8bd90781e17e6d97df3941063cedae1e,2026-10-06T00:15:00Z,New Orleans Saints,Atlanta Falcons,betonlineag,player_receptions,Juwan Johnson,Over,3.5,-123,2026-10-04T04:54:15Z
20261004T045441Z,8bd90781e17e6d97df3941063cedae1e,2026-10-06T00:15:00Z,New Orleans Saints,Atlanta Falcons,betonlineag,player_receptions,Juwan Johnson,Under,3.5,-105,2026-10-04T04:54:15Z
20261004T045441Z,8bd90781e17e6d97df3941063cedae1e,2026-10-06T00:15:00Z,New Orleans Saints,Atlanta Falcons,betonlineag,player_receptions,Bijan Robinson,Over,4.5,-108,2026-10-04T04:54:15Z
20261004T045441Z,8bd90781e17e6d97df3941063cedae1e,2026-10-06T00:15:00Z,New Orleans Saints,Atlanta Falcons,betonlineag,player_receptions,Bijan Robinson,Under,4.5,-120,2026-10-04T04:54:15Z
20261004T045441Z,8bd90781e17e6d97df3941063cedae1e,2026-10-06T00:15:00Z,New Orleans Saints,Atlanta Falcons,betonlineag,player_receptions,Austin Hooper,Over,1.5,141,2026-10-04T04:54:15Z
20261004T045441Z,8bd90781e17e6d97df3941063cedae1e,2026-10-06T00:15:00Z,New Orleans Saints,Atlanta Falcons,betonlineag,player_receptions,Austin Hooper,Under,1.5,-185,2026-10-04T04:54:15Z
20261004T045441Z,8bd90781e17e6d97df3941063cedae1e,2026-10-06T00:15:00Z,New Orleans Saints,Atlanta Falcons,betonlineag,player_receptions,Drake London,Over,5.5,-137,2026-10-04T04:54:15Z
20261004T045441Z,8bd90781e17e6d97df3941063cedae1e,2026-10-06T00:15:00Z,New Orleans Saints,Atlanta Falcons,betonlineag,player_receptions,Drake London,Under,5.5,106,2026-10-04T04:54:15Z
20261004T045441Z,8bd90781e17e6d97df3941063cedae1e,2026-10-06T00:15:00Z,New Orleans Saints,Atlanta Falcons,betonlineag,player_receptions,Noah Fant,Over,1.5,-167,2026-10-04T04:54:15Z
20261004T045441Z,8bd90781e17e6d97df3941063cedae1e,2026-10-06T00:15:00Z,New Orleans Saints,Atlanta Falcons,betonlineag,player_receptions,Noah Fant,Under,1.5,127,2026-10-04T04:54:15Z
20261004T045441Z,8bd90781e17e6d97df3941063cedae1e,2026-10-06T00:15:00Z,New Orleans Saints,Atlanta Falcons,betonlineag,player_receptions,Chris Olave,Over,6.5,-135,2026-10-04T04:54:15Z
20261004T045441Z,8bd90781e17e6d97df3941063cedae1e,2026-10-06T00:15:00Z,New Orleans Saints,Atlanta Falcons,betonlineag,player_receptions,Chris Olave,Under,6.5,105,2026-10-04T04:54:15Z
20261004T045441Z,8bd90781e17e6d97df3941063cedae1e,2026-10-06T00:15:00Z,New Orleans Saints,Atlanta Falcons,betonlineag,player_receptions,Devaughn Vele,Over,3.5,-169,2026-10-04T04:54:15Z
20261004T045441Z,8bd90781e17e6d97df3941063cedae1e,2026-10-06T00:15:00Z,New Orleans Saints,Atlanta Falcons,betonlineag,player_receptions,Devaughn Vele,Under,3.5,130,2026-10-04T04:54:15Z
20261004T045441Z,8bd90781e17e6d97df3941063cedae1e,2026-10-06T00:15:00Z,New Orleans Saints,Atlanta Falcons,betonlineag,player_receptions,Olamide Zaccheaus,Over,1.5,158,2026-10-04T04:54:15Z
20261004T045441Z,8bd90781e17e6d97df3941063cedae1e,2026-10-06T00:15:00Z,New Orleans Saints,Atlanta Falcons,betonlineag,player_receptions,Olamide Zaccheaus,Under,1.5,-208,2026-10-04T04:54:15Z
20261004T045441Z,8bd90781e17e6d97df3941063cedae1e,2026-10-06T00:15:00Z,New Orleans Saints,Atlanta Falcons,betonlineag,player_rush_yds,Michael Penix Jr.,Over,5.5,-118,2026-10-04T04:54:15Z
20261004T045441Z,8bd90781e17e6d97df3941063cedae1e,2026-10-06T00:15:00Z,New Orleans Saints,Atlanta Falcons,betonlineag,player_rush_yds,Michael Penix Jr.,Under,5.5,-110,2026-10-04T04:54:15Z
20261004T045441Z,8bd90781e17e6d97df3941063cedae1e,2026-10-06T00:15:00Z,New Orleans Saints,Atlanta Falcons,betonlineag,player_rush_yds,Tyler Shough,Over,16.5,-114,2026-10-04T04:54:15Z
20261004T045441Z,8bd90781e17e6d97df3941063cedae1e,2026-10-06T00:15:00Z,New Orleans Saints,Atlanta Falcons,betonlineag,player_rush_yds,Tyler Shough,Under,16.5,-114,2026-10-04T04:54:15Z
20261004T045441Z,8bd90781e17e6d97df3941063cedae1e,2026-10-06T00:15:00Z,New Orleans Saints,Atlanta Falcons,betonlineag,player_rush_yds,Brian Robinson Jr.,Over,29.5,-114,2026-10-04T04:54:15Z
20261004T045441Z,8bd90781e17e6d97df3941063cedae1e,2026-10-06T00:15:00Z,New Orleans Saints,Atlanta Falcons,betonlineag,player_rush_yds,Brian Robinson Jr.,Under,29.5,-114,2026-10-04T04:54:15Z
20261004T045441Z,8bd90781e17e6d97df3941063cedae1e,2026-10-06T00:15:00Z,New Orleans Saints,Atlanta Falcons,betonlineag,player_rush_yds,Bijan Robinson,Over,85.5,-114,2026-10-04T04:54:15Z
20261004T045441Z,8bd90781e17e6d97df3941063cedae1e,2026-10-06T00:15:00Z,New Orleans Saints,Atlanta Falcons,betonlineag,player_rush_yds,Bijan Robinson,Under,85.5,-114,2026-10-04T04:54:15Z
20261004T045441Z,8bd90781e17e6d97df3941063cedae1e,2026-10-06T00:15:00Z,New Orleans Saints,Atlanta Falcons,betonlineag,player_rush_yds,Kendre Miller,Over,25.5,-116,2026-10-04T04:54:15Z
20261004T045441Z,8bd90781e17e6d97df3941063cedae1e,2026-10-06T00:15:00Z,New Orleans Saints,Atlanta Falcons,betonlineag,player_rush_yds,Kendre Miller,Under,25.5,-111,2026-10-04T04:54:15Z
20261004T045441Z,8bd90781e17e6d97df3941063cedae1e,2026-10-06T00:15:00Z,New Orleans Saints,Atlanta Falcons,betonlineag,player_rush_yds,Alvin Kamara,Over,37.5,-112,2026-10-04T04:54:15Z
20261004T045441Z,8bd90781e17e6d97df3941063cedae1e,2026-10-06T00:15:00Z,New Orleans Saints,Atlanta Falcons,betonlineag,player_rush_yds,Alvin Kamara,Under,37.5,-115,2026-10-04T04:54:15Z
20261004T045441Z,8bd90781e17e6d97df3941063cedae1e,2026-10-06T00:15:00Z,New Orleans Saints,Atlanta Falcons,betrivers,player_pass_yds,Michael Penix Jr.,Over,220.5,-114,2026-10-04T04:53:43Z
20261004T045441Z,8bd90781e17e6d97df3941063cedae1e,2026-10-06T00:15:00Z,New Orleans Saints,Atlanta Falcons,betrivers,player_pass_yds,Michael Penix Jr.,Under,220.5,-117,2026-10-04T04:53:43Z
20261004T045441Z,8bd90781e17e6d97df3941063cedae1e,2026-10-06T00:15:00Z,New Orleans Saints,Atlanta Falcons,betrivers,player_pass_yds,Tyler Shough,Over,253.5,-115,2026-10-04T04:53:43Z
20261004T045441Z,8bd90781e17e6d97df3941063cedae1e,2026-10-06T00:15:00Z,New Orleans Saints,Atlanta Falcons,betrivers,player_pass_yds,Tyler Shough,Under,253.5,-115,2026-10-04T04:53:43Z
20261004T045441Z,8bd90781e17e6d97df3941063cedae1e,2026-10-06T00:15:00Z,New Orleans Saints,Atlanta Falcons,betrivers,player_reception_yds,Jahan Dotson,Over,18.5,-112,2026-10-04T04:53:43Z
20261004T045441Z,8bd90781e17e6d97df3941063cedae1e,2026-10-06T00:15:00Z,New Orleans Saints,Atlanta Falcons,betrivers,player_reception_yds,Jahan Dotson,Under,18.5,-118,2026-10-04T04:53:43Z
20261004T045441Z,8bd90781e17e6d97df3941063cedae1e,2026-10-06T00:15:00Z,New Orleans Saints,Atlanta Falcons,betrivers,player_reception_yds,Bijan Robinson,Over,39.5,-112,2026-10-04T04:53:43Z
20261004T045441Z,8bd90781e17e6d97df3941063cedae1e,2026-10-06T00:15:00Z,New Orleans Saints,Atlanta Falcons,betrivers,player_reception_yds,Bijan Robinson,Under,39.5,-120,2026-10-04T04:53:43Z
20261004T045441Z,8bd90781e17e6d97df3941063cedae1e,2026-10-06T00:15:00Z,New Orleans Saints,Atlanta Falcons,betrivers,player_reception_yds,Noah Fant,Over,16.5,-115,2026-10-04T04:53:43Z
20261004T045441Z,8bd90781e17e6d97df3941063cedae1e,2026-10-06T00:15:00Z,New Orleans Saints,Atlanta Falcons,betrivers,player_reception_yds,Noah Fant,Under,16.5,-115,2026-10-04T04:53:43Z
20261004T045441Z,8bd90781e17e6d97df3941063cedae1e,2026-10-06T00:15:00Z,New Orleans Saints,Atlanta Falcons,betrivers,player_reception_yds,Austin Hooper,Over,9.5,-120,2026-10-04T04:53:43Z
20261004T045441Z,8bd90781e17e6d97df3941063cedae1e,2026-10-06T00:15:00Z,New Orleans Saints,Atlanta Falcons,betrivers,player_reception_yds,Austin Hooper,Under,9.5,-112,2026-10-04T04:53:43Z
20261004T045441Z,8bd90781e17e6d97df3941063cedae1e,2026-10-06T00:15:00Z,New Orleans Saints,Atlanta Falcons,betrivers,player_reception_yds,Kyle Pitts,Over,26.5,-114,2026-10-04T04:53:43Z
20261004T045441Z,8bd90781e17e6d97df3941063cedae1e,2026-10-06T00:15:00Z,New Orleans Saints,Atlanta Falcons,betrivers,player_reception_yds,Kyle Pitts,Under,26.5,-117,2026-10-04T04:53:43Z
20261004T045441Z,8bd90781e17e6d97df3941063cedae1e,2026-10-06T00:15:00Z,New Orleans Saints,Atlanta Falcons,betrivers,player_reception_yds,Alvin Kamara,Over,15.5,-114,2026-10-04T04:53:43Z
20261004T045441Z,8bd90781e17e6d97df3941063cedae1e,2026-10-06T00:15:00Z,New Orleans Saints,Atlanta Falcons,betrivers,player_reception_yds,Alvin Kamara,Under,15.5,-117,2026-10-04T04:53:43Z
20261004T045441Z,8bd90781e17e6d97df3941063cedae1e,2026-10-06T00:15:00Z,New Orleans Saints,Atlanta Falcons,betrivers,player_reception_yds,Devaughn Vele,Over,44.5,-113,2026-10-04T04:53:43Z
20261004T045441Z,8bd90781e17e6d97df3941063cedae1e,2026-10-06T00:15:00Z,New Orleans Saints,Atlanta Falcons,betrivers,player_reception_yds,Devaughn Vele,Under,44.5,-118,2026-10-04T04:53:43Z
20261004T045441Z,8bd90781e17e6d97df3941063cedae1e,2026-10-06T00:15:00Z,New Orleans Saints,Atlanta Falcons,betrivers,player_reception_yds,Drake London,Over,75.5,-117,2026-10-04T04:53:43Z
20261004T045441Z,8bd90781e17e6d97df3941063cedae1e,2026-10-06T00:15:00Z,New Orleans Saints,Atlanta Falcons,betrivers,player_reception_yds,Drake London,Under,75.5,-114,2026-10-04T04:53:43Z
20261004T045441Z,8bd90781e17e6d97df3941063cedae1e,2026-10-06T00:15:00Z,New Orleans Saints,Atlanta Falcons,betrivers,player_reception_yds,Juwan Johnson,Over,39.5,-115,2026-10-04T04:53:43Z
20261004T045441Z,8bd90781e17e6d97df3941063cedae1e,2026-10-06T00:15:00Z,New Orleans Saints,Atlanta Falcons,betrivers,player_reception_yds,Juwan Johnson,Under,39.5,-115,2026-10-04T04:53:43Z
20261004T045441Z,8bd90781e17e6d97df3941063cedae1e,2026-10-06T00:15:00Z,New Orleans Saints,Atlanta Falcons,betrivers,player_reception_yds,Chris Olave,Over,81.5,-114,2026-10-04T04:53:43Z
20261004T045441Z,8bd90781e17e6d97df3941063cedae1e,2026-10-06T00:15:00Z,New Orleans Saints,Atlanta Falcons,betrivers,player_reception_yds,Chris Olave,Under,81.5,-117,2026-10-04T04:53:43Z
20261004T045441Z,8bd90781e17e6d97df3941063cedae1e,2026-10-06T00:15:00Z,New Orleans Saints,Atlanta Falcons,betrivers,player_receptions,Kyle Pitts,Over,2.5,-150,2026-10-04T04:53:43Z
20261004T045441Z,8bd90781e17e6d97df3941063cedae1e,2026-10-06T00:15:00Z,New Orleans Saints,Atlanta Falcons,betrivers,player_receptions,Juwan Johnson,Over,3.5,-127,2026-10-04T04:53:43Z
20261004T045441Z,8bd90781e17e6d97df3941063cedae1e,2026-10-06T00:15:00Z,New Orleans Saints,Atlanta Falcons,betrivers,player_receptions,Jahan Dotson,Over,1.5,-143,2026-10-04T04:53:43Z
20261004T045441Z,8bd90781e17e6d97df3941063cedae1e,2026-10-06T00:15:00Z,New Orleans Saints,Atlanta Falcons,betrivers,player_receptions,Bijan Robinson,Over,4.5,-117,2026-10-04T04:53:43Z
20261004T045441Z,8bd90781e17e6d97df3941063cedae1e,2026-10-06T00:15:00Z,New Orleans Saints,Atlanta Falcons,betrivers,player_receptions,Chris Olave,Over,6.5,-152,2026-10-04T04:53:43Z
20261004T045441Z,8bd90781e17e6d97df3941063cedae1e,2026-10-06T00:15:00Z,New Orleans Saints,Atlanta Falcons,betrivers,player_receptions,Devaughn Vele,Over,4.5,118,2026-10-04T04:53:43Z
20261004T045441Z,8bd90781e17e6d97df3941063cedae1e,2026-10-06T00:15:00Z,New Orleans Saints,Atlanta Falcons,betrivers,player_receptions,Austin Hooper,Over,1.5,150,2026-10-04T04:53:43Z
20261004T045441Z,8bd90781e17e6d97df3941063cedae1e,2026-10-06T00:15:00Z,New Orleans Saints,Atlanta Falcons,betrivers,player_receptions,Noah Fant,Over,1.5,-190,2026-10-04T04:53:43Z
20261004T045441Z,8bd90781e17e6d97df3941063cedae1e,2026-10-06T00:15:00Z,New Orleans Saints,Atlanta Falcons,betrivers,player_receptions,Alvin Kamara,Over,3.5,108,2026-10-04T04:53:43Z
20261004T045441Z,8bd90781e17e6d97df3941063cedae1e,2026-10-06T00:15:00Z,New Orleans Saints,Atlanta Falcons,betrivers,player_receptions,Drake London,Over,5.5,-122,2026-10-04T04:53:43Z
20261004T045441Z,8bd90781e17e6d97df3941063cedae1e,2026-10-06T00:15:00Z,New Orleans Saints,Atlanta Falcons,betrivers,player_rush_yds,Kendre Miller,Over,27.5,-112,2026-10-04T04:53:43Z
20261004T045441Z,8bd90781e17e6d97df3941063cedae1e,2026-10-06T00:15:00Z,New Orleans Saints,Atlanta Falcons,betrivers,player_rush_yds,Kendre Miller,Under,27.5,-120,2026-10-04T04:53:43Z
20261004T045441Z,8bd90781e17e6d97df3941063cedae1e,2026-10-06T00:15:00Z,New Orleans Saints,Atlanta Falcons,betrivers,player_rush_yds,Alvin Kamara,Over,36.5,-117,2026-10-04T04:53:43Z
20261004T045441Z,8bd90781e17e6d97df3941063cedae1e,2026-10-06T00:15:00Z,New Orleans Saints,Atlanta Falcons,betrivers,player_rush_yds,Alvin Kamara,Under,36.5,-114,2026-10-04T04:53:43Z
20261004T045441Z,8bd90781e17e6d97df3941063cedae1e,2026-10-06T00:15:00Z,New Orleans Saints,Atlanta Falcons,betrivers,player_rush_yds,Tyler Shough,Over,15.5,-120,2026-10-04T04:53:43Z
20261004T045441Z,8bd90781e17e6d97df3941063cedae1e,2026-10-06T00:15:00Z,New Orleans Saints,Atlanta Falcons,betrivers,player_rush_yds,Tyler Shough,Under,15.5,-112,2026-10-04T04:53:43Z
20261004T045441Z,8bd90781e17e6d97df3941063cedae1e,2026-10-06T00:15:00Z,New Orleans Saints,Atlanta Falcons,betrivers,player_rush_yds,Brian Robinson Jr.,Over,30.5,-110,2026-10-04T04:53:43Z
20261004T045441Z,8bd90781e17e6d97df3941063cedae1e,2026-10-06T00:15:00Z,New Orleans Saints,Atlanta Falcons,betrivers,player_rush_yds,Brian Robinson Jr.,Under,30.5,-120,2026-10-04T04:53:43Z
20261004T045441Z,8bd90781e17e6d97df3941063cedae1e,2026-10-06T00:15:00Z,New Orleans Saints,Atlanta Falcons,betrivers,player_rush_yds,Bijan Robinson,Over,90.5,-115,2026-10-04T04:53:43Z
20261004T045441Z,8bd90781e17e6d97df3941063cedae1e,2026-10-06T00:15:00Z,New Orleans Saints,Atlanta Falcons,betrivers,player_rush_yds,Bijan Robinson,Under,90.5,-115,2026-10-04T04:53:43Z
20261004T045441Z,8bd90781e17e6d97df3941063cedae1e,2026-10-06T00:15:00Z,New Orleans Saints,Atlanta Falcons,betmgm,player_pass_yds,Tyler Shough,Over,254.5,-115,2026-10-04T04:54:42Z
20261004T045441Z,8bd90781e17e6d97df3941063cedae1e,2026-10-06T00:15:00Z,New Orleans Saints,Atlanta Falcons,betmgm,player_pass_yds,Tyler Shough,Under,254.5,-115,2026-10-04T04:54:42Z
20261004T045441Z,8bd90781e17e6d97df3941063cedae1e,2026-10-06T00:15:00Z,New Orleans Saints,Atlanta Falcons,betmgm,player_pass_yds,Michael Penix Jr.,Over,224.5,-115,2026-10-04T04:54:42Z
20261004T045441Z,8bd90781e17e6d97df3941063cedae1e,2026-10-06T00:15:00Z,New Orleans Saints,Atlanta Falcons,betmgm,player_pass_yds,Michael Penix Jr.,Under,224.5,-115,2026-10-04T04:54:42Z
20261004T045441Z,8bd90781e17e6d97df3941063cedae1e,2026-10-06T00:15:00Z,New Orleans Saints,Atlanta Falcons,betmgm,player_reception_yds,Bijan Robinson,Over,38.5,-115,2026-10-04T04:54:42Z
20261004T045441Z,8bd90781e17e6d97df3941063cedae1e,2026-10-06T00:15:00Z,New Orleans Saints,Atlanta Falcons,betmgm,player_reception_yds,Bijan Robinson,Under,38.5,-115,2026-10-04T04:54:42Z
20261004T045441Z,8bd90781e17e6d97df3941063cedae1e,2026-10-06T00:15:00Z,New Orleans Saints,Atlanta Falcons,betmgm,player_reception_yds,Devaughn Vele,Over,44.5,-115,2026-10-04T04:54:42Z
20261004T045441Z,8bd90781e17e6d97df3941063cedae1e,2026-10-06T00:15:00Z,New Orleans Saints,Atlanta Falcons,betmgm,player_reception_yds,Devaughn Vele,Under,44.5,-115,2026-10-04T04:54:42Z
20261004T045441Z,8bd90781e17e6d97df3941063cedae1e,2026-10-06T00:15:00Z,New Orleans Saints,Atlanta Falcons,betmgm,player_reception_yds,Jahan Dotson,Over,18.5,-115,2026-10-04T04:54:42Z
20261004T045441Z,8bd90781e17e6d97df3941063cedae1e,2026-10-06T00:15:00Z,New Orleans Saints,Atlanta Falcons,betmgm,player_reception_yds,Jahan Dotson,Under,18.5,-115,2026-10-04T04:54:42Z
20261004T045441Z,8bd90781e17e6d97df3941063cedae1e,2026-10-06T00:15:00Z,New Orleans Saints,Atlanta Falcons,betmgm,player_reception_yds,Juwan Johnson,Over,39.5,-115,2026-10-04T04:54:42Z
20261004T045441Z,8bd90781e17e6d97df3941063cedae1e,2026-10-06T00:15:00Z,New Orleans Saints,Atlanta Falcons,betmgm,player_reception_yds,Juwan Johnson,Under,39.5,-115,2026-10-04T04:54:42Z
20261004T045441Z,8bd90781e17e6d97df3941063cedae1e,2026-10-06T00:15:00Z,New Orleans Saints,Atlanta Falcons,betmgm,player_reception_yds,Drake London,Over,76.5,-125,2026-10-04T04:54:42Z
20261004T045441Z,8bd90781e17e6d97df3941063cedae1e,2026-10-06T00:15:00Z,New Orleans Saints,Atlanta Falcons,betmgm,player_reception_yds,Drake London,Under,76.5,-105,2026-10-04T04:54:42Z
20261004T045441Z,8bd90781e17e6d97df3941063cedae1e,2026-10-06T00:15:00Z,New Orleans Saints,Atlanta Falcons,betmgm,player_reception_yds,Kyle Pitts,Over,28.5,-115,2026-10-04T04:54:42Z
20261004T045441Z,8bd90781e17e6d97df3941063cedae1e,2026-10-06T00:15:00Z,New Orleans Saints,Atlanta Falcons,betmgm,player_reception_yds,Kyle Pitts,Under,28.5,-115,2026-10-04T04:54:42Z
20261004T045441Z,8bd90781e17e6d97df3941063cedae1e,2026-10-06T00:15:00Z,New Orleans Saints,Atlanta Falcons,betmgm,player_reception_yds,Noah Fant,Over,16.5,-115,2026-10-04T04:54:42Z
20261004T045441Z,8bd90781e17e6d97df3941063cedae1e,2026-10-06T00:15:00Z,New Orleans Saints,Atlanta Falcons,betmgm,player_reception_yds,Noah Fant,Under,16.5,-115,2026-10-04T04:54:42Z
20261004T045441Z,8bd90781e17e6d97df3941063cedae1e,2026-10-06T00:15:00Z,New Orleans Saints,Atlanta Falcons,betmgm,player_reception_yds,Austin Hooper,Over,8.5,-120,2026-10-04T04:54:42Z
20261004T045441Z,8bd90781e17e6d97df3941063cedae1e,2026-10-06T00:15:00Z,New Orleans Saints,Atlanta Falcons,betmgm,player_reception_yds,Austin Hooper,Under,8.5,-110,2026-10-04T04:54:42Z
20261004T045441Z,8bd90781e17e6d97df3941063cedae1e,2026-10-06T00:15:00Z,New Orleans Saints,Atlanta Falcons,betmgm,player_reception_yds,Chris Olave,Over,83.5,-115,2026-10-04T04:54:42Z
20261004T045441Z,8bd90781e17e6d97df3941063cedae1e,2026-10-06T00:15:00Z,New Orleans Saints,Atlanta Falcons,betmgm,player_reception_yds,Chris Olave,Under,83.5,-115,2026-10-04T04:54:42Z
20261004T045441Z,8bd90781e17e6d97df3941063cedae1e,2026-10-06T00:15:00Z,New Orleans Saints,Atlanta Falcons,betmgm,player_reception_yds,Alvin Kamara,Over,16.5,-115,2026-10-04T04:54:42Z
20261004T045441Z,8bd90781e17e6d97df3941063cedae1e,2026-10-06T00:15:00Z,New Orleans Saints,Atlanta Falcons,betmgm,player_reception_yds,Alvin Kamara,Under,16.5,-115,2026-10-04T04:54:42Z
20261004T045441Z,8bd90781e17e6d97df3941063cedae1e,2026-10-06T00:15:00Z,New Orleans Saints,Atlanta Falcons,betmgm,player_receptions,Bijan Robinson,Over,4.5,-105,2026-10-04T04:54:42Z
20261004T045441Z,8bd90781e17e6d97df3941063cedae1e,2026-10-06T00:15:00Z,New Orleans Saints,Atlanta Falcons,betmgm,player_receptions,Bijan Robinson,Under,4.5,-125,2026-10-04T04:54:42Z
20261004T045441Z,8bd90781e17e6d97df3941063cedae1e,2026-10-06T00:15:00Z,New Orleans Saints,Atlanta Falcons,betmgm,player_receptions,Kyle Pitts,Over,2.5,-150,2026-10-04T04:54:42Z
20261004T045441Z,8bd90781e17e6d97df3941063cedae1e,2026-10-06T00:15:00Z,New Orleans Saints,Atlanta Falcons,betmgm,player_receptions,Kyle Pitts,Under,2.5,110,2026-10-04T04:54:42Z
20261004T045441Z,8bd90781e17e6d97df3941063cedae1e,2026-10-06T00:15:00Z,New Orleans Saints,Atlanta Falcons,betmgm,player_receptions,Drake London,Over,5.5,-155,2026-10-04T04:54:42Z
20261004T045441Z,8bd90781e17e6d97df3941063cedae1e,2026-10-06T00:15:00Z,New Orleans Saints,Atlanta Falcons,betmgm,player_receptions,Drake London,Under,5.5,115,2026-10-04T04:54:42Z
20261004T045441Z,8bd90781e17e6d97df3941063cedae1e,2026-10-06T00:15:00Z,New Orleans Saints,Atlanta Falcons,betmgm,player_receptions,Juwan Johnson,Over,3.5,-118,2026-10-04T04:54:42Z
20261004T045441Z,8bd90781e17e6d97df3941063cedae1e,2026-10-06T00:15:00Z,New Orleans Saints,Atlanta Falcons,betmgm,player_receptions,Juwan Johnson,Under,3.5,-111,2026-10-04T04:54:42Z
20261004T045441Z,8bd90781e17e6d97df3941063cedae1e,2026-10-06T00:15:00Z,New Orleans Saints,Atlanta Falcons,betmgm,player_receptions,Chris Olave,Over,6.5,-135,2026-10-04T04:54:42Z
20261004T045441Z,8bd90781e17e6d97df3941063cedae1e,2026-10-06T00:15:00Z,New Orleans Saints,Atlanta Falcons,betmgm,player_receptions,Chris Olave,Under,6.5,100,2026-10-04T04:54:42Z
20261004T045441Z,8bd90781e17e6d97df3941063cedae1e,2026-10-06T00:15:00Z,New Orleans Saints,Atlanta Falcons,betmgm,player_receptions,Devaughn Vele,Over,3.5,-160,2026-10-04T04:54:42Z
20261004T045441Z,8bd90781e17e6d97df3941063cedae1e,2026-10-06T00:15:00Z,New Orleans Saints,Atlanta Falcons,betmgm,player_receptions,Devaughn Vele,Under,3.5,120,2026-10-04T04:54:42Z
20261004T045441Z,8bd90781e17e6d97df3941063cedae1e,2026-10-06T00:15:00Z,New Orleans Saints,Atlanta Falcons,betmgm,player_receptions,Jahan Dotson,Over,1.5,-135,2026-10-04T04:54:42Z
20261004T045441Z,8bd90781e17e6d97df3941063cedae1e,2026-10-06T00:15:00Z,New Orleans Saints,Atlanta Falcons,betmgm,player_receptions,Jahan Dotson,Under,1.5,100,2026-10-04T04:54:42Z
20261004T045441Z,8bd90781e17e6d97df3941063cedae1e,2026-10-06T00:15:00Z,New Orleans Saints,Atlanta Falcons,betmgm,player_receptions,Noah Fant,Over,1.5,-190,2026-10-04T04:54:42Z
20261004T045441Z,8bd90781e17e6d97df3941063cedae1e,2026-10-06T00:15:00Z,New Orleans Saints,Atlanta Falcons,betmgm,player_receptions,Noah Fant,Under,1.5,140,2026-10-04T04:54:42Z
20261004T045441Z,8bd90781e17e6d97df3941063cedae1e,2026-10-06T00:15:00Z,New Orleans Saints,Atlanta Falcons,betmgm,player_receptions,Austin Hooper,Over,1.5,160,2026-10-04T04:54:42Z
20261004T045441Z,8bd90781e17e6d97df3941063cedae1e,2026-10-06T00:15:00Z,New Orleans Saints,Atlanta Falcons,betmgm,player_receptions,Austin Hooper,Under,1.5,-220,2026-10-04T04:54:42Z
20261004T045441Z,8bd90781e17e6d97df3941063cedae1e,2026-10-06T00:15:00Z,New Orleans Saints,Atlanta Falcons,betmgm,player_rush_yds,Brian Robinson Jr.,Over,29.5,-115,2026-10-04T04:54:42Z
20261004T045441Z,8bd90781e17e6d97df3941063cedae1e,2026-10-06T00:15:00Z,New Orleans Saints,Atlanta Falcons,betmgm,player_rush_yds,Brian Robinson Jr.,Under,29.5,-115,2026-10-04T04:54:42Z
20261004T045441Z,8bd90781e17e6d97df3941063cedae1e,2026-10-06T00:15:00Z,New Orleans Saints,Atlanta Falcons,betmgm,player_rush_yds,Kendre Miller,Over,26.5,-115,2026-10-04T04:54:42Z
20261004T045441Z,8bd90781e17e6d97df3941063cedae1e,2026-10-06T00:15:00Z,New Orleans Saints,Atlanta Falcons,betmgm,player_rush_yds,Kendre Miller,Under,26.5,-115,2026-10-04T04:54:42Z
20261004T045441Z,8bd90781e17e6d97df3941063cedae1e,2026-10-06T00:15:00Z,New Orleans Saints,Atlanta Falcons,betmgm,player_rush_yds,Alvin Kamara,Over,37.5,-110,2026-10-04T04:54:42Z
20261004T045441Z,8bd90781e17e6d97df3941063cedae1e,2026-10-06T00:15:00Z,New Orleans Saints,Atlanta Falcons,betmgm,player_rush_yds,Alvin Kamara,Under,37.5,-120,2026-10-04T04:54:42Z
20261004T045441Z,8bd90781e17e6d97df3941063cedae1e,2026-10-06T00:15:00Z,New Orleans Saints,Atlanta Falcons,betmgm,player_rush_yds,Tyler Shough,Over,15.5,-115,2026-10-04T04:54:42Z
20261004T045441Z,8bd90781e17e6d97df3941063cedae1e,2026-10-06T00:15:00Z,New Orleans Saints,Atlanta Falcons,betmgm,player_rush_yds,Tyler Shough,Under,15.5,-115,2026-10-04T04:54:42Z
20261004T045441Z,8bd90781e17e6d97df3941063cedae1e,2026-10-06T00:15:00Z,New Orleans Saints,Atlanta Falcons,betmgm,player_rush_yds,Bijan Robinson,Over,84.5,-115,2026-10-04T04:54:42Z
20261004T045441Z,8bd90781e17e6d97df3941063cedae1e,2026-10-06T00:15:00Z,New Orleans Saints,Atlanta Falcons,betmgm,player_rush_yds,Bijan Robinson,Under,84.5,-115,2026-10-04T04:54:42Z
20261004T045441Z,8bd90781e17e6d97df3941063cedae1e,2026-10-06T00:15:00Z,New Orleans Saints,Atlanta Falcons,bovada,player_pass_yds,Michael Penix Jr.,Over,228.5,-115,2026-10-04T04:54:12Z
20261004T045441Z,8bd90781e17e6d97df3941063cedae1e,2026-10-06T00:15:00Z,New Orleans Saints,Atlanta Falcons,bovada,player_pass_yds,Michael Penix Jr.,Under,228.5,-115,2026-10-04T04:54:12Z
20261004T045441Z,8bd90781e17e6d97df3941063cedae1e,2026-10-06T00:15:00Z,New Orleans Saints,Atlanta Falcons,bovada,player_pass_yds,Tyler Shough,Over,257.5,-115,2026-10-04T04:54:12Z
20261004T045441Z,8bd90781e17e6d97df3941063cedae1e,2026-10-06T00:15:00Z,New Orleans Saints,Atlanta Falcons,bovada,player_pass_yds,Tyler Shough,Under,257.5,-115,2026-10-04T04:54:12Z
20261004T045441Z,8bd90781e17e6d97df3941063cedae1e,2026-10-06T00:15:00Z,New Orleans Saints,Atlanta Falcons,bovada,player_reception_yds,Alvin Kamara,Over,15.5,-120,2026-10-04T04:54:12Z
20261004T045441Z,8bd90781e17e6d97df3941063cedae1e,2026-10-06T00:15:00Z,New Orleans Saints,Atlanta Falcons,bovada,player_reception_yds,Alvin Kamara,Under,15.5,-110,2026-10-04T04:54:12Z
20261004T045441Z,8bd90781e17e6d97df3941063cedae1e,2026-10-06T00:15:00Z,New Orleans Saints,Atlanta Falcons,bovada,player_reception_yds,Austin Hooper,Over,11.5,-110,2026-10-04T04:54:12Z
20261004T045441Z,8bd90781e17e6d97df3941063cedae1e,2026-10-06T00:15:00Z,New Orleans Saints,Atlanta Falcons,bovada,player_reception_yds,Austin Hooper,Under,11.5,-120,2026-10-04T04:54:12Z
20261004T045441Z,8bd90781e17e6d97df3941063cedae1e,2026-10-06T00:15:00Z,New Orleans Saints,Atlanta Falcons,bovada,player_reception_yds,Bijan Robinson,Over,39.5,-120,2026-10-04T04:54:12Z
20261004T045441Z,8bd90781e17e6d97df3941063cedae1e,2026-10-06T00:15:00Z,New Orleans Saints,Atlanta Falcons,bovada,player_reception_yds,Bijan Robinson,Under,39.5,-110,2026-10-04T04:54:12Z
20261004T045441Z,8bd90781e17e6d97df3941063cedae1e,2026-10-06T00:15:00Z,New Orleans Saints,Atlanta Falcons,bovada,player_reception_yds,Chris Olave,Over,85.5,-115,2026-10-04T04:54:12Z
20261004T045441Z,8bd90781e17e6d97df3941063cedae1e,2026-10-06T00:15:00Z,New Orleans Saints,Atlanta Falcons,bovada,player_reception_yds,Chris Olave,Under,85.5,-115,2026-10-04T04:54:12Z
20261004T045441Z,8bd90781e17e6d97df3941063cedae1e,2026-10-06T00:15:00Z,New Orleans Saints,Atlanta Falcons,bovada,player_reception_yds,Devaughn Vele,Over,44.5,-120,2026-10-04T04:54:12Z
20261004T045441Z,8bd90781e17e6d97df3941063cedae1e,2026-10-06T00:15:00Z,New Orleans Saints,Atlanta Falcons,bovada,player_reception_yds,Devaughn Vele,Under,44.5,-110,2026-10-04T04:54:12Z
20261004T045441Z,8bd90781e17e6d97df3941063cedae1e,2026-10-06T00:15:00Z,New Orleans Saints,Atlanta Falcons,bovada,player_reception_yds,Drake London,Over,78.5,-115,2026-10-04T04:54:12Z
20261004T045441Z,8bd90781e17e6d97df3941063cedae1e,2026-10-06T00:15:00Z,New Orleans Saints,Atlanta Falcons,bovada,player_reception_yds,Drake London,Under,78.5,-115,2026-10-04T04:54:12Z
20261004T045441Z,8bd90781e17e6d97df3941063cedae1e,2026-10-06T00:15:00Z,New Orleans Saints,Atlanta Falcons,bovada,player_reception_yds,Jahan Dotson,Over,18.5,-115,2026-10-04T04:54:12Z
20261004T045441Z,8bd90781e17e6d97df3941063cedae1e,2026-10-06T00:15:00Z,New Orleans Saints,Atlanta Falcons,bovada,player_reception_yds,Jahan Dotson,Under,18.5,-115,2026-10-04T04:54:12Z
20261004T045441Z,8bd90781e17e6d97df3941063cedae1e,2026-10-06T00:15:00Z,New Orleans Saints,Atlanta Falcons,bovada,player_reception_yds,Juwan Johnson,Over,40.5,-115,2026-10-04T04:54:12Z
20261004T045441Z,8bd90781e17e6d97df3941063cedae1e,2026-10-06T00:15:00Z,New Orleans Saints,Atlanta Falcons,bovada,player_reception_yds,Juwan Johnson,Under,40.5,-115,2026-10-04T04:54:12Z
20261004T045441Z,8bd90781e17e6d97df3941063cedae1e,2026-10-06T00:15:00Z,New Orleans Saints,Atlanta Falcons,bovada,player_reception_yds,Kyle Pitts,Over,28.5,-115,2026-10-04T04:54:12Z
20261004T045441Z,8bd90781e17e6d97df3941063cedae1e,2026-10-06T00:15:00Z,New Orleans Saints,Atlanta Falcons,bovada,player_reception_yds,Kyle Pitts,Under,28.5,-115,2026-10-04T04:54:12Z
20261004T045441Z,8bd90781e17e6d97df3941063cedae1e,2026-10-06T00:15:00Z,New Orleans Saints,Atlanta Falcons,bovada,player_reception_yds,Noah Fant,Over,17.5,-115,2026-10-04T04:54:12Z
20261004T045441Z,8bd90781e17e6d97df3941063cedae1e,2026-10-06T00:15:00Z,New Orleans Saints,Atlanta Falcons,bovada,player_reception_yds,Noah Fant,Under,17.5,-115,2026-10-04T04:54:12Z
20261004T045441Z,8bd90781e17e6d97df3941063cedae1e,2026-10-06T00:15:00Z,New Orleans Saints,Atlanta Falcons,bovada,player_reception_yds,Olamide Zaccheaus,Over,8.5,-110,2026-10-04T04:54:12Z
20261004T045441Z,8bd90781e17e6d97df3941063cedae1e,2026-10-06T00:15:00Z,New Orleans Saints,Atlanta Falcons,bovada,player_reception_yds,Olamide Zaccheaus,Under,8.5,-120,2026-10-04T04:54:12Z
20261004T045441Z,8bd90781e17e6d97df3941063cedae1e,2026-10-06T00:15:00Z,New Orleans Saints,Atlanta Falcons,bovada,player_receptions,Alvin Kamara,Over,3.5,120,2026-10-04T04:54:12Z
20261004T045441Z,8bd90781e17e6d97df3941063cedae1e,2026-10-06T00:15:00Z,New Orleans Saints,Atlanta Falcons,bovada,player_receptions,Alvin Kamara,Under,3.5,-160,2026-10-04T04:54:12Z
20261004T045441Z,8bd90781e17e6d97df3941063cedae1e,2026-10-06T00:15:00Z,New Orleans Saints,Atlanta Falcons,bovada,player_receptions,Austin Hooper,Over,1.5,140,2026-10-04T04:54:12Z
20261004T045441Z,8bd90781e17e6d97df3941063cedae1e,2026-10-06T00:15:00Z,New Orleans Saints,Atlanta Falcons,bovada,player_receptions,Austin Hooper,Under,1.5,-185,2026-10-04T04:54:12Z
20261004T045441Z,8bd90781e17e6d97df3941063cedae1e,2026-10-06T00:15:00Z,New Orleans Saints,Atlanta Falcons,bovada,player_receptions,Bijan Robinson,Over,4.5,-110,2026-10-04T04:54:12Z
20261004T045441Z,8bd90781e17e6d97df3941063cedae1e,2026-10-06T00:15:00Z,New Orleans Saints,Atlanta Falcons,bovada,player_receptions,Bijan Robinson,Under,4.5,-120,2026-10-04T04:54:12Z
20261004T045441Z,8bd90781e17e6d97df3941063cedae1e,2026-10-06T00:15:00Z,New Orleans Saints,Atlanta Falcons,bovada,player_receptions,Chris Olave,Over,6.5,-145,2026-10-04T04:54:12Z
20261004T045441Z,8bd90781e17e6d97df3941063cedae1e,2026-10-06T00:15:00Z,New Orleans Saints,Atlanta Falcons,bovada,player_receptions,Chris Olave,Under,6.5,110,2026-10-04T04:54:12Z
20261004T045441Z,8bd90781e17e6d97df3941063cedae1e,2026-10-06T00:15:00Z,New Orleans Saints,Atlanta Falcons,bovada,player_receptions,Devaughn Vele,Over,4.5,125,2026-10-04T04:54:12Z
20261004T045441Z,8bd90781e17e6d97df3941063cedae1e,2026-10-06T00:15:00Z,New Orleans Saints,Atlanta Falcons,bovada,player_receptions,Devaughn Vele,Under,4.5,-165,2026-10-04T04:54:12Z
20261004T045441Z,8bd90781e17e6d97df3941063cedae1e,2026-10-06T00:15:00Z,New Orleans Saints,Atlanta Falcons,bovada,player_receptions,Drake London,Over,5.5,-150,2026-10-04T04:54:12Z
20261004T045441Z,8bd90781e17e6d97df3941063cedae1e,2026-10-06T00:15:00Z,New Orleans Saints,Atlanta Falcons,bovada,player_receptions,Drake London,Under,5.5,115,2026-10-04T04:54:12Z
20261004T045441Z,8bd90781e17e6d97df3941063cedae1e,2026-10-06T00:15:00Z,New Orleans Saints,Atlanta Falcons,bovada,player_receptions,Jahan Dotson,Over,1.5,-135,2026-10-04T04:54:12Z
20261004T045441Z,8bd90781e17e6d97df3941063cedae1e,2026-10-06T00:15:00Z,New Orleans Saints,Atlanta Falcons,bovada,player_receptions,Jahan Dotson,Under,1.5,105,2026-10-04T04:54:12Z
20261004T045441Z,8bd90781e17e6d97df3941063cedae1e,2026-10-06T00:15:00Z,New Orleans Saints,Atlanta Falcons,bovada,player_receptions,Juwan Johnson,Over,3.5,-110,2026-10-04T04:54:12Z
20261004T045441Z,8bd90781e17e6d97df3941063cedae1e,2026-10-06T00:15:00Z,New Orleans Saints,Atlanta Falcons,bovada,player_receptions,Juwan Johnson,Under,3.5,-120,2026-10-04T04:54:12Z
20261004T045441Z,8bd90781e17e6d97df3941063cedae1e,2026-10-06T00:15:00Z,New Orleans Saints,Atlanta Falcons,bovada,player_receptions,Kyle Pitts,Over,2.5,-135,2026-10-04T04:54:12Z
20261004T045441Z,8bd90781e17e6d97df3941063cedae1e,2026-10-06T00:15:00Z,New Orleans Saints,Atlanta Falcons,bovada,player_receptions,Kyle Pitts,Under,2.5,105,2026-10-04T04:54:12Z
20261004T045441Z,8bd90781e17e6d97df3941063cedae1e,2026-10-06T00:15:00Z,New Orleans Saints,Atlanta Falcons,bovada,player_receptions,Noah Fant,Over,1.5,-200,2026-10-04T04:54:12Z
20261004T045441Z,8bd90781e17e6d97df3941063cedae1e,2026-10-06T00:15:00Z,New Orleans Saints,Atlanta Falcons,bovada,player_receptions,Noah Fant,Under,1.5,150,2026-10-04T04:54:12Z
20261004T045441Z,8bd90781e17e6d97df3941063cedae1e,2026-10-06T00:15:00Z,New Orleans Saints,Atlanta Falcons,bovada,player_receptions,Olamide Zaccheaus,Over,1.5,150,2026-10-04T04:54:12Z
20261004T045441Z,8bd90781e17e6d97df3941063cedae1e,2026-10-06T00:15:00Z,New Orleans Saints,Atlanta Falcons,bovada,player_receptions,Olamide Zaccheaus,Under,1.5,-200,2026-10-04T04:54:12Z
20261004T045441Z,8bd90781e17e6d97df3941063cedae1e,2026-10-06T00:15:00Z,New Orleans Saints,Atlanta Falcons,bovada,player_rush_yds,Alvin Kamara,Over,37.5,-110,2026-10-04T04:54:12Z
20261004T045441Z,8bd90781e17e6d97df3941063cedae1e,2026-10-06T00:15:00Z,New Orleans Saints,Atlanta Falcons,bovada,player_rush_yds,Alvin Kamara,Under,37.5,-120,2026-10-04T04:54:12Z
20261004T045441Z,8bd90781e17e6d97df3941063cedae1e,2026-10-06T00:15:00Z,New Orleans Saints,Atlanta Falcons,bovada,player_rush_yds,Bijan Robinson,Over,87.5,-115,2026-10-04T04:54:12Z
20261004T045441Z,8bd90781e17e6d97df3941063cedae1e,2026-10-06T00:15:00Z,New Orleans Saints,Atlanta Falcons,bovada,player_rush_yds,Bijan Robinson,Under,87.5,-115,2026-10-04T04:54:12Z
20261004T045441Z,8bd90781e17e6d97df3941063cedae1e,2026-10-06T00:15:00Z,New Orleans Saints,Atlanta Falcons,bovada,player_rush_yds,Brian Robinson Jr.,Over,28.5,-115,2026-10-04T04:54:12Z
20261004T045441Z,8bd90781e17e6d97df3941063cedae1e,2026-10-06T00:15:00Z,New Orleans Saints,Atlanta Falcons,bovada,player_rush_yds,Brian Robinson Jr.,Under,28.5,-115,2026-10-04T04:54:12Z
20261004T045441Z,8bd90781e17e6d97df3941063cedae1e,2026-10-06T00:15:00Z,New Orleans Saints,Atlanta Falcons,bovada,player_rush_yds,Kendre Miller,Over,25.5,-115,2026-10-04T04:54:12Z
20261004T045441Z,8bd90781e17e6d97df3941063cedae1e,2026-10-06T00:15:00Z,New Orleans Saints,Atlanta Falcons,bovada,player_rush_yds,Kendre Miller,Under,25.5,-115,2026-10-04T04:54:12Z
20261004T045441Z,8bd90781e17e6d97df3941063cedae1e,2026-10-06T00:15:00Z,New Orleans Saints,Atlanta Falcons,bovada,player_rush_yds,Michael Penix Jr.,Over,5.5,-115,2026-10-04T04:54:12Z
20261004T045441Z,8bd90781e17e6d97df3941063cedae1e,2026-10-06T00:15:00Z,New Orleans Saints,Atlanta Falcons,bovada,player_rush_yds,Michael Penix Jr.,Under,5.5,-115,2026-10-04T04:54:12Z
20261004T045441Z,8bd90781e17e6d97df3941063cedae1e,2026-10-06T00:15:00Z,New Orleans Saints,Atlanta Falcons,bovada,player_rush_yds,Tyler Shough,Over,18.5,-115,2026-10-04T04:54:12Z
20261004T045441Z,8bd90781e17e6d97df3941063cedae1e,2026-10-06T00:15:00Z,New Orleans Saints,Atlanta Falcons,bovada,player_rush_yds,Tyler Shough,Under,18.5,-115,2026-10-04T04:54:12Z
