season,week,game_id,team,opponent_team,player_display_name,position,role,attempts,passing_yards,carries,rushing_yards,targets,receptions,receiving_yards,target_share,carry_share,offense_pct,implied_total,team_spread,indoor,wind,e_team_plays,e_team_pass_rate,e_attempts,e_passing_yards,e_yds_per_att,e_passing_epa,e_carries,e_rushing_yards,e_carry_share,e_yds_per_car,e_targets,e_receptions,e_receiving_yards,e_target_share,e_air_yards_share,e_yds_per_tgt,e_offense_pct,n_prior,own_q,own_dnp,own_out,team_inj_wr,team_inj_rb,team_inj_te,opp_inj_db,opp_inj_front,vac_car,vac_tgt,car_mult,tgt_mult,e_carries_adj,e_targets_adj,expected_qb,e_target_share_qb,e_targets_qb,e_receiving_yards_qb,n_qb,e_ngs_sep,e_ngs_cushion,e_ngs_iay,e_ngs_yac_oe,e_ngs_catch_pct,e_ngs_eff,e_ngs_8box,e_ngs_ryoe_att,e_ngs_ttt,e_ngs_agg,e_ngs_cpoe,e_ngs_ays,e_pfr_drop_pct,e_pfr_rec_bt,e_pfr_ybc,e_pfr_yac_c,e_pfr_rush_bt,e_pfr_pressure_pct,e_ff_rec_yds_exp,e_ff_rush_yds_exp,e_ff_pass_yds_exp,e_ff_rec_yoe,e_ff_rush_yoe,opp_pass_yds_alw,opp_rb_rush_alw,opp_wr_rec_alw,opp_te_rec_alw,opp_rb_rec_alw,opp_adj_def_pass,opp_adj_def_run,opp_role_alw,opp_role_ratio,opp_rec_yoe_alw,opp_rush_yoe_alw,opp_pass_yoe_alw,opp_man_rate_prev
2026,1,2026_01_ARI_LAC,ARI,LAC,Jacoby Brissett,QB,,37,277,6,14,0,0,0,0.000,0.176,1.000,19.500,-8.500,1,0.000,57.271,0.663,35.406,238.759,6.488,-1.299,2.408,11.349,0.127,4.638,0.000,0.000,0.000,0.000,0.000,,0.931,79,0,0,0,0.000,0.000,0.000,0.128,0.000,0.000,0.000,1.000,1.000,2.408,0.000,00-0033119,,,,0,,,,,,,,,2.940,17.478,3.550,-1.276,,,3.523,1.114,0.086,0.272,0.000,12.547,246.563,-0.000,-1.197,210.665,82.530,129.539,47.966,32.641,-0.040,-0.018,,,-2.077,-4.007,-2.077,0.236
2026,1,2026_01_ARI_LAC,ARI,LAC,Jeremiyah Love,RB,,0,0,11,41,4,2,9,0.108,0.324,0.430,19.500,-8.500,1,0.000,57.271,0.663,,,,,,,,,,,,,,,,1,1,1,0,0.000,0.000,0.000,0.128,0.000,0.000,0.000,1.000,1.000,,,00-0033119,,,,0,,,,,,,,,,,,,,,,,,,,,,,,210.665,82.530,129.539,47.966,32.641,-0.040,-0.018,,,-2.077,-4.007,-2.077,0.236
2026,1,2026_01_ARI_LAC,ARI,LAC,Tyler Allgeier,RB,RB1,0,0,17,61,2,2,9,0.054,0.500,0.590,19.500,-8.500,1,0.000,57.271,0.663,0.000,0.000,,,8.578,30.746,0.282,3.784,1.031,0.858,6.097,0.035,-0.009,5.762,0.320,68,0,0,0,0.000,0.000,0.000,0.128,0.000,0.000,0.000,1.000,1.000,8.578,1.031,00-0033119,,,,0,,,,,,,,,,,,,0.021,0.087,2.339,1.461,0.368,,5.897,36.264,0.000,0.200,-5.517,210.665,82.530,129.539,47.966,32.641,-0.040,-0.018,46.236,0.797,-2.077,-4.007,-2.077,0.236
2026,1,2026_01_ARI_LAC,ARI,LAC,Hunter Long,TE,,0,0,0,0,0,0,0,0.000,0.000,0.350,19.500,-8.500,1,0.000,57.271,0.663,0.000,0.000,,,0.000,0.000,0.000,,2.105,1.362,10.277,0.060,0.039,4.782,0.473,26,0,0,0,0.000,0.000,0.000,0.128,0.000,0.000,0.000,1.000,1.000,0.000,2.105,00-0033119,,,,0,,,,,,,,,,,,,0.207,0.000,,,,,14.285,0.000,0.000,-3.270,0.000,210.665,82.530,129.539,47.966,32.641,-0.040,-0.018,,,-2.077,-4.007,-2.077,0.236
2026,1,2026_01_ARI_LAC,ARI,LAC,Trey McBride,TE,TE1,0,0,0,0,13,9,95,0.351,0.000,0.800,19.500,-8.500,1,0.000,57.271,0.663,0.000,0.000,,,0.002,0.004,0.000,,10.127,7.759,74.669,0.287,0.233,7.263,0.926,63,0,0,0,0.000,0.000,0.000,0.128,0.000,0.000,0.000,1.000,1.000,0.002,10.127,00-0033119,0.288,10.271,76.437,12,3.031,5.890,6.520,0.693,75.798,,,,,,,,0.017,0.435,,,,,70.427,0.002,0.000,4.243,0.002,210.665,82.530,129.539,47.966,32.641,-0.040,-0.018,41.014,1.081,-2.077,-4.007,-2.077,0.236
2026,1,2026_01_ARI_LAC,ARI,LAC,Devin Duvernay,WR,,0,0,0,0,0,0,0,0.000,0.000,0.000,19.500,-8.500,1,0.000,57.271,0.663,0.000,0.000,,,0.007,-0.008,0.000,,0.260,0.112,1.659,0.008,0.010,,0.048,95,0,0,0,0.000,0.000,0.000,0.128,0.000,0.000,0.000,1.000,1.000,0.007,0.260,00-0033119,,,,0,,,,,,,,,,,,,,,,,,,,,,,,210.665,82.530,129.539,47.966,32.641,-0.040,-0.018,,,-2.077,-4.007,-2.077,0.236
2026,1,2026_01_ARI_LAC,ARI,LAC,Kendrick Bourne,WR,WR3,0,0,0,0,8,8,75,0.216,0.000,0.670,19.500,-8.500,1,0.000,57.271,0.663,0.005,0.000,,,0.008,0.049,0.000,,2.715,1.595,22.531,0.086,0.126,8.017,0.536,120,0,0,0,0.000,0.000,0.000,0.128,0.000,0.000,0.000,1.000,1.000,0.008,2.715,00-0033119,,,,0,,,,,,,,,,,,,0.051,0.019,,,,,24.556,0.053,0.027,-2.024,-0.004,210.665,82.530,129.539,47.966,32.641,-0.040,-0.018,25.920,0.967,-2.077,-4.007,-2.077,0.236
2026,1,2026_01_ARI_LAC,ARI,LAC,Marvin Harrison Jr.,WR,WR2,0,0,0,0,3,1,33,0.081,0.000,0.790,19.500,-8.500,1,0.000,57.271,0.663,0.000,0.000,,,0.000,0.000,0.000,,5.816,3.108,44.160,0.169,0.311,7.117,0.652,30,0,0,0,0.000,0.000,0.000,0.128,0.000,0.000,0.000,1.000,1.000,0.000,5.816,00-0033119,0.153,5.397,37.106,7,,,,,,,,,,,,,0.026,0.156,,,,,49.291,0.000,0.000,-5.131,0.000,210.665,82.530,129.539,47.966,32.641,-0.040,-0.018,36.750,0.830,-2.077,-4.007,-2.077,0.236
2026,1,2026_01_ARI_LAC,ARI,LAC,Michael Wilson,WR,WR1,0,0,0,0,7,5,56,0.189,0.000,0.850,19.500,-8.500,1,0.000,57.271,0.663,0.000,0.000,,,0.008,0.059,0.000,,8.576,5.225,75.901,0.230,0.383,9.389,0.850,47,0,0,0,0.000,0.000,0.000,0.128,0.000,0.000,0.000,1.000,1.000,0.008,8.576,00-0033119,0.246,9.221,83.736,12,2.383,5.486,11.975,1.053,60.245,,,,,,,,0.006,0.109,,,,,68.368,0.053,0.000,7.533,0.006,210.665,82.530,129.539,47.966,32.641,-0.040,-0.018,45.279,0.696,-2.077,-4.007,-2.077,0.236
2026,1,2026_01_ARI_LAC,ARI,LAC,Simi Fehoko,WR,,0,0,0,0,0,0,0,0.000,0.000,0.080,19.500,-8.500,1,0.000,57.271,0.663,0.000,0.000,,,0.000,0.000,0.000,,0.596,0.232,3.634,0.019,0.031,,0.185,19,0,0,0,0.000,0.000,0.000,0.128,0.000,0.000,0.000,1.000,1.000,0.000,0.596,00-0033119,0.000,0.000,0.000,4,,,,,,,,,,,,,,,,,,,,,,,,210.665,82.530,129.539,47.966,32.641,-0.040,-0.018,,,-2.077,-4.007,-2.077,0.236
2026,1,2026_01_ATL_PIT,ATL,PIT,Cooper Rush,QB,,22,143,0,0,0,0,0,0.000,0.000,1.000,17.000,-6.500,0,4.000,60.072,0.520,20.627,126.428,5.788,-3.051,1.625,0.247,0.062,0.415,0.000,0.000,0.000,0.000,0.000,,0.674,36,0,0,0,0.000,0.000,0.000,0.000,0.000,0.000,0.000,1.000,1.000,1.625,0.000,00-0029604,,,,0,,,,,,,,,2.582,21.110,-3.374,-1.531,,,0.084,0.344,0.000,0.164,0.000,2.085,143.101,0.000,-1.839,247.507,105.363,163.299,58.100,25.789,0.011,0.002,,,19.801,1.753,19.800,0.369
2026,1,2026_01_ATL_PIT,ATL,PIT,Bijan Robinson,RB,RB1,0,0,21,83,10,8,90,0.526,0.677,0.770,17.000,-6.500,0,4.000,60.072,0.520,0.000,0.000,,,17.877,93.277,0.636,4.937,6.165,4.574,41.869,0.209,0.011,6.627,0.791,52,0,0,0,0.000,0.000,0.000,0.000,0.000,0.000,0.000,1.000,1.000,17.877,6.165,00-0029604,0.198,5.749,38.205,22,,,,,,4.667,14.973,1.033,,,,,0.027,0.559,2.898,2.064,0.903,,37.706,80.516,0.000,4.163,12.761,247.507,105.363,163.299,58.100,25.789,0.011,0.002,75.553,1.154,19.801,1.753,19.800,0.369
2026,1,2026_01_ATL_PIT,ATL,PIT,Brian Robinson,RB,,0,0,9,31,0,0,0,0.000,0.290,0.250,17.000,-6.500,0,4.000,60.072,0.520,0.000,0.000,,,4.479,17.387,0.157,3.987,0.636,0.452,1.874,0.020,0.001,3.162,0.185,64,0,0,0,0.000,0.000,0.000,0.000,0.000,0.000,0.000,1.000,1.000,4.479,0.636,00-0029604,,,,0,,,,,,,,,,,,,0.001,0.015,2.408,1.594,0.376,,4.245,23.092,0.000,-1.992,-1.750,247.507,105.363,163.299,58.100,25.789,0.011,0.002,,,19.801,1.753,19.800,0.369
2026,1,2026_01_ATL_PIT,ATL,PIT,Kyle Pitts,TE,TE1,0,0,0,0,1,0,0,0.053,0.000,0.630,17.000,-6.500,0,4.000,60.072,0.520,0.000,0.000,,,0.000,-0.000,0.000,,7.254,5.282,58.672,0.239,0.242,7.388,0.887,79,0,0,0,0.000,0.000,0.000,0.000,0.000,0.000,0.000,1.000,1.000,0.000,7.254,00-0029604,0.239,7.177,58.735,22,3.286,5.553,8.118,-0.303,70.641,,,,,,,,0.026,0.178,,,,,54.517,0.000,0.000,4.156,-0.000,247.507,105.363,163.299,58.100,25.789,0.011,0.002,31.886,1.181,19.801,1.753,19.800,0.369
2026,1,2026_01_ATL_PIT,ATL,PIT,Nick Muse,TE,,0,0,0,0,0,0,0,0.000,0.000,0.080,17.000,-6.500,0,4.000,60.072,0.520,0.000,0.000,,,0.000,0.000,0.000,,1.000,1.000,22.000,0.023,0.030,22.000,0.030,2,0,0,0,0.000,0.000,0.000,0.000,0.000,0.000,0.000,1.000,1.000,0.000,1.000,00-0029604,,,,0,,,,,,,,,,,,,0.000,0.000,,,,,12.360,0.000,0.000,9.640,0.000,247.507,105.363,163.299,58.100,25.789,0.011,0.002,,,19.801,1.753,19.800,0.369
2026,1,2026_01_ATL_PIT,ATL,PIT,Chris Blair,WR,,0,0,0,0,0,0,0,0.000,0.000,0.170,17.000,-6.500,0,4.000,60.072,0.520,0.000,0.000,,,0.000,0.000,0.000,,0.608,0.278,4.718,0.020,0.045,,0.109,4,0,0,0,0.000,0.000,0.000,0.000,0.000,0.000,0.000,1.000,1.000,0.000,0.608,00-0029604,0.000,0.000,0.000,1,,,,,,,,,,,,,,,,,,,,,,,,247.507,105.363,163.299,58.100,25.789,0.011,0.002,,,19.801,1.753,19.800,0.369
2026,1,2026_01_ATL_PIT,ATL,PIT,Drake London,WR,WR1,0,0,1,6,4,2,29,0.211,0.032,0.980,17.000,-6.500,0,4.000,60.072,0.520,0.000,0.003,,,0.008,-0.025,0.000,,8.627,5.079,73.329,0.280,0.407,7.987,0.909,63,0,0,0,0.000,0.000,0.000,0.000,0.000,0.000,0.000,1.000,1.000,0.008,8.627,00-0029604,0.237,7.429,54.815,17,2.736,6.535,11.715,0.645,58.508,,,,,,,,0.019,0.063,,,,,72.730,0.049,0.002,0.599,-0.074,247.507,105.363,163.299,58.100,25.789,0.011,0.002,65.987,1.082,19.801,1.753,19.800,0.369
2026,1,2026_01_ATL_PIT,ATL,PIT,Jahan Dotson,WR,WR3,0,0,0,0,3,1,19,0.158,0.000,0.630,17.000,-6.500,0,4.000,60.072,0.520,0.000,0.000,,,0.001,0.019,0.000,,2.739,1.191,14.460,0.089,0.137,4.518,0.595,62,0,0,0,0.000,0.000,0.000,0.000,0.000,0.000,0.000,1.000,1.000,0.001,2.739,00-0029604,,,,0,,,,,,,,,,,,,0.000,0.033,,,,,23.653,0.013,0.000,-8.735,0.010,247.507,105.363,163.299,58.100,25.789,0.011,0.002,28.574,1.437,19.801,1.753,19.800,0.369
2026,1,2026_01_ATL_PIT,ATL,PIT,Olamide Zaccheaus,WR,WR2,0,0,0,0,1,1,5,0.053,0.000,0.300,17.000,-6.500,0,4.000,60.072,0.520,0.000,0.000,,,0.088,0.462,0.003,,3.493,1.895,16.591,0.107,0.095,4.373,0.519,95,0,0,0,0.000,0.000,0.000,0.000,0.000,0.000,0.000,1.000,1.000,0.088,3.493,00-0029604,,,,0,,,,,,,,,,,,,0.056,0.060,,,,,24.409,0.496,0.000,-7.788,-0.034,247.507,105.363,163.299,58.100,25.789,0.011,0.002,53.998,1.817,19.801,1.753,19.800,0.369
2026,1,2026_01_ATL_PIT,ATL,PIT,Zachariah Branch,WR,,0,0,0,0,0,0,0,0.000,0.000,0.300,17.000,-6.500,0,4.000,60.072,0.520,,,,,,,,,,,,,,,,1,0,0,0,0.000,0.000,0.000,0.000,0.000,0.000,0.000,1.000,1.000,,,00-0029604,,,,0,,,,,,,,,,,,,,,,,,,,,,,,247.507,105.363,163.299,58.100,25.789,0.011,0.002,,,19.801,1.753,19.800,0.369
2026,1,2026_01_BAL_IND,BAL,IND,Lamar Jackson,QB,,25,324,7,40,0,0,0,0.000,0.189,1.000,25.750,3.000,1,0.000,55.912,0.412,21.833,192.381,9.494,1.859,5.012,25.155,0.172,5.381,0.001,0.001,0.008,0.000,-0.000,,0.900,125,0,0,0,0.000,0.000,0.000,0.000,0.025,0.000,0.000,1.000,1.000,5.012,0.001,00-0034796,,,,0,,,,,,,,,3.108,9.927,-4.060,0.066,,,4.148,1.249,0.378,0.237,0.003,28.071,168.354,0.005,-2.916,259.485,96.301,168.811,70.639,19.984,0.020,-0.015,,,-2.695,-11.084,-2.696,0.374
2026,1,2026_01_BAL_IND,BAL,IND,Derrick Henry,RB,RB1,0,0,24,144,1,1,19,0.042,0.649,0.540,25.750,3.000,1,0.000,55.912,0.412,0.014,0.003,,,20.313,114.957,0.607,5.798,0.989,0.638,7.469,0.041,-0.004,9.261,0.555,130,0,0,0,0.000,0.000,0.000,0.000,0.025,0.000,0.000,1.000,1.000,20.313,0.989,00-0034796,0.047,1.152,9.493,32,,,,,,3.322,35.804,1.385,,,,,0.061,0.113,3.228,2.574,0.965,,5.396,87.921,0.059,2.073,27.036,259.485,96.301,168.811,70.639,19.984,0.020,-0.015,64.074,1.148,-2.695,-11.084,-2.696,0.374
2026,1,2026_01_BAL_IND,BAL,IND,Justice Hill,RB,,0,0,6,18,1,1,10,0.042,0.162,0.460,25.750,3.000,1,0.000,55.912,0.412,0.000,0.000,,,1.925,9.990,0.065,,2.395,1.879,14.473,0.090,-0.002,,0.339,91,0,0,0,0.000,0.000,0.000,0.000,0.025,0.000,0.000,1.000,1.000,1.925,2.395,00-0034796,0.101,2.650,17.477,77,,,,,,,,,,,,,,,,,,,,,,,,259.485,96.301,168.811,70.639,19.984,0.020,-0.015,,,-2.695,-11.084,-2.696,0.374
2026,1,2026_01_BAL_IND,BAL,IND,Rasheen Ali,RB,,0,0,0,0,0,0,0,0.000,0.000,0.000,25.750,3.000,1,0.000,55.912,0.412,0.000,0.000,,,0.614,1.629,0.024,1.905,1.171,0.926,6.236,0.059,0.001,,0.185,21,0,0,0,0.000,0.000,0.000,0.000,0.025,0.000,0.000,1.000,1.000,0.614,1.171,00-0034796,0.048,0.950,6.306,16,,,,,,,,,,,,,,,1.302,0.612,0.000,,7.613,4.496,0.000,-0.709,-1.929,259.485,96.301,168.811,70.639,19.984,0.020,-0.015,,,-2.695,-11.084,-2.696,0.374
2026,1,2026_01_BAL_IND,BAL,IND,Durham Smythe,TE,,0,0,0,0,1,1,4,0.042,0.000,0.620,25.750,3.000,1,0.000,55.912,0.412,0.000,0.000,,,0.000,0.000,0.000,,1.072,0.732,4.639,0.030,0.018,4.581,0.282,101,0,0,0,0.000,0.000,0.000,0.000,0.025,0.000,0.000,1.000,1.000,0.000,1.072,00-0034796,,,,0,,,,,,,,,,,,,0.027,0.000,,,,,10.658,0.001,0.000,-4.477,-0.000,259.485,96.301,168.811,70.639,19.984,0.020,-0.015,,,-2.695,-11.084,-2.696,0.374
2026,1,2026_01_BAL_IND,BAL,IND,Mark Andrews,TE,TE1,0,0,0,0,6,4,49,0.250,0.000,0.720,25.750,3.000,1,0.000,55.912,0.412,0.000,0.000,,,0.468,2.386,0.014,,3.943,2.628,23.441,0.181,0.174,6.004,0.564,130,0,0,0,0.000,0.000,0.000,0.000,0.025,0.000,0.000,1.000,1.000,0.468,3.943,00-0034796,0.180,4.043,24.126,104,,,,,,,,,,,,,0.034,0.005,,,,,28.005,1.303,0.000,-4.564,1.083,259.485,96.301,168.811,70.639,19.984,0.020,-0.015,57.905,1.402,-2.695,-11.084,-2.696,0.374
2026,1,2026_01_BAL_IND,BAL,IND,Matthew Hibner,TE,,0,0,0,0,1,1,13,0.042,0.000,0.340,25.750,3.000,1,0.000,55.912,0.412,,,,,,,,,,,,,,,,1,0,0,0,0.000,0.000,0.000,0.000,0.025,0.000,0.000,1.000,1.000,,,00-0034796,,,,0,,,,,,,,,,,,,,,,,,,,,,,,259.485,96.301,168.811,70.639,19.984,0.020,-0.015,,,-2.695,-11.084,-2.696,0.374
2026,1,2026_01_BAL_IND,BAL,IND,Chris Moore,WR,WR3,0,0,0,0,2,1,53,0.083,0.000,0.370,25.750,3.000,1,0.000,55.912,0.412,0.000,0.000,,,0.069,0.752,0.003,,2.272,1.181,20.427,0.086,0.141,10.716,0.490,77,0,0,0,0.000,0.000,0.000,0.000,0.025,0.000,0.000,1.000,1.000,0.069,2.272,00-0034796,,,,0,,,,,,,,,,,,,0.137,0.010,,,,,26.292,0.599,0.000,0.903,0.464,259.485,96.301,168.811,70.639,19.984,0.020,-0.015,52.099,2.090,-2.695,-11.084,-2.696,0.374
2026,1,2026_01_BAL_IND,BAL,IND,Ja'Kobi Lane,WR,,0,0,0,0,3,1,11,0.125,0.000,0.400,25.750,3.000,1,0.000,55.912,0.412,,,,,,,,,,,,,,,,1,0,0,0,0.000,0.000,0.000,0.000,0.025,0.000,0.000,1.000,1.000,,,00-0034796,,,,0,,,,,,,,,,,,,,,,,,,,,,,,259.485,96.301,168.811,70.639,19.984,0.020,-0.015,,,-2.695,-11.084,-2.696,0.374
2026,1,2026_01_BAL_IND,BAL,IND,LaJohntay Wester,WR,,0,0,0,0,2,2,15,0.083,0.000,0.290,25.750,3.000,1,0.000,55.912,0.412,0.000,0.000,,,0.000,0.000,0.000,,0.000,0.000,0.000,0.000,0.000,,0.092,15,0,0,0,0.000,0.000,0.000,0.000,0.025,0.000,0.000,1.000,1.000,0.000,0.000,00-0034796,0.000,0.000,0.000,11,,,,,,,,,,,,,,,,,,,,,,,,259.485,96.301,168.811,70.639,19.984,0.020,-0.015,,,-2.695,-11.084,-2.696,0.374
2026,1,2026_01_BAL_IND,BAL,IND,Rashod Bateman,WR,WR2,0,0,0,0,1,0,0,0.042,0.000,0.780,25.750,3.000,1,0.000,55.912,0.412,0.000,0.000,,,0.000,0.002,0.000,,2.562,1.318,16.511,0.104,0.153,5.652,0.682,67,0,0,0,0.000,0.000,0.000,0.000,0.025,0.000,0.000,1.000,1.000,0.000,2.562,00-0034796,0.121,3.110,20.851,56,,,,,,,,,,,,,0.086,0.000,,,,,20.598,0.001,0.000,-4.088,0.002,259.485,96.301,168.811,70.639,19.984,0.020,-0.015,47.508,1.233,-2.695,-11.084,-2.696,0.374
2026,1,2026_01_BAL_IND,BAL,IND,Zay Flowers,WR,WR1,0,0,0,0,6,5,150,0.250,0.000,0.290,25.750,3.000,1,0.000,55.912,0.412,0.000,0.000,,,0.477,3.769,0.014,,6.510,4.692,75.157,0.305,0.392,11.769,0.854,53,0,0,0,0.000,0.000,0.000,0.000,0.025,0.000,0.000,1.000,1.000,0.477,6.510,00-0034796,0.306,6.643,80.756,48,3.373,6.741,11.201,0.450,72.121,,,,,,,,0.064,0.277,,,,,54.182,2.663,0.000,20.975,1.107,259.485,96.301,168.811,70.639,19.984,0.020,-0.015,60.895,0.943,-2.695,-11.084,-2.696,0.374
2026,1,2026_01_BUF_HOU,BUF,HOU,Josh Allen,QB,,29,334,6,23,0,0,0,0.000,0.286,1.000,23.000,1.500,1,0.000,64.247,0.486,30.960,236.771,7.627,3.822,8.559,40.112,0.274,4.709,0.000,0.000,0.015,0.000,-0.000,,0.992,142,0,0,0,0.000,0.000,0.000,0.000,0.000,0.000,0.000,1.000,1.000,8.559,0.000,00-0034857,,,,0,,,,,,,,,2.814,9.615,0.351,-1.335,,,3.078,1.666,0.324,0.185,0.000,32.347,226.363,0.000,7.765,202.545,74.263,132.159,42.545,30.255,-0.101,-0.031,,,-13.108,-19.114,-13.106,0.315
2026,1,2026_01_BUF_HOU,BUF,HOU,Frank Gore Jr.,RB,,0,0,1,3,0,0,0,0.000,0.048,0.190,23.000,1.500,1,0.000,64.247,0.486,0.000,0.000,,,0.000,0.000,0.000,,0.457,0.457,2.741,0.013,0.005,,0.027,3,0,0,0,0.000,0.000,0.000,0.000,0.000,0.000,0.000,1.000,1.000,0.000,0.457,00-0034857,0.013,0.457,2.741,2,,,,,,,,,,,,,,,,,,,,,,,,202.545,74.263,132.159,42.545,30.255,-0.101,-0.031,,,-13.108,-19.114,-13.106,0.315
2026,1,2026_01_BUF_HOU,BUF,HOU,James Cook,RB,RB1,0,0,13,57,4,3,12,0.143,0.619,0.720,23.000,1.500,1,0.000,64.247,0.486,0.000,0.000,,,17.551,84.664,0.549,5.077,2.465,1.710,14.748,0.081,0.009,6.655,0.538,76,0,0,0,0.000,0.000,0.000,0.000,0.000,0.000,0.000,1.000,1.000,17.551,2.465,00-0034857,0.092,2.775,16.753,73,,,,,,3.662,31.322,0.642,,,,,0.153,0.137,3.112,1.937,0.816,,15.908,73.959,0.000,-1.160,10.705,202.545,74.263,132.159,42.545,30.255,-0.101,-0.031,46.029,0.753,-13.108,-19.114,-13.106,0.315
2026,1,2026_01_BUF_HOU,BUF,HOU,Ray Davis,RB,,0,0,1,3,0,0,0,0.000,0.048,0.090,23.000,1.500,1,0.000,64.247,0.486,0.000,0.000,,,3.672,22.708,0.091,,1.019,0.957,11.950,0.036,-0.004,9.434,0.241,40,0,0,0,0.000,0.000,0.000,0.000,0.000,0.000,0.000,1.000,1.000,3.672,1.019,00-0034857,0.031,0.875,10.179,37,,,,,,,,,,,,,0.092,0.000,,,,,6.797,22.855,0.000,3.264,6.517,202.545,74.263,132.159,42.545,30.255,-0.101,-0.031,,,-13.108,-19.114,-13.106,0.315
2026,1,2026_01_BUF_HOU,BUF,HOU,Dalton Kincaid,TE,TE1,0,0,0,0,6,5,130,0.214,0.000,0.720,23.000,1.500,1,0.000,64.247,0.486,0.000,0.000,,,0.000,0.000,0.000,,4.280,3.379,45.650,0.141,0.177,9.967,0.382,49,0,0,0,0.000,0.000,0.000,0.000,0.000,0.000,0.000,1.000,1.000,0.000,4.280,00-0034857,0.146,4.381,44.657,47,3.517,5.888,8.172,0.951,76.885,,,,,,,,0.031,0.039,,,,,35.730,0.000,0.000,9.920,0.000,202.545,74.263,132.159,42.545,30.255,-0.101,-0.031,29.307,0.690,-13.108,-19.114,-13.106,0.315
2026,1,2026_01_BUF_HOU,BUF,HOU,Dawson Knox,TE,,0,0,0,0,1,1,7,0.036,0.000,0.670,23.000,1.500,1,0.000,64.247,0.486,0.000,0.000,,,0.000,0.000,0.000,,3.561,2.766,29.693,0.118,0.123,8.810,0.555,112,0,0,0,0.000,0.000,0.000,0.000,0.000,0.000,0.000,1.000,1.000,0.000,3.561,00-0034857,0.125,3.741,30.377,110,4.049,4.927,6.653,-0.240,67.705,,,,,,,,0.043,0.000,,,,,25.255,0.000,0.000,4.437,0.000,202.545,74.263,132.159,42.545,30.255,-0.101,-0.031,,,-13.108,-19.114,-13.106,0.315
2026,1,2026_01_BUF_HOU,BUF,HOU,Keleki Latu,TE,,0,0,0,0,0,0,0,0.000,0.000,0.070,23.000,1.500,1,0.000,64.247,0.486,0.000,0.000,,,0.000,0.000,0.000,,1.455,1.455,13.276,0.051,0.019,7.440,0.367,4,0,0,0,0.000,0.000,0.000,0.000,0.000,0.000,0.000,1.000,1.000,0.000,1.455,00-0034857,0.015,0.457,1.827,2,,,,,,,,,,,,,0.000,1.086,,,,,13.271,0.000,0.000,5.396,0.000,202.545,74.263,132.159,42.545,30.255,-0.101,-0.031,,,-13.108,-19.114,-13.106,0.315
2026,1,2026_01_BUF_HOU,BUF,HOU,DJ Moore,WR,WR2,0,0,0,0,8,5,100,0.286,0.000,0.760,23.000,1.500,1,0.000,64.247,0.486,0.026,0.047,,,0.652,3.226,0.021,5.904,5.669,3.516,43.163,0.164,0.192,6.827,0.842,134,0,0,0,0.000,0.000,0.000,0.000,0.000,0.000,0.000,1.000,1.000,0.652,5.669,00-0034857,,,,0,3.393,6.903,11.390,0.381,69.390,,,,,,,,0.067,0.069,4.647,1.257,0.117,,44.559,3.683,0.040,-1.741,-0.458,202.545,74.263,132.159,42.545,30.255,-0.101,-0.031,39.516,1.113,-13.108,-19.114,-13.106,0.315
2026,1,2026_01_BUF_HOU,BUF,HOU,Greg Dortch,WR,,0,0,0,0,0,0,0,0.000,0.000,0.000,23.000,1.500,1,0.000,64.247,0.486,0.000,0.000,,,0.666,0.946,0.030,,3.245,2.750,22.792,0.077,0.023,6.330,0.386,69,0,0,0,0.000,0.000,0.000,0.000,0.000,0.000,0.000,1.000,1.000,0.666,3.245,00-0034857,,,,0,,,,,,,,,,,,,0.021,0.374,,,,,18.832,3.408,0.000,4.001,-2.456,202.545,74.263,132.159,42.545,30.255,-0.101,-0.031,,,-13.108,-19.114,-13.106,0.315
2026,1,2026_01_BUF_HOU,BUF,HOU,Josh Palmer,WR,,0,0,0,0,2,1,34,0.071,0.000,0.310,23.000,1.500,1,0.000,64.247,0.486,0.000,0.000,,,0.001,0.009,0.000,,2.987,1.663,20.323,0.102,0.127,7.191,0.549,70,0,0,0,0.000,0.000,0.000,0.000,0.000,0.000,0.000,1.000,1.000,0.001,2.987,00-0034857,0.091,2.625,21.171,11,,,,,,,,,,,,,0.004,0.001,,,,,25.400,0.011,0.000,-5.122,-0.002,202.545,74.263,132.159,42.545,30.255,-0.101,-0.031,,,-13.108,-19.114,-13.106,0.315
2026,1,2026_01_BUF_HOU,BUF,HOU,Keon Coleman,WR,WR3,0,0,0,0,1,1,1,0.036,0.000,0.500,23.000,1.500,1,0.000,64.247,0.486,0.000,0.000,,,0.008,0.076,0.000,,3.706,2.073,27.283,0.124,0.193,10.320,0.576,31,0,0,0,0.000,0.000,0.000,0.000,0.000,0.000,0.000,1.000,1.000,0.008,3.706,00-0034857,0.124,3.698,24.756,28,,,,,,,,,,,,,0.112,0.032,,,,,30.196,0.059,0.000,-2.913,0.016,202.545,74.263,132.159,42.545,30.255,-0.101,-0.031,42.154,1.220,-13.108,-19.114,-13.106,0.315
2026,1,2026_01_BUF_HOU,BUF,HOU,Khalil Shakir,WR,WR1,0,0,0,0,6,4,50,0.214,0.000,0.530,23.000,1.500,1,0.000,64.247,0.486,0.000,0.000,,,0.018,0.088,0.001,,7.169,5.918,52.763,0.235,0.082,7.055,0.628,67,0,0,0,0.000,0.000,0.000,0.000,0.000,0.000,0.000,1.000,1.000,0.018,7.169,00-0034857,0.235,7.169,52.763,66,3.721,7.012,3.038,2.119,83.762,,,,,,,,0.034,0.724,,,,,42.834,0.116,0.000,8.368,-0.027,202.545,74.263,132.159,42.545,30.255,-0.101,-0.031,41.087,0.769,-13.108,-19.114,-13.106,0.315
2026,1,2026_01_CHI_CAR,CAR,CHI,Bryce Young,QB,,37,361,2,10,0,0,0,0.000,0.091,0.900,22.250,-3.000,0,2.000,55.339,0.561,30.742,199.993,6.359,-1.532,3.936,17.554,0.167,4.027,0.000,0.000,0.000,0.000,0.000,,0.985,48,0,0,0,0.000,0.000,0.000,0.000,0.000,0.000,0.000,1.000,1.000,3.936,0.000,00-0039150,,,,0,,,,,,,,,2.923,13.184,0.534,-1.574,,,3.436,0.594,0.129,0.255,0.000,17.263,211.380,0.000,0.291,260.396,103.012,182.081,50.065,26.113,0.014,0.005,,,-7.996,0.866,-7.998,0.437
2026,1,2026_01_CHI_CAR,CAR,CHI,Kenny Pickett,QB,,1,0,1,24,0,0,0,0.000,0.045,0.100,22.250,-3.000,0,2.000,55.339,0.561,9.101,46.743,4.282,-3.861,1.493,3.598,0.063,3.027,0.000,0.000,0.000,0.000,0.000,,0.353,39,0,0,0,0.000,0.000,0.000,0.000,0.000,0.000,0.000,1.000,1.000,1.493,0.000,00-0039150,,,,0,,,,,,,,,,,,,,,2.440,0.591,0.134,0.268,0.000,4.977,55.130,0.000,-1.379,260.396,103.012,182.081,50.065,26.113,0.014,0.005,,,-7.996,0.866,-7.998,0.437
2026,1,2026_01_CHI_CAR,CAR,CHI,AJ Dillon,RB,,0,0,5,28,0,0,0,0.000,0.227,0.100,22.250,-3.000,0,2.000,55.339,0.561,0.000,0.000,,,5.078,19.537,0.200,,1.031,0.902,7.852,0.031,0.005,7.412,0.233,68,0,0,0,0.000,0.000,0.000,0.000,0.000,0.000,0.000,1.000,1.000,5.078,1.031,00-0039150,,,,0,,,,,,,,,,,,,0.018,0.567,,,,,5.666,21.719,0.000,2.187,-2.182,260.396,103.012,182.081,50.065,26.113,0.014,0.005,,,-7.996,0.866,-7.998,0.437
2026,1,2026_01_CHI_CAR,CAR,CHI,Chuba Hubbard,RB,RB1,0,0,10,49,3,3,38,0.088,0.455,0.710,22.250,-3.000,0,2.000,55.339,0.561,0.000,0.000,,,8.783,33.713,0.363,3.728,2.575,1.970,12.323,0.090,-0.056,5.202,0.475,79,0,0,0,0.000,0.000,0.000,0.000,0.000,0.000,0.000,1.000,1.000,8.783,2.575,00-0039150,0.092,2.643,12.817,41,,,,,,3.891,23.642,0.009,,,,,0.110,0.148,2.226,1.502,0.220,,13.380,37.114,0.000,-1.058,-3.401,260.396,103.012,182.081,50.065,26.113,0.014,0.005,71.728,1.131,-7.996,0.866,-7.998,0.437
2026,1,2026_01_CHI_CAR,CAR,CHI,Jonathon Brooks,RB,,0,0,4,14,2,1,48,0.059,0.182,0.190,22.250,-3.000,0,2.000,55.339,0.561,0.000,0.000,,,2.928,6.706,0.132,0.784,0.990,0.990,7.590,0.024,-0.006,,0.107,4,0,0,0,0.000,0.000,0.000,0.000,0.000,0.000,0.000,1.000,1.000,2.928,0.990,00-0039150,,,,0,,,,,,,,,,,,,,,-0.226,1.010,0.330,,3.541,11.222,0.000,4.049,-4.516,260.396,103.012,182.081,50.065,26.113,0.014,0.005,,,-7.996,0.866,-7.998,0.437
2026,1,2026_01_CHI_CAR,CAR,CHI,Darren Waller,TE,TE1,0,0,0,0,2,2,28,0.059,0.000,0.350,22.250,-3.000,0,2.000,55.339,0.561,0.000,0.000,,,0.095,0.378,0.002,,4.385,2.952,32.795,0.165,0.226,6.953,0.487,78,0,0,0,0.000,0.000,0.000,0.000,0.000,0.000,0.000,1.000,1.000,0.095,4.385,00-0039150,,,,0,,,,,,,,,,,,,0.015,0.003,,,,,35.398,0.601,0.000,0.245,-0.222,260.396,103.012,182.081,50.065,26.113,0.014,0.005,35.748,1.289,-7.996,0.866,-7.998,0.437
2026,1,2026_01_CHI_CAR,CAR,CHI,Feleipe Franks,TE,,0,0,0,0,0,0,0,0.000,0.000,0.070,22.250,-3.000,0,2.000,55.339,0.561,0.003,0.000,,,0.172,0.332,0.006,,0.068,0.028,0.340,0.002,0.003,,0.029,29,0,0,0,0.000,0.000,0.000,0.000,0.000,0.000,0.000,1.000,1.000,0.172,0.068,00-0039150,,,,0,,,,,,,,,,,,,,,,,,,,,,,,260.396,103.012,182.081,50.065,26.113,0.014,0.005,,,-7.996,0.866,-7.998,0.437
2026,1,2026_01_CHI_CAR,CAR,CHI,Mitchell Evans,TE,,0,0,0,0,2,1,9,0.059,0.000,0.400,22.250,-3.000,0,2.000,55.339,0.561,0.000,0.000,,,0.122,0.122,0.005,,1.717,1.118,8.958,0.063,0.023,4.670,0.428,16,0,0,0,0.000,0.000,0.000,0.000,0.000,0.000,0.000,1.000,1.000,0.122,1.717,00-0039150,0.063,1.717,8.958,15,,,,,,,,,,,,,0.062,0.000,,,,,11.180,0.318,0.000,-1.070,-0.195,260.396,103.012,182.081,50.065,26.113,0.014,0.005,,,-7.996,0.866,-7.998,0.437
2026,1,2026_01_CHI_CAR,CAR,CHI,Tommy Tremble,TE,,0,0,0,0,5,3,25,0.147,0.000,0.560,22.250,-3.000,0,2.000,55.339,0.561,0.000,0.000,,,0.000,0.000,0.000,,2.501,1.902,18.322,0.090,0.060,6.835,0.668,72,0,0,0,0.000,0.000,0.000,0.000,0.000,0.000,0.000,1.000,1.000,0.000,2.501,00-0039150,0.093,2.584,18.956,37,,,,,,,,,,,,,0.049,0.011,,,,,14.725,0.000,0.000,3.602,0.000,260.396,103.012,182.081,50.065,26.113,0.014,0.005,,,-7.996,0.866,-7.998,0.437
2026,1,2026_01_CHI_CAR,CAR,CHI,Brycen Tremayne,WR,,0,0,0,0,0,0,0,0.000,0.000,0.180,22.250,-3.000,0,2.000,55.339,0.561,0.000,0.000,,,0.000,0.000,0.000,,0.930,0.596,6.877,0.031,0.060,6.104,0.179,19,0,0,0,0.000,0.000,0.000,0.000,0.000,0.000,0.000,1.000,1.000,0.000,0.930,00-0039150,0.032,0.994,7.498,15,,,,,,,,,,,,,0.000,0.068,,,,,12.036,0.000,0.000,1.370,0.000,260.396,103.012,182.081,50.065,26.113,0.014,0.005,,,-7.996,0.866,-7.998,0.437
2026,1,2026_01_CHI_CAR,CAR,CHI,Jalen Coker,WR,WR2,0,0,0,0,9,8,138,0.265,0.000,0.840,22.250,-3.000,0,2.000,55.339,0.561,0.020,0.385,,,0.000,0.000,0.000,,5.636,4.366,56.009,0.194,0.243,9.620,0.765,24,0,0,0,0.000,0.000,0.000,0.000,0.000,0.000,0.000,1.000,1.000,0.000,5.636,00-0039150,0.196,5.727,56.823,18,2.708,5.614,11.134,0.847,69.974,,,,,,,,0.000,0.070,,,,,44.905,0.000,0.240,11.104,0.000,260.396,103.012,182.081,50.065,26.113,0.014,0.005,64.711,1.638,-7.996,0.866,-7.998,0.437
2026,1,2026_01_CHI_CAR,CAR,CHI,Jimmy Horn Jr.,WR,,0,0,0,0,1,0,0,0.029,0.000,0.210,22.250,-3.000,0,2.000,55.339,0.561,0.000,0.000,,,0.440,4.830,0.016,,1.426,0.851,7.613,0.055,0.018,6.345,0.234,12,0,0,0,0.000,0.000,0.000,0.000,0.000,0.000,0.000,1.000,1.000,0.440,1.426,00-0039150,0.057,1.470,8.359,10,,,,,,,,,,,,,0.165,0.233,,,,,10.835,2.900,0.000,-3.222,1.930,260.396,103.012,182.081,50.065,26.113,0.014,0.005,,,-7.996,0.866,-7.998,0.437
2026,1,2026_01_CHI_CAR,CAR,CHI,Tetairoa McMillan,WR,WR1,0,0,0,0,8,5,75,0.235,0.000,0.820,22.250,-3.000,0,2.000,55.339,0.561,0.000,0.000,,,0.000,0.000,0.000,,6.549,3.852,59.637,0.231,0.465,9.308,0.866,19,0,0,0,0.000,0.000,0.000,0.000,0.000,0.000,0.000,1.000,1.000,0.000,6.549,00-0039150,0.225,6.456,58.339,17,2.626,6.398,12.946,-0.387,61.035,,,,,,,,0.082,0.032,,,,,54.678,0.000,0.000,4.820,0.000,260.396,103.012,182.081,50.065,26.113,0.014,0.005,61.809,0.898,-7.996,0.866,-7.998,0.437
2026,1,2026_01_CHI_CAR,CAR,CHI,Xavier Legette,WR,WR3,0,0,0,0,2,0,0,0.059,0.000,0.530,22.250,-3.000,0,2.000,55.339,0.561,0.000,0.000,,,0.031,0.057,0.002,,3.731,1.976,20.181,0.127,0.175,4.814,0.577,32,0,0,0,0.000,0.000,0.000,0.000,0.000,0.000,0.000,1.000,1.000,0.031,3.731,00-0039150,0.129,3.822,20.629,25,,,,,,,,,,,,,0.015,0.176,,,,,27.694,0.222,0.000,-7.513,-0.165,260.396,103.012,182.081,50.065,26.113,0.014,0.005,22.565,0.849,-7.996,0.866,-7.998,0.437
2026,1,2026_01_CHI_CAR,CHI,CAR,Caleb Williams,QB,,29,269,10,65,0,0,0,0.000,0.256,1.000,25.250,3.000,0,2.000,67.171,0.561,37.343,255.222,6.833,4.130,4.036,22.691,0.138,5.239,0.047,0.047,0.521,0.001,-0.000,,0.998,37,0,0,0,0.000,0.000,0.000,0.000,0.700,0.000,0.000,1.000,1.000,4.036,0.047,00-0039918,,,,0,,,,,,,,,3.171,10.951,-6.388,0.447,,,3.857,1.369,0.155,0.262,0.093,22.250,284.430,0.428,0.441,224.013,114.636,136.489,58.444,28.767,0.035,0.028,,,-8.454,-3.229,-8.455,0.215
2026,1,2026_01_CHI_CAR,CHI,CAR,D'Andre Swift,RB,RB1,0,0,18,124,1,1,10,0.038,0.462,0.570,25.250,3.000,0,2.000,67.171,0.561,0.000,0.000,,,14.082,65.146,0.481,4.582,2.067,1.533,15.767,0.063,0.001,,0.570,93,0,0,0,0.000,0.000,0.000,0.000,0.700,0.000,0.000,1.000,1.000,14.082,2.067,00-0039918,0.063,2.066,15.771,35,,,,,,4.012,23.181,0.262,,,,,,,2.962,1.605,0.543,,13.076,61.255,-0.000,1.839,3.891,224.013,114.636,136.489,58.444,28.767,0.035,0.028,72.050,1.157,-8.454,-3.229,-8.455,0.215
2026,1,2026_01_CHI_CAR,CHI,CAR,Kyle Monangai,RB,,0,0,10,100,2,2,24,0.077,0.256,0.430,25.250,3.000,0,2.000,67.171,0.561,0.000,0.000,,,10.525,41.943,0.346,3.756,2.520,1.702,17.004,0.071,0.000,7.129,0.425,20,0,0,0,0.000,0.000,0.000,0.000,0.700,0.000,0.000,1.000,1.000,10.525,2.520,00-0039918,0.071,2.520,17.004,19,,,,,,4.130,23.759,-0.031,,,,,0.143,0.068,2.082,1.656,0.135,,15.301,44.187,0.000,1.703,-2.244,224.013,114.636,136.489,58.444,28.767,0.035,0.028,,,-8.454,-3.229,-8.455,0.215
2026,1,2026_01_CHI_CAR,CHI,CAR,Roschon Johnson,RB,,0,0,0,0,0,0,0,0.000,0.000,0.000,25.250,3.000,0,2.000,67.171,0.561,0.000,0.000,,,1.454,5.344,0.051,,0.580,0.512,2.656,0.021,-0.003,,0.111,35,0,0,0,0.000,0.000,0.000,0.000,0.700,0.000,0.000,1.000,1.000,1.454,0.580,00-0039918,0.019,0.513,2.206,19,,,,,,,,,,,,,,,,,,,,,,,,224.013,114.636,136.489,58.444,28.767,0.035,0.028,,,-8.454,-3.229,-8.455,0.215
2026,1,2026_01_CHI_CAR,CHI,CAR,Cole Kmet,TE,,0,0,0,0,3,2,35,0.115,0.000,0.570,25.250,3.000,0,2.000,67.171,0.561,0.024,0.000,,,0.134,0.134,0.005,,2.856,1.917,19.826,0.086,0.064,6.627,0.713,101,0,0,0,0.000,0.000,0.000,0.000,0.700,0.000,0.000,1.000,1.000,0.134,2.856,00-0039918,0.086,2.848,19.744,34,,,,,,,,,,,,,0.019,0.149,,,,,19.532,0.883,0.280,0.463,-0.748,224.013,114.636,136.489,58.444,28.767,0.035,0.028,,,-8.454,-3.229,-8.455,0.215
2026,1,2026_01_CHI_CAR,CHI,CAR,Colston Loveland,TE,TE1,0,0,0,0,2,0,0,0.077,0.000,0.870,25.250,3.000,0,2.000,67.171,0.561,0.000,0.000,,,0.070,-0.140,0.002,,8.564,5.182,68.350,0.240,0.246,7.995,0.726,19,0,0,0,0.000,0.000,0.000,0.000,0.700,0.000,0.000,1.000,1.000,0.070,8.564,00-0039918,0.240,8.564,68.350,18,3.467,6.051,9.585,0.571,61.733,,,,,,,,0.036,0.116,,,,,72.603,0.231,0.000,-4.253,-0.371,224.013,114.636,136.489,58.444,28.767,0.035,0.028,44.676,1.258,-8.454,-3.229,-8.455,0.215
2026,1,2026_01_CHI_CAR,CHI,CAR,Jahdae Walker,WR,WR3,0,0,0,0,1,1,1,0.038,0.000,0.450,25.250,3.000,0,2.000,67.171,0.561,0.000,0.000,,,0.000,0.000,0.000,,2.088,1.254,18.724,0.065,0.094,9.127,0.274,7,0,0,0,0.000,0.000,0.000,0.000,0.700,0.000,0.000,1.000,1.000,0.000,2.088,00-0039918,0.065,2.088,18.724,6,,,,,,,,,,,,,0.131,0.000,,,,,27.359,0.000,0.000,2.498,0.000,224.013,114.636,136.489,58.444,28.767,0.035,0.028,14.219,0.746,-8.454,-3.229,-8.455,0.215
2026,1,2026_01_CHI_CAR,CHI,CAR,Kaden Davis,WR,,0,0,0,0,0,0,0,0.000,0.000,0.130,25.250,3.000,0,2.000,67.171,0.561,0.000,0.000,,,0.000,0.000,0.000,,0.000,0.000,0.000,0.000,0.000,,0.114,3,0,0,0,0.000,0.000,0.000,0.000,0.700,0.000,0.000,1.000,1.000,0.000,0.000,00-0039918,,,,0,,,,,,,,,,,,,,,,,,,,,,,,224.013,114.636,136.489,58.444,28.767,0.035,0.028,,,-8.454,-3.229,-8.455,0.215
2026,1,2026_01_CHI_CAR,CHI,CAR,Kalif Raymond,WR,,0,0,0,0,9,8,84,0.346,0.000,0.600,25.250,3.000,0,2.000,67.171,0.561,0.000,0.000,,,0.082,0.693,0.003,,2.263,1.889,26.555,0.063,0.049,10.984,0.295,105,0,0,0,0.000,0.000,0.000,0.000,0.700,0.000,0.000,1.000,1.000,0.082,2.263,00-0039918,,,,0,,,,,,,,,,,,,0.000,0.048,,,,,20.027,0.757,0.000,9.139,0.139,224.013,114.636,136.489,58.444,28.767,0.035,0.028,,,-8.454,-3.229,-8.455,0.215
2026,1,2026_01_CHI_CAR,CHI,CAR,Luther Burden III,WR,WR2,0,0,1,2,5,5,63,0.192,0.026,0.730,25.250,3.000,0,2.000,67.171,0.561,0.000,0.000,,,0.648,1.840,0.023,3.187,5.750,3.729,49.920,0.165,0.140,8.378,0.515,18,0,0,0,0.000,0.000,0.000,0.000,0.700,0.000,0.000,1.000,1.000,0.648,5.750,00-0039918,0.165,5.750,49.920,17,4.223,7.003,8.288,1.526,62.184,,,,,,,,0.085,0.252,1.687,1.500,0.063,,42.585,3.729,0.000,7.334,-1.888,224.013,114.636,136.489,58.444,28.767,0.035,0.028,34.910,0.774,-8.454,-3.229,-8.455,0.215
2026,1,2026_01_CHI_CAR,CHI,CAR,Rome Odunze,WR,WR1,0,0,0,0,3,2,52,0.115,0.000,0.480,25.250,3.000,0,2.000,67.171,0.561,0.000,0.000,,,0.006,0.035,0.000,,6.733,2.813,45.568,0.198,0.302,6.326,0.815,32,1,1,0,0.000,0.000,0.000,0.000,0.700,0.000,0.000,1.000,1.000,0.006,6.733,00-0039918,0.198,6.733,45.568,31,2.462,6.654,15.070,1.290,41.581,,,,,,,,0.039,0.028,,,,,61.198,0.039,0.000,-15.630,-0.004,224.013,114.636,136.489,58.444,28.767,0.035,0.028,74.628,1.039,-8.454,-3.229,-8.455,0.215
2026,1,2026_01_TB_CIN,CIN,TB,Joe Burrow,QB,,35,254,5,20,0,0,0,0.000,0.185,1.000,27.000,3.500,0,7.000,63.548,0.605,35.604,260.332,7.351,5.683,1.976,7.531,0.074,3.885,0.000,0.000,0.000,0.000,0.000,,0.923,85,0,0,0,0.000,0.000,0.000,0.000,0.000,0.000,0.000,1.000,1.000,1.976,0.000,00-0036442,,,,0,,,,,,,,,2.741,14.214,4.543,-1.025,,,3.568,0.326,0.000,0.208,0.000,9.363,253.544,0.000,-1.833,249.020,77.969,142.233,65.342,42.040,0.025,-0.020,,,10.187,-0.182,10.185,0.303
2026,1,2026_01_TB_CIN,CIN,TB,Chase Brown,RB,RB1,0,0,16,56,6,5,22,0.176,0.593,0.720,27.000,3.500,0,7.000,63.548,0.605,0.000,0.000,,,14.569,68.946,0.586,4.717,5.249,4.262,29.379,0.142,0.010,6.324,0.653,46,0,0,0,0.000,0.000,0.000,0.000,0.000,0.000,0.000,1.000,1.000,14.569,5.249,00-0036442,0.130,4.723,28.401,28,,,,,,4.278,15.338,0.473,,,,,0.038,0.400,2.796,1.923,1.103,,30.443,63.697,0.000,-2.970,5.261,249.020,77.969,142.233,65.342,42.040,0.025,-0.020,51.743,0.918,10.187,-0.182,10.185,0.303
2026,1,2026_01_TB_CIN,CIN,TB,Samaje Perine,RB,,0,0,5,20,3,3,30,0.088,0.185,0.280,27.000,3.500,0,7.000,63.548,0.605,0.000,0.000,,,6.436,27.302,0.254,4.369,1.790,1.429,8.196,0.051,-0.013,5.353,0.367,111,0,0,0,0.000,0.000,0.000,0.000,0.000,0.000,0.000,1.000,1.000,6.436,1.790,00-0036442,0.073,2.517,10.717,51,,,,,,,,,,,,,0.038,0.142,2.474,1.914,0.304,,10.489,27.288,0.000,-2.116,0.074,249.020,77.969,142.233,65.342,42.040,0.025,-0.020,,,10.187,-0.182,10.185,0.303
2026,1,2026_01_TB_CIN,CIN,TB,Tahj Brooks,RB,,0,0,0,0,0,0,0,0.000,0.000,0.030,27.000,3.500,0,7.000,63.548,0.605,0.000,0.000,,,1.732,4.610,0.067,2.824,0.290,0.182,1.636,0.009,-0.002,4.889,0.077,13,0,0,0,0.000,0.000,0.000,0.000,0.000,0.000,0.000,1.000,1.000,1.732,0.290,00-0036442,0.010,0.318,2.864,4,,,,,,,,,,,,,0.000,0.000,1.663,1.163,0.103,,3.345,11.743,0.000,-1.130,-4.349,249.020,77.969,142.233,65.342,42.040,0.025,-0.020,,,10.187,-0.182,10.185,0.303
2026,1,2026_01_TB_CIN,CIN,TB,Drew Sample,TE,,0,0,0,0,3,3,19,0.088,0.000,0.660,27.000,3.500,0,7.000,63.548,0.605,0.000,0.000,,,0.087,0.211,0.003,,1.822,1.591,11.516,0.051,-0.003,5.915,0.601,72,0,0,0,0.000,0.000,0.000,0.000,0.000,0.000,0.000,1.000,1.000,0.087,1.822,00-0036442,0.054,1.964,12.980,46,,,,,,,,,,,,,0.001,0.184,,,,,10.639,0.514,0.000,1.259,-0.309,249.020,77.969,142.233,65.342,42.040,0.025,-0.020,,,10.187,-0.182,10.185,0.303
2026,1,2026_01_TB_CIN,CIN,TB,Mike Gesicki,TE,TE1,0,0,0,0,7,5,78,0.206,0.000,0.330,27.000,3.500,0,7.000,63.548,0.605,0.000,0.000,,,0.000,0.000,0.000,,3.613,2.720,31.044,0.101,0.133,9.115,0.414,123,0,0,0,0.000,0.000,0.000,0.000,0.000,0.000,0.000,1.000,1.000,0.000,3.613,00-0036442,0.105,3.927,35.858,23,,,,,,,,,,,,,0.054,0.000,,,,,28.544,0.000,0.000,2.500,0.000,249.020,77.969,142.233,65.342,42.040,0.025,-0.020,42.738,1.364,10.187,-0.182,10.185,0.303
2026,1,2026_01_TB_CIN,CIN,TB,Tanner Hudson,TE,,0,0,0,0,1,1,4,0.029,0.000,0.090,27.000,3.500,0,7.000,63.548,0.605,0.000,0.000,,,0.012,0.012,0.001,,2.295,1.843,17.206,0.063,0.037,8.726,0.209,47,0,0,0,0.000,0.000,0.000,0.000,0.000,0.000,0.000,1.000,1.000,0.012,2.295,00-0036442,0.063,2.322,17.462,19,,,,,,,,,,,,,0.003,0.062,,,,,14.416,0.038,0.000,2.790,-0.026,249.020,77.969,142.233,65.342,42.040,0.025,-0.020,,,10.187,-0.182,10.185,0.303
2026,1,2026_01_TB_CIN,CIN,TB,Andrei Iosivas,WR,WR3,0,0,0,0,3,2,12,0.088,0.000,0.610,27.000,3.500,0,7.000,63.548,0.605,0.000,0.000,,,0.113,0.524,0.006,,3.518,2.166,25.649,0.096,0.128,7.997,0.719,44,0,0,0,0.000,0.000,0.000,0.000,0.000,0.000,0.000,1.000,1.000,0.113,3.518,00-0036442,0.084,3.084,23.318,29,,,,,,,,,,,,,0.056,0.020,,,,,29.274,0.765,0.000,-3.617,-0.241,249.020,77.969,142.233,65.342,42.040,0.025,-0.020,25.257,1.573,10.187,-0.182,10.185,0.303
2026,1,2026_01_TB_CIN,CIN,TB,Dohnte Meyers,WR,,0,0,1,10,1,1,18,0.029,0.037,0.160,27.000,3.500,0,7.000,63.548,0.605,,,,,,,,,,,,,,,,1,0,0,0,0.000,0.000,0.000,0.000,0.000,0.000,0.000,1.000,1.000,,,00-0036442,,,,0,,,,,,,,,,,,,,,,,,,,,,,,249.020,77.969,142.233,65.342,42.040,0.025,-0.020,,,10.187,-0.182,10.185,0.303
2026,1,2026_01_TB_CIN,CIN,TB,Ja'Marr Chase,WR,WR1,0,0,0,0,4,2,12,0.118,0.000,0.940,27.000,3.500,0,7.000,63.548,0.605,0.000,-0.002,,,0.138,0.840,0.007,,11.441,7.845,90.479,0.314,0.363,7.970,0.937,86,0,1,0,0.000,0.000,0.000,0.000,0.000,0.000,0.000,1.000,1.000,0.138,11.441,00-0036442,0.300,10.950,91.343,69,3.183,5.761,8.158,1.526,69.177,,,,,,,,0.015,0.416,,,,,86.601,0.869,0.001,3.878,-0.029,249.020,77.969,142.233,65.342,42.040,0.025,-0.020,52.567,0.929,10.187,-0.182,10.185,0.303
2026,1,2026_01_TB_CIN,CIN,TB,Tee Higgins,WR,WR2,0,0,0,0,6,3,59,0.176,0.000,0.720,27.000,3.500,0,7.000,63.548,0.605,0.000,0.000,,,0.000,0.000,0.000,,6.957,4.549,63.381,0.191,0.353,10.184,0.771,90,0,0,0,0.000,0.000,0.000,0.000,0.000,0.000,0.000,1.000,1.000,0.000,6.957,00-0036442,0.211,7.432,67.398,68,1.916,5.902,12.908,0.135,64.430,,,,,,,,0.025,0.251,,,,,57.958,0.000,0.000,5.423,-0.000,249.020,77.969,142.233,65.342,42.040,0.025,-0.020,41.373,0.997,10.187,-0.182,10.185,0.303
2026,1,2026_01_CLE_JAX,CLE,JAX,Deshaun Watson,QB,,22,205,6,38,0,0,0,0.000,0.273,1.000,16.000,-8.500,0,3.000,54.345,0.539,28.314,171.080,6.112,-5.206,4.355,20.154,0.178,4.332,0.000,0.000,0.001,0.000,0.000,,0.851,70,0,0,0,0.000,0.000,0.000,0.000,0.000,0.000,0.000,1.000,1.000,4.355,0.000,00-0040668,,,,0,,,,,,,,,3.021,15.987,0.023,-2.725,,,3.150,1.199,0.170,0.283,0.000,25.591,187.153,0.001,-5.437,220.848,67.850,141.214,51.541,27.639,-0.039,0.002,,,-43.213,-8.066,-43.214,0.254
2026,1,2026_01_CLE_JAX,CLE,JAX,Dylan Sampson,RB,,0,0,0,0,0,0,0,0.000,0.000,0.000,16.000,-8.500,0,3.000,54.345,0.539,0.000,0.000,,,5.478,16.542,0.223,3.463,2.753,2.195,18.785,0.102,-0.027,5.806,0.316,16,0,0,0,0.000,0.000,0.000,0.000,0.000,0.000,0.000,1.000,1.000,5.478,2.753,00-0040668,0.114,2.876,21.352,6,,,,,,6.614,22.850,-0.468,,,,,0.000,0.044,0.746,2.728,0.352,,13.947,24.945,0.000,4.839,-8.403,220.848,67.850,141.214,51.541,27.639,-0.039,0.002,,,-43.213,-8.066,-43.214,0.254
2026,1,2026_01_CLE_JAX,CLE,JAX,Quinshon Judkins,RB,RB1,0,0,12,33,2,2,17,0.091,0.545,0.650,16.000,-8.500,0,3.000,54.345,0.539,0.000,0.000,,,15.102,47.296,0.622,2.939,3.104,2.238,15.630,0.106,-0.013,4.903,0.514,15,0,0,0,0.000,0.000,0.000,0.000,0.000,0.000,0.000,1.000,1.000,15.102,3.104,00-0040668,0.123,3.473,19.038,6,,,,,,,,,,,,,0.030,0.000,1.237,1.738,0.587,,15.414,63.888,0.000,0.216,-16.593,220.848,67.850,141.214,51.541,27.639,-0.039,0.002,49.137,0.778,-43.213,-8.066,-43.214,0.254
2026,1,2026_01_CLE_JAX,CLE,JAX,Raheim Sanders,RB,,0,0,1,1,3,3,25,0.136,0.045,0.350,16.000,-8.500,0,3.000,54.345,0.539,0.000,0.000,,,6.774,23.910,0.255,3.405,1.078,0.811,5.803,0.047,0.025,5.507,0.273,5,0,0,0,0.000,0.000,0.000,0.000,0.000,0.000,0.000,1.000,1.000,6.774,1.078,00-0040668,0.058,1.330,7.158,3,,,,,,,,,,,,,0.000,0.330,1.165,2.230,0.000,,8.115,25.461,0.000,-2.311,-1.551,220.848,67.850,141.214,51.541,27.639,-0.039,0.002,,,-43.213,-8.066,-43.214,0.254
2026,1,2026_01_CLE_JAX,CLE,JAX,Blake Whiteheart,TE,,0,0,0,0,1,1,14,0.045,0.000,0.390,16.000,-8.500,0,3.000,54.345,0.539,0.000,0.000,,,0.000,0.000,0.000,,0.797,0.250,1.160,0.029,0.022,1.771,0.390,17,0,0,0,0.000,0.000,0.000,0.000,0.000,0.000,0.000,1.000,1.000,0.000,0.797,00-0040668,0.033,0.811,0.000,4,,,,,,,,,,,,,0.000,0.000,,,,,7.168,0.000,0.000,-5.204,0.000,220.848,67.850,141.214,51.541,27.639,-0.039,0.002,,,-43.213,-8.066,-43.214,0.254
2026,1,2026_01_CLE_JAX,CLE,JAX,Carsen Ryan,TE,,0,0,0,0,0,0,0,0.000,0.000,0.000,16.000,-8.500,0,3.000,54.345,0.539,,,,,,,,,,,,,,,,1,0,0,0,0.000,0.000,0.000,0.000,0.000,0.000,0.000,1.000,1.000,,,00-0040668,,,,0,,,,,,,,,,,,,,,,,,,,,,,,220.848,67.850,141.214,51.541,27.639,-0.039,0.002,,,-43.213,-8.066,-43.214,0.254
2026,1,2026_01_CLE_JAX,CLE,JAX,Harold Fannin Jr.,TE,TE1,0,0,0,0,3,2,21,0.136,0.000,0.820,16.000,-8.500,0,3.000,54.345,0.539,0.000,0.000,,,0.495,0.812,0.021,,6.797,4.387,46.633,0.235,0.217,7.986,0.740,17,0,0,0,0.000,0.000,0.000,0.000,0.000,0.000,0.000,1.000,1.000,0.495,6.797,00-0040668,0.246,6.855,47.056,7,,,,,,,,,,,,,0.033,0.345,,,,,39.618,1.618,0.000,7.016,-0.806,220.848,67.850,141.214,51.541,27.639,-0.039,0.002,33.519,0.889,-43.213,-8.066,-43.214,0.254
2026,1,2026_01_CLE_JAX,CLE,JAX,Denzel Boston,WR,,0,0,0,0,4,2,59,0.182,0.000,0.920,16.000,-8.500,0,3.000,54.345,0.539,,,,,,,,,,,,,,,,1,0,0,0,0.000,0.000,0.000,0.000,0.000,0.000,0.000,1.000,1.000,,,00-0040668,,,,0,,,,,,,,,,,,,,,,,,,,,,,,220.848,67.850,141.214,51.541,27.639,-0.039,0.002,,,-43.213,-8.066,-43.214,0.254
2026,1,2026_01_CLE_JAX,CLE,JAX,Jerry Jeudy,WR,WR1,0,0,0,0,4,2,26,0.182,0.000,0.630,16.000,-8.500,0,3.000,54.345,0.539,0.000,0.000,,,0.159,0.797,0.007,5.058,5.871,3.101,35.738,0.217,0.369,6.106,0.857,92,0,0,0,0.000,0.000,0.000,0.000,0.000,0.000,0.000,1.000,1.000,0.159,5.871,00-0040668,0.213,5.180,32.444,8,2.479,5.858,11.447,0.378,49.907,,,,,,,,0.039,0.001,3.799,1.258,0.000,,47.145,1.100,0.000,-11.407,-0.303,220.848,67.850,141.214,51.541,27.639,-0.039,0.002,59.907,1.205,-43.213,-8.066,-43.214,0.254
2026,1,2026_01_CLE_JAX,CLE,JAX,KC Concepcion,WR,,0,0,3,15,5,4,43,0.227,0.136,0.690,16.000,-8.500,0,3.000,54.345,0.539,,,,,,,,,,,,,,,,1,0,0,0,0.000,0.000,0.000,0.000,0.000,0.000,0.000,1.000,1.000,,,00-0040668,,,,0,,,,,,,,,,,,,,,,,,,,,,,,220.848,67.850,141.214,51.541,27.639,-0.039,0.002,,,-43.213,-8.066,-43.214,0.254
2026,1,2026_01_CLE_JAX,CLE,JAX,Malachi Corley,WR,WR2,0,0,0,0,0,0,0,0.000,0.000,0.000,16.000,-8.500,0,3.000,54.345,0.539,0.000,0.000,,,1.252,10.137,0.048,8.681,1.412,1.076,7.905,0.058,-0.002,5.918,0.311,18,0,0,0,0.000,0.000,0.000,0.000,0.000,0.000,0.000,1.000,1.000,1.252,1.412,00-0040668,0.063,1.530,9.035,8,,,,,,,,,,,,,0.000,0.000,3.414,5.267,0.163,,6.849,7.550,0.000,1.056,2.587,220.848,67.850,141.214,51.541,27.639,-0.039,0.002,38.040,1.108,-43.213,-8.066,-43.214,0.254
2026,1,2026_01_DAL_NYG,DAL,NYG,Dak Prescott,QB,,34,175,2,14,0,0,0,0.000,0.111,1.000,25.250,3.000,0,7.000,64.233,0.544,32.480,253.976,7.660,5.767,2.945,10.068,0.102,3.084,0.000,0.000,0.000,0.000,0.000,,0.900,114,0,0,0,0.000,0.368,0.000,0.000,0.000,0.000,0.000,1.000,1.000,2.945,0.000,00-0039398,,,,0,,,,,,,,,,,,,,,2.140,0.952,0.131,0.221,0.000,10.008,251.946,0.000,0.059,208.805,109.474,131.500,49.550,27.255,0.005,0.049,,,4.844,14.415,4.850,0.403
2026,1,2026_01_DAL_NYG,DAL,NYG,Emari Demercado,RB,,0,0,2,7,0,0,0,0.000,0.111,0.090,25.250,3.000,0,7.000,64.233,0.544,0.000,0.000,,,3.649,24.554,0.191,7.479,1.898,1.285,10.681,0.052,0.012,6.767,0.272,37,0,0,0,0.000,0.368,0.000,0.000,0.000,0.000,0.000,1.000,1.000,3.649,1.898,00-0039398,,,,0,,,,,,,,,,,,,0.038,0.109,4.140,3.345,0.459,,11.957,18.253,0.000,-1.084,6.700,208.805,109.474,131.500,49.550,27.255,0.005,0.049,,,4.844,14.415,4.850,0.403
2026,1,2026_01_DAL_NYG,DAL,NYG,Hunter Luepke,RB,,0,0,1,7,0,0,0,0.000,0.056,0.260,25.250,3.000,0,7.000,64.233,0.544,0.000,0.000,,,1.850,8.223,0.053,3.894,1.150,0.991,8.744,0.037,-0.002,6.933,0.230,39,0,0,0,0.000,0.368,0.000,0.000,0.000,0.000,0.000,1.000,1.000,1.850,1.150,00-0039398,0.043,1.000,4.000,1,,,,,,,,,,,,,0.057,0.136,1.408,2.484,0.050,,8.052,9.197,0.000,1.724,-0.568,208.805,109.474,131.500,49.550,27.255,0.005,0.049,,,4.844,14.415,4.850,0.403
2026,1,2026_01_DAL_NYG,DAL,NYG,Javonte Williams,RB,RB1,0,0,12,41,5,5,31,0.167,0.667,0.710,25.250,3.000,0,7.000,64.233,0.544,0.000,0.000,,,14.499,65.393,0.522,4.439,2.648,1.602,6.783,0.074,-0.012,2.404,0.597,72,0,0,0,0.000,0.368,0.000,0.000,0.000,0.000,0.000,1.000,1.000,14.499,2.648,00-0039398,,,,0,,,,,,3.419,19.314,0.450,,,,,0.008,0.014,2.313,2.133,1.439,,15.835,59.941,0.000,-9.051,5.452,208.805,109.474,131.500,49.550,27.255,0.005,0.049,84.353,1.890,4.844,14.415,4.850,0.403
2026,1,2026_01_DAL_NYG,DAL,NYG,Brevyn Spann-Ford,TE,,0,0,0,0,2,2,14,0.067,0.000,0.220,25.250,3.000,0,7.000,64.233,0.544,0.000,0.000,,,0.000,0.000,0.000,,1.173,0.754,10.753,0.040,0.047,6.649,0.288,28,0,0,0,0.000,0.368,0.000,0.000,0.000,0.000,0.000,1.000,1.000,0.000,1.173,00-0039398,0.130,3.000,30.000,1,,,,,,,,,,,,,0.000,0.000,,,,,14.565,0.000,0.000,-1.094,0.000,208.805,109.474,131.500,49.550,27.255,0.005,0.049,,,4.844,14.415,4.850,0.403
2026,1,2026_01_DAL_NYG,DAL,NYG,Jake Ferguson,TE,TE1,0,0,0,0,2,2,6,0.067,0.000,0.760,25.250,3.000,0,7.000,64.233,0.544,0.000,0.000,,,0.056,0.056,0.002,,4.523,3.282,25.536,0.131,0.069,4.831,0.631,62,0,0,0,0.000,0.368,0.000,0.000,0.000,0.000,0.000,1.000,1.000,0.056,4.523,00-0039398,0.087,2.000,5.000,1,,,,,,,,,,,,,0.011,0.347,,,,,29.737,0.361,0.000,-4.201,-0.305,208.805,109.474,131.500,49.550,27.255,0.005,0.049,34.977,1.686,4.844,14.415,4.850,0.403
2026,1,2026_01_DAL_NYG,DAL,NYG,Luke Schoonmaker,TE,,0,0,0,0,1,1,12,0.033,0.000,0.220,25.250,3.000,0,7.000,64.233,0.544,0.000,0.000,,,0.000,0.000,0.000,,1.625,1.184,12.610,0.046,0.030,8.627,0.330,40,0,1,0,0.000,0.368,0.000,0.000,0.000,0.000,0.000,1.000,1.000,0.000,1.625,00-0039398,0.043,1.000,12.000,1,,,,,,,,,,,,,0.030,0.056,,,,,11.238,0.000,0.000,1.667,0.000,208.805,109.474,131.500,49.550,27.255,0.005,0.049,,,4.844,14.415,4.850,0.403
2026,1,2026_01_DAL_NYG,DAL,NYG,CeeDee Lamb,WR,WR1,0,0,1,0,8,5,44,0.267,0.056,0.810,25.250,3.000,0,7.000,64.233,0.544,0.000,0.000,,,0.103,0.395,0.004,,8.045,5.237,70.328,0.228,0.286,8.240,0.742,99,0,0,0,0.000,0.368,0.000,0.000,0.000,0.000,0.000,1.000,1.000,0.103,8.045,00-0039398,0.043,1.000,4.000,1,,,,,,,,,,,,,0.039,0.459,,,,,68.578,0.637,0.000,1.750,-0.242,208.805,109.474,131.500,49.550,27.255,0.005,0.049,50.915,1.058,4.844,14.415,4.850,0.403
2026,1,2026_01_DAL_NYG,DAL,NYG,George Pickens,WR,WR2,0,0,0,0,6,3,28,0.200,0.000,0.840,25.250,3.000,0,7.000,64.233,0.544,0.000,0.000,,,0.005,0.016,0.000,,7.320,4.834,74.203,0.215,0.267,9.667,0.773,68,0,0,0,0.000,0.368,0.000,0.000,0.000,0.000,0.000,1.000,1.000,0.005,7.320,00-0039398,0.130,3.000,9.000,1,,,,,,,,,,,,,0.014,0.429,,,,,60.795,0.034,0.000,13.408,-0.017,208.805,109.474,131.500,49.550,27.255,0.005,0.049,30.841,0.766,4.844,14.415,4.850,0.403
2026,1,2026_01_DAL_NYG,DAL,NYG,Jonathan Mingo,WR,,0,0,0,0,1,1,10,0.033,0.000,0.190,25.250,3.000,0,7.000,64.233,0.544,0.000,0.000,,,0.017,0.041,0.001,,1.772,0.586,7.148,0.055,0.093,4.010,0.332,35,0,0,0,0.000,0.368,0.000,0.000,0.000,0.000,0.000,1.000,1.000,0.017,1.772,00-0039398,0.043,1.000,0.000,1,,,,,,,,,,,,,0.085,0.013,,,,,16.002,0.108,0.000,-8.854,-0.067,208.805,109.474,131.500,49.550,27.255,0.005,0.049,,,4.844,14.415,4.850,0.403
2026,1,2026_01_DAL_NYG,DAL,NYG,KaVontae Turpin,WR,,0,0,0,0,1,1,8,0.033,0.000,0.140,25.250,3.000,0,7.000,64.233,0.544,0.000,0.000,,,1.113,6.698,0.043,5.328,2.222,1.415,26.350,0.065,0.095,17.787,0.300,69,0,0,0,0.000,0.368,0.000,0.000,0.000,0.000,0.000,1.000,1.000,1.113,2.222,00-0039398,0.043,1.000,0.000,1,,,,,,,,,,,,,0.074,0.038,4.071,1.258,0.142,,18.349,6.921,0.000,8.103,-0.193,208.805,109.474,131.500,49.550,27.255,0.005,0.049,,,4.844,14.415,4.850,0.403
2026,1,2026_01_DAL_NYG,DAL,NYG,Ryan Flournoy,WR,WR3,0,0,0,0,4,2,22,0.133,0.000,0.710,25.250,3.000,0,7.000,64.233,0.544,0.000,0.000,,,0.097,0.568,0.004,,4.354,3.221,37.770,0.134,0.127,7.454,0.535,25,0,0,0,0.000,0.368,0.000,0.000,0.000,0.000,0.000,1.000,1.000,0.097,4.354,00-0039398,0.304,7.000,68.000,1,3.510,6.804,8.044,0.988,68.829,,,,,,,,0.035,0.064,,,,,35.265,0.742,0.000,4.282,-0.055,208.805,109.474,131.500,49.550,27.255,0.005,0.049,31.506,1.190,4.844,14.415,4.850,0.403
2026,1,2026_01_DEN_KC,DEN,KC,Bo Nix,QB,,28,131,3,2,0,0,0,0.000,0.200,1.000,20.000,-2.500,0,13.000,61.518,0.584,37.165,240.065,6.458,3.519,6.480,25.170,0.257,4.211,0.049,0.001,0.003,0.001,0.000,,0.997,37,0,0,0,0.000,0.000,0.000,1.000,0.000,0.000,0.000,1.000,1.000,6.480,0.049,00-0035264,,,,0,,,,,,,,,2.900,10.749,-3.389,-1.990,,,3.738,0.478,0.003,0.234,0.203,28.841,257.059,-0.200,-3.672,200.001,90.386,122.131,49.303,25.732,0.004,-0.015,,,-7.353,-12.557,-7.352,0.370
2026,1,2026_01_DEN_KC,DEN,KC,J.K. Dobbins,RB,RB1,0,0,8,36,0,0,0,0.000,0.533,0.430,20.000,-2.500,0,13.000,61.518,0.584,0.000,0.000,,,15.265,73.899,0.581,4.925,1.493,1.228,4.700,0.050,-0.009,2.817,0.523,52,0,0,0,0.000,0.000,0.000,1.000,0.000,0.000,0.000,1.000,1.000,15.265,1.493,00-0035264,,,,0,,,,,,3.808,35.833,0.936,,,,,0.085,0.024,2.536,2.395,0.972,,9.176,65.814,0.000,-4.575,8.085,200.001,90.386,122.131,49.303,25.732,0.004,-0.015,63.987,1.038,-7.353,-12.557,-7.352,0.370
2026,1,2026_01_DEN_KC,DEN,KC,Jonah Coleman,RB,,0,0,0,0,0,0,0,0.000,0.000,0.060,20.000,-2.500,0,13.000,61.518,0.584,,,,,,,,,,,,,,,,1,0,0,0,0.000,0.000,0.000,1.000,0.000,0.000,0.000,1.000,1.000,,,00-0035264,,,,0,,,,,,,,,,,,,,,,,,,,,,,,200.001,90.386,122.131,49.303,25.732,0.004,-0.015,,,-7.353,-12.557,-7.352,0.370
2026,1,2026_01_DEN_KC,DEN,KC,RJ Harvey,RB,,0,0,3,18,4,4,23,0.148,0.200,0.510,20.000,-2.500,0,13.000,61.518,0.584,0.041,0.000,,,10.920,35.524,0.426,3.335,4.582,3.386,26.695,0.139,0.004,5.314,0.539,20,0,0,0,0.000,0.000,0.000,1.000,0.000,0.000,0.000,1.000,1.000,10.920,4.582,00-0035264,0.222,6.000,22.000,1,,,,,,5.612,36.876,-1.085,,,,,0.158,0.864,1.532,1.813,1.257,,25.941,46.926,0.176,0.754,-11.402,200.001,90.386,122.131,49.303,25.732,0.004,-0.015,,,-7.353,-12.557,-7.352,0.370
2026,1,2026_01_DEN_KC,DEN,KC,Adam Trautman,TE,,0,0,0,0,3,2,10,0.111,0.000,0.370,20.000,-2.500,0,13.000,61.518,0.584,0.000,0.000,,,0.000,0.000,0.000,,1.990,1.395,14.413,0.052,0.048,6.869,0.611,79,0,0,0,0.000,0.000,0.000,1.000,0.000,0.000,0.000,1.000,1.000,0.000,1.990,00-0035264,,,,0,,,,,,,,,,,,,0.022,0.194,,,,,15.872,0.000,0.000,-0.730,0.000,200.001,90.386,122.131,49.303,25.732,0.004,-0.015,,,-7.353,-12.557,-7.352,0.370
2026,1,2026_01_DEN_KC,DEN,KC,Evan Engram,TE,TE1,0,0,0,0,5,4,43,0.185,0.000,0.630,20.000,-2.500,0,13.000,61.518,0.584,0.000,0.000,,,0.017,0.118,0.001,,4.130,2.684,26.009,0.125,0.181,5.961,0.413,114,0,0,0,0.000,0.000,0.000,1.000,0.000,0.000,0.000,1.000,1.000,0.017,4.130,00-0035264,0.111,3.000,19.000,1,,,,,,,,,,,,,0.059,0.085,,,,,25.265,0.116,0.000,0.744,0.002,200.001,90.386,122.131,49.303,25.732,0.004,-0.015,39.187,1.126,-7.353,-12.557,-7.352,0.370
2026,1,2026_01_DEN_KC,DEN,KC,Nate Adkins,TE,,0,0,0,0,0,0,0,0.000,0.000,0.250,20.000,-2.500,0,13.000,61.518,0.584,0.000,0.000,,,0.000,0.000,0.000,,1.468,0.993,7.504,0.041,0.020,4.228,0.337,28,0,0,0,0.000,0.000,0.000,1.000,0.000,0.000,0.000,1.000,1.000,0.000,1.468,00-0035264,,,,0,,,,,,,,,,,,,0.220,0.029,,,,,8.988,0.000,0.000,-1.224,0.000,200.001,90.386,122.131,49.303,25.732,0.004,-0.015,,,-7.353,-12.557,-7.352,0.370
2026,1,2026_01_DEN_KC,DEN,KC,Courtland Sutton,WR,WR2,0,0,0,0,5,2,11,0.185,0.000,0.760,20.000,-2.500,0,13.000,61.518,0.584,0.002,0.032,,,0.000,0.000,0.000,,7.344,4.013,49.193,0.209,0.355,6.149,0.856,118,0,0,0,0.000,0.000,0.000,1.000,0.000,0.000,0.000,1.000,1.000,0.000,7.344,00-0035264,0.158,4.543,10.148,2,2.407,5.543,12.604,-0.027,56.410,,,,,,,,0.093,0.177,,,,,59.064,0.000,0.014,-9.871,-0.000,200.001,90.386,122.131,49.303,25.732,0.004,-0.015,32.460,0.776,-7.353,-12.557,-7.352,0.370
2026,1,2026_01_DEN_KC,DEN,KC,Jaylen Waddle,WR,WR1,0,0,0,0,3,1,2,0.111,0.000,0.750,20.000,-2.500,0,13.000,61.518,0.584,0.028,0.225,,,0.271,3.175,0.008,7.277,5.801,3.426,48.453,0.225,0.410,6.989,0.716,81,0,0,0,0.000,0.000,0.000,1.000,0.000,0.000,0.000,1.000,1.000,0.271,5.801,00-0035264,,,,0,,,,,,,,,,,,,0.032,0.227,6.263,1.014,0.000,,53.855,1.893,0.158,-5.334,1.282,200.001,90.386,122.131,49.303,25.732,0.004,-0.015,50.438,0.957,-7.353,-12.557,-7.352,0.370
2026,1,2026_01_DEN_KC,DEN,KC,Marvin Mims Jr.,WR,,0,0,0,0,0,0,0,0.000,0.000,0.180,20.000,-2.500,0,13.000,61.518,0.584,0.000,0.000,,,0.536,2.851,0.022,,4.374,3.471,36.173,0.132,0.093,7.070,0.442,52,0,0,0,0.000,0.000,0.000,1.000,0.000,0.000,0.000,1.000,1.000,0.536,4.374,00-0035264,0.135,3.716,40.988,2,4.207,7.708,8.925,1.083,77.410,,,,,,,,0.041,0.123,,,,,29.039,3.201,0.000,7.147,-0.349,200.001,90.386,122.131,49.303,25.732,0.004,-0.015,,,-7.353,-12.557,-7.352,0.370
2026,1,2026_01_DEN_KC,DEN,KC,Pat Bryant,WR,,0,0,0,0,6,4,42,0.222,0.000,0.590,20.000,-2.500,0,13.000,61.518,0.584,0.000,0.000,,,0.172,0.172,0.007,1.000,3.857,2.788,29.317,0.112,0.180,7.421,0.425,16,0,0,0,0.000,0.000,0.000,1.000,0.000,0.000,0.000,1.000,1.000,0.172,3.857,00-0035264,0.037,1.000,2.000,1,,,,,,,,,,,,,0.031,0.504,0.000,1.000,2.000,,29.538,0.504,0.000,0.284,-0.330,200.001,90.386,122.131,49.303,25.732,0.004,-0.015,,,-7.353,-12.557,-7.352,0.370
2026,1,2026_01_DEN_KC,DEN,KC,Troy Franklin,WR,WR3,0,0,1,5,1,0,0,0.037,0.067,0.330,20.000,-2.500,0,13.000,61.518,0.584,0.000,0.000,,,0.213,0.313,0.008,,4.886,3.290,36.088,0.143,0.239,6.367,0.518,35,0,0,0,0.000,0.000,0.000,1.000,0.000,0.000,0.000,1.000,1.000,0.213,4.886,00-0035264,,,,0,,,,,,,,,,,,,0.039,0.046,,,,,37.600,1.323,0.000,-1.511,-1.010,200.001,90.386,122.131,49.303,25.732,0.004,-0.015,18.177,0.812,-7.353,-12.557,-7.352,0.370
2026,1,2026_01_NO_DET,DET,NO,Jared Goff,QB,,39,206,2,2,0,0,0,0.000,0.061,1.000,28.250,7.000,1,0.000,61.829,0.599,37.019,287.674,7.893,6.156,1.076,2.196,0.044,,0.001,0.001,0.005,0.000,0.000,,0.992,139,0,0,0,0.000,0.000,0.000,0.000,0.520,0.000,0.000,1.000,1.000,1.076,0.001,00-0033106,,,,0,,,,,,,,,2.660,11.046,0.119,-2.190,,,,,,0.242,0.003,1.344,280.407,0.002,0.853,191.734,95.074,118.995,50.537,22.115,-0.023,-0.012,,,-23.592,-18.965,-23.585,0.221
2026,1,2026_01_NO_DET,DET,NO,Jacob Saylors,RB,,0,0,0,0,0,0,0,0.000,0.000,0.000,28.250,7.000,1,0.000,61.829,0.599,0.000,0.000,,,0.111,0.611,0.004,,0.000,0.000,0.000,0.000,0.000,,0.011,12,0,0,0,0.000,0.000,0.000,0.000,0.520,0.000,0.000,1.000,1.000,0.111,0.000,00-0033106,0.000,0.000,0.000,11,,,,,,,,,,,,,,,,,,,,,,,,191.734,95.074,118.995,50.537,22.115,-0.023,-0.012,,,-23.592,-18.965,-23.585,0.221
2026,1,2026_01_NO_DET,DET,NO,Jahmyr Gibbs,RB,RB1,0,0,29,156,5,5,30,0.128,0.879,0.740,28.250,7.000,1,0.000,61.829,0.599,0.000,0.000,,,14.663,65.704,0.601,4.233,6.165,4.679,39.986,0.168,0.029,7.045,0.706,54,0,0,0,0.000,0.000,0.000,0.000,0.520,0.000,0.000,1.000,1.000,14.663,6.165,00-0033106,0.168,6.165,39.986,53,,,,,,4.621,20.805,0.683,,,,,0.031,0.489,2.631,1.614,1.144,,41.288,65.000,0.000,-1.474,0.704,191.734,95.074,118.995,50.537,22.115,-0.023,-0.012,65.020,0.907,-23.592,-18.965,-23.585,0.221
2026,1,2026_01_NO_DET,DET,NO,Sione Vaki,RB,,0,0,2,7,1,1,11,0.026,0.061,0.290,28.250,7.000,1,0.000,61.829,0.599,0.000,0.000,,,0.208,0.569,0.005,,0.081,0.081,0.884,0.002,0.001,,0.008,18,0,0,0,0.000,0.000,0.000,0.000,0.520,0.000,0.000,1.000,1.000,0.208,0.081,00-0033106,0.002,0.081,0.884,17,,,,,,,,,,,,,,,,,,,,,,,,191.734,95.074,118.995,50.537,22.115,-0.023,-0.012,,,-23.592,-18.965,-23.585,0.221
2026,1,2026_01_NO_DET,DET,NO,Brock Wright,TE,,0,0,0,0,1,1,5,0.026,0.000,0.510,28.250,7.000,1,0.000,61.829,0.599,0.000,0.000,,,0.000,0.000,0.000,,2.648,1.581,12.506,0.082,0.018,5.655,0.616,53,0,0,0,0.000,0.000,0.000,0.000,0.520,0.000,0.000,1.000,1.000,0.000,2.648,00-0033106,0.082,2.648,12.506,50,,,,,,,,,,,,,0.003,0.033,,,,,18.468,0.000,0.000,-4.739,0.000,191.734,95.074,118.995,50.537,22.115,-0.023,-0.012,,,-23.592,-18.965,-23.585,0.221
2026,1,2026_01_NO_DET,DET,NO,Sam LaPorta,TE,TE1,0,0,0,0,8,5,48,0.205,0.000,0.810,28.250,7.000,1,0.000,61.829,0.599,0.000,0.000,,,0.001,0.002,0.000,,5.692,4.667,55.590,0.186,0.178,9.564,0.906,47,0,0,0,0.000,0.000,0.000,0.000,0.520,0.000,0.000,1.000,1.000,0.001,5.692,00-0033106,0.186,5.692,55.590,46,3.506,6.630,5.997,1.283,79.875,,,,,,,,0.002,0.590,,,,,43.915,0.002,0.000,11.675,0.000,191.734,95.074,118.995,50.537,22.115,-0.023,-0.012,33.317,0.959,-23.592,-18.965,-23.585,0.221
2026,1,2026_01_NO_DET,DET,NO,Amon-Ra St. Brown,WR,WR1,0,0,0,0,14,10,67,0.359,0.000,0.900,28.250,7.000,1,0.000,61.829,0.599,0.001,0.005,,,0.054,0.161,0.002,,11.266,7.364,90.341,0.329,0.387,7.456,0.857,87,0,0,0,0.000,0.000,0.000,0.000,0.520,0.000,0.000,1.000,1.000,0.054,11.266,00-0033106,0.329,11.266,90.341,83,2.969,6.305,8.054,0.716,65.407,,,,,,,,0.054,0.213,,,,,89.811,0.297,0.003,0.531,-0.137,191.734,95.074,118.995,50.537,22.115,-0.023,-0.012,52.964,1.081,-23.592,-18.965,-23.585,0.221
2026,1,2026_01_NO_DET,DET,NO,Isaac TeSlaa,WR,WR3,0,0,0,0,1,0,0,0.026,0.000,0.680,28.250,7.000,1,0.000,61.829,0.599,0.000,0.000,,,0.000,0.000,0.000,,2.455,1.544,22.785,0.069,0.134,9.443,0.531,15,0,0,0,0.000,0.000,0.000,0.000,0.520,0.000,0.000,1.000,1.000,0.000,2.455,00-0033106,0.069,2.455,22.785,14,,,,,,,,,,,,,0.000,0.000,,,,,17.950,0.000,0.000,4.835,0.000,191.734,95.074,118.995,50.537,22.115,-0.023,-0.012,20.246,0.884,-23.592,-18.965,-23.585,0.221
2026,1,2026_01_NO_DET,DET,NO,Jameson Williams,WR,WR2,0,0,0,0,9,4,45,0.231,0.000,0.840,28.250,7.000,1,0.000,61.829,0.599,0.008,0.000,,,0.281,1.304,0.011,,6.828,4.518,73.182,0.198,0.303,10.265,0.905,55,0,0,0,0.000,0.000,0.000,0.000,0.520,0.000,0.000,1.000,1.000,0.281,6.828,00-0033106,0.198,6.828,73.182,54,3.113,6.152,10.852,1.336,68.202,,,,,,,,0.118,0.050,,,,,61.880,1.569,0.111,10.283,-0.266,191.734,95.074,118.995,50.537,22.115,-0.023,-0.012,32.232,0.926,-23.592,-18.965,-23.585,0.221
2026,1,2026_01_NO_DET,DET,NO,Tay Martin,WR,,0,0,0,0,0,0,0,0.000,0.000,0.000,28.250,7.000,1,0.000,61.829,0.599,0.000,0.000,,,0.000,0.000,0.000,,1.036,0.811,17.635,0.042,0.066,14.952,0.133,5,0,0,0,0.000,0.000,0.000,0.000,0.520,0.000,0.000,1.000,1.000,0.000,1.036,00-0033106,,,,0,,,,,,,,,,,,,0.000,0.000,,,,,10.934,0.000,0.000,10.816,0.000,191.734,95.074,118.995,50.537,22.115,-0.023,-0.012,,,-23.592,-18.965,-23.585,0.221
2026,1,2026_01_NO_DET,DET,NO,Tom Kennedy,WR,,0,0,0,0,0,0,0,0.000,0.000,0.000,28.250,7.000,1,0.000,61.829,0.599,0.015,1.089,,,0.000,0.000,0.000,,0.764,0.521,6.371,0.027,0.031,,0.146,21,0,0,0,0.000,0.000,0.000,0.000,0.520,0.000,0.000,1.000,1.000,0.000,0.764,00-0033106,0.026,0.725,6.355,18,,,,,,,,,,,,,,,,,,,,,,,,191.734,95.074,118.995,50.537,22.115,-0.023,-0.012,,,-23.592,-18.965,-23.585,0.221
2026,1,2026_01_GB_MIN,GB,MIN,Jordan Love,QB,,42,387,1,0,0,0,0,0.000,0.048,1.000,22.500,-1.500,1,0.000,57.517,0.502,30.540,223.502,7.289,7.567,2.458,11.584,0.088,4.879,0.000,0.000,0.000,0.000,0.000,,0.894,62,0,0,0,0.000,0.000,0.000,0.000,0.000,0.000,0.000,1.000,1.000,2.458,0.000,00-0036264,,,,0,,,,,,,,,2.947,18.011,2.872,0.910,,,4.390,0.495,0.080,0.197,0.000,11.087,234.090,0.000,0.497,154.104,102.687,106.401,30.009,17.681,-0.063,-0.029,,,-20.053,-15.809,-20.055,0.190
2026,1,2026_01_GB_MIN,GB,MIN,Chris Brooks,RB,,0,0,7,29,1,0,0,0.025,0.333,0.560,22.500,-1.500,1,0.000,57.517,0.502,0.000,0.000,,,2.735,14.002,0.082,6.287,0.968,0.731,5.828,0.033,0.003,5.756,0.275,35,0,0,0,0.000,0.000,0.000,0.000,0.000,0.000,0.000,1.000,1.000,2.735,0.968,00-0036264,0.033,0.992,5.854,26,,,,,,,,,,,,,0.079,0.106,4.947,1.343,0.228,,6.449,13.014,0.000,-0.117,1.569,154.104,102.687,106.401,30.009,17.681,-0.063,-0.029,,,-20.053,-15.809,-20.055,0.190
2026,1,2026_01_GB_MIN,GB,MIN,Kaleb Johnson,RB,RB1,0,0,0,0,0,0,0,0.000,0.000,0.000,22.500,-1.500,1,0.000,57.517,0.502,0.000,0.000,,,2.678,6.428,0.118,2.080,0.139,0.081,0.731,0.005,-0.006,,0.081,11,0,0,0,0.000,0.000,0.000,0.000,0.000,0.000,0.000,1.000,1.000,2.678,0.139,00-0036264,,,,0,,,,,,,,,,,,,,,1.057,1.024,0.098,,0.959,12.372,0.000,-0.228,-5.944,154.104,102.687,106.401,30.009,17.681,-0.063,-0.029,63.599,1.386,-20.053,-15.809,-20.055,0.190
2026,1,2026_01_GB_MIN,GB,MIN,MarShawn Lloyd,RB,,0,0,13,37,1,0,0,0.025,0.619,0.440,22.500,-1.500,1,0.000,57.517,0.502,0.000,0.000,,,6.000,15.000,0.113,2.500,1.000,1.000,3.000,0.077,-0.052,3.000,0.140,2,0,0,0,0.000,0.000,0.000,0.000,0.000,0.000,0.000,1.000,1.000,6.000,1.000,00-0036264,,,,0,,,,,,,,,,,,,0.000,0.000,2.000,0.500,0.000,,4.580,27.040,0.000,-1.580,-12.040,154.104,102.687,106.401,30.009,17.681,-0.063,-0.029,,,-20.053,-15.809,-20.055,0.190
2026,1,2026_01_GB_MIN,GB,MIN,Jonnu Smith,TE,,0,0,0,0,3,2,50,0.075,0.000,0.470,22.500,-1.500,1,0.000,57.517,0.502,0.000,0.000,,,0.742,5.540,0.030,,2.923,2.055,9.672,0.090,0.060,2.521,0.481,126,0,0,0,0.000,0.000,0.000,0.000,0.000,0.000,0.000,1.000,1.000,0.742,2.923,00-0036264,,,,0,,,,,,,,,,,,,0.024,0.117,,,,,18.681,4.216,0.000,-9.003,1.324,154.104,102.687,106.401,30.009,17.681,-0.063,-0.029,,,-20.053,-15.809,-20.055,0.190
2026,1,2026_01_GB_MIN,GB,MIN,Tucker Kraft,TE,TE1,0,0,0,0,6,3,65,0.150,0.000,0.660,22.500,-1.500,1,0.000,57.517,0.502,0.000,0.000,,,0.164,0.614,0.006,,5.346,3.864,57.195,0.181,0.091,11.013,0.836,43,0,0,0,0.000,0.000,0.000,0.000,0.000,0.000,0.000,1.000,1.000,0.164,5.346,00-0036264,0.176,5.248,57.565,39,,,,,,,,,,,,,0.049,0.631,,,,,33.068,0.647,0.000,24.167,-0.032,154.104,102.687,106.401,30.009,17.681,-0.063,-0.029,18.693,0.500,-20.053,-15.809,-20.055,0.190
2026,1,2026_01_GB_MIN,GB,MIN,Bo Melton,WR,,0,0,0,0,1,1,10,0.025,0.000,0.120,22.500,-1.500,1,0.000,57.517,0.502,0.000,0.000,,,0.367,2.391,0.014,,1.312,0.401,10.522,0.057,0.059,5.731,0.182,34,0,0,0,0.000,0.000,0.000,0.000,0.000,0.000,0.000,1.000,1.000,0.367,1.312,00-0036264,0.038,1.120,8.834,28,,,,,,,,,,,,,0.014,0.000,,,,,14.294,3.467,0.000,-1.079,-0.123,154.104,102.687,106.401,30.009,17.681,-0.063,-0.029,,,-20.053,-15.809,-20.055,0.190
2026,1,2026_01_GB_MIN,GB,MIN,Christian Watson,WR,WR1,0,0,0,0,8,6,147,0.200,0.000,0.760,22.500,-1.500,1,0.000,57.517,0.502,0.000,0.000,,,0.127,0.711,0.004,,5.636,3.247,55.142,0.202,0.306,10.150,0.670,51,0,0,0,0.000,0.000,0.000,0.000,0.000,0.000,0.000,1.000,1.000,0.127,5.636,00-0036264,0.200,5.639,47.745,33,2.407,6.170,15.157,0.272,56.358,,,,,,,,0.050,0.000,,,,,51.430,0.676,0.000,3.712,0.035,154.104,102.687,106.401,30.009,17.681,-0.063,-0.029,48.042,0.717,-20.053,-15.809,-20.055,0.190
2026,1,2026_01_GB_MIN,GB,MIN,Jayden Reed,WR,WR2,0,0,0,0,7,3,20,0.175,0.000,0.570,22.500,-1.500,1,0.000,57.517,0.502,0.000,0.000,,,0.796,6.654,0.027,8.084,4.596,3.533,41.471,0.159,0.142,9.652,0.589,43,0,0,0,0.000,0.000,0.000,0.000,0.000,0.000,0.000,1.000,1.000,0.796,4.596,00-0036264,0.162,4.761,41.302,38,4.266,6.208,8.628,1.031,71.321,,,,,,,,0.082,0.386,6.816,1.268,0.204,,34.345,5.551,0.000,7.126,1.103,154.104,102.687,106.401,30.009,17.681,-0.063,-0.029,29.976,0.529,-20.053,-15.809,-20.055,0.190
2026,1,2026_01_GB_MIN,GB,MIN,Matthew Golden,WR,WR3,0,0,0,0,12,6,95,0.300,0.000,0.820,22.500,-1.500,1,0.000,57.517,0.502,0.000,0.000,,,0.391,1.487,0.011,,3.243,1.983,30.661,0.134,0.173,7.142,0.526,16,0,0,0,0.000,0.000,0.000,0.000,0.000,0.000,0.000,1.000,1.000,0.391,3.243,00-0036264,0.102,3.208,34.843,13,2.969,5.129,12.959,2.158,74.325,,,,,,,,0.048,0.172,,,,,26.782,2.475,0.000,3.880,-0.988,154.104,102.687,106.401,30.009,17.681,-0.063,-0.029,,,-20.053,-15.809,-20.055,0.190
2026,1,2026_01_GB_MIN,GB,MIN,Skyy Moore,WR,,0,0,0,0,1,0,0,0.025,0.000,0.060,22.500,-1.500,1,0.000,57.517,0.502,0.000,0.000,,,0.245,1.383,0.009,,0.409,0.202,3.738,0.013,0.019,,0.116,55,0,0,0,0.000,0.000,0.000,0.000,0.000,0.000,0.000,1.000,1.000,0.245,0.409,00-0036264,,,,0,,,,,,,,,,,,,,,,,,,,,,,,154.104,102.687,106.401,30.009,17.681,-0.063,-0.029,,,-20.053,-15.809,-20.055,0.190
2026,1,2026_01_BUF_HOU,HOU,BUF,C.J. Stroud,QB,,38,274,2,15,0,0,0,0.000,0.062,1.000,21.500,-1.500,1,0.000,63.770,0.550,32.491,218.442,7.035,-1.319,2.816,8.787,0.099,3.517,0.002,0.000,0.000,0.000,0.000,,0.922,53,0,0,0,0.000,0.000,0.000,0.000,0.000,0.000,0.000,1.000,1.000,2.816,0.002,00-0039163,,,,0,,,,,,,,,2.875,16.499,-1.536,-0.596,,,3.118,0.405,0.003,0.219,0.006,10.065,232.042,-0.006,-1.279,181.765,91.337,122.964,23.669,33.830,-0.029,0.025,,,-38.295,6.837,-38.294,0.313
2026,1,2026_01_BUF_HOU,HOU,BUF,David Montgomery,RB,,0,0,20,60,3,3,19,0.081,0.625,0.490,21.500,-1.500,1,0.000,63.770,0.550,0.097,0.233,,-0.480,8.254,36.136,0.333,4.521,1.494,1.281,11.127,0.047,-0.000,7.775,0.351,111,0,0,0,0.000,0.000,0.000,0.000,0.000,0.000,0.000,1.000,1.000,8.254,1.494,00-0039163,,,,0,,,,,,,,,,,,,0.000,0.049,2.586,1.927,0.174,,10.344,32.844,0.183,0.783,3.291,181.765,91.337,122.964,23.669,33.830,-0.029,0.025,,,-38.295,6.837,-38.294,0.313
2026,1,2026_01_BUF_HOU,HOU,BUF,Woody Marks,RB,RB1,0,0,9,42,1,1,-2,0.027,0.281,0.510,21.500,-1.500,1,0.000,63.770,0.550,0.000,0.000,,,14.878,54.487,0.526,3.671,2.156,1.353,8.495,0.065,0.022,3.540,0.597,19,0,0,0,0.000,0.000,0.000,0.000,0.000,0.000,0.000,1.000,1.000,14.878,2.156,00-0039163,0.070,2.308,11.200,14,,,,,,5.392,34.706,-0.081,,,,,0.016,0.065,1.942,1.741,0.494,,11.796,61.639,0.000,-3.301,-7.152,181.765,91.337,122.964,23.669,33.830,-0.029,0.025,57.273,1.249,-38.295,6.837,-38.294,0.313
2026,1,2026_01_BUF_HOU,HOU,BUF,Cade Stover,TE,,0,0,0,0,1,1,-2,0.027,0.000,0.300,21.500,-1.500,1,0.000,63.770,0.550,0.000,0.000,,,0.733,1.722,0.027,2.706,2.448,1.688,10.366,0.076,0.023,4.261,0.520,24,0,0,0,0.000,0.000,0.000,0.000,0.000,0.000,0.000,1.000,1.000,0.733,2.448,00-0039163,0.078,2.505,11.490,21,,,,,,,,,,,,,0.090,0.087,0.785,1.935,0.000,,14.936,1.866,0.000,-4.521,-0.138,181.765,91.337,122.964,23.669,33.830,-0.029,0.025,,,-38.295,6.837,-38.294,0.313
2026,1,2026_01_BUF_HOU,HOU,BUF,Dalton Schultz,TE,TE1,0,0,0,0,8,4,35,0.216,0.000,0.660,21.500,-1.500,1,0.000,63.770,0.550,0.000,0.000,,,0.000,0.000,0.000,,4.933,4.000,41.631,0.155,0.118,10.027,0.636,123,0,0,0,0.000,0.000,0.000,0.000,0.000,0.000,0.000,1.000,1.000,0.000,4.933,00-0039163,0.151,4.684,41.819,48,,,,,,,,,,,,,0.007,0.200,,,,,33.203,0.000,0.000,8.428,0.000,181.765,91.337,122.964,23.669,33.830,-0.029,0.025,21.392,0.612,-38.295,6.837,-38.294,0.313
2026,1,2026_01_BUF_HOU,HOU,BUF,Foster Moreau,TE,,0,0,0,0,2,2,15,0.054,0.000,0.440,21.500,-1.500,1,0.000,63.770,0.550,0.000,0.000,,,0.000,0.000,0.000,,1.934,1.460,15.007,0.062,0.038,7.414,0.462,86,0,0,0,0.000,0.000,0.000,0.000,0.000,0.000,0.000,1.000,1.000,0.000,1.934,00-0039163,,,,0,,,,,,,,,,,,,0.122,0.116,,,,,12.047,0.000,0.000,3.095,0.000,181.765,91.337,122.964,23.669,33.830,-0.029,0.025,,,-38.295,6.837,-38.294,0.313
2026,1,2026_01_BUF_HOU,HOU,BUF,Marlin Klein,TE,,0,0,0,0,1,1,16,0.027,0.000,0.110,21.500,-1.500,1,0.000,63.770,0.550,,,,,,,,,,,,,,,,1,0,0,0,0.000,0.000,0.000,0.000,0.000,0.000,0.000,1.000,1.000,,,00-0039163,,,,0,,,,,,,,,,,,,,,,,,,,,,,,181.765,91.337,122.964,23.669,33.830,-0.029,0.025,,,-38.295,6.837,-38.294,0.313
2026,1,2026_01_BUF_HOU,HOU,BUF,Jared Wayne,WR,,0,0,0,0,1,1,12,0.027,0.000,0.320,21.500,-1.500,1,0.000,63.770,0.550,0.000,0.000,,,0.000,0.000,0.000,,2.000,1.086,10.864,0.061,0.095,5.432,0.399,3,0,0,0,0.000,0.000,0.000,0.000,0.000,0.000,0.000,1.000,1.000,0.000,2.000,00-0039163,0.061,2.000,10.864,2,,,,,,,,,,,,,0.000,0.000,,,,,19.501,0.000,0.000,-8.636,0.000,181.765,91.337,122.964,23.669,33.830,-0.029,0.025,,,-38.295,6.837,-38.294,0.313
2026,1,2026_01_BUF_HOU,HOU,BUF,Jaylin Noel,WR,,0,0,0,0,2,2,53,0.054,0.000,0.300,21.500,-1.500,1,0.000,63.770,0.550,0.000,0.000,,,0.249,0.485,0.008,,1.541,0.953,12.027,0.048,0.065,5.493,0.188,20,0,0,0,0.000,0.000,0.000,0.000,0.000,0.000,0.000,1.000,1.000,0.249,1.541,00-0039163,0.052,1.699,13.853,15,,,,,,,,,,,,,0.009,0.000,,,,,14.170,1.883,0.000,0.409,-1.261,181.765,91.337,122.964,23.669,33.830,-0.029,0.025,,,-38.295,6.837,-38.294,0.313
2026,1,2026_01_BUF_HOU,HOU,BUF,Kayshon Boutte,WR,WR2,0,0,0,0,2,1,21,0.054,0.000,0.460,21.500,-1.500,1,0.000,63.770,0.550,0.000,0.000,,,0.000,0.000,0.000,,4.191,2.097,35.531,0.158,0.254,9.745,0.675,37,0,0,0,0.000,0.000,0.000,0.000,0.000,0.000,0.000,1.000,1.000,0.000,4.191,00-0039163,,,,0,,,,,,,,,,,,,0.008,0.011,,,,,38.455,0.000,0.000,-2.925,0.000,181.765,91.337,122.964,23.669,33.830,-0.029,0.025,39.449,0.841,-38.295,6.837,-38.294,0.313
2026,1,2026_01_BUF_HOU,HOU,BUF,Nico Collins,WR,WR1,0,0,1,7,10,7,75,0.270,0.031,0.720,21.500,-1.500,1,0.000,63.770,0.550,0.000,0.000,,,0.092,0.664,0.003,,7.323,4.214,68.481,0.227,0.324,10.603,0.723,72,0,0,0,0.000,0.000,0.000,0.000,0.000,0.000,0.000,1.000,1.000,0.092,7.323,00-0039163,0.230,7.134,65.038,41,2.152,4.493,12.678,1.378,55.819,,,,,,,,0.004,0.356,,,,,64.243,0.354,0.000,4.238,0.310,181.765,91.337,122.964,23.669,33.830,-0.029,0.025,42.401,0.681,-38.295,6.837,-38.294,0.313
2026,1,2026_01_BUF_HOU,HOU,BUF,Xavier Hutchinson,WR,WR3,0,0,0,0,6,3,32,0.162,0.000,0.560,21.500,-1.500,1,0.000,63.770,0.550,0.000,0.000,,,0.143,1.162,0.005,,5.359,2.437,30.743,0.154,0.170,6.017,0.609,49,0,0,0,0.000,0.000,0.000,0.000,0.000,0.000,0.000,1.000,1.000,0.143,5.359,00-0039163,0.157,5.399,31.277,42,2.437,5.691,10.704,0.577,52.088,,,,,,,,0.031,0.100,,,,,41.128,0.971,0.000,-10.384,0.191,181.765,91.337,122.964,23.669,33.830,-0.029,0.025,32.121,1.335,-38.295,6.837,-38.294,0.313
2026,1,2026_01_BAL_IND,IND,BAL,Daniel Jones,QB,,31,166,1,4,0,0,0,0.000,0.050,1.000,22.750,-3.000,1,0.000,57.778,0.562,27.654,209.563,7.774,1.374,3.284,13.938,0.124,3.410,0.000,0.000,0.000,0.000,0.000,,0.857,86,0,0,0,0.000,0.000,0.000,0.000,1.312,0.000,0.000,1.000,1.000,3.284,0.000,00-0040206,,,,0,,,,,,,,,,,,,,,2.938,0.469,0.073,0.208,0.000,12.821,211.819,0.000,0.948,269.721,68.083,181.673,39.860,47.842,0.020,-0.025,,,9.112,-5.692,9.116,0.329
2026,1,2026_01_BAL_IND,IND,BAL,Jonathan Taylor,RB,RB1,0,0,19,98,4,3,23,0.138,0.950,0.890,22.750,-3.000,1,0.000,57.778,0.562,0.000,0.000,,,19.226,78.690,0.767,3.971,3.190,2.424,18.591,0.108,-0.006,6.656,0.802,86,0,0,0,0.000,0.000,0.000,0.000,1.312,0.000,0.000,1.000,1.000,19.226,3.190,00-0040206,0.033,1.086,7.062,2,,,,,,4.523,14.607,-0.256,,,,,0.054,0.434,2.176,1.794,1.243,,17.921,80.165,0.000,0.670,-1.475,269.721,68.083,181.673,39.860,47.842,0.020,-0.025,39.401,0.623,9.112,-5.692,9.116,0.329
2026,1,2026_01_BAL_IND,IND,BAL,Seth McGowan,RB,,0,0,0,0,1,1,0,0.034,0.000,0.110,22.750,-3.000,1,0.000,57.778,0.562,,,,,,,,,,,,,,,,1,0,0,0,0.000,0.000,0.000,0.000,1.312,0.000,0.000,1.000,1.000,,,00-0040206,,,,0,,,,,,,,,,,,,,,,,,,,,,,,269.721,68.083,181.673,39.860,47.842,0.020,-0.025,,,9.112,-5.692,9.116,0.329
2026,1,2026_01_BAL_IND,IND,BAL,Andrew Ogletree,TE,,0,0,0,0,1,0,0,0.034,0.000,0.110,22.750,-3.000,1,0.000,57.778,0.562,0.000,0.000,,,0.000,0.000,0.000,,0.859,0.561,4.864,0.029,0.031,6.095,0.228,35,0,0,0,0.000,0.000,0.000,0.000,1.312,0.000,0.000,1.000,1.000,0.000,0.859,00-0040206,0.000,0.000,0.000,1,,,,,,,,,,,,,0.053,0.004,,,,,11.751,0.000,0.000,-2.888,0.000,269.721,68.083,181.673,39.860,47.842,0.020,-0.025,,,9.112,-5.692,9.116,0.329
2026,1,2026_01_BAL_IND,IND,BAL,Tyler Warren,TE,TE1,0,0,0,0,5,3,13,0.172,0.000,0.930,22.750,-3.000,1,0.000,57.778,0.562,0.021,0.000,,,0.213,0.252,0.009,,6.708,4.237,37.415,0.215,0.145,5.840,0.851,18,0,0,0,0.000,0.000,0.000,0.000,1.312,0.000,0.000,1.000,1.000,0.213,6.708,00-0040206,0.208,7.086,20.975,2,3.044,6.232,5.321,0.456,64.881,,,,,,,,0.006,0.160,,,,,44.650,0.224,0.076,-7.235,0.028,269.721,68.083,181.673,39.860,47.842,0.020,-0.025,26.730,0.899,9.112,-5.692,9.116,0.329
2026,1,2026_01_BAL_IND,IND,BAL,Alec Pierce,WR,WR3,0,0,0,0,6,4,61,0.207,0.000,0.590,22.750,-3.000,1,0.000,57.778,0.562,0.000,0.000,,,0.000,0.000,0.000,,5.371,2.923,66.722,0.168,0.360,13.078,0.865,65,0,1,0,0.000,0.000,0.000,0.000,1.312,0.000,0.000,1.000,1.000,0.000,5.371,00-0040206,0.217,7.457,108.247,2,2.223,6.130,18.870,1.060,50.697,,,,,,,,0.025,0.040,,,,,53.232,0.000,0.000,13.490,0.000,269.721,68.083,181.673,39.860,47.842,0.020,-0.025,21.542,0.895,9.112,-5.692,9.116,0.329
2026,1,2026_01_BAL_IND,IND,BAL,Ashton Dulin,WR,,0,0,0,0,1,0,0,0.034,0.000,0.190,22.750,-3.000,1,0.000,57.778,0.562,0.000,0.000,,,0.198,3.055,0.007,,0.841,0.333,8.263,0.027,0.052,10.776,0.215,70,0,0,0,0.000,0.000,0.000,0.000,1.312,0.000,0.000,1.000,1.000,0.198,0.841,00-0040206,0.061,2.000,0.000,1,,,,,,,,,,,,,0.051,0.042,,,,,14.467,2.423,0.000,-1.514,2.873,269.721,68.083,181.673,39.860,47.842,0.020,-0.025,,,9.112,-5.692,9.116,0.329
2026,1,2026_01_BAL_IND,IND,BAL,Josh Downs,WR,WR2,0,0,0,0,4,2,37,0.138,0.000,0.890,22.750,-3.000,1,0.000,57.778,0.562,0.000,0.000,,,0.273,-0.428,0.011,-1.250,5.626,3.545,39.712,0.179,0.179,7.369,0.625,48,0,0,0,0.000,0.000,0.000,0.000,1.312,0.000,0.000,1.000,1.000,0.273,5.626,00-0040206,0.129,4.457,43.642,2,,,,,,,,,,,,,0.065,0.090,-1.910,0.660,0.000,,38.941,1.643,0.000,0.493,-2.103,269.721,68.083,181.673,39.860,47.842,0.020,-0.025,47.512,1.617,9.112,-5.692,9.116,0.329
2026,1,2026_01_BAL_IND,IND,BAL,Keenan Allen,WR,WR1,0,0,0,0,6,6,32,0.207,0.000,0.670,22.750,-3.000,1,0.000,57.778,0.562,0.008,0.005,,,0.000,0.001,0.000,,7.029,4.189,36.115,0.226,0.212,5.639,0.562,121,0,0,0,0.000,0.000,0.000,0.000,1.312,0.000,0.000,1.000,1.000,0.000,7.029,00-0040206,,,,0,2.799,6.244,7.806,0.193,62.953,,,,,,,,0.104,0.097,,,,,45.666,0.001,0.073,-9.551,-0.000,269.721,68.083,181.673,39.860,47.842,0.020,-0.025,87.505,1.900,9.112,-5.692,9.116,0.329
2026,1,2026_01_BAL_IND,IND,BAL,Laquon Treadwell,WR,,0,0,0,0,1,0,0,0.034,0.000,0.350,22.750,-3.000,1,0.000,57.778,0.562,0.000,0.000,,,0.000,0.000,0.000,,1.052,0.650,7.458,0.033,0.045,,0.239,54,0,0,0,0.000,0.000,0.000,0.000,1.312,0.000,0.000,1.000,1.000,0.000,1.052,00-0040206,0.000,0.000,0.000,1,,,,,,,,,,,,,,,,,,,,,,,,269.721,68.083,181.673,39.860,47.842,0.020,-0.025,,,9.112,-5.692,9.116,0.329
2026,1,2026_01_CLE_JAX,JAX,CLE,Nick Mullens,QB,,0,0,3,-3,0,0,0,0.000,0.097,0.120,24.500,8.500,0,3.000,59.657,0.541,7.183,60.307,9.471,1.770,2.097,-0.181,0.080,0.428,0.000,0.000,0.000,0.000,0.000,,0.241,38,0,0,0,0.000,0.000,0.000,0.000,0.000,0.000,0.000,1.000,1.000,2.097,0.000,00-0036971,,,,0,,,,,,,,,,,,,,,0.384,0.041,0.000,0.361,0.000,0.008,52.549,0.000,-0.189,191.166,110.151,105.672,56.899,26.501,-0.050,-0.011,,,-7.440,7.509,-7.440,0.412
2026,1,2026_01_CLE_JAX,JAX,CLE,Trevor Lawrence,QB,,23,245,2,3,0,0,0,0.000,0.065,0.880,24.500,8.500,0,3.000,59.657,0.541,31.673,242.203,7.681,5.096,4.960,23.709,0.183,5.126,0.000,0.000,-0.012,0.000,0.000,,0.946,81,0,0,0,0.000,0.000,0.000,0.000,0.000,0.000,0.000,1.000,1.000,4.960,0.000,00-0036971,,,,0,,,,,,,,,2.898,18.000,0.279,0.810,,,3.560,1.558,0.340,0.223,0.000,25.309,253.695,0.000,-1.601,191.166,110.151,105.672,56.899,26.501,-0.050,-0.011,,,-7.440,7.509,-7.440,0.412
2026,1,2026_01_CLE_JAX,JAX,CLE,Ameer Abdullah,RB,,0,0,4,32,1,1,0,0.048,0.129,0.090,24.500,8.500,0,3.000,59.657,0.541,0.000,0.000,,,1.534,6.428,0.057,3.771,1.824,1.708,11.831,0.058,-0.001,5.751,0.150,115,0,0,0,0.000,0.000,0.000,0.000,0.000,0.000,0.000,1.000,1.000,1.534,1.824,00-0036971,,,,0,,,,,,,,,,,,,0.000,0.303,2.097,1.683,0.248,,10.930,7.241,0.000,1.625,0.074,191.166,110.151,105.672,56.899,26.501,-0.050,-0.011,,,-7.440,7.509,-7.440,0.412
2026,1,2026_01_CLE_JAX,JAX,CLE,Bhayshul Tuten,RB,,0,0,15,66,1,1,22,0.048,0.484,0.490,24.500,8.500,0,3.000,59.657,0.541,0.000,0.000,,,5.065,24.657,0.178,5.428,0.604,0.434,3.411,0.021,0.006,,0.226,17,0,0,0,0.000,0.000,0.000,0.000,0.000,0.000,0.000,1.000,1.000,5.065,0.604,00-0036971,0.021,0.604,3.411,16,,,,,,,,,,,,,,,3.433,2.015,0.216,,3.661,21.015,0.000,-0.251,3.642,191.166,110.151,105.672,56.899,26.501,-0.050,-0.011,,,-7.440,7.509,-7.440,0.412
2026,1,2026_01_CLE_JAX,JAX,CLE,Chris Rodriguez Jr.,RB,RB1,0,0,6,23,0,0,0,0.000,0.194,0.400,24.500,8.500,0,3.000,59.657,0.541,0.000,0.000,,,10.417,45.907,0.341,4.141,0.497,0.401,4.435,0.021,0.004,8.451,0.354,29,0,0,0,0.000,0.000,0.000,0.000,0.000,0.000,0.000,1.000,1.000,10.417,0.497,00-0036971,,,,0,,,,,,3.320,26.684,0.611,,,,,0.000,0.000,1.590,2.552,1.424,,2.415,40.941,0.000,2.084,5.649,191.166,110.151,105.672,56.899,26.501,-0.050,-0.011,81.386,1.249,-7.440,7.509,-7.440,0.412
2026,1,2026_01_CLE_JAX,JAX,CLE,Brenton Strange,TE,TE1,0,0,0,0,3,2,23,0.143,0.000,0.680,24.500,8.500,0,3.000,59.657,0.541,0.000,0.000,,,0.000,0.000,0.000,,4.974,3.475,37.729,0.156,0.122,8.249,0.746,35,0,0,0,0.000,0.000,0.000,0.000,0.000,0.000,0.000,1.000,1.000,0.000,4.974,00-0036971,0.156,4.957,37.423,25,3.534,6.777,6.760,-0.360,70.399,,,,,,,,0.057,0.090,,,,,37.201,0.000,0.000,0.577,0.000,191.166,110.151,105.672,56.899,26.501,-0.050,-0.011,31.720,0.845,-7.440,7.509,-7.440,0.412
2026,1,2026_01_CLE_JAX,JAX,CLE,Nate Boerkircher,TE,,0,0,0,0,1,1,9,0.048,0.000,0.670,24.500,8.500,0,3.000,59.657,0.541,,,,,,,,,,,,,,,,1,0,0,0,0.000,0.000,0.000,0.000,0.000,0.000,0.000,1.000,1.000,,,00-0036971,,,,0,,,,,,,,,,,,,,,,,,,,,,,,191.166,110.151,105.672,56.899,26.501,-0.050,-0.011,,,-7.440,7.509,-7.440,0.412
2026,1,2026_01_CLE_JAX,JAX,CLE,Quintin Morris,TE,,0,0,0,0,1,0,0,0.048,0.000,0.420,24.500,8.500,0,3.000,59.657,0.541,0.000,0.000,,,0.000,0.000,0.000,,0.908,0.685,5.562,0.033,0.018,5.987,0.279,36,0,0,0,0.000,0.000,0.000,0.000,0.000,0.000,0.000,1.000,1.000,0.000,0.908,00-0036971,0.032,0.865,5.529,11,,,,,,,,,,,,,0.032,0.000,,,,,11.172,0.000,0.000,-1.081,0.000,191.166,110.151,105.672,56.899,26.501,-0.050,-0.011,,,-7.440,7.509,-7.440,0.412
2026,1,2026_01_CLE_JAX,JAX,CLE,Brian Thomas Jr.,WR,WR3,0,0,0,0,3,3,40,0.143,0.000,0.350,24.500,8.500,0,3.000,59.657,0.541,0.000,0.000,,,0.142,0.964,0.005,,5.488,3.330,47.278,0.169,0.266,8.917,0.749,33,0,0,0,0.000,0.000,0.000,0.000,0.000,0.000,0.000,1.000,1.000,0.142,5.488,00-0036971,0.159,5.195,45.272,24,,,,,,,,,,,,,0.047,0.160,,,,,50.429,0.913,0.000,-3.151,0.052,191.166,110.151,105.672,56.899,26.501,-0.050,-0.011,14.700,0.775,-7.440,7.509,-7.440,0.412
2026,1,2026_01_CLE_JAX,JAX,CLE,Jakobi Meyers,WR,WR2,0,0,1,2,2,2,40,0.095,0.032,0.650,24.500,8.500,0,3.000,59.657,0.541,0.001,0.004,,,0.356,0.923,0.012,,6.654,4.227,45.249,0.215,0.234,7.005,0.864,103,0,1,0,0.000,0.000,0.000,0.000,0.000,0.000,0.000,1.000,1.000,0.356,6.654,00-0036971,0.213,6.553,43.782,10,,,,,,,,,,,,,0.048,0.060,,,,,54.964,1.866,0.005,-9.715,-0.942,191.166,110.151,105.672,56.899,26.501,-0.050,-0.011,34.932,0.988,-7.440,7.509,-7.440,0.412
2026,1,2026_01_CLE_JAX,JAX,CLE,Josh Cameron,WR,,0,0,0,0,2,2,20,0.095,0.000,0.330,24.500,8.500,0,3.000,59.657,0.541,,,,,,,,,,,,,,,,1,0,0,0,0.000,0.000,0.000,0.000,0.000,0.000,0.000,1.000,1.000,,,00-0036971,,,,0,,,,,,,,,,,,,,,,,,,,,,,,191.166,110.151,105.672,56.899,26.501,-0.050,-0.011,,,-7.440,7.509,-7.440,0.412
2026,1,2026_01_CLE_JAX,JAX,CLE,Parker Washington,WR,WR1,0,0,0,0,6,5,83,0.286,0.000,0.610,24.500,8.500,0,3.000,59.657,0.541,0.000,0.000,,,0.612,-0.139,0.026,-0.861,7.600,4.784,76.132,0.239,0.323,10.026,0.670,40,0,0,0,0.000,0.000,0.000,0.000,0.000,0.000,0.000,1.000,1.000,0.612,7.600,00-0036971,0.237,7.540,75.687,31,2.571,5.961,12.167,1.591,63.540,,,,,,,,0.041,0.245,-1.176,0.309,0.000,,67.932,3.669,0.000,8.675,-3.808,191.166,110.151,105.672,56.899,26.501,-0.050,-0.011,47.903,0.892,-7.440,7.509,-7.440,0.412
2026,1,2026_01_DEN_KC,KC,DEN,Patrick Mahomes,QB,,27,184,7,23,0,0,0,0.000,0.184,1.000,22.500,2.500,0,13.000,55.243,0.580,35.194,246.488,7.001,2.111,4.027,27.864,0.153,6.839,0.134,0.134,-1.337,0.005,-0.004,,0.975,147,0,0,0,0.000,0.000,0.000,0.000,0.000,0.000,0.000,1.000,1.000,4.027,0.134,00-0037324,,,,0,,,,,,,,,2.901,13.135,-3.683,-1.051,,,5.828,1.024,0.254,0.230,0.347,24.711,248.924,-1.684,3.153,195.192,74.166,118.604,58.708,17.746,-0.057,-0.009,,,-33.883,-7.938,-33.886,0.444
2026,1,2026_01_DEN_KC,KC,DEN,Ben VanSumeren,RB,,0,0,0,0,0,0,0,0.000,0.000,0.040,22.500,2.500,0,13.000,55.243,0.580,0.000,0.000,,,0.000,0.000,0.000,,0.201,0.201,0.000,0.009,0.000,0.000,0.009,10,0,0,0,0.000,0.000,0.000,0.000,0.000,0.000,0.000,1.000,1.000,0.000,0.201,00-0037324,,,,0,,,,,,,,,,,,,0.000,0.000,,,,,5.660,0.000,0.000,-5.660,0.000,195.192,74.166,118.604,58.708,17.746,-0.057,-0.009,,,-33.883,-7.938,-33.886,0.444
2026,1,2026_01_DEN_KC,KC,DEN,Emmett Johnson,RB,,0,0,8,24,2,2,44,0.080,0.211,0.360,22.500,2.500,0,13.000,55.243,0.580,,,,,,,,,,,,,,,,1,0,0,0,0.000,0.000,0.000,0.000,0.000,0.000,0.000,1.000,1.000,,,00-0037324,,,,0,,,,,,,,,,,,,,,,,,,,,,,,195.192,74.166,118.604,58.708,17.746,-0.057,-0.009,,,-33.883,-7.938,-33.886,0.444
2026,1,2026_01_DEN_KC,KC,DEN,Kenneth Walker III,RB,RB1,0,0,23,173,6,3,18,0.240,0.605,0.680,22.500,2.500,0,13.000,55.243,0.580,0.000,0.000,,,16.732,80.100,0.557,4.766,3.106,2.592,26.872,0.113,-0.020,8.125,0.542,63,0,0,0,0.000,0.000,0.000,0.000,0.000,0.000,0.000,1.000,1.000,16.732,3.106,00-0037324,,,,0,,,,,,,,,,,,,0.062,0.533,2.724,2.029,2.664,,18.894,75.537,0.000,7.978,4.564,195.192,74.166,118.604,58.708,17.746,-0.057,-0.009,47.104,0.823,-33.883,-7.938,-33.886,0.444
2026,1,2026_01_DEN_KC,KC,DEN,Jake Briningstool,TE,,0,0,0,0,1,1,9,0.040,0.000,0.190,22.500,2.500,0,13.000,55.243,0.580,,,,,,,,,,,,,,,,1,0,0,0,0.000,0.000,0.000,0.000,0.000,0.000,0.000,1.000,1.000,,,00-0037324,,,,0,,,,,,,,,,,,,,,,,,,,,,,,195.192,74.166,118.604,58.708,17.746,-0.057,-0.009,,,-33.883,-7.938,-33.886,0.444
2026,1,2026_01_DEN_KC,KC,DEN,Noah Gray,TE,,0,0,0,0,1,1,5,0.040,0.000,0.550,22.500,2.500,0,13.000,55.243,0.580,0.000,0.000,,,0.010,-0.040,0.001,,2.593,1.597,13.963,0.082,0.057,5.501,0.503,82,0,0,0,0.000,0.000,0.000,0.000,0.000,0.000,0.000,1.000,1.000,0.010,2.593,00-0037324,0.082,2.292,12.434,3,3.751,6.401,5.751,0.512,53.018,,,,,,,,0.102,0.001,,,,,20.513,0.081,0.000,-4.862,-0.128,195.192,74.166,118.604,58.708,17.746,-0.057,-0.009,,,-33.883,-7.938,-33.886,0.444
2026,1,2026_01_DEN_KC,KC,DEN,Travis Kelce,TE,TE1,0,0,0,0,5,3,71,0.200,0.000,0.710,22.500,2.500,0,13.000,55.243,0.580,0.000,0.000,,,0.057,0.058,0.001,,6.379,4.201,40.108,0.217,0.221,6.058,0.858,150,0,0,0,0.000,0.000,0.000,0.000,0.000,0.000,0.000,1.000,1.000,0.057,6.379,00-0037324,0.228,5.445,18.255,3,3.268,5.974,7.091,-0.201,68.035,,,,,,,,0.050,0.058,,,,,44.911,0.131,0.000,-4.803,-0.073,195.192,74.166,118.604,58.708,17.746,-0.057,-0.009,43.524,1.194,-33.883,-7.938,-33.886,0.444
2026,1,2026_01_DEN_KC,KC,DEN,Cyrus Allen,WR,,0,0,0,0,1,0,0,0.040,0.000,0.010,22.500,2.500,0,13.000,55.243,0.580,,,,,,,,,,,,,,,,1,0,0,0,0.000,0.000,0.000,0.000,0.000,0.000,0.000,1.000,1.000,,,00-0037324,,,,0,,,,,,,,,,,,,,,,,,,,,,,,195.192,74.166,118.604,58.708,17.746,-0.057,-0.009,,,-33.883,-7.938,-33.886,0.444
2026,1,2026_01_DEN_KC,KC,DEN,Jalen Royals,WR,,0,0,0,0,0,0,0,0.000,0.000,0.000,22.500,2.500,0,13.000,55.243,0.580,0.000,0.000,,,0.000,0.000,0.000,,1.630,1.086,2.173,0.054,0.054,1.333,0.451,3,0,0,0,0.000,0.000,0.000,0.000,0.000,0.000,0.000,1.000,1.000,0.000,1.630,00-0037324,0.100,3.000,4.000,1,,,,,,,,,,,,,0.000,0.000,,,,,17.250,0.000,0.000,-13.250,0.000,195.192,74.166,118.604,58.708,17.746,-0.057,-0.009,,,-33.883,-7.938,-33.886,0.444
2026,1,2026_01_DEN_KC,KC,DEN,Nikko Remigio,WR,,0,0,0,0,0,0,0,0.000,0.000,0.000,22.500,2.500,0,13.000,55.243,0.580,0.000,0.000,,,0.024,0.266,0.001,,0.072,0.037,0.838,0.004,0.006,,0.039,23,0,0,0,0.000,0.000,0.000,0.000,0.000,0.000,0.000,1.000,1.000,0.024,0.072,00-0037324,0.000,0.000,0.000,1,,,,,,,,,,,,,,,,,,,,,,,,195.192,74.166,118.604,58.708,17.746,-0.057,-0.009,,,-33.883,-7.938,-33.886,0.444
2026,1,2026_01_DEN_KC,KC,DEN,Rashee Rice,WR,WR1,0,0,0,0,2,2,19,0.080,0.000,0.830,22.500,2.500,0,13.000,55.243,0.580,0.000,0.000,,,0.434,1.438,0.018,,9.314,6.368,68.530,0.283,0.148,7.550,0.745,33,0,0,0,0.000,0.000,0.000,0.000,0.000,0.000,0.000,1.000,1.000,0.434,9.314,00-0037324,,,,0,3.780,6.474,4.500,0.882,68.515,,,,,,,,0.055,0.446,,,,,59.227,1.946,0.000,12.455,-0.483,195.192,74.166,118.604,58.708,17.746,-0.057,-0.009,39.936,0.773,-33.883,-7.938,-33.886,0.444
2026,1,2026_01_DEN_KC,KC,DEN,Tyquan Thornton,WR,WR3,0,0,0,0,1,0,0,0.040,0.000,0.680,22.500,2.500,0,13.000,55.243,0.580,0.000,0.000,,,0.019,0.288,0.001,,2.460,1.340,28.385,0.076,0.222,10.493,0.373,38,0,0,0,0.000,0.000,0.000,0.000,0.000,0.000,0.000,1.000,1.000,0.019,2.460,00-0037324,,,,0,,,,,,,,,,,,,0.049,0.024,,,,,27.792,0.132,0.000,4.074,0.211,195.192,74.166,118.604,58.708,17.746,-0.057,-0.009,27.427,1.409,-33.883,-7.938,-33.886,0.444
2026,1,2026_01_DEN_KC,KC,DEN,Xavier Worthy,WR,WR2,0,0,0,0,6,3,18,0.240,0.000,0.770,22.500,2.500,0,13.000,55.243,0.580,0.000,0.000,,,0.755,3.631,0.036,5.211,4.889,2.760,38.639,0.162,0.280,7.752,0.764,34,0,0,0,0.000,0.000,0.000,0.000,0.000,0.000,0.000,1.000,1.000,0.755,4.889,00-0037324,0.144,3.000,18.728,2,,,,,,,,,,,,,0.059,0.090,4.382,0.828,0.111,,39.391,5.064,0.000,-0.753,-1.433,195.192,74.166,118.604,58.708,17.746,-0.057,-0.009,32.012,0.801,-33.883,-7.938,-33.886,0.444
2026,1,2026_01_SF_LA,LA,SF,Matthew Stafford,QB,,25,155,2,-1,0,0,0,0.000,0.069,0.840,25.500,3.500,1,0.000,65.425,0.580,37.721,299.772,7.976,9.025,1.410,3.170,0.052,1.770,0.000,0.000,0.000,0.000,0.000,,0.987,125,0,0,0,0.000,0.000,0.000,0.000,0.450,0.000,0.000,1.000,1.000,1.410,0.000,00-0026498,,,,0,,,,,,,,,,,,,,,1.363,0.409,0.000,0.183,0.000,4.192,300.985,-0.000,-1.022,214.549,111.342,129.366,48.046,36.557,0.034,0.020,,,-14.895,7.142,-14.899,0.266
2026,1,2026_01_SF_LA,LA,SF,Stetson Bennett,QB,,3,13,1,9,0,0,0,0.000,0.034,0.160,25.500,3.500,1,0.000,65.425,0.580,,,,,,,,,,,,,,,,1,0,0,0,0.000,0.000,0.000,0.000,0.450,0.000,0.000,1.000,1.000,,,00-0026498,,,,0,,,,,,,,,,,,,,,,,,,,,,,,214.549,111.342,129.366,48.046,36.557,0.034,0.020,,,-14.895,7.142,-14.899,0.266
2026,1,2026_01_SF_LA,LA,SF,Blake Corum,RB,,0,0,10,54,0,0,0,0.000,0.345,0.230,25.500,3.500,1,0.000,65.425,0.580,0.000,0.000,,,9.219,45.952,0.333,4.942,1.141,0.999,7.384,0.031,0.006,6.019,0.333,36,0,0,0,0.000,0.000,0.000,0.000,0.450,0.000,0.000,1.000,1.000,9.219,1.141,00-0026498,0.031,1.139,7.342,34,,,,,,,,,,,,,0.095,0.155,3.156,1.772,0.516,,7.740,40.265,0.000,-0.352,5.708,214.549,111.342,129.366,48.046,36.557,0.034,0.020,,,-14.895,7.142,-14.899,0.266
2026,1,2026_01_SF_LA,LA,SF,Kyren Williams,RB,RB1,0,0,11,41,3,3,24,0.111,0.379,0.640,25.500,3.500,1,0.000,65.425,0.580,0.000,0.000,,,14.789,68.798,0.539,4.760,3.034,2.344,19.404,0.080,0.024,7.049,0.632,60,0,0,0,0.000,0.000,0.000,0.000,0.450,0.000,0.000,1.000,1.000,14.789,3.034,00-0026498,0.080,3.034,19.405,52,,,,,,,,,,,,,0.021,0.331,2.625,2.137,0.859,,19.290,63.102,0.000,0.113,5.696,214.549,111.342,129.366,48.046,36.557,0.034,0.020,79.759,1.243,-14.895,7.142,-14.899,0.266
2026,1,2026_01_SF_LA,LA,SF,Ronnie Rivers,RB,,0,0,5,19,1,1,5,0.037,0.172,0.130,25.500,3.500,1,0.000,65.425,0.580,0.000,0.000,,,1.323,5.750,0.051,,0.377,0.188,1.456,0.011,-0.003,4.479,0.080,29,0,0,0,0.000,0.000,0.000,0.000,0.450,0.000,0.000,1.000,1.000,1.323,0.377,00-0026498,0.008,0.257,0.619,26,,,,,,,,,,,,,0.000,0.097,,,,,4.247,17.051,0.000,0.342,-0.646,214.549,111.342,129.366,48.046,36.557,0.034,0.020,,,-14.895,7.142,-14.899,0.266
2026,1,2026_01_SF_LA,LA,SF,Colby Parkinson,TE,TE1,0,0,0,0,2,1,6,0.074,0.000,0.770,25.500,3.500,1,0.000,65.425,0.580,0.000,0.000,,,0.000,0.000,0.000,,4.790,3.169,41.475,0.132,0.075,8.852,0.712,72,0,0,0,0.000,0.000,0.000,0.000,0.450,0.000,0.000,1.000,1.000,0.000,4.790,00-0026498,0.132,4.804,41.583,34,,,,,,,,,,,,,0.141,0.404,,,,,34.936,0.000,0.000,6.580,0.000,214.549,111.342,129.366,48.046,36.557,0.034,0.020,34.217,0.839,-14.895,7.142,-14.899,0.266
2026,1,2026_01_SF_LA,LA,SF,Davis Allen,TE,,0,0,0,0,1,1,13,0.037,0.000,0.340,25.500,3.500,1,0.000,65.425,0.580,0.000,0.000,,,0.000,0.000,0.000,,2.502,1.610,14.921,0.068,0.026,5.025,0.576,32,0,0,0,0.000,0.000,0.000,0.000,0.450,0.000,0.000,1.000,1.000,0.000,2.502,00-0026498,0.068,2.499,14.905,29,,,,,,,,,,,,,0.067,0.158,,,,,17.447,0.000,0.000,-2.323,0.000,214.549,111.342,129.366,48.046,36.557,0.034,0.020,,,-14.895,7.142,-14.899,0.266
2026,1,2026_01_SF_LA,LA,SF,Terrance Ferguson,TE,,0,0,0,0,1,0,0,0.037,0.000,0.510,25.500,3.500,1,0.000,65.425,0.580,0.000,0.000,,,0.026,0.000,0.001,,2.689,0.980,18.533,0.072,0.110,5.433,0.494,14,0,0,0,0.000,0.000,0.000,0.000,0.450,0.000,0.000,1.000,1.000,0.026,2.689,00-0026498,0.072,2.689,18.533,13,,,,,,,,,,,,,0.000,0.000,,,,,24.985,0.077,0.000,-6.452,-0.077,214.549,111.342,129.366,48.046,36.557,0.034,0.020,,,-14.895,7.142,-14.899,0.266
2026,1,2026_01_SF_LA,LA,SF,Tyler Higbee,TE,,0,0,0,0,2,2,12,0.074,0.000,0.200,25.500,3.500,1,0.000,65.425,0.580,0.000,0.000,,,0.000,0.000,0.000,,3.227,2.307,31.898,0.094,0.069,10.401,0.429,116,0,0,0,0.000,0.000,0.000,0.000,0.450,0.000,0.000,1.000,1.000,0.000,3.227,00-0026498,0.093,3.199,31.712,59,,,,,,,,,,,,,0.038,0.010,,,,,25.095,0.000,0.000,7.510,-0.000,214.549,111.342,129.366,48.046,36.557,0.034,0.020,,,-14.895,7.142,-14.899,0.266
2026,1,2026_01_SF_LA,LA,SF,Davante Adams,WR,WR2,0,0,0,0,6,3,26,0.222,0.000,0.540,25.500,3.500,1,0.000,65.425,0.580,0.000,0.000,,,0.000,-0.000,0.000,,7.927,4.053,58.408,0.227,0.314,7.738,0.679,128,0,0,0,0.000,0.000,0.000,0.000,0.450,0.000,0.000,1.000,1.000,0.000,7.927,00-0026498,0.222,7.775,57.123,17,,,,,,,,,,,,,0.032,0.189,,,,,69.365,0.000,0.000,-10.957,-0.000,214.549,111.342,129.366,48.046,36.557,0.034,0.020,56.435,1.639,-14.895,7.142,-14.899,0.266
2026,1,2026_01_SF_LA,LA,SF,Jordan Whittington,WR,,0,0,0,0,1,1,8,0.037,0.000,0.410,25.500,3.500,1,0.000,65.425,0.580,0.000,0.000,,,0.184,0.220,0.006,,1.085,0.845,10.508,0.031,0.020,,0.283,34,0,0,0,0.000,0.000,0.000,0.000,0.450,0.000,0.000,1.000,1.000,0.184,1.085,00-0026498,0.031,1.068,10.050,32,,,,,,,,,,,,,,,,,,,,,,,,214.549,111.342,129.366,48.046,36.557,0.034,0.020,,,-14.895,7.142,-14.899,0.266
2026,1,2026_01_SF_LA,LA,SF,Konata Mumpfield,WR,WR3,0,0,0,0,1,0,0,0.037,0.000,0.260,25.500,3.500,1,0.000,65.425,0.580,0.000,0.000,,,0.000,0.000,0.000,,2.402,1.003,8.393,0.062,0.074,3.633,0.385,14,0,0,0,0.000,0.000,0.000,0.000,0.450,0.000,0.000,1.000,1.000,0.000,2.402,00-0026498,0.062,2.402,8.393,13,,,,,,,,,,,,,0.118,0.000,,,,,19.525,0.000,0.000,-10.705,0.000,214.549,111.342,129.366,48.046,36.557,0.034,0.020,19.423,0.982,-14.895,7.142,-14.899,0.266
2026,1,2026_01_SF_LA,LA,SF,Puka Nacua,WR,WR1,0,0,0,0,9,5,74,0.333,0.000,0.700,25.500,3.500,1,0.000,65.425,0.580,0.000,0.000,,,1.199,6.900,0.042,6.883,11.982,7.974,111.745,0.327,0.335,9.240,0.741,51,0,0,0,0.000,0.000,0.000,0.000,0.450,0.000,0.000,1.000,1.000,1.199,11.982,00-0026498,0.327,11.984,111.783,48,,,,,,,,,,,,,0.027,0.923,2.618,4.269,0.344,,97.201,6.382,0.000,14.545,0.518,214.549,111.342,129.366,48.046,36.557,0.034,0.020,42.632,0.796,-14.895,7.142,-14.899,0.266
2026,1,2026_01_SF_LA,LA,SF,Xavier Smith,WR,,0,0,0,0,0,0,0,0.000,0.000,0.260,25.500,3.500,1,0.000,65.425,0.580,0.000,0.000,,,0.010,0.047,0.000,,1.204,0.872,14.791,0.035,0.055,,0.238,36,0,0,0,0.000,0.000,0.000,0.000,0.450,0.000,0.000,1.000,1.000,0.010,1.204,00-0026498,0.035,1.204,14.798,34,,,,,,,,,,,,,,,,,,,,,,,,214.549,111.342,129.366,48.046,36.557,0.034,0.020,,,-14.895,7.142,-14.899,0.266
2026,1,2026_01_ARI_LAC,LAC,ARI,Justin Herbert,QB,,27,209,5,29,0,0,0,0.000,0.238,1.000,28.000,8.500,1,0.000,59.169,0.549,29.906,212.319,7.070,-1.633,6.151,35.175,0.234,5.440,0.000,0.000,0.001,0.000,-0.000,,0.972,99,0,0,0,0.000,0.000,0.000,1.387,0.000,0.000,0.000,1.000,1.000,6.151,0.000,00-0036355,,,,0,,,,,,,,,2.992,14.731,2.244,-0.362,,,3.913,1.534,0.246,0.316,0.000,33.669,208.913,0.001,1.506,248.050,126.752,127.652,75.372,40.298,0.048,0.012,,,-6.685,19.515,-6.681,0.291
2026,1,2026_01_ARI_LAC,LAC,ARI,Keaton Mitchell,RB,,0,0,4,9,0,0,0,0.000,0.190,0.310,28.000,8.500,1,0.000,59.169,0.549,0.000,0.000,,,5.251,27.036,0.156,5.201,0.890,0.669,4.491,0.042,-0.018,,0.200,26,0,0,0,0.000,0.000,0.000,1.387,0.000,0.000,0.000,1.000,1.000,5.251,0.890,00-0036355,,,,0,,,,,,,,,,,,,,,3.359,1.875,0.319,,5.145,26.154,0.000,0.012,3.303,248.050,126.752,127.652,75.372,40.298,0.048,0.012,,,-6.685,19.515,-6.681,0.291
2026,1,2026_01_ARI_LAC,LAC,ARI,Omarion Hampton,RB,RB1,0,0,12,43,0,0,0,0.000,0.571,0.580,28.000,8.500,1,0.000,59.169,0.549,0.000,0.000,,,11.518,48.011,0.448,3.266,3.291,3.049,16.535,0.104,-0.029,,0.500,11,0,0,0,0.000,0.000,0.000,1.387,0.000,0.000,0.000,1.000,1.000,11.518,3.291,00-0036355,0.104,3.291,16.535,10,,,,,,,,,,,,,,,1.967,1.316,1.021,,17.903,48.930,0.000,-1.368,-0.919,248.050,126.752,127.652,75.372,40.298,0.048,0.012,71.486,1.059,-6.685,19.515,-6.681,0.291
2026,1,2026_01_ARI_LAC,LAC,ARI,Charlie Kolar,TE,,0,0,0,0,0,0,0,0.000,0.000,0.550,28.000,8.500,1,0.000,59.169,0.549,0.000,0.000,,,0.005,0.010,0.000,,0.938,0.610,9.493,0.038,0.035,10.045,0.392,36,0,0,0,0.000,0.000,0.000,1.387,0.000,0.000,0.000,1.000,1.000,0.005,0.938,00-0036355,,,,0,,,,,,,,,,,,,0.004,0.068,,,,,11.012,0.041,0.000,1.722,-0.017,248.050,126.752,127.652,75.372,40.298,0.048,0.012,,,-6.685,19.515,-6.681,0.291
2026,1,2026_01_ARI_LAC,LAC,ARI,David Njoku,TE,,0,0,0,0,5,5,58,0.185,0.000,0.550,28.000,8.500,1,0.000,59.169,0.549,0.000,0.000,,,0.000,-0.000,0.000,,4.362,3.039,24.271,0.125,0.083,4.797,0.590,100,0,0,0,0.000,0.000,0.000,1.387,0.000,0.000,0.000,1.000,1.000,0.000,4.362,00-0036355,,,,0,,,,,,,,,,,,,0.022,0.156,,,,,24.729,0.001,0.000,-0.457,-0.001,248.050,126.752,127.652,75.372,40.298,0.048,0.012,,,-6.685,19.515,-6.681,0.291
2026,1,2026_01_ARI_LAC,LAC,ARI,Oronde Gadsden II,TE,TE1,0,0,0,0,2,2,32,0.074,0.000,0.180,28.000,8.500,1,0.000,59.169,0.549,0.000,0.000,,,0.000,0.000,0.000,,3.828,2.719,34.222,0.129,0.143,9.160,0.593,17,0,0,0,0.000,0.000,0.000,1.387,0.000,0.000,0.000,1.000,1.000,0.000,3.828,00-0036355,0.143,4.169,36.288,15,,,,,,,,,,,,,0.090,0.143,,,,,28.617,0.000,0.000,5.605,0.000,248.050,126.752,127.652,75.372,40.298,0.048,0.012,46.413,1.241,-6.685,19.515,-6.681,0.291
2026,1,2026_01_ARI_LAC,LAC,ARI,Derius Davis,WR,,0,0,0,0,1,0,0,0.037,0.000,0.180,28.000,8.500,1,0.000,59.169,0.549,0.000,0.000,,,0.163,0.171,0.006,,0.448,0.343,2.327,0.014,0.015,,0.148,46,0,0,0,0.000,0.000,0.000,1.387,0.000,0.000,0.000,1.000,1.000,0.163,0.448,00-0036355,0.013,0.374,1.635,39,,,,,,,,,,,,,,,,,,,,,,,,248.050,126.752,127.652,75.372,40.298,0.048,0.012,,,-6.685,19.515,-6.681,0.291
2026,1,2026_01_ARI_LAC,LAC,ARI,Ladd McConkey,WR,WR2,0,0,0,0,7,5,82,0.259,0.000,0.490,28.000,8.500,1,0.000,59.169,0.549,0.000,0.000,,,0.000,0.000,0.000,,5.313,3.350,42.827,0.183,0.242,8.537,0.791,35,0,0,0,0.000,0.000,0.000,1.387,0.000,0.000,0.000,1.000,1.000,0.000,5.313,00-0036355,0.183,5.313,42.827,34,,,,,,,,,,,,,0.022,0.229,,,,,39.750,0.000,0.000,3.087,0.000,248.050,126.752,127.652,75.372,40.298,0.048,0.012,33.257,0.661,-6.685,19.515,-6.681,0.291
2026,1,2026_01_ARI_LAC,LAC,ARI,Quentin Johnston,WR,WR1,0,0,0,0,6,2,17,0.222,0.000,0.780,28.000,8.500,1,0.000,59.169,0.549,0.000,0.000,,,0.061,0.280,0.002,,5.987,3.578,49.997,0.197,0.281,7.943,0.755,48,0,0,0,0.000,0.000,0.000,1.387,0.000,0.000,0.000,1.000,1.000,0.061,5.987,00-0036355,0.197,5.986,49.981,42,2.490,5.918,13.684,0.618,56.831,,,,,,,,0.021,0.204,,,,,48.661,0.455,0.000,1.337,-0.176,248.050,126.752,127.652,75.372,40.298,0.048,0.012,69.138,0.855,-6.685,19.515,-6.681,0.291
2026,1,2026_01_ARI_LAC,LAC,ARI,Tre Harris,WR,WR3,0,0,0,0,6,3,20,0.222,0.000,0.750,28.000,8.500,1,0.000,59.169,0.549,0.000,0.000,,,0.189,1.043,0.007,,3.267,2.070,24.141,0.110,0.127,7.487,0.588,18,0,0,0,0.000,0.000,0.000,1.387,0.000,0.000,0.000,1.000,1.000,0.189,3.267,00-0036355,0.102,2.811,23.620,16,,,,,,,,,,,,,0.020,0.021,,,,,22.928,1.050,0.000,1.213,-0.006,248.050,126.752,127.652,75.372,40.298,0.048,0.012,19.125,0.732,-6.685,19.515,-6.681,0.291
2026,1,2026_01_MIA_LV,LV,MIA,Kirk Cousins,QB,,30,160,5,-6,0,0,0,0.000,0.139,1.000,21.750,3.000,1,0.000,50.934,0.580,29.478,195.920,6.433,0.695,1.696,0.348,0.058,0.797,0.001,0.001,-0.001,0.000,-0.000,,0.940,116,0,0,0,0.000,0.000,0.965,0.000,0.000,0.000,0.000,1.000,1.000,1.696,0.001,00-0038579,,,,0,,,,,,,,,2.758,18.448,-0.268,-1.736,,,0.536,0.258,0.000,0.235,0.003,2.564,216.627,-0.004,-2.215,244.908,104.062,147.903,63.437,32.099,0.035,0.011,,,17.136,10.325,17.137,0.284
2026,1,2026_01_MIA_LV,LV,MIA,Ashton Jeanty,RB,RB1,0,0,23,102,6,6,45,0.207,0.639,0.740,21.750,3.000,1,0.000,50.934,0.580,0.000,0.000,,,16.844,62.013,0.769,3.517,4.503,3.251,22.077,0.163,-0.033,7.041,0.828,18,0,0,0,0.000,0.000,0.965,0.000,0.000,0.000,0.000,1.000,1.000,16.844,4.503,00-0038579,0.192,5.000,7.000,1,,,,,,4.304,20.923,-0.155,,,,,0.038,0.384,1.875,1.648,1.060,,22.682,71.035,0.000,-0.605,-9.022,244.908,104.062,147.903,63.437,32.099,0.035,0.011,53.430,1.209,17.136,10.325,17.137,0.284
2026,1,2026_01_MIA_LV,LV,MIA,Dylan Laube,RB,,0,0,0,0,0,0,0,0.000,0.000,0.150,21.750,3.000,1,0.000,50.934,0.580,0.000,0.000,,,0.297,0.500,0.022,,0.067,0.053,0.233,0.003,-0.002,,0.014,24,0,0,0,0.000,0.000,0.965,0.000,0.000,0.000,0.000,1.000,1.000,0.297,0.067,00-0038579,0.000,0.000,0.000,5,,,,,,,,,,,,,,,,,,,,,,,,244.908,104.062,147.903,63.437,32.099,0.035,0.011,,,17.136,10.325,17.137,0.284
2026,1,2026_01_MIA_LV,LV,MIA,Mike Washington Jr.,RB,,0,0,7,41,0,0,0,0.000,0.194,0.190,21.750,3.000,1,0.000,50.934,0.580,,,,,,,,,,,,,,,,1,0,0,0,0.000,0.000,0.965,0.000,0.000,0.000,0.000,1.000,1.000,,,00-0038579,,,,0,,,,,,,,,,,,,,,,,,,,,,,,244.908,104.062,147.903,63.437,32.099,0.035,0.011,,,17.136,10.325,17.137,0.284
2026,1,2026_01_MIA_LV,LV,MIA,Michael Mayer,TE,TE1,0,0,0,0,7,6,32,0.241,0.000,0.810,21.750,3.000,1,0.000,50.934,0.580,0.000,0.000,,,0.000,0.000,0.000,,4.168,2.945,29.847,0.149,0.131,6.715,0.671,38,0,0,0,0.000,0.000,0.965,0.000,0.000,0.000,0.000,1.000,1.000,0.000,4.168,00-0038579,0.124,3.874,27.280,12,3.250,6.340,4.986,0.976,70.093,,,,,,,,0.011,0.076,,,,,28.813,0.000,0.000,2.816,0.000,244.908,104.062,147.903,63.437,32.099,0.035,0.011,41.615,1.254,17.136,10.325,17.137,0.284
2026,1,2026_01_MIA_LV,LV,MIA,Cody White,WR,,0,0,0,0,1,0,0,0.034,0.000,,21.750,3.000,1,0.000,50.934,0.580,0.000,0.000,,,0.000,0.000,0.000,,0.623,0.515,9.517,0.022,0.027,,,18,0,0,0,0.000,0.000,0.965,0.000,0.000,0.000,0.000,1.000,1.000,0.000,0.623,00-0038579,,,,0,,,,,,,,,,,,,,,,,,,,,,,,244.908,104.062,147.903,63.437,32.099,0.035,0.011,,,17.136,10.325,17.137,0.284
2026,1,2026_01_MIA_LV,LV,MIA,Dareke Young,WR,,0,0,0,0,0,0,0,0.000,0.000,0.150,21.750,3.000,1,0.000,50.934,0.580,0.000,0.000,,,0.000,0.000,0.000,,0.202,0.098,2.314,0.008,0.015,,0.080,27,0,0,0,0.000,0.000,0.965,0.000,0.000,0.000,0.000,1.000,1.000,0.000,0.202,00-0038579,,,,0,,,,,,,,,,,,,,,,,,,,,,,,244.908,104.062,147.903,63.437,32.099,0.035,0.011,,,17.136,10.325,17.137,0.284
2026,1,2026_01_MIA_LV,LV,MIA,Jack Bech,WR,WR3,0,0,0,0,4,3,23,0.138,0.000,0.400,21.750,3.000,1,0.000,50.934,0.580,0.000,0.000,,,0.000,0.000,0.000,,2.497,1.631,18.952,0.099,0.143,7.441,0.546,15,0,0,0,0.000,0.000,0.965,0.000,0.000,0.000,0.000,1.000,1.000,0.000,2.497,00-0038579,0.077,2.000,0.000,1,,,,,,,,,,,,,0.064,0.054,,,,,18.536,0.000,0.000,1.762,0.000,244.908,104.062,147.903,63.437,32.099,0.035,0.011,25.891,0.888,17.136,10.325,17.137,0.284
2026,1,2026_01_MIA_LV,LV,MIA,Jalen Nailor,WR,WR2,0,0,0,0,5,3,27,0.172,0.000,0.600,21.750,3.000,1,0.000,50.934,0.580,0.000,0.000,,,0.119,0.097,0.004,,2.687,1.605,25.053,0.103,0.159,7.068,0.602,45,0,0,0,0.000,0.000,0.965,0.000,0.000,0.000,0.000,1.000,1.000,0.119,2.687,00-0038579,,,,0,,,,,,,,,,,,,0.060,0.080,,,,,21.780,0.752,0.000,3.296,-0.654,244.908,104.062,147.903,63.437,32.099,0.035,0.011,31.454,0.959,17.136,10.325,17.137,0.284
2026,1,2026_01_MIA_LV,LV,MIA,Malik Benson,WR,,0,0,1,-8,2,1,6,0.069,0.028,0.100,21.750,3.000,1,0.000,50.934,0.580,,,,,,,,,,,,,,,,1,0,0,0,0.000,0.000,0.965,0.000,0.000,0.000,0.000,1.000,1.000,,,00-0038579,,,,0,,,,,,,,,,,,,,,,,,,,,,,,244.908,104.062,147.903,63.437,32.099,0.035,0.011,,,17.136,10.325,17.137,0.284
2026,1,2026_01_MIA_LV,LV,MIA,Tre Tucker,WR,WR1,0,0,0,0,4,2,27,0.138,0.000,0.710,21.750,3.000,1,0.000,50.934,0.580,0.000,0.000,,,0.798,2.715,0.032,4.656,5.335,3.007,33.939,0.192,0.279,6.520,0.960,48,0,0,0,0.000,0.000,0.965,0.000,0.000,0.000,0.000,1.000,1.000,0.798,5.335,00-0038579,0.139,4.471,27.974,17,3.262,7.338,10.938,0.528,58.676,,,,,,,,0.020,0.239,3.411,1.245,0.064,,38.689,4.779,0.000,-4.750,-2.064,244.908,104.062,147.903,63.437,32.099,0.035,0.011,52.613,0.848,17.136,10.325,17.137,0.284
2026,1,2026_01_MIA_LV,MIA,LV,Malik Willis,QB,,27,220,6,39,0,0,0,0.000,0.333,1.000,18.750,-3.000,1,0.000,53.731,0.499,9.371,103.437,9.508,4.318,4.752,26.947,0.172,5.672,0.000,0.000,0.000,0.000,0.000,,0.483,20,0,0,0,0.000,0.000,0.000,0.000,0.000,0.000,0.000,1.000,1.000,4.752,0.000,00-0040234,,,,0,,,,,,,,,2.928,17.490,0.039,-0.947,,,4.198,1.479,0.202,0.192,0.000,19.907,67.358,0.000,7.040,199.994,102.421,134.588,37.899,25.882,0.025,-0.011,,,-9.507,-4.168,-9.507,0.219
2026,1,2026_01_MIA_LV,MIA,LV,De'Von Achane,RB,RB1,0,0,11,36,5,4,30,0.185,0.611,0.860,18.750,-3.000,1,0.000,53.731,0.499,0.000,0.000,,,15.352,88.463,0.589,6.056,4.316,3.697,29.087,0.162,0.015,6.799,0.721,46,0,0,0,0.000,0.000,0.000,0.000,0.000,0.000,0.000,1.000,1.000,15.352,4.316,00-0040234,0.121,3.000,19.864,2,,,,,,4.080,27.427,0.551,,,,,0.097,0.461,2.826,3.229,1.333,,26.552,70.438,0.000,2.417,18.025,199.994,102.421,134.588,37.899,25.882,0.025,-0.011,61.449,1.270,-9.507,-4.168,-9.507,0.219
2026,1,2026_01_MIA_LV,MIA,LV,Jaylen Wright,RB,,0,0,1,-1,0,0,0,0.000,0.056,0.070,18.750,-3.000,1,0.000,53.731,0.499,0.000,0.000,,,7.652,30.012,0.259,4.261,1.053,0.643,5.887,0.041,-0.027,4.808,0.236,23,0,0,0,0.000,0.000,0.000,0.000,0.000,0.000,0.000,1.000,1.000,7.652,1.053,00-0040234,0.052,1.340,11.667,3,,,,,,6.641,37.731,0.065,,,,,0.113,0.085,1.549,2.710,0.597,,5.497,32.844,0.000,0.390,-2.832,199.994,102.421,134.588,37.899,25.882,0.025,-0.011,,,-9.507,-4.168,-9.507,0.219
2026,1,2026_01_MIA_LV,MIA,LV,Greg Dulcich,TE,TE1,0,0,0,0,2,2,18,0.074,0.000,0.770,18.750,-3.000,1,0.000,53.731,0.499,0.000,0.000,,,0.136,-0.949,0.005,,3.687,2.794,34.869,0.149,0.097,10.230,0.439,26,0,0,0,0.000,0.000,0.000,0.000,0.000,0.000,0.000,1.000,1.000,0.136,3.687,00-0040234,0.184,4.383,44.073,3,,,,,,,,,,,,,0.009,0.201,,,,,26.898,0.317,0.000,8.698,-1.268,199.994,102.421,134.588,37.899,25.882,0.025,-0.011,28.072,0.726,-9.507,-4.168,-9.507,0.219
2026,1,2026_01_MIA_LV,MIA,LV,Will Kacmarek,TE,,0,0,0,0,1,0,0,0.037,0.000,0.250,18.750,-3.000,1,0.000,53.731,0.499,,,,,,,,,,,,,,,,1,0,0,0,0.000,0.000,0.000,0.000,0.000,0.000,0.000,1.000,1.000,,,00-0040234,,,,0,,,,,,,,,,,,,,,,,,,,,,,,199.994,102.421,134.588,37.899,25.882,0.025,-0.011,,,-9.507,-4.168,-9.507,0.219
2026,1,2026_01_MIA_LV,MIA,LV,Caleb Douglas,WR,,0,0,0,0,7,5,94,0.259,0.000,0.910,18.750,-3.000,1,0.000,53.731,0.499,,,,,,,,,,,,,,,,1,0,0,0,0.000,0.000,0.000,0.000,0.000,0.000,0.000,1.000,1.000,,,00-0040234,,,,0,,,,,,,,,,,,,,,,,,,,,,,,199.994,102.421,134.588,37.899,25.882,0.025,-0.011,,,-9.507,-4.168,-9.507,0.219
2026,1,2026_01_MIA_LV,MIA,LV,Chris Bell,WR,,0,0,0,0,2,1,25,0.074,0.000,0.520,18.750,-3.000,1,0.000,53.731,0.499,,,,,,,,,,,,,,,,1,0,0,0,0.000,0.000,0.000,0.000,0.000,0.000,0.000,1.000,1.000,,,00-0040234,,,,0,,,,,,,,,,,,,,,,,,,,,,,,199.994,102.421,134.588,37.899,25.882,0.025,-0.011,,,-9.507,-4.168,-9.507,0.219
2026,1,2026_01_MIA_LV,MIA,LV,Kevin Coleman Jr.,WR,,0,0,0,0,2,0,0,0.074,0.000,0.290,18.750,-3.000,1,0.000,53.731,0.499,,,,,,,,,,,,,,,,1,0,0,0,0.000,0.000,0.000,0.000,0.000,0.000,0.000,1.000,1.000,,,00-0040234,,,,0,,,,,,,,,,,,,,,,,,,,,,,,199.994,102.421,134.588,37.899,25.882,0.025,-0.011,,,-9.507,-4.168,-9.507,0.219
2026,1,2026_01_MIA_LV,MIA,LV,Malik Washington,WR,WR1,0,0,0,0,8,3,53,0.296,0.000,0.980,18.750,-3.000,1,0.000,53.731,0.499,0.000,0.000,,,0.882,6.181,0.036,5.720,3.318,2.401,17.005,0.135,0.114,7.055,0.587,32,0,0,0,0.000,0.000,0.000,0.000,0.000,0.000,0.000,1.000,1.000,0.882,3.318,00-0040234,0.120,2.837,10.058,3,,,,,,,,,,,,,0.005,0.227,2.158,3.561,0.281,,20.620,4.753,0.000,-3.577,1.440,199.994,102.421,134.588,37.899,25.882,0.025,-0.011,56.124,1.107,-9.507,-4.168,-9.507,0.219
2026,1,2026_01_GB_MIN,MIN,GB,Carson Wentz,QB,,19,133,5,-1,0,0,0,0.000,0.147,0.830,24.000,1.500,1,0.000,52.820,0.505,29.691,201.660,6.877,-1.465,2.873,11.725,0.107,,0.000,0.000,0.000,0.000,-0.000,,0.877,74,0,0,0,0.000,0.000,0.000,0.000,0.450,0.000,0.000,1.000,1.000,2.873,0.000,00-0039923,,,,0,,,,,,,,,2.650,15.683,-2.644,-1.494,,,,,,0.247,0.000,15.150,198.610,0.000,-3.425,231.041,114.421,139.952,58.897,31.152,0.022,-0.010,,,0.665,1.599,0.666,0.212
2026,1,2026_01_GB_MIN,MIN,GB,Kyler Murray,QB,,5,18,2,9,0,0,0,0.000,0.059,0.170,24.000,1.500,1,0.000,52.820,0.505,33.694,215.590,6.555,2.146,5.114,32.370,0.208,6.322,0.000,0.000,0.001,0.000,0.000,,0.977,89,0,0,0,0.000,0.000,0.000,0.000,0.450,0.000,0.000,1.000,1.000,5.114,0.000,00-0039923,,,,0,,,,,,,,,2.735,13.935,0.881,-2.437,,,5.370,0.971,0.279,0.152,0.000,30.970,241.400,0.000,1.400,231.041,114.421,139.952,58.897,31.152,0.022,-0.010,,,0.665,1.599,0.666,0.212
2026,1,2026_01_GB_MIN,MIN,GB,Aaron Jones,RB,RB1,0,0,12,40,1,0,0,0.043,0.353,0.460,24.000,1.500,1,0.000,52.820,0.505,0.000,0.000,,,13.376,52.340,0.523,3.858,3.532,2.520,15.559,0.153,-0.024,4.447,0.581,123,0,0,0,0.000,0.000,0.000,0.000,0.450,0.000,0.000,1.000,1.000,13.376,3.532,00-0039923,0.128,3.200,15.392,9,,,,,,4.142,24.424,-0.221,,,,,0.045,0.005,2.090,1.776,0.387,,19.564,55.017,0.000,-4.005,-2.678,231.041,114.421,139.952,58.897,31.152,0.022,-0.010,79.809,1.362,0.665,1.599,0.666,0.212
2026,1,2026_01_GB_MIN,MIN,GB,DeeJay Dallas,RB,,0,0,0,0,1,1,1,0.043,0.000,0.090,24.000,1.500,1,0.000,52.820,0.505,0.000,0.000,,,0.694,5.219,0.023,,0.315,0.177,0.700,0.009,-0.003,,0.077,81,0,0,0,0.000,0.000,0.000,0.000,0.450,0.000,0.000,1.000,1.000,0.694,0.315,00-0039923,,,,0,,,,,,,,,,,,,,,,,,,,,,,,231.041,114.421,139.952,58.897,31.152,0.022,-0.010,,,0.665,1.599,0.666,0.212
2026,1,2026_01_GB_MIN,MIN,GB,Jordan Mason,RB,,0,0,15,59,0,0,0,0.000,0.441,0.450,24.000,1.500,1,0.000,52.820,0.505,0.000,0.000,,,8.884,45.518,0.353,4.843,0.594,0.542,2.190,0.021,-0.010,,0.335,59,0,0,0,0.000,0.000,0.000,0.000,0.450,0.000,0.000,1.000,1.000,8.884,0.594,00-0039923,0.020,0.474,2.114,10,,,,,,3.924,39.662,0.924,,,,,,,2.171,2.673,0.890,,2.740,37.614,0.000,-0.547,7.987,231.041,114.421,139.952,58.897,31.152,0.022,-0.010,,,0.665,1.599,0.666,0.212
2026,1,2026_01_GB_MIN,MIN,GB,Josh Oliver,TE,,0,0,0,0,4,2,22,0.174,0.000,0.650,24.000,1.500,1,0.000,52.820,0.505,0.000,0.000,,,0.000,0.000,0.000,,1.811,1.425,15.944,0.076,0.051,8.559,0.550,66,0,0,0,0.000,0.000,0.000,0.000,0.450,0.000,0.000,1.000,1.000,0.000,1.811,00-0039923,0.072,1.742,16.864,7,,,,,,,,,,,,,0.016,0.002,,,,,11.476,0.000,0.000,4.811,0.000,231.041,114.421,139.952,58.897,31.152,0.022,-0.010,,,0.665,1.599,0.666,0.212
2026,1,2026_01_GB_MIN,MIN,GB,T.J. Hockenson,TE,TE1,0,0,0,0,5,4,36,0.217,0.000,0.660,24.000,1.500,1,0.000,52.820,0.505,0.000,0.000,,,0.080,0.000,0.004,,4.114,3.233,30.664,0.151,0.111,6.418,0.752,100,0,0,0,0.000,0.000,0.000,0.000,0.450,0.000,0.000,1.000,1.000,0.080,4.114,00-0039923,0.140,3.324,22.432,9,,,,,,,,,,,,,0.034,0.136,,,,,27.655,0.182,0.000,3.008,-0.182,231.041,114.421,139.952,58.897,31.152,0.022,-0.010,45.264,1.205,0.665,1.599,0.666,0.212
2026,1,2026_01_GB_MIN,MIN,GB,Jauan Jennings,WR,WR2,0,0,0,0,1,0,0,0.043,0.000,0.480,24.000,1.500,1,0.000,52.820,0.505,0.134,3.893,,,0.000,-0.000,0.000,,5.401,3.193,41.885,0.186,0.238,8.214,0.844,83,0,0,0,0.000,0.000,0.000,0.000,0.450,0.000,0.000,1.000,1.000,0.000,5.401,00-0039923,,,,0,2.216,5.623,10.572,0.608,62.959,,,,,,,,0.022,0.182,,,,,42.615,0.003,1.156,-0.727,-0.003,231.041,114.421,139.952,58.897,31.152,0.022,-0.010,36.413,1.034,0.665,1.599,0.666,0.212
2026,1,2026_01_GB_MIN,MIN,GB,Jordan Addison,WR,WR3,0,0,0,0,2,0,0,0.087,0.000,0.830,24.000,1.500,1,0.000,52.820,0.505,0.000,0.000,,,0.174,9.277,0.006,,4.627,2.346,32.768,0.162,0.317,7.534,0.826,48,0,0,0,0.000,0.000,0.000,0.000,0.450,0.000,0.000,1.000,1.000,0.174,4.627,00-0039923,0.152,4.162,31.492,8,,,,,,,,,,,,,0.041,0.055,,,,,38.147,0.940,0.000,-5.379,8.337,231.041,114.421,139.952,58.897,31.152,0.022,-0.010,33.525,1.533,0.665,1.599,0.666,0.212
2026,1,2026_01_GB_MIN,MIN,GB,Justin Jefferson,WR,WR1,0,0,0,0,9,8,92,0.391,0.000,0.920,24.000,1.500,1,0.000,52.820,0.505,0.002,0.033,,,0.171,0.516,0.006,2.080,8.025,4.875,56.923,0.314,0.366,6.691,0.920,97,0,0,0,0.000,0.000,0.000,0.000,0.450,0.000,0.000,1.000,1.000,0.171,8.025,00-0039923,0.319,8.202,58.131,10,3.216,6.016,8.930,0.767,60.987,,,,,,,,0.038,0.306,1.263,0.816,0.000,,58.303,1.117,0.011,-1.380,-0.601,231.041,114.421,139.952,58.897,31.152,0.022,-0.010,57.829,1.095,0.665,1.599,0.666,0.212
2026,1,2026_01_GB_MIN,MIN,GB,Myles Price,WR,,0,0,0,0,0,0,0,0.000,0.000,0.050,24.000,1.500,1,0.000,52.820,0.505,0.000,0.000,,,0.000,0.000,0.000,,0.000,0.000,0.000,0.000,0.000,,0.016,17,0,0,0,0.000,0.000,0.000,0.000,0.450,0.000,0.000,1.000,1.000,0.000,0.000,00-0039923,0.000,0.000,0.000,9,,,,,,,,,,,,,,,,,,,,,,,,231.041,114.421,139.952,58.897,31.152,0.022,-0.010,,,0.665,1.599,0.666,0.212
2026,1,2026_01_NE_SEA,NE,SEA,Drake Maye,QB,,33,178,7,47,0,0,0,0.000,0.226,1.000,20.750,-3.000,0,6.000,59.304,0.505,29.242,229.914,7.916,-0.476,6.354,35.661,0.226,5.671,0.100,0.005,0.010,0.004,0.004,,0.958,35,0,0,0,0.000,0.310,0.000,0.328,0.000,0.000,0.000,1.000,1.000,6.354,0.100,00-0039851,,,,0,,,,,,,,,,,,,,,4.229,1.445,0.361,0.216,0.859,27.599,228.327,-0.849,8.062,227.188,71.972,129.163,55.458,40.346,-0.071,-0.041,,,-15.540,-9.748,-15.537,0.291
2026,1,2026_01_NE_SEA,NE,SEA,Corey Kiner,RB,,0,0,6,11,0,0,0,0.000,0.194,0.110,20.750,-3.000,0,6.000,59.304,0.505,0.000,0.000,,,2.951,13.953,0.161,4.155,0.955,0.636,4.773,0.034,0.014,5.000,0.141,5,0,0,0,0.000,0.310,0.000,0.328,0.000,0.000,0.000,1.000,1.000,2.951,0.955,00-0039851,,,,0,,,,,,,,,,,,,0.333,0.000,2.130,2.007,0.225,,5.664,12.095,0.000,-0.891,1.859,227.188,71.972,129.163,55.458,40.346,-0.071,-0.041,,,-15.540,-9.748,-15.537,0.291
2026,1,2026_01_NE_SEA,NE,SEA,Lan Larison,RB,,0,0,0,0,2,2,9,0.065,0.000,0.040,20.750,-3.000,0,6.000,59.304,0.505,,,,,,,,,,,,,,,,1,0,0,0,0.000,0.310,0.000,0.328,0.000,0.000,0.000,1.000,1.000,,,00-0039851,,,,0,,,,,,,,,,,,,,,,,,,,,,,,227.188,71.972,129.163,55.458,40.346,-0.071,-0.041,,,-15.540,-9.748,-15.537,0.291
2026,1,2026_01_NE_SEA,NE,SEA,Rhamondre Stevenson,RB,RB1,0,0,18,51,6,5,44,0.194,0.581,0.850,20.750,-3.000,0,6.000,59.304,0.505,0.000,0.000,,,11.781,53.748,0.394,5.266,3.265,2.734,27.296,0.116,0.029,7.488,0.648,76,0,0,0,0.000,0.310,0.000,0.328,0.000,0.000,0.000,1.000,1.000,11.781,3.265,00-0039851,0.116,3.261,27.432,27,,,,,,,,,,,,,0.024,0.259,2.277,2.991,1.098,,19.565,51.511,0.000,7.727,2.238,227.188,71.972,129.163,55.458,40.346,-0.071,-0.041,42.237,0.624,-15.540,-9.748,-15.537,0.291
2026,1,2026_01_NE_SEA,NE,SEA,Eli Raridon,TE,,0,0,0,0,1,1,2,0.032,0.000,0.540,20.750,-3.000,0,6.000,59.304,0.505,,,,,,,,,,,,,,,,1,0,0,0,0.000,0.310,0.000,0.328,0.000,0.000,0.000,1.000,1.000,,,00-0039851,,,,0,,,,,,,,,,,,,,,,,,,,,,,,227.188,71.972,129.163,55.458,40.346,-0.071,-0.041,,,-15.540,-9.748,-15.537,0.291
2026,1,2026_01_NE_SEA,NE,SEA,Hunter Henry,TE,TE1,0,0,0,0,3,3,26,0.097,0.000,0.760,20.750,-3.000,0,6.000,59.304,0.505,0.000,0.000,,,0.000,0.000,0.000,,4.454,3.062,36.631,0.157,0.117,7.717,0.749,111,0,0,0,0.000,0.310,0.000,0.328,0.000,0.000,0.000,1.000,1.000,0.000,4.454,00-0039851,0.157,4.452,36.642,31,,,,,,,,,,,,,0.085,0.012,,,,,34.304,0.000,0.000,2.327,0.000,227.188,71.972,129.163,55.458,40.346,-0.071,-0.041,43.438,1.237,-15.540,-9.748,-15.537,0.291
2026,1,2026_01_NE_SEA,NE,SEA,A.J. Brown,WR,WR1,0,0,0,0,4,3,26,0.129,0.000,0.440,20.750,-3.000,0,6.000,59.304,0.505,0.000,0.000,,,0.000,0.000,0.000,,8.173,5.264,66.944,0.286,0.385,8.972,0.908,119,0,0,0,0.000,0.310,0.000,0.328,0.000,0.000,0.000,1.000,1.000,0.000,8.173,00-0039851,,,,0,2.263,5.409,12.835,0.771,62.722,,,,,,,,0.076,0.481,,,,,70.599,0.000,0.000,-3.655,0.000,227.188,71.972,129.163,55.458,40.346,-0.071,-0.041,60.476,0.806,-15.540,-9.748,-15.537,0.291
2026,1,2026_01_NE_SEA,NE,SEA,DeMario Douglas,WR,,0,0,0,0,7,5,20,0.226,0.000,0.620,20.750,-3.000,0,6.000,59.304,0.505,0.000,0.000,,,0.179,0.671,0.006,,2.934,2.032,24.407,0.096,0.086,9.358,0.278,51,0,0,0,0.000,0.310,0.000,0.328,0.000,0.000,0.000,1.000,1.000,0.179,2.934,00-0039851,0.096,2.926,24.379,30,,,,,,,,,,,,,0.054,0.177,,,,,23.116,1.103,0.000,1.292,-0.433,227.188,71.972,129.163,55.458,40.346,-0.071,-0.041,,,-15.540,-9.748,-15.537,0.291
2026,1,2026_01_NE_SEA,NE,SEA,Kyle Williams,WR,,0,0,0,0,0,0,0,0.000,0.000,0.170,20.750,-3.000,0,6.000,59.304,0.505,0.000,0.000,,,0.115,0.470,0.003,,1.871,0.824,11.700,0.063,0.112,8.726,0.358,18,0,0,0,0.000,0.310,0.000,0.328,0.000,0.000,0.000,1.000,1.000,0.115,1.871,00-0039851,0.063,1.871,11.700,17,,,,,,,,,,,,,0.070,0.000,,,,,17.956,0.946,0.000,-5.220,-0.477,227.188,71.972,129.163,55.458,40.346,-0.071,-0.041,,,-15.540,-9.748,-15.537,0.291
2026,1,2026_01_NE_SEA,NE,SEA,Mack Hollins,WR,WR3,0,0,0,0,5,4,51,0.161,0.000,0.700,20.750,-3.000,0,6.000,59.304,0.505,0.000,0.000,,,0.028,0.113,0.001,,5.546,3.606,51.299,0.180,0.264,10.722,0.705,104,0,0,0,0.000,0.310,0.000,0.328,0.000,0.000,0.000,1.000,1.000,0.028,5.546,00-0039851,0.185,5.721,52.672,16,,,,,,,,,,,,,0.000,0.000,,,,,50.417,0.178,0.000,0.920,-0.064,227.188,71.972,129.163,55.458,40.346,-0.071,-0.041,12.806,0.596,-15.540,-9.748,-15.537,0.291
2026,1,2026_01_NE_SEA,NE,SEA,Romeo Doubs,WR,WR2,0,0,0,0,3,0,0,0.097,0.000,0.560,20.750,-3.000,0,6.000,59.304,0.505,0.000,0.000,,,0.000,0.000,0.000,,5.649,3.959,57.750,0.189,0.237,10.196,0.729,64,0,0,0,0.000,0.310,0.000,0.328,0.000,0.000,0.000,1.000,1.000,0.000,5.649,00-0039851,,,,0,2.439,5.894,12.389,0.443,66.372,,,,,,,,0.036,0.075,,,,,45.122,0.000,0.000,12.628,0.000,227.188,71.972,129.163,55.458,40.346,-0.071,-0.041,38.395,1.023,-15.540,-9.748,-15.537,0.291
2026,1,2026_01_NO_DET,NO,DET,Tyler Shough,QB,,56,410,4,8,0,0,0,0.000,0.160,1.000,21.250,-7.000,1,0.000,59.950,0.570,32.377,248.871,7.727,2.292,4.317,20.316,0.167,4.874,0.000,0.000,0.000,0.000,0.000,,0.923,12,0,0,0,0.000,0.635,0.000,0.000,0.000,0.000,0.000,1.000,1.000,4.317,0.000,00-0040743,,,,0,,,,,,,,,2.656,11.979,2.305,-0.785,,,4.340,0.516,0.122,0.181,0.000,19.615,231.909,0.000,0.700,236.645,97.279,147.715,59.960,27.048,-0.016,0.000,,,-33.401,15.507,-33.400,0.426
2026,1,2026_01_NO_DET,NO,DET,CJ Donaldson,RB,,0,0,2,4,2,1,-2,0.038,0.080,0.170,21.250,-7.000,1,0.000,59.950,0.570,,,,,,,,,,,,,,,,1,0,0,0,0.000,0.635,0.000,0.000,0.000,0.000,0.000,1.000,1.000,,,00-0040743,,,,0,,,,,,,,,,,,,,,,,,,,,,,,236.645,97.279,147.715,59.960,27.048,-0.016,0.000,,,-33.401,15.507,-33.400,0.426
2026,1,2026_01_NO_DET,NO,DET,Kendre Miller,RB,,0,0,9,30,0,0,0,0.000,0.360,0.290,21.250,-7.000,1,0.000,59.950,0.570,0.000,0.000,,,6.449,25.652,0.253,4.124,0.856,0.762,6.075,0.027,-0.000,,0.250,21,0,0,0,0.000,0.635,0.000,0.000,0.000,0.000,0.000,1.000,1.000,6.449,0.856,00-0040743,,,,0,,,,,,,,,,,,,,,1.957,2.179,0.899,,4.966,28.256,0.000,1.109,-2.604,236.645,97.279,147.715,59.960,27.048,-0.016,0.000,,,-33.401,15.507,-33.400,0.426
2026,1,2026_01_NO_DET,NO,DET,Travis Etienne,RB,RB1,0,0,9,46,9,7,32,0.173,0.360,0.590,21.250,-7.000,1,0.000,59.950,0.570,0.000,0.000,,,14.325,56.946,0.523,4.070,3.225,2.573,24.111,0.104,-0.005,7.272,0.600,70,0,0,0,0.000,0.635,0.000,0.000,0.000,0.000,0.000,1.000,1.000,14.325,3.225,00-0040743,,,,0,,,,,,4.710,21.067,0.046,,,,,0.050,0.244,2.283,1.797,0.706,,18.519,60.699,0.000,5.592,-3.753,236.645,97.279,147.715,59.960,27.048,-0.016,0.000,66.107,1.167,-33.401,15.507,-33.400,0.426
2026,1,2026_01_NO_DET,NO,DET,Juwan Johnson,TE,TE1,0,0,0,0,7,3,54,0.135,0.000,0.840,21.250,-7.000,1,0.000,59.950,0.570,0.000,0.000,,,0.000,0.000,0.000,,5.624,4.459,58.573,0.168,0.168,11.418,0.697,80,0,0,0,0.000,0.635,0.000,0.000,0.000,0.000,0.000,1.000,1.000,0.000,5.624,00-0040743,0.169,5.650,61.761,10,3.097,5.816,8.129,-0.095,70.480,,,,,,,,0.019,0.504,,,,,43.686,0.000,0.000,14.888,0.000,236.645,97.279,147.715,59.960,27.048,-0.016,0.000,45.269,1.266,-33.401,15.507,-33.400,0.426
2026,1,2026_01_NO_DET,NO,DET,Noah Fant,TE,,0,0,0,0,8,4,33,0.154,0.000,0.410,21.250,-7.000,1,0.000,59.950,0.570,0.000,0.000,,,0.000,-0.000,0.000,,2.642,1.991,18.026,0.076,0.033,5.990,0.388,107,0,0,0,0.000,0.635,0.000,0.000,0.000,0.000,0.000,1.000,1.000,0.000,2.642,00-0040743,,,,0,,,,,,,,,,,,,0.005,0.072,,,,,16.465,0.000,0.000,1.591,-0.000,236.645,97.279,147.715,59.960,27.048,-0.016,0.000,,,-33.401,15.507,-33.400,0.426
2026,1,2026_01_NO_DET,NO,DET,Treyton Welch,TE,,0,0,0,0,0,0,0,0.000,0.000,0.110,21.250,-7.000,1,0.000,59.950,0.570,,,,,,,,,,,,,,,,1,0,0,0,0.000,0.635,0.000,0.000,0.000,0.000,0.000,1.000,1.000,,,00-0040743,,,,0,,,,,,,,,,,,,,,,,,,,,,,,236.645,97.279,147.715,59.960,27.048,-0.016,0.000,,,-33.401,15.507,-33.400,0.426
2026,1,2026_01_NO_DET,NO,DET,Barion Brown,WR,,0,0,1,3,0,0,0,0.000,0.040,0.080,21.250,-7.000,1,0.000,59.950,0.570,,,,,,,,,,,,,,,,1,0,0,0,0.000,0.635,0.000,0.000,0.000,0.000,0.000,1.000,1.000,,,00-0040743,,,,0,,,,,,,,,,,,,,,,,,,,,,,,236.645,97.279,147.715,59.960,27.048,-0.016,0.000,,,-33.401,15.507,-33.400,0.426
2026,1,2026_01_NO_DET,NO,DET,Bryce Lance,WR,,0,0,0,0,4,3,42,0.077,0.000,0.690,21.250,-7.000,1,0.000,59.950,0.570,,,,,,,,,,,,,,,,1,0,0,0,0.000,0.635,0.000,0.000,0.000,0.000,0.000,1.000,1.000,,,00-0040743,,,,0,,,,,,,,,,,,,,,,,,,,,,,,236.645,97.279,147.715,59.960,27.048,-0.016,0.000,,,-33.401,15.507,-33.400,0.426
2026,1,2026_01_NO_DET,NO,DET,Chris Olave,WR,WR1,0,0,0,0,13,10,182,0.250,0.000,0.860,21.250,-7.000,1,0.000,59.950,0.570,0.020,0.000,,,0.043,-0.095,0.003,,9.722,6.386,84.086,0.295,0.442,8.789,0.826,56,0,0,0,0.000,0.635,0.000,0.000,0.000,0.000,0.000,1.000,1.000,0.043,9.722,00-0040743,0.301,10.027,89.404,9,2.965,6.713,12.670,-0.015,65.093,,,,,,,,0.042,0.048,,,,,78.122,0.312,0.049,5.964,-0.407,236.645,97.279,147.715,59.960,27.048,-0.016,0.000,63.026,0.910,-33.401,15.507,-33.400,0.426
2026,1,2026_01_NO_DET,NO,DET,Devaughn Vele,WR,WR2,0,0,0,0,9,7,69,0.173,0.000,0.910,21.250,-7.000,1,0.000,59.950,0.570,0.000,0.000,,,0.000,0.000,0.000,,4.742,3.226,39.705,0.153,0.207,7.515,0.660,24,0,0,0,0.000,0.635,0.000,0.000,0.000,0.000,0.000,1.000,1.000,0.000,4.742,00-0040743,0.189,5.815,49.741,6,2.719,7.015,11.045,-0.778,68.719,,,,,,,,0.026,0.000,,,,,37.759,0.000,0.000,1.945,0.000,236.645,97.279,147.715,59.960,27.048,-0.016,0.000,32.421,0.689,-33.401,15.507,-33.400,0.426
2026,1,2026_01_DAL_NYG,NYG,DAL,Jaxson Dart,QB,,29,230,11,54,0,0,0,0.000,0.297,1.000,22.250,-3.000,0,7.000,60.153,0.490,26.942,180.426,6.399,1.164,6.179,36.674,0.211,5.533,0.000,0.000,0.000,0.000,0.000,,0.935,15,0,0,0,0.000,0.000,0.000,0.000,0.000,0.000,0.000,1.000,1.000,6.179,0.000,00-0040691,,,,0,,,,,,,,,2.805,13.964,0.353,-1.205,,,4.643,0.892,0.000,0.256,0.000,30.195,184.034,0.000,6.479,254.402,95.775,169.639,46.134,38.576,0.078,0.039,,,25.879,14.717,25.880,0.261
2026,1,2026_01_DAL_NYG,NYG,DAL,Cam Skattebo,RB,,0,0,18,81,0,0,0,0.000,0.486,0.610,22.250,-3.000,0,7.000,60.153,0.490,0.000,0.000,,,12.728,52.308,0.399,3.870,3.954,2.828,25.774,0.130,-0.003,6.623,0.523,9,0,0,0,0.000,0.000,0.000,0.000,0.000,0.000,0.000,1.000,1.000,12.728,3.954,00-0040691,0.125,3.740,23.975,5,,,,,,,,,,,,,0.000,0.315,1.898,1.973,0.705,,22.077,51.440,0.000,3.697,0.869,254.402,95.775,169.639,46.134,38.576,0.078,0.039,,,25.879,14.717,25.880,0.261
2026,1,2026_01_DAL_NYG,NYG,DAL,Devin Singletary,RB,,0,0,6,16,4,4,22,0.138,0.162,0.360,22.250,-3.000,0,7.000,60.153,0.490,0.000,0.000,,1.414,8.581,33.108,0.282,3.646,1.415,1.387,10.297,0.054,-0.018,,0.324,121,0,0,0,0.000,0.000,0.000,0.000,0.000,0.000,0.000,1.000,1.000,8.581,1.415,00-0040691,0.061,1.597,13.102,12,,,,,,,,,,,,,,,1.979,1.680,0.331,,7.947,35.017,0.000,2.350,-1.909,254.402,95.775,169.639,46.134,38.576,0.078,0.039,,,25.879,14.717,25.880,0.261
2026,1,2026_01_DAL_NYG,NYG,DAL,Patrick Ricard,RB,,0,0,0,0,1,0,0,0.034,0.000,0.540,22.250,-3.000,0,7.000,60.153,0.490,0.000,0.000,,,0.090,0.257,0.003,,0.516,0.337,2.885,0.022,0.007,4.937,0.464,73,0,0,0,0.000,0.000,0.000,0.000,0.000,0.000,0.000,1.000,1.000,0.090,0.516,00-0040691,,,,0,,,,,,,,,,,,,0.071,0.005,,,,,5.180,0.465,0.000,-0.423,-0.051,254.402,95.775,169.639,46.134,38.576,0.078,0.039,,,25.879,14.717,25.880,0.261
2026,1,2026_01_DAL_NYG,NYG,DAL,Tyrone Tracy Jr.,RB,RB1,0,0,2,14,0,0,0,0.000,0.054,0.030,22.250,-3.000,0,7.000,60.153,0.490,0.000,0.000,,,14.032,63.075,0.465,4.342,3.706,2.975,22.275,0.128,0.020,4.472,0.611,33,0,0,0,0.000,0.000,0.000,0.000,0.000,0.000,0.000,1.000,1.000,14.032,3.706,00-0040691,0.125,3.502,15.883,10,,,,,,3.954,16.677,0.425,,,,,0.025,0.531,2.746,1.596,0.423,,21.448,63.207,0.000,0.826,-0.132,254.402,95.775,169.639,46.134,38.576,0.078,0.039,70.067,1.264,25.879,14.717,25.880,0.261
2026,1,2026_01_DAL_NYG,NYG,DAL,Isaiah Likely,TE,,0,0,0,0,8,8,78,0.276,0.000,0.490,22.250,-3.000,0,7.000,60.153,0.490,0.000,0.000,,,0.000,0.000,0.000,,3.113,2.396,29.002,0.127,0.136,9.327,0.570,60,0,0,0,0.000,0.000,0.000,0.000,0.000,0.000,0.000,1.000,1.000,0.000,3.113,00-0040691,,,,0,,,,,,,,,,,,,0.014,0.087,,,,,25.310,0.000,0.000,7.536,0.000,254.402,95.775,169.639,46.134,38.576,0.078,0.039,,,25.879,14.717,25.880,0.261
2026,1,2026_01_DAL_NYG,NYG,DAL,Theo Johnson,TE,TE1,0,0,0,0,1,1,9,0.034,0.000,0.460,22.250,-3.000,0,7.000,60.153,0.490,0.000,0.000,,,0.000,0.000,0.000,,4.837,2.797,38.935,0.178,0.188,7.748,0.887,27,0,0,0,0.000,0.000,0.000,0.000,0.000,0.000,0.000,1.000,1.000,0.000,4.837,00-0040691,0.197,5.204,36.864,10,,,,,,,,,,,,,0.115,0.057,,,,,35.475,0.000,0.000,3.616,0.000,254.402,95.775,169.639,46.134,38.576,0.078,0.039,35.385,1.363,25.879,14.717,25.880,0.261
2026,1,2026_01_DAL_NYG,NYG,DAL,Braxton Berrios,WR,WR3,0,0,0,0,0,0,0,0.000,0.000,0.170,22.250,-3.000,0,7.000,60.153,0.490,0.000,0.000,,,0.005,0.047,0.000,,1.059,0.719,4.678,0.028,0.016,,0.199,94,0,0,0,0.000,0.000,0.000,0.000,0.000,0.000,0.000,1.000,1.000,0.005,1.059,00-0040691,,,,0,,,,,,,,,,,,,,,,,,,,,,,,254.402,95.775,169.639,46.134,38.576,0.078,0.039,40.607,4.178,25.879,14.717,25.880,0.261
2026,1,2026_01_DAL_NYG,NYG,DAL,Darnell Mooney,WR,WR2,0,0,0,0,2,2,27,0.069,0.000,0.570,22.250,-3.000,0,7.000,60.153,0.490,0.002,0.000,,,0.000,0.001,0.000,,4.765,2.322,30.451,0.163,0.281,7.813,0.815,90,0,0,0,0.000,0.000,0.000,0.000,0.000,0.000,0.000,1.000,1.000,0.000,4.765,00-0040691,,,,0,3.120,6.487,13.544,-0.578,47.467,,,,,,,,0.021,0.128,,,,,43.681,0.003,0.013,-13.231,-0.002,254.402,95.775,169.639,46.134,38.576,0.078,0.039,51.560,1.184,25.879,14.717,25.880,0.261
2026,1,2026_01_DAL_NYG,NYG,DAL,Malachi Fields,WR,,0,0,0,0,4,2,25,0.138,0.000,0.720,22.250,-3.000,0,7.000,60.153,0.490,,,,,,,,,,,,,,,,1,0,0,0,0.000,0.000,0.000,0.000,0.000,0.000,0.000,1.000,1.000,,,00-0040691,,,,0,,,,,,,,,,,,,,,,,,,,,,,,254.402,95.775,169.639,46.134,38.576,0.078,0.039,,,25.879,14.717,25.880,0.261
2026,1,2026_01_DAL_NYG,NYG,DAL,Malik Nabers,WR,WR1,0,0,0,0,9,6,69,0.310,0.000,0.520,22.250,-3.000,0,7.000,60.153,0.490,0.010,0.000,,,0.092,0.082,0.004,,9.348,5.477,72.382,0.298,0.431,7.573,0.811,20,1,0,0,0.000,0.000,0.000,0.000,0.000,0.000,0.000,1.000,1.000,0.092,9.348,00-0040691,0.150,3.000,20.000,1,,,,,,,,,,,,,0.018,0.363,,,,,68.330,0.521,0.011,4.052,-0.439,254.402,95.775,169.639,46.134,38.576,0.078,0.039,59.558,1.151,25.879,14.717,25.880,0.261
2026,1,2026_01_NYJ_TEN,NYJ,TEN,Geno Smith,QB,,24,215,6,7,0,0,0,0.000,0.154,1.000,19.000,-1.500,0,2.000,55.295,0.537,28.666,192.442,6.729,-4.711,2.099,4.841,0.114,2.106,0.000,0.000,-0.000,0.000,-0.000,,0.945,75,0,0,0,0.265,0.128,0.000,0.000,0.958,0.000,0.000,1.000,1.000,2.099,0.000,00-0040398,,,,0,,,,,,,,,2.774,13.969,4.144,-2.367,,,1.492,0.624,0.048,0.259,0.000,8.453,181.542,-0.000,-3.612,257.537,77.718,166.513,63.710,26.520,0.058,0.011,,,40.067,-11.240,40.068,0.270
2026,1,2026_01_NYJ_TEN,NYJ,TEN,Braelon Allen,RB,,0,0,10,40,1,0,0,0.043,0.256,0.400,19.000,-1.500,0,2.000,55.295,0.537,0.000,0.000,,,4.693,18.974,0.198,4.137,1.130,0.825,6.115,0.033,0.007,,0.237,22,0,0,0,0.265,0.128,0.000,0.000,0.958,0.000,0.000,1.000,1.000,4.693,1.130,00-0040398,,,,0,,,,,,,,,,,,,,,2.212,1.928,0.091,,6.037,19.132,0.000,0.078,-0.158,257.537,77.718,166.513,63.710,26.520,0.058,0.011,,,40.067,-11.240,40.068,0.270
2026,1,2026_01_NYJ_TEN,NYJ,TEN,Breece Hall,RB,RB1,0,0,22,102,2,2,16,0.087,0.564,0.580,19.000,-1.500,0,2.000,55.295,0.537,0.040,0.159,,,15.020,65.071,0.600,4.315,2.695,2.057,18.891,0.089,-0.026,7.284,0.642,57,0,0,0,0.265,0.128,0.000,0.000,0.958,0.000,0.000,1.000,1.000,15.020,2.695,00-0040398,0.073,2.397,11.286,4,,,,,,4.610,22.871,0.536,,,,,0.021,0.101,2.819,1.514,0.594,,13.207,65.866,0.071,5.684,-0.795,257.537,77.718,166.513,63.710,26.520,0.058,0.011,51.387,1.227,40.067,-11.240,40.068,0.270
2026,1,2026_01_NYJ_TEN,NYJ,TEN,Jeremy Ruckert,TE,,0,0,0,0,1,1,4,0.043,0.000,0.430,19.000,-1.500,0,2.000,55.295,0.537,0.000,0.000,,,0.000,0.000,0.000,,2.375,1.661,11.432,0.079,0.032,5.551,0.529,41,0,0,0,0.265,0.128,0.000,0.000,0.958,0.000,0.000,1.000,1.000,0.000,2.375,00-0040398,0.085,2.775,10.903,4,,,,,,,,,,,,,0.046,0.000,,,,,13.180,0.000,0.000,-1.481,0.000,257.537,77.718,166.513,63.710,26.520,0.058,0.011,,,40.067,-11.240,40.068,0.270
2026,1,2026_01_NYJ_TEN,NYJ,TEN,Kenyon Sadiq,TE,,0,0,1,3,3,3,21,0.130,0.026,0.420,19.000,-1.500,0,2.000,55.295,0.537,,,,,,,,,,,,,,,,1,0,0,0,0.265,0.128,0.000,0.000,0.958,0.000,0.000,1.000,1.000,,,00-0040398,,,,0,,,,,,,,,,,,,,,,,,,,,,,,257.537,77.718,166.513,63.710,26.520,0.058,0.011,,,40.067,-11.240,40.068,0.270
2026,1,2026_01_NYJ_TEN,NYJ,TEN,Mason Taylor,TE,TE1,0,0,0,0,3,2,-2,0.130,0.000,0.660,19.000,-1.500,0,2.000,55.295,0.537,0.000,0.000,,,0.000,0.000,0.000,,5.273,3.453,29.520,0.184,0.140,5.430,0.796,14,0,0,0,0.265,0.128,0.000,0.000,0.958,0.000,0.000,1.000,1.000,0.000,5.273,00-0040398,0.250,8.000,51.000,1,3.349,5.735,5.551,-0.005,64.286,,,,,,,,0.139,0.000,,,,,34.394,0.000,0.000,-4.874,0.000,257.537,77.718,166.513,63.710,26.520,0.058,0.011,55.907,1.219,40.067,-11.240,40.068,0.270
2026,1,2026_01_NYJ_TEN,NYJ,TEN,Adonai Mitchell,WR,WR2,0,0,0,0,3,3,60,0.130,0.000,0.690,19.000,-1.500,0,2.000,55.295,0.537,0.001,0.030,,,0.107,-0.416,0.003,,5.664,2.335,28.888,0.188,0.401,4.736,0.628,34,0,0,0,0.265,0.128,0.000,0.000,0.958,0.000,0.000,1.000,1.000,0.107,5.664,00-0040398,0.208,6.359,26.188,5,,,,,,,,,,,,,0.019,0.000,,,,,41.703,0.518,0.005,-12.815,-0.935,257.537,77.718,166.513,63.710,26.520,0.058,0.011,51.204,1.319,40.067,-11.240,40.068,0.270
2026,1,2026_01_NYJ_TEN,NYJ,TEN,Arian Smith,WR,,0,0,0,0,1,0,0,0.043,0.000,0.030,19.000,-1.500,0,2.000,55.295,0.537,0.000,0.000,,,0.368,1.774,0.015,3.810,1.261,0.392,2.991,0.046,0.092,4.050,0.343,14,0,0,0,0.265,0.128,0.000,0.000,0.958,0.000,0.000,1.000,1.000,0.368,1.261,00-0040398,0.056,1.507,1.338,4,,,,,,,,,,,,,0.020,0.057,2.825,0.985,0.000,,7.929,2.343,0.000,-4.870,-0.528,257.537,77.718,166.513,63.710,26.520,0.058,0.011,,,40.067,-11.240,40.068,0.270
2026,1,2026_01_NYJ_TEN,NYJ,TEN,Garrett Wilson,WR,WR1,0,0,0,0,7,6,79,0.304,0.000,0.750,19.000,-1.500,0,2.000,55.295,0.537,0.001,0.000,,,0.056,0.008,0.003,,7.876,4.747,51.324,0.312,0.534,5.918,0.856,59,0,0,0,0.265,0.128,0.000,0.000,0.958,0.000,0.000,1.000,1.000,0.056,7.876,00-0040398,,,,0,,,,,,,,,,,,,0.056,0.414,,,,,57.607,0.365,0.005,-6.281,-0.357,257.537,77.718,166.513,63.710,26.520,0.058,0.011,70.165,1.116,40.067,-11.240,40.068,0.270
2026,1,2026_01_NYJ_TEN,NYJ,TEN,Isaiah Williams,WR,WR3,0,0,0,0,1,1,7,0.043,0.000,0.600,19.000,-1.500,0,2.000,55.295,0.537,0.048,0.000,,,0.219,1.726,0.008,,3.641,2.753,19.237,0.133,0.099,4.855,0.483,24,0,0,0,0.265,0.128,0.000,0.000,0.958,0.000,0.000,1.000,1.000,0.219,3.641,00-0040398,0.195,5.407,30.313,5,3.374,8.029,3.546,-0.943,78.222,,,,,,,,0.046,0.081,,,,,24.326,1.931,0.377,-0.878,0.363,257.537,77.718,166.513,63.710,26.520,0.058,0.011,30.513,1.665,40.067,-11.240,40.068,0.270
2026,1,2026_01_NYJ_TEN,NYJ,TEN,Omar Cooper Jr.,WR,,0,0,0,0,1,1,30,0.043,0.000,0.070,19.000,-1.500,0,2.000,55.295,0.537,,,,,,,,,,,,,,,,1,0,0,0,0.265,0.128,0.000,0.000,0.958,0.000,0.000,1.000,1.000,,,00-0040398,,,,0,,,,,,,,,,,,,,,,,,,,,,,,257.537,77.718,166.513,63.710,26.520,0.058,0.011,,,40.067,-11.240,40.068,0.270
2026,1,2026_01_WAS_PHI,PHI,WAS,Jalen Hurts,QB,,25,203,7,46,0,0,0,0.000,0.280,1.000,24.750,6.000,0,7.000,60.744,0.520,29.347,188.089,6.718,1.210,5.747,23.822,0.193,3.879,0.000,0.000,0.000,0.000,0.000,,0.962,103,0,0,0,0.000,0.000,0.000,0.000,0.000,0.000,0.000,1.000,1.000,5.747,0.000,00-0036389,,,,0,,,,,,,,,2.950,15.514,0.112,0.113,,,3.434,0.433,0.075,0.154,0.000,27.869,220.225,-0.000,-4.048,249.906,125.695,161.351,59.490,28.325,0.062,0.034,,,4.851,17.297,4.846,0.320
2026,1,2026_01_WAS_PHI,PHI,WAS,Saquon Barkley,RB,RB1,0,0,15,83,2,1,-3,0.091,0.600,0.710,24.750,6.000,0,7.000,60.744,0.520,0.000,0.000,,,19.845,86.924,0.654,4.411,3.126,1.819,14.159,0.111,-0.002,3.696,0.784,114,0,0,0,0.000,0.000,0.000,0.000,0.000,0.000,0.000,1.000,1.000,19.845,3.126,00-0036389,0.112,3.133,14.276,35,,,,,,4.228,25.348,0.499,,,,,0.029,0.228,2.806,1.609,1.620,,18.527,88.043,0.000,-4.368,-1.120,249.906,125.695,161.351,59.490,28.325,0.062,0.034,68.168,1.112,4.851,17.297,4.846,0.320
2026,1,2026_01_WAS_PHI,PHI,WAS,Tank Bigsby,RB,,0,0,1,3,0,0,0,0.000,0.040,0.110,24.750,6.000,0,7.000,60.744,0.520,0.000,0.000,,,6.250,31.009,0.231,5.343,0.411,0.307,4.509,0.017,0.000,,0.204,46,0,0,0,0.000,0.000,0.000,0.000,0.000,0.000,0.000,1.000,1.000,6.250,0.411,00-0036389,0.014,0.287,0.257,14,,,,,,,,,,,,,,,3.439,1.926,0.704,,2.592,28.617,0.000,2.084,5.174,249.906,125.695,161.351,59.490,28.325,0.062,0.034,,,4.851,17.297,4.846,0.320
2026,1,2026_01_WAS_PHI,PHI,WAS,Will Shipley,RB,,0,0,2,4,1,1,8,0.045,0.080,0.180,24.750,6.000,0,7.000,60.744,0.520,0.000,0.000,,,0.853,2.768,0.032,,0.975,0.804,4.750,0.031,0.000,5.213,0.133,32,0,0,0,0.000,0.000,0.000,0.000,0.000,0.000,0.000,1.000,1.000,0.853,0.975,00-0036389,0.021,0.617,3.422,29,,,,,,,,,,,,,0.054,0.000,,,,,6.711,6.658,0.000,-0.812,-1.659,249.906,125.695,161.351,59.490,28.325,0.062,0.034,,,4.851,17.297,4.846,0.320
2026,1,2026_01_WAS_PHI,PHI,WAS,Dallas Goedert,TE,TE1,0,0,0,0,5,4,77,0.227,0.000,0.950,24.750,6.000,0,7.000,60.744,0.520,0.000,0.000,,,0.176,0.268,0.005,2.815,5.681,3.955,37.582,0.212,0.160,7.051,0.851,121,0,0,0,0.000,0.000,0.000,0.000,0.000,0.000,0.000,1.000,1.000,0.176,5.681,00-0036389,0.213,5.679,37.557,74,3.466,6.454,7.196,0.270,67.395,,,,,,,,0.055,0.189,2.043,0.773,0.000,,39.256,0.192,0.000,-1.674,0.076,249.906,125.695,161.351,59.490,28.325,0.062,0.034,35.029,1.220,4.851,17.297,4.846,0.320
2026,1,2026_01_WAS_PHI,PHI,WAS,Britain Covey,WR,,0,0,0,0,0,0,0,0.000,0.000,0.000,24.750,6.000,0,7.000,60.744,0.520,0.000,0.000,,,0.000,0.000,0.000,,0.883,0.534,4.375,0.028,0.007,,0.114,49,0,0,0,0.000,0.000,0.000,0.000,0.000,0.000,0.000,1.000,1.000,0.000,0.883,00-0036389,0.012,0.317,1.347,44,,,,,,,,,,,,,,,,,,,,,,,,249.906,125.695,161.351,59.490,28.325,0.062,0.034,,,4.851,17.297,4.846,0.320
2026,1,2026_01_WAS_PHI,PHI,WAS,Darius Cooper,WR,WR3,0,0,0,0,0,0,0,0.000,0.000,0.150,24.750,6.000,0,7.000,60.744,0.520,0.000,0.000,,,0.000,0.000,0.000,,1.911,1.531,15.683,0.065,0.071,9.099,0.373,8,0,0,0,0.000,0.000,0.000,0.000,0.000,0.000,0.000,1.000,1.000,0.000,1.911,00-0036389,0.047,1.194,11.732,6,,,,,,,,,,,,,0.000,0.000,,,,,16.952,0.000,0.000,0.095,0.000,249.906,125.695,161.351,59.490,28.325,0.062,0.034,30.246,1.921,4.851,17.297,4.846,0.320
2026,1,2026_01_WAS_PHI,PHI,WAS,DeVonta Smith,WR,WR1,0,0,0,0,6,3,53,0.273,0.000,0.950,24.750,6.000,0,7.000,60.744,0.520,0.000,0.000,,,0.002,0.002,0.000,,6.955,4.626,54.850,0.240,0.268,9.136,0.774,91,0,0,0,0.000,0.000,0.000,0.000,0.000,0.000,0.000,1.000,1.000,0.002,6.955,00-0036389,0.257,7.300,54.645,83,3.109,6.644,10.646,-0.105,61.734,,,,,,,,0.054,0.166,,,,,53.920,0.013,0.000,0.930,-0.010,249.906,125.695,161.351,59.490,28.325,0.062,0.034,59.764,0.864,4.851,17.297,4.846,0.320
2026,1,2026_01_WAS_PHI,PHI,WAS,Dontayvion Wicks,WR,WR2,0,0,0,0,4,2,73,0.182,0.000,0.910,24.750,6.000,0,7.000,60.744,0.520,0.000,0.002,,,0.095,0.568,0.003,,3.323,2.238,24.528,0.121,0.140,6.598,0.431,49,0,0,0,0.000,0.000,0.000,0.000,0.000,0.000,0.000,1.000,1.000,0.095,3.323,00-0036389,,,,0,,,,,,,,,,,,,0.072,0.065,,,,,26.105,0.621,0.001,-1.577,-0.054,249.906,125.695,161.351,59.490,28.325,0.062,0.034,56.655,1.604,4.851,17.297,4.846,0.320
2026,1,2026_01_WAS_PHI,PHI,WAS,Makai Lemon,WR,,0,0,0,0,4,3,-5,0.182,0.000,0.640,24.750,6.000,0,7.000,60.744,0.520,,,,,,,,,,,,,,,,1,0,0,0,0.000,0.000,0.000,0.000,0.000,0.000,0.000,1.000,1.000,,,00-0036389,,,,0,,,,,,,,,,,,,,,,,,,,,,,,249.906,125.695,161.351,59.490,28.325,0.062,0.034,,,4.851,17.297,4.846,0.320
2026,1,2026_01_ATL_PIT,PIT,ATL,Aaron Rodgers,QB,,40,221,3,-3,0,0,0,0.000,0.143,1.000,23.500,6.500,0,4.000,57.384,0.610,34.050,207.540,6.191,-2.692,0.973,5.266,0.045,,0.067,0.067,-0.602,0.002,-0.003,,0.948,122,0,0,0,0.000,0.000,0.000,0.768,0.000,0.000,0.000,1.000,1.000,0.973,0.067,00-0023459,,,,0,,,,,,,,,2.659,15.239,-3.006,-2.577,,,,,,0.171,0.142,4.720,227.850,-0.745,0.546,244.781,96.400,147.902,66.103,30.572,-0.006,0.013,,,-12.726,7.164,-12.719,0.334
2026,1,2026_01_ATL_PIT,PIT,ATL,Eli Heidenreich,RB,,0,0,0,0,0,0,0,0.000,0.000,0.040,23.500,6.500,0,4.000,57.384,0.610,,,,,,,,,,,,,,,,1,0,0,0,0.000,0.000,0.000,0.768,0.000,0.000,0.000,1.000,1.000,,,00-0023459,,,,0,,,,,,,,,,,,,,,,,,,,,,,,244.781,96.400,147.902,66.103,30.572,-0.006,0.013,,,-12.726,7.164,-12.719,0.334
2026,1,2026_01_ATL_PIT,PIT,ATL,Jaylen Warren,RB,RB1,0,0,10,46,6,5,27,0.162,0.476,0.370,23.500,6.500,0,4.000,57.384,0.610,0.000,0.000,,,12.401,58.950,0.571,4.611,2.437,2.224,15.575,0.077,-0.039,5.929,0.456,68,0,0,0,0.000,0.000,0.000,0.768,0.000,0.000,0.000,1.000,1.000,12.401,2.437,00-0023459,0.080,2.548,16.878,15,,,,,,3.847,35.841,0.882,,,,,0.004,0.665,2.480,2.140,1.023,,12.088,52.941,0.000,3.487,6.009,244.781,96.400,147.902,66.103,30.572,-0.006,0.013,68.324,1.363,-12.726,7.164,-12.719,0.334
2026,1,2026_01_ATL_PIT,PIT,ATL,Rico Dowdle,RB,,0,0,8,15,5,2,6,0.135,0.381,0.580,23.500,6.500,0,4.000,57.384,0.610,0.000,0.000,,,11.897,45.522,0.473,3.449,3.093,2.299,15.346,0.113,-0.051,5.487,0.554,59,0,0,0,0.000,0.000,0.000,0.768,0.000,0.000,0.000,1.000,1.000,11.897,3.093,00-0023459,,,,0,,,,,,,,,,,,,0.035,0.254,1.878,1.562,0.443,,15.278,50.978,0.000,0.070,-5.453,244.781,96.400,147.902,66.103,30.572,-0.006,0.013,,,-12.726,7.164,-12.719,0.334
2026,1,2026_01_ATL_PIT,PIT,ATL,Darnell Washington,TE,,0,0,0,0,2,2,18,0.054,0.000,0.640,23.500,6.500,0,4.000,57.384,0.610,0.000,0.000,,,0.000,0.000,0.000,,3.028,2.264,26.022,0.101,0.085,8.859,0.546,37,0,0,0,0.000,0.000,0.000,0.768,0.000,0.000,0.000,1.000,1.000,0.000,3.028,00-0023459,0.104,3.153,25.116,11,,,,,,,,,,,,,0.071,0.451,,,,,20.587,0.000,0.000,5.435,0.000,244.781,96.400,147.902,66.103,30.572,-0.006,0.013,,,-12.726,7.164,-12.719,0.334
2026,1,2026_01_ATL_PIT,PIT,ATL,Pat Freiermuth,TE,TE1,0,0,0,0,5,5,46,0.135,0.000,0.730,23.500,6.500,0,4.000,57.384,0.610,0.000,0.000,,,0.000,0.000,0.000,,3.910,2.670,33.651,0.118,0.151,8.522,0.578,79,0,0,0,0.000,0.000,0.000,0.768,0.000,0.000,0.000,1.000,1.000,0.000,3.910,00-0023459,0.118,3.984,34.826,14,,,,,,,,,,,,,0.005,0.162,,,,,28.209,0.000,0.000,5.445,0.000,244.781,96.400,147.902,66.103,30.572,-0.006,0.013,36.314,0.947,-12.726,7.164,-12.719,0.334
2026,1,2026_01_ATL_PIT,PIT,ATL,DK Metcalf,WR,WR1,0,0,0,0,10,4,40,0.270,0.000,0.960,23.500,6.500,0,4.000,57.384,0.610,0.000,0.000,,,0.134,0.803,0.004,,6.650,3.749,54.528,0.216,0.361,8.761,0.859,118,0,0,0,0.000,0.000,0.000,0.768,0.000,0.000,0.000,1.000,1.000,0.134,6.650,00-0023459,0.209,6.435,56.569,14,2.930,4.562,10.956,1.865,54.551,,,,,,,,0.064,0.579,,,,,55.723,0.637,0.000,-1.195,0.166,244.781,96.400,147.902,66.103,30.572,-0.006,0.013,55.489,0.993,-12.726,7.164,-12.719,0.334
2026,1,2026_01_ATL_PIT,PIT,ATL,Kaden Wetjen,WR,,0,0,0,0,0,0,0,0.000,0.000,0.000,23.500,6.500,0,4.000,57.384,0.610,,,,,,,,,,,,,,,,1,0,0,0,0.000,0.000,0.000,0.768,0.000,0.000,0.000,1.000,1.000,,,00-0023459,,,,0,,,,,,,,,,,,,,,,,,,,,,,,244.781,96.400,147.902,66.103,30.572,-0.006,0.013,,,-12.726,7.164,-12.719,0.334
2026,1,2026_01_ATL_PIT,PIT,ATL,Michael Pittman,WR,WR2,0,0,0,0,3,3,58,0.081,0.000,0.880,23.500,6.500,0,4.000,57.384,0.610,0.000,0.000,,,0.000,0.001,0.000,,5.848,3.991,36.242,0.184,0.196,5.780,0.873,97,0,0,0,0.000,0.000,0.000,0.768,0.000,0.000,0.000,1.000,1.000,0.000,5.848,00-0023459,,,,0,,,,,,,,,,,,,0.072,0.074,,,,,43.294,0.000,0.000,-5.620,0.000,244.781,96.400,147.902,66.103,30.572,-0.006,0.013,36.651,1.211,-12.726,7.164,-12.719,0.334
2026,1,2026_01_ATL_PIT,PIT,ATL,Roman Wilson,WR,WR3,0,0,0,0,6,3,26,0.162,0.000,0.550,23.500,6.500,0,4.000,57.384,0.610,0.000,0.000,,,0.000,0.000,0.000,,2.282,1.074,15.567,0.077,0.187,5.564,0.419,10,0,0,0,0.000,0.000,0.000,0.768,0.000,0.000,0.000,1.000,1.000,0.000,2.282,00-0023459,0.076,2.273,20.894,7,,,,,,,,,,,,,0.000,0.000,,,,,19.417,0.000,0.000,-3.850,0.000,244.781,96.400,147.902,66.103,30.572,-0.006,0.013,30.908,1.443,-12.726,7.164,-12.719,0.334
2026,1,2026_01_NE_SEA,SEA,NE,Drew Lock,QB,,22,187,2,13,0,0,0,0.000,0.091,0.900,23.750,3.000,0,6.000,60.430,0.495,16.202,103.843,,,2.312,7.533,0.085,2.584,0.012,0.012,0.012,0.000,-0.000,,0.555,39,0,0,0,0.000,0.000,0.000,0.000,0.000,0.000,0.000,1.000,1.000,2.312,0.012,00-0034869,,,,0,,,,,,,,,,,,,,,2.436,0.153,0.002,,0.005,5.558,102.896,0.007,1.975,177.772,82.448,105.681,47.323,24.445,-0.048,-0.016,,,-48.979,-12.698,-48.976,0.325
2026,1,2026_01_NE_SEA,SEA,NE,Sam Darnold,QB,,2,13,0,0,0,0,0,0.000,0.000,0.100,23.750,3.000,0,6.000,60.430,0.495,30.181,226.535,7.675,4.063,2.496,5.777,0.084,2.738,0.000,0.000,0.000,0.000,0.000,,0.973,105,0,0,0,0.000,0.000,0.000,0.000,0.000,0.000,0.000,1.000,1.000,2.496,0.000,00-0034869,,,,0,,,,,,,,,,,,,,,1.857,0.887,0.165,0.257,0.000,8.808,223.349,0.000,-3.031,177.772,82.448,105.681,47.323,24.445,-0.048,-0.016,,,-48.979,-12.698,-48.976,0.325
2026,1,2026_01_NE_SEA,SEA,NE,Brady Russell,RB,,0,0,0,0,2,2,20,0.083,0.000,0.340,23.750,3.000,0,6.000,60.430,0.495,0.000,0.000,,,0.000,0.000,0.000,,0.080,0.000,0.000,0.002,0.000,,0.048,28,0,0,0,0.000,0.000,0.000,0.000,0.000,0.000,0.000,1.000,1.000,0.000,0.080,00-0034869,0.003,0.089,0.000,13,,,,,,,,,,,,,,,,,,,,,,,,177.772,82.448,105.681,47.323,24.445,-0.048,-0.016,,,-48.979,-12.698,-48.976,0.325
2026,1,2026_01_NE_SEA,SEA,NE,Emanuel Wilson,RB,RB1,0,0,2,3,0,0,0,0.000,0.091,0.060,23.750,3.000,0,6.000,60.430,0.495,0.000,0.000,,,7.672,28.982,0.239,3.632,0.686,0.618,3.973,0.033,-0.030,,0.331,44,0,0,0,0.000,0.000,0.000,0.000,0.000,0.000,0.000,1.000,1.000,7.672,0.686,00-0034869,,,,0,,,,,,,,,,,,,,,1.864,1.752,0.386,,3.354,33.632,0.000,0.658,-4.401,177.772,82.448,105.681,47.323,24.445,-0.048,-0.016,62.595,1.018,-48.979,-12.698,-48.976,0.325
2026,1,2026_01_NE_SEA,SEA,NE,George Holani,RB,,0,0,8,29,1,0,0,0.042,0.364,0.460,23.750,3.000,0,6.000,60.430,0.495,0.000,0.000,,,2.409,7.437,0.075,2.873,0.837,0.693,5.632,0.026,0.006,5.532,0.146,16,0,0,0,0.000,0.000,0.000,0.000,0.000,0.000,0.000,1.000,1.000,2.409,0.837,00-0034869,0.027,0.870,5.975,12,,,,,,,,,,,,,0.067,0.268,1.535,1.339,0.404,,7.495,15.388,0.000,0.081,-4.478,177.772,82.448,105.681,47.323,24.445,-0.048,-0.016,,,-48.979,-12.698,-48.976,0.325
2026,1,2026_01_NE_SEA,SEA,NE,Jadarian Price,RB,,0,0,10,52,2,2,6,0.083,0.455,0.480,23.750,3.000,0,6.000,60.430,0.495,,,,,,,,,,,,,,,,1,0,0,0,0.000,0.000,0.000,0.000,0.000,0.000,0.000,1.000,1.000,,,00-0034869,,,,0,,,,,,,,,,,,,,,,,,,,,,,,177.772,82.448,105.681,47.323,24.445,-0.048,-0.016,,,-48.979,-12.698,-48.976,0.325
2026,1,2026_01_NE_SEA,SEA,NE,AJ Barner,TE,TE1,0,0,0,0,2,2,13,0.083,0.000,0.880,23.750,3.000,0,6.000,60.430,0.495,0.000,0.000,,,0.373,0.551,0.012,,3.550,2.752,28.605,0.116,0.066,8.311,0.807,36,0,0,0,0.000,0.000,0.000,0.000,0.000,0.000,0.000,1.000,1.000,0.373,3.550,00-0034869,0.116,3.568,28.930,20,,,,,,,,,,,,,0.025,0.547,,,,,21.646,0.947,0.000,6.971,-0.395,177.772,82.448,105.681,47.323,24.445,-0.048,-0.016,33.839,1.080,-48.979,-12.698,-48.976,0.325
2026,1,2026_01_NE_SEA,SEA,NE,Eric Saubert,TE,,0,0,0,0,0,0,0,0.000,0.000,0.200,23.750,3.000,0,6.000,60.430,0.495,0.000,0.000,,,0.000,0.000,0.000,,1.005,0.597,3.804,0.036,0.022,,0.465,65,0,0,0,0.000,0.000,0.000,0.000,0.000,0.000,0.000,1.000,1.000,0.000,1.005,00-0034869,0.035,0.915,3.184,10,,,,,,,,,,,,,,,,,,,,,,,,177.772,82.448,105.681,47.323,24.445,-0.048,-0.016,,,-48.979,-12.698,-48.976,0.325
2026,1,2026_01_NE_SEA,SEA,NE,Cooper Kupp,WR,WR2,0,0,0,0,3,2,35,0.125,0.000,0.780,23.750,3.000,0,6.000,60.430,0.495,0.020,0.000,,,0.002,0.007,0.000,,5.739,3.638,40.878,0.199,0.194,8.632,0.779,117,0,0,0,0.000,0.000,0.000,0.000,0.000,0.000,0.000,1.000,1.000,0.002,5.739,00-0034869,0.199,5.732,40.617,19,,,,,,,,,,,,,0.076,0.073,,,,,42.767,0.011,0.164,-1.889,-0.004,177.772,82.448,105.681,47.323,24.445,-0.048,-0.016,33.790,0.947,-48.979,-12.698,-48.976,0.325
2026,1,2026_01_NE_SEA,SEA,NE,Jaxon Smith-Njigba,WR,WR1,0,0,0,0,11,8,122,0.458,0.000,0.900,23.750,3.000,0,6.000,60.430,0.495,0.001,0.031,,,0.173,0.794,0.007,,9.369,6.442,82.801,0.329,0.432,8.631,0.791,55,0,0,0,0.000,0.000,0.000,0.000,0.000,0.000,0.000,1.000,1.000,0.173,9.369,00-0034869,0.332,9.424,83.477,20,,,,,,,,,,,,,0.028,0.033,,,,,74.727,1.259,0.011,8.074,-0.465,177.772,82.448,105.681,47.323,24.445,-0.048,-0.016,34.925,0.705,-48.979,-12.698,-48.976,0.325
2026,1,2026_01_NE_SEA,SEA,NE,Montorie Foster Jr,WR,,0,0,0,0,0,0,0,0.000,0.000,0.000,23.750,3.000,0,6.000,60.430,0.495,,,,,,,,,,,,,,,,1,0,0,0,0.000,0.000,0.000,0.000,0.000,0.000,0.000,1.000,1.000,,,00-0034869,,,,0,,,,,,,,,,,,,,,,,,,,,,,,177.772,82.448,105.681,47.323,24.445,-0.048,-0.016,,,-48.979,-12.698,-48.976,0.325
2026,1,2026_01_NE_SEA,SEA,NE,Rashid Shaheed,WR,WR3,0,0,0,0,3,1,4,0.125,0.000,0.660,23.750,3.000,0,6.000,60.430,0.495,0.000,0.000,,,0.826,5.335,0.028,5.853,3.598,1.809,27.525,0.120,0.238,6.547,0.526,55,0,0,0,0.000,0.000,0.000,0.000,0.000,0.000,0.000,1.000,1.000,0.826,3.598,00-0034869,0.103,3.021,23.297,12,,,,,,,,,,,,,0.000,0.030,4.875,0.979,0.016,,34.656,5.577,0.000,-7.130,-0.242,177.772,82.448,105.681,47.323,24.445,-0.048,-0.016,27.503,1.162,-48.979,-12.698,-48.976,0.325
2026,1,2026_01_SF_LA,SF,LA,Brock Purdy,QB,,34,205,5,29,0,0,0,0.000,0.167,1.000,22.000,-3.500,1,0.000,58.767,0.548,30.362,227.295,7.370,3.017,4.635,22.291,0.174,4.962,0.000,0.000,0.000,0.000,0.000,,0.962,58,0,0,0,0.000,0.000,0.000,0.000,0.000,0.000,0.000,1.000,1.000,4.635,0.000,00-0037834,,,,0,,,,,,,,,3.272,15.308,2.976,-0.360,,,3.954,1.008,0.013,0.185,0.000,23.192,225.716,0.000,-0.902,257.464,92.572,166.171,46.176,45.600,-0.027,-0.008,,,-3.224,-2.890,-3.221,0.270
2026,1,2026_01_SF_LA,SF,LA,Christian McCaffrey,RB,RB1,0,0,10,68,8,5,20,0.235,0.333,0.550,22.000,-3.500,1,0.000,58.767,0.548,0.056,0.000,,,16.384,65.933,0.604,3.838,6.556,5.243,44.230,0.220,0.087,7.142,0.785,105,0,0,0,0.000,0.000,0.000,0.000,0.000,0.000,0.000,1.000,1.000,16.384,6.556,00-0037834,0.216,6.395,42.168,41,,,,,,4.533,26.440,-0.369,,,,,0.027,0.338,2.136,1.700,0.535,,41.477,69.578,0.264,2.517,-3.645,257.464,92.572,166.171,46.176,45.600,-0.027,-0.008,62.137,0.956,-3.224,-2.890,-3.221,0.270
2026,1,2026_01_SF_LA,SF,LA,Kaelon Black,RB,,0,0,14,65,1,1,5,0.029,0.467,0.430,22.000,-3.500,1,0.000,58.767,0.548,,,,,,,,,,,,,,,,1,0,0,0,0.000,0.000,0.000,0.000,0.000,0.000,0.000,1.000,1.000,,,00-0037834,,,,0,,,,,,,,,,,,,,,,,,,,,,,,257.464,92.572,166.171,46.176,45.600,-0.027,-0.008,,,-3.224,-2.890,-3.221,0.270
2026,1,2026_01_SF_LA,SF,LA,George Kittle,TE,TE1,0,0,0,0,5,2,12,0.147,0.000,0.460,22.000,-3.500,1,0.000,58.767,0.548,0.000,0.000,,,0.040,-0.119,0.001,,6.062,4.864,57.039,0.207,0.182,8.472,0.741,123,0,1,0,0.000,0.000,0.000,0.000,0.000,0.000,0.000,1.000,1.000,0.040,6.062,00-0037834,0.213,6.241,62.356,48,,,,,,,,,,,,,0.011,0.228,,,,,45.055,0.206,0.000,11.984,-0.325,257.464,92.572,166.171,46.176,45.600,-0.027,-0.008,35.030,0.854,-3.224,-2.890,-3.221,0.270
2026,1,2026_01_SF_LA,SF,LA,Luke Farrell,TE,,0,0,0,0,2,2,19,0.059,0.000,0.710,22.000,-3.500,1,0.000,58.767,0.548,0.000,0.000,,,0.000,0.000,0.000,,1.083,0.622,3.415,0.037,0.011,3.755,0.360,50,0,0,0,0.000,0.000,0.000,0.000,0.000,0.000,0.000,1.000,1.000,0.000,1.083,00-0037834,0.036,1.048,2.283,8,,,,,,,,,,,,,0.141,0.046,,,,,8.586,0.000,0.000,-2.764,0.000,257.464,92.572,166.171,46.176,45.600,-0.027,-0.008,,,-3.224,-2.890,-3.221,0.270
2026,1,2026_01_SF_LA,SF,LA,Deebo Samuel Sr.,WR,WR2,0,0,1,12,7,6,48,0.206,0.033,0.420,22.000,-3.500,1,0.000,58.767,0.548,0.000,0.000,,,1.170,4.961,0.046,3.756,5.449,3.585,42.483,0.241,0.117,8.009,0.722,110,0,0,0,0.000,0.000,0.000,0.000,0.000,0.000,0.000,1.000,1.000,1.170,5.449,00-0037834,,,,0,3.243,5.834,4.815,0.448,66.852,,,,,,,,0.063,0.386,1.599,2.158,0.085,,36.454,6.386,0.001,6.156,-1.403,257.464,92.572,166.171,46.176,45.600,-0.027,-0.008,42.324,1.041,-3.224,-2.890,-3.221,0.270
2026,1,2026_01_SF_LA,SF,LA,Demarcus Robinson,WR,WR3,0,0,0,0,3,2,50,0.088,0.000,0.630,22.000,-3.500,1,0.000,58.767,0.548,0.000,0.000,,,0.056,0.343,0.002,,2.870,2.208,30.577,0.095,0.144,8.344,0.526,128,0,0,0,0.000,0.000,0.000,0.000,0.000,0.000,0.000,1.000,1.000,0.056,2.870,00-0037834,0.095,2.767,32.009,10,,,,,,,,,,,,,0.011,0.151,,,,,23.955,0.427,0.000,6.621,-0.085,257.464,92.572,166.171,46.176,45.600,-0.027,-0.008,30.171,1.127,-3.224,-2.890,-3.221,0.270
2026,1,2026_01_SF_LA,SF,LA,Jacob Cowing,WR,,0,0,0,0,0,0,0,0.000,0.000,0.080,22.000,-3.500,1,0.000,58.767,0.548,0.000,0.000,,,0.172,1.203,0.006,7.000,0.538,0.416,6.963,0.015,0.024,10.512,0.178,16,0,0,0,0.000,0.000,0.000,0.000,0.000,0.000,0.000,1.000,1.000,0.172,0.538,00-0037834,,,,0,,,,,,,,,,,,,0.000,0.000,5.000,2.000,0.000,,16.452,2.402,0.000,9.197,0.345,257.464,92.572,166.171,46.176,45.600,-0.027,-0.008,,,-3.224,-2.890,-3.221,0.270
2026,1,2026_01_SF_LA,SF,LA,KhaDarel Hodge,WR,,0,0,0,0,0,0,0,0.000,0.000,0.020,22.000,-3.500,1,0.000,58.767,0.548,0.000,0.000,,,0.001,0.000,0.000,,1.202,0.434,5.781,0.039,0.055,,0.175,85,0,0,0,0.000,0.000,0.000,0.000,0.000,0.000,0.000,1.000,1.000,0.001,1.202,00-0037834,,,,0,,,,,,,,,,,,,,,,,,,,,,,,257.464,92.572,166.171,46.176,45.600,-0.027,-0.008,,,-3.224,-2.890,-3.221,0.270
2026,1,2026_01_SF_LA,SF,LA,Mike Evans,WR,WR1,0,0,0,0,7,6,49,0.206,0.000,0.750,22.000,-3.500,1,0.000,58.767,0.548,0.000,0.000,,,0.000,0.000,0.000,,7.479,4.213,54.505,0.244,0.357,8.090,0.681,126,0,0,0,0.000,0.000,0.000,0.000,0.000,0.000,0.000,1.000,1.000,0.000,7.479,00-0037834,,,,0,,,,,,,,,,,,,0.027,0.029,,,,,66.122,0.000,0.000,-11.617,0.000,257.464,92.572,166.171,46.176,45.600,-0.027,-0.008,86.232,1.283,-3.224,-2.890,-3.221,0.270
2026,1,2026_01_TB_CIN,TB,CIN,Baker Mayfield,QB,,28,216,5,30,0,0,0,0.000,0.250,1.000,23.500,-3.500,0,7.000,60.910,0.521,30.772,216.181,7.009,0.598,3.491,24.325,0.120,6.527,0.000,0.000,0.000,0.000,-0.000,,0.972,129,0,0,0,0.515,0.083,0.000,0.000,0.613,0.000,0.000,1.000,1.000,3.491,0.000,00-0034855,,,,0,,,,,,,,,2.905,14.684,-1.204,-0.770,,,4.578,1.963,0.256,0.155,0.000,21.401,228.120,-0.000,2.924,219.047,103.380,102.103,77.715,36.778,0.052,0.028,,,-6.723,17.445,-6.727,0.366
2026,1,2026_01_TB_CIN,TB,CIN,Bucky Irving,RB,RB1,0,0,8,45,7,7,48,0.259,0.400,0.610,23.500,-3.500,0,7.000,60.910,0.521,0.000,0.000,,,17.188,62.770,0.581,3.589,3.184,2.542,21.849,0.099,-0.018,7.143,0.584,29,0,0,0,0.515,0.083,0.000,0.000,0.613,0.000,0.000,1.000,1.000,17.188,3.184,00-0034855,0.099,3.184,21.849,28,,,,,,4.130,16.017,-0.391,,,,,0.001,0.373,1.892,1.690,0.689,,17.401,76.618,0.000,4.448,-13.848,219.047,103.380,102.103,77.715,36.778,0.052,0.028,65.815,1.254,-6.723,17.445,-6.727,0.366
2026,1,2026_01_TB_CIN,TB,CIN,Josh Williams,RB,,0,0,0,0,0,0,0,0.000,0.000,0.000,23.500,-3.500,0,7.000,60.910,0.521,0.000,0.000,,,2.173,5.975,0.075,2.750,0.000,0.000,0.000,0.000,0.000,,0.068,3,0,0,0,0.515,0.083,0.000,0.000,0.613,0.000,0.000,1.000,1.000,2.173,0.000,00-0034855,0.000,0.000,0.000,2,,,,,,,,,,,,,,,2.800,0.000,0.000,,0.000,18.110,0.000,0.000,-7.110,219.047,103.380,102.103,77.715,36.778,0.052,0.028,,,-6.723,17.445,-6.727,0.366
2026,1,2026_01_TB_CIN,TB,CIN,Kenny Gainwell,RB,,0,0,5,15,1,1,3,0.037,0.250,0.460,23.500,-3.500,0,7.000,60.910,0.521,0.000,0.002,,,6.655,29.845,0.288,4.023,5.729,4.713,35.553,0.173,-0.003,5.777,0.535,94,0,0,0,0.515,0.083,0.000,0.000,0.613,0.000,0.000,1.000,1.000,6.655,5.729,00-0034855,,,,0,,,,,,,,,,,,,0.057,0.288,2.324,1.687,0.777,,30.762,28.641,0.002,4.799,1.240,219.047,103.380,102.103,77.715,36.778,0.052,0.028,,,-6.723,17.445,-6.727,0.366
2026,1,2026_01_TB_CIN,TB,CIN,Bauer Sharp,TE,,0,0,0,0,0,0,0,0.000,0.000,0.020,23.500,-3.500,0,7.000,60.910,0.521,,,,,,,,,,,,,,,,1,0,0,0,0.515,0.083,0.000,0.000,0.613,0.000,0.000,1.000,1.000,,,00-0034855,,,,0,,,,,,,,,,,,,,,,,,,,,,,,219.047,103.380,102.103,77.715,36.778,0.052,0.028,,,-6.723,17.445,-6.727,0.366
2026,1,2026_01_TB_CIN,TB,CIN,Cade Otton,TE,TE1,0,0,0,0,5,3,26,0.185,0.000,0.980,23.500,-3.500,0,7.000,60.910,0.521,0.000,0.000,,,0.001,-0.005,0.000,,5.412,4.130,41.254,0.188,0.132,7.285,0.937,67,0,0,0,0.515,0.083,0.000,0.000,0.613,0.000,0.000,1.000,1.000,0.001,5.412,00-0034855,0.188,5.412,41.257,49,3.326,5.880,4.857,1.199,68.187,,,,,,,,0.011,0.343,,,,,36.626,0.007,0.000,4.636,-0.012,219.047,103.380,102.103,77.715,36.778,0.052,0.028,,,-6.723,17.445,-6.727,0.366
2026,1,2026_01_TB_CIN,TB,CIN,Chris Godwin Jr.,WR,WR2,0,0,1,3,4,4,40,0.148,0.050,0.860,23.500,-3.500,0,7.000,60.910,0.521,0.001,0.000,,,0.040,0.155,0.001,,5.973,4.384,49.123,0.187,0.158,7.983,0.749,112,0,0,0,0.515,0.083,0.000,0.000,0.613,0.000,0.000,1.000,1.000,0.040,5.973,00-0034855,0.187,5.964,49.062,35,,,,,,,,,,,,,0.022,0.577,,,,,40.416,0.248,0.009,8.707,-0.093,219.047,103.380,102.103,77.715,36.778,0.052,0.028,21.684,0.817,-6.723,17.445,-6.727,0.366
2026,1,2026_01_TB_CIN,TB,CIN,Emeka Egbuka,WR,WR1,0,0,0,0,6,5,63,0.222,0.000,0.860,23.500,-3.500,0,7.000,60.910,0.521,0.000,0.000,,,0.028,0.094,0.001,,6.303,2.913,39.345,0.206,0.316,7.066,0.712,18,0,0,0,0.515,0.083,0.000,0.000,0.613,0.000,0.000,1.000,1.000,0.028,6.303,00-0034855,0.206,6.303,39.345,17,,,,,,,,,,,,,0.060,0.100,,,,,56.087,0.149,0.000,-16.742,-0.055,219.047,103.380,102.103,77.715,36.778,0.052,0.028,45.520,0.759,-6.723,17.445,-6.727,0.366
2026,1,2026_01_TB_CIN,TB,CIN,Kameron Johnson,WR,,0,0,0,0,0,0,0,0.000,0.000,0.090,23.500,-3.500,0,7.000,60.910,0.521,0.000,0.000,,,0.075,0.585,0.003,,0.255,0.097,1.555,0.009,0.013,,0.063,22,0,0,0,0.515,0.083,0.000,0.000,0.613,0.000,0.000,1.000,1.000,0.075,0.255,00-0034855,0.009,0.255,1.555,21,,,,,,,,,,,,,,,,,,,,,,,,219.047,103.380,102.103,77.715,36.778,0.052,0.028,,,-6.723,17.445,-6.727,0.366
2026,1,2026_01_TB_CIN,TB,CIN,Ted Hurst III,WR,,0,0,0,0,3,3,36,0.111,0.000,0.750,23.500,-3.500,0,7.000,60.910,0.521,,,,,,,,,,,,,,,,1,0,0,0,0.515,0.083,0.000,0.000,0.613,0.000,0.000,1.000,1.000,,,00-0034855,,,,0,,,,,,,,,,,,,,,,,,,,,,,,219.047,103.380,102.103,77.715,36.778,0.052,0.028,,,-6.723,17.445,-6.727,0.366
2026,1,2026_01_TB_CIN,TB,CIN,Tez Johnson,WR,WR3,0,0,1,-4,1,0,0,0.037,0.050,0.230,23.500,-3.500,0,7.000,60.910,0.521,0.000,0.000,,,0.520,1.834,0.015,4.143,2.415,1.664,16.995,0.077,0.112,6.864,0.403,16,0,0,0,0.515,0.083,0.000,0.000,0.613,0.000,0.000,1.000,1.000,0.520,2.415,00-0034855,0.077,2.415,16.995,15,,,,,,,,,,,,,0.011,0.036,2.784,0.987,0.000,,20.667,3.371,0.000,-3.672,-1.537,219.047,103.380,102.103,77.715,36.778,0.052,0.028,20.788,1.315,-6.723,17.445,-6.727,0.366
2026,1,2026_01_NYJ_TEN,TEN,NYJ,Cam Ward,QB,,32,140,4,21,0,0,0,0.000,0.286,1.000,20.500,1.500,0,2.000,57.621,0.586,28.476,175.311,7.894,-3.413,2.327,10.136,0.097,4.395,0.000,0.000,0.000,0.000,0.000,,0.847,18,0,0,0,0.000,0.000,0.000,0.000,0.740,0.000,0.000,1.000,1.000,2.327,0.000,00-0032434,,,,0,,,,,,,,,,,,,,,2.888,1.517,0.228,0.280,0.000,10.086,183.376,0.000,0.050,248.332,119.190,135.277,68.615,44.235,0.086,0.012,,,25.929,8.968,25.933,0.405
2026,1,2026_01_NYJ_TEN,TEN,NYJ,Tony Pollard,RB,RB1,0,0,7,35,2,1,-1,0.071,0.500,0.520,20.500,1.500,0,2.000,57.621,0.586,0.000,0.000,,,15.245,72.323,0.639,4.569,2.197,1.817,10.198,0.068,-0.008,4.664,0.570,116,0,0,0,0.000,0.000,0.000,0.000,0.740,0.000,0.000,1.000,1.000,15.245,2.197,00-0032434,0.091,3.000,17.000,1,,,,,,4.184,22.084,0.518,,,,,0.077,0.138,2.756,1.820,0.949,,11.834,65.909,0.000,-1.636,6.414,248.332,119.190,135.277,68.615,44.235,0.086,0.012,60.235,0.951,25.929,8.968,25.933,0.405
2026,1,2026_01_NYJ_TEN,TEN,NYJ,Tyjae Spears,RB,,0,0,3,12,4,2,12,0.143,0.214,0.500,20.500,1.500,0,2.000,57.621,0.586,0.000,0.000,,,5.936,21.955,0.233,3.852,4.158,3.708,19.583,0.134,-0.076,4.471,0.468,43,0,0,0,0.000,0.000,0.000,0.000,0.740,0.000,0.000,1.000,1.000,5.936,4.158,00-0032434,0.212,7.000,9.000,1,,,,,,,,,,,,,0.084,0.969,2.535,1.333,0.319,,18.405,26.172,0.000,1.178,-4.217,248.332,119.190,135.277,68.615,44.235,0.086,0.012,,,25.929,8.968,25.933,0.405
2026,1,2026_01_NYJ_TEN,TEN,NYJ,Daniel Bellinger,TE,,0,0,0,0,1,1,7,0.036,0.000,0.280,20.500,1.500,0,2.000,57.621,0.586,0.000,0.000,,,0.000,0.000,0.000,,2.250,1.588,21.651,0.070,0.058,9.395,0.612,53,0,0,0,0.000,0.000,0.000,0.000,0.740,0.000,0.000,1.000,1.000,0.000,2.250,00-0032434,,,,0,,,,,,,,,,,,,0.013,0.004,,,,,17.417,0.000,0.000,5.398,0.000,248.332,119.190,135.277,68.615,44.235,0.086,0.012,,,25.929,8.968,25.933,0.405
2026,1,2026_01_NYJ_TEN,TEN,NYJ,Gunnar Helm,TE,TE1,0,0,0,0,5,4,28,0.179,0.000,0.760,20.500,1.500,0,2.000,57.621,0.586,0.000,0.000,,,0.000,0.000,0.000,,3.545,2.770,20.870,0.112,0.079,5.777,0.575,17,0,0,0,0.000,0.000,0.000,0.000,0.740,0.000,0.000,1.000,1.000,0.000,3.545,00-0032434,,,,0,,,,,,,,,,,,,0.019,0.000,,,,,21.582,0.000,0.000,-0.712,0.000,248.332,119.190,135.277,68.615,44.235,0.086,0.012,43.962,1.106,25.929,8.968,25.933,0.405
2026,1,2026_01_NYJ_TEN,TEN,NYJ,Carnell Tate,WR,,0,0,0,0,6,4,38,0.214,0.000,0.880,20.500,1.500,0,2.000,57.621,0.586,,,,,,,,,,,,,,,,1,0,0,0,0.000,0.000,0.000,0.000,0.740,0.000,0.000,1.000,1.000,,,00-0032434,,,,0,,,,,,,,,,,,,,,,,,,,,,,,248.332,119.190,135.277,68.615,44.235,0.086,0.012,,,25.929,8.968,25.933,0.405
2026,1,2026_01_NYJ_TEN,TEN,NYJ,Chimere Dike,WR,WR3,0,0,0,0,1,1,7,0.036,0.000,0.080,20.500,1.500,0,2.000,57.621,0.586,0.000,0.000,,,0.459,0.546,0.023,,4.830,3.281,30.784,0.158,0.183,6.184,0.671,18,0,0,0,0.000,0.000,0.000,0.000,0.740,0.000,0.000,1.000,1.000,0.459,4.830,00-0032434,0.121,4.000,27.000,1,,,,,,,,,,,,,0.044,0.000,,,,,30.817,2.497,0.000,-0.033,-1.951,248.332,119.190,135.277,68.615,44.235,0.086,0.012,28.515,1.606,25.929,8.968,25.933,0.405
2026,1,2026_01_NYJ_TEN,TEN,NYJ,Elic Ayomanor,WR,WR2,0,0,0,0,3,1,11,0.107,0.000,0.520,20.500,1.500,0,2.000,57.621,0.586,0.000,0.000,,,0.000,0.000,0.000,,5.736,2.549,34.087,0.184,0.379,7.213,0.808,17,0,0,0,0.000,0.000,0.000,0.000,0.740,0.000,0.000,1.000,1.000,0.000,5.736,00-0032434,0.303,10.000,50.000,1,2.892,6.280,11.633,-0.446,41.823,,,,,,,,0.037,0.000,,,,,44.676,0.000,0.000,-10.588,0.000,248.332,119.190,135.277,68.615,44.235,0.086,0.012,24.058,0.630,25.929,8.968,25.933,0.405
2026,1,2026_01_NYJ_TEN,TEN,NYJ,Wan'Dale Robinson,WR,WR1,0,0,0,0,6,5,38,0.214,0.000,0.820,20.500,1.500,0,2.000,57.621,0.586,0.000,0.000,,,0.244,0.485,0.008,,9.608,6.345,64.585,0.352,0.362,6.370,0.909,55,0,0,0,0.000,0.000,0.000,0.000,0.740,0.000,0.000,1.000,1.000,0.244,9.608,00-0032434,,,,0,3.428,7.019,8.080,0.043,65.546,,,,,,,,0.024,0.483,,,,,64.762,1.506,0.000,-0.177,-1.021,248.332,119.190,135.277,68.615,44.235,0.086,0.012,72.888,1.392,25.929,8.968,25.933,0.405
2026,1,2026_01_WAS_PHI,WAS,PHI,Jayden Daniels,QB,,34,164,5,31,0,0,0,0.000,0.156,1.000,18.750,-6.000,0,7.000,55.661,0.475,27.383,182.458,6.592,-0.081,8.420,41.900,0.285,4.957,0.000,0.000,0.000,0.000,0.000,,0.886,28,0,0,0,0.000,0.000,0.000,0.000,0.480,0.000,0.000,1.000,1.000,8.420,0.000,00-0026300,,,,0,,,,,,,,,2.757,10.574,-3.613,-1.722,,,3.109,1.860,0.607,0.190,0.000,47.648,192.836,0.000,-5.748,202.649,88.239,128.776,26.507,39.588,-0.067,-0.020,,,-5.498,-6.905,-5.501,0.435
2026,1,2026_01_WAS_PHI,WAS,PHI,Jacory Croskey-Merritt,RB,RB1,0,0,16,63,1,1,-7,0.034,0.500,0.490,18.750,-6.000,0,7.000,55.661,0.475,0.000,0.000,,,10.760,49.109,0.389,4.552,0.336,0.248,1.637,0.013,-0.003,,0.389,18,0,1,0,0.000,0.000,0.000,0.000,0.480,0.000,0.000,1.000,1.000,10.760,0.336,00-0026300,0.000,0.000,0.000,2,,,,,,4.169,22.543,0.935,,,,,,,2.743,1.813,0.859,,1.862,42.732,0.000,-0.225,6.377,202.649,88.239,128.776,26.507,39.588,-0.067,-0.020,54.039,0.827,-5.498,-6.905,-5.501,0.435
2026,1,2026_01_WAS_PHI,WAS,PHI,Kaytron Allen,RB,,0,0,4,16,0,0,0,0.000,0.125,0.100,18.750,-6.000,0,7.000,55.661,0.475,,,,,,,,,,,,,,,,1,0,0,0,0.000,0.000,0.000,0.000,0.480,0.000,0.000,1.000,1.000,,,00-0026300,,,,0,,,,,,,,,,,,,,,,,,,,,,,,202.649,88.239,128.776,26.507,39.588,-0.067,-0.020,,,-5.498,-6.905,-5.501,0.435
2026,1,2026_01_WAS_PHI,WAS,PHI,Rachaad White,RB,,0,0,7,22,2,2,5,0.069,0.219,0.410,18.750,-6.000,0,7.000,55.661,0.475,0.000,0.000,,,6.458,30.621,0.228,6.193,2.353,2.135,12.874,0.078,-0.028,5.667,0.478,71,0,0,0,0.000,0.000,0.000,0.000,0.480,0.000,0.000,1.000,1.000,6.458,2.353,00-0026300,,,,0,,,,,,,,,,,,,0.000,0.101,3.672,2.529,0.333,,12.529,28.340,0.000,0.345,2.281,202.649,88.239,128.776,26.507,39.588,-0.067,-0.020,,,-5.498,-6.905,-5.501,0.435
2026,1,2026_01_WAS_PHI,WAS,PHI,Chig Okonkwo,TE,TE1,0,0,0,0,3,2,16,0.103,0.000,0.560,18.750,-6.000,0,7.000,55.661,0.475,0.000,0.000,,,0.009,0.143,0.000,,5.158,3.338,32.098,0.166,0.092,6.653,0.612,67,0,0,0,0.000,0.000,0.000,0.000,0.480,0.000,0.000,1.000,1.000,0.009,5.158,00-0026300,,,,0,3.702,6.136,4.402,1.912,65.823,,,,,,,,0.066,0.454,,,,,31.316,0.058,0.000,0.787,0.085,202.649,88.239,128.776,26.507,39.588,-0.067,-0.020,18.314,0.552,-5.498,-6.905,-5.501,0.435
2026,1,2026_01_WAS_PHI,WAS,PHI,Colson Yankoff,TE,,0,0,0,0,0,0,0,0.000,0.000,0.030,18.750,-6.000,0,7.000,55.661,0.475,0.000,0.000,,,0.000,0.000,0.000,,0.368,0.224,2.110,0.013,0.008,,0.128,16,0,0,0,0.000,0.000,0.000,0.000,0.480,0.000,0.000,1.000,1.000,0.000,0.368,00-0026300,,,,0,,,,,,,,,,,,,,,,,,,,,,,,202.649,88.239,128.776,26.507,39.588,-0.067,-0.020,,,-5.498,-6.905,-5.501,0.435
2026,1,2026_01_WAS_PHI,WAS,PHI,John Bates,TE,,0,0,0,0,3,2,13,0.103,0.000,0.490,18.750,-6.000,0,7.000,55.661,0.475,0.000,0.000,,,0.000,0.000,0.000,,1.486,1.039,9.480,0.064,0.028,7.062,0.544,63,0,0,0,0.000,0.000,0.000,0.000,0.480,0.000,0.000,1.000,1.000,0.000,1.486,00-0026300,0.105,2.000,13.000,1,,,,,,,,,,,,,0.021,0.008,,,,,10.588,0.000,0.000,0.019,0.000,202.649,88.239,128.776,26.507,39.588,-0.067,-0.020,,,-5.498,-6.905,-5.501,0.435
2026,1,2026_01_WAS_PHI,WAS,PHI,Antonio Williams,WR,,0,0,0,0,4,4,64,0.138,0.000,0.370,18.750,-6.000,0,7.000,55.661,0.475,,,,,,,,,,,,,,,,1,0,0,0,0.000,0.000,0.000,0.000,0.480,0.000,0.000,1.000,1.000,,,00-0026300,,,,0,,,,,,,,,,,,,,,,,,,,,,,,202.649,88.239,128.776,26.507,39.588,-0.067,-0.020,,,-5.498,-6.905,-5.501,0.435
2026,1,2026_01_WAS_PHI,WAS,PHI,Dyami Brown,WR,WR3,0,0,0,0,2,0,0,0.069,0.000,0.530,18.750,-6.000,0,7.000,55.661,0.475,0.015,0.004,,,0.389,1.962,0.014,,2.766,1.554,18.150,0.083,0.151,5.543,0.377,65,0,0,0,0.000,0.000,0.000,0.000,0.480,0.000,0.000,1.000,1.000,0.389,2.766,00-0026300,,,,0,,,,,,,,,,,,,0.053,0.026,,,,,23.931,2.140,0.132,-5.765,-0.177,202.649,88.239,128.776,26.507,39.588,-0.067,-0.020,11.868,0.657,-5.498,-6.905,-5.501,0.435
2026,1,2026_01_WAS_PHI,WAS,PHI,Jaylin Lane,WR,,0,0,0,0,1,1,4,0.034,0.000,0.260,18.750,-6.000,0,7.000,55.661,0.475,0.000,0.000,,,0.036,0.253,0.001,,1.424,0.693,10.864,0.058,0.087,,0.303,16,0,0,0,0.000,0.000,0.000,0.000,0.480,0.000,0.000,1.000,1.000,0.036,1.424,00-0026300,,,,0,,,,,,,,,,,,,,,,,,,,,,,,202.649,88.239,128.776,26.507,39.588,-0.067,-0.020,,,-5.498,-6.905,-5.501,0.435
2026,1,2026_01_WAS_PHI,WAS,PHI,Stefon Diggs,WR,WR2,0,0,0,0,9,4,55,0.310,0.000,0.630,18.750,-6.000,0,7.000,55.661,0.475,0.002,0.023,,,0.009,0.014,0.000,,5.353,4.246,45.897,0.199,0.141,8.682,0.555,137,0,0,0,0.000,0.000,0.000,0.000,0.480,0.000,0.000,1.000,1.000,0.009,5.353,00-0026300,,,,0,,,,,,,,,,,,,0.026,0.079,,,,,40.014,0.051,0.010,5.884,-0.037,202.649,88.239,128.776,26.507,39.588,-0.067,-0.020,50.528,1.451,-5.498,-6.905,-5.501,0.435
2026,1,2026_01_WAS_PHI,WAS,PHI,Terry McLaurin,WR,WR1,0,0,0,0,4,2,14,0.138,0.000,0.870,18.750,-6.000,0,7.000,55.661,0.475,0.000,0.000,,,0.005,0.005,0.000,,6.055,4.057,60.567,0.241,0.365,11.261,0.741,112,0,0,0,0.000,0.000,0.000,0.000,0.480,0.000,0.000,1.000,1.000,0.005,6.055,00-0026300,0.267,5.370,59.741,2,,,,,,,,,,,,,0.009,0.354,,,,,48.646,0.032,0.000,11.921,-0.028,202.649,88.239,128.776,26.507,39.588,-0.067,-0.020,41.381,0.729,-5.498,-6.905,-5.501,0.435
2026,2,2026_02_SEA_ARI,ARI,SEA,Jacoby Brissett,QB,,28,95,1,7,0,0,0,0.000,0.059,1.000,18.500,-3.500,1,0.000,59.455,0.640,35.660,244.843,6.647,0.341,2.979,11.771,0.135,4.271,0.000,0.000,0.000,0.000,0.000,,0.942,80,0,0,0,0.000,0.000,0.000,0.328,0.000,0.000,0.000,1.000,1.000,2.979,0.000,00-0033119,,,,0,,,,,,,,,2.879,18.137,4.205,-1.267,,,3.281,0.984,0.073,0.266,0.000,12.067,250.334,-0.000,-0.295,219.362,70.385,124.045,51.090,42.359,-0.074,-0.045,,,-22.975,-15.015,-22.974,0.291
2026,2,2026_02_SEA_ARI,ARI,SEA,Bam Knight,RB,RB1,0,0,2,24,0,0,0,0.000,0.118,0.060,18.500,-3.500,1,0.000,59.455,0.640,0.000,0.000,,,7.030,22.638,0.353,2.388,2.811,1.994,14.304,0.067,0.011,,0.339,22,0,0,0,0.000,0.000,0.000,0.328,0.000,0.000,0.000,1.000,1.000,7.030,2.811,00-0033119,0.077,3.267,15.963,9,,,,,,,,,,,,,,,0.989,1.401,0.452,,16.220,30.741,0.000,-1.373,-6.817,219.362,70.385,124.045,51.090,42.359,-0.074,-0.045,43.632,0.675,-22.975,-15.015,-22.974,0.291
2026,2,2026_02_SEA_ARI,ARI,SEA,Jeremiyah Love,RB,,0,0,9,29,3,3,16,0.115,0.529,0.400,18.500,-3.500,1,0.000,59.455,0.640,0.000,0.000,,,11.000,41.000,0.324,3.727,4.000,2.000,9.000,0.108,0.018,2.250,0.430,2,0,0,0,0.000,0.000,0.000,0.328,0.000,0.000,0.000,1.000,1.000,11.000,4.000,00-0033119,0.108,4.000,9.000,1,,,,,,4.601,0.000,0.918,,,,,0.250,0.000,1.400,2.400,1.000,,23.850,44.210,0.000,-14.850,-3.210,219.362,70.385,124.045,51.090,42.359,-0.074,-0.045,,,-22.975,-15.015,-22.974,0.291
2026,2,2026_02_SEA_ARI,ARI,SEA,Tyler Allgeier,RB,,0,0,5,10,2,2,9,0.077,0.294,0.640,18.500,-3.500,1,0.000,59.455,0.640,0.000,0.000,,,9.918,35.560,0.317,3.752,1.186,1.040,6.559,0.038,-0.011,5.561,0.363,69,0,0,0,0.000,0.000,0.000,0.328,0.000,0.000,0.000,1.000,1.000,9.918,1.186,00-0033119,0.054,2.000,9.000,1,,,,,,4.691,26.764,-0.025,,,,,0.018,0.073,2.381,1.372,0.787,,6.476,41.235,0.000,0.082,-5.675,219.362,70.385,124.045,51.090,42.359,-0.074,-0.045,,,-22.975,-15.015,-22.974,0.291
2026,2,2026_02_SEA_ARI,ARI,SEA,Elijah Higgins,TE,,0,0,0,0,0,0,0,0.000,0.000,0.260,18.500,-3.500,1,0.000,59.455,0.640,0.000,0.000,,,0.000,0.000,0.000,,2.553,2.081,20.813,0.080,0.047,5.968,0.516,44,0,0,0,0.000,0.000,0.000,0.328,0.000,0.000,0.000,1.000,1.000,0.000,2.553,00-0033119,0.083,2.686,22.036,12,,,,,,,,,,,,,0.001,0.313,,,,,18.485,0.000,0.000,3.564,0.000,219.362,70.385,124.045,51.090,42.359,-0.074,-0.045,,,-22.975,-15.015,-22.974,0.291
2026,2,2026_02_SEA_ARI,ARI,SEA,Hunter Long,TE,,0,0,0,0,0,0,0,0.000,0.000,0.300,18.500,-3.500,1,0.000,59.455,0.640,0.000,0.000,,,0.000,0.000,0.000,,1.766,1.143,8.623,0.051,0.033,,0.453,27,0,0,0,0.000,0.000,0.000,0.328,0.000,0.000,0.000,1.000,1.000,0.000,1.766,00-0033119,0.000,0.000,0.000,1,,,,,,,,,,,,,,,,,,,,,,,,219.362,70.385,124.045,51.090,42.359,-0.074,-0.045,,,-22.975,-15.015,-22.974,0.291
2026,2,2026_02_SEA_ARI,ARI,SEA,Trey McBride,TE,TE1,0,0,0,0,10,8,41,0.385,0.000,0.880,18.500,-3.500,1,0.000,59.455,0.640,0.000,0.000,,,0.002,0.004,0.000,,10.584,7.956,77.904,0.297,0.246,7.270,0.906,64,0,0,0,0.000,0.000,0.000,0.328,0.000,0.000,0.000,1.000,1.000,0.002,10.584,00-0033119,0.299,10.756,79.737,13,2.993,5.815,6.644,0.689,74.753,,,,,,,,0.027,0.684,,,,,73.620,0.002,0.000,4.285,0.002,219.362,70.385,124.045,51.090,42.359,-0.074,-0.045,40.663,1.153,-22.975,-15.015,-22.974,0.291
2026,2,2026_02_SEA_ARI,ARI,SEA,Devin Duvernay,WR,,0,0,0,0,0,0,0,0.000,0.000,0.000,18.500,-3.500,1,0.000,59.455,0.640,0.000,0.000,,,0.006,-0.007,0.000,,0.218,0.094,1.395,0.006,0.009,,0.040,96,0,0,0,0.000,0.000,0.000,0.328,0.000,0.000,0.000,1.000,1.000,0.006,0.218,00-0033119,0.000,0.000,0.000,1,,,,,,,,,,,,,,,,,,,,,,,,219.362,70.385,124.045,51.090,42.359,-0.074,-0.045,,,-22.975,-15.015,-22.974,0.291
2026,2,2026_02_SEA_ARI,ARI,SEA,Jalen Brooks,WR,,0,0,0,0,0,0,0,0.000,0.000,0.040,18.500,-3.500,1,0.000,59.455,0.640,0.000,0.000,,,0.000,0.000,0.000,,1.519,0.736,11.280,0.040,0.073,,0.329,21,0,0,0,0.000,0.000,0.000,0.328,0.000,0.000,0.000,1.000,1.000,0.000,1.519,00-0033119,0.031,1.243,10.330,4,,,,,,,,,,,,,,,,,,,,,,,,219.362,70.385,124.045,51.090,42.359,-0.074,-0.045,,,-22.975,-15.015,-22.974,0.291
2026,2,2026_02_SEA_ARI,ARI,SEA,Kendrick Bourne,WR,WR3,0,0,0,0,3,2,11,0.115,0.000,0.600,18.500,-3.500,1,0.000,59.455,0.640,0.004,0.000,,,0.007,0.041,0.000,,3.556,2.614,30.879,0.107,0.129,8.233,0.557,121,0,0,0,0.000,0.000,0.000,0.328,0.000,0.000,0.000,1.000,1.000,0.007,3.556,00-0033119,0.128,4.407,31.100,3,2.696,6.454,8.997,1.789,75.091,,,,,,,,0.043,0.016,,,,,29.217,0.044,0.023,1.663,-0.003,219.362,70.385,124.045,51.090,42.359,-0.074,-0.045,18.883,0.659,-22.975,-15.015,-22.974,0.291
2026,2,2026_02_SEA_ARI,ARI,SEA,Marvin Harrison Jr.,WR,WR2,0,0,0,0,1,0,0,0.038,0.000,0.740,18.500,-3.500,1,0.000,59.455,0.640,0.000,0.000,,,0.000,0.000,0.000,,5.365,2.771,42.375,0.155,0.301,7.738,0.674,31,0,0,0,0.000,0.000,0.000,0.328,0.000,0.000,0.000,1.000,1.000,0.000,5.365,00-0033119,0.138,4.889,36.235,8,,,,,,,,,,,,,0.075,0.131,,,,,46.547,0.000,0.000,-4.173,0.000,219.362,70.385,124.045,51.090,42.359,-0.074,-0.045,32.286,0.860,-22.975,-15.015,-22.974,0.291
2026,2,2026_02_SEA_ARI,ARI,SEA,Michael Wilson,WR,WR1,0,0,0,0,7,2,18,0.269,0.000,0.940,18.500,-3.500,1,0.000,59.455,0.640,0.000,0.000,,,0.007,0.049,0.000,,8.325,5.189,72.734,0.224,0.369,9.168,0.850,48,0,0,0,0.000,0.000,0.000,0.328,0.000,0.000,0.000,1.000,1.000,0.007,8.325,00-0033119,0.236,8.826,78.805,13,2.290,5.688,11.987,0.819,62.058,,,,,,,,0.005,0.091,,,,,67.100,0.045,0.000,5.634,0.005,219.362,70.385,124.045,51.090,42.359,-0.074,-0.045,54.991,0.739,-22.975,-15.015,-22.974,0.291
2026,2,2026_02_CAR_ATL,ATL,CAR,Cooper Rush,QB,,17,86,2,20,0,0,0,0.000,0.062,0.580,20.500,-2.500,1,0.000,58.947,0.503,20.846,129.070,5.902,-5.079,1.366,0.207,0.052,,0.000,0.000,0.000,0.000,0.000,,0.726,37,0,0,0,0.000,0.000,0.000,0.000,0.378,0.000,0.000,1.000,1.000,1.366,0.000,00-0033662,,,,0,,,,,,,,,2.594,18.353,-6.354,-2.630,,,,,,0.168,0.000,1.753,143.233,0.000,-1.545,231.171,132.036,146.594,54.714,29.600,0.056,0.049,,,-3.365,17.007,-3.363,0.215
2026,2,2026_02_CAR_ATL,ATL,CAR,Jack Strand,QB,,15,59,2,16,0,0,0,0.000,0.062,0.420,20.500,-2.500,1,0.000,58.947,0.503,,,,,,,,,,,,,,,,1,0,0,0,0.000,0.000,0.000,0.000,0.378,0.000,0.000,1.000,1.000,,,00-0033662,,,,0,,,,,,,,,,,,,,,,,,,,,,,,231.171,132.036,146.594,54.714,29.600,0.056,0.049,,,-3.365,17.007,-3.363,0.215
2026,2,2026_02_CAR_ATL,ATL,CAR,Bijan Robinson,RB,RB1,0,0,16,72,4,3,9,0.129,0.500,0.510,20.500,-2.500,1,0.000,58.947,0.503,0.000,0.000,,,18.374,91.642,0.643,4.780,6.775,5.119,49.528,0.259,-0.053,7.005,0.788,53,0,0,0,0.000,0.000,0.000,0.000,0.378,0.000,0.000,1.000,1.000,18.374,6.775,00-0033662,0.526,10.000,90.000,1,,,,,,4.582,13.348,0.801,,,,,0.023,0.947,2.691,2.117,1.555,,39.148,82.129,0.000,10.380,9.513,231.171,132.036,146.594,54.714,29.600,0.056,0.049,80.315,1.276,-3.365,17.007,-3.363,0.215
2026,2,2026_02_CAR_ATL,ATL,CAR,Brian Robinson,RB,,0,0,11,51,2,2,16,0.065,0.344,0.480,20.500,-2.500,1,0.000,58.947,0.503,0.000,0.000,,,5.199,19.553,0.178,3.901,0.535,0.380,1.576,0.017,0.001,,0.196,65,0,0,0,0.000,0.000,0.000,0.000,0.378,0.000,0.000,1.000,1.000,5.199,0.535,00-0033662,0.000,0.000,0.000,1,,,,,,,,,,,,,,,2.215,1.691,0.475,,3.570,25.445,0.000,-1.675,-2.566,231.171,132.036,146.594,54.714,29.600,0.056,0.049,,,-3.365,17.007,-3.363,0.215
2026,2,2026_02_CAR_ATL,ATL,CAR,Austin Hooper,TE,,0,0,0,0,4,2,20,0.129,0.000,0.430,20.500,-2.500,1,0.000,58.947,0.503,0.000,0.000,,,0.000,0.000,0.000,,2.318,1.502,15.417,0.077,0.072,6.657,0.472,126,0,0,0,0.000,0.000,0.000,0.000,0.378,0.000,0.000,1.000,1.000,0.000,2.318,00-0033662,,,,0,,,,,,,,,,,,,0.001,0.006,,,,,18.680,0.000,0.000,-3.263,0.000,231.171,132.036,146.594,54.714,29.600,0.056,0.049,,,-3.365,17.007,-3.363,0.215
2026,2,2026_02_CAR_ATL,ATL,CAR,Charlie Woerner,TE,,0,0,0,0,1,0,0,0.032,0.000,0.490,20.500,-2.500,1,0.000,58.947,0.503,0.000,0.000,,,0.000,0.000,0.000,,1.134,0.948,5.954,0.042,0.010,,0.581,52,0,0,0,0.000,0.000,0.000,0.000,0.378,0.000,0.000,1.000,1.000,0.000,1.134,00-0033662,,,,0,,,,,,,,,,,,,,,,,,,,,,,,231.171,132.036,146.594,54.714,29.600,0.056,0.049,,,-3.365,17.007,-3.363,0.215
2026,2,2026_02_CAR_ATL,ATL,CAR,Kyle Pitts,TE,TE1,0,0,0,0,3,1,15,0.097,0.000,0.380,20.500,-2.500,1,0.000,58.947,0.503,0.000,0.000,,,0.000,-0.000,0.000,,6.259,4.442,49.337,0.210,0.257,6.212,0.846,80,0,0,0,0.000,0.000,0.000,0.000,0.378,0.000,0.000,1.000,1.000,0.000,6.259,00-0033662,0.053,1.000,0.000,1,,,,,,,,,,,,,0.022,0.150,,,,,47.602,0.000,0.000,1.735,-0.000,231.171,132.036,146.594,54.714,29.600,0.056,0.049,37.568,1.058,-3.365,17.007,-3.363,0.215
2026,2,2026_02_CAR_ATL,ATL,CAR,Chris Blair,WR,,0,0,0,0,3,1,6,0.097,0.000,0.490,20.500,-2.500,1,0.000,58.947,0.503,0.000,0.000,,,0.000,0.000,0.000,,0.414,0.189,3.217,0.014,0.031,,0.129,5,0,0,0,0.000,0.000,0.000,0.000,0.378,0.000,0.000,1.000,1.000,0.000,0.414,00-0033662,0.000,0.000,0.000,1,,,,,,,,,,,,,,,,,,,,,,,,231.171,132.036,146.594,54.714,29.600,0.056,0.049,,,-3.365,17.007,-3.363,0.215
2026,2,2026_02_CAR_ATL,ATL,CAR,Drake London,WR,WR1,0,0,1,-2,5,4,51,0.161,0.031,0.620,20.500,-2.500,1,0.000,58.947,0.503,0.000,0.003,,,0.166,0.934,0.005,1.889,7.891,4.589,66.276,0.269,0.387,7.870,0.921,64,0,0,0,0.000,0.000,0.000,0.000,0.378,0.000,0.000,1.000,1.000,0.166,7.891,00-0033662,0.211,4.000,29.000,1,3.022,6.302,10.990,0.985,55.563,,,,,,,,0.016,0.053,-0.284,2.173,0.000,,65.301,0.965,0.001,0.974,-0.032,231.171,132.036,146.594,54.714,29.600,0.056,0.049,71.028,1.055,-3.365,17.007,-3.363,0.215
2026,2,2026_02_CAR_ATL,ATL,CAR,Jahan Dotson,WR,WR2,0,0,0,0,4,2,11,0.129,0.000,0.750,20.500,-2.500,1,0.000,58.947,0.503,0.000,0.000,,,0.001,0.016,0.000,,2.780,1.161,15.182,0.100,0.223,4.807,0.601,63,0,0,0,0.000,0.000,0.000,0.000,0.378,0.000,0.000,1.000,1.000,0.001,2.780,00-0033662,0.158,3.000,19.000,1,,,,,,,,,,,,,0.000,0.028,,,,,25.621,0.011,0.000,-10.054,0.009,231.171,132.036,146.594,54.714,29.600,0.056,0.049,39.380,0.852,-3.365,17.007,-3.363,0.215
2026,2,2026_02_CAR_ATL,ATL,CAR,Olamide Zaccheaus,WR,WR3,0,0,0,0,3,1,3,0.097,0.000,0.430,20.500,-2.500,1,0.000,58.947,0.503,0.000,0.000,,,0.074,0.388,0.002,,3.096,1.752,14.747,0.099,0.090,4.473,0.484,96,0,0,0,0.000,0.000,0.000,0.000,0.378,0.000,0.000,1.000,1.000,0.074,3.096,00-0033662,0.053,1.000,5.000,1,,,,,,,,,,,,,0.047,0.050,,,,,21.615,0.417,0.000,-6.843,-0.029,231.171,132.036,146.594,54.714,29.600,0.056,0.049,12.116,0.636,-3.365,17.007,-3.363,0.215
2026,2,2026_02_CAR_ATL,ATL,CAR,Zachariah Branch,WR,,0,0,0,0,2,2,14,0.065,0.000,0.200,20.500,-2.500,1,0.000,58.947,0.503,0.000,0.000,,,0.000,0.000,0.000,,0.000,0.000,0.000,0.000,0.000,,0.300,2,0,0,0,0.000,0.000,0.000,0.000,0.378,0.000,0.000,1.000,1.000,0.000,0.000,00-0033662,0.000,0.000,0.000,1,,,,,,,,,,,,,,,,,,,,,,,,231.171,132.036,146.594,54.714,29.600,0.056,0.049,,,-3.365,17.007,-3.363,0.215
2026,2,2026_02_NO_BAL,BAL,NO,Lamar Jackson,QB,,31,235,4,34,0,0,0,0.000,0.182,1.000,27.000,8.500,0,10.000,56.881,0.411,22.337,213.322,10.046,3.209,5.329,27.517,0.175,5.434,0.001,0.001,0.007,0.000,-0.000,,0.916,126,0,0,0,0.710,0.000,0.000,0.000,0.005,0.000,0.421,1.000,1.112,5.329,0.001,00-0034796,,,,0,,,,,,,,,3.139,10.893,-2.399,0.149,,,4.013,1.432,0.318,0.226,0.003,26.962,178.428,0.004,0.555,194.003,105.881,117.882,50.929,25.120,-0.025,-0.012,,,-31.508,-10.546,-31.504,0.221
2026,2,2026_02_NO_BAL,BAL,NO,Derrick Henry,RB,RB1,0,0,16,68,3,3,19,0.103,0.727,0.530,27.000,8.500,0,10.000,56.881,0.411,0.012,0.002,,,20.899,119.578,0.613,5.831,0.991,0.696,9.304,0.041,-0.004,10.811,0.553,131,0,0,0,0.710,0.000,0.000,0.000,0.005,0.000,0.421,1.000,1.112,20.899,1.102,00-0034796,0.046,1.127,11.011,33,,,,,,3.304,38.063,1.369,,,,,0.051,0.095,3.033,2.801,0.811,,5.586,89.696,0.050,3.718,29.882,194.003,105.881,117.882,50.929,25.120,-0.025,-0.012,79.495,1.140,-31.508,-10.546,-31.504,0.221
2026,2,2026_02_NO_BAL,BAL,NO,Justice Hill,RB,,0,0,2,6,2,2,12,0.069,0.091,0.470,27.000,8.500,0,10.000,56.881,0.411,0.000,0.000,,,2.573,11.265,0.080,3.932,2.173,1.739,13.762,0.082,-0.002,6.440,0.358,92,0,0,0,0.710,0.000,0.000,0.000,0.005,0.000,0.421,1.000,1.112,2.573,2.416,00-0034796,0.092,2.388,16.287,78,,,,,,,,,,,,,0.027,0.364,1.559,2.376,0.250,,16.394,13.219,0.000,-0.329,-0.374,194.003,105.881,117.882,50.929,25.120,-0.025,-0.012,,,-31.508,-10.546,-31.504,0.221
2026,2,2026_02_NO_BAL,BAL,NO,Rasheen Ali,RB,,0,0,0,0,0,0,0,0.000,0.000,0.000,27.000,8.500,0,10.000,56.881,0.411,0.000,0.000,,,0.514,1.363,0.020,,0.979,0.775,5.217,0.050,0.000,,0.155,22,0,0,0,0.710,0.000,0.000,0.000,0.005,0.000,0.421,1.000,1.112,0.514,1.089,00-0034796,0.040,0.790,5.247,17,,,,,,,,,,,,,,,,,,,,,,,,194.003,105.881,117.882,50.929,25.120,-0.025,-0.012,,,-31.508,-10.546,-31.504,0.221
2026,2,2026_02_NO_BAL,BAL,NO,Durham Smythe,TE,,0,0,0,0,1,0,0,0.034,0.000,0.550,27.000,8.500,0,10.000,56.881,0.411,0.000,0.000,,,0.000,0.000,0.000,,1.061,0.775,4.537,0.032,0.017,4.489,0.336,102,0,0,0,0.710,0.000,0.000,0.000,0.005,0.000,0.421,1.000,1.112,0.000,1.179,00-0034796,0.042,1.000,4.000,1,,,,,,,,,,,,,0.023,0.000,,,,,9.693,0.000,0.000,-3.859,-0.000,194.003,105.881,117.882,50.929,25.120,-0.025,-0.012,,,-31.508,-10.546,-31.504,0.221
2026,2,2026_02_NO_BAL,BAL,NO,Mark Andrews,TE,TE1,0,0,0,0,7,6,49,0.241,0.000,0.710,27.000,8.500,0,10.000,56.881,0.411,0.000,0.000,,,0.394,2.006,0.012,,4.270,2.847,27.507,0.192,0.172,6.348,0.588,131,0,0,0,0.710,0.000,0.000,0.000,0.005,0.000,0.421,1.000,1.112,0.394,4.747,00-0034796,0.191,4.354,28.083,105,3.005,4.968,8.088,0.156,64.180,,,,,,,,0.055,0.004,,,,,31.974,1.096,0.000,-4.466,0.910,194.003,105.881,117.882,50.929,25.120,-0.025,-0.012,35.653,0.944,-31.508,-10.546,-31.504,0.221
2026,2,2026_02_NO_BAL,BAL,NO,Chris Moore,WR,WR2,0,0,0,0,3,1,6,0.103,0.000,0.550,27.000,8.500,0,10.000,56.881,0.411,0.000,0.000,,,0.058,0.632,0.003,,2.229,1.152,25.610,0.086,0.159,13.228,0.471,78,0,0,0,0.710,0.000,0.000,0.000,0.005,0.000,0.421,1.000,1.112,0.058,2.478,00-0034796,0.032,0.844,10.837,18,,,,,,,,,,,,,0.116,0.008,,,,,26.247,0.504,0.000,5.053,0.391,194.003,105.881,117.882,50.929,25.120,-0.025,-0.012,34.263,0.876,-31.508,-10.546,-31.504,0.221
2026,2,2026_02_NO_BAL,BAL,NO,Devontez Walker,WR,WR3,0,0,0,0,2,1,47,0.069,0.000,0.290,27.000,8.500,0,10.000,56.881,0.411,0.000,0.000,,,0.000,0.000,0.000,,1.059,0.701,16.446,0.050,0.101,17.741,0.281,12,0,0,0,0.710,0.000,0.000,0.000,0.005,0.000,0.421,1.000,1.112,0.000,1.177,00-0034796,0.055,1.156,17.892,10,,,,,,,,,,,,,0.000,0.000,,,,,16.126,0.000,0.000,8.294,0.000,194.003,105.881,117.882,50.929,25.120,-0.025,-0.012,17.025,0.744,-31.508,-10.546,-31.504,0.221
2026,2,2026_02_NO_BAL,BAL,NO,LaJohntay Wester,WR,,0,0,0,0,2,1,14,0.069,0.000,0.530,27.000,8.500,0,10.000,56.881,0.411,0.000,0.000,,,0.000,0.000,0.000,,0.344,0.344,2.578,0.014,0.007,7.500,0.126,16,0,0,0,0.710,0.000,0.000,0.000,0.005,0.000,0.421,1.000,1.112,0.000,0.382,00-0034796,0.015,0.364,2.727,12,,,,,,,,,,,,,0.000,0.000,,,,,16.190,0.000,0.000,-1.190,0.000,194.003,105.881,117.882,50.929,25.120,-0.025,-0.012,,,-31.508,-10.546,-31.504,0.221
2026,2,2026_02_NO_BAL,BAL,NO,Rashod Bateman,WR,WR1,0,0,0,0,9,7,88,0.310,0.000,0.930,27.000,8.500,0,10.000,56.881,0.411,0.000,0.000,,,0.000,0.002,0.000,,2.314,1.108,13.884,0.094,0.142,4.752,0.697,68,0,0,0,0.710,0.000,0.000,0.000,0.005,0.000,0.421,1.000,1.112,0.000,2.572,00-0034796,0.108,2.774,17.533,57,,,,,,,,,,,,,0.072,0.000,,,,,19.731,0.001,0.000,-5.848,0.001,194.003,105.881,117.882,50.929,25.120,-0.025,-0.012,55.197,1.027,-31.508,-10.546,-31.504,0.221
2026,2,2026_02_DET_BUF,BUF,DET,Josh Allen,QB,,31,248,14,69,0,0,0,0.000,0.389,1.000,30.000,5.500,0,4.000,61.980,0.501,30.648,252.240,8.246,5.527,8.152,37.390,0.276,4.570,0.000,0.000,0.012,0.000,-0.000,,0.993,143,0,0,0,0.000,0.000,0.000,0.000,0.000,0.000,0.000,1.000,1.000,8.152,0.000,00-0034857,,,,0,,,,,,,,,2.862,9.182,1.834,-0.616,,,3.065,1.528,0.273,0.181,0.000,29.961,233.661,0.000,7.429,264.227,94.530,170.830,64.262,27.518,-0.012,-0.003,,,-28.604,10.168,-28.606,0.426
2026,2,2026_02_DET_BUF,BUF,DET,James Cook,RB,RB1,0,0,21,135,3,1,4,0.107,0.583,0.740,30.000,5.500,0,4.000,61.980,0.501,0.000,0.000,,,16.827,80.262,0.560,4.967,2.709,1.915,14.311,0.091,0.006,6.074,0.567,77,0,0,0,0.000,0.000,0.000,0.000,0.000,0.000,0.000,1.000,1.000,16.827,2.709,00-0034857,0.100,2.970,15.997,74,,,,,,3.644,27.563,0.624,,,,,0.129,0.115,3.158,1.788,0.845,,16.897,70.990,0.000,-2.586,9.272,264.227,94.530,170.830,64.262,27.518,-0.012,-0.003,62.908,1.110,-28.604,10.168,-28.606,0.426
2026,2,2026_02_DET_BUF,BUF,DET,Ray Davis,RB,,0,0,0,0,0,0,0,0.000,0.000,0.140,30.000,5.500,0,4.000,61.980,0.501,0.000,0.000,,,3.246,19.570,0.084,3.743,0.857,0.804,10.047,0.030,-0.003,,0.217,41,0,0,0,0.000,0.000,0.000,0.000,0.000,0.000,0.000,1.000,1.000,3.246,0.857,00-0034857,0.026,0.736,8.557,38,,,,,,,,,,,,,,,2.240,1.509,0.415,,5.713,19.882,0.000,2.743,5.283,264.227,94.530,170.830,64.262,27.518,-0.012,-0.003,,,-28.604,10.168,-28.606,0.426
2026,2,2026_02_DET_BUF,BUF,DET,Dalton Kincaid,TE,TE1,0,0,0,0,8,7,95,0.286,0.000,0.660,30.000,5.500,0,4.000,61.980,0.501,0.000,0.000,,,0.000,0.000,0.000,,4.553,3.637,59.073,0.153,0.189,11.829,0.436,50,0,0,0,0.000,0.000,0.000,0.000,0.000,0.000,0.000,1.000,1.000,0.000,4.553,00-0034857,0.157,4.639,58.239,48,3.274,6.034,9.380,1.479,77.916,,,,,,,,0.026,0.351,,,,,40.563,0.000,0.000,18.510,0.000,264.227,94.530,170.830,64.262,27.518,-0.012,-0.003,46.658,1.211,-28.604,10.168,-28.606,0.426
2026,2,2026_02_DET_BUF,BUF,DET,Dawson Knox,TE,,0,0,0,0,2,2,5,0.071,0.000,0.760,30.000,5.500,0,4.000,61.980,0.501,0.000,0.000,,,0.000,0.000,0.000,,3.154,2.485,26.082,0.105,0.104,8.522,0.574,113,0,0,0,0.000,0.000,0.000,0.000,0.000,0.000,0.000,1.000,1.000,0.000,3.154,00-0034857,0.111,3.305,26.658,111,,,,,,,,,,,,,0.036,0.000,,,,,22.294,0.000,0.000,3.789,0.000,264.227,94.530,170.830,64.262,27.518,-0.012,-0.003,,,-28.604,10.168,-28.606,0.426
2026,2,2026_02_DET_BUF,BUF,DET,Keleki Latu,TE,,0,0,0,0,0,0,0,0.000,0.000,0.080,30.000,5.500,0,4.000,61.980,0.501,0.000,0.000,,,0.000,0.000,0.000,,0.992,0.992,9.052,0.035,0.013,,0.272,5,0,0,0,0.000,0.000,0.000,0.000,0.000,0.000,0.000,1.000,1.000,0.000,0.992,00-0034857,0.009,0.278,1.110,3,,,,,,,,,,,,,,,,,,,,,,,,264.227,94.530,170.830,64.262,27.518,-0.012,-0.003,,,-28.604,10.168,-28.606,0.426
2026,2,2026_02_DET_BUF,BUF,DET,DJ Moore,WR,WR2,0,0,1,-1,0,0,0,0.000,0.028,0.310,30.000,5.500,0,4.000,61.980,0.501,0.022,0.040,,,0.548,2.713,0.018,,6.040,3.752,52.206,0.183,0.227,7.730,0.829,135,0,0,0,0.000,0.000,0.000,0.000,0.000,0.000,0.000,1.000,1.000,0.548,6.040,00-0034857,0.286,8.000,100.000,1,3.299,7.231,12.665,0.911,68.294,,,,,,,,0.057,0.058,,,,,52.766,3.097,0.034,-0.850,-0.385,264.227,94.530,170.830,64.262,27.518,-0.012,-0.003,38.241,0.856,-28.604,10.168,-28.606,0.426
2026,2,2026_02_DET_BUF,BUF,DET,Greg Dortch,WR,,0,0,0,0,0,0,0,0.000,0.000,0.050,30.000,5.500,0,4.000,61.980,0.501,0.000,0.000,,,0.560,0.795,0.025,,2.729,2.312,19.166,0.065,0.019,,0.325,70,0,0,0,0.000,0.000,0.000,0.000,0.000,0.000,0.000,1.000,1.000,0.560,2.729,00-0034857,0.000,0.000,0.000,1,,,,,,,,,,,,,,,,,,,,,,,,264.227,94.530,170.830,64.262,27.518,-0.012,-0.003,,,-28.604,10.168,-28.606,0.426
2026,2,2026_02_DET_BUF,BUF,DET,Josh Palmer,WR,,0,0,0,0,3,1,43,0.107,0.000,0.380,30.000,5.500,0,4.000,61.980,0.501,0.000,0.000,,,0.001,0.008,0.000,,2.830,1.558,22.499,0.097,0.133,8.752,0.511,71,0,0,0,0.000,0.000,0.000,0.000,0.000,0.000,0.000,1.000,1.000,0.001,2.830,00-0034857,0.087,2.511,23.504,12,,,,,,,,,,,,,0.003,0.001,,,,,24.541,0.009,0.000,-2.079,-0.002,264.227,94.530,170.830,64.262,27.518,-0.012,-0.003,,,-28.604,10.168,-28.606,0.426
2026,2,2026_02_DET_BUF,BUF,DET,Keon Coleman,WR,WR3,0,0,0,0,6,6,63,0.214,0.000,0.740,30.000,5.500,0,4.000,61.980,0.501,0.000,0.000,,,0.007,0.064,0.000,,3.273,1.902,23.082,0.110,0.164,8.830,0.564,32,0,0,0,0.000,0.000,0.000,0.000,0.000,0.000,0.000,1.000,1.000,0.007,3.273,00-0034857,0.110,3.266,20.951,29,,,,,,,,,,,,,0.094,0.027,,,,,26.266,0.050,0.000,-3.184,0.014,264.227,94.530,170.830,64.262,27.518,-0.012,-0.003,,,-28.604,10.168,-28.606,0.426
2026,2,2026_02_DET_BUF,BUF,DET,Khalil Shakir,WR,WR1,0,0,0,0,6,3,38,0.214,0.000,0.490,30.000,5.500,0,4.000,61.980,0.501,0.000,0.000,,,0.015,0.074,0.001,,6.983,5.613,52.324,0.232,0.085,7.258,0.612,68,0,0,0,0.000,0.000,0.000,0.000,0.000,0.000,0.000,1.000,1.000,0.015,6.983,00-0034857,0.232,6.983,52.324,67,3.746,7.213,3.666,1.588,81.037,,,,,,,,0.028,0.609,,,,,42.673,0.097,0.000,6.747,-0.023,264.227,94.530,170.830,64.262,27.518,-0.012,-0.003,81.955,1.110,-28.604,10.168,-28.606,0.426
2026,2,2026_02_CAR_ATL,CAR,ATL,Bryce Young,QB,,36,287,1,6,0,0,0,0.000,0.045,0.940,23.000,2.500,1,0.000,56.081,0.572,31.738,225.616,6.899,1.182,3.628,16.352,0.155,4.182,0.000,0.000,0.000,0.000,0.000,,0.972,49,0,0,0,0.000,0.000,0.000,0.768,0.000,0.000,0.000,1.000,1.000,3.628,0.000,00-0039150,,,,0,,,,,,,,,2.939,13.666,1.192,-1.013,,,3.685,0.499,0.108,0.292,0.000,15.927,223.787,0.000,0.425,240.998,90.768,144.099,65.768,30.958,-0.030,0.003,,,-24.097,2.170,-24.089,0.334
2026,2,2026_02_CAR_ATL,CAR,ATL,Kenny Pickett,QB,,0,0,1,-4,0,0,0,0.000,0.045,0.060,23.000,2.500,1,0.000,56.081,0.572,7.811,39.298,3.599,-3.306,1.414,6.848,0.060,6.370,0.000,0.000,0.000,0.000,0.000,,0.313,40,0,0,0,0.000,0.000,0.000,0.768,0.000,0.000,0.000,1.000,1.000,1.414,0.000,00-0039150,,,,0,,,,,,,,,,,,,,,5.877,0.496,0.113,0.225,0.000,5.352,47.143,0.000,1.496,240.998,90.768,144.099,65.768,30.958,-0.030,0.003,,,-24.097,2.170,-24.089,0.334
2026,2,2026_02_CAR_ATL,CAR,ATL,AJ Dillon,RB,,0,0,3,-3,0,0,0,0.000,0.136,0.060,23.000,2.500,1,0.000,56.081,0.572,0.000,0.000,,,5.065,20.883,0.204,4.322,0.867,0.759,6.603,0.026,0.004,,0.211,69,0,0,0,0.000,0.000,0.000,0.768,0.000,0.000,0.000,1.000,1.000,5.065,0.867,00-0039150,0.000,0.000,0.000,1,,,,,,,,,,,,,,,2.036,2.280,0.456,,4.764,22.258,0.000,1.839,-1.375,240.998,90.768,144.099,65.768,30.958,-0.030,0.003,,,-24.097,2.170,-24.089,0.334
2026,2,2026_02_CAR_ATL,CAR,ATL,Chuba Hubbard,RB,RB1,0,0,12,53,2,2,11,0.062,0.545,0.650,23.000,2.500,1,0.000,56.081,0.572,0.000,0.000,,,8.976,36.145,0.378,3.915,2.643,2.134,16.409,0.090,-0.047,6.390,0.513,80,0,0,0,0.000,0.000,0.000,0.768,0.000,0.000,0.000,1.000,1.000,8.976,2.643,00-0039150,0.092,2.700,16.826,42,,,,,,3.944,21.471,0.219,,,,,0.092,0.283,2.429,1.485,0.344,,13.375,37.418,0.000,3.033,-1.272,240.998,90.768,144.099,65.768,30.958,-0.030,0.003,64.772,1.270,-24.097,2.170,-24.089,0.334
2026,2,2026_02_CAR_ATL,CAR,ATL,Jonathon Brooks,RB,,0,0,5,16,1,1,-5,0.031,0.227,0.300,23.000,2.500,1,0.000,56.081,0.572,0.000,0.000,,,3.269,9.027,0.148,1.648,1.311,0.993,20.449,0.035,0.022,16.539,0.134,5,0,0,0,0.000,0.000,0.000,0.768,0.000,0.000,0.000,1.000,1.000,3.269,1.311,00-0039150,0.035,1.311,20.449,4,,,,,,,,,,,,,0.000,0.000,0.482,1.166,0.225,,8.371,13.541,0.000,12.078,-4.514,240.998,90.768,144.099,65.768,30.958,-0.030,0.003,,,-24.097,2.170,-24.089,0.334
2026,2,2026_02_CAR_ATL,CAR,ATL,Darren Waller,TE,TE1,0,0,0,0,3,3,33,0.094,0.000,0.440,23.000,2.500,1,0.000,56.081,0.572,0.000,0.000,,,0.080,0.318,0.002,,4.006,2.801,32.032,0.148,0.194,8.074,0.465,79,0,0,0,0.000,0.000,0.000,0.768,0.000,0.000,0.000,1.000,1.000,0.080,4.006,00-0039150,0.059,2.000,28.000,1,,,,,,,,,,,,,0.013,0.003,,,,,32.011,0.505,0.000,2.416,-0.187,240.998,90.768,144.099,65.768,30.958,-0.030,0.003,37.855,1.014,-24.097,2.170,-24.089,0.334
2026,2,2026_02_CAR_ATL,CAR,ATL,Feleipe Franks,TE,,0,0,0,0,0,0,0,0.000,0.000,0.060,23.000,2.500,1,0.000,56.081,0.572,0.002,0.000,,,0.145,0.279,0.005,,0.057,0.024,0.286,0.002,0.003,,0.035,30,0,0,0,0.000,0.000,0.000,0.768,0.000,0.000,0.000,1.000,1.000,0.145,0.057,00-0039150,0.009,0.350,2.285,7,,,,,,,,,,,,,,,,,,,,,,,,240.998,90.768,144.099,65.768,30.958,-0.030,0.003,,,-24.097,2.170,-24.089,0.334
2026,2,2026_02_CAR_ATL,CAR,ATL,Mitchell Evans,TE,,0,0,0,0,1,1,13,0.031,0.000,0.580,23.000,2.500,1,0.000,56.081,0.572,0.000,0.000,,,0.101,0.101,0.004,,1.765,1.098,8.965,0.062,0.023,4.641,0.424,17,0,0,0,0.000,0.000,0.000,0.768,0.000,0.000,0.000,1.000,1.000,0.101,1.765,00-0039150,0.062,1.765,8.965,16,,,,,,,,,,,,,0.051,0.000,,,,,10.549,0.264,0.000,-0.630,-0.161,240.998,90.768,144.099,65.768,30.958,-0.030,0.003,,,-24.097,2.170,-24.089,0.334
2026,2,2026_02_CAR_ATL,CAR,ATL,Tommy Tremble,TE,,0,0,0,0,2,1,4,0.062,0.000,0.560,23.000,2.500,1,0.000,56.081,0.572,0.000,0.000,,,0.000,0.000,0.000,,2.899,2.077,19.385,0.099,0.061,6.543,0.651,73,0,0,0,0.000,0.000,0.000,0.768,0.000,0.000,0.000,1.000,1.000,0.000,2.899,00-0039150,0.102,2.969,19.919,38,2.776,5.722,6.351,1.309,58.628,,,,,,,,0.041,0.168,,,,,18.251,0.000,0.000,1.138,0.000,240.998,90.768,144.099,65.768,30.958,-0.030,0.003,,,-24.097,2.170,-24.089,0.334
2026,2,2026_02_CAR_ATL,CAR,ATL,Brycen Tremayne,WR,,0,0,0,0,0,0,0,0.000,0.000,0.170,23.000,2.500,1,0.000,56.081,0.572,0.000,0.000,,,0.000,0.000,0.000,,0.776,0.497,5.740,0.026,0.050,,0.179,20,0,0,0,0.000,0.000,0.000,0.768,0.000,0.000,0.000,1.000,1.000,0.000,0.776,00-0039150,0.027,0.825,6.225,16,,,,,,,,,,,,,,,,,,,,,,,,240.998,90.768,144.099,65.768,30.958,-0.030,0.003,,,-24.097,2.170,-24.089,0.334
2026,2,2026_02_CAR_ATL,CAR,ATL,Jalen Coker,WR,WR2,0,0,0,0,9,8,66,0.281,0.000,0.760,23.000,2.500,1,0.000,56.081,0.572,0.017,0.323,,,0.000,0.000,0.000,,6.180,4.953,69.261,0.205,0.258,10.543,0.777,25,0,0,0,0.000,0.000,0.000,0.768,0.000,0.000,0.000,1.000,1.000,0.000,6.180,00-0039150,0.207,6.268,70.237,19,2.543,5.816,11.655,0.734,73.630,,,,,,,,0.000,0.220,,,,,50.362,0.000,0.201,18.899,0.000,240.998,90.768,144.099,65.768,30.958,-0.030,0.003,40.048,1.273,-24.097,2.170,-24.089,0.334
2026,2,2026_02_CAR_ATL,CAR,ATL,John Metchie III,WR,WR3,0,0,0,0,0,0,0,0.000,0.000,0.110,23.000,2.500,1,0.000,56.081,0.572,0.000,0.000,,,0.205,-0.009,0.007,,4.373,2.859,24.723,0.153,0.141,6.379,0.681,41,0,0,0,0.000,0.000,0.000,0.768,0.000,0.000,0.000,1.000,1.000,0.205,4.373,00-0039150,,,,0,,,,,,,,,,,,,0.042,0.080,,,,,27.428,1.343,0.000,-2.175,-1.348,240.998,90.768,144.099,65.768,30.958,-0.030,0.003,30.127,1.480,-24.097,2.170,-24.089,0.334
2026,2,2026_02_CAR_ATL,CAR,ATL,Tetairoa McMillan,WR,WR1,0,0,0,0,10,5,101,0.312,0.000,0.800,23.000,2.500,1,0.000,56.081,0.572,0.000,0.000,,,0.000,0.000,0.000,,6.789,4.041,62.176,0.232,0.442,9.319,0.859,20,0,0,0,0.000,0.000,0.000,0.768,0.000,0.000,0.000,1.000,1.000,0.000,6.789,00-0039150,0.227,6.713,61.112,18,2.661,6.421,13.126,-0.490,61.284,,,,,,,,0.068,0.027,,,,,57.269,0.000,0.000,4.790,0.000,240.998,90.768,144.099,65.768,30.958,-0.030,0.003,53.025,0.952,-24.097,2.170,-24.089,0.334
2026,2,2026_02_CAR_ATL,CAR,ATL,Xavier Legette,WR,,0,0,0,0,4,2,64,0.125,0.000,0.500,23.000,2.500,1,0.000,56.081,0.572,0.000,0.000,,,0.026,0.048,0.001,,3.455,1.661,16.957,0.116,0.156,4.045,0.569,33,0,0,0,0.000,0.000,0.000,0.768,0.000,0.000,0.000,1.000,1.000,0.026,3.455,00-0039150,0.118,3.529,17.310,26,,,,,,,,,,,,,0.092,0.148,,,,,26.088,0.186,0.000,-9.131,-0.138,240.998,90.768,144.099,65.768,30.958,-0.030,0.003,,,-24.097,2.170,-24.089,0.334
2026,2,2026_02_MIN_CHI,CHI,MIN,Caleb Williams,QB,,26,138,5,42,0,0,0,0.000,0.161,0.860,25.500,4.500,0,8.000,67.303,0.540,36.014,257.418,7.222,6.430,4.987,29.433,0.157,5.440,0.040,0.040,0.438,0.001,-0.000,,0.998,38,0,0,0,0.000,0.000,0.000,0.000,0.000,0.000,0.000,1.000,1.000,4.987,0.040,00-0039918,,,,0,,,,,,,,,3.169,11.404,-3.550,0.620,,,4.262,1.167,0.130,0.265,0.078,27.013,278.218,0.360,2.420,191.159,96.850,132.748,43.532,14.868,-0.069,-0.044,,,-9.748,-17.832,-9.749,0.190
2026,2,2026_02_MIN_CHI,CHI,MIN,Tyson Bagent,QB,,9,54,0,0,0,0,0,0.000,0.000,0.140,25.500,4.500,0,8.000,67.303,0.540,8.079,52.181,9.180,-1.231,2.042,6.216,0.064,,0.000,0.000,0.000,0.000,0.000,,0.271,12,0,0,0,0.000,0.000,0.000,0.000,0.000,0.000,0.000,1.000,1.000,2.042,0.000,00-0039918,,,,0,,,,,,,,,,,,,,,,,,0.260,0.000,6.333,51.654,0.000,-0.117,191.159,96.850,132.748,43.532,14.868,-0.069,-0.044,,,-9.748,-17.832,-9.749,0.190
2026,2,2026_02_MIN_CHI,CHI,MIN,D'Andre Swift,RB,RB1,0,0,16,45,5,5,54,0.167,0.516,0.680,25.500,4.500,0,8.000,67.303,0.540,0.000,0.000,,,14.706,74.510,0.478,4.949,1.897,1.448,14.849,0.059,0.003,8.379,0.570,94,0,0,0,0.000,0.000,0.000,0.000,0.000,0.000,0.000,1.000,1.000,14.706,1.897,00-0039918,0.059,1.896,14.851,36,,,,,,3.810,20.377,0.478,,,,,0.068,0.240,2.952,1.986,0.775,,12.348,61.985,-0.000,1.785,12.526,191.159,96.850,132.748,43.532,14.868,-0.069,-0.044,53.481,1.166,-9.748,-17.832,-9.749,0.190
2026,2,2026_02_MIN_CHI,CHI,MIN,Kyle Monangai,RB,,0,0,10,47,2,2,11,0.067,0.323,0.340,25.500,4.500,0,8.000,67.303,0.540,0.000,0.000,,,10.438,51.478,0.331,4.788,2.435,1.751,18.153,0.072,0.005,7.947,0.425,21,0,0,0,0.000,0.000,0.000,0.000,0.000,0.000,0.000,1.000,1.000,10.438,2.435,00-0039918,0.072,2.435,18.153,20,,,,,,3.736,23.002,0.992,,,,,0.119,0.056,2.233,2.539,0.113,,15.437,43.775,0.000,2.716,7.703,191.159,96.850,132.748,43.532,14.868,-0.069,-0.044,,,-9.748,-17.832,-9.749,0.190
2026,2,2026_02_MIN_CHI,CHI,MIN,Cole Kmet,TE,,0,0,0,0,1,0,0,0.033,0.000,0.690,25.500,4.500,0,8.000,67.303,0.540,0.020,0.000,,,0.113,0.113,0.004,,2.879,1.930,22.240,0.091,0.077,7.429,0.691,102,0,0,0,0.000,0.000,0.000,0.000,0.000,0.000,0.000,1.000,1.000,0.113,2.879,00-0039918,0.090,2.872,22.177,35,,,,,,,,,,,,,0.016,0.125,,,,,21.511,0.742,0.235,0.872,-0.629,191.159,96.850,132.748,43.532,14.868,-0.069,-0.044,,,-9.748,-17.832,-9.749,0.190
2026,2,2026_02_MIN_CHI,CHI,MIN,Colston Loveland,TE,TE1,0,0,0,0,3,1,3,0.100,0.000,0.860,25.500,4.500,0,8.000,67.303,0.540,0.000,0.000,,,0.058,-0.117,0.002,,7.479,4.326,57.056,0.213,0.221,6.674,0.750,20,0,0,0,0.000,0.000,0.000,0.000,0.000,0.000,0.000,1.000,1.000,0.058,7.479,00-0039918,0.213,7.479,57.056,19,,,,,,,,,,,,,0.030,0.096,,,,,64.203,0.193,0.000,-7.148,-0.310,191.159,96.850,132.748,43.532,14.868,-0.069,-0.044,26.061,0.601,-9.748,-17.832,-9.749,0.190
2026,2,2026_02_MIN_CHI,CHI,MIN,Sam Roush,TE,,0,0,0,0,3,1,9,0.100,0.000,0.270,25.500,4.500,0,8.000,67.303,0.540,,,,,,,,,,,,,,,,1,0,0,0,0.000,0.000,0.000,0.000,0.000,0.000,0.000,1.000,1.000,,,00-0039918,,,,0,,,,,,,,,,,,,,,,,,,,,,,,191.159,96.850,132.748,43.532,14.868,-0.069,-0.044,,,-9.748,-17.832,-9.749,0.190
2026,2,2026_02_MIN_CHI,CHI,MIN,Kalif Raymond,WR,WR3,0,0,0,0,5,5,40,0.167,0.000,0.620,25.500,4.500,0,8.000,67.303,0.540,0.000,0.000,,,0.069,0.582,0.002,,3.335,2.862,35.694,0.108,0.073,10.721,0.343,106,0,0,0,0.000,0.000,0.000,0.000,0.000,0.000,0.000,1.000,1.000,0.069,3.335,00-0039918,0.346,9.000,84.000,1,3.669,6.991,8.632,-0.284,76.395,,,,,,,,0.000,0.040,,,,,27.400,0.637,0.000,10.490,0.117,191.159,96.850,132.748,43.532,14.868,-0.069,-0.044,35.546,1.385,-9.748,-17.832,-9.749,0.190
2026,2,2026_02_MIN_CHI,CHI,MIN,Luther Burden III,WR,WR2,0,0,0,0,7,3,32,0.233,0.000,0.570,25.500,4.500,0,8.000,67.303,0.540,0.000,0.000,,,0.706,1.867,0.023,2.948,5.625,3.941,52.097,0.170,0.136,9.081,0.551,19,0,0,0,0.000,0.000,0.000,0.000,0.000,0.000,0.000,1.000,1.000,0.706,5.625,00-0039918,0.170,5.625,52.097,18,3.936,7.735,8.050,1.643,69.802,,,,,,,,0.071,0.376,1.750,1.198,0.050,,42.090,4.337,0.000,10.007,-2.470,191.159,96.850,132.748,43.532,14.868,-0.069,-0.044,28.388,0.522,-9.748,-17.832,-9.749,0.190
2026,2,2026_02_MIN_CHI,CHI,MIN,Rome Odunze,WR,WR1,0,0,0,0,4,3,43,0.133,0.000,0.840,25.500,4.500,0,8.000,67.303,0.540,0.000,0.000,,,0.005,0.029,0.000,,6.137,2.683,46.596,0.185,0.299,8.084,0.761,33,0,0,0,0.000,0.000,0.000,0.000,0.000,0.000,0.000,1.000,1.000,0.005,6.137,00-0039918,0.185,6.137,46.596,32,,,,,,,,,,,,,0.033,0.503,,,,,57.400,0.033,0.000,-10.805,-0.004,191.159,96.850,132.748,43.532,14.868,-0.069,-0.044,63.787,1.027,-9.748,-17.832,-9.749,0.190
2026,2,2026_02_MIN_CHI,CHI,MIN,Zavion Thomas,WR,,0,0,0,0,0,0,0,0.000,0.000,0.030,25.500,4.500,0,8.000,67.303,0.540,,,,,,,,,,,,,,,,1,0,0,0,0.000,0.000,0.000,0.000,0.000,0.000,0.000,1.000,1.000,,,00-0039918,,,,0,,,,,,,,,,,,,,,,,,,,,,,,191.159,96.850,132.748,43.532,14.868,-0.069,-0.044,,,-9.748,-17.832,-9.749,0.190
2026,2,2026_02_CIN_HOU,CIN,HOU,Joe Burrow,QB,,31,207,1,-1,0,0,0,0.000,0.043,1.000,21.250,-3.000,1,0.000,63.301,0.598,35.508,259.325,7.336,4.361,2.457,9.515,0.092,3.903,0.000,0.000,0.000,0.000,0.000,,0.935,86,1,0,0,0.000,0.000,0.000,0.000,0.505,0.000,0.000,1.000,1.000,2.457,0.000,00-0036442,,,,0,,,,,,,,,2.709,14.226,4.654,-1.115,,,3.637,0.274,0.000,0.213,0.000,10.203,255.934,0.000,-0.688,223.460,72.471,140.566,57.573,27.351,-0.073,-0.037,,,-2.785,-15.417,-2.784,0.315
2026,2,2026_02_CIN_HOU,CIN,HOU,Chase Brown,RB,RB1,0,0,20,80,5,3,2,0.161,0.870,0.700,21.250,-3.000,1,0.000,63.301,0.598,0.000,0.000,,,14.797,66.886,0.587,4.523,5.368,4.379,28.205,0.147,-0.000,5.901,0.663,47,0,0,0,0.000,0.000,0.000,0.000,0.505,0.000,0.000,1.000,1.000,14.797,5.368,00-0036442,0.137,4.927,27.375,29,,,,,,4.318,20.883,0.334,,,,,0.032,0.655,2.749,1.776,1.086,,31.286,62.948,0.000,-4.685,3.947,223.460,72.471,140.566,57.573,27.351,-0.073,-0.037,47.775,0.740,-2.785,-15.417,-2.784,0.315
2026,2,2026_02_CIN_HOU,CIN,HOU,Samaje Perine,RB,,0,0,2,6,1,1,16,0.032,0.087,0.400,21.250,-3.000,1,0.000,63.301,0.598,0.000,0.000,,,6.208,26.140,0.243,4.310,1.983,1.679,11.665,0.057,-0.009,6.092,0.353,112,0,1,0,0.000,0.000,0.000,0.000,0.505,0.000,0.000,1.000,1.000,6.208,1.983,00-0036442,0.075,2.594,13.786,52,,,,,,,,,,,,,0.032,0.120,2.463,1.864,0.256,,11.966,26.412,0.000,-0.152,-0.221,223.460,72.471,140.566,57.573,27.351,-0.073,-0.037,,,-2.785,-15.417,-2.784,0.315
2026,2,2026_02_CIN_HOU,CIN,HOU,Erick All,TE,TE1,0,0,0,0,3,2,5,0.097,0.000,0.420,21.250,-3.000,1,0.000,63.301,0.598,0.000,0.000,,,0.000,0.000,0.000,,2.431,2.155,19.287,0.077,0.043,7.892,0.413,9,0,0,0,0.000,0.000,0.000,0.000,0.505,0.000,0.000,1.000,1.000,0.000,2.431,00-0036442,,,,0,,,,,,,,,,,,,0.150,0.089,,,,,16.963,0.000,0.000,2.324,0.000,223.460,72.471,140.566,57.573,27.351,-0.073,-0.037,45.328,1.033,-2.785,-15.417,-2.784,0.315
2026,2,2026_02_CIN_HOU,CIN,HOU,Andrei Iosivas,WR,WR3,0,0,0,0,1,1,7,0.032,0.000,0.530,21.250,-3.000,1,0.000,63.301,0.598,0.000,0.000,,,0.095,0.441,0.005,,3.436,2.140,23.476,0.095,0.118,7.360,0.701,45,0,0,0,0.000,0.000,0.000,0.000,0.505,0.000,0.000,1.000,1.000,0.095,3.436,00-0036442,0.085,3.071,21.507,30,,,,,,,,,,,,,0.047,0.017,,,,,27.226,0.644,0.000,-3.743,-0.203,223.460,72.471,140.566,57.573,27.351,-0.073,-0.037,35.606,1.032,-2.785,-15.417,-2.784,0.315
2026,2,2026_02_CIN_HOU,CIN,HOU,Colbie Young,WR,,0,0,0,0,1,1,7,0.032,0.000,0.170,21.250,-3.000,1,0.000,63.301,0.598,,,,,,,,,,,,,,,,1,0,0,0,0.000,0.000,0.000,0.000,0.505,0.000,0.000,1.000,1.000,,,00-0036442,,,,0,,,,,,,,,,,,,,,,,,,,,,,,223.460,72.471,140.566,57.573,27.351,-0.073,-0.037,,,-2.785,-15.417,-2.784,0.315
2026,2,2026_02_CIN_HOU,CIN,HOU,Dohnte Meyers,WR,,0,0,0,0,1,0,0,0.032,0.000,0.180,21.250,-3.000,1,0.000,63.301,0.598,0.000,0.000,,,1.000,10.000,0.037,10.000,1.000,1.000,18.000,0.029,0.009,18.000,0.160,2,0,0,0,0.000,0.000,0.000,0.000,0.505,0.000,0.000,1.000,1.000,1.000,1.000,00-0036442,0.029,1.000,18.000,1,,,,,,,,,,,,,0.000,0.000,0.000,10.000,0.000,,6.790,6.770,0.000,11.210,3.230,223.460,72.471,140.566,57.573,27.351,-0.073,-0.037,,,-2.785,-15.417,-2.784,0.315
2026,2,2026_02_CIN_HOU,CIN,HOU,Ja'Marr Chase,WR,WR1,0,0,0,0,9,7,75,0.290,0.000,0.880,21.250,-3.000,1,0.000,63.301,0.598,0.000,-0.002,,,0.116,0.706,0.006,,10.257,6.915,77.993,0.283,0.329,7.179,0.937,87,0,0,0,0.000,0.000,0.000,0.000,0.505,0.000,0.000,1.000,1.000,0.116,10.257,00-0036442,0.271,9.844,78.719,70,,,,,,,,,,,,,0.013,0.350,,,,,78.327,0.731,0.000,-0.335,-0.025,223.460,72.471,140.566,57.573,27.351,-0.073,-0.037,42.505,0.798,-2.785,-15.417,-2.784,0.315
2026,2,2026_02_CIN_HOU,CIN,HOU,Tee Higgins,WR,WR2,0,0,0,0,10,5,95,0.323,0.000,0.720,21.250,-3.000,1,0.000,63.301,0.598,0.000,0.000,,,0.000,0.000,0.000,,6.805,4.303,62.684,0.189,0.379,10.128,0.763,91,0,0,0,0.000,0.000,0.000,0.000,0.505,0.000,0.000,1.000,1.000,0.000,6.805,00-0036442,0.206,7.204,66.062,69,1.899,5.700,13.859,1.014,62.134,,,,,,,,0.021,0.370,,,,,60.789,0.000,0.000,1.895,-0.000,223.460,72.471,140.566,57.573,27.351,-0.073,-0.037,49.139,1.305,-2.785,-15.417,-2.784,0.315
2026,2,2026_02_CLE_TB,CLE,TB,Deshaun Watson,QB,,30,238,7,22,0,0,0,0.000,0.304,1.000,16.500,-8.500,0,4.000,52.699,0.532,27.309,176.477,6.623,-5.262,4.617,22.993,0.193,4.651,0.000,0.000,0.001,0.000,0.000,,0.875,71,0,0,0,0.000,0.000,0.000,0.000,0.000,0.185,0.084,1.066,1.012,4.922,0.000,00-0033537,,,,0,,,,,,,,,3.024,15.613,0.586,-2.405,,,3.333,1.326,0.143,0.302,0.000,27.678,180.230,0.000,-4.685,249.812,77.656,135.673,71.016,43.625,0.018,-0.014,,,6.247,0.455,6.246,0.303
2026,2,2026_02_CLE_TB,CLE,TB,Jaleel McLaughlin,RB,,0,0,1,3,1,0,0,0.033,0.043,0.140,16.500,-8.500,0,4.000,52.699,0.532,0.000,0.000,,,5.151,24.927,0.204,4.450,1.143,0.672,3.715,0.039,-0.059,2.998,0.184,45,0,0,0,0.000,0.000,0.000,0.000,0.000,0.185,0.084,1.066,1.012,5.491,1.157,00-0033537,,,,0,,,,,,,,,,,,,0.138,0.148,2.505,1.970,0.704,,6.630,23.659,0.000,-2.915,1.269,249.812,77.656,135.673,71.016,43.625,0.018,-0.014,,,6.247,0.455,6.246,0.303
2026,2,2026_02_CLE_TB,CLE,TB,Quinshon Judkins,RB,RB1,0,0,12,21,5,5,27,0.167,0.522,0.670,16.500,-8.500,0,4.000,52.699,0.532,0.000,0.000,,,14.569,44.839,0.609,2.906,2.914,2.197,15.866,0.103,-0.010,5.543,0.537,16,0,0,0,0.000,0.000,0.000,0.000,0.000,0.185,0.084,1.066,1.012,15.531,2.949,00-0033537,0.091,2.000,17.000,1,,,,,,5.259,40.465,-0.417,,,,,0.025,0.178,1.351,1.576,0.486,,14.575,61.259,0.000,1.291,-16.420,249.812,77.656,135.673,71.016,43.625,0.018,-0.014,52.420,0.901,6.247,0.455,6.246,0.303
2026,2,2026_02_CLE_TB,CLE,TB,Raheim Sanders,RB,,0,0,2,4,1,1,7,0.033,0.087,0.190,16.500,-8.500,0,4.000,52.699,0.532,0.000,0.000,,,5.189,17.621,0.198,2.745,1.606,1.412,11.073,0.071,0.011,6.407,0.294,6,0,0,0,0.000,0.000,0.000,0.000,0.000,0.185,0.084,1.066,1.012,5.532,1.625,00-0033537,0.136,3.000,25.000,1,,,,,,,,,,,,,0.000,0.225,1.120,1.618,0.000,,9.579,19.539,0.000,1.494,-1.919,249.812,77.656,135.673,71.016,43.625,0.018,-0.014,,,6.247,0.455,6.246,0.303
2026,2,2026_02_CLE_TB,CLE,TB,Blake Whiteheart,TE,,0,0,0,0,2,1,17,0.067,0.000,0.470,16.500,-8.500,0,4.000,52.699,0.532,0.000,0.000,,,0.000,0.000,0.000,,0.831,0.376,3.316,0.032,0.023,3.906,0.390,18,0,0,0,0.000,0.000,0.000,0.000,0.000,0.185,0.084,1.066,1.012,0.000,0.841,00-0033537,0.068,1.914,13.543,2,,,,,,,,,,,,,0.000,0.000,,,,,7.442,0.000,0.000,-3.377,0.000,249.812,77.656,135.673,71.016,43.625,0.018,-0.014,,,6.247,0.455,6.246,0.303
2026,2,2026_02_CLE_TB,CLE,TB,Harold Fannin Jr.,TE,TE1,0,0,0,0,6,5,54,0.200,0.000,0.860,16.500,-8.500,0,4.000,52.699,0.532,0.000,0.000,,,0.412,0.676,0.018,,6.160,3.986,42.329,0.218,0.188,7.820,0.753,18,0,0,0,0.000,0.000,0.000,0.000,0.000,0.185,0.084,1.066,1.012,0.439,6.232,00-0033537,0.136,3.000,21.000,1,,,,,,,,,,,,,0.028,0.287,,,,,35.171,1.346,0.000,7.157,-0.671,249.812,77.656,135.673,71.016,43.625,0.018,-0.014,48.348,1.547,6.247,0.455,6.246,0.303
2026,2,2026_02_CLE_TB,CLE,TB,Denzel Boston,WR,WR3,0,0,0,0,7,5,95,0.233,0.000,0.930,16.500,-8.500,0,4.000,52.699,0.532,0.000,0.000,,,0.000,0.000,0.000,,4.000,2.000,59.000,0.182,0.500,14.750,0.920,2,0,0,0,0.000,0.000,0.000,0.000,0.000,0.185,0.084,1.066,1.012,0.000,4.047,00-0033537,0.182,4.000,59.000,1,,,,,,,,,,,,,0.000,0.000,,,,,29.370,0.000,0.000,29.630,0.000,249.812,77.656,135.673,71.016,43.625,0.018,-0.014,23.147,1.397,6.247,0.455,6.246,0.303
2026,2,2026_02_CLE_TB,CLE,TB,Isaiah Bond,WR,,0,0,0,0,1,1,10,0.033,0.000,0.070,16.500,-8.500,0,4.000,52.699,0.532,0.000,0.000,,,0.435,1.788,0.016,5.156,2.260,1.001,24.237,0.080,0.208,9.910,0.466,16,0,0,0,0.000,0.000,0.000,0.000,0.000,0.185,0.084,1.066,1.012,0.464,2.287,00-0033537,,,,0,,,,,,,,,,,,,0.029,0.031,2.879,2.276,0.000,,18.617,2.392,0.000,3.068,-0.605,249.812,77.656,135.673,71.016,43.625,0.018,-0.014,,,6.247,0.455,6.246,0.303
2026,2,2026_02_CLE_TB,CLE,TB,Jerry Jeudy,WR,WR2,0,0,0,0,1,0,0,0.033,0.000,0.590,16.500,-8.500,0,4.000,52.699,0.532,0.000,0.000,,,0.134,0.670,0.006,,5.573,2.926,34.189,0.211,0.338,6.169,0.820,93,0,0,0,0.000,0.000,0.000,0.000,0.000,0.185,0.084,1.066,1.012,0.143,5.639,00-0033537,0.176,5.173,36.813,7,,,,,,,,,,,,,0.033,0.001,,,,,44.430,0.925,0.000,-10.241,-0.255,249.812,77.656,135.673,71.016,43.625,0.018,-0.014,44.178,0.986,6.247,0.455,6.246,0.303
2026,2,2026_02_CLE_TB,CLE,TB,KC Concepcion,WR,WR1,0,0,1,-6,6,6,28,0.200,0.043,0.660,16.500,-8.500,0,4.000,52.699,0.532,0.000,0.000,,,3.000,15.000,0.136,5.000,5.000,4.000,43.000,0.227,0.276,8.600,0.690,2,0,0,0,0.000,0.000,0.000,0.000,0.000,0.185,0.084,1.066,1.012,3.198,5.059,00-0033537,0.227,5.000,43.000,1,3.600,6.120,13.236,-0.981,80.000,,,,,,,,0.000,1.000,3.700,1.300,0.000,,38.320,17.630,0.000,4.680,-2.630,249.812,77.656,135.673,71.016,43.625,0.018,-0.014,46.113,0.802,6.247,0.455,6.246,0.303
2026,2,2026_02_CLE_TB,CLE,TB,Malachi Corley,WR,,0,0,0,0,0,0,0,0.000,0.000,0.000,16.500,-8.500,0,4.000,52.699,0.532,0.000,0.000,,,1.043,8.450,0.040,,1.177,0.897,6.589,0.048,-0.002,,0.260,19,0,0,0,0.000,0.000,0.000,0.000,0.000,0.185,0.084,1.066,1.012,1.112,1.191,00-0033537,0.000,0.000,0.000,1,,,,,,,,,,,,,,,,,,,,,,,,249.812,77.656,135.673,71.016,43.625,0.018,-0.014,,,6.247,0.455,6.246,0.303
2026,2,2026_02_WAS_DAL,DAL,WAS,Dak Prescott,QB,,31,279,4,26,0,0,0,0.000,0.190,1.000,27.500,3.500,1,0.000,62.286,0.562,32.722,241.410,7.260,6.501,2.794,10.693,0.104,3.707,0.000,0.000,0.000,0.000,0.000,,0.916,115,0,0,0,0.000,0.000,0.000,0.000,0.883,0.000,0.000,1.000,1.000,2.794,0.000,00-0033077,,,,0,,,,,,,,,2.833,19.697,2.973,0.524,,,2.595,1.119,0.270,0.204,0.000,10.330,251.717,0.000,0.363,242.443,120.016,154.931,62.276,24.614,0.057,0.035,,,5.121,17.033,5.117,0.320
2026,2,2026_02_WAS_DAL,DAL,WAS,Emari Demercado,RB,,0,0,3,8,0,0,0,0.000,0.143,0.160,27.500,3.500,1,0.000,62.286,0.562,0.000,0.000,,,3.386,21.757,0.178,6.843,1.595,1.080,8.979,0.043,0.010,,0.243,38,0,0,0,0.000,0.000,0.000,0.000,0.883,0.000,0.000,1.000,1.000,3.386,1.595,00-0033077,0.000,0.000,0.000,1,,,,,,,,,,,,,,,3.478,3.370,0.386,,10.051,16.641,0.000,-0.911,5.450,242.443,120.016,154.931,62.276,24.614,0.057,0.035,,,5.121,17.033,5.117,0.320
2026,2,2026_02_WAS_DAL,DAL,WAS,Hunter Luepke,RB,,0,0,1,1,0,0,0,0.000,0.048,0.180,27.500,3.500,1,0.000,62.286,0.562,0.000,0.000,,,1.714,8.028,0.054,4.411,0.967,0.833,7.351,0.031,-0.002,,0.235,40,0,0,0,0.000,0.000,0.000,0.000,0.883,0.000,0.000,1.000,1.000,1.714,0.967,00-0033077,0.030,1.007,8.739,29,,,,,,,,,,,,,,,2.339,2.070,0.042,,6.765,8.806,0.000,1.448,-0.437,242.443,120.016,154.931,62.276,24.614,0.057,0.035,,,5.121,17.033,5.117,0.320
2026,2,2026_02_WAS_DAL,DAL,WAS,Javonte Williams,RB,RB1,0,0,12,30,4,3,20,0.129,0.571,0.800,27.500,3.500,1,0.000,62.286,0.562,0.000,0.000,,,14.101,61.512,0.545,4.276,3.022,2.143,10.636,0.089,-0.016,3.008,0.615,73,0,0,0,0.000,0.000,0.000,0.000,0.883,0.000,0.000,1.000,1.000,14.101,3.022,00-0033077,0.087,2.973,10.158,17,,,,,,3.449,20.219,0.427,,,,,0.007,0.012,2.152,2.128,1.528,,17.037,56.991,0.000,-6.400,4.521,242.443,120.016,154.931,62.276,24.614,0.057,0.035,70.528,1.087,5.121,17.033,5.117,0.320
2026,2,2026_02_WAS_DAL,DAL,WAS,Brevyn Spann-Ford,TE,,0,0,0,0,0,0,0,0.000,0.000,0.380,27.500,3.500,1,0.000,62.286,0.562,0.000,0.000,,,0.000,0.000,0.000,,1.306,0.954,11.274,0.044,0.043,6.708,0.277,29,0,0,0,0.000,0.000,0.000,0.000,0.883,0.000,0.000,1.000,1.000,0.000,1.306,00-0033077,0.030,1.023,8.117,21,,,,,,,,,,,,,0.000,0.000,,,,,14.337,0.000,0.000,-0.777,0.000,242.443,120.016,154.931,62.276,24.614,0.057,0.035,,,5.121,17.033,5.117,0.320
2026,2,2026_02_WAS_DAL,DAL,WAS,Jake Ferguson,TE,TE1,0,0,0,0,4,4,43,0.129,0.000,0.600,27.500,3.500,1,0.000,62.286,0.562,0.000,0.000,,,0.047,0.047,0.002,,4.121,3.078,22.428,0.120,0.061,4.539,0.651,63,0,0,0,0.000,0.000,0.000,0.000,0.883,0.000,0.000,1.000,1.000,0.047,4.121,00-0033077,0.128,4.588,26.505,50,,,,,,,,,,,,,0.009,0.292,,,,,26.578,0.304,0.000,-4.150,-0.256,242.443,120.016,154.931,62.276,24.614,0.057,0.035,41.706,1.352,5.121,17.033,5.117,0.320
2026,2,2026_02_WAS_DAL,DAL,WAS,CeeDee Lamb,WR,WR1,0,0,0,0,9,8,153,0.290,0.000,0.750,27.500,3.500,1,0.000,62.286,0.562,0.000,0.000,,,0.245,0.332,0.012,3.600,8.038,5.199,66.139,0.234,0.287,7.804,0.753,100,0,0,0,0.000,0.000,0.000,0.000,0.883,0.000,0.000,1.000,1.000,0.245,8.038,00-0033077,0.264,9.319,78.064,73,3.004,6.119,11.736,0.629,65.329,,,,,,,,0.033,0.386,1.423,2.180,0.138,,66.921,1.668,0.000,-0.781,-1.336,242.443,120.016,154.931,62.276,24.614,0.057,0.035,58.688,0.881,5.121,17.033,5.117,0.320
2026,2,2026_02_WAS_DAL,DAL,WAS,George Pickens,WR,WR2,0,0,0,0,8,6,40,0.258,0.000,0.760,27.500,3.500,1,0.000,62.286,0.562,0.000,0.000,,,0.004,0.014,0.000,,7.110,4.542,66.852,0.212,0.278,8.871,0.783,69,0,0,0,0.000,0.000,0.000,0.000,0.883,0.000,0.000,1.000,1.000,0.004,7.110,00-0033077,0.225,7.853,78.059,17,2.435,5.046,12.119,2.107,65.738,,,,,,,,0.065,0.361,,,,,59.810,0.028,0.000,7.043,-0.015,242.443,120.016,154.931,62.276,24.614,0.057,0.035,59.255,1.823,5.121,17.033,5.117,0.320
2026,2,2026_02_WAS_DAL,DAL,WAS,KaVontae Turpin,WR,,0,0,1,1,0,0,0,0.000,0.048,0.090,27.500,3.500,1,0.000,62.286,0.562,0.000,0.000,,,0.936,5.633,0.036,,2.027,1.349,23.431,0.060,0.080,16.229,0.275,70,0,0,0,0.000,0.000,0.000,0.000,0.883,0.000,0.000,1.000,1.000,0.936,2.027,00-0033077,0.062,2.212,27.039,53,,,,,,,,,,,,,0.062,0.032,,,,,16.159,5.820,0.000,7.356,-0.162,242.443,120.016,154.931,62.276,24.614,0.057,0.035,,,5.121,17.033,5.117,0.320
2026,2,2026_02_WAS_DAL,DAL,WAS,Ryan Flournoy,WR,WR3,0,0,0,0,6,5,23,0.194,0.000,0.760,27.500,3.500,1,0.000,62.286,0.562,0.000,0.000,,,0.081,0.477,0.003,,4.297,3.024,35.228,0.134,0.118,7.135,0.563,26,0,0,0,0.000,0.000,0.000,0.000,0.883,0.000,0.000,1.000,1.000,0.081,4.297,00-0033077,0.107,3.920,30.862,17,,,,,,,,,,,,,0.029,0.217,,,,,34.221,0.621,0.000,2.458,-0.046,242.443,120.016,154.931,62.276,24.614,0.057,0.035,25.434,1.615,5.121,17.033,5.117,0.320
2026,2,2026_02_JAX_DEN,DEN,JAX,Bo Nix,QB,,31,288,5,6,0,0,0,0.000,0.179,1.000,24.000,2.500,0,12.000,58.572,0.595,35.704,222.684,6.174,0.666,5.925,21.477,0.248,3.646,0.041,0.001,0.002,0.001,0.000,,0.998,38,0,0,0,0.453,0.000,0.000,0.000,0.000,0.389,0.252,1.234,1.042,7.309,0.043,00-0039732,,,,0,,,,,,,,,2.913,10.744,-4.299,-2.546,,,3.254,0.401,0.003,0.240,0.170,25.329,241.717,-0.168,-3.851,218.326,62.464,139.112,48.909,29.924,-0.046,0.002,,,-26.574,-10.254,-26.576,0.254
2026,2,2026_02_JAX_DEN,DEN,JAX,J.K. Dobbins,RB,RB1,0,0,10,36,0,0,0,0.000,0.357,0.340,24.000,2.500,0,12.000,58.572,0.595,0.000,0.000,,,14.109,67.868,0.573,4.857,1.256,1.032,3.952,0.042,-0.007,,0.508,53,0,0,0,0.453,0.000,0.000,0.000,0.000,0.389,0.252,1.234,1.042,17.404,1.308,00-0039732,0.034,1.043,2.925,11,,,,,,,,,,,,,,,2.292,2.571,0.817,,7.716,61.375,0.000,-3.847,6.493,218.326,62.464,139.112,48.909,29.924,-0.046,0.002,46.569,0.765,-26.574,-10.254,-26.576,0.254
2026,2,2026_02_JAX_DEN,DEN,JAX,Jonah Coleman,RB,,0,0,10,39,3,3,19,0.103,0.357,0.400,24.000,2.500,0,12.000,58.572,0.595,0.000,0.000,,,0.000,0.000,0.000,,0.000,0.000,0.000,0.000,0.000,,0.060,2,0,0,0,0.453,0.000,0.000,0.000,0.000,0.389,0.252,1.234,1.042,0.000,0.000,00-0039732,0.000,0.000,0.000,1,,,,,,,,,,,,,,,,,,,,,,,,218.326,62.464,139.112,48.909,29.924,-0.046,0.002,,,-26.574,-10.254,-26.576,0.254
2026,2,2026_02_JAX_DEN,DEN,JAX,Tyler Badie,RB,,0,0,1,1,3,2,28,0.103,0.036,0.260,24.000,2.500,0,12.000,58.572,0.595,0.000,0.000,,,0.729,1.991,0.027,3.682,1.467,0.944,6.935,0.041,-0.063,,0.187,24,0,0,0,0.453,0.000,0.000,0.000,0.000,0.389,0.252,1.234,1.042,0.899,1.528,00-0039732,0.049,1.754,8.209,21,,,,,,,,,,,,,,,1.577,2.106,0.057,,8.196,3.017,0.000,-0.587,-0.594,218.326,62.464,139.112,48.909,29.924,-0.046,0.002,,,-26.574,-10.254,-26.576,0.254
2026,2,2026_02_JAX_DEN,DEN,JAX,Evan Engram,TE,TE1,0,0,0,0,1,1,17,0.034,0.000,0.520,24.000,2.500,0,12.000,58.572,0.595,0.000,0.000,,,0.014,0.099,0.001,,4.268,2.894,28.712,0.135,0.183,6.381,0.448,115,0,0,0,0.453,0.000,0.000,0.000,0.000,0.389,0.252,1.234,1.042,0.017,4.446,00-0039732,0.132,4.297,29.175,18,4.723,7.124,4.657,-0.021,70.355,,,,,,,,0.049,0.231,,,,,25.080,0.097,0.000,3.632,0.002,218.326,62.464,139.112,48.909,29.924,-0.046,0.002,31.527,0.819,-26.574,-10.254,-26.576,0.254
2026,2,2026_02_JAX_DEN,DEN,JAX,Nate Adkins,TE,,0,0,1,6,3,3,32,0.103,0.036,0.370,24.000,2.500,0,12.000,58.572,0.595,0.000,0.000,,,0.000,0.000,0.000,,1.233,0.834,6.301,0.034,0.017,,0.323,29,0,0,0,0.453,0.000,0.000,0.000,0.000,0.389,0.252,1.234,1.042,0.000,1.284,00-0039732,0.034,1.237,6.331,23,,,,,,,,,,,,,,,,,,,,,,,,218.326,62.464,139.112,48.909,29.924,-0.046,0.002,,,-26.574,-10.254,-26.576,0.254
2026,2,2026_02_JAX_DEN,DEN,JAX,Courtland Sutton,WR,WR2,0,0,0,0,4,3,25,0.138,0.000,0.730,24.000,2.500,0,12.000,58.572,0.595,0.002,0.027,,,0.000,0.000,0.000,,6.971,3.693,43.116,0.206,0.368,5.520,0.840,119,0,0,0,0.453,0.000,0.000,0.000,0.000,0.389,0.252,1.234,1.042,0.000,7.262,00-0039732,0.209,7.349,48.250,36,2.615,5.276,12.009,-0.095,53.799,,,,,,,,0.110,0.148,,,,,55.584,0.000,0.012,-12.467,-0.000,218.326,62.464,139.112,48.909,29.924,-0.046,0.002,31.988,0.932,-26.574,-10.254,-26.576,0.254
2026,2,2026_02_JAX_DEN,DEN,JAX,Jaylen Waddle,WR,WR1,0,0,0,0,10,8,138,0.345,0.000,0.610,24.000,2.500,0,12.000,58.572,0.595,0.024,0.189,,,0.228,2.670,0.007,,5.356,3.040,41.062,0.207,0.368,5.983,0.721,82,0,0,0,0.453,0.000,0.000,0.000,0.000,0.389,0.252,1.234,1.042,0.281,5.579,00-0039732,0.111,3.000,2.000,1,,,,,,,,,,,,,0.080,0.191,,,,,48.271,1.591,0.133,-7.152,1.078,218.326,62.464,139.112,48.909,29.924,-0.046,0.002,54.512,1.129,-26.574,-10.254,-26.576,0.254
2026,2,2026_02_JAX_DEN,DEN,JAX,Lil'Jordan Humphrey,WR,,0,0,0,0,1,0,0,0.034,0.000,0.050,24.000,2.500,0,12.000,58.572,0.595,0.000,0.000,,,0.000,0.000,0.000,,3.480,1.758,20.035,0.103,0.148,5.229,0.560,51,0,0,0,0.453,0.000,0.000,0.000,0.000,0.389,0.252,1.234,1.042,0.000,3.626,00-0039732,0.094,3.421,22.409,20,,,,,,,,,,,,,0.058,0.019,,,,,25.063,0.000,0.000,-5.017,0.000,218.326,62.464,139.112,48.909,29.924,-0.046,0.002,,,-26.574,-10.254,-26.576,0.254
2026,2,2026_02_JAX_DEN,DEN,JAX,Pat Bryant,WR,WR3,0,0,1,16,1,0,0,0.034,0.036,0.660,24.000,2.500,0,12.000,58.572,0.595,0.000,0.000,,,0.143,0.143,0.006,,4.221,2.994,31.469,0.130,0.195,7.349,0.453,17,0,0,0,0.453,0.000,0.000,0.000,0.000,0.389,0.252,1.234,1.042,0.176,4.397,00-0039732,0.143,4.716,36.192,15,2.926,6.822,6.558,0.338,67.337,,,,,,,,0.055,0.418,,,,,31.463,0.418,0.000,0.451,-0.273,218.326,62.464,139.112,48.909,29.924,-0.046,0.002,,,-26.574,-10.254,-26.576,0.254
2026,2,2026_02_JAX_DEN,DEN,JAX,Troy Franklin,WR,,0,0,0,0,2,1,27,0.069,0.000,0.210,24.000,2.500,0,12.000,58.572,0.595,0.000,0.000,,,0.338,1.060,0.018,3.583,4.266,2.765,30.333,0.126,0.255,5.351,0.488,36,0,0,0,0.453,0.000,0.000,0.000,0.000,0.389,0.252,1.234,1.042,0.417,4.444,00-0039732,0.126,4.266,30.333,35,,,,,,,,,,,,,0.033,0.039,1.296,2.288,0.113,,32.592,2.137,0.000,-2.259,-1.077,218.326,62.464,139.112,48.909,29.924,-0.046,0.002,,,-26.574,-10.254,-26.576,0.254
2026,2,2026_02_DET_BUF,DET,BUF,Jared Goff,QB,,38,327,3,7,0,0,0,0.000,0.150,1.000,24.500,-5.500,0,4.000,63.447,0.590,37.334,274.679,7.477,6.108,1.223,2.165,0.047,2.836,0.001,0.001,0.004,0.000,0.000,,0.993,140,0,0,0,0.000,0.000,0.000,0.000,0.000,0.000,0.000,1.000,1.000,1.223,0.001,00-0033106,,,,0,,,,,,,,,2.660,11.737,-0.407,-2.350,,,2.716,0.124,0.000,0.239,0.003,2.425,280.241,0.002,-0.260,196.440,93.034,134.107,30.086,31.152,-0.022,0.031,,,-35.575,4.806,-35.573,0.313
2026,2,2026_02_DET_BUF,DET,BUF,Jacob Saylors,RB,,0,0,0,0,0,0,0,0.000,0.000,0.000,24.500,-5.500,0,4.000,63.447,0.590,0.000,0.000,,,0.091,0.500,0.003,,0.000,0.000,0.000,0.000,0.000,,0.009,13,0,0,0,0.000,0.000,0.000,0.000,0.000,0.000,0.000,1.000,1.000,0.091,0.000,00-0033106,0.000,0.000,0.000,12,,,,,,,,,,,,,,,,,,,,,,,,196.440,93.034,134.107,30.086,31.152,-0.022,0.031,,,-35.575,4.806,-35.573,0.313
2026,2,2026_02_DET_BUF,DET,BUF,Jahmyr Gibbs,RB,RB1,0,0,16,52,8,6,61,0.211,0.800,0.830,24.500,-5.500,0,4.000,63.447,0.590,0.000,0.000,,,16.944,80.072,0.645,4.415,5.980,4.730,38.397,0.162,0.021,6.879,0.712,55,0,0,0,0.000,0.000,0.000,0.000,0.000,0.000,0.000,1.000,1.000,16.944,5.980,00-0033106,0.162,5.980,38.397,54,,,,,,4.438,20.787,0.700,,,,,0.026,0.570,2.833,1.596,0.962,,39.984,72.907,0.000,-1.731,7.165,196.440,93.034,134.107,30.086,31.152,-0.022,0.031,54.843,1.173,-35.575,4.806,-35.573,0.313
2026,2,2026_02_DET_BUF,DET,BUF,Sione Vaki,RB,,0,0,1,7,1,1,13,0.026,0.050,0.170,24.500,-5.500,0,4.000,63.447,0.590,0.000,0.000,,,0.506,1.640,0.015,3.535,0.234,0.234,2.568,0.006,0.002,12.335,0.055,19,0,0,0,0.000,0.000,0.000,0.000,0.000,0.000,0.000,1.000,1.000,0.506,0.234,00-0033106,0.006,0.234,2.568,18,,,,,,,,,,,,,0.000,0.000,2.586,0.949,0.000,,5.911,6.580,0.000,2.037,-2.097,196.440,93.034,134.107,30.086,31.152,-0.022,0.031,,,-35.575,4.806,-35.573,0.313
2026,2,2026_02_DET_BUF,DET,BUF,Brock Wright,TE,,0,0,0,0,0,0,0,0.000,0.000,0.260,24.500,-5.500,0,4.000,63.447,0.590,0.000,0.000,,,0.000,0.000,0.000,,2.386,1.489,11.311,0.073,0.017,5.551,0.599,54,0,0,0,0.000,0.000,0.000,0.000,0.000,0.000,0.000,1.000,1.000,0.000,2.386,00-0033106,0.073,2.386,11.312,51,,,,,,,,,,,,,0.003,0.028,,,,,16.667,0.000,0.000,-4.327,0.000,196.440,93.034,134.107,30.086,31.152,-0.022,0.031,,,-35.575,4.806,-35.573,0.313
2026,2,2026_02_DET_BUF,DET,BUF,Sam LaPorta,TE,TE1,0,0,0,0,7,6,52,0.184,0.000,0.980,24.500,-5.500,0,4.000,63.447,0.590,0.000,0.000,,,0.000,0.002,0.000,,6.059,4.720,54.382,0.189,0.155,8.997,0.891,48,0,0,0,0.000,0.000,0.000,0.000,0.000,0.000,0.000,1.000,1.000,0.000,6.059,00-0033106,0.189,6.059,54.382,47,3.592,6.462,5.713,1.083,77.103,,,,,,,,0.002,0.496,,,,,43.249,0.002,0.000,11.133,0.000,196.440,93.034,134.107,30.086,31.152,-0.022,0.031,23.557,0.648,-35.575,4.806,-35.573,0.313
2026,2,2026_02_DET_BUF,DET,BUF,Amon-Ra St. Brown,WR,WR1,0,0,0,0,13,9,142,0.342,0.000,0.950,24.500,-5.500,0,4.000,63.447,0.590,0.001,0.004,,,0.045,0.135,0.002,,11.701,7.783,86.628,0.334,0.379,7.032,0.864,88,0,0,0,0.000,0.000,0.000,0.000,0.000,0.000,0.000,1.000,1.000,0.045,11.701,00-0033106,0.334,11.701,86.628,84,3.070,6.552,7.577,0.587,66.365,,,,,,,,0.045,0.179,,,,,90.035,0.250,0.003,-3.407,-0.115,196.440,93.034,134.107,30.086,31.152,-0.022,0.031,47.587,0.747,-35.575,4.806,-35.573,0.313
2026,2,2026_02_DET_BUF,DET,BUF,Isaac TeSlaa,WR,WR3,0,0,0,0,5,2,26,0.132,0.000,0.750,24.500,-5.500,0,4.000,63.447,0.590,0.000,0.000,,,0.000,0.000,0.000,,2.205,1.279,18.869,0.061,0.113,7.820,0.557,16,0,0,0,0.000,0.000,0.000,0.000,0.000,0.000,0.000,1.000,1.000,0.000,2.205,00-0033106,0.061,2.205,18.869,15,,,,,,,,,,,,,0.000,0.000,,,,,16.063,0.000,0.000,2.806,0.000,196.440,93.034,134.107,30.086,31.152,-0.022,0.031,32.102,1.288,-35.575,4.806,-35.573,0.313
2026,2,2026_02_DET_BUF,DET,BUF,Jameson Williams,WR,WR2,0,0,0,0,4,2,33,0.105,0.000,0.970,24.500,-5.500,0,4.000,63.447,0.590,0.007,0.000,,,0.236,1.096,0.009,,7.173,4.436,68.697,0.203,0.353,9.427,0.895,56,0,0,0,0.000,0.000,0.000,0.000,0.000,0.000,0.000,1.000,1.000,0.236,7.173,00-0033106,0.203,7.173,68.697,55,3.058,6.717,11.377,1.015,64.380,,,,,,,,0.134,0.042,,,,,66.985,1.320,0.093,0.857,-0.224,196.440,93.034,134.107,30.086,31.152,-0.022,0.031,36.514,0.801,-35.575,4.806,-35.573,0.313
2026,2,2026_02_DET_BUF,DET,BUF,Tay Martin,WR,,0,0,0,0,0,0,0,0.000,0.000,0.000,24.500,-5.500,0,4.000,63.447,0.590,0.000,0.000,,,0.000,0.000,0.000,,0.751,0.588,12.794,0.031,0.048,,0.096,6,0,0,0,0.000,0.000,0.000,0.000,0.000,0.000,0.000,1.000,1.000,0.000,0.751,00-0033106,0.000,0.000,0.000,1,,,,,,,,,,,,,,,,,,,,,,,,196.440,93.034,134.107,30.086,31.152,-0.022,0.031,,,-35.575,4.806,-35.573,0.313
2026,2,2026_02_DET_BUF,DET,BUF,Tom Kennedy,WR,,0,0,0,0,0,0,0,0.000,0.000,0.000,24.500,-5.500,0,4.000,63.447,0.590,0.012,0.911,,,0.000,0.000,0.000,,0.639,0.436,5.330,0.022,0.026,,0.123,22,0,0,0,0.000,0.000,0.000,0.000,0.000,0.000,0.000,1.000,1.000,0.000,0.639,00-0033106,0.021,0.605,5.304,19,,,,,,,,,,,,,,,,,,,,,,,,196.440,93.034,134.107,30.086,31.152,-0.022,0.031,,,-35.575,4.806,-35.573,0.313
2026,2,2026_02_GB_NYJ,GB,NYJ,Jordan Love,QB,,29,145,0,0,0,0,0,0.000,0.000,1.000,24.000,3.500,0,7.000,58.389,0.528,32.363,249.515,7.595,5.933,2.226,9.741,0.082,4.103,0.000,0.000,0.000,0.000,0.000,,0.911,63,0,0,0,0.000,0.000,0.000,0.685,0.740,0.000,0.000,1.000,1.000,2.226,0.000,00-0036264,,,,0,,,,,,,,,2.885,16.661,0.979,1.033,,,3.691,0.416,0.068,0.241,0.000,9.593,251.304,0.000,0.147,231.096,107.705,128.710,63.266,38.947,0.071,0.014,,,11.540,6.566,11.543,0.405
2026,2,2026_02_GB_NYJ,GB,NYJ,Chris Brooks,RB,,0,0,4,11,2,1,15,0.069,0.222,0.460,24.000,3.500,0,7.000,58.389,0.528,0.000,0.000,,,3.416,16.393,0.122,5.938,0.973,0.614,4.899,0.032,0.000,4.815,0.320,36,0,0,0,0.000,0.000,0.000,0.685,0.740,0.000,0.000,1.000,1.000,3.416,0.973,00-0036264,0.032,0.993,4.914,27,,,,,,,,,,,,,0.067,0.089,4.582,1.353,0.191,,5.904,16.087,0.000,-0.584,0.801,231.096,107.705,128.710,63.266,38.947,0.071,0.014,,,11.540,6.566,11.543,0.405
2026,2,2026_02_GB_NYJ,GB,NYJ,Kaleb Johnson,RB,,0,0,8,32,0,0,0,0.000,0.444,0.270,24.000,3.500,0,7.000,58.389,0.528,0.000,0.000,,,2.177,5.227,0.096,,0.113,0.066,0.595,0.004,-0.005,,0.066,12,0,0,0,0.000,0.000,0.000,0.685,0.740,0.000,0.000,1.000,1.000,2.177,0.113,00-0036264,0.000,0.000,0.000,1,,,,,,,,,,,,,,,,,,,,,,,,231.096,107.705,128.710,63.266,38.947,0.071,0.014,,,11.540,6.566,11.543,0.405
2026,2,2026_02_GB_NYJ,GB,NYJ,MarShawn Lloyd,RB,RB1,0,0,6,20,2,2,6,0.069,0.333,0.270,24.000,3.500,0,7.000,58.389,0.528,0.000,0.000,,,9.802,26.951,0.388,2.688,1.000,0.457,1.370,0.049,-0.003,1.370,0.303,3,0,0,0,0.000,0.000,0.000,0.685,0.740,0.000,0.000,1.000,1.000,9.802,1.000,00-0036264,0.025,1.000,0.000,1,,,,,,5.473,7.692,-0.875,,,,,0.000,0.000,1.891,0.772,0.000,,4.884,45.259,0.000,-3.514,-18.309,231.096,107.705,128.710,63.266,38.947,0.071,0.014,56.220,0.877,11.540,6.566,11.543,0.405
2026,2,2026_02_GB_NYJ,GB,NYJ,Tucker Kraft,TE,TE1,0,0,0,0,3,2,15,0.103,0.000,0.980,24.000,3.500,0,7.000,58.389,0.528,0.000,0.000,,,0.138,0.516,0.005,,5.450,3.726,58.438,0.176,0.104,10.985,0.808,44,0,0,0,0.000,0.000,0.000,0.685,0.740,0.000,0.000,1.000,1.000,0.138,5.450,00-0036264,0.172,5.367,58.749,40,3.979,5.813,5.067,2.561,71.100,,,,,,,,0.041,0.530,,,,,38.127,0.544,0.000,20.345,-0.027,231.096,107.705,128.710,63.266,38.947,0.071,0.014,41.422,1.144,11.540,6.566,11.543,0.405
2026,2,2026_02_GB_NYJ,GB,NYJ,Bo Melton,WR,,0,0,0,0,1,0,0,0.034,0.000,0.150,24.000,3.500,0,7.000,58.389,0.528,0.000,0.000,,,0.308,2.010,0.012,,1.262,0.496,10.439,0.052,0.053,6.423,0.173,35,0,0,0,0.000,0.000,0.000,0.685,0.740,0.000,0.000,1.000,1.000,0.308,1.262,00-0036264,0.036,1.101,9.021,29,,,,,,,,,,,,,0.012,0.000,,,,,12.949,2.910,0.000,-0.251,-0.104,231.096,107.705,128.710,63.266,38.947,0.071,0.014,,,11.540,6.566,11.543,0.405
2026,2,2026_02_GB_NYJ,GB,NYJ,Christian Watson,WR,WR1,0,0,0,0,11,4,41,0.379,0.000,0.900,24.000,3.500,0,7.000,58.389,0.528,0.000,0.000,,,0.107,0.598,0.003,,6.012,3.685,69.759,0.201,0.301,11.459,0.684,52,0,0,0,0.000,0.000,0.000,0.685,0.740,0.000,0.000,1.000,1.000,0.107,6.012,00-0036264,0.200,6.016,63.581,34,2.421,6.622,15.188,1.542,59.352,,,,,,,,0.042,0.000,,,,,54.638,0.568,0.000,15.121,0.030,231.096,107.705,128.710,63.266,38.947,0.071,0.014,67.337,1.264,11.540,6.566,11.543,0.405
2026,2,2026_02_GB_NYJ,GB,NYJ,J. Michael Sturdivant,WR,,0,0,0,0,0,0,0,0.000,0.000,0.150,24.000,3.500,0,7.000,58.389,0.528,,,,,,,,,,,,,,,,1,0,0,0,0.000,0.000,0.000,0.685,0.740,0.000,0.000,1.000,1.000,,,00-0036264,,,,0,,,,,,,,,,,,,,,,,,,,,,,,231.096,107.705,128.710,63.266,38.947,0.071,0.014,,,11.540,6.566,11.543,0.405
2026,2,2026_02_GB_NYJ,GB,NYJ,Jayden Reed,WR,WR3,0,0,0,0,1,1,4,0.034,0.000,0.030,24.000,3.500,0,7.000,58.389,0.528,0.000,0.000,,,0.669,5.594,0.023,,4.978,3.448,38.053,0.162,0.136,8.570,0.586,44,0,0,0,0.000,0.000,0.000,0.685,0.740,0.000,0.000,1.000,1.000,0.669,4.978,00-0036264,0.164,5.118,37.909,39,4.204,6.579,8.232,0.945,66.720,,,,,,,,0.069,0.325,,,,,37.466,4.667,0.000,0.587,0.927,231.096,107.705,128.710,63.266,38.947,0.071,0.014,25.092,1.387,11.540,6.566,11.543,0.405
2026,2,2026_02_GB_NYJ,GB,NYJ,Matthew Golden,WR,WR2,0,0,0,0,6,4,58,0.207,0.000,0.860,24.000,3.500,0,7.000,58.389,0.528,0.000,0.000,,,0.325,1.235,0.009,,4.729,2.665,41.580,0.162,0.194,7.274,0.576,17,0,0,0,0.000,0.000,0.000,0.685,0.740,0.000,0.000,1.000,1.000,0.325,4.729,00-0036264,0.137,4.742,45.342,14,2.814,5.569,12.723,1.819,66.584,,,,,,,,0.054,0.143,,,,,37.724,2.055,0.000,3.856,-0.820,231.096,107.705,128.710,63.266,38.947,0.071,0.014,21.981,0.581,11.540,6.566,11.543,0.405
2026,2,2026_02_GB_NYJ,GB,NYJ,Skyy Moore,WR,,0,0,0,0,3,2,6,0.103,0.000,0.360,24.000,3.500,0,7.000,58.389,0.528,0.000,0.000,,,0.206,1.163,0.007,,0.503,0.170,3.143,0.015,0.020,7.905,0.107,56,0,0,0,0.000,0.000,0.000,0.685,0.740,0.000,0.000,1.000,1.000,0.206,0.503,00-0036264,0.025,1.000,0.000,1,,,,,,,,,,,,,0.018,0.115,,,,,8.930,1.957,0.000,-1.395,-0.292,231.096,107.705,128.710,63.266,38.947,0.071,0.014,,,11.540,6.566,11.543,0.405
2026,2,2026_02_CIN_HOU,HOU,CIN,C.J. Stroud,QB,,55,353,3,29,0,0,0,0.000,0.167,1.000,24.250,3.000,1,0.000,64.761,0.549,33.368,227.282,7.063,-0.871,2.687,9.775,0.094,4.151,0.001,0.000,0.000,0.000,0.000,,0.935,54,0,0,0,0.690,0.000,0.000,0.000,0.000,0.000,0.234,1.000,1.055,2.687,0.002,00-0039163,,,,0,,,,,,,,,2.861,17.224,0.075,-0.698,,,3.656,0.500,0.002,0.226,0.005,10.238,242.090,-0.005,-0.463,218.563,96.478,107.974,69.487,39.040,0.035,0.022,,,-4.430,14.433,-4.436,0.366
2026,2,2026_02_CIN_HOU,HOU,CIN,British Brooks,RB,,0,0,0,0,0,0,0,0.000,0.000,0.000,24.250,3.000,1,0.000,64.761,0.549,0.000,0.000,,,2.308,10.680,0.074,,0.000,0.000,0.000,0.000,0.000,,0.078,12,0,0,0,0.690,0.000,0.000,0.000,0.000,0.000,0.234,1.000,1.055,2.308,0.000,00-0039163,0.000,0.000,0.000,9,,,,,,,,,,,,,,,,,,,,,,,,218.563,96.478,107.974,69.487,39.040,0.035,0.022,,,-4.430,14.433,-4.436,0.366
2026,2,2026_02_CIN_HOU,HOU,CIN,David Montgomery,RB,,0,0,6,10,2,2,14,0.040,0.333,0.520,24.250,3.000,1,0.000,64.761,0.549,0.082,0.196,,,10.123,39.933,0.379,4.279,1.734,1.555,12.380,0.052,0.002,7.546,0.373,112,0,0,0,0.690,0.000,0.000,0.000,0.000,0.000,0.234,1.000,1.055,10.123,1.828,00-0039163,0.081,3.000,19.000,1,,,,,,4.554,34.187,0.230,,,,,0.000,0.041,2.493,1.796,0.305,,11.358,39.093,0.154,1.021,0.839,218.563,96.478,107.974,69.487,39.040,0.035,0.022,,,-4.430,14.433,-4.436,0.366
2026,2,2026_02_CIN_HOU,HOU,CIN,Woody Marks,RB,RB1,0,0,8,8,6,5,27,0.120,0.444,0.480,24.250,3.000,1,0.000,64.761,0.549,0.000,0.000,,,13.906,52.423,0.486,3.836,1.965,1.295,6.761,0.059,0.017,2.618,0.582,20,0,0,0,0.690,0.000,0.000,0.000,0.000,0.000,0.234,1.000,1.055,13.906,2.072,00-0039163,0.063,2.083,8.931,15,,,,,,,,,,,,,0.013,0.054,2.067,1.784,0.577,,10.812,58.147,0.000,-4.051,-5.724,218.563,96.478,107.974,69.487,39.040,0.035,0.022,62.503,1.168,-4.430,14.433,-4.436,0.366
2026,2,2026_02_CIN_HOU,HOU,CIN,Dalton Schultz,TE,TE1,0,0,0,0,14,12,140,0.280,0.000,0.680,24.250,3.000,1,0.000,64.761,0.549,0.000,0.000,,,0.000,0.000,0.000,,5.421,4.000,40.576,0.165,0.112,9.127,0.640,124,0,1,0,0.690,0.000,0.000,0.000,0.000,0.000,0.234,1.000,1.055,0.000,5.717,00-0039163,0.162,5.211,40.734,49,3.899,5.718,5.717,-0.306,74.869,,,,,,,,0.026,0.168,,,,,35.171,0.000,0.000,5.405,0.000,218.563,96.478,107.974,69.487,39.040,0.035,0.022,47.360,1.238,-4.430,14.433,-4.436,0.366
2026,2,2026_02_CIN_HOU,HOU,CIN,Foster Moreau,TE,,0,0,0,0,2,2,34,0.040,0.000,0.290,24.250,3.000,1,0.000,64.761,0.549,0.000,0.000,,,0.000,0.000,0.000,,1.944,1.546,15.006,0.061,0.035,7.428,0.458,87,0,0,0,0.690,0.000,0.000,0.000,0.000,0.000,0.234,1.000,1.055,0.000,2.050,00-0039163,0.054,2.000,15.000,1,,,,,,,,,,,,,0.103,0.098,,,,,12.364,0.000,0.000,2.755,0.000,218.563,96.478,107.974,69.487,39.040,0.035,0.022,,,-4.430,14.433,-4.436,0.366
2026,2,2026_02_CIN_HOU,HOU,CIN,Jared Wayne,WR,,0,0,0,0,7,2,33,0.140,0.000,0.500,24.250,3.000,1,0.000,64.761,0.549,0.000,0.000,,,0.000,0.000,0.000,,1.608,1.053,11.310,0.048,0.072,8.010,0.368,4,0,0,0,0.690,0.000,0.000,0.000,0.000,0.000,0.234,1.000,1.055,0.000,1.695,00-0039163,0.048,1.608,11.310,3,,,,,,,,,,,,,0.000,0.000,,,,,15.419,0.000,0.000,-4.109,0.000,218.563,96.478,107.974,69.487,39.040,0.035,0.022,,,-4.430,14.433,-4.436,0.366
2026,2,2026_02_CIN_HOU,HOU,CIN,Jaylin Noel,WR,WR3,0,0,1,13,5,1,31,0.100,0.056,0.600,24.250,3.000,1,0.000,64.761,0.549,0.000,0.000,,,0.208,0.406,0.007,,1.616,1.125,18.756,0.049,0.068,9.058,0.206,21,0,0,0,0.690,0.000,0.000,0.000,0.000,0.000,0.234,1.000,1.055,0.208,1.704,00-0039163,0.053,1.750,20.497,16,,,,,,,,,,,,,0.007,0.000,,,,,15.106,1.566,0.000,5.925,-1.049,218.563,96.478,107.974,69.487,39.040,0.035,0.022,17.481,1.105,-4.430,14.433,-4.436,0.366
2026,2,2026_02_CIN_HOU,HOU,CIN,Kayshon Boutte,WR,WR2,0,0,0,0,5,3,37,0.100,0.000,0.720,24.250,3.000,1,0.000,64.761,0.549,0.000,0.000,,,0.000,0.000,0.000,,3.842,1.922,33.215,0.141,0.229,9.865,0.641,38,0,0,0,0.690,0.000,0.000,0.000,0.000,0.000,0.234,1.000,1.055,0.000,4.051,00-0039163,0.054,2.000,21.000,1,,,,,,,,,,,,,0.006,0.009,,,,,36.171,0.000,0.000,-2.956,0.000,218.563,96.478,107.974,69.487,39.040,0.035,0.022,24.598,0.816,-4.430,14.433,-4.436,0.366
2026,2,2026_02_CIN_HOU,HOU,CIN,Xavier Hutchinson,WR,WR1,0,0,0,0,9,3,37,0.180,0.000,0.810,24.250,3.000,1,0.000,64.761,0.549,0.000,0.000,,,0.121,0.977,0.004,,5.461,2.526,30.943,0.156,0.171,5.908,0.601,50,0,0,0,0.690,0.000,0.000,0.000,0.000,0.000,0.234,1.000,1.055,0.121,5.759,00-0039163,0.158,5.495,31.392,43,2.593,5.732,10.278,-0.262,51.645,,,,,,,,0.026,0.084,,,,,41.650,0.816,0.000,-10.706,0.161,218.563,96.478,107.974,69.487,39.040,0.035,0.022,48.301,0.893,-4.430,14.433,-4.436,0.366
2026,2,2026_02_IND_KC,IND,KC,Daniel Jones,QB,,31,210,3,10,0,0,0,0.000,0.094,1.000,20.250,-6.000,0,10.000,56.700,0.569,28.187,202.632,7.389,-0.374,2.920,12.357,0.112,3.503,0.000,0.000,0.000,0.000,0.000,,0.880,87,0,0,0,0.215,0.000,0.000,1.000,0.000,0.000,0.028,1.000,1.005,2.920,0.000,00-0035710,,,,0,,,,,,,,,2.702,17.117,1.048,-1.153,,,2.948,0.553,0.062,0.217,0.000,11.687,212.873,0.000,0.528,189.023,84.597,111.450,49.892,25.297,-0.022,-0.018,,,-10.922,-11.322,-10.922,0.370
2026,2,2026_02_IND_KC,IND,KC,Jonathan Taylor,RB,RB1,0,0,24,92,4,4,40,0.133,0.750,0.940,20.250,-6.000,0,10.000,56.700,0.569,0.000,0.000,,,19.190,81.762,0.796,4.159,3.319,2.515,19.292,0.113,-0.005,6.512,0.816,87,0,0,0,0.215,0.000,0.000,1.000,0.000,0.000,0.028,1.000,1.005,19.190,3.335,00-0035710,0.121,3.490,24.743,13,,,,,,4.355,15.633,-0.128,,,,,0.085,0.524,2.275,1.874,1.204,,18.772,79.763,0.000,0.521,1.999,189.023,84.597,111.450,49.892,25.297,-0.022,-0.018,59.534,0.951,-10.922,-11.322,-10.922,0.370
2026,2,2026_02_IND_KC,IND,KC,Seth McGowan,RB,,0,0,2,0,0,0,0,0.000,0.062,0.060,20.250,-6.000,0,10.000,56.700,0.569,0.000,0.000,,,0.000,0.000,0.000,,1.000,1.000,0.000,0.034,-0.010,0.000,0.110,2,0,0,0,0.215,0.000,0.000,1.000,0.000,0.000,0.028,1.000,1.005,0.000,1.005,00-0035710,0.034,1.000,0.000,1,,,,,,,,,,,,,0.000,0.000,,,,,3.730,0.000,0.000,-3.730,0.000,189.023,84.597,111.450,49.892,25.297,-0.022,-0.018,,,-10.922,-11.322,-10.922,0.370
2026,2,2026_02_IND_KC,IND,KC,Andrew Ogletree,TE,,0,0,0,0,1,0,0,0.033,0.000,0.290,20.250,-6.000,0,10.000,56.700,0.569,0.000,0.000,,,0.000,0.000,0.000,,0.882,0.472,4.088,0.030,0.028,5.114,0.210,36,0,0,0,0.215,0.000,0.000,1.000,0.000,0.000,0.028,1.000,1.005,0.000,0.886,00-0035710,0.025,0.710,2.393,10,,,,,,,,,,,,,0.205,0.004,,,,,11.075,0.000,0.000,-3.638,0.000,189.023,84.597,111.450,49.892,25.297,-0.022,-0.018,,,-10.922,-11.322,-10.922,0.370
2026,2,2026_02_IND_KC,IND,KC,Tyler Warren,TE,TE1,0,0,1,3,7,6,21,0.233,0.031,0.890,20.250,-6.000,0,10.000,56.700,0.569,0.017,0.000,,,0.177,0.210,0.007,,6.423,4.031,33.351,0.208,0.140,5.301,0.864,19,0,0,0,0.215,0.000,0.000,1.000,0.000,0.000,0.028,1.000,1.005,0.177,6.454,00-0035710,0.207,6.154,45.207,13,2.935,5.984,5.162,0.558,64.052,,,,,,,,0.005,0.134,,,,,42.105,0.187,0.063,-8.754,0.024,189.023,84.597,111.450,49.892,25.297,-0.022,-0.018,39.794,1.210,-10.922,-11.322,-10.922,0.370
2026,2,2026_02_IND_KC,IND,KC,Alec Pierce,WR,WR2,0,0,0,0,1,1,11,0.033,0.000,0.260,20.250,-6.000,0,10.000,56.700,0.569,0.000,0.000,,,0.000,0.000,0.000,,5.471,3.094,65.811,0.174,0.384,12.615,0.822,66,0,0,0,0.215,0.000,0.000,1.000,0.000,0.000,0.028,1.000,1.005,0.000,5.498,00-0035710,0.195,5.969,68.729,11,2.203,6.083,18.558,1.050,53.248,,,,,,,,0.021,0.034,,,,,55.403,0.000,0.000,10.408,0.000,189.023,84.597,111.450,49.892,25.297,-0.022,-0.018,29.045,0.688,-10.922,-11.322,-10.922,0.370
2026,2,2026_02_IND_KC,IND,KC,Anthony Gould,WR,,0,0,0,0,0,0,0,0.000,0.000,0.000,20.250,-6.000,0,10.000,56.700,0.569,0.000,0.000,,,0.000,0.000,0.000,,0.262,0.262,1.080,0.008,-0.002,8.550,0.083,20,0,0,0,0.215,0.000,0.000,1.000,0.000,0.000,0.028,1.000,1.005,0.000,0.264,00-0035710,0.004,0.115,0.345,10,,,,,,,,,,,,,0.000,0.000,,,,,6.349,0.000,0.000,2.201,0.000,189.023,84.597,111.450,49.892,25.297,-0.022,-0.018,,,-10.922,-11.322,-10.922,0.370
2026,2,2026_02_IND_KC,IND,KC,Deion Burks,WR,,0,0,2,14,0,0,0,0.000,0.062,0.050,20.250,-6.000,0,10.000,56.700,0.569,,,,,,,,,,,,,,,,1,0,0,0,0.215,0.000,0.000,1.000,0.000,0.000,0.028,1.000,1.005,,,00-0035710,,,,0,,,,,,,,,,,,,,,,,,,,,,,,189.023,84.597,111.450,49.892,25.297,-0.022,-0.018,,,-10.922,-11.322,-10.922,0.370
2026,2,2026_02_IND_KC,IND,KC,Josh Downs,WR,WR3,0,0,0,0,9,7,72,0.300,0.000,0.830,20.250,-6.000,0,10.000,56.700,0.569,0.000,0.000,,,0.230,-0.360,0.010,,5.367,3.299,39.281,0.173,0.179,7.668,0.667,49,0,0,0,0.215,0.000,0.000,1.000,0.000,0.000,0.028,1.000,1.005,0.230,5.393,00-0035710,0.171,5.243,33.203,12,,,,,,,,,,,,,0.054,0.076,,,,,37.790,1.382,0.000,1.256,-1.769,189.023,84.597,111.450,49.892,25.297,-0.022,-0.018,15.285,0.683,-10.922,-11.322,-10.922,0.370
2026,2,2026_02_IND_KC,IND,KC,Keenan Allen,WR,WR1,0,0,0,0,5,1,5,0.167,0.000,0.510,20.250,-6.000,0,10.000,56.700,0.569,0.006,0.004,,,0.000,0.001,0.000,,6.866,4.477,35.460,0.223,0.196,5.590,0.579,122,0,0,0,0.215,0.000,0.000,1.000,0.000,0.000,0.028,1.000,1.005,0.000,6.899,00-0035710,0.207,6.000,32.000,1,2.782,6.103,7.175,0.132,68.847,,,,,,,,0.087,0.082,,,,,43.926,0.001,0.062,-8.466,-0.000,189.023,84.597,111.450,49.892,25.297,-0.022,-0.018,42.732,0.811,-10.922,-11.322,-10.922,0.370
2026,2,2026_02_IND_KC,IND,KC,Laquon Treadwell,WR,,0,0,0,0,3,3,61,0.100,0.000,0.740,20.250,-6.000,0,10.000,56.700,0.569,0.000,0.000,,,0.000,0.000,0.000,,1.044,0.546,6.272,0.033,0.041,5.567,0.256,55,0,0,0,0.215,0.000,0.000,1.000,0.000,0.000,0.028,1.000,1.005,0.000,1.049,00-0035710,0.009,0.275,0.000,5,,,,,,,,,,,,,0.087,0.166,,,,,25.904,0.000,0.000,-1.623,0.000,189.023,84.597,111.450,49.892,25.297,-0.022,-0.018,,,-10.922,-11.322,-10.922,0.370
2026,2,2026_02_JAX_DEN,JAX,DEN,Trevor Lawrence,QB,,29,189,2,6,0,0,0,0.000,0.083,1.000,21.500,-2.500,0,12.000,58.757,0.523,30.293,242.648,8.154,7.312,4.489,20.414,0.164,4.549,0.000,0.000,-0.010,0.000,0.000,,0.936,82,0,0,0,0.000,0.000,0.000,0.000,0.000,0.000,0.000,1.000,1.000,4.489,0.000,00-0036971,,,,0,,,,,,,,,2.911,17.211,2.810,1.010,,,3.232,1.310,0.286,0.220,0.000,22.837,243.849,0.000,-2.423,193.411,93.709,105.621,62.892,24.787,-0.060,0.016,,,-31.360,4.276,-31.363,0.444
2026,2,2026_02_JAX_DEN,JAX,DEN,Ameer Abdullah,RB,,0,0,3,11,1,1,2,0.036,0.125,0.100,21.500,-2.500,0,12.000,58.757,0.523,0.000,0.000,,,1.926,10.497,0.068,4.444,1.693,1.595,9.948,0.057,-0.003,4.836,0.141,116,0,0,0,0.000,0.000,0.000,0.000,0.000,0.000,0.000,1.000,1.000,1.926,1.693,00-0036971,0.048,1.000,0.000,1,,,,,,,,,,,,,0.000,0.255,2.289,2.179,0.208,,10.145,9.309,0.000,0.411,1.933,193.411,93.709,105.621,62.892,24.787,-0.060,0.016,,,-31.360,4.276,-31.363,0.444
2026,2,2026_02_JAX_DEN,JAX,DEN,Bhayshul Tuten,RB,,0,0,13,65,2,2,-3,0.071,0.542,0.510,21.500,-2.500,0,12.000,58.757,0.523,0.000,0.000,,,6.734,31.600,0.230,5.256,0.670,0.529,6.532,0.025,0.001,8.377,0.271,18,0,0,0,0.000,0.000,0.000,0.000,0.000,0.000,0.000,1.000,1.000,6.734,0.670,00-0036971,0.025,0.670,6.532,17,,,,,,4.201,26.667,0.602,,,,,0.000,0.033,3.041,2.231,0.347,,3.982,29.488,0.000,2.551,2.112,193.411,93.709,105.621,62.892,24.787,-0.060,0.016,,,-31.360,4.276,-31.363,0.444
2026,2,2026_02_JAX_DEN,JAX,DEN,Chris Rodriguez Jr.,RB,RB1,0,0,6,13,0,0,0,0.000,0.250,0.220,21.500,-2.500,0,12.000,58.757,0.523,0.000,0.000,,,9.710,42.239,0.317,4.092,0.417,0.337,3.725,0.017,0.004,,0.362,30,0,0,0,0.000,0.000,0.000,0.000,0.000,0.000,0.000,1.000,1.000,9.710,0.417,00-0036971,0.000,0.000,0.000,1,,,,,,,,,,,,,,,1.575,2.511,1.356,,2.027,38.484,0.000,1.750,4.318,193.411,93.709,105.621,62.892,24.787,-0.060,0.016,67.134,1.035,-31.360,4.276,-31.363,0.444
2026,2,2026_02_JAX_DEN,JAX,DEN,LeQuint Allen Jr.,RB,,0,0,0,0,1,0,0,0.036,0.000,0.150,21.500,-2.500,0,12.000,58.757,0.523,0.000,0.000,,,1.738,5.768,0.059,3.681,0.636,0.611,3.637,0.021,-0.004,5.551,0.233,18,0,1,0,0.000,0.000,0.000,0.000,0.000,0.000,0.000,1.000,1.000,1.738,0.636,00-0036971,0.021,0.636,3.637,17,,,,,,,,,,,,,0.000,0.000,2.127,1.560,0.163,,4.092,8.057,0.000,-0.116,-1.604,193.411,93.709,105.621,62.892,24.787,-0.060,0.016,,,-31.360,4.276,-31.363,0.444
2026,2,2026_02_JAX_DEN,JAX,DEN,Brenton Strange,TE,TE1,0,0,0,0,2,2,17,0.071,0.000,0.830,21.500,-2.500,0,12.000,58.757,0.523,0.000,0.000,,,0.000,0.000,0.000,,4.659,3.240,35.380,0.154,0.125,8.156,0.735,36,0,0,0,0.000,0.000,0.000,0.000,0.000,0.000,0.000,1.000,1.000,0.000,4.659,00-0036971,0.154,4.642,35.103,26,,,,,,,,,,,,,0.048,0.076,,,,,35.530,0.000,0.000,-0.110,0.000,193.411,93.709,105.621,62.892,24.787,-0.060,0.016,47.895,1.285,-31.360,4.276,-31.363,0.444
2026,2,2026_02_JAX_DEN,JAX,DEN,Quintin Morris,TE,,0,0,0,0,1,1,7,0.036,0.000,0.220,21.500,-2.500,0,12.000,58.757,0.523,0.000,0.000,,,0.000,0.000,0.000,,0.923,0.576,4.675,0.035,0.017,5.008,0.301,37,0,0,0,0.000,0.000,0.000,0.000,0.000,0.000,0.000,1.000,1.000,0.000,0.923,00-0036971,0.035,0.890,4.523,12,,,,,,,,,,,,,0.027,0.000,,,,,10.394,0.000,0.000,-1.952,0.000,193.411,93.709,105.621,62.892,24.787,-0.060,0.016,,,-31.360,4.276,-31.363,0.444
2026,2,2026_02_JAX_DEN,JAX,DEN,Brian Thomas Jr.,WR,WR3,0,0,0,0,8,3,40,0.286,0.000,0.540,21.500,-2.500,0,12.000,58.757,0.523,0.000,0.000,,,0.120,0.810,0.004,,5.091,3.278,46.116,0.165,0.252,9.622,0.686,34,0,1,0,0.000,0.000,0.000,0.000,0.000,0.000,0.000,1.000,1.000,0.120,5.091,00-0036971,0.157,4.842,44.422,25,,,,,,,,,,,,,0.040,0.135,,,,,47.501,0.767,0.000,-1.385,0.043,193.411,93.709,105.621,62.892,24.787,-0.060,0.016,23.063,1.184,-31.360,4.276,-31.363,0.444
2026,2,2026_02_JAX_DEN,JAX,DEN,Jakobi Meyers,WR,WR2,0,0,0,0,1,1,28,0.036,0.000,0.900,21.500,-2.500,0,12.000,58.757,0.523,0.001,0.004,,,0.458,1.095,0.015,4.821,5.914,3.873,44.414,0.196,0.216,9.072,0.830,104,0,1,0,0.000,0.000,0.000,0.000,0.000,0.000,0.000,1.000,1.000,0.458,5.914,00-0036971,0.191,5.702,43.075,11,,,,,,,,,,,,,0.040,0.050,2.739,2.083,0.075,,48.260,2.822,0.004,-3.846,-1.728,193.411,93.709,105.621,62.892,24.787,-0.060,0.016,29.783,0.748,-31.360,4.276,-31.363,0.444
2026,2,2026_02_JAX_DEN,JAX,DEN,Josh Cameron,WR,,0,0,0,0,0,0,0,0.000,0.000,0.170,21.500,-2.500,0,12.000,58.757,0.523,0.000,0.000,,,0.000,0.000,0.000,,2.000,2.000,20.000,0.095,0.074,10.000,0.330,2,0,0,0,0.000,0.000,0.000,0.000,0.000,0.000,0.000,1.000,1.000,0.000,2.000,00-0036971,0.095,2.000,20.000,1,,,,,,,,,,,,,0.000,0.000,,,,,14.620,0.000,0.000,5.380,0.000,193.411,93.709,105.621,62.892,24.787,-0.060,0.016,,,-31.360,4.276,-31.363,0.444
2026,2,2026_02_JAX_DEN,JAX,DEN,Parker Washington,WR,WR1,0,0,0,0,12,7,98,0.429,0.000,0.810,21.500,-2.500,0,12.000,58.757,0.523,0.000,0.000,,,0.515,-0.117,0.022,,7.346,4.818,77.225,0.247,0.339,10.633,0.661,41,0,0,0,0.000,0.000,0.000,0.000,0.000,0.000,0.000,1.000,1.000,0.515,7.346,00-0036971,0.245,7.294,76.855,32,2.632,5.704,12.971,0.575,66.864,,,,,,,,0.035,0.206,,,,,66.937,3.084,0.000,10.690,-3.201,193.411,93.709,105.621,62.892,24.787,-0.060,0.016,36.605,0.694,-31.360,4.276,-31.363,0.444
2026,2,2026_02_IND_KC,KC,IND,Patrick Mahomes,QB,,47,382,2,17,0,0,0,0.000,0.071,1.000,26.250,6.000,0,10.000,56.795,0.554,33.891,236.546,6.972,1.409,4.500,27.090,0.158,6.274,0.113,0.113,-1.124,0.004,-0.003,,0.979,148,0,0,0,0.000,0.000,0.000,0.000,0.000,0.000,0.000,1.000,1.000,4.500,0.113,00-0033873,,,,0,,,,,,,,,2.801,11.634,-5.056,-1.373,,,5.044,1.243,0.214,0.222,0.292,24.459,241.463,-1.416,2.631,269.750,106.754,178.387,69.901,21.418,0.034,-0.001,,,12.422,-1.060,12.423,0.374
2026,2,2026_02_IND_KC,KC,IND,Brashard Smith,RB,,0,0,0,0,0,0,0,0.000,0.000,0.000,26.250,6.000,0,10.000,56.795,0.554,0.000,0.000,,,3.139,12.583,0.126,3.692,2.194,1.495,6.676,0.079,-0.037,3.443,0.202,18,0,0,0,0.000,0.000,0.000,0.000,0.000,0.000,0.000,1.000,1.000,3.139,2.194,00-0033873,0.040,1.465,9.018,14,,,,,,4.416,34.421,0.585,,,,,0.055,0.153,2.724,0.978,0.000,,12.203,15.308,0.000,-4.371,-1.946,269.750,106.754,178.387,69.901,21.418,0.034,-0.001,,,12.422,-1.060,12.423,0.374
2026,2,2026_02_IND_KC,KC,IND,Emmett Johnson,RB,,0,0,2,15,2,2,20,0.047,0.071,0.180,26.250,6.000,0,10.000,56.795,0.554,0.000,0.000,,,8.000,24.000,0.211,3.000,2.000,2.000,44.000,0.080,-0.060,22.000,0.360,2,0,0,0,0.000,0.000,0.000,0.000,0.000,0.000,0.000,1.000,1.000,8.000,2.000,00-0033873,0.080,2.000,44.000,1,,,,,,,,,,,,,0.000,3.000,0.900,2.100,0.000,,11.490,31.170,0.000,32.510,-7.170,269.750,106.754,178.387,69.901,21.418,0.034,-0.001,,,12.422,-1.060,12.423,0.374
2026,2,2026_02_IND_KC,KC,IND,Kenneth Walker III,RB,RB1,0,0,24,117,10,6,61,0.233,0.857,0.820,26.250,6.000,0,10.000,56.795,0.554,0.000,0.000,,,17.729,94.881,0.565,5.204,3.567,2.657,25.461,0.133,-0.020,7.309,0.564,64,0,0,0,0.000,0.000,0.000,0.000,0.000,0.000,0.000,1.000,1.000,17.729,3.567,00-0033873,0.240,6.000,18.000,1,,,,,,4.540,27.678,1.280,,,,,0.105,0.448,2.609,2.582,2.718,,21.710,78.931,0.000,3.751,15.951,269.750,106.754,178.387,69.901,21.418,0.034,-0.001,76.790,1.164,12.422,-1.060,12.423,0.374
2026,2,2026_02_IND_KC,KC,IND,Noah Gray,TE,,0,0,0,0,1,0,0,0.023,0.000,0.500,26.250,6.000,0,10.000,56.795,0.554,0.000,0.000,,,0.008,-0.033,0.001,,2.340,1.502,12.537,0.076,0.054,5.421,0.511,83,0,0,0,0.000,0.000,0.000,0.000,0.000,0.000,0.000,1.000,1.000,0.008,2.340,00-0033873,0.076,2.541,13.751,77,,,,,,,,,,,,,0.085,0.001,,,,,18.469,0.068,0.000,-4.513,-0.108,269.750,106.754,178.387,69.901,21.418,0.034,-0.001,,,12.422,-1.060,12.423,0.374
2026,2,2026_02_IND_KC,KC,IND,Travis Kelce,TE,TE1,0,0,0,0,11,9,101,0.256,0.000,0.850,26.250,6.000,0,10.000,56.795,0.554,0.000,0.000,,,0.048,0.049,0.001,,6.160,4.010,45.023,0.215,0.220,7.353,0.835,151,0,0,0,0.000,0.000,0.000,0.000,0.000,0.000,0.000,1.000,1.000,0.048,6.160,00-0033873,0.209,6.696,57.552,144,3.200,6.035,6.887,1.466,66.757,,,,,,,,0.042,0.208,,,,,44.244,0.110,0.000,0.779,-0.061,269.750,106.754,178.387,69.901,21.418,0.034,-0.001,56.488,1.512,12.422,-1.060,12.423,0.374
2026,2,2026_02_IND_KC,KC,IND,Jalen Royals,WR,,0,0,0,0,2,2,6,0.047,0.000,0.150,26.250,6.000,0,10.000,56.795,0.554,0.000,0.000,,,0.000,0.000,0.000,,0.990,0.660,1.320,0.033,0.033,,0.274,4,0,0,0,0.000,0.000,0.000,0.000,0.000,0.000,0.000,1.000,1.000,0.000,0.990,00-0033873,0.000,0.000,0.000,2,,,,,,,,,,,,,,,,,,,,,,,,269.750,106.754,178.387,69.901,21.418,0.034,-0.001,,,12.422,-1.060,12.423,0.374
2026,2,2026_02_IND_KC,KC,IND,Nikko Remigio,WR,,0,0,0,0,0,0,0,0.000,0.000,0.000,26.250,6.000,0,10.000,56.795,0.554,0.000,0.000,,,0.020,0.223,0.001,,0.060,0.031,0.702,0.003,0.005,,0.033,24,0,0,0,0.000,0.000,0.000,0.000,0.000,0.000,0.000,1.000,1.000,0.020,0.060,00-0033873,0.001,0.020,0.429,21,,,,,,,,,,,,,,,,,,,,,,,,269.750,106.754,178.387,69.901,21.418,0.034,-0.001,,,12.422,-1.060,12.423,0.374
2026,2,2026_02_IND_KC,KC,IND,Rashee Rice,WR,WR1,0,0,0,0,6,4,83,0.140,0.000,0.790,26.250,6.000,0,10.000,56.795,0.554,0.000,0.000,,,0.365,1.208,0.015,,8.147,5.671,60.623,0.251,0.132,7.861,0.758,34,0,0,0,0.000,0.000,0.000,0.000,0.000,0.000,0.000,1.000,1.000,0.365,8.147,00-0033873,0.251,8.147,60.623,33,,,,,,,,,,,,,0.046,0.535,,,,,51.623,1.635,0.000,11.645,-0.406,269.750,106.754,178.387,69.901,21.418,0.034,-0.001,75.072,1.110,12.422,-1.060,12.423,0.374
2026,2,2026_02_IND_KC,KC,IND,Tyquan Thornton,WR,WR3,0,0,0,0,4,4,86,0.093,0.000,0.590,26.250,6.000,0,10.000,56.795,0.554,0.000,0.000,,,0.016,0.242,0.001,,2.228,1.127,23.862,0.070,0.230,8.821,0.422,39,0,0,0,0.000,0.000,0.000,0.000,0.000,0.000,0.000,1.000,1.000,0.016,2.228,00-0033873,0.069,2.211,25.150,13,,,,,,,,,,,,,0.041,0.020,,,,,26.085,0.111,0.000,0.703,0.177,269.750,106.754,178.387,69.901,21.418,0.034,-0.001,52.242,2.170,12.422,-1.060,12.423,0.374
2026,2,2026_02_IND_KC,KC,IND,Xavier Worthy,WR,WR2,0,0,0,0,7,5,25,0.163,0.000,0.860,26.250,6.000,0,10.000,56.795,0.554,0.000,0.000,,,0.635,3.052,0.030,,5.066,2.799,35.346,0.175,0.286,6.993,0.765,35,0,0,0,0.000,0.000,0.000,0.000,0.000,0.000,0.000,1.000,1.000,0.635,5.066,00-0033873,0.181,5.727,42.304,32,3.996,7.116,10.324,-0.884,61.229,,,,,,,,0.049,0.075,,,,,40.591,4.256,0.000,-5.245,-1.205,269.750,106.754,178.387,69.901,21.418,0.034,-0.001,39.949,1.037,12.422,-1.060,12.423,0.374
2026,2,2026_02_NYG_LA,LA,NYG,Matthew Stafford,QB,,31,327,4,-1,0,0,0,0.000,0.143,1.000,27.000,6.500,1,0.000,64.084,0.565,35.697,276.738,7.693,6.696,1.504,2.507,0.054,1.409,0.000,0.000,0.000,0.000,0.000,,0.964,126,0,0,0,0.265,0.000,0.000,0.000,0.000,0.000,0.360,1.000,1.082,1.504,0.000,00-0026498,,,,0,,,,,,,,,,,,,,,1.066,0.344,0.000,0.199,0.000,3.452,283.223,-0.000,-0.945,203.426,100.807,128.397,46.758,27.851,0.019,0.047,,,-7.942,11.097,-7.935,0.403
2026,2,2026_02_NYG_LA,LA,NYG,Blake Corum,RB,,0,0,12,79,1,1,13,0.033,0.429,0.450,27.000,6.500,1,0.000,64.084,0.565,0.000,0.000,,,9.343,47.235,0.335,5.015,0.959,0.840,6.207,0.026,0.005,,0.317,37,0,0,0,0.265,0.000,0.000,0.000,0.000,0.000,0.360,1.000,1.082,9.343,1.038,00-0026498,0.026,0.957,6.171,35,,,,,,,,,,,,,,,3.322,1.681,0.433,,6.506,41.187,0.000,-0.296,6.065,203.426,100.807,128.397,46.758,27.851,0.019,0.047,,,-7.942,11.097,-7.935,0.403
2026,2,2026_02_NYG_LA,LA,NYG,Kyren Williams,RB,RB1,0,0,12,85,2,2,12,0.067,0.429,0.550,27.000,6.500,1,0.000,64.084,0.565,0.000,0.000,,,14.186,64.375,0.514,4.595,3.029,2.448,20.135,0.085,0.025,7.200,0.633,61,0,0,0,0.265,0.000,0.000,0.000,0.000,0.000,0.360,1.000,1.082,14.186,3.278,00-0026498,0.085,3.029,20.136,53,,,,,,,,,,,,,0.017,0.278,2.589,2.020,0.723,,19.042,59.761,0.000,1.093,4.615,203.426,100.807,128.397,46.758,27.851,0.019,0.047,77.455,1.689,-7.942,11.097,-7.935,0.403
2026,2,2026_02_NYG_LA,LA,NYG,Colby Parkinson,TE,TE1,0,0,0,0,2,2,15,0.067,0.000,0.710,27.000,6.500,1,0.000,64.084,0.565,0.000,0.000,,,0.000,0.000,0.000,,4.346,2.824,35.831,0.123,0.069,7.921,0.722,73,0,0,0,0.265,0.000,0.000,0.000,0.000,0.000,0.360,1.000,1.082,0.000,4.704,00-0026498,0.123,4.357,35.908,35,,,,,,,,,,,,,0.118,0.340,,,,,31.325,0.000,0.000,4.541,0.000,203.426,100.807,128.397,46.758,27.851,0.019,0.047,30.366,1.455,-7.942,11.097,-7.935,0.403
2026,2,2026_02_NYG_LA,LA,NYG,Davis Allen,TE,,0,0,0,0,1,1,7,0.033,0.000,0.520,27.000,6.500,1,0.000,64.084,0.565,0.000,0.000,,,0.000,0.000,0.000,,2.262,1.513,14.615,0.063,0.021,6.304,0.538,33,0,0,0,0.265,0.000,0.000,0.000,0.000,0.000,0.360,1.000,1.082,0.000,2.449,00-0026498,0.063,2.259,14.600,30,,,,,,,,,,,,,0.056,0.133,,,,,15.730,0.000,0.000,-0.947,0.000,203.426,100.807,128.397,46.758,27.851,0.019,0.047,,,-7.942,11.097,-7.935,0.403
2026,2,2026_02_NYG_LA,LA,NYG,Terrance Ferguson,TE,,0,0,0,0,9,6,54,0.300,0.000,0.580,27.000,6.500,1,0.000,64.084,0.565,0.000,0.000,,,0.022,0.000,0.001,,2.394,0.809,15.298,0.066,0.107,4.467,0.497,15,0,0,0,0.265,0.000,0.000,0.000,0.000,0.000,0.360,1.000,1.082,0.022,2.591,00-0026498,0.066,2.394,15.298,14,,,,,,,,,,,,,0.000,0.000,,,,,21.895,0.063,0.000,-6.596,-0.063,203.426,100.807,128.397,46.758,27.851,0.019,0.047,,,-7.942,11.097,-7.935,0.403
2026,2,2026_02_NYG_LA,LA,NYG,Davante Adams,WR,WR1,0,0,0,0,10,8,195,0.333,0.000,0.650,27.000,6.500,1,0.000,64.084,0.565,0.000,0.000,,,0.000,-0.000,0.000,,7.620,3.885,53.252,0.226,0.309,7.196,0.657,129,0,0,0,0.265,0.000,0.000,0.000,0.000,0.000,0.360,1.000,1.082,0.000,8.248,00-0026498,0.222,7.480,51.943,18,,,,,,,,,,,,,0.027,0.159,,,,,66.020,0.000,0.000,-12.768,-0.000,203.426,100.807,128.397,46.758,27.851,0.019,0.047,49.815,0.989,-7.942,11.097,-7.935,0.403
2026,2,2026_02_NYG_LA,LA,NYG,Konata Mumpfield,WR,WR3,0,0,0,0,2,1,12,0.067,0.000,0.690,27.000,6.500,1,0.000,64.084,0.565,0.000,0.000,,,0.000,0.000,0.000,,2.157,0.828,6.928,0.058,0.070,2.987,0.363,15,0,0,0,0.265,0.000,0.000,0.000,0.000,0.000,0.360,1.000,1.082,0.000,2.335,00-0026498,0.058,2.157,6.928,14,,,,,,,,,,,,,0.097,0.000,,,,,17.670,0.000,0.000,-10.418,0.000,203.426,100.807,128.397,46.758,27.851,0.019,0.047,29.994,1.093,-7.942,11.097,-7.935,0.403
2026,2,2026_02_NYG_LA,LA,NYG,Tutu Atwell,WR,WR2,0,0,0,0,2,1,19,0.067,0.000,0.180,27.000,6.500,1,0.000,64.084,0.565,0.004,0.000,,,0.027,0.044,0.001,,2.370,1.152,24.806,0.067,0.119,9.487,0.292,58,0,0,0,0.265,0.000,0.000,0.000,0.000,0.000,0.360,1.000,1.082,0.027,2.565,00-0026498,0.063,2.192,24.546,47,,,,,,,,,,,,,0.150,0.003,,,,,25.565,0.164,0.039,-0.757,-0.120,203.426,100.807,128.397,46.758,27.851,0.019,0.047,30.389,0.704,-7.942,11.097,-7.935,0.403
2026,2,2026_02_NYG_LA,LA,NYG,Xavier Smith,WR,,0,0,0,0,1,0,0,0.033,0.000,0.420,27.000,6.500,1,0.000,64.084,0.565,0.000,0.000,,,0.008,0.040,0.000,,1.012,0.733,12.433,0.029,0.046,,0.241,37,0,0,0,0.265,0.000,0.000,0.000,0.000,0.000,0.360,1.000,1.082,0.008,1.095,00-0026498,0.029,1.012,12.438,35,,,,,,,,,,,,,,,,,,,,,,,,203.426,100.807,128.397,46.758,27.851,0.019,0.047,,,-7.942,11.097,-7.935,0.403
2026,2,2026_02_LV_LAC,LAC,LV,Justin Herbert,QB,,27,192,3,2,0,0,0,0.000,0.094,1.000,25.000,6.500,1,0.000,57.392,0.551,29.443,211.791,7.177,-2.265,5.968,34.193,0.235,5.497,0.000,0.000,0.001,0.000,-0.000,,0.976,100,0,0,0,0.000,0.000,0.000,0.892,0.000,0.000,0.000,1.000,1.000,5.968,0.000,00-0036355,,,,0,,,,,,,,,2.951,15.334,1.664,-0.493,,,4.149,1.354,0.207,0.298,0.000,33.604,213.849,0.000,0.588,203.177,91.694,140.540,34.733,26.537,0.008,-0.017,,,-9.103,-7.108,-9.104,0.219
2026,2,2026_02_LV_LAC,LAC,LV,Keaton Mitchell,RB,,0,0,5,24,1,1,15,0.038,0.156,0.250,25.000,6.500,1,0.000,57.392,0.551,0.000,0.000,,,5.050,24.134,0.162,4.718,0.747,0.562,3.768,0.035,-0.015,,0.217,27,0,0,0,0.000,0.000,0.000,0.892,0.000,0.000,0.000,1.000,1.000,5.050,0.747,00-0036355,0.000,0.000,0.000,1,,,,,,,,,,,,,,,2.859,1.896,0.267,,4.308,24.571,0.000,0.010,1.559,203.177,91.694,140.540,34.733,26.537,0.008,-0.017,,,-9.103,-7.108,-9.104,0.219
2026,2,2026_02_LV_LAC,LAC,LV,Kimani Vidal,RB,,0,0,0,0,0,0,0,0.000,0.000,0.100,25.000,6.500,1,0.000,57.392,0.551,0.000,0.000,,,10.642,39.074,0.370,3.385,1.641,1.142,12.040,0.056,0.017,7.119,0.576,24,0,0,0,0.000,0.000,0.000,0.892,0.000,0.000,0.000,1.000,1.000,10.642,1.641,00-0036355,0.059,1.703,14.079,22,,,,,,4.526,26.244,-0.262,,,,,0.072,0.219,1.578,1.805,0.211,,9.362,46.678,0.000,2.780,-7.204,203.177,91.694,140.540,34.733,26.537,0.008,-0.017,,,-9.103,-7.108,-9.104,0.219
2026,2,2026_02_LV_LAC,LAC,LV,Omarion Hampton,RB,RB1,0,0,23,94,2,2,21,0.077,0.719,0.630,25.000,6.500,1,0.000,57.392,0.551,0.000,0.000,,,11.608,47.075,0.471,3.326,2.676,2.479,13.445,0.084,-0.023,,0.515,12,0,0,0,0.000,0.000,0.000,0.892,0.000,0.000,0.000,1.000,1.000,11.608,2.676,00-0036355,0.084,2.676,13.445,11,,,,,,4.490,22.927,0.395,,,,,,,1.880,1.463,1.952,,14.558,49.934,0.000,-1.113,-2.859,203.177,91.694,140.540,34.733,26.537,0.008,-0.017,57.400,1.132,-9.103,-7.108,-9.104,0.219
2026,2,2026_02_LV_LAC,LAC,LV,Charlie Kolar,TE,,0,0,0,0,3,3,21,0.115,0.000,0.620,25.000,6.500,1,0.000,57.392,0.551,0.000,0.000,,,0.004,0.008,0.000,,0.788,0.513,7.980,0.032,0.029,,0.418,37,0,0,0,0.000,0.000,0.000,0.892,0.000,0.000,0.000,1.000,1.000,0.004,0.788,00-0036355,0.000,0.000,0.000,1,,,,,,,,,,,,,,,,,,,,,,,,203.177,91.694,140.540,34.733,26.537,0.008,-0.017,,,-9.103,-7.108,-9.104,0.219
2026,2,2026_02_LV_LAC,LAC,LV,David Njoku,TE,TE1,0,0,0,0,3,1,9,0.115,0.000,0.160,25.000,6.500,1,0.000,57.392,0.551,0.000,0.000,,,0.000,-0.000,0.000,,4.463,3.351,29.638,0.134,0.086,5.880,0.583,101,0,0,0,0.000,0.000,0.000,0.892,0.000,0.000,0.000,1.000,1.000,0.000,4.463,00-0036355,0.185,5.000,58.000,1,2.993,6.262,5.750,0.991,71.695,,,,,,,,0.018,0.131,,,,,26.948,0.001,0.000,2.689,-0.001,203.177,91.694,140.540,34.733,26.537,0.008,-0.017,26.469,0.692,-9.103,-7.108,-9.104,0.219
2026,2,2026_02_LV_LAC,LAC,LV,Oronde Gadsden II,TE,,0,0,0,0,2,2,18,0.077,0.000,0.440,25.000,6.500,1,0.000,57.392,0.551,0.000,0.000,,,0.000,0.000,0.000,,3.521,2.598,33.849,0.120,0.124,10.309,0.524,18,0,0,0,0.000,0.000,0.000,0.892,0.000,0.000,0.000,1.000,1.000,0.000,3.521,00-0036355,0.131,3.801,35.560,16,,,,,,,,,,,,,0.075,0.119,,,,,25.853,0.000,0.000,7.995,0.000,203.177,91.694,140.540,34.733,26.537,0.008,-0.017,,,-9.103,-7.108,-9.104,0.219
2026,2,2026_02_LV_LAC,LAC,LV,Brenen Thompson,WR,,0,0,0,0,3,1,13,0.115,0.000,0.180,25.000,6.500,1,0.000,57.392,0.551,,,,,,,,,,,,,,,,1,0,0,0,0.000,0.000,0.000,0.892,0.000,0.000,0.000,1.000,1.000,,,00-0036355,,,,0,,,,,,,,,,,,,,,,,,,,,,,,203.177,91.694,140.540,34.733,26.537,0.008,-0.017,,,-9.103,-7.108,-9.104,0.219
2026,2,2026_02_LV_LAC,LAC,LV,Derius Davis,WR,,0,0,0,0,1,0,0,0.038,0.000,0.120,25.000,6.500,1,0.000,57.392,0.551,0.000,0.000,,,0.137,0.144,0.005,,0.536,0.288,1.957,0.018,0.045,4.608,0.153,47,0,0,0,0.000,0.000,0.000,0.892,0.000,0.000,0.000,1.000,1.000,0.137,0.536,00-0036355,0.017,0.474,1.375,40,,,,,,,,,,,,,0.000,0.034,,,,,6.969,3.066,0.000,-2.120,-2.303,203.177,91.694,140.540,34.733,26.537,0.008,-0.017,,,-9.103,-7.108,-9.104,0.219
2026,2,2026_02_LV_LAC,LAC,LV,Ladd McConkey,WR,WR2,0,0,0,0,3,3,35,0.115,0.000,0.460,25.000,6.500,1,0.000,57.392,0.551,0.000,0.000,,,0.000,0.000,0.000,,5.582,3.613,49.074,0.196,0.260,9.044,0.743,36,1,1,0,0.000,0.000,0.000,0.892,0.000,0.000,0.000,1.000,1.000,0.000,5.582,00-0036355,0.196,5.582,49.074,35,3.007,5.675,12.077,1.235,61.743,,,,,,,,0.019,0.193,,,,,45.085,0.000,0.000,3.998,0.000,203.177,91.694,140.540,34.733,26.537,0.008,-0.017,,,-9.103,-7.108,-9.104,0.219
2026,2,2026_02_LV_LAC,LAC,LV,Quentin Johnston,WR,WR1,0,0,1,7,5,1,7,0.192,0.031,0.810,25.000,6.500,1,0.000,57.392,0.551,0.000,0.000,,,0.052,0.235,0.002,,5.989,3.327,44.746,0.201,0.259,7.130,0.759,49,0,0,0,0.000,0.000,0.000,0.892,0.000,0.000,0.000,1.000,1.000,0.052,5.989,00-0036355,0.201,5.989,44.730,43,2.489,6.165,13.122,0.635,53.068,,,,,,,,0.018,0.171,,,,,48.268,0.383,0.000,-3.521,-0.148,203.177,91.694,140.540,34.733,26.537,0.008,-0.017,55.627,1.427,-9.103,-7.108,-9.104,0.219
2026,2,2026_02_LV_LAC,LAC,LV,Tre Harris,WR,WR3,0,0,0,0,3,1,53,0.115,0.000,0.820,25.000,6.500,1,0.000,57.392,0.551,0.000,0.000,,,0.158,0.869,0.006,,3.722,2.225,23.452,0.129,0.134,6.796,0.615,19,0,0,0,0.000,0.000,0.000,0.892,0.000,0.000,0.000,1.000,1.000,0.158,3.722,00-0036355,0.122,3.347,23.012,17,2.100,5.114,9.908,1.274,57.726,,,,,,,,0.017,0.017,,,,,27.931,0.875,0.000,-4.478,-0.005,203.177,91.694,140.540,34.733,26.537,0.008,-0.017,,,-9.103,-7.108,-9.104,0.219
2026,2,2026_02_LV_LAC,LV,LAC,Kirk Cousins,QB,,29,253,4,1,0,0,0,0.000,0.143,1.000,18.500,-6.500,1,0.000,53.331,0.560,29.561,190.205,6.258,0.647,2.222,-0.662,0.071,0.480,0.001,0.001,-0.001,0.000,-0.000,,0.949,117,0,0,0,0.000,0.000,0.965,0.550,0.000,0.000,0.000,1.000,1.000,2.222,0.001,00-0029604,,,,0,,,,,,,,,2.780,17.104,0.392,-1.636,,,0.260,0.217,0.000,0.218,0.002,3.573,218.811,-0.003,-4.235,221.219,85.628,135.022,55.449,30.311,-0.018,-0.016,,,-0.676,-4.204,-0.676,0.236
2026,2,2026_02_LV_LAC,LV,LAC,Ashton Jeanty,RB,RB1,0,0,21,48,7,4,15,0.241,0.750,0.810,18.500,-6.500,1,0.000,53.331,0.560,0.000,0.000,,,17.869,68.669,0.747,3.670,4.752,3.709,25.893,0.170,-0.014,7.118,0.813,19,0,0,0,0.000,0.000,0.965,0.550,0.000,0.000,0.000,1.000,1.000,17.869,4.752,00-0029604,0.207,6.000,45.000,1,,,,,,4.210,23.305,-0.029,,,,,0.032,0.319,1.896,1.790,1.550,,25.060,76.807,0.000,0.833,-8.138,221.219,85.628,135.022,55.449,30.311,-0.018,-0.016,48.585,0.986,-0.676,-4.204,-0.676,0.236
2026,2,2026_02_LV_LAC,LV,LAC,Dylan Laube,RB,,0,0,0,0,0,0,0,0.000,0.000,0.130,18.500,-6.500,1,0.000,53.331,0.560,0.000,0.000,,,0.249,0.419,0.018,,0.056,0.044,0.196,0.002,-0.002,,0.036,25,0,0,0,0.000,0.000,0.965,0.550,0.000,0.000,0.000,1.000,1.000,0.249,0.056,00-0029604,0.000,0.000,0.000,1,,,,,,,,,,,,,,,,,,,,,,,,221.219,85.628,135.022,55.449,30.311,-0.018,-0.016,,,-0.676,-4.204,-0.676,0.236
2026,2,2026_02_LV_LAC,LV,LAC,Mike Washington Jr.,RB,,0,0,3,7,1,0,0,0.034,0.107,0.190,18.500,-6.500,1,0.000,53.331,0.560,0.000,0.000,,,7.000,41.000,0.194,5.857,0.000,0.000,0.000,0.000,0.000,,0.190,2,0,0,0,0.000,0.000,0.965,0.550,0.000,0.000,0.000,1.000,1.000,7.000,0.000,00-0029604,0.000,0.000,0.000,1,,,,,,,,,,,,,,,4.300,1.600,0.000,,0.000,31.500,0.000,0.000,9.500,221.219,85.628,135.022,55.449,30.311,-0.018,-0.016,,,-0.676,-4.204,-0.676,0.236
2026,2,2026_02_LV_LAC,LV,LAC,Ian Thomas,TE,,0,0,0,0,1,1,11,0.034,0.000,0.490,18.500,-6.500,1,0.000,53.331,0.560,0.000,0.000,,,0.000,0.000,0.000,,1.656,1.512,13.071,0.054,0.032,7.854,0.416,81,0,0,0,0.000,0.000,0.965,0.550,0.000,0.000,0.000,1.000,1.000,0.000,1.656,00-0029604,,,,0,,,,,,,,,,,,,0.029,0.014,,,,,11.416,0.000,0.000,2.280,0.000,221.219,85.628,135.022,55.449,30.311,-0.018,-0.016,,,-0.676,-4.204,-0.676,0.236
2026,2,2026_02_LV_LAC,LV,LAC,Michael Mayer,TE,TE1,0,0,0,0,4,3,23,0.138,0.000,0.840,18.500,-6.500,1,0.000,53.331,0.560,0.000,0.000,,,0.000,0.000,0.000,,4.619,3.431,30.190,0.164,0.130,6.373,0.693,39,0,0,0,0.000,0.000,0.965,0.550,0.000,0.000,0.000,1.000,1.000,0.000,4.619,00-0029604,0.241,7.000,32.000,1,3.163,5.896,4.818,0.707,73.112,,,,,,,,0.010,0.224,,,,,31.928,0.000,0.000,-0.239,0.000,221.219,85.628,135.022,55.449,30.311,-0.018,-0.016,49.603,1.111,-0.676,-4.204,-0.676,0.236
2026,2,2026_02_LV_LAC,LV,LAC,Cody White,WR,,0,0,0,0,2,2,24,0.069,0.000,,18.500,-6.500,1,0.000,53.331,0.560,0.000,0.000,,,0.000,0.000,0.000,,0.685,0.430,7.933,0.024,0.025,10.564,,19,0,0,0,0.000,0.000,0.965,0.550,0.000,0.000,0.000,1.000,1.000,0.000,0.685,00-0029604,0.034,1.000,0.000,1,,,,,,,,,,,,,,,,,,,12.255,0.000,0.000,6.045,0.000,221.219,85.628,135.022,55.449,30.311,-0.018,-0.016,,,-0.676,-4.204,-0.676,0.236
2026,2,2026_02_LV_LAC,LV,LAC,Dareke Young,WR,,0,0,0,0,1,1,27,0.034,0.000,0.190,18.500,-6.500,1,0.000,53.331,0.560,0.000,0.000,,,0.000,0.000,0.000,,0.169,0.082,1.943,0.006,0.013,,0.091,28,0,0,0,0.000,0.000,0.965,0.550,0.000,0.000,0.000,1.000,1.000,0.000,0.169,00-0029604,0.000,0.000,0.000,1,,,,,,,,,,,,,,,,,,,,,,,,221.219,85.628,135.022,55.449,30.311,-0.018,-0.016,,,-0.676,-4.204,-0.676,0.236
2026,2,2026_02_LV_LAC,LV,LAC,Jack Bech,WR,WR3,0,0,0,0,2,2,25,0.069,0.000,0.540,18.500,-6.500,1,0.000,53.331,0.560,0.000,0.000,,,0.000,0.000,0.000,,2.756,1.866,19.648,0.106,0.143,7.141,0.521,16,0,0,0,0.000,0.000,0.965,0.550,0.000,0.000,0.000,1.000,1.000,0.000,2.756,00-0029604,0.138,4.000,23.000,1,,,,,,,,,,,,,0.053,0.222,,,,,20.906,0.000,0.000,-0.129,0.000,221.219,85.628,135.022,55.449,30.311,-0.018,-0.016,33.728,1.343,-0.676,-4.204,-0.676,0.236
2026,2,2026_02_LV_LAC,LV,LAC,Jalen Nailor,WR,WR2,0,0,0,0,3,1,9,0.103,0.000,0.600,18.500,-6.500,1,0.000,53.331,0.560,0.000,0.000,,,0.100,0.082,0.004,,3.056,1.827,25.363,0.114,0.179,6.802,0.602,46,0,0,0,0.000,0.000,0.965,0.550,0.000,0.000,0.000,1.000,1.000,0.100,3.056,00-0029604,0.074,2.304,25.309,10,2.908,5.673,13.757,1.003,66.917,,,,,,,,0.051,0.067,,,,,25.844,0.632,0.000,-0.461,-0.550,221.219,85.628,135.022,55.449,30.311,-0.018,-0.016,36.154,0.817,-0.676,-4.204,-0.676,0.236
2026,2,2026_02_LV_LAC,LV,LAC,Malik Benson,WR,,0,0,0,0,1,0,0,0.034,0.000,0.130,18.500,-6.500,1,0.000,53.331,0.560,0.000,0.000,,,1.000,-8.000,0.028,-8.000,2.000,1.000,6.000,0.069,0.137,3.000,0.100,2,0,0,0,0.000,0.000,0.965,0.550,0.000,0.000,0.000,1.000,1.000,1.000,2.000,00-0029604,0.069,2.000,6.000,1,,,,,,,,,,,,,0.000,0.000,-8.000,0.000,0.000,,20.900,7.740,0.000,-14.900,-15.740,221.219,85.628,135.022,55.449,30.311,-0.018,-0.016,,,-0.676,-4.204,-0.676,0.236
2026,2,2026_02_LV_LAC,LV,LAC,Tre Tucker,WR,WR1,0,0,0,0,7,5,119,0.241,0.000,0.590,18.500,-6.500,1,0.000,53.331,0.560,0.000,0.000,,,0.671,2.283,0.027,,5.122,2.847,32.835,0.183,0.269,6.557,0.920,49,0,0,0,0.000,0.000,0.965,0.550,0.000,0.000,0.000,1.000,1.000,0.671,5.122,00-0029604,0.138,4.000,27.000,1,,,,,,,,,,,,,0.017,0.201,,,,,37.970,4.019,0.000,-5.135,-1.736,221.219,85.628,135.022,55.449,30.311,-0.018,-0.016,46.984,0.703,-0.676,-4.204,-0.676,0.236
2026,2,2026_02_MIA_SF,MIA,SF,Malik Willis,QB,,23,197,2,6,0,0,0,0.000,0.071,1.000,16.000,-12.500,0,5.000,52.342,0.515,12.266,122.581,9.282,2.686,4.957,28.927,0.199,5.809,0.000,0.000,0.000,0.000,0.000,,0.568,21,0,0,0,0.000,0.000,0.000,0.000,0.000,0.000,0.000,1.000,1.000,4.957,0.000,00-0038128,,,,0,,,,,,,,,3.005,18.789,-0.081,-0.369,,,4.529,1.284,0.169,0.227,0.000,23.907,93.572,0.000,5.020,207.143,111.765,125.966,45.334,35.354,0.009,0.010,,,-19.593,6.053,-19.596,0.266
2026,2,2026_02_MIA_SF,MIA,SF,DJ Herman,RB,,0,0,0,0,3,1,18,0.130,0.000,0.290,16.000,-12.500,0,5.000,52.342,0.515,,,,,,,,,,,,,,,,1,0,0,0,0.000,0.000,0.000,0.000,0.000,0.000,0.000,1.000,1.000,,,00-0038128,,,,0,,,,,,,,,,,,,,,,,,,,,,,,207.143,111.765,125.966,45.334,35.354,0.009,0.010,,,-19.593,6.053,-19.596,0.266
2026,2,2026_02_MIA_SF,MIA,SF,De'Von Achane,RB,RB1,0,0,20,74,6,3,19,0.261,0.714,0.760,16.000,-12.500,0,5.000,52.342,0.515,0.000,0.000,,,14.659,80.113,0.592,5.613,4.425,3.745,29.232,0.166,0.015,6.672,0.743,47,0,0,0,0.000,0.000,0.000,0.000,0.000,0.000,0.000,1.000,1.000,14.659,4.425,00-0038128,0.185,5.000,30.000,1,,,,,,4.178,24.503,0.396,,,,,0.081,0.547,2.679,2.938,1.120,,26.628,66.655,0.000,2.505,13.458,207.143,111.765,125.966,45.334,35.354,0.009,0.010,73.592,1.140,-19.593,6.053,-19.596,0.266
2026,2,2026_02_MIA_SF,MIA,SF,Jaylen Wright,RB,,0,0,2,11,0,0,0,0.000,0.071,0.050,16.000,-12.500,0,5.000,52.342,0.515,0.000,0.000,,,6.573,24.984,0.226,3.408,0.882,0.539,4.932,0.035,-0.022,,0.209,24,0,0,0,0.000,0.000,0.000,0.000,0.000,0.000,0.000,1.000,1.000,6.573,0.882,00-0038128,0.000,0.000,0.000,1,,,,,,,,,,,,,,,1.135,2.271,0.500,,4.605,28.447,0.000,0.327,-3.463,207.143,111.765,125.966,45.334,35.354,0.009,0.010,,,-19.593,6.053,-19.596,0.266
2026,2,2026_02_MIA_SF,MIA,SF,Ollie Gordon II,RB,,0,0,3,7,0,0,0,0.000,0.107,0.190,16.000,-12.500,0,5.000,52.342,0.515,0.000,0.000,,,4.017,9.116,0.152,1.509,0.370,0.323,1.304,0.014,-0.011,4.504,0.217,18,0,0,0,0.000,0.000,0.000,0.000,0.000,0.000,0.000,1.000,1.000,4.017,0.370,00-0038128,,,,0,,,,,,,,,,,,,0.089,0.424,0.441,1.064,0.135,,1.593,16.786,0.000,-0.090,-6.119,207.143,111.765,125.966,45.334,35.354,0.009,0.010,,,-19.593,6.053,-19.596,0.266
2026,2,2026_02_MIA_SF,MIA,SF,Greg Dulcich,TE,TE1,0,0,0,0,3,2,17,0.130,0.000,0.610,16.000,-12.500,0,5.000,52.342,0.515,0.000,0.000,,,0.114,-0.796,0.004,,3.416,2.666,32.155,0.137,0.082,10.032,0.492,27,0,0,0,0.000,0.000,0.000,0.000,0.000,0.000,0.000,1.000,1.000,0.114,3.416,00-0038128,0.074,2.000,18.000,1,,,,,,,,,,,,,0.007,0.168,,,,,24.473,0.266,0.000,8.285,-1.064,207.143,111.765,125.966,45.334,35.354,0.009,0.010,29.728,0.729,-19.593,6.053,-19.596,0.266
2026,2,2026_02_MIA_SF,MIA,SF,Will Kacmarek,TE,,0,0,0,0,1,1,4,0.043,0.000,0.470,16.000,-12.500,0,5.000,52.342,0.515,0.000,0.000,,,0.000,0.000,0.000,,1.000,0.000,0.000,0.037,0.019,0.000,0.250,2,0,0,0,0.000,0.000,0.000,0.000,0.000,0.000,0.000,1.000,1.000,0.000,1.000,00-0038128,0.037,1.000,0.000,1,,,,,,,,,,,,,0.000,0.000,,,,,7.630,0.000,0.000,-7.630,0.000,207.143,111.765,125.966,45.334,35.354,0.009,0.010,,,-19.593,6.053,-19.596,0.266
2026,2,2026_02_MIA_SF,MIA,SF,Caleb Douglas,WR,WR1,0,0,0,0,3,2,19,0.130,0.000,0.860,16.000,-12.500,0,5.000,52.342,0.515,0.000,0.000,,,0.000,0.000,0.000,,7.000,5.000,94.000,0.259,0.314,13.429,0.910,2,0,0,0,0.000,0.000,0.000,0.000,0.000,0.000,0.000,1.000,1.000,0.000,7.000,00-0038128,0.259,7.000,94.000,1,5.285,4.527,16.679,0.789,71.429,,,,,,,,0.000,1.000,,,,,65.890,0.000,0.000,28.110,0.000,207.143,111.765,125.966,45.334,35.354,0.009,0.010,47.623,0.775,-19.593,6.053,-19.596,0.266
2026,2,2026_02_MIA_SF,MIA,SF,Chris Bell,WR,WR3,0,0,0,0,1,0,0,0.043,0.000,0.410,16.000,-12.500,0,5.000,52.342,0.515,0.000,0.000,,,0.000,0.000,0.000,,2.000,1.000,25.000,0.074,0.136,12.500,0.520,2,0,0,0,0.000,0.000,0.000,0.000,0.000,0.000,0.000,1.000,1.000,0.000,2.000,00-0038128,0.074,2.000,25.000,1,,,,,,,,,,,,,0.000,1.000,,,,,20.620,0.000,0.000,4.380,0.000,207.143,111.765,125.966,45.334,35.354,0.009,0.010,16.333,0.826,-19.593,6.053,-19.596,0.266
2026,2,2026_02_MIA_SF,MIA,SF,Malik Washington,WR,WR2,0,0,1,4,5,4,43,0.217,0.036,0.730,16.000,-12.500,0,5.000,52.342,0.515,0.000,0.000,,,0.741,5.194,0.030,,4.066,2.497,22.754,0.161,0.166,6.986,0.650,33,0,0,0,0.000,0.000,0.000,0.000,0.000,0.000,0.000,1.000,1.000,0.741,4.066,00-0038128,0.296,8.000,53.000,1,3.864,6.280,6.212,0.423,66.679,,,,,,,,0.024,0.191,,,,,29.969,3.992,0.000,-7.174,1.210,207.143,111.765,125.966,45.334,35.354,0.009,0.010,51.593,1.449,-19.593,6.053,-19.596,0.266
2026,2,2026_02_MIA_SF,MIA,SF,Ryan Miller,WR,,0,0,0,0,1,1,77,0.043,0.000,0.120,16.000,-12.500,0,5.000,52.342,0.515,0.000,0.000,,,0.000,0.000,0.000,,0.551,0.331,4.137,0.016,0.026,,0.150,20,0,0,0,0.000,0.000,0.000,0.000,0.000,0.000,0.000,1.000,1.000,0.000,0.551,00-0038128,,,,0,,,,,,,,,,,,,,,,,,,,,,,,207.143,111.765,125.966,45.334,35.354,0.009,0.010,,,-19.593,6.053,-19.596,0.266
2026,2,2026_02_MIN_CHI,MIN,CHI,Carson Wentz,QB,,20,143,3,6,0,0,0,0.000,0.107,1.000,21.000,-4.500,0,8.000,53.644,0.491,27.990,190.736,6.897,-0.438,3.211,9.700,0.113,3.478,0.000,0.000,0.000,0.000,-0.000,,0.869,75,0,0,0,0.777,0.000,0.000,0.000,0.000,0.367,0.181,1.257,1.035,4.036,0.000,00-0032950,,,,0,,,,,,,,,2.667,14.862,-3.290,-1.172,,,1.984,1.513,0.171,0.235,0.000,13.570,188.975,0.000,-3.870,276.403,101.101,187.000,51.964,35.641,0.029,0.009,,,3.884,4.890,3.882,0.437
2026,2,2026_02_MIN_CHI,MIN,CHI,Aaron Jones,RB,RB1,0,0,23,105,0,0,0,0.000,0.821,0.810,21.000,-4.500,0,8.000,53.644,0.491,0.000,0.000,,,13.157,50.376,0.496,3.775,3.129,2.119,13.083,0.135,-0.017,3.739,0.562,124,0,0,0,0.777,0.000,0.000,0.000,0.000,0.367,0.181,1.257,1.035,16.535,3.238,00-0032950,0.085,2.370,6.852,2,,,,,,4.242,21.864,-0.193,,,,,0.197,0.004,2.028,1.764,0.325,,17.629,53.629,0.000,-4.545,-3.253,276.403,101.101,187.000,51.964,35.641,0.029,0.009,68.112,1.182,3.884,4.890,3.882,0.437
2026,2,2026_02_MIN_CHI,MIN,CHI,DeeJay Dallas,RB,,0,0,2,8,1,1,12,0.053,0.071,0.150,21.000,-4.500,0,8.000,53.644,0.491,0.000,0.000,,,0.584,4.388,0.019,,0.424,0.308,0.748,0.014,-0.001,2.726,0.079,82,0,0,0,0.777,0.000,0.000,0.000,0.000,0.367,0.181,1.257,1.035,0.734,0.439,00-0032950,0.043,1.000,1.000,1,,,,,,,,,,,,,0.135,0.002,,,,,4.229,4.861,0.002,-2.311,2.804,276.403,101.101,187.000,51.964,35.641,0.029,0.009,,,3.884,4.890,3.882,0.437
2026,2,2026_02_MIN_CHI,MIN,CHI,Demond Claiborne,RB,,0,0,0,0,1,1,2,0.053,0.000,0.040,21.000,-4.500,0,8.000,53.644,0.491,,,,,,,,,,,,,,,,1,0,0,0,0.777,0.000,0.000,0.000,0.000,0.367,0.181,1.257,1.035,,,00-0032950,,,,0,,,,,,,,,,,,,,,,,,,,,,,,276.403,101.101,187.000,51.964,35.641,0.029,0.009,,,3.884,4.890,3.882,0.437
2026,2,2026_02_MIN_CHI,MIN,CHI,Josh Oliver,TE,,0,0,0,0,1,1,24,0.053,0.000,0.600,21.000,-4.500,0,8.000,53.644,0.491,0.000,0.000,,,0.000,0.000,0.000,,2.159,1.517,16.908,0.092,0.055,8.072,0.566,67,0,0,0,0.777,0.000,0.000,0.000,0.000,0.367,0.181,1.257,1.035,0.000,2.235,00-0032950,0.080,2.212,16.559,5,,,,,,,,,,,,,0.013,0.002,,,,,13.863,0.000,0.000,3.332,0.000,276.403,101.101,187.000,51.964,35.641,0.029,0.009,,,3.884,4.890,3.882,0.437
2026,2,2026_02_MIN_CHI,MIN,CHI,T.J. Hockenson,TE,TE1,0,0,0,0,4,3,29,0.211,0.000,0.690,21.000,-4.500,0,8.000,53.644,0.491,0.000,0.000,,,0.067,0.000,0.003,,4.255,3.355,31.513,0.162,0.109,6.542,0.737,101,0,0,0,0.777,0.000,0.000,0.000,0.000,0.367,0.181,1.257,1.035,0.084,4.403,00-0032950,0.180,5.532,37.156,6,3.515,5.577,6.096,-0.115,77.049,,,,,,,,0.029,0.115,,,,,27.922,0.153,0.000,3.590,-0.153,276.403,101.101,187.000,51.964,35.641,0.029,0.009,34.516,1.220,3.884,4.890,3.882,0.437
2026,2,2026_02_MIN_CHI,MIN,CHI,Jordan Addison,WR,WR2,0,0,0,0,5,2,21,0.263,0.000,0.880,21.000,-4.500,0,8.000,53.644,0.491,0.000,0.000,,,0.146,7.801,0.005,,4.209,1.973,27.553,0.150,0.291,6.335,0.826,49,0,0,0,0.777,0.000,0.000,0.000,0.000,0.367,0.181,1.257,1.035,0.184,4.356,00-0032950,0.168,5.879,53.190,5,,,,,,,,,,,,,0.035,0.046,,,,,34.908,0.791,0.000,-7.354,7.010,276.403,101.101,187.000,51.964,35.641,0.029,0.009,76.371,1.769,3.884,4.890,3.882,0.437
2026,2,2026_02_MIN_CHI,MIN,CHI,Justin Jefferson,WR,WR1,0,0,0,0,6,3,55,0.316,0.000,1.000,21.000,-4.500,0,8.000,53.644,0.491,0.002,0.028,,,0.143,0.434,0.005,,8.180,5.373,62.504,0.326,0.380,7.253,0.920,98,0,0,0,0.777,0.000,0.000,0.000,0.000,0.367,0.181,1.257,1.035,0.180,8.466,00-0032950,0.325,9.920,92.974,6,3.180,5.789,8.999,0.859,65.426,,,,,,,,0.032,0.258,,,,,60.032,0.939,0.009,2.472,-0.505,276.403,101.101,187.000,51.964,35.641,0.029,0.009,63.908,0.955,3.884,4.890,3.882,0.437
2026,2,2026_02_MIN_CHI,MIN,CHI,Myles Price,WR,WR3,0,0,0,0,1,0,0,0.053,0.000,0.500,21.000,-4.500,0,8.000,53.644,0.491,0.000,0.000,,,0.000,0.000,0.000,,0.000,0.000,0.000,0.000,0.000,,0.022,18,0,0,0,0.777,0.000,0.000,0.000,0.000,0.367,0.181,1.257,1.035,0.000,0.000,00-0032950,0.000,0.000,0.000,6,,,,,,,,,,,,,,,,,,,,,,,,276.403,101.101,187.000,51.964,35.641,0.029,0.009,18.975,0.714,3.884,4.890,3.882,0.437
2026,2,2026_02_PIT_NE,NE,PIT,Drake Maye,QB,,22,208,4,17,0,0,0,0.000,0.143,1.000,23.000,4.500,0,7.000,60.051,0.506,29.841,221.635,7.514,-1.137,6.457,37.470,0.226,5.838,0.084,0.004,0.008,0.003,0.004,,0.965,36,0,0,0,0.000,0.000,0.000,0.998,0.000,0.000,0.261,1.000,1.047,6.457,0.088,00-0039851,,,,0,,,,,,,,,2.900,16.113,3.488,0.155,,,4.400,1.438,0.304,0.212,0.722,30.188,230.233,-0.714,7.282,230.879,106.738,145.750,48.856,36.005,-0.014,-0.004,,,16.502,-0.808,16.502,0.369
2026,2,2026_02_PIT_NE,NE,PIT,Corey Kiner,RB,,0,0,2,0,0,0,0,0.000,0.071,0.070,23.000,4.500,0,7.000,60.051,0.506,0.000,0.000,,,3.788,13.143,0.170,3.517,0.693,0.462,3.463,0.025,0.010,,0.133,6,0,0,0,0.000,0.000,0.000,0.998,0.000,0.000,0.261,1.000,1.047,3.788,0.725,00-0039851,0.000,0.000,0.000,1,,,,,,,,,,,,,,,1.765,1.731,0.163,,4.109,16.244,0.000,-0.646,-3.102,230.879,106.738,145.750,48.856,36.005,-0.014,-0.004,,,16.502,-0.808,16.502,0.369
2026,2,2026_02_PIT_NE,NE,PIT,Reggie Gilliam,RB,,0,0,0,0,2,1,4,0.095,0.000,0.360,23.000,4.500,0,7.000,60.051,0.506,0.000,0.000,,,0.372,0.767,0.009,2.064,0.245,0.242,3.747,0.008,0.017,8.158,0.181,47,0,0,0,0.000,0.000,0.000,0.998,0.000,0.000,0.261,1.000,1.047,0.372,0.256,00-0039851,,,,0,,,,,,,,,,,,,0.036,0.060,0.595,1.469,0.194,,7.289,1.654,0.000,0.656,-0.331,230.879,106.738,145.750,48.856,36.005,-0.014,-0.004,,,16.502,-0.808,16.502,0.369
2026,2,2026_02_PIT_NE,NE,PIT,Rhamondre Stevenson,RB,RB1,0,0,6,43,2,1,3,0.095,0.214,0.360,23.000,4.500,0,7.000,60.051,0.506,0.000,0.000,,,12.770,53.311,0.423,4.879,3.700,3.095,29.954,0.129,0.020,7.463,0.680,77,0,0,0,0.000,0.000,0.000,0.998,0.000,0.000,0.261,1.000,1.047,12.770,3.875,00-0039851,0.129,3.700,30.089,28,,,,,,4.466,26.536,0.263,,,,,0.020,0.218,2.058,2.817,0.923,,22.610,56.172,0.000,7.341,-2.861,230.879,106.738,145.750,48.856,36.005,-0.014,-0.004,76.738,1.112,16.502,-0.808,16.502,0.369
2026,2,2026_02_PIT_NE,NE,PIT,TreVeyon Henderson,RB,,0,0,16,76,0,0,0,0.000,0.571,0.600,23.000,4.500,0,7.000,60.051,0.506,0.000,0.000,,,9.787,40.727,0.342,3.608,1.751,1.448,9.658,0.057,-0.001,5.576,0.387,22,0,0,0,0.000,0.000,0.000,0.998,0.000,0.000,0.261,1.000,1.047,9.787,1.833,00-0039851,0.057,1.751,9.658,21,,,,,,,,,,,,,0.021,0.280,2.140,1.482,0.427,,10.522,43.215,0.000,-0.863,-2.488,230.879,106.738,145.750,48.856,36.005,-0.014,-0.004,,,16.502,-0.808,16.502,0.369
2026,2,2026_02_PIT_NE,NE,PIT,Cameron Latu,TE,,0,0,0,0,0,0,0,0.000,0.000,0.250,23.000,4.500,0,7.000,60.051,0.506,0.000,0.000,,,0.000,0.000,0.000,,0.000,0.000,0.000,0.000,0.000,,0.119,11,0,0,0,0.000,0.000,0.000,0.998,0.000,0.000,0.261,1.000,1.047,0.000,0.000,00-0039851,,,,0,,,,,,,,,,,,,,,,,,,,,,,,230.879,106.738,145.750,48.856,36.005,-0.014,-0.004,,,16.502,-0.808,16.502,0.369
2026,2,2026_02_PIT_NE,NE,PIT,Eli Raridon,TE,,0,0,0,0,1,1,30,0.048,0.000,0.200,23.000,4.500,0,7.000,60.051,0.506,0.000,0.000,,,0.000,0.000,0.000,,1.000,1.000,2.000,0.032,0.009,2.000,0.540,2,0,0,0,0.000,0.000,0.000,0.998,0.000,0.000,0.261,1.000,1.047,0.000,1.047,00-0039851,0.032,1.000,2.000,1,,,,,,,,,,,,,0.000,0.000,,,,,1.170,0.000,0.000,0.830,0.000,230.879,106.738,145.750,48.856,36.005,-0.014,-0.004,,,16.502,-0.808,16.502,0.369
2026,2,2026_02_PIT_NE,NE,PIT,Hunter Henry,TE,TE1,0,0,0,0,5,3,40,0.238,0.000,0.910,23.000,4.500,0,7.000,60.051,0.506,0.000,0.000,,,0.000,0.000,0.000,,4.223,3.052,34.939,0.147,0.107,7.868,0.750,112,0,0,0,0.000,0.000,0.000,0.998,0.000,0.000,0.261,1.000,1.047,0.000,4.423,00-0039851,0.147,4.220,34.942,32,,,,,,,,,,,,,0.072,0.169,,,,,32.760,0.000,0.000,2.180,0.000,230.879,106.738,145.750,48.856,36.005,-0.014,-0.004,26.813,0.993,16.502,-0.808,16.502,0.369
2026,2,2026_02_PIT_NE,NE,PIT,DeMario Douglas,WR,WR3,0,0,0,0,2,1,9,0.095,0.000,0.470,23.000,4.500,0,7.000,60.051,0.506,0.000,0.000,,,0.151,0.564,0.005,,3.581,2.504,23.706,0.117,0.104,8.324,0.333,52,0,0,0,0.000,0.000,0.000,0.998,0.000,0.000,0.261,1.000,1.047,0.151,3.750,00-0039851,0.117,3.577,23.679,31,3.847,6.884,7.906,0.414,63.354,,,,,,,,0.045,0.149,,,,,26.973,0.928,0.000,-3.268,-0.364,230.879,106.738,145.750,48.856,36.005,-0.014,-0.004,27.050,1.417,16.502,-0.808,16.502,0.369
2026,2,2026_02_PIT_NE,NE,PIT,Efton Chism III,WR,,0,0,0,0,1,1,-2,0.048,0.000,0.180,23.000,4.500,0,7.000,60.051,0.506,0.163,0.000,,,0.000,0.000,0.000,,0.529,0.529,12.630,0.022,0.028,,0.255,11,0,0,0,0.000,0.000,0.000,0.998,0.000,0.000,0.261,1.000,1.047,0.000,0.554,00-0039851,0.022,0.529,12.630,10,,,,,,,,,,,,,,,,,,,,,,,,230.879,106.738,145.750,48.856,36.005,-0.014,-0.004,,,16.502,-0.808,16.502,0.369
2026,2,2026_02_PIT_NE,NE,PIT,Kyle Williams,WR,,0,0,0,0,2,1,10,0.095,0.000,0.200,23.000,4.500,0,7.000,60.051,0.506,0.000,0.000,,,0.096,0.391,0.003,,1.560,0.687,9.753,0.052,0.093,,0.327,19,0,0,0,0.000,0.000,0.000,0.998,0.000,0.000,0.261,1.000,1.047,0.096,1.634,00-0039851,0.052,1.560,9.753,18,,,,,,,,,,,,,,,,,,,,,,,,230.879,106.738,145.750,48.856,36.005,-0.014,-0.004,,,16.502,-0.808,16.502,0.369
2026,2,2026_02_PIT_NE,NE,PIT,Mack Hollins,WR,WR1,0,0,0,0,2,2,18,0.095,0.000,0.710,23.000,4.500,0,7.000,60.051,0.506,0.000,0.000,,,0.024,0.095,0.001,,5.459,3.668,51.251,0.177,0.266,10.639,0.704,105,0,0,0,0.000,0.000,0.000,0.998,0.000,0.000,0.261,1.000,1.047,0.024,5.717,00-0039851,0.181,5.600,52.391,17,3.094,5.767,13.685,-0.272,65.527,,,,,,,,0.000,0.000,,,,,49.046,0.150,0.000,2.237,-0.054,230.879,106.738,145.750,48.856,36.005,-0.014,-0.004,60.102,0.973,16.502,-0.808,16.502,0.369
2026,2,2026_02_PIT_NE,NE,PIT,Romeo Doubs,WR,WR2,0,0,0,0,4,3,96,0.190,0.000,0.670,23.000,4.500,0,7.000,60.051,0.506,0.000,0.000,,,0.000,0.000,0.000,,5.228,3.329,48.562,0.174,0.254,8.574,0.702,65,0,0,0,0.000,0.000,0.000,0.998,0.000,0.000,0.261,1.000,1.047,0.000,5.475,00-0039851,0.097,3.000,0.000,1,,,,,,,,,,,,,0.083,0.063,,,,,43.589,0.000,0.000,4.973,0.000,230.879,106.738,145.750,48.856,36.005,-0.014,-0.004,46.203,1.576,16.502,-0.808,16.502,0.369
2026,2,2026_02_NO_BAL,NO,BAL,Tyler Shough,QB,,34,252,9,23,0,0,0,0.000,0.333,1.000,18.500,-8.500,0,10.000,63.299,0.590,36.673,278.170,7.653,1.692,4.260,18.076,0.165,4.337,0.000,0.000,0.000,0.000,0.000,,0.937,13,0,0,0,0.000,0.000,0.000,0.060,1.312,0.271,0.023,1.096,1.003,4.667,0.000,00-0040743,,,,0,,,,,,,,,2.646,12.410,1.785,-0.636,,,3.865,0.476,0.099,0.189,0.000,19.240,264.887,0.000,-1.164,253.218,72.843,173.452,35.587,43.889,-0.006,-0.019,,,-0.681,-1.816,-0.678,0.329
2026,2,2026_02_NO_BAL,NO,BAL,Alvin Kamara,RB,,0,0,9,15,6,5,7,0.188,0.333,0.290,18.500,-8.500,0,10.000,63.299,0.590,0.000,0.000,,,11.353,40.800,0.444,3.414,3.632,3.011,19.458,0.121,0.008,5.457,0.578,116,0,0,0,0.000,0.000,0.000,0.060,1.312,0.271,0.023,1.096,1.003,12.437,3.644,00-0040743,0.081,2.493,15.051,4,,,,,,,,,,,,,0.030,0.099,1.862,1.533,0.756,,20.753,48.820,0.000,-1.295,-8.019,253.218,72.843,173.452,35.587,43.889,-0.006,-0.019,,,-0.681,-1.816,-0.678,0.329
2026,2,2026_02_NO_BAL,NO,BAL,CJ Donaldson,RB,,0,0,1,2,0,0,0,0.000,0.037,0.290,18.500,-8.500,0,10.000,63.299,0.590,0.000,0.000,,,2.000,4.000,0.080,2.000,2.000,1.000,-2.000,0.038,0.010,-1.000,0.170,2,0,0,0,0.000,0.000,0.000,0.060,1.312,0.271,0.023,1.096,1.003,2.191,2.007,00-0040743,0.038,2.000,-2.000,1,,,,,,,,,,,,,0.000,0.000,0.500,1.500,0.000,,11.510,5.720,0.000,-13.510,-1.720,253.218,72.843,173.452,35.587,43.889,-0.006,-0.019,,,-0.681,-1.816,-0.678,0.329
2026,2,2026_02_NO_BAL,NO,BAL,Travis Etienne,RB,RB1,0,0,8,25,2,2,6,0.062,0.296,0.540,18.500,-8.500,0,10.000,63.299,0.590,0.000,0.000,,,13.478,55.205,0.497,4.236,4.144,3.277,25.366,0.115,-0.005,6.681,0.599,71,0,0,0,0.000,0.000,0.000,0.060,1.312,0.271,0.023,1.096,1.003,14.765,4.157,00-0040743,0.173,9.000,32.000,1,,,,,,,,,,,,,0.042,0.205,2.461,1.782,0.594,,23.558,57.708,0.000,1.808,-2.504,253.218,72.843,173.452,35.587,43.889,-0.006,-0.019,48.725,0.722,-0.681,-1.816,-0.678,0.329
2026,2,2026_02_NO_BAL,NO,BAL,Juwan Johnson,TE,TE1,0,0,0,0,4,4,66,0.125,0.000,0.530,18.500,-8.500,0,10.000,63.299,0.590,0.000,0.000,,,0.000,0.000,0.000,,5.843,4.227,57.846,0.163,0.166,10.828,0.720,81,0,0,0,0.000,0.000,0.000,0.060,1.312,0.271,0.023,1.096,1.003,0.000,5.862,00-0040743,0.162,5.903,60.311,11,2.876,5.894,8.673,-0.078,66.051,,,,,,,,0.016,0.424,,,,,44.969,0.000,0.000,12.877,0.000,253.218,72.843,173.452,35.587,43.889,-0.006,-0.019,24.546,0.812,-0.681,-1.816,-0.678,0.329
2026,2,2026_02_NO_BAL,NO,BAL,Noah Fant,TE,,0,0,0,0,0,0,0,0.000,0.000,0.440,18.500,-8.500,0,10.000,63.299,0.590,0.000,0.000,,,0.000,-0.000,0.000,,3.495,2.311,20.408,0.088,0.044,5.694,0.391,108,0,0,0,0.000,0.000,0.000,0.060,1.312,0.271,0.023,1.096,1.003,0.000,3.506,00-0040743,0.154,8.000,33.000,1,4.451,4.941,4.229,0.968,75.598,,,,,,,,0.004,0.061,,,,,22.787,0.000,0.000,-2.354,-0.000,253.218,72.843,173.452,35.587,43.889,-0.006,-0.019,,,-0.681,-1.816,-0.678,0.329
2026,2,2026_02_NO_BAL,NO,BAL,Oscar Delp,TE,,0,0,0,0,1,1,8,0.031,0.000,0.130,18.500,-8.500,0,10.000,63.299,0.590,,,,,,,,,,,,,,,,1,0,0,0,0.000,0.000,0.000,0.060,1.312,0.271,0.023,1.096,1.003,,,00-0040743,,,,0,,,,,,,,,,,,,,,,,,,,,,,,253.218,72.843,173.452,35.587,43.889,-0.006,-0.019,,,-0.681,-1.816,-0.678,0.329
2026,2,2026_02_NO_BAL,NO,BAL,Barion Brown,WR,,0,0,0,0,0,0,0,0.000,0.000,0.030,18.500,-8.500,0,10.000,63.299,0.590,0.000,0.000,,,1.000,3.000,0.040,3.000,0.000,0.000,0.000,0.000,0.000,,0.080,2,0,0,0,0.000,0.000,0.000,0.060,1.312,0.271,0.023,1.096,1.003,1.096,0.000,00-0040743,0.000,0.000,0.000,1,,,,,,,,,,,,,,,3.000,0.000,0.000,,0.000,7.000,0.000,0.000,-4.000,253.218,72.843,173.452,35.587,43.889,-0.006,-0.019,,,-0.681,-1.816,-0.678,0.329
2026,2,2026_02_NO_BAL,NO,BAL,Bryce Lance,WR,,0,0,0,0,1,1,8,0.031,0.000,0.790,18.500,-8.500,0,10.000,63.299,0.590,0.000,0.000,,,0.000,0.000,0.000,,4.000,3.000,42.000,0.077,0.083,10.500,0.690,2,0,0,0,0.000,0.000,0.000,0.060,1.312,0.271,0.023,1.096,1.003,0.000,4.013,00-0040743,0.077,4.000,42.000,1,,,,,,,,,,,,,0.000,0.000,,,,,35.500,0.000,0.000,6.500,0.000,253.218,72.843,173.452,35.587,43.889,-0.006,-0.019,,,-0.681,-1.816,-0.678,0.329
2026,2,2026_02_NO_BAL,NO,BAL,Chris Olave,WR,WR1,0,0,0,0,10,8,86,0.312,0.000,0.840,18.500,-8.500,0,10.000,63.299,0.590,0.017,0.000,,,0.036,-0.080,0.002,,10.243,6.961,99.665,0.288,0.449,9.618,0.831,57,1,1,0,0.000,0.000,0.000,0.060,1.312,0.271,0.023,1.096,1.003,0.040,10.277,00-0040743,0.291,10.602,107.300,10,3.014,6.603,13.528,-0.312,66.976,,,,,,,,0.047,0.041,,,,,86.197,0.262,0.041,13.469,-0.342,253.218,72.843,173.452,35.587,43.889,-0.006,-0.019,78.674,1.739,-0.681,-1.816,-0.678,0.329
2026,2,2026_02_NO_BAL,NO,BAL,Devaughn Vele,WR,WR2,0,0,0,0,7,5,64,0.219,0.000,0.960,18.500,-8.500,0,10.000,63.299,0.590,0.000,0.000,,,0.000,0.000,0.000,,5.430,3.836,44.440,0.156,0.195,7.540,0.700,25,0,0,0,0.000,0.000,0.000,0.060,1.312,0.271,0.023,1.096,1.003,0.000,5.448,00-0040743,0.185,6.536,54.102,7,2.783,6.852,10.280,-0.662,70.470,,,,,,,,0.040,0.000,,,,,40.950,0.000,0.000,3.490,0.000,253.218,72.843,173.452,35.587,43.889,-0.006,-0.019,45.839,1.508,-0.681,-1.816,-0.678,0.329
2026,2,2026_02_NO_BAL,NO,BAL,Kevin Austin Jr.,WR,WR3,0,0,0,0,1,1,7,0.031,0.000,0.070,18.500,-8.500,0,10.000,63.299,0.590,0.000,0.000,,,0.031,0.283,0.001,,4.266,2.315,26.213,0.133,0.131,6.776,0.706,14,0,0,0,0.000,0.000,0.000,0.060,1.312,0.271,0.023,1.096,1.003,0.034,4.280,00-0040743,0.179,5.823,35.982,4,3.857,7.591,8.862,-0.076,52.833,,,,,,,,0.125,0.000,,,,,32.096,0.195,0.000,-5.883,0.088,253.218,72.843,173.452,35.587,43.889,-0.006,-0.019,27.820,0.898,-0.681,-1.816,-0.678,0.329
2026,2,2026_02_NYG_LA,NYG,LA,Jameis Winston,QB,,27,111,2,1,0,0,0,0.000,0.095,0.880,20.500,-6.500,1,0.000,61.083,0.482,26.287,198.440,6.437,-0.891,2.310,7.949,0.083,,0.134,0.134,4.415,0.004,0.004,,0.687,62,0,0,0,0.000,0.000,0.000,0.667,0.000,0.000,0.000,1.000,1.000,2.310,0.134,00-0040691,,,,0,,,,,,,,,,,,,,,,,,0.364,1.498,8.160,185.351,2.917,-0.210,249.117,99.004,163.121,43.762,42.322,-0.026,0.001,,,-5.527,5.156,-5.527,0.270
2026,2,2026_02_NYG_LA,NYG,LA,Jaxson Dart,QB,,5,20,0,0,0,0,0,0.000,0.000,0.120,20.500,-6.500,1,0.000,61.083,0.482,27.296,188.947,6.671,4.853,7.008,39.652,0.226,5.426,0.000,0.000,0.000,0.000,0.000,,0.946,16,0,0,0,0.000,0.000,0.000,0.667,0.000,0.000,0.000,1.000,1.000,7.008,0.000,00-0040691,,,,0,,,,,,,,,2.775,14.560,2.275,-1.035,,,4.566,0.859,0.000,0.237,0.000,31.839,193.293,0.000,7.813,249.117,99.004,163.121,43.762,42.322,-0.026,0.001,,,-5.527,5.156,-5.527,0.270
2026,2,2026_02_NYG_LA,NYG,LA,Cam Skattebo,RB,RB1,0,0,12,36,4,4,19,0.125,0.571,0.590,20.500,-6.500,1,0.000,61.083,0.482,0.000,0.000,,,13.790,58.088,0.416,3.997,3.158,2.258,20.582,0.104,-0.002,,0.540,10,0,0,0,0.000,0.000,0.000,0.667,0.000,0.000,0.000,1.000,1.000,13.790,3.158,00-0040691,0.094,2.819,18.075,6,,,,,,3.785,21.712,0.847,,,,,,,1.777,2.220,0.966,,17.630,55.737,0.000,2.952,2.352,249.117,99.004,163.121,43.762,42.322,-0.026,0.001,63.069,0.968,-5.527,5.156,-5.527,0.270
2026,2,2026_02_NYG_LA,NYG,LA,Devin Singletary,RB,,0,0,3,9,1,0,0,0.031,0.143,0.260,20.500,-6.500,1,0.000,61.083,0.482,0.000,0.000,,,8.170,30.386,0.263,3.490,1.827,1.803,12.159,0.067,-0.025,5.570,0.329,122,0,0,0,0.000,0.000,0.000,0.667,0.000,0.000,0.000,1.000,1.000,8.170,1.827,00-0040691,0.074,2.025,14.684,13,,,,,,,,,,,,,0.018,0.278,1.791,1.699,0.278,,9.866,33.673,0.000,2.292,-3.287,249.117,99.004,163.121,43.762,42.322,-0.026,0.001,,,-5.527,5.156,-5.527,0.270
2026,2,2026_02_NYG_LA,NYG,LA,Najee Harris,RB,,0,0,4,6,0,0,0,0.000,0.190,0.140,20.500,-6.500,1,0.000,61.083,0.482,0.000,0.000,,,9.587,37.741,0.369,3.996,2.099,1.728,14.122,0.072,-0.010,,0.358,75,0,0,0,0.000,0.000,0.000,0.667,0.000,0.000,0.000,1.000,1.000,9.587,2.099,00-0040691,,,,0,,,,,,,,,,,,,,,2.511,1.505,0.496,,12.532,39.249,0.000,1.590,-1.508,249.117,99.004,163.121,43.762,42.322,-0.026,0.001,,,-5.527,5.156,-5.527,0.270
2026,2,2026_02_NYG_LA,NYG,LA,Tyrone Tracy Jr.,RB,,0,0,0,0,0,0,0,0.000,0.000,0.020,20.500,-6.500,1,0.000,61.083,0.482,0.000,0.000,,,12.111,55.241,0.399,4.766,3.114,2.500,18.719,0.107,0.017,,0.518,34,0,0,0,0.000,0.000,0.000,0.667,0.000,0.000,0.000,1.000,1.000,12.111,3.114,00-0040691,0.102,2.848,12.914,11,,,,,,,,,,,,,,,2.706,2.060,0.355,,18.024,54.574,0.000,0.694,0.667,249.117,99.004,163.121,43.762,42.322,-0.026,0.001,,,-5.527,5.156,-5.527,0.270
2026,2,2026_02_NYG_LA,NYG,LA,Isaiah Likely,TE,,0,0,0,0,10,5,33,0.312,0.000,0.690,20.500,-6.500,1,0.000,61.083,0.482,0.000,0.000,,,0.000,0.000,0.000,,3.890,3.288,36.798,0.151,0.156,9.395,0.557,61,0,0,0,0.000,0.000,0.000,0.667,0.000,0.000,0.000,1.000,1.000,0.000,3.890,00-0040691,0.276,8.000,78.000,1,3.951,5.957,8.762,1.082,76.254,,,,,,,,0.012,0.073,,,,,30.354,0.000,0.000,9.677,0.000,249.117,99.004,163.121,43.762,42.322,-0.026,0.001,,,-5.527,5.156,-5.527,0.270
2026,2,2026_02_NYG_LA,NYG,LA,Theo Johnson,TE,TE1,0,0,0,0,4,0,0,0.125,0.000,0.280,20.500,-6.500,1,0.000,61.083,0.482,0.000,0.000,,,0.000,0.000,0.000,,4.220,2.508,34.128,0.155,0.159,7.950,0.818,28,0,0,0,0.000,0.000,0.000,0.667,0.000,0.000,0.000,1.000,1.000,0.000,4.220,00-0040691,0.167,4.418,31.657,11,,,,,,,,,,,,,0.097,0.048,,,,,30.908,0.000,0.000,3.342,0.000,249.117,99.004,163.121,43.762,42.322,-0.026,0.001,31.366,0.751,-5.527,5.156,-5.527,0.270
2026,2,2026_02_NYG_LA,NYG,LA,Braxton Berrios,WR,,0,0,0,0,0,0,0,0.000,0.000,0.090,20.500,-6.500,1,0.000,61.083,0.482,0.000,0.000,,,0.004,0.039,0.000,,0.891,0.604,3.934,0.024,0.014,,0.195,95,0,0,0,0.000,0.000,0.000,0.667,0.000,0.000,0.000,1.000,1.000,0.004,0.891,00-0040691,0.000,0.000,0.000,1,,,,,,,,,,,,,,,,,,,,,,,,249.117,99.004,163.121,43.762,42.322,-0.026,0.001,,,-5.527,5.156,-5.527,0.270
2026,2,2026_02_NYG_LA,NYG,LA,Darnell Mooney,WR,WR2,0,0,0,0,3,2,48,0.094,0.000,0.720,20.500,-6.500,1,0.000,61.083,0.482,0.001,0.000,,,0.000,0.001,0.000,,4.325,2.271,29.902,0.148,0.253,8.718,0.776,91,0,0,0,0.000,0.000,0.000,0.667,0.000,0.000,0.000,1.000,1.000,0.000,4.325,00-0040691,0.069,2.000,27.000,1,,,,,,,,,,,,,0.017,0.107,,,,,39.901,0.003,0.011,-9.999,-0.001,249.117,99.004,163.121,43.762,42.322,-0.026,0.001,43.227,1.055,-5.527,5.156,-5.527,0.270
2026,2,2026_02_NYG_LA,NYG,LA,Malachi Fields,WR,WR3,0,0,0,0,6,2,30,0.188,0.000,0.810,20.500,-6.500,1,0.000,61.083,0.482,0.000,0.000,,,0.000,0.000,0.000,,4.000,2.000,25.000,0.138,0.290,6.250,0.720,2,0,0,0,0.000,0.000,0.000,0.667,0.000,0.000,0.000,1.000,1.000,0.000,4.000,00-0040691,0.138,4.000,25.000,1,,,,,,,,,,,,,0.000,0.000,,,,,35.950,0.000,0.000,-10.950,0.000,249.117,99.004,163.121,43.762,42.322,-0.026,0.001,33.326,1.208,-5.527,5.156,-5.527,0.270
2026,2,2026_02_NYG_LA,NYG,LA,Malik Nabers,WR,WR1,0,0,0,0,4,1,1,0.125,0.000,0.740,20.500,-6.500,1,0.000,61.083,0.482,0.009,0.000,,,0.077,0.069,0.003,,9.291,5.563,71.827,0.300,0.429,7.588,0.763,21,0,0,0,0.000,0.000,0.000,0.667,0.000,0.000,0.000,1.000,1.000,0.077,9.291,00-0040691,0.237,6.259,46.617,2,2.674,6.449,13.283,0.787,58.498,,,,,,,,0.015,0.304,,,,,71.881,0.435,0.009,-0.054,-0.367,249.117,99.004,163.121,43.762,42.322,-0.026,0.001,80.308,1.222,-5.527,5.156,-5.527,0.270
2026,2,2026_02_GB_NYJ,NYJ,GB,Geno Smith,QB,,41,247,5,17,0,0,0,0.000,0.185,1.000,20.500,-3.500,0,7.000,56.521,0.512,27.923,196.031,7.084,-2.409,2.720,5.185,0.120,1.957,0.000,0.000,-0.000,0.000,-0.000,,0.953,76,0,0,0,0.070,0.128,0.000,0.000,0.965,0.000,0.043,1.000,1.007,2.720,0.000,00-0030565,,,,0,,,,,,,,,2.817,13.736,4.975,-2.429,,,1.414,0.556,0.040,0.224,0.000,8.611,183.108,-0.000,-3.427,218.306,111.968,132.323,58.754,26.354,0.022,-0.014,,,-2.884,-1.360,-2.883,0.212
2026,2,2026_02_GB_NYJ,NYJ,GB,Braelon Allen,RB,,0,0,5,7,1,1,8,0.028,0.185,0.310,20.500,-3.500,0,7.000,56.521,0.512,0.000,0.000,,,5.556,22.395,0.208,4.115,1.109,0.690,5.120,0.035,0.006,4.074,0.264,23,0,0,0,0.070,0.128,0.000,0.000,0.965,0.000,0.043,1.000,1.007,5.556,1.116,00-0030565,0.043,1.000,0.000,1,,,,,,4.014,14.525,-0.108,,,,,0.187,0.250,2.080,2.038,0.727,,5.743,22.866,0.000,-0.623,-0.471,218.306,111.968,132.323,58.754,26.354,0.022,-0.014,,,-2.884,-1.360,-2.883,0.212
2026,2,2026_02_GB_NYJ,NYJ,GB,Breece Hall,RB,RB1,0,0,16,29,5,5,63,0.139,0.593,0.650,20.500,-3.500,0,7.000,56.521,0.512,0.033,0.134,,,16.131,70.947,0.595,4.366,2.585,2.048,18.431,0.089,-0.019,7.398,0.632,58,0,0,0,0.070,0.128,0.000,0.000,0.965,0.000,0.043,1.000,1.007,16.131,2.603,00-0030565,0.087,2.000,16.000,1,,,,,,4.491,22.848,0.455,,,,,0.018,0.085,2.784,1.592,1.295,,13.265,69.402,0.060,5.166,1.545,218.306,111.968,132.323,58.754,26.354,0.022,-0.014,73.475,1.267,-2.884,-1.360,-2.883,0.212
2026,2,2026_02_GB_NYJ,NYJ,GB,Isaiah Davis,RB,,0,0,0,0,0,0,0,0.000,0.000,0.000,20.500,-3.500,0,7.000,56.521,0.512,0.000,0.000,,,3.308,17.765,0.125,5.171,1.597,1.326,13.233,0.054,-0.016,6.060,0.269,30,0,0,0,0.070,0.128,0.000,0.000,0.965,0.000,0.043,1.000,1.007,3.308,1.609,00-0030565,,,,0,,,,,,,,,,,,,0.011,0.030,3.101,2.066,0.109,,8.744,15.259,0.000,4.703,2.958,218.306,111.968,132.323,58.754,26.354,0.022,-0.014,,,-2.884,-1.360,-2.883,0.212
2026,2,2026_02_GB_NYJ,NYJ,GB,Jeremy Ruckert,TE,,0,0,0,0,2,2,5,0.056,0.000,0.340,20.500,-3.500,0,7.000,56.521,0.512,0.000,0.000,,,0.000,0.000,0.000,,2.156,1.555,10.248,0.074,0.028,5.304,0.513,42,0,0,0,0.070,0.128,0.000,0.000,0.965,0.000,0.043,1.000,1.007,0.000,2.171,00-0030565,0.043,1.000,4.000,1,,,,,,,,,,,,,0.038,0.000,,,,,12.217,0.000,0.000,-1.744,0.000,218.306,111.968,132.323,58.754,26.354,0.022,-0.014,,,-2.884,-1.360,-2.883,0.212
2026,2,2026_02_GB_NYJ,NYJ,GB,Kenyon Sadiq,TE,TE1,0,0,0,0,3,2,17,0.083,0.000,0.360,20.500,-3.500,0,7.000,56.521,0.512,0.000,0.000,,,1.000,3.000,0.026,3.000,3.000,3.000,21.000,0.130,0.000,7.000,0.420,2,0,0,0,0.070,0.128,0.000,0.000,0.965,0.000,0.043,1.000,1.007,1.000,3.021,00-0030565,0.130,3.000,21.000,1,,,,,,,,,,,,,0.000,0.000,3.000,0.000,0.000,,17.680,1.390,0.000,3.320,1.610,218.306,111.968,132.323,58.754,26.354,0.022,-0.014,43.790,1.200,-2.884,-1.360,-2.883,0.212
2026,2,2026_02_GB_NYJ,NYJ,GB,Adonai Mitchell,WR,WR2,0,0,0,0,12,6,63,0.333,0.000,0.820,20.500,-3.500,0,7.000,56.521,0.512,0.001,0.025,,,0.090,-0.350,0.003,,5.239,2.441,33.852,0.179,0.393,7.171,0.638,35,0,0,0,0.070,0.128,0.000,0.000,0.965,0.000,0.043,1.000,1.007,0.090,5.276,00-0030565,0.130,3.000,60.000,1,,,,,,,,,,,,,0.016,0.000,,,,,40.243,0.435,0.005,-6.391,-0.785,218.306,111.968,132.323,58.754,26.354,0.022,-0.014,30.620,0.870,-2.884,-1.360,-2.883,0.212
2026,2,2026_02_GB_NYJ,NYJ,GB,Arian Smith,WR,,0,0,0,0,0,0,0,0.000,0.000,0.010,20.500,-3.500,0,7.000,56.521,0.512,0.000,0.000,,,0.304,1.465,0.012,,1.216,0.323,2.469,0.046,0.080,3.293,0.288,15,0,0,0,0.070,0.128,0.000,0.000,0.965,0.000,0.043,1.000,1.007,0.304,1.224,00-0030565,0.043,1.000,0.000,1,,,,,,,,,,,,,0.203,0.047,,,,,7.801,1.926,0.000,-5.286,-0.434,218.306,111.968,132.323,58.754,26.354,0.022,-0.014,,,-2.884,-1.360,-2.883,0.212
2026,2,2026_02_GB_NYJ,NYJ,GB,Garrett Wilson,WR,WR1,0,0,0,0,7,5,57,0.194,0.000,0.880,20.500,-3.500,0,7.000,56.521,0.512,0.001,0.000,,,0.047,0.007,0.002,,7.736,4.947,55.727,0.311,0.522,6.772,0.839,60,0,0,0,0.070,0.128,0.000,0.000,0.965,0.000,0.043,1.000,1.007,0.047,7.791,00-0030565,0.304,7.000,79.000,1,3.156,5.960,8.938,-0.016,67.339,,,,,,,,0.070,0.507,,,,,59.466,0.307,0.004,-3.737,-0.300,218.306,111.968,132.323,58.754,26.354,0.022,-0.014,63.266,1.178,-2.884,-1.360,-2.883,0.212
2026,2,2026_02_GB_NYJ,NYJ,GB,Isaiah Williams,WR,WR3,0,0,1,14,6,6,34,0.167,0.037,0.820,20.500,-3.500,0,7.000,56.521,0.512,0.040,0.000,,,0.183,1.447,0.006,,3.215,2.470,17.259,0.119,0.090,5.256,0.502,25,0,0,0,0.070,0.128,0.000,0.000,0.965,0.000,0.043,1.000,1.007,0.183,3.237,00-0030565,0.043,1.000,7.000,1,,,,,,,,,,,,,0.037,0.066,,,,,21.234,1.570,0.306,-0.859,0.295,218.306,111.968,132.323,58.754,26.354,0.022,-0.014,28.191,1.289,-2.884,-1.360,-2.883,0.212
2026,2,2026_02_PHI_TEN,PHI,TEN,Jalen Hurts,QB,,37,264,5,16,0,0,0,0.000,0.156,1.000,23.250,7.000,0,5.000,59.035,0.517,28.656,190.461,6.941,1.220,5.946,27.350,0.206,4.307,0.000,0.000,0.000,0.000,0.000,,0.968,104,0,0,0,0.000,0.000,0.000,0.000,0.000,0.000,0.000,1.000,1.000,5.946,0.000,00-0036389,,,,0,,,,,,,,,3.000,14.319,-0.247,0.251,,,3.476,0.826,0.222,0.164,0.000,29.130,216.442,-0.000,-1.779,250.769,87.945,168.023,57.233,24.846,0.075,0.010,,,37.449,-7.703,37.450,0.270
2026,2,2026_02_PHI_TEN,PHI,TEN,Saquon Barkley,RB,RB1,0,0,4,9,2,1,11,0.059,0.125,0.160,23.250,7.000,0,5.000,59.035,0.517,0.000,0.000,,,19.074,86.299,0.646,4.589,2.947,1.689,11.429,0.108,-0.002,2.870,0.772,115,0,0,0,0.000,0.000,0.000,0.000,0.000,0.000,0.000,1.000,1.000,19.074,2.947,00-0036389,0.108,2.952,11.522,36,,,,,,4.100,22.376,0.722,,,,,0.104,0.192,2.567,2.021,1.521,,17.748,85.515,0.000,-6.319,0.785,250.769,87.945,168.023,57.233,24.846,0.075,0.010,59.440,1.281,37.449,-7.703,37.450,0.270
2026,2,2026_02_PHI_TEN,PHI,TEN,Tank Bigsby,RB,,0,0,13,33,2,2,5,0.059,0.406,0.340,23.250,7.000,0,5.000,59.035,0.517,0.000,0.000,,,5.415,26.552,0.200,4.970,0.346,0.258,3.792,0.014,0.000,,0.189,47,0,0,0,0.000,0.000,0.000,0.000,0.000,0.000,0.000,1.000,1.000,5.415,0.346,00-0036389,0.012,0.238,0.213,15,,,,,,,,,,,,,,,3.210,1.779,0.592,,2.179,24.596,0.000,1.752,4.293,250.769,87.945,168.023,57.233,24.846,0.075,0.010,,,37.449,-7.703,37.450,0.270
2026,2,2026_02_PHI_TEN,PHI,TEN,Will Shipley,RB,,0,0,7,24,2,2,5,0.059,0.219,0.510,23.250,7.000,0,5.000,59.035,0.517,0.000,0.000,,,1.036,2.965,0.040,3.264,0.979,0.835,5.269,0.033,0.004,5.734,0.140,33,0,0,0,0.000,0.000,0.000,0.000,0.000,0.000,0.000,1.000,1.000,1.036,0.979,00-0036389,0.025,0.679,4.154,30,,,,,,,,,,,,,0.044,0.000,1.885,1.384,0.053,,6.891,7.055,0.000,-0.645,-2.221,250.769,87.945,168.023,57.233,24.846,0.075,0.010,,,37.449,-7.703,37.450,0.270
2026,2,2026_02_PHI_TEN,PHI,TEN,Dallas Goedert,TE,TE1,0,0,0,0,2,1,4,0.059,0.000,0.250,23.250,7.000,0,5.000,59.035,0.517,0.000,0.000,,,0.148,0.226,0.004,,5.573,3.962,43.853,0.215,0.171,8.379,0.867,122,0,0,0,0.000,0.000,0.000,0.000,0.000,0.000,0.000,1.000,1.000,0.148,5.573,00-0036389,0.215,5.571,43.832,75,3.425,5.935,7.747,0.829,69.400,,,,,,,,0.046,0.159,,,,,39.307,0.161,0.000,4.546,0.064,250.769,87.945,168.023,57.233,24.846,0.075,0.010,46.693,1.014,37.449,-7.703,37.450,0.270
2026,2,2026_02_PHI_TEN,PHI,TEN,Johnny Mundt,TE,,0,0,0,0,3,2,8,0.088,0.000,0.640,23.250,7.000,0,5.000,59.035,0.517,0.000,0.000,,,0.000,0.000,0.000,,1.627,0.868,11.113,0.054,0.033,6.961,0.378,69,0,0,0,0.000,0.000,0.000,0.000,0.000,0.000,0.000,1.000,1.000,0.000,1.627,00-0036389,,,,0,,,,,,,,,,,,,0.111,0.263,,,,,12.827,0.000,0.000,-0.910,0.000,250.769,87.945,168.023,57.233,24.846,0.075,0.010,,,37.449,-7.703,37.450,0.270
2026,2,2026_02_PHI_TEN,PHI,TEN,Britain Covey,WR,,0,0,0,0,0,0,0,0.000,0.000,0.000,23.250,7.000,0,5.000,59.035,0.517,0.000,0.000,,,0.000,0.000,0.000,,0.742,0.449,3.679,0.024,0.006,,0.096,50,0,0,0,0.000,0.000,0.000,0.000,0.000,0.000,0.000,1.000,1.000,0.000,0.742,00-0036389,0.010,0.266,1.132,45,,,,,,,,,,,,,,,,,,,,,,,,250.769,87.945,168.023,57.233,24.846,0.075,0.010,,,37.449,-7.703,37.450,0.270
2026,2,2026_02_PHI_TEN,PHI,TEN,Darius Cooper,WR,,0,0,0,0,3,2,26,0.088,0.000,0.410,23.250,7.000,0,5.000,59.035,0.517,0.000,0.000,,,0.000,0.000,0.000,,1.506,1.206,12.356,0.051,0.056,,0.326,9,0,0,0,0.000,0.000,0.000,0.000,0.000,0.000,0.000,1.000,1.000,0.000,1.506,00-0036389,0.036,0.923,9.076,7,,,,,,,,,,,,,,,,,,,,,,,,250.769,87.945,168.023,57.233,24.846,0.075,0.010,,,37.449,-7.703,37.450,0.270
2026,2,2026_02_PHI_TEN,PHI,TEN,DeVonta Smith,WR,WR1,0,0,0,0,13,10,117,0.382,0.000,0.880,23.250,7.000,0,5.000,59.035,0.517,0.000,0.000,,,0.002,0.002,0.000,,6.803,4.367,54.556,0.245,0.282,9.088,0.802,92,0,0,0,0.000,0.000,0.000,0.000,0.000,0.000,0.000,1.000,1.000,0.002,6.803,00-0036389,0.259,7.093,54.383,84,3.021,6.191,11.162,0.110,59.867,,,,,,,,0.045,0.299,,,,,54.841,0.011,0.000,-0.285,-0.009,250.769,87.945,168.023,57.233,24.846,0.075,0.010,71.571,1.183,37.449,-7.703,37.450,0.270
2026,2,2026_02_PHI_TEN,PHI,TEN,Dontayvion Wicks,WR,,0,0,0,0,6,5,74,0.176,0.000,0.620,23.250,7.000,0,5.000,59.035,0.517,0.000,0.001,,,0.080,0.478,0.003,,3.431,2.200,32.241,0.131,0.173,8.452,0.507,50,0,0,0,0.000,0.000,0.000,0.000,0.000,0.000,0.000,1.000,1.000,0.080,3.431,00-0036389,0.182,4.000,73.000,1,,,,,,,,,,,,,0.061,0.055,,,,,27.963,0.522,0.001,4.279,-0.045,250.769,87.945,168.023,57.233,24.846,0.075,0.010,,,37.449,-7.703,37.450,0.270
2026,2,2026_02_PHI_TEN,PHI,TEN,Makai Lemon,WR,WR2,0,0,1,-5,1,1,14,0.029,0.031,0.630,23.250,7.000,0,5.000,59.035,0.517,0.000,0.000,,,0.000,0.000,0.000,,4.000,3.000,-5.000,0.182,0.000,-1.250,0.640,2,0,0,0,0.000,0.000,0.000,0.000,0.000,0.000,0.000,1.000,1.000,0.000,4.000,00-0036389,0.182,4.000,-5.000,1,,,,,,,,,,,,,0.000,0.000,,,,,20.070,0.000,0.000,-25.070,0.000,250.769,87.945,168.023,57.233,24.846,0.075,0.010,52.603,1.440,37.449,-7.703,37.450,0.270
2026,2,2026_02_PHI_TEN,PHI,TEN,Marquise Brown,WR,WR3,0,0,2,12,0,0,0,0.000,0.062,0.220,23.250,7.000,0,5.000,59.035,0.517,0.000,0.000,,,0.004,-0.002,0.000,,3.846,2.362,32.755,0.131,0.237,8.655,0.544,96,0,0,0,0.000,0.000,0.000,0.000,0.000,0.000,0.000,1.000,1.000,0.004,3.846,00-0036389,,,,0,2.949,6.175,12.186,0.121,59.350,,,,,,,,0.059,0.064,,,,,27.978,0.022,0.000,4.777,-0.025,250.769,87.945,168.023,57.233,24.846,0.075,0.010,26.772,1.458,37.449,-7.703,37.450,0.270
2026,2,2026_02_PIT_NE,PIT,NE,Aaron Rodgers,QB,,39,187,1,5,0,0,0,0.000,0.043,0.960,18.500,-4.500,0,7.000,57.960,0.617,34.996,209.682,6.085,-3.511,1.296,3.951,0.060,4.821,0.056,0.056,-0.506,0.002,-0.002,,0.957,123,0,0,0,0.000,0.000,0.000,0.933,0.000,0.000,0.167,1.000,1.038,1.296,0.058,00-0023459,,,,0,,,,,,,,,2.706,15.201,-2.656,-2.030,,,4.660,0.163,0.006,0.182,0.120,3.492,239.550,-0.626,0.459,181.309,82.695,114.482,41.862,24.693,-0.042,-0.016,,,-36.141,-11.087,-36.137,0.325
2026,2,2026_02_PIT_NE,PIT,NE,Mason Rudolph,QB,,1,0,1,3,0,0,0,0.000,0.043,0.040,18.500,-4.500,0,7.000,57.960,0.617,14.877,96.202,5.064,0.605,1.700,4.740,0.058,,0.000,0.000,0.000,0.000,0.000,,0.478,36,0,0,0,0.000,0.000,0.000,0.933,0.000,0.000,0.167,1.000,1.038,1.700,0.000,00-0023459,,,,0,,,,,,,,,,,,,,,,,,0.093,0.000,5.312,98.549,0.000,-0.572,181.309,82.695,114.482,41.862,24.693,-0.042,-0.016,,,-36.141,-11.087,-36.137,0.325
2026,2,2026_02_PIT_NE,PIT,NE,Eli Heidenreich,RB,,0,0,0,0,0,0,0,0.000,0.000,0.000,18.500,-4.500,0,7.000,57.960,0.617,0.000,0.000,,,0.000,0.000,0.000,,0.000,0.000,0.000,0.000,0.000,,0.040,2,0,0,0,0.000,0.000,0.000,0.933,0.000,0.000,0.167,1.000,1.038,0.000,0.000,00-0023459,0.000,0.000,0.000,1,,,,,,,,,,,,,,,,,,,,,,,,181.309,82.695,114.482,41.862,24.693,-0.042,-0.016,,,-36.141,-11.087,-36.137,0.325
2026,2,2026_02_PIT_NE,PIT,NE,Jaylen Warren,RB,RB1,0,0,11,43,4,2,34,0.108,0.478,0.710,18.500,-4.500,0,7.000,57.960,0.617,0.000,0.000,,,12.019,56.890,0.556,4.609,3.004,2.665,17.393,0.090,-0.035,5.702,0.443,69,0,0,0,0.000,0.000,0.000,0.933,0.000,0.000,0.167,1.000,1.038,12.019,3.117,00-0023459,0.094,3.134,18.596,16,,,,,,3.800,34.905,0.832,,,,,0.003,0.877,2.276,2.341,1.338,,15.184,52.464,0.000,2.209,4.426,181.309,82.695,114.482,41.862,24.693,-0.042,-0.016,53.113,0.872,-36.141,-11.087,-36.137,0.325
2026,2,2026_02_PIT_NE,PIT,NE,Rico Dowdle,RB,,0,0,7,22,2,2,22,0.054,0.304,0.260,18.500,-4.500,0,7.000,57.960,0.617,0.000,0.000,,,11.277,40.665,0.458,3.199,3.396,2.252,13.859,0.117,-0.041,4.804,0.558,60,0,0,0,0.000,0.000,0.000,0.933,0.000,0.000,0.167,1.000,1.038,11.277,3.524,00-0023459,0.135,5.000,6.000,1,,,,,,,,,,,,,0.061,0.213,1.802,1.393,0.372,,17.396,48.480,0.000,-3.536,-7.813,181.309,82.695,114.482,41.862,24.693,-0.042,-0.016,,,-36.141,-11.087,-36.137,0.325
2026,2,2026_02_PIT_NE,PIT,NE,Travis Homer,RB,,0,0,2,16,0,0,0,0.000,0.087,0.030,18.500,-4.500,0,7.000,57.960,0.617,0.000,0.000,,,0.274,0.488,0.010,,0.140,0.129,0.638,0.005,0.000,,0.031,66,0,0,0,0.000,0.000,0.000,0.933,0.000,0.000,0.167,1.000,1.038,0.274,0.145,00-0023459,,,,0,,,,,,,,,,,,,,,,,,,,,,,,181.309,82.695,114.482,41.862,24.693,-0.042,-0.016,,,-36.141,-11.087,-36.137,0.325
2026,2,2026_02_PIT_NE,PIT,NE,Darnell Washington,TE,,0,0,0,0,2,1,7,0.054,0.000,0.530,18.500,-4.500,0,7.000,57.960,0.617,0.000,0.000,,,0.000,0.000,0.000,,2.864,2.222,24.743,0.093,0.074,8.882,0.561,38,0,0,0,0.000,0.000,0.000,0.933,0.000,0.000,0.167,1.000,1.038,0.000,2.972,00-0023459,0.095,2.943,23.822,12,,,,,,,,,,,,,0.060,0.538,,,,,19.504,0.000,0.000,5.239,0.000,181.309,82.695,114.482,41.862,24.693,-0.042,-0.016,,,-36.141,-11.087,-36.137,0.325
2026,2,2026_02_PIT_NE,PIT,NE,Pat Freiermuth,TE,TE1,0,0,1,2,5,4,32,0.135,0.043,0.660,18.500,-4.500,0,7.000,57.960,0.617,0.000,0.000,,,0.000,0.000,0.000,,4.083,3.041,35.616,0.120,0.135,8.630,0.602,80,0,0,0,0.000,0.000,0.000,0.933,0.000,0.000,0.167,1.000,1.038,0.000,4.238,00-0023459,0.121,4.159,36.747,15,3.440,6.433,7.575,2.215,72.482,,,,,,,,0.004,0.295,,,,,28.718,0.000,0.000,6.900,0.000,181.309,82.695,114.482,41.862,24.693,-0.042,-0.016,30.523,0.981,-36.141,-11.087,-36.137,0.325
2026,2,2026_02_PIT_NE,PIT,NE,Ben Skowronek,WR,WR3,0,0,0,0,1,1,2,0.027,0.000,0.210,18.500,-4.500,0,7.000,57.960,0.617,0.000,0.000,,,0.001,0.002,0.000,,0.291,0.205,3.194,0.010,0.017,,0.142,71,0,0,0,0.000,0.000,0.000,0.933,0.000,0.000,0.167,1.000,1.038,0.001,0.302,00-0023459,0.009,0.242,2.010,15,,,,,,,,,,,,,,,,,,,,,,,,181.309,82.695,114.482,41.862,24.693,-0.042,-0.016,23.763,1.000,-36.141,-11.087,-36.137,0.325
2026,2,2026_02_PIT_NE,PIT,NE,DK Metcalf,WR,WR1,0,0,0,0,9,4,27,0.243,0.000,0.970,18.500,-4.500,0,7.000,57.960,0.617,0.000,0.000,,,0.113,0.675,0.003,,7.183,3.789,52.217,0.224,0.384,8.004,0.875,119,0,0,0,0.000,0.000,0.000,0.933,0.000,0.000,0.167,1.000,1.038,0.113,7.454,00-0023459,0.220,7.048,53.722,15,2.692,4.481,12.102,1.549,52.235,,,,,,,,0.070,0.487,,,,,61.606,0.536,0.000,-9.389,0.140,181.309,82.695,114.482,41.862,24.693,-0.042,-0.016,48.779,0.827,-36.141,-11.087,-36.137,0.325
2026,2,2026_02_PIT_NE,PIT,NE,Germie Bernard,WR,,0,0,0,0,8,4,35,0.216,0.000,0.790,18.500,-4.500,0,7.000,57.960,0.617,,,,,,,,,,,,,,,,1,0,0,0,0.000,0.000,0.000,0.933,0.000,0.000,0.167,1.000,1.038,,,00-0023459,,,,0,,,,,,,,,,,,,,,,,,,,,,,,181.309,82.695,114.482,41.862,24.693,-0.042,-0.016,,,-36.141,-11.087,-36.137,0.325
2026,2,2026_02_PIT_NE,PIT,NE,Kaden Wetjen,WR,,0,0,0,0,0,0,0,0.000,0.000,0.000,18.500,-4.500,0,7.000,57.960,0.617,0.000,0.000,,,0.000,0.000,0.000,,0.000,0.000,0.000,0.000,0.000,,0.000,2,0,0,0,0.000,0.000,0.000,0.933,0.000,0.000,0.167,1.000,1.038,0.000,0.000,00-0023459,0.000,0.000,0.000,1,,,,,,,,,,,,,,,,,,,,,,,,181.309,82.695,114.482,41.862,24.693,-0.042,-0.016,,,-36.141,-11.087,-36.137,0.325
2026,2,2026_02_PIT_NE,PIT,NE,Roman Wilson,WR,WR2,0,0,0,0,6,5,28,0.162,0.000,0.790,18.500,-4.500,0,7.000,57.960,0.617,0.000,0.000,,,0.000,0.000,0.000,,3.001,1.446,17.583,0.093,0.211,5.326,0.445,11,0,0,0,0.000,0.000,0.000,0.933,0.000,0.000,0.167,1.000,1.038,0.000,3.114,00-0023459,0.094,3.063,21.977,8,3.254,6.188,19.580,-1.364,63.704,,,,,,,,0.000,0.000,,,,,26.998,0.000,0.000,-9.414,0.000,181.309,82.695,114.482,41.862,24.693,-0.042,-0.016,33.983,0.933,-36.141,-11.087,-36.137,0.325
2026,2,2026_02_SEA_ARI,SEA,ARI,Drew Lock,QB,,26,235,0,0,0,0,0,0.000,0.000,1.000,22.000,3.500,1,0.000,58.134,0.500,17.126,117.089,6.452,-1.451,2.262,8.404,0.086,3.209,0.010,0.010,0.010,0.000,-0.000,,0.610,40,0,0,0,0.000,0.000,0.000,0.790,0.000,0.000,0.000,1.000,1.000,2.262,0.010,00-0035704,,,,0,,,,,,,,,2.772,15.922,-0.101,-1.967,,,3.005,0.209,0.002,0.156,0.004,5.627,110.547,0.006,2.777,241.837,114.859,126.276,77.699,33.886,0.038,-0.001,,,-10.542,12.754,-10.540,0.291
2026,2,2026_02_SEA_ARI,SEA,ARI,Emanuel Wilson,RB,,0,0,21,92,1,0,0,0.038,0.525,0.410,22.000,3.500,1,0.000,58.134,0.500,0.000,0.000,,,6.769,24.846,0.215,3.292,0.577,0.519,3.340,0.028,-0.026,,0.288,45,0,0,0,0.000,0.000,0.000,0.790,0.000,0.000,0.000,1.000,1.000,6.769,0.577,00-0035704,0.000,0.000,0.000,1,,,,,,,,,,,,,,,1.806,1.473,0.325,,2.820,29.448,0.000,0.553,-4.393,241.837,114.859,126.276,77.699,33.886,0.038,-0.001,,,-10.542,12.754,-10.540,0.291
2026,2,2026_02_SEA_ARI,SEA,ARI,George Holani,RB,,0,0,4,13,1,1,2,0.038,0.100,0.260,22.000,3.500,1,0.000,58.134,0.500,0.000,0.000,,,3.358,11.096,0.124,3.033,0.865,0.575,4.676,0.029,0.011,4.013,0.199,17,0,0,0,0.000,0.000,0.000,0.790,0.000,0.000,0.000,1.000,1.000,3.358,0.865,00-0035704,0.042,1.000,0.000,1,,,,,,,,,,,,,0.049,0.194,1.612,1.437,0.318,,7.525,20.235,0.000,-1.475,-5.681,241.837,114.859,126.276,77.699,33.886,0.038,-0.001,,,-10.542,12.754,-10.540,0.291
2026,2,2026_02_SEA_ARI,SEA,ARI,Jadarian Price,RB,RB1,0,0,13,52,2,1,8,0.077,0.325,0.340,22.000,3.500,1,0.000,58.134,0.500,0.000,0.000,,,10.000,52.000,0.455,5.200,2.000,2.000,6.000,0.083,-0.006,3.000,0.480,2,0,0,0,0.000,0.000,0.000,0.790,0.000,0.000,0.000,1.000,1.000,10.000,2.000,00-0035704,0.083,2.000,6.000,1,,,,,,4.379,40.000,0.683,,,,,0.000,0.000,3.500,1.700,0.000,,10.950,46.780,0.000,-4.950,5.220,241.837,114.859,126.276,77.699,33.886,0.038,-0.001,66.954,1.033,-10.542,12.754,-10.540,0.291
2026,2,2026_02_SEA_ARI,SEA,ARI,AJ Barner,TE,TE1,0,0,1,1,1,1,8,0.038,0.025,0.800,22.000,3.500,1,0.000,58.134,0.500,0.000,0.000,,,0.314,0.463,0.010,,3.303,2.632,26.117,0.110,0.055,8.022,0.819,37,0,0,0,0.000,0.000,0.000,0.790,0.000,0.000,0.000,1.000,1.000,0.314,3.303,00-0035704,0.083,2.000,13.000,1,,,,,,,,,,,,,0.021,0.459,,,,,19.952,0.796,0.000,6.175,-0.332,241.837,114.859,126.276,77.699,33.886,0.038,-0.001,44.119,1.193,-10.542,12.754,-10.540,0.291
2026,2,2026_02_SEA_ARI,SEA,ARI,Elijah Arroyo,TE,,0,0,0,0,1,1,17,0.038,0.000,0.210,22.000,3.500,1,0.000,58.134,0.500,0.000,0.000,,,0.000,0.000,0.000,,1.799,0.863,9.262,0.071,0.101,4.128,0.356,14,0,0,0,0.000,0.000,0.000,0.790,0.000,0.000,0.000,1.000,1.000,0.000,1.799,00-0035704,,,,0,,,,,,,,,,,,,0.026,0.000,,,,,16.735,0.000,0.000,-7.473,0.000,241.837,114.859,126.276,77.699,33.886,0.038,-0.001,,,-10.542,12.754,-10.540,0.291
2026,2,2026_02_SEA_ARI,SEA,ARI,Eric Saubert,TE,,0,0,0,0,1,1,-10,0.038,0.000,0.240,22.000,3.500,1,0.000,58.134,0.500,0.000,0.000,,,0.000,0.000,0.000,,0.845,0.502,3.198,0.030,0.018,,0.423,66,0,0,0,0.000,0.000,0.000,0.790,0.000,0.000,0.000,1.000,1.000,0.000,0.845,00-0035704,0.012,0.330,0.000,3,,,,,,,,,,,,,,,,,,,,,,,,241.837,114.859,126.276,77.699,33.886,0.038,-0.001,,,-10.542,12.754,-10.540,0.291
2026,2,2026_02_SEA_ARI,SEA,ARI,Cooper Kupp,WR,WR2,0,0,0,0,2,2,20,0.077,0.000,0.430,22.000,3.500,1,0.000,58.134,0.500,0.017,0.000,,,0.002,0.006,0.000,,5.303,3.377,39.943,0.187,0.214,9.115,0.779,118,0,0,0,0.000,0.000,0.000,0.790,0.000,0.000,0.000,1.000,1.000,0.002,5.303,00-0035704,0.125,3.000,35.000,1,,,,,,,,,,,,,0.064,0.062,,,,,40.082,0.009,0.138,-0.139,-0.004,241.837,114.859,126.276,77.699,33.886,0.038,-0.001,41.012,0.860,-10.542,12.754,-10.540,0.291
2026,2,2026_02_SEA_ARI,SEA,ARI,Jaxon Smith-Njigba,WR,WR1,0,0,0,0,11,9,155,0.423,0.000,0.670,22.000,3.500,1,0.000,58.134,0.500,0.001,0.026,,,0.146,0.667,0.006,,9.629,6.690,89.038,0.350,0.442,9.022,0.808,56,0,0,0,0.000,0.000,0.000,0.790,0.000,0.000,0.000,1.000,1.000,0.146,9.629,00-0035704,0.284,7.580,70.660,3,3.145,6.119,10.363,1.552,75.107,,,,,,,,0.024,0.028,,,,,74.904,1.059,0.009,14.134,-0.391,241.837,114.859,126.276,77.699,33.886,0.038,-0.001,60.842,0.773,-10.542,12.754,-10.540,0.291
2026,2,2026_02_SEA_ARI,SEA,ARI,Rashid Shaheed,WR,WR3,0,0,1,4,6,3,35,0.231,0.025,0.560,22.000,3.500,1,0.000,58.134,0.500,0.000,0.000,,,0.694,4.486,0.024,,3.503,1.680,23.782,0.121,0.219,5.718,0.547,56,0,0,0,0.000,0.000,0.000,0.790,0.000,0.000,0.000,1.000,1.000,0.694,3.503,00-0035704,0.125,3.000,4.000,1,,,,,,,,,,,,,0.000,0.025,,,,,32.577,4.690,0.000,-8.794,-0.203,241.837,114.859,126.276,77.699,33.886,0.038,-0.001,19.264,0.747,-10.542,12.754,-10.540,0.291
2026,2,2026_02_MIA_SF,SF,MIA,Brock Purdy,QB,,22,287,3,30,0,0,0,0.000,0.111,0.850,28.500,12.500,0,5.000,59.600,0.545,30.941,223.747,7.156,3.305,4.693,23.358,0.173,5.095,0.000,0.000,0.000,0.000,0.000,,0.968,59,0,0,0,0.320,0.000,0.000,0.000,0.773,0.000,0.000,1.000,1.000,4.693,0.000,00-0037834,,,,0,,,,,,,,,3.179,15.680,3.680,-0.660,,,4.184,0.911,0.011,0.169,0.000,22.738,225.238,0.000,0.620,231.399,110.257,137.576,58.435,34.151,0.035,0.010,,,3.218,4.443,3.218,0.284
2026,2,2026_02_MIA_SF,SF,MIA,Mac Jones,QB,,0,0,2,-2,0,0,0,0.000,0.074,0.150,28.500,12.500,0,5.000,59.600,0.545,17.338,123.864,6.354,4.171,2.662,5.157,0.100,2.592,0.000,0.000,0.000,0.000,0.000,,0.531,66,0,0,0,0.320,0.000,0.000,0.000,0.773,0.000,0.000,1.000,1.000,2.662,0.000,00-0037834,,,,0,,,,,,,,,,,,,,,2.225,0.374,0.024,0.144,0.000,5.579,126.868,0.000,-0.423,231.399,110.257,137.576,58.435,34.151,0.035,0.010,,,3.218,4.443,3.218,0.284
2026,2,2026_02_MIA_SF,SF,MIA,Christian McCaffrey,RB,RB1,0,0,10,23,4,4,43,0.190,0.370,0.520,28.500,12.500,0,5.000,59.600,0.545,0.047,0.000,,,15.368,66.262,0.561,4.309,6.786,5.204,40.375,0.223,0.070,6.403,0.747,106,0,0,0,0.320,0.000,0.000,0.000,0.773,0.000,0.000,1.000,1.000,15.368,6.786,00-0037834,0.219,6.650,38.638,42,,,,,,4.238,22.233,-0.053,,,,,0.023,0.285,2.528,1.779,0.768,,43.274,65.064,0.222,-3.098,1.197,231.399,110.257,137.576,58.435,34.151,0.035,0.010,61.158,1.279,3.218,4.443,3.218,0.284
2026,2,2026_02_MIA_SF,SF,MIA,Jordan James,RB,,0,0,4,15,0,0,0,0.000,0.148,0.150,28.500,12.500,0,5.000,59.600,0.545,0.000,0.000,,,6.000,28.000,0.231,4.667,1.000,1.000,7.000,0.037,0.012,7.000,0.230,2,0,0,0,0.320,0.000,0.000,0.000,0.773,0.000,0.000,1.000,1.000,6.000,1.000,00-0037834,0.037,1.000,7.000,1,,,,,,,,,,,,,0.000,0.000,2.800,1.800,0.000,,6.190,28.420,0.000,0.810,-0.420,231.399,110.257,137.576,58.435,34.151,0.035,0.010,,,3.218,4.443,3.218,0.284
2026,2,2026_02_MIA_SF,SF,MIA,Kaelon Black,RB,,0,0,7,25,0,0,0,0.000,0.259,0.330,28.500,12.500,0,5.000,59.600,0.545,0.000,0.000,,,14.000,65.000,0.467,4.643,1.000,1.000,5.000,0.029,-0.034,5.000,0.430,2,1,1,0,0.320,0.000,0.000,0.000,0.773,0.000,0.000,1.000,1.000,14.000,1.000,00-0037834,0.029,1.000,5.000,1,,,,,,3.731,0.000,-0.380,,,,,0.000,0.000,3.400,1.200,0.000,,4.250,60.020,0.000,0.750,4.980,231.399,110.257,137.576,58.435,34.151,0.035,0.010,,,3.218,4.443,3.218,0.284
2026,2,2026_02_MIA_SF,SF,MIA,Brayden Willis,TE,,0,0,0,0,0,0,0,0.000,0.000,0.250,28.500,12.500,0,5.000,59.600,0.545,0.000,0.000,,,0.000,0.000,0.000,,0.200,0.000,0.000,0.005,0.003,,0.031,14,0,0,0,0.320,0.000,0.000,0.000,0.773,0.000,0.000,1.000,1.000,0.000,0.200,00-0037834,0.000,0.000,0.000,8,,,,,,,,,,,,,,,,,,,,,,,,231.399,110.257,137.576,58.435,34.151,0.035,0.010,,,3.218,4.443,3.218,0.284
2026,2,2026_02_MIA_SF,SF,MIA,George Kittle,TE,TE1,0,0,0,0,4,4,80,0.190,0.000,0.480,28.500,12.500,0,5.000,59.600,0.545,0.000,0.000,,,0.034,-0.100,0.001,,5.893,4.408,49.873,0.197,0.194,7.506,0.696,124,0,0,0,0.320,0.000,0.000,0.000,0.773,0.000,0.000,1.000,1.000,0.034,5.893,00-0037834,0.202,6.044,54.343,49,3.406,4.739,7.716,1.414,75.768,,,,,,,,0.010,0.351,,,,,44.036,0.174,0.000,5.837,-0.273,231.399,110.257,137.576,58.435,34.151,0.035,0.010,40.085,1.225,3.218,4.443,3.218,0.284
2026,2,2026_02_MIA_SF,SF,MIA,Luke Farrell,TE,,0,0,0,0,0,0,0,0.000,0.000,0.540,28.500,12.500,0,5.000,59.600,0.545,0.000,0.000,,,0.000,0.000,0.000,,1.229,0.842,5.895,0.040,0.013,4.669,0.416,51,0,0,0,0.320,0.000,0.000,0.000,0.773,0.000,0.000,1.000,1.000,0.000,1.229,00-0037834,0.041,1.240,5.650,9,,,,,,,,,,,,,0.119,0.038,,,,,9.338,0.000,0.000,-1.418,0.000,231.399,110.257,137.576,58.435,34.151,0.035,0.010,,,3.218,4.443,3.218,0.284
2026,2,2026_02_MIA_SF,SF,MIA,Deebo Samuel Sr.,WR,WR2,0,0,1,4,4,3,31,0.190,0.037,0.600,28.500,12.500,0,5.000,59.600,0.545,0.000,0.000,,,1.143,6.081,0.044,5.067,5.696,3.969,43.360,0.235,0.117,7.826,0.674,111,0,0,0,0.320,0.000,0.000,0.000,0.773,0.000,0.000,1.000,1.000,1.143,5.696,00-0037834,0.185,5.593,41.841,37,3.478,6.102,4.451,0.338,69.853,,,,,,,,0.076,0.325,2.777,2.292,0.071,,36.995,6.126,0.001,6.474,-0.027,231.399,110.257,137.576,58.435,34.151,0.035,0.010,30.746,0.978,3.218,4.443,3.218,0.284
2026,2,2026_02_MIA_SF,SF,MIA,Demarcus Robinson,WR,WR3,0,0,0,0,3,3,34,0.143,0.000,0.310,28.500,12.500,0,5.000,59.600,0.545,0.000,0.000,,,0.047,0.288,0.001,,2.891,2.175,33.667,0.094,0.169,9.668,0.542,129,0,0,0,0.320,0.000,0.000,0.000,0.773,0.000,0.000,1.000,1.000,0.047,2.891,00-0037834,0.094,2.810,35.371,11,,,,,,,,,,,,,0.009,0.127,,,,,22.928,0.359,0.000,10.739,-0.071,231.399,110.257,137.576,58.435,34.151,0.035,0.010,25.431,0.939,3.218,4.443,3.218,0.284
2026,2,2026_02_MIA_SF,SF,MIA,Jacob Cowing,WR,,0,0,0,0,0,0,0,0.000,0.000,0.460,28.500,12.500,0,5.000,59.600,0.545,0.000,0.000,,,0.143,0.999,0.005,,0.447,0.345,5.781,0.012,0.020,,0.161,17,0,0,0,0.320,0.000,0.000,0.000,0.773,0.000,0.000,1.000,1.000,0.143,0.447,00-0037834,0.007,0.194,1.807,15,,,,,,,,,,,,,,,,,,,,,,,,231.399,110.257,137.576,58.435,34.151,0.035,0.010,,,3.218,4.443,3.218,0.284
2026,2,2026_02_MIA_SF,SF,MIA,KhaDarel Hodge,WR,,0,0,0,0,1,1,18,0.048,0.000,0.380,28.500,12.500,0,5.000,59.600,0.545,0.000,0.000,,,0.001,0.000,0.000,,1.011,0.365,4.861,0.032,0.046,,0.151,86,0,0,0,0.320,0.000,0.000,0.000,0.773,0.000,0.000,1.000,1.000,0.001,1.011,00-0037834,0.000,0.000,0.000,1,,,,,,,,,,,,,,,,,,,,,,,,231.399,110.257,137.576,58.435,34.151,0.035,0.010,,,3.218,4.443,3.218,0.284
2026,2,2026_02_MIA_SF,SF,MIA,Mike Evans,WR,WR1,0,0,0,0,3,3,54,0.143,0.000,0.540,28.500,12.500,0,5.000,59.600,0.545,0.000,0.000,,,0.000,0.000,0.000,,7.402,4.497,53.629,0.238,0.359,7.917,0.692,127,0,0,0,0.320,0.000,0.000,0.000,0.773,0.000,0.000,1.000,1.000,0.000,7.402,00-0037834,0.206,7.000,49.000,1,2.153,5.865,12.193,-0.336,62.427,,,,,,,,0.022,0.025,,,,,63.606,0.000,0.000,-9.977,0.000,231.399,110.257,137.576,58.435,34.151,0.035,0.010,48.538,0.840,3.218,4.443,3.218,0.284
2026,2,2026_02_CLE_TB,TB,CLE,Baker Mayfield,QB,,34,182,4,29,0,0,0,0.000,0.160,1.000,25.000,8.500,0,4.000,58.856,0.531,30.331,216.152,7.121,-0.358,3.731,25.228,0.141,6.443,0.000,0.000,0.000,0.000,-0.000,,0.977,130,0,0,0,0.000,0.000,0.000,0.000,0.000,0.000,0.000,1.000,1.000,3.731,0.000,00-0034855,,,,0,,,,,,,,,2.902,14.052,1.439,-1.245,,,4.677,1.778,0.216,0.175,0.000,21.606,224.972,-0.000,3.622,199.731,111.877,117.976,52.938,25.785,-0.013,-0.013,,,2.207,4.133,2.206,0.412
2026,2,2026_02_CLE_TB,TB,CLE,Bucky Irving,RB,RB1,0,0,17,89,4,4,1,0.121,0.680,0.780,25.000,8.500,0,4.000,58.856,0.531,0.000,0.000,,,15.716,59.924,0.552,3.915,3.795,3.256,26.037,0.125,-0.044,7.097,0.589,30,0,0,0,0.000,0.000,0.000,0.000,0.000,0.000,0.000,1.000,1.000,15.716,3.795,00-0034855,0.125,3.795,26.037,29,,,,,,,,,,,,,0.001,0.313,2.069,1.836,0.739,,20.961,69.799,0.000,5.076,-9.875,199.731,111.877,117.976,52.938,25.785,-0.013,-0.013,72.097,1.130,2.207,4.133,2.206,0.412
2026,2,2026_02_CLE_TB,TB,CLE,Kenny Gainwell,RB,,0,0,2,10,4,3,5,0.121,0.080,0.350,25.000,8.500,0,4.000,58.856,0.531,0.000,0.002,,,6.392,27.483,0.282,3.860,4.977,4.123,30.374,0.152,-0.008,5.335,0.523,95,0,0,0,0.000,0.000,0.000,0.000,0.000,0.000,0.000,1.000,1.000,6.392,4.977,00-0034855,0.037,1.000,3.000,1,,,,,,,,,,,,,0.048,0.242,2.272,1.578,0.653,,26.636,27.338,0.002,3.745,0.175,199.731,111.877,117.976,52.938,25.785,-0.013,-0.013,,,2.207,4.133,2.206,0.412
2026,2,2026_02_CLE_TB,TB,CLE,Cade Otton,TE,TE1,0,0,0,0,6,5,38,0.182,0.000,0.890,25.000,8.500,0,4.000,58.856,0.531,0.000,0.000,,,0.001,-0.004,0.000,,5.346,3.950,38.827,0.187,0.147,6.954,0.944,68,0,0,0,0.000,0.000,0.000,0.000,0.000,0.000,0.000,1.000,1.000,0.001,5.346,00-0034855,0.187,5.346,38.829,50,3.443,5.995,4.855,0.969,66.881,,,,,,,,0.041,0.288,,,,,36.754,0.006,0.000,2.080,-0.010,199.731,111.877,117.976,52.938,25.785,-0.013,-0.013,30.332,0.807,2.207,4.133,2.206,0.412
2026,2,2026_02_CLE_TB,TB,CLE,Chris Godwin Jr.,WR,WR2,0,0,1,12,3,3,46,0.091,0.040,0.860,25.000,8.500,0,4.000,58.856,0.531,0.001,0.000,,,0.193,0.607,0.009,5.155,5.659,4.323,47.672,0.181,0.136,8.304,0.767,113,0,0,0,0.000,0.000,0.000,0.000,0.000,0.000,0.000,1.000,1.000,0.193,5.659,00-0034855,0.180,5.651,47.617,36,,,,,,,,,,,,,0.018,0.644,2.768,2.387,0.087,,38.197,1.271,0.007,9.475,-0.664,199.731,111.877,117.976,52.938,25.785,-0.013,-0.013,35.739,0.971,2.207,4.133,2.206,0.412
2026,2,2026_02_CLE_TB,TB,CLE,Emeka Egbuka,WR,WR1,0,0,1,-3,5,3,16,0.152,0.040,0.860,25.000,8.500,0,4.000,58.856,0.531,0.000,0.000,,,0.023,0.079,0.001,,6.253,3.260,43.283,0.209,0.361,7.638,0.736,19,0,0,0,0.000,0.000,0.000,0.000,0.000,0.000,0.000,1.000,1.000,0.023,6.253,00-0034855,0.209,6.253,43.283,18,2.587,6.604,12.288,0.879,55.306,,,,,,,,0.050,0.083,,,,,57.479,0.125,0.000,-14.196,-0.046,199.731,111.877,117.976,52.938,25.785,-0.013,-0.013,53.487,0.923,2.207,4.133,2.206,0.412
2026,2,2026_02_CLE_TB,TB,CLE,Kameron Johnson,WR,,0,0,0,0,0,0,0,0.000,0.000,0.000,25.000,8.500,0,4.000,58.856,0.531,0.000,0.000,,,0.063,0.490,0.003,,0.213,0.081,1.302,0.007,0.011,,0.067,23,0,0,0,0.000,0.000,0.000,0.000,0.000,0.000,0.000,1.000,1.000,0.063,0.213,00-0034855,0.007,0.213,1.302,22,,,,,,,,,,,,,,,,,,,,,,,,199.731,111.877,117.976,52.938,25.785,-0.013,-0.013,,,2.207,4.133,2.206,0.412
2026,2,2026_02_CLE_TB,TB,CLE,Ted Hurst III,WR,WR3,0,0,0,0,7,2,27,0.212,0.000,0.740,25.000,8.500,0,4.000,58.856,0.531,0.000,0.000,,,0.000,0.000,0.000,,3.000,3.000,36.000,0.111,0.238,12.000,0.750,2,0,0,0,0.000,0.000,0.000,0.000,0.000,0.000,0.000,1.000,1.000,0.000,3.000,00-0034855,0.111,3.000,36.000,1,,,,,,,,,,,,,0.000,0.000,,,,,27.700,0.000,0.000,8.300,0.000,199.731,111.877,117.976,52.938,25.785,-0.013,-0.013,18.725,0.787,2.207,4.133,2.206,0.412
2026,2,2026_02_CLE_TB,TB,CLE,Tez Johnson,WR,,0,0,0,0,4,1,49,0.121,0.000,0.290,25.000,8.500,0,4.000,58.856,0.531,0.000,0.000,,,0.602,0.844,0.021,1.907,2.174,1.381,14.110,0.070,0.104,5.699,0.373,17,0,0,0,0.000,0.000,0.000,0.000,0.000,0.000,0.000,1.000,1.000,0.602,2.174,00-0034855,0.070,2.174,14.110,16,,,,,,,,,,,,,0.009,0.030,1.114,0.744,0.000,,17.674,3.924,0.000,-3.563,-3.080,199.731,111.877,117.976,52.938,25.785,-0.013,-0.013,,,2.207,4.133,2.206,0.412
2026,2,2026_02_PHI_TEN,TEN,PHI,Cam Ward,QB,,20,183,4,7,0,0,0,0.000,0.138,1.000,16.250,-7.000,0,5.000,55.772,0.604,29.063,169.433,7.308,-4.068,2.605,11.944,0.128,4.542,0.000,0.000,0.000,0.000,0.000,,0.873,19,0,0,0,0.000,0.000,0.000,0.000,0.480,0.000,0.000,1.000,1.000,2.605,0.000,00-0040676,,,,0,,,,,,,,,3.033,10.940,-3.563,-1.677,,,3.045,1.514,0.360,0.285,0.000,12.968,186.894,0.000,-1.024,196.500,90.269,130.084,26.904,32.971,-0.059,-0.021,,,-18.008,-7.049,-18.009,0.435
2026,2,2026_02_PHI_TEN,TEN,PHI,Julius Chestnut,RB,,0,0,0,0,0,0,0,0.000,0.000,0.000,16.250,-7.000,0,5.000,55.772,0.604,0.000,0.000,,,0.477,1.351,0.018,,0.054,0.009,0.062,0.002,0.002,,0.024,36,0,0,0,0.000,0.000,0.000,0.000,0.480,0.000,0.000,1.000,1.000,0.477,0.054,00-0040676,0.002,0.047,0.000,15,,,,,,,,,,,,,,,,,,,,,,,,196.500,90.269,130.084,26.904,32.971,-0.059,-0.021,,,-18.008,-7.049,-18.009,0.435
2026,2,2026_02_PHI_TEN,TEN,PHI,Nicholas Singleton,RB,,0,0,4,10,0,0,0,0.000,0.138,0.110,16.250,-7.000,0,5.000,55.772,0.604,,,,,,,,,,,,,,,,1,0,0,0,0.000,0.000,0.000,0.000,0.480,0.000,0.000,1.000,1.000,,,00-0040676,,,,0,,,,,,,,,,,,,,,,,,,,,,,,196.500,90.269,130.084,26.904,32.971,-0.059,-0.021,,,-18.008,-7.049,-18.009,0.435
2026,2,2026_02_PHI_TEN,TEN,PHI,Tony Pollard,RB,RB1,0,0,14,64,1,1,1,0.059,0.483,0.550,16.250,-7.000,0,5.000,55.772,0.604,0.000,0.000,,,13.934,66.384,0.617,4.637,2.165,1.687,8.417,0.068,0.014,3.842,0.562,117,0,0,0,0.000,0.000,0.000,0.000,0.480,0.000,0.000,1.000,1.000,13.934,2.165,00-0040676,0.063,1.987,7.079,17,,,,,,,,,,,,,0.065,0.116,2.906,1.738,0.957,,12.196,60.572,0.000,-3.779,5.812,196.500,90.269,130.084,26.904,32.971,-0.059,-0.021,55.464,0.900,-18.008,-7.049,-18.009,0.435
2026,2,2026_02_PHI_TEN,TEN,PHI,Tyjae Spears,RB,,0,0,7,41,2,2,29,0.118,0.241,0.360,16.250,-7.000,0,5.000,55.772,0.604,0.000,0.000,,,5.468,20.370,0.230,3.875,4.133,3.436,18.376,0.135,-0.074,4.237,0.473,44,0,0,0,0.000,0.000,0.000,0.000,0.480,0.000,0.000,1.000,1.000,5.468,4.133,00-0040676,0.124,3.710,19.703,13,,,,,,,,,,,,,0.071,0.815,2.498,1.391,0.269,,18.761,24.292,0.000,-0.385,-3.921,196.500,90.269,130.084,26.904,32.971,-0.059,-0.021,,,-18.008,-7.049,-18.009,0.435
2026,2,2026_02_PHI_TEN,TEN,PHI,Daniel Bellinger,TE,,0,0,0,0,1,0,0,0.059,0.000,0.450,16.250,-7.000,0,5.000,55.772,0.604,0.000,0.000,,,0.000,0.000,0.000,,2.051,1.494,19.320,0.065,0.049,9.013,0.559,54,0,0,0,0.000,0.000,0.000,0.000,0.480,0.000,0.000,1.000,1.000,0.000,2.051,00-0040676,0.036,1.000,7.000,1,,,,,,,,,,,,,0.011,0.003,,,,,15.396,0.000,0.000,4.902,0.000,196.500,90.269,130.084,26.904,32.971,-0.059,-0.021,,,-18.008,-7.049,-18.009,0.435
2026,2,2026_02_PHI_TEN,TEN,PHI,Gunnar Helm,TE,TE1,0,0,0,0,2,2,13,0.118,0.000,0.870,16.250,-7.000,0,5.000,55.772,0.604,0.000,0.000,,,0.000,0.000,0.000,,3.789,2.976,22.067,0.123,0.080,5.748,0.606,18,0,0,0,0.000,0.000,0.000,0.000,0.480,0.000,0.000,1.000,1.000,0.000,3.789,00-0040676,0.123,3.789,22.067,17,3.398,5.385,5.114,-0.880,82.177,,,,,,,,0.016,0.000,,,,,22.171,0.000,0.000,-0.104,0.000,196.500,90.269,130.084,26.904,32.971,-0.059,-0.021,17.946,0.543,-18.008,-7.049,-18.009,0.435
2026,2,2026_02_PHI_TEN,TEN,PHI,Calvin Ridley,WR,,0,0,0,0,2,2,35,0.118,0.000,0.620,16.250,-7.000,0,5.000,55.772,0.604,0.000,0.000,,,0.192,0.836,0.006,,5.132,2.743,49.597,0.165,0.267,11.215,0.562,91,0,0,0,0.000,0.000,0.000,0.000,0.480,0.000,0.000,1.000,1.000,0.192,5.132,00-0040676,0.140,4.426,42.027,7,,,,,,,,,,,,,0.050,0.107,,,,,43.501,1.003,0.000,6.096,-0.167,196.500,90.269,130.084,26.904,32.971,-0.059,-0.021,,,-18.008,-7.049,-18.009,0.435
2026,2,2026_02_PHI_TEN,TEN,PHI,Carnell Tate,WR,WR2,0,0,0,0,5,3,27,0.294,0.000,0.750,16.250,-7.000,0,5.000,55.772,0.604,0.000,0.000,,,0.000,0.000,0.000,,6.000,4.000,38.000,0.214,0.353,6.333,0.880,2,0,0,0,0.000,0.000,0.000,0.000,0.480,0.000,0.000,1.000,1.000,0.000,6.000,00-0040676,0.214,6.000,38.000,1,3.564,4.783,10.225,-0.646,66.667,,,,,,,,0.000,0.000,,,,,50.580,0.000,0.000,-12.580,0.000,196.500,90.269,130.084,26.904,32.971,-0.059,-0.021,51.239,1.411,-18.008,-7.049,-18.009,0.435
2026,2,2026_02_PHI_TEN,TEN,PHI,Chimere Dike,WR,,0,0,0,0,0,0,0,0.000,0.000,0.040,16.250,-7.000,0,5.000,55.772,0.604,0.000,0.000,,,0.383,0.455,0.019,,4.192,2.901,26.825,0.137,0.155,6.321,0.573,19,0,0,0,0.000,0.000,0.000,0.000,0.480,0.000,0.000,1.000,1.000,0.383,4.192,00-0040676,0.143,4.326,27.426,17,,,,,,,,,,,,,0.037,0.000,,,,,26.630,2.081,0.000,0.195,-1.626,196.500,90.269,130.084,26.904,32.971,-0.059,-0.021,,,-18.008,-7.049,-18.009,0.435
2026,2,2026_02_PHI_TEN,TEN,PHI,Elic Ayomanor,WR,WR3,0,0,0,0,3,2,69,0.176,0.000,0.530,16.250,-7.000,0,5.000,55.772,0.604,0.000,0.000,,,0.000,0.000,0.000,,5.276,2.289,30.210,0.171,0.352,6.618,0.759,18,0,0,0,0.000,0.000,0.000,0.000,0.480,0.000,0.000,1.000,1.000,0.000,5.276,00-0040676,0.150,4.548,27.469,16,,,,,,,,,,,,,0.031,0.000,,,,,40.198,0.000,0.000,-9.988,0.000,196.500,90.269,130.084,26.904,32.971,-0.059,-0.021,9.980,0.553,-18.008,-7.049,-18.009,0.435
2026,2,2026_02_PHI_TEN,TEN,PHI,Wan'Dale Robinson,WR,WR1,0,0,0,0,1,1,9,0.059,0.000,0.530,16.250,-7.000,0,5.000,55.772,0.604,0.000,0.000,,,0.205,0.408,0.006,,9.034,6.131,60.355,0.330,0.323,6.364,0.895,56,0,0,0,0.000,0.000,0.000,0.000,0.480,0.000,0.000,1.000,1.000,0.205,9.034,00-0040676,0.214,6.000,38.000,1,3.419,6.697,7.417,0.009,68.379,,,,,,,,0.020,0.406,,,,,60.429,1.266,0.000,-0.074,-0.858,196.500,90.269,130.084,26.904,32.971,-0.059,-0.021,37.025,0.650,-18.008,-7.049,-18.009,0.435
2026,2,2026_02_WAS_DAL,WAS,DAL,Jayden Daniels,QB,,17,96,7,69,0,0,0,0.000,0.219,0.550,24.000,-3.500,1,0.000,57.306,0.481,28.444,179.498,6.308,0.558,7.871,40.152,0.264,5.157,0.000,0.000,0.000,0.000,0.000,,0.904,29,0,0,0,0.000,0.000,0.580,0.680,0.630,0.000,0.156,1.000,1.026,7.871,0.000,00-0039910,,,,0,,,,,,,,,2.863,11.239,-3.801,-1.541,,,2.931,2.235,0.670,0.189,0.000,44.950,201.701,0.000,-4.797,250.519,98.197,161.900,52.636,35.939,0.106,0.038,,,20.505,15.044,20.505,0.261
2026,2,2026_02_WAS_DAL,WAS,DAL,Marcus Mariota,QB,,16,111,1,3,0,0,0,0.000,0.031,0.450,24.000,-3.500,1,0.000,57.306,0.481,19.919,150.335,7.619,-0.360,4.901,26.244,0.165,4.983,0.000,0.000,0.000,0.000,0.000,,0.719,62,0,0,0,0.000,0.000,0.580,0.680,0.630,0.000,0.156,1.000,1.026,4.901,0.000,00-0039910,,,,0,,,,,,,,,,,,,,,4.337,0.649,0.028,0.200,0.000,24.946,153.120,0.000,1.281,250.519,98.197,161.900,52.636,35.939,0.106,0.038,,,20.505,15.044,20.505,0.261
2026,2,2026_02_WAS_DAL,WAS,DAL,Jacory Croskey-Merritt,RB,RB1,0,0,12,43,1,1,5,0.029,0.375,0.370,24.000,-3.500,1,0.000,57.306,0.481,0.000,0.000,,,11.632,51.422,0.408,4.450,0.447,0.373,0.199,0.017,-0.006,2.177,0.406,19,0,0,0,0.000,0.000,0.580,0.680,0.630,0.000,0.156,1.000,1.026,11.632,0.458,00-0039910,0.039,1.037,3.060,8,,,,,,3.993,19.394,0.652,,,,,0.000,0.000,2.719,1.744,0.716,,2.130,46.361,0.000,-1.930,5.061,250.519,98.197,161.900,52.636,35.939,0.106,0.038,61.147,1.098,20.505,15.044,20.505,0.261
2026,2,2026_02_WAS_DAL,WAS,DAL,Kaytron Allen,RB,,0,0,5,24,0,0,0,0.000,0.156,0.080,24.000,-3.500,1,0.000,57.306,0.481,0.000,0.000,,,4.000,16.000,0.125,4.000,0.000,0.000,0.000,0.000,0.000,,0.100,2,0,0,0,0.000,0.000,0.580,0.680,0.630,0.000,0.156,1.000,1.026,4.000,0.000,00-0039910,0.000,0.000,0.000,1,,,,,,,,,,,,,,,2.300,1.800,0.000,,0.000,14.370,0.000,0.000,1.630,250.519,98.197,161.900,52.636,35.939,0.106,0.038,,,20.505,15.044,20.505,0.261
2026,2,2026_02_WAS_DAL,WAS,DAL,Rachaad White,RB,,0,0,7,43,6,6,40,0.176,0.219,0.520,24.000,-3.500,1,0.000,57.306,0.481,0.000,0.000,,,6.544,29.250,0.226,5.708,2.297,2.113,11.621,0.077,-0.028,5.163,0.467,72,0,0,0,0.000,0.000,0.580,0.680,0.630,0.000,0.156,1.000,1.026,6.544,2.356,00-0039910,0.069,2.000,5.000,1,,,,,,,,,,,,,0.000,0.085,3.406,2.301,0.439,,11.866,28.619,0.000,-0.245,0.631,250.519,98.197,161.900,52.636,35.939,0.106,0.038,,,20.505,15.044,20.505,0.261
2026,2,2026_02_WAS_DAL,WAS,DAL,Ben Sinnott,TE,TE1,0,0,0,0,1,1,6,0.029,0.000,0.680,24.000,-3.500,1,0.000,57.306,0.481,0.000,0.000,,,0.000,0.000,0.000,,1.631,1.371,12.737,0.078,0.071,9.996,0.454,18,0,0,0,0.000,0.000,0.580,0.680,0.630,0.000,0.156,1.000,1.026,0.000,1.674,00-0039910,0.028,0.805,8.069,9,,,,,,,,,,,,,0.000,0.126,,,,,12.825,0.000,0.000,1.070,0.000,250.519,98.197,161.900,52.636,35.939,0.106,0.038,31.187,1.183,20.505,15.044,20.505,0.261
2026,2,2026_02_WAS_DAL,WAS,DAL,Colson Yankoff,TE,,0,0,0,0,1,1,14,0.029,0.000,0.300,24.000,-3.500,1,0.000,57.306,0.481,0.000,0.000,,,0.000,0.000,0.000,,0.306,0.186,1.752,0.011,0.007,,0.111,17,0,0,0,0.000,0.000,0.580,0.680,0.630,0.000,0.156,1.000,1.026,0.000,0.314,00-0039910,0.008,0.163,0.000,10,,,,,,,,,,,,,,,,,,,,,,,,250.519,98.197,161.900,52.636,35.939,0.106,0.038,,,20.505,15.044,20.505,0.261
2026,2,2026_02_WAS_DAL,WAS,DAL,Antonio Williams,WR,WR3,1,0,0,0,3,3,24,0.088,0.000,0.490,24.000,-3.500,1,0.000,57.306,0.481,0.000,0.000,,,0.000,0.000,0.000,,4.000,4.000,64.000,0.138,0.174,16.000,0.370,2,0,0,0,0.000,0.000,0.580,0.680,0.630,0.000,0.156,1.000,1.026,0.000,4.104,00-0039910,0.138,4.000,64.000,1,,,,,,,,,,,,,0.000,0.000,,,,,28.450,0.000,0.000,35.550,0.000,250.519,98.197,161.900,52.636,35.939,0.106,0.038,34.146,3.513,20.505,15.044,20.505,0.261
2026,2,2026_02_WAS_DAL,WAS,DAL,Dyami Brown,WR,,1,0,0,0,6,4,21,0.176,0.000,0.550,24.000,-3.500,1,0.000,57.306,0.481,0.013,0.004,,,0.327,1.650,0.012,,2.644,1.307,15.262,0.081,0.159,4.661,0.401,66,0,0,0,0.000,0.000,0.580,0.680,0.630,0.000,0.156,1.000,1.026,0.327,2.713,00-0039910,0.122,3.973,38.697,17,,,,,,,,,,,,,0.044,0.022,,,,,23.081,1.800,0.111,-7.805,-0.149,250.519,98.197,161.900,52.636,35.939,0.106,0.038,,,20.505,15.044,20.505,0.261
2026,2,2026_02_WAS_DAL,WAS,DAL,Jaylin Lane,WR,,0,0,0,0,0,0,0,0.000,0.000,0.150,24.000,-3.500,1,0.000,57.306,0.481,0.000,0.000,,,0.030,0.210,0.001,,1.352,0.745,9.699,0.054,0.075,7.941,0.296,17,0,1,0,0.000,0.000,0.580,0.680,0.630,0.000,0.156,1.000,1.026,0.030,1.387,00-0039910,0.096,2.536,18.962,8,,,,,,,,,,,,,0.009,0.000,,,,,15.422,0.283,0.000,-1.605,0.022,250.519,98.197,161.900,52.636,35.939,0.106,0.038,,,20.505,15.044,20.505,0.261
2026,2,2026_02_WAS_DAL,WAS,DAL,Stefon Diggs,WR,WR2,0,0,0,0,6,5,47,0.176,0.000,0.510,24.000,-3.500,1,0.000,57.306,0.481,0.001,0.019,,,0.008,0.011,0.000,,5.933,4.207,47.346,0.217,0.160,8.273,0.567,138,0,0,0,0.000,0.000,0.580,0.680,0.630,0.000,0.156,1.000,1.026,0.008,6.087,00-0039910,0.310,9.000,55.000,1,2.704,6.595,7.946,0.560,70.302,,,,,,,,0.075,0.066,,,,,44.928,0.043,0.008,2.418,-0.031,250.519,98.197,161.900,52.636,35.939,0.106,0.038,47.652,1.137,20.505,15.044,20.505,0.261
2026,2,2026_02_WAS_DAL,WAS,DAL,Terry McLaurin,WR,WR1,0,0,0,0,9,2,50,0.265,0.000,0.700,24.000,-3.500,1,0.000,57.306,0.481,0.000,0.000,,,0.004,0.004,0.000,,5.728,3.730,53.158,0.225,0.318,10.026,0.762,113,0,0,0,0.000,0.000,0.580,0.680,0.630,0.000,0.156,1.000,1.026,0.004,5.876,00-0039910,0.207,6.338,47.567,22,,,,,,,,,,,,,0.048,0.297,,,,,45.310,0.027,0.000,7.848,-0.023,250.519,98.197,161.900,52.636,35.939,0.106,0.038,61.060,1.120,20.505,15.044,20.505,0.261
2026,2,2026_02_WAS_DAL,WAS,DAL,Treylon Burks,WR,,0,0,0,0,1,0,0,0.029,0.000,0.300,24.000,-3.500,1,0.000,57.306,0.481,0.000,0.000,,,0.096,0.239,0.004,,2.811,1.295,14.869,0.128,0.187,5.446,0.622,34,0,0,0,0.000,0.000,0.580,0.680,0.630,0.000,0.156,1.000,1.026,0.096,2.884,00-0039910,0.049,1.000,6.395,2,,,,,,,,,,,,,0.028,0.151,,,,,20.882,0.601,0.000,-6.012,-0.362,250.519,98.197,161.900,52.636,35.939,0.106,0.038,,,20.505,15.044,20.505,0.261
2026,3,2026_03_ARI_SF,ARI,SF,Jacoby Brissett,QB,,52,280,4,4,0,0,0,0.000,0.148,1.000,20.500,-7.500,0,4.000,57.155,0.637,34.441,221.002,6.129,-0.999,2.664,11.012,0.123,4.705,0.000,0.000,0.000,0.000,0.000,,0.951,81,0,0,0,0.000,0.000,0.000,0.000,1.442,0.000,0.000,1.000,1.000,2.664,0.000,00-0033119,,,,0,,,,,,,,,2.851,17.524,3.227,-1.591,,,3.713,0.987,0.061,0.265,0.000,10.890,236.054,-0.000,0.122,205.529,108.620,128.040,41.462,35.616,0.011,0.007,,,-9.860,3.970,-9.862,0.266
2026,3,2026_03_ARI_SF,ARI,SF,Jeremiyah Love,RB,RB1,0,0,21,90,5,5,19,0.100,0.778,0.640,20.500,-7.500,0,4.000,57.155,0.637,0.000,0.000,,,9.914,34.481,0.435,3.453,3.457,2.543,12.802,0.112,0.008,3.925,0.414,3,0,0,0,0.000,0.000,0.000,0.000,1.442,0.000,0.000,1.000,1.000,9.914,3.457,00-0033119,0.112,3.457,12.802,2,,,,,,,,,,,,,0.114,0.000,1.726,1.748,0.457,,20.243,39.495,0.000,-7.441,-5.013,205.529,108.620,128.040,41.462,35.616,0.011,0.007,73.657,1.106,-9.860,3.970,-9.862,0.266
2026,3,2026_03_ARI_SF,ARI,SF,Tyler Allgeier,RB,,0,0,2,-1,4,4,10,0.080,0.074,0.360,20.500,-7.500,0,4.000,57.155,0.637,0.000,0.000,,,9.136,31.493,0.313,3.474,1.315,1.192,6.947,0.044,-0.013,5.392,0.407,70,0,0,0,0.000,0.000,0.000,0.000,1.442,0.000,0.000,1.000,1.000,9.136,1.315,00-0033119,0.066,2.000,9.000,2,,,,,,,,,,,,,0.015,0.061,2.129,1.345,0.661,,6.859,37.911,0.000,0.088,-6.417,205.529,108.620,128.040,41.462,35.616,0.011,0.007,,,-9.860,3.970,-9.862,0.266
2026,3,2026_03_ARI_SF,ARI,SF,Elijah Higgins,TE,,0,0,0,0,3,3,20,0.060,0.000,0.400,20.500,-7.500,0,4.000,57.155,0.637,0.000,0.000,,,0.000,0.000,0.000,,2.147,1.750,17.500,0.067,0.040,,0.476,45,0,0,0,0.000,0.000,0.000,0.000,1.442,0.000,0.000,1.000,1.000,0.000,2.147,00-0033119,0.069,2.209,18.118,13,,,,,,,,,,,,,,,,,,,,,,,,205.529,108.620,128.040,41.462,35.616,0.011,0.007,,,-9.860,3.970,-9.862,0.266
2026,3,2026_03_ARI_SF,ARI,SF,Hunter Long,TE,,0,0,0,0,1,1,5,0.020,0.000,0.340,20.500,-7.500,0,4.000,57.155,0.637,0.000,0.000,,,0.000,0.000,0.000,,1.483,0.959,7.238,0.043,0.028,,0.429,28,0,0,0,0.000,0.000,0.000,0.000,1.442,0.000,0.000,1.000,1.000,0.000,1.483,00-0033119,0.000,0.000,0.000,2,,,,,,,,,,,,,,,,,,,,,,,,205.529,108.620,128.040,41.462,35.616,0.011,0.007,,,-9.860,3.970,-9.862,0.266
2026,3,2026_03_ARI_SF,ARI,SF,Trey McBride,TE,TE1,0,0,0,0,11,9,75,0.220,0.000,0.910,20.500,-7.500,0,4.000,57.155,0.637,0.000,0.000,,,0.001,0.003,0.000,,10.491,7.963,72.032,0.311,0.260,6.766,0.902,65,0,0,0,0.000,0.000,0.000,0.000,1.442,0.000,0.000,1.000,1.000,0.001,10.491,00-0033119,0.314,10.624,72.977,14,2.757,5.619,6.322,0.548,75.588,,,,,,,,0.023,0.575,,,,,70.087,0.001,0.000,1.946,0.002,205.529,108.620,128.040,41.462,35.616,0.011,0.007,27.703,0.697,-9.860,3.970,-9.862,0.266
2026,3,2026_03_ARI_SF,ARI,SF,Devin Duvernay,WR,,0,0,0,0,0,0,0,0.000,0.000,0.000,20.500,-7.500,0,4.000,57.155,0.637,0.000,0.000,,,0.005,-0.006,0.000,,0.184,0.079,1.173,0.005,0.007,,0.034,97,0,0,0,0.000,0.000,0.000,0.000,1.442,0.000,0.000,1.000,1.000,0.005,0.184,00-0033119,0.000,0.000,0.000,2,,,,,,,,,,,,,,,,,,,,,,,,205.529,108.620,128.040,41.462,35.616,0.011,0.007,,,-9.860,3.970,-9.862,0.266
2026,3,2026_03_ARI_SF,ARI,SF,Jalen Brooks,WR,,0,0,0,0,1,0,0,0.020,0.000,0.050,20.500,-7.500,0,4.000,57.155,0.637,0.000,0.000,,,0.000,0.000,0.000,,1.271,0.616,9.437,0.034,0.061,,0.282,22,0,0,0,0.000,0.000,0.000,0.000,1.442,0.000,0.000,1.000,1.000,0.000,1.271,00-0033119,0.022,0.902,7.494,5,,,,,,,,,,,,,,,,,,,,,,,,205.529,108.620,128.040,41.462,35.616,0.011,0.007,,,-9.860,3.970,-9.862,0.266
2026,3,2026_03_ARI_SF,ARI,SF,Kendrick Bourne,WR,WR3,0,0,0,0,3,2,22,0.060,0.000,0.550,20.500,-7.500,0,4.000,57.155,0.637,0.004,0.000,,,0.006,0.035,0.000,,3.467,2.516,27.716,0.108,0.123,7.507,0.564,122,0,0,0,0.000,0.000,0.000,0.000,1.442,0.000,0.000,1.000,1.000,0.006,3.467,00-0033119,0.124,3.959,24.704,4,,,,,,,,,,,,,0.089,0.013,,,,,27.112,0.037,0.019,0.604,-0.003,205.529,108.620,128.040,41.462,35.616,0.011,0.007,,,-9.860,3.970,-9.862,0.266
2026,3,2026_03_ARI_SF,ARI,SF,Marvin Harrison Jr.,WR,WR2,0,0,0,0,5,3,40,0.100,0.000,0.770,20.500,-7.500,0,4.000,57.155,0.637,0.000,0.000,,,0.000,0.000,0.000,,4.668,2.328,35.601,0.136,0.257,6.501,0.684,32,0,0,0,0.000,0.000,0.000,0.000,1.442,0.000,0.000,1.000,1.000,0.000,4.668,00-0033119,0.118,4.105,28.936,9,,,,,,,,,,,,,0.063,0.110,,,,,39.855,0.000,0.000,-4.254,0.000,205.529,108.620,128.040,41.462,35.616,0.011,0.007,50.226,1.519,-9.860,3.970,-9.862,0.266
2026,3,2026_03_ARI_SF,ARI,SF,Michael Wilson,WR,WR1,0,0,0,0,17,11,89,0.340,0.000,0.930,20.500,-7.500,0,4.000,57.155,0.637,0.000,0.000,,,0.006,0.041,0.000,,8.114,4.682,64.024,0.231,0.383,8.118,0.864,49,0,0,0,0.000,0.000,0.000,0.000,1.442,0.000,0.000,1.000,1.000,0.006,8.114,00-0033119,0.242,8.507,68.192,14,2.810,5.678,11.220,0.780,56.645,,,,,,,,0.004,0.077,,,,,63.545,0.037,0.000,0.479,0.004,205.529,108.620,128.040,41.462,35.616,0.011,0.007,,,-9.860,3.970,-9.862,0.266
2026,3,2026_03_ARI_SF,ARI,SF,Simi Fehoko,WR,,0,0,0,0,0,0,0,0.000,0.000,0.000,20.500,-7.500,0,4.000,57.155,0.637,0.000,0.000,,,0.000,0.000,0.000,,0.498,0.194,3.034,0.016,0.026,,0.167,20,0,0,0,0.000,0.000,0.000,0.000,1.442,0.000,0.000,1.000,1.000,0.000,0.498,00-0033119,0.000,0.000,0.000,5,,,,,,,,,,,,,,,,,,,,,,,,205.529,108.620,128.040,41.462,35.616,0.011,0.007,,,-9.860,3.970,-9.862,0.266
2026,3,2026_03_ATL_GB,ATL,GB,Michael Penix Jr.,QB,,25,256,2,-2,0,0,0,0.000,0.049,1.000,19.500,-4.500,0,5.000,59.751,0.503,28.536,208.557,7.815,1.268,1.883,6.835,0.073,3.994,0.000,0.000,0.000,0.000,0.000,,0.886,15,0,0,0,0.000,0.000,0.000,0.000,0.450,0.000,0.000,1.000,1.000,1.883,0.000,00-0033662,,,,0,,,,,,,,,2.821,13.950,-0.650,0.298,,,3.910,0.086,0.000,0.174,0.000,7.430,223.439,0.000,-0.595,222.872,99.881,135.771,52.907,33.458,0.028,-0.026,,,-7.551,-10.663,-7.551,0.212
2026,3,2026_03_ATL_GB,ATL,GB,Bijan Robinson,RB,RB1,0,0,29,194,2,2,19,0.087,0.707,0.720,19.500,-4.500,0,5.000,59.751,0.503,0.000,0.000,,,17.996,88.516,0.620,4.736,6.333,4.782,43.079,0.239,-0.032,6.248,0.743,54,0,0,0,0.000,0.000,0.000,0.000,0.450,0.000,0.000,1.000,1.000,17.996,6.333,00-0033662,0.311,6.741,46.000,2,,,,,,4.453,12.218,0.623,,,,,0.019,0.796,2.724,2.035,1.467,,37.247,80.377,0.000,5.832,8.140,222.872,99.881,135.771,52.907,33.458,0.028,-0.026,66.399,1.131,-7.551,-10.663,-7.551,0.212
2026,3,2026_03_ATL_GB,ATL,GB,Brian Robinson,RB,,0,0,10,50,0,0,0,0.000,0.244,0.270,19.500,-4.500,0,5.000,59.751,0.503,0.000,0.000,,,6.122,24.557,0.205,4.018,0.768,0.638,3.871,0.025,0.001,3.932,0.241,66,0,0,0,0.000,0.000,0.000,0.000,0.450,0.000,0.000,1.000,1.000,6.122,0.768,00-0033662,0.035,1.086,8.691,2,,,,,,4.148,13.152,-0.482,,,,,0.000,0.172,2.308,1.708,0.400,,4.956,29.896,0.000,-0.817,-2.543,222.872,99.881,135.771,52.907,33.458,0.028,-0.026,,,-7.551,-10.663,-7.551,0.212
2026,3,2026_03_ATL_GB,ATL,GB,Austin Hooper,TE,,0,0,0,0,2,2,11,0.087,0.000,0.230,19.500,-4.500,0,5.000,59.751,0.503,0.000,0.000,,,0.000,0.000,0.000,,2.585,1.581,16.146,0.085,0.074,6.393,0.466,127,0,0,0,0.000,0.000,0.000,0.000,0.450,0.000,0.000,1.000,1.000,0.000,2.585,00-0033662,0.129,4.000,20.000,1,,,,,,,,,,,,,0.000,0.005,,,,,19.202,0.000,0.000,-3.055,0.000,222.872,99.881,135.771,52.907,33.458,0.028,-0.026,,,-7.551,-10.663,-7.551,0.212
2026,3,2026_03_ATL_GB,ATL,GB,Kyle Pitts,TE,TE1,0,0,0,0,2,1,5,0.087,0.000,0.590,19.500,-4.500,0,5.000,59.751,0.503,0.000,0.000,,,0.000,-0.000,0.000,,5.741,3.894,43.874,0.192,0.242,6.019,0.772,81,0,0,0,0.000,0.000,0.000,0.000,0.450,0.000,0.000,1.000,1.000,0.000,5.741,00-0033662,0.077,2.086,8.148,2,,,,,,,,,,,,,0.018,0.126,,,,,43.952,0.000,0.000,-0.078,-0.000,222.872,99.881,135.771,52.907,33.458,0.028,-0.026,,,-7.551,-10.663,-7.551,0.212
2026,3,2026_03_ATL_GB,ATL,GB,Nick Muse,TE,,0,0,0,0,0,0,0,0.000,0.000,0.240,19.500,-4.500,0,5.000,59.751,0.503,0.000,0.000,,,0.000,0.000,0.000,,0.457,0.457,10.049,0.011,0.014,,0.057,3,0,0,0,0.000,0.000,0.000,0.000,0.450,0.000,0.000,1.000,1.000,0.000,0.457,00-0033662,0.000,0.000,0.000,1,,,,,,,,,,,,,,,,,,,,,,,,222.872,99.881,135.771,52.907,33.458,0.028,-0.026,,,-7.551,-10.663,-7.551,0.212
2026,3,2026_03_ATL_GB,ATL,GB,Chris Blair,WR,,0,0,0,0,0,0,0,0.000,0.000,0.180,19.500,-4.500,0,5.000,59.751,0.503,0.000,0.000,,,0.000,0.000,0.000,,1.124,0.412,3.981,0.037,0.064,5.503,0.228,6,0,0,0,0.000,0.000,0.000,0.000,0.450,0.000,0.000,1.000,1.000,0.000,1.124,00-0033662,0.053,1.630,3.259,2,,,,,,,,,,,,,0.131,0.000,,,,,17.105,0.000,0.000,-10.033,0.000,222.872,99.881,135.771,52.907,33.458,0.028,-0.026,,,-7.551,-10.663,-7.551,0.212
2026,3,2026_03_ATL_GB,ATL,GB,Drake London,WR,WR1,0,0,0,0,10,9,194,0.435,0.000,0.930,19.500,-4.500,0,5.000,59.751,0.503,0.000,0.002,,,0.299,0.467,0.009,0.363,7.431,4.496,63.845,0.252,0.349,8.241,0.873,65,0,0,0,0.000,0.000,0.000,0.000,0.450,0.000,0.000,1.000,1.000,0.299,7.431,00-0033662,0.184,4.543,40.951,2,2.888,6.688,10.006,0.388,59.451,,,,,,,,0.013,0.204,-0.957,1.320,0.000,,60.367,1.811,0.001,3.478,-1.344,222.872,99.881,135.771,52.907,33.458,0.028,-0.026,62.269,1.153,-7.551,-10.663,-7.551,0.212
2026,3,2026_03_ATL_GB,ATL,GB,Jahan Dotson,WR,WR2,0,0,0,0,3,1,11,0.130,0.000,0.660,19.500,-4.500,0,5.000,59.751,0.503,0.000,0.000,,,0.001,0.014,0.000,,2.974,1.294,14.517,0.104,0.236,4.480,0.625,64,0,0,0,0.000,0.000,0.000,0.000,0.450,0.000,0.000,1.000,1.000,0.001,2.974,00-0033662,0.142,3.543,14.654,2,,,,,,,,,,,,,0.000,0.024,,,,,26.004,0.009,0.000,-11.164,0.007,222.872,99.881,135.771,52.907,33.458,0.028,-0.026,35.772,1.027,-7.551,-10.663,-7.551,0.212
2026,3,2026_03_ATL_GB,ATL,GB,Olamide Zaccheaus,WR,WR3,0,0,0,0,2,2,9,0.087,0.000,0.340,19.500,-4.500,0,5.000,59.751,0.503,0.000,0.000,,,0.062,0.327,0.002,,3.081,1.633,12.878,0.098,0.083,3.920,0.475,97,0,0,0,0.000,0.000,0.000,0.000,0.450,0.000,0.000,1.000,1.000,0.062,3.081,00-0033662,0.077,2.086,3.914,2,,,,,,,,,,,,,0.040,0.042,,,,,20.561,0.351,0.000,-7.662,-0.024,222.872,99.881,135.771,52.907,33.458,0.028,-0.026,29.115,1.397,-7.551,-10.663,-7.551,0.212
2026,3,2026_03_ATL_GB,ATL,GB,Zachariah Branch,WR,,0,0,0,0,2,1,7,0.087,0.000,0.180,19.500,-4.500,0,5.000,59.751,0.503,0.000,0.000,,,0.000,0.000,0.000,,1.086,1.086,7.605,0.035,-0.024,7.000,0.246,3,0,0,0,0.000,0.000,0.000,0.000,0.450,0.000,0.000,1.000,1.000,0.000,1.086,00-0033662,0.035,1.086,7.605,2,,,,,,,,,,,,,0.000,0.000,,,,,9.650,0.000,0.000,4.350,0.000,222.872,99.881,135.771,52.907,33.458,0.028,-0.026,,,-7.551,-10.663,-7.551,0.212
2026,3,2026_03_BAL_DAL,BAL,DAL,Lamar Jackson,QB,,20,186,6,50,0,0,0,0.000,0.158,1.000,28.250,3.000,0,7.000,56.263,0.439,23.716,216.771,9.653,3.226,5.117,28.548,0.176,5.922,0.000,0.000,0.006,0.000,-0.000,,0.929,127,0,0,0,0.000,0.000,0.000,1.917,0.630,0.000,0.125,1.000,1.021,5.117,0.000,00-0034796,,,,0,,,,,,,,,3.131,11.726,-0.693,0.241,,,4.138,1.809,0.745,0.223,0.002,27.597,192.418,0.004,0.952,243.595,100.075,158.734,47.444,37.381,0.099,0.046,,,10.695,18.176,10.694,0.261
2026,3,2026_03_BAL_DAL,BAL,DAL,Derrick Henry,RB,RB1,0,0,26,89,1,1,0,0.050,0.684,0.670,28.250,3.000,0,7.000,56.263,0.439,0.010,0.002,,,20.120,111.372,0.631,5.579,1.311,1.062,10.846,0.051,-0.010,10.098,0.549,132,0,0,0,0.000,0.000,0.000,1.917,0.630,0.000,0.125,1.000,1.021,20.120,1.338,00-0034796,0.055,1.426,12.285,34,,,,,,3.429,35.985,1.114,,,,,0.043,0.239,2.885,2.689,1.319,,7.088,86.300,0.042,3.758,25.072,243.595,100.075,158.734,47.444,37.381,0.099,0.046,58.260,1.057,10.695,18.176,10.694,0.261
2026,3,2026_03_BAL_DAL,BAL,DAL,Justice Hill,RB,,0,0,5,33,0,0,0,0.000,0.132,0.330,28.250,3.000,0,7.000,56.263,0.439,0.000,0.000,,,2.482,10.427,0.082,3.784,2.145,1.781,13.481,0.080,-0.006,6.370,0.376,93,0,0,0,0.000,0.000,0.000,1.917,0.630,0.000,0.125,1.000,1.021,2.482,2.191,00-0034796,0.088,2.326,15.605,79,,,,,,,,,,,,,0.023,0.306,1.789,1.998,0.211,,15.580,12.584,0.000,-0.162,-0.828,243.595,100.075,158.734,47.444,37.381,0.099,0.046,,,10.695,18.176,10.694,0.261
2026,3,2026_03_BAL_DAL,BAL,DAL,Rasheen Ali,RB,,0,0,0,0,0,0,0,0.000,0.000,0.000,28.250,3.000,0,7.000,56.263,0.439,0.000,0.000,,,0.430,1.141,0.016,,0.820,0.649,4.369,0.041,0.000,,0.129,23,0,0,0,0.000,0.000,0.000,1.917,0.630,0.000,0.125,1.000,1.021,0.430,0.837,00-0034796,0.033,0.659,4.374,18,,,,,,,,,,,,,,,,,,,,,,,,243.595,100.075,158.734,47.444,37.381,0.099,0.046,,,10.695,18.176,10.694,0.261
2026,3,2026_03_BAL_DAL,BAL,DAL,Josh Cuevas,TE,,0,0,0,0,1,1,14,0.050,0.000,0.250,28.250,3.000,0,7.000,56.263,0.439,,,,,,,,,,,,,,,,1,0,0,0,0.000,0.000,0.000,1.917,0.630,0.000,0.125,1.000,1.021,,,00-0034796,,,,0,,,,,,,,,,,,,,,,,,,,,,,,243.595,100.075,158.734,47.444,37.381,0.099,0.046,,,10.695,18.176,10.694,0.261
2026,3,2026_03_BAL_DAL,BAL,DAL,Mark Andrews,TE,TE1,0,0,0,0,5,3,24,0.250,0.000,0.520,28.250,3.000,0,7.000,56.263,0.439,0.000,0.000,,,0.331,1.687,0.010,,4.704,3.348,30.927,0.200,0.168,6.452,0.608,132,0,0,0,0.000,0.000,0.000,1.917,0.630,0.000,0.125,1.000,1.021,0.331,4.804,00-0034796,0.199,4.775,31.411,106,2.896,5.398,7.795,0.174,67.606,,,,,,,,0.069,0.004,,,,,36.212,0.921,0.000,-5.285,0.766,243.595,100.075,158.734,47.444,37.381,0.099,0.046,27.179,1.069,10.695,18.176,10.694,0.261
2026,3,2026_03_BAL_DAL,BAL,DAL,Matthew Hibner,TE,,0,0,0,0,2,2,23,0.100,0.000,0.500,28.250,3.000,0,7.000,56.263,0.439,0.000,0.000,,,0.000,0.000,0.000,,1.000,1.000,13.000,0.042,0.004,13.000,0.340,2,0,0,0,0.000,0.000,0.000,1.917,0.630,0.000,0.125,1.000,1.021,0.000,1.021,00-0034796,0.042,1.000,13.000,1,,,,,,,,,,,,,0.000,0.000,,,,,5.140,0.000,0.000,7.860,0.000,243.595,100.075,158.734,47.444,37.381,0.099,0.046,,,10.695,18.176,10.694,0.261
2026,3,2026_03_BAL_DAL,BAL,DAL,Chris Moore,WR,WR3,0,0,0,0,1,1,4,0.050,0.000,0.520,28.250,3.000,0,7.000,56.263,0.439,0.000,0.000,,,0.049,0.532,0.002,,2.351,1.128,22.490,0.089,0.180,11.441,0.483,79,0,0,0,0.000,0.000,0.000,1.917,0.630,0.000,0.125,1.000,1.021,0.049,2.401,00-0034796,0.044,1.200,10.037,19,,,,,,,,,,,,,0.097,0.007,,,,,29.153,0.424,0.000,-1.878,0.328,243.595,100.075,158.734,47.444,37.381,0.099,0.046,,,10.695,18.176,10.694,0.261
2026,3,2026_03_BAL_DAL,BAL,DAL,Devontez Walker,WR,,0,0,0,0,1,0,0,0.050,0.000,0.270,28.250,3.000,0,7.000,56.263,0.439,0.000,0.000,,,0.000,0.000,0.000,,1.230,0.756,22.002,0.054,0.117,18.963,0.282,13,0,0,0,0.000,0.000,0.000,1.917,0.630,0.000,0.125,1.000,1.021,0.000,1.256,00-0034796,0.057,1.314,23.332,11,,,,,,,,,,,,,0.000,0.000,,,,,18.335,0.000,0.000,10.875,0.000,243.595,100.075,158.734,47.444,37.381,0.099,0.046,,,10.695,18.176,10.694,0.261
2026,3,2026_03_BAL_DAL,BAL,DAL,LaJohntay Wester,WR,,0,0,0,0,0,0,0,0.000,0.000,0.170,28.250,3.000,0,7.000,56.263,0.439,0.000,0.000,,,0.000,0.000,0.000,,0.625,0.455,4.517,0.024,0.011,7.228,0.195,17,0,0,0,0.000,0.000,0.000,1.917,0.630,0.000,0.125,1.000,1.021,0.000,0.638,00-0034796,0.025,0.655,4.732,13,,,,,,,,,,,,,0.000,0.000,,,,,16.348,0.000,0.000,-1.891,0.000,243.595,100.075,158.734,47.444,37.381,0.099,0.046,,,10.695,18.176,10.694,0.261
2026,3,2026_03_BAL_DAL,BAL,DAL,Rashod Bateman,WR,WR2,0,0,0,0,3,2,37,0.150,0.000,0.880,28.250,3.000,0,7.000,56.263,0.439,0.000,0.000,,,0.000,0.002,0.000,,3.378,2.046,25.676,0.129,0.182,5.552,0.734,69,0,0,0,0.000,0.000,0.000,1.917,0.630,0.000,0.125,1.000,1.021,0.000,3.449,00-0034796,0.141,3.765,28.745,58,3.410,5.985,14.292,0.383,63.281,,,,,,,,0.061,0.000,,,,,29.212,0.001,0.000,-3.536,0.001,243.595,100.075,158.734,47.444,37.381,0.099,0.046,47.548,1.114,10.695,18.176,10.694,0.261
2026,3,2026_03_BAL_DAL,BAL,DAL,Zay Flowers,WR,WR1,0,0,1,20,6,5,84,0.300,0.026,0.330,28.250,3.000,0,7.000,56.263,0.439,0.000,0.000,,,0.401,3.169,0.012,,6.429,4.741,87.066,0.296,0.383,13.874,0.764,54,1,1,0,0.000,0.000,0.000,1.917,0.630,0.000,0.125,1.000,1.021,0.401,6.565,00-0034796,0.297,6.541,91.775,49,3.226,6.265,11.560,1.916,73.906,,,,,,,,0.054,0.233,,,,,57.188,2.239,0.000,29.878,0.930,243.595,100.075,158.734,47.444,37.381,0.099,0.046,59.301,1.091,10.695,18.176,10.694,0.261
2026,3,2026_03_LAC_BUF,BUF,LAC,Josh Allen,QB,,26,204,8,22,1,1,1,0.038,0.242,1.000,28.750,7.000,0,12.000,62.779,0.495,30.704,251.566,8.207,7.042,9.082,42.419,0.294,4.627,0.000,0.000,0.010,0.000,-0.000,,0.994,144,0,0,0,0.000,0.000,0.000,0.550,0.493,0.000,0.000,1.000,1.000,9.082,0.000,00-0034857,,,,0,,,,,,,,,2.858,8.748,1.127,-0.523,,,3.198,1.444,0.229,0.202,0.000,31.795,237.524,0.000,10.624,226.275,80.755,145.996,52.037,27.875,-0.007,-0.028,,,5.104,-10.250,5.104,0.236
2026,3,2026_03_LAC_BUF,BUF,LAC,James Cook,RB,RB1,0,0,24,154,1,0,0,0.038,0.727,0.670,28.750,7.000,0,12.000,62.779,0.495,0.000,0.000,,,17.491,88.971,0.564,5.199,2.756,1.770,12.670,0.094,0.006,5.320,0.594,78,0,0,0,0.000,0.000,0.000,0.550,0.493,0.000,0.000,1.000,1.000,17.491,2.756,00-0034857,0.101,2.975,14.088,75,,,,,,3.549,31.511,0.919,,,,,0.108,0.097,3.435,1.742,0.870,,16.886,72.667,0.000,-4.216,16.304,226.275,80.755,145.996,52.037,27.875,-0.007,-0.028,48.492,0.940,5.104,-10.250,5.104,0.236
2026,3,2026_03_LAC_BUF,BUF,LAC,Ty Johnson,RB,,0,0,0,0,4,4,50,0.154,0.000,0.230,28.750,7.000,0,12.000,62.779,0.495,0.000,0.000,,,4.522,16.334,0.124,4.480,2.309,1.877,19.441,0.082,-0.024,8.565,0.313,103,0,0,0,0.000,0.000,0.000,0.550,0.493,0.000,0.000,1.000,1.000,4.522,2.309,00-0034857,0.084,2.366,19.477,46,,,,,,4.860,24.174,-0.055,,,,,0.025,0.369,3.285,1.195,0.333,,13.682,16.438,0.000,2.691,-0.105,226.275,80.755,145.996,52.037,27.875,-0.007,-0.028,,,5.104,-10.250,5.104,0.236
2026,3,2026_03_LAC_BUF,BUF,LAC,Dalton Kincaid,TE,TE1,0,0,0,0,3,2,38,0.115,0.000,0.670,28.750,7.000,0,12.000,62.779,0.495,0.000,0.000,,,0.000,0.000,0.000,,5.102,4.172,64.790,0.174,0.216,11.836,0.471,51,0,0,0,0.000,0.000,0.000,0.550,0.493,0.000,0.000,1.000,1.000,0.000,5.102,00-0034857,0.177,5.173,64.089,49,3.403,6.038,9.426,1.404,79.447,,,,,,,,0.022,0.295,,,,,46.466,0.000,0.000,18.324,0.000,226.275,80.755,145.996,52.037,27.875,-0.007,-0.028,45.371,1.056,5.104,-10.250,5.104,0.236
2026,3,2026_03_LAC_BUF,BUF,LAC,Dawson Knox,TE,,0,0,1,0,1,1,5,0.038,0.030,0.700,28.750,7.000,0,12.000,62.779,0.495,0.000,0.000,,,0.000,0.000,0.000,,2.970,2.408,22.728,0.100,0.089,7.564,0.603,114,0,0,0,0.000,0.000,0.000,0.550,0.493,0.000,0.000,1.000,1.000,0.000,2.970,00-0034857,0.104,3.097,23.212,112,,,,,,,,,,,,,0.030,0.000,,,,,20.121,0.000,0.000,2.607,0.000,226.275,80.755,145.996,52.037,27.875,-0.007,-0.028,,,5.104,-10.250,5.104,0.236
2026,3,2026_03_LAC_BUF,BUF,LAC,Jackson Hawes,TE,,0,0,0,0,1,0,0,0.038,0.000,0.380,28.750,7.000,0,12.000,62.779,0.495,0.000,0.000,,,0.000,0.000,0.000,,1.179,1.047,10.661,0.048,0.033,,0.451,15,0,0,0,0.000,0.000,0.000,0.550,0.493,0.000,0.000,1.000,1.000,0.000,1.179,00-0034857,0.052,1.251,12.915,13,,,,,,,,,,,,,,,,,,,,,,,,226.275,80.755,145.996,52.037,27.875,-0.007,-0.028,,,5.104,-10.250,5.104,0.236
2026,3,2026_03_LAC_BUF,BUF,LAC,DJ Moore,WR,WR2,0,0,0,0,10,6,67,0.385,0.000,0.640,28.750,7.000,0,12.000,62.779,0.495,0.018,0.033,,,0.620,2.122,0.019,4.805,5.079,3.155,43.899,0.154,0.191,,0.747,136,1,1,0,0.000,0.000,0.000,0.550,0.493,0.000,0.000,1.000,1.000,0.620,5.079,00-0034857,0.131,3.654,45.679,2,,,,,,,,,,,,,,,3.749,1.057,0.099,,44.370,3.847,0.028,-0.715,-1.725,226.275,80.755,145.996,52.037,27.875,-0.007,-0.028,31.833,0.744,5.104,-10.250,5.104,0.236
2026,3,2026_03_LAC_BUF,BUF,LAC,Greg Dortch,WR,,0,0,0,0,0,0,0,0.000,0.000,0.080,28.750,7.000,0,12.000,62.779,0.495,0.000,0.000,,,0.471,0.669,0.021,,2.294,1.944,16.117,0.055,0.016,,0.281,71,0,0,0,0.000,0.000,0.000,0.550,0.493,0.000,0.000,1.000,1.000,0.471,2.294,00-0034857,0.000,0.000,0.000,2,,,,,,,,,,,,,,,,,,,,,,,,226.275,80.755,145.996,52.037,27.875,-0.007,-0.028,,,5.104,-10.250,5.104,0.236
2026,3,2026_03_LAC_BUF,BUF,LAC,Keon Coleman,WR,WR3,0,0,0,0,2,1,37,0.077,0.000,0.480,28.750,7.000,0,12.000,62.779,0.495,0.000,0.000,,,0.006,0.053,0.000,,3.709,2.556,29.458,0.127,0.171,9.097,0.592,33,1,1,0,0.000,0.000,0.000,0.550,0.493,0.000,0.000,1.000,1.000,0.006,3.709,00-0034857,0.126,3.703,27.679,30,2.442,4.827,13.179,1.652,58.805,,,,,,,,0.079,0.023,,,,,30.405,0.042,0.000,-0.947,0.012,226.275,80.755,145.996,52.037,27.875,-0.007,-0.028,32.340,1.332,5.104,-10.250,5.104,0.236
2026,3,2026_03_LAC_BUF,BUF,LAC,Khalil Shakir,WR,WR1,0,0,0,0,3,1,6,0.115,0.000,0.730,28.750,7.000,0,12.000,62.779,0.495,0.000,0.000,,,0.013,0.063,0.000,,6.827,5.197,50.045,0.229,0.121,7.111,0.593,69,0,0,0,0.000,0.000,0.000,0.550,0.493,0.000,0.000,1.000,1.000,0.013,6.827,00-0034857,0.229,6.827,50.045,68,3.828,6.965,4.576,1.200,76.090,,,,,,,,0.050,0.512,,,,,46.442,0.082,0.000,1.162,-0.019,226.275,80.755,145.996,52.037,27.875,-0.007,-0.028,58.442,1.167,5.104,-10.250,5.104,0.236
2026,3,2026_03_CAR_CLE,CAR,CLE,Bryce Young,QB,,48,291,0,0,0,0,0,0.000,0.000,1.000,22.000,2.500,0,12.000,56.386,0.580,32.416,235.385,7.070,2.755,3.210,14.704,0.138,4.471,0.000,0.000,0.000,0.000,0.000,,0.967,50,0,0,0,0.000,0.000,0.000,0.000,0.000,0.170,0.152,1.102,1.024,3.538,0.000,00-0039150,,,,0,,,,,,,,,2.939,14.586,2.827,-0.779,,,4.054,0.420,0.091,0.298,0.000,14.425,227.992,0.000,0.279,196.910,109.828,121.161,50.561,22.637,-0.039,0.001,,,-12.820,4.545,-12.825,0.412
2026,3,2026_03_CAR_CLE,CAR,CLE,AJ Dillon,RB,,0,0,4,16,1,1,-2,0.024,0.174,0.160,22.000,2.500,0,12.000,56.386,0.580,0.000,0.000,,,4.737,17.083,0.193,3.475,0.729,0.638,5.553,0.022,0.003,,0.187,70,0,0,0,0.000,0.000,0.000,0.000,0.000,0.170,0.152,1.102,1.024,5.221,0.746,00-0039150,0.000,0.000,0.000,2,,,,,,,,,,,,,,,1.553,1.917,0.384,,4.006,20.719,0.000,1.546,-3.635,196.910,109.828,121.161,50.561,22.637,-0.039,0.001,,,-12.820,4.545,-12.825,0.412
2026,3,2026_03_CAR_CLE,CAR,CLE,Anthony Tyus III,RB,,0,0,0,0,0,0,0,0.000,0.000,0.000,22.000,2.500,0,12.000,56.386,0.580,,,,,,,,,,,,,,,,1,0,0,0,0.000,0.000,0.000,0.000,0.000,0.170,0.152,1.102,1.024,,,00-0039150,,,,0,,,,,,,,,,,,,,,,,,,,,,,,196.910,109.828,121.161,50.561,22.637,-0.039,0.001,,,-12.820,4.545,-12.825,0.412
2026,3,2026_03_CAR_CLE,CAR,CLE,Chuba Hubbard,RB,RB1,0,0,19,82,4,4,28,0.095,0.826,0.840,22.000,2.500,0,12.000,56.386,0.580,0.000,0.000,,,9.457,38.827,0.404,3.995,2.540,2.112,15.548,0.085,-0.042,6.248,0.535,81,0,0,0,0.000,0.000,0.000,0.000,0.000,0.170,0.152,1.102,1.024,10.425,2.601,00-0039150,0.087,2.588,15.899,43,,,,,,3.852,23.358,0.327,,,,,0.078,0.238,2.567,1.424,0.608,,12.377,39.400,0.000,3.171,-0.574,196.910,109.828,121.161,50.561,22.637,-0.039,0.001,74.786,1.187,-12.820,4.545,-12.825,0.412
2026,3,2026_03_CAR_CLE,CAR,CLE,Darren Waller,TE,TE1,0,0,0,0,8,5,51,0.190,0.000,0.510,22.000,2.500,0,12.000,56.386,0.580,0.000,0.000,,,0.067,0.268,0.002,,3.846,2.832,32.186,0.139,0.176,8.539,0.461,80,0,0,0,0.000,0.000,0.000,0.000,0.000,0.170,0.152,1.102,1.024,0.074,3.937,00-0039150,0.078,2.543,30.716,2,,,,,,,,,,,,,0.011,0.002,,,,,29.664,0.425,0.000,4.536,-0.157,196.910,109.828,121.161,50.561,22.637,-0.039,0.001,31.552,0.835,-12.820,4.545,-12.825,0.412
2026,3,2026_03_CAR_CLE,CAR,CLE,Feleipe Franks,TE,,0,0,0,0,0,0,0,0.000,0.000,0.000,22.000,2.500,0,12.000,56.386,0.580,0.002,0.000,,,0.121,0.234,0.004,,0.048,0.020,0.240,0.001,0.002,,0.039,31,0,0,0,0.000,0.000,0.000,0.000,0.000,0.170,0.152,1.102,1.024,0.134,0.049,00-0039150,0.007,0.276,1.800,8,,,,,,,,,,,,,,,,,,,,,,,,196.910,109.828,121.161,50.561,22.637,-0.039,0.001,,,-12.820,4.545,-12.825,0.412
2026,3,2026_03_CAR_CLE,CAR,CLE,Mitchell Evans,TE,,0,0,0,0,3,3,36,0.071,0.000,0.270,22.000,2.500,0,12.000,56.386,0.580,0.000,0.000,,,0.084,0.084,0.003,,1.636,1.081,9.643,0.057,0.019,6.060,0.450,18,0,0,0,0.000,0.000,0.000,0.000,0.000,0.170,0.152,1.102,1.024,0.093,1.675,00-0039150,0.057,1.636,9.643,17,,,,,,,,,,,,,0.042,0.000,,,,,10.181,0.219,0.000,0.261,-0.134,196.910,109.828,121.161,50.561,22.637,-0.039,0.001,,,-12.820,4.545,-12.825,0.412
2026,3,2026_03_CAR_CLE,CAR,CLE,Tommy Tremble,TE,,0,0,0,0,4,3,41,0.095,0.000,0.480,22.000,2.500,0,12.000,56.386,0.580,0.000,0.000,,,0.000,0.000,0.000,,2.756,1.905,16.937,0.093,0.061,5.820,0.636,74,0,0,0,0.000,0.000,0.000,0.000,0.000,0.170,0.152,1.102,1.024,0.000,2.821,00-0039150,0.095,2.815,17.383,39,,,,,,,,,,,,,0.114,0.142,,,,,18.423,0.000,0.000,-1.483,0.000,196.910,109.828,121.161,50.561,22.637,-0.039,0.001,,,-12.820,4.545,-12.825,0.412
2026,3,2026_03_CAR_CLE,CAR,CLE,Brycen Tremayne,WR,,0,0,0,0,6,4,83,0.143,0.000,0.810,22.000,2.500,0,12.000,56.386,0.580,0.000,0.000,,,0.000,0.000,0.000,,0.649,0.416,4.797,0.021,0.042,,0.177,21,0,0,0,0.000,0.000,0.000,0.000,0.000,0.170,0.152,1.102,1.024,0.000,0.664,00-0039150,0.022,0.686,5.180,17,,,,,,,,,,,,,,,,,,,,,,,,196.910,109.828,121.161,50.561,22.637,-0.039,0.001,,,-12.820,4.545,-12.825,0.412
2026,3,2026_03_CAR_CLE,CAR,CLE,David Moore,WR,,0,0,0,0,2,0,0,0.048,0.000,0.060,22.000,2.500,0,12.000,56.386,0.580,0.000,0.000,,,0.230,1.934,0.008,6.214,2.326,1.341,15.193,0.077,0.099,,0.521,76,0,0,0,0.000,0.000,0.000,0.000,0.000,0.170,0.152,1.102,1.024,0.254,2.382,00-0039150,0.079,2.395,15.108,15,,,,,,,,,,,,,,,3.361,2.853,0.123,,21.886,1.365,0.000,-3.592,0.585,196.910,109.828,121.161,50.561,22.637,-0.039,0.001,,,-12.820,4.545,-12.825,0.412
2026,3,2026_03_CAR_CLE,CAR,CLE,Jalen Coker,WR,WR2,0,0,0,0,4,2,18,0.095,0.000,0.360,22.000,2.500,0,12.000,56.386,0.580,0.014,0.271,,,0.000,0.000,0.000,,6.635,5.444,68.735,0.218,0.242,10.026,0.774,26,1,1,0,0.000,0.000,0.000,0.000,0.000,0.170,0.152,1.102,1.024,0.000,6.792,00-0039150,0.220,6.717,69.541,20,2.764,5.859,10.558,0.419,76.482,,,,,,,,0.000,0.185,,,,,50.984,0.000,0.169,17.751,0.000,196.910,109.828,121.161,50.561,22.637,-0.039,0.001,37.371,0.970,-12.820,4.545,-12.825,0.412
2026,3,2026_03_CAR_CLE,CAR,CLE,John Metchie III,WR,WR3,0,0,0,0,5,2,19,0.119,0.000,0.560,22.000,2.500,0,12.000,56.386,0.580,0.000,0.000,,,0.172,-0.008,0.006,,3.677,2.404,20.786,0.128,0.119,,0.590,42,0,0,0,0.000,0.000,0.000,0.000,0.000,0.170,0.152,1.102,1.024,0.190,3.764,00-0039150,0.000,0.000,0.000,1,,,,,,,,,,,,,,,,,,,,,,,,196.910,109.828,121.161,50.561,22.637,-0.039,0.001,,,-12.820,4.545,-12.825,0.412
2026,3,2026_03_CAR_CLE,CAR,CLE,Tetairoa McMillan,WR,WR1,0,0,0,0,5,2,17,0.119,0.000,0.950,22.000,2.500,0,12.000,56.386,0.580,0.000,0.000,,,0.000,0.000,0.000,,7.316,4.199,68.552,0.245,0.439,9.447,0.849,21,0,0,0,0.000,0.000,0.000,0.000,0.000,0.170,0.152,1.102,1.024,0.000,7.489,00-0039150,0.241,7.256,67.704,19,2.635,6.161,13.320,-0.212,59.389,,,,,,,,0.057,0.022,,,,,61.620,0.000,0.000,6.835,0.000,196.910,109.828,121.161,50.561,22.637,-0.039,0.001,47.523,0.835,-12.820,4.545,-12.825,0.412
2026,3,2026_03_PHI_CHI,CHI,PHI,Case Keenum,QB,,34,247,4,6,0,0,0,0.000,0.114,1.000,19.500,-3.500,0,3.000,67.096,0.538,17.756,102.588,4.623,-5.175,1.702,2.067,0.059,,0.000,0.000,0.000,0.000,0.000,,0.558,37,0,0,0,0.000,0.000,0.000,0.000,0.000,0.000,0.000,1.000,1.000,1.702,0.000,00-0039918,,,,0,,,,,,,,,2.714,18.917,-0.581,-2.173,,,,,,0.216,0.000,3.085,117.322,0.000,-1.019,194.352,94.204,131.662,24.692,32.498,-0.057,-0.005,,,-9.731,-5.036,-9.731,0.435
2026,3,2026_03_PHI_CHI,CHI,PHI,D'Andre Swift,RB,RB1,0,0,20,84,3,2,4,0.088,0.571,0.690,19.500,-3.500,0,3.000,67.096,0.538,0.000,0.000,,,14.912,69.815,0.484,4.609,2.391,2.013,21.078,0.076,-0.010,8.764,0.588,95,0,0,0,0.000,0.000,0.000,0.000,0.000,0.000,0.000,1.000,1.000,14.912,2.391,00-0039918,0.076,2.391,21.090,37,,,,,,4.087,23.101,0.198,,,,,0.057,0.361,2.721,1.877,0.652,,14.595,63.187,-0.000,5.881,6.628,194.352,94.204,131.662,24.692,32.498,-0.057,-0.005,56.822,0.910,-9.731,-5.036,-9.731,0.435
2026,3,2026_03_PHI_CHI,CHI,PHI,Kyle Monangai,RB,,0,0,10,31,0,0,0,0.000,0.286,0.310,19.500,-3.500,0,3.000,67.096,0.538,0.000,0.000,,,10.367,50.747,0.330,4.773,2.364,1.792,16.984,0.071,0.005,7.540,0.411,22,0,0,0,0.000,0.000,0.000,0.000,0.000,0.000,0.000,1.000,1.000,10.367,2.364,00-0039918,0.071,2.364,16.984,21,,,,,,3.644,26.287,0.934,,,,,0.099,0.047,2.310,2.450,0.258,,14.849,43.506,0.000,2.135,7.240,194.352,94.204,131.662,24.692,32.498,-0.057,-0.005,,,-9.731,-5.036,-9.731,0.435
2026,3,2026_03_PHI_CHI,CHI,PHI,Cole Kmet,TE,,0,0,0,0,1,0,0,0.029,0.000,0.600,19.500,-3.500,0,3.000,67.096,0.538,0.017,0.000,,,0.095,0.095,0.003,,2.580,1.623,18.702,0.082,0.072,6.247,0.691,103,0,0,0,0.000,0.000,0.000,0.000,0.000,0.000,0.000,1.000,1.000,0.095,2.580,00-0039918,0.081,2.574,18.642,36,,,,,,,,,,,,,0.013,0.105,,,,,19.158,0.624,0.198,-0.336,-0.529,194.352,94.204,131.662,24.692,32.498,-0.057,-0.005,,,-9.731,-5.036,-9.731,0.435
2026,3,2026_03_PHI_CHI,CHI,PHI,Colston Loveland,TE,TE1,0,0,0,0,4,4,31,0.118,0.000,0.790,19.500,-3.500,0,3.000,67.096,0.538,0.000,0.000,,,0.049,-0.098,0.001,,6.743,3.779,48.178,0.195,0.196,5.742,0.768,21,0,0,0,0.000,0.000,0.000,0.000,0.000,0.000,0.000,1.000,1.000,0.049,6.743,00-0039918,0.195,6.743,48.178,20,,,,,,,,,,,,,0.080,0.081,,,,,56.295,0.161,0.000,-8.117,-0.259,194.352,94.204,131.662,24.692,32.498,-0.057,-0.005,17.159,0.551,-9.731,-5.036,-9.731,0.435
2026,3,2026_03_PHI_CHI,CHI,PHI,Sam Roush,TE,,0,0,0,0,1,1,16,0.029,0.000,0.220,19.500,-3.500,0,3.000,67.096,0.538,0.000,0.000,,,0.000,0.000,0.000,,3.000,1.000,9.000,0.100,0.085,3.000,0.270,2,0,0,0,0.000,0.000,0.000,0.000,0.000,0.000,0.000,1.000,1.000,0.000,3.000,00-0039918,0.100,3.000,9.000,1,,,,,,,,,,,,,0.667,0.000,,,,,23.200,0.000,0.000,-14.200,0.000,194.352,94.204,131.662,24.692,32.498,-0.057,-0.005,,,-9.731,-5.036,-9.731,0.435
2026,3,2026_03_PHI_CHI,CHI,PHI,Kalif Raymond,WR,WR3,0,0,0,0,7,6,90,0.206,0.000,0.750,19.500,-3.500,0,3.000,67.096,0.538,0.000,0.000,,,0.058,0.490,0.002,,3.600,3.202,36.379,0.118,0.068,10.288,0.387,107,0,0,0,0.000,0.000,0.000,0.000,0.000,0.000,0.000,1.000,1.000,0.058,3.600,00-0039918,0.249,6.827,60.099,2,4.164,7.604,7.371,0.229,80.252,,,,,,,,0.000,0.193,,,,,27.416,0.536,0.000,10.810,0.098,194.352,94.204,131.662,24.692,32.498,-0.057,-0.005,19.370,0.828,-9.731,-5.036,-9.731,0.435
2026,3,2026_03_PHI_CHI,CHI,PHI,Luther Burden III,WR,WR1,0,0,1,7,11,7,61,0.324,0.029,0.610,19.500,-3.500,0,3.000,67.096,0.538,0.000,0.000,,,0.590,1.558,0.019,,5.852,3.785,48.776,0.180,0.189,8.336,0.554,20,0,0,0,0.000,0.000,0.000,0.000,0.000,0.000,0.000,1.000,1.000,0.590,5.852,00-0039918,0.180,5.852,48.776,19,3.676,7.623,8.704,1.256,64.595,,,,,,,,0.083,0.314,,,,,44.007,3.620,0.000,4.769,-2.061,194.352,94.204,131.662,24.692,32.498,-0.057,-0.005,32.566,0.570,-9.731,-5.036,-9.731,0.435
2026,3,2026_03_PHI_CHI,CHI,PHI,Rome Odunze,WR,WR2,0,0,0,0,6,3,44,0.176,0.000,0.850,19.500,-3.500,0,3.000,67.096,0.538,0.000,0.000,,,0.004,0.025,0.000,,5.796,2.734,46.022,0.177,0.291,8.510,0.774,34,0,0,0,0.000,0.000,0.000,0.000,0.000,0.000,0.000,1.000,1.000,0.004,5.796,00-0039918,0.177,5.796,46.022,33,,,,,,,,,,,,,0.067,0.423,,,,,54.197,0.028,0.000,-8.175,-0.003,194.352,94.204,131.662,24.692,32.498,-0.057,-0.005,,,-9.731,-5.036,-9.731,0.435
2026,3,2026_03_PHI_CHI,CHI,PHI,Zavion Thomas,WR,,0,0,0,0,1,1,1,0.029,0.000,0.110,19.500,-3.500,0,3.000,67.096,0.538,0.000,0.000,,,0.000,0.000,0.000,,0.000,0.000,0.000,0.000,0.000,,0.030,2,0,0,0,0.000,0.000,0.000,0.000,0.000,0.000,0.000,1.000,1.000,0.000,0.000,00-0039918,0.000,0.000,0.000,1,,,,,,,,,,,,,,,,,,,,,,,,194.352,94.204,131.662,24.692,32.498,-0.057,-0.005,,,-9.731,-5.036,-9.731,0.435
2026,3,2026_03_CIN_PIT,CIN,PIT,Joe Burrow,QB,,37,282,2,13,0,0,0,0.000,0.111,1.000,23.000,3.500,0,12.000,61.822,0.594,34.790,251.000,7.231,3.580,2.225,7.842,0.084,3.123,0.000,0.000,0.000,0.000,0.000,,0.945,87,0,0,0,0.593,0.000,0.000,0.000,0.000,0.000,0.085,1.000,1.014,2.225,0.000,00-0036442,,,,0,,,,,,,,,2.672,13.502,3.140,-1.437,,,2.899,0.230,0.000,0.228,0.000,8.421,251.375,0.000,-0.579,227.239,108.689,143.404,52.220,31.390,-0.027,0.007,,,18.879,2.263,18.877,0.369
2026,3,2026_03_CIN_PIT,CIN,PIT,Chase Brown,RB,RB1,0,0,13,61,2,2,8,0.054,0.722,0.700,23.000,3.500,0,12.000,61.822,0.594,0.000,0.000,,,15.625,68.973,0.632,4.440,5.310,4.160,24.034,0.150,-0.014,5.025,0.669,48,0,0,0,0.593,0.000,0.000,0.000,0.000,0.000,0.085,1.000,1.014,15.625,5.386,00-0036442,0.141,4.939,23.316,30,,,,,,4.276,23.939,0.234,,,,,0.027,0.551,2.646,1.795,1.232,,30.467,66.592,0.000,-7.781,2.390,227.239,108.689,143.404,52.220,31.390,-0.027,0.007,71.370,1.063,18.879,2.263,18.877,0.369
2026,3,2026_03_CIN_PIT,CIN,PIT,Samaje Perine,RB,,0,0,3,9,3,1,5,0.081,0.167,0.320,23.000,3.500,0,12.000,61.822,0.594,0.000,0.000,,,5.538,22.936,0.219,4.102,1.826,1.571,12.355,0.053,-0.001,7.668,0.360,113,0,0,0,0.593,0.000,0.000,0.000,0.000,0.000,0.085,1.000,1.014,5.538,1.853,00-0036442,0.068,2.341,14.138,53,,,,,,,,,,,,,0.027,0.101,2.309,1.806,0.215,,10.929,23.654,0.000,1.551,-0.676,227.239,108.689,143.404,52.220,31.390,-0.027,0.007,,,18.879,2.263,18.877,0.369
2026,3,2026_03_CIN_PIT,CIN,PIT,Tahj Brooks,RB,,0,0,0,0,0,0,0,0.000,0.000,0.000,23.000,3.500,0,12.000,61.822,0.594,0.000,0.000,,,1.424,3.790,0.055,,0.238,0.150,1.346,0.007,-0.002,,0.069,14,0,0,0,0.593,0.000,0.000,0.000,0.000,0.000,0.085,1.000,1.014,1.424,0.242,00-0036442,0.007,0.231,2.078,5,,,,,,,,,,,,,,,,,,,,,,,,227.239,108.689,143.404,52.220,31.390,-0.027,0.007,,,18.879,2.263,18.877,0.369
2026,3,2026_03_CIN_PIT,CIN,PIT,Drew Sample,TE,,0,0,0,0,2,1,0,0.054,0.000,0.510,23.000,3.500,0,12.000,61.822,0.594,0.000,0.000,,,0.073,0.177,0.002,,2.009,1.815,12.707,0.057,-0.003,5.982,0.610,73,0,0,0,0.593,0.000,0.000,0.000,0.000,0.000,0.085,1.000,1.014,0.073,2.038,00-0036442,0.059,2.129,13.938,47,,,,,,,,,,,,,0.001,0.155,,,,,11.987,0.432,0.000,1.041,-0.260,227.239,108.689,143.404,52.220,31.390,-0.027,0.007,,,18.879,2.263,18.877,0.369
2026,3,2026_03_CIN_PIT,CIN,PIT,Mike Gesicki,TE,TE1,0,0,0,0,3,3,37,0.081,0.000,0.510,23.000,3.500,0,12.000,61.822,0.594,0.000,0.000,,,0.000,0.000,0.000,,4.152,3.083,38.515,0.117,0.156,9.437,0.401,124,0,0,0,0.593,0.000,0.000,0.000,0.000,0.000,0.085,1.000,1.014,0.000,4.212,00-0036442,0.121,4.424,42.669,24,2.929,6.012,9.014,-0.555,73.854,,,,,,,,0.045,0.000,,,,,32.004,0.000,0.000,6.511,0.000,227.239,108.689,143.404,52.220,31.390,-0.027,0.007,28.911,1.017,18.879,2.263,18.877,0.369
2026,3,2026_03_CIN_PIT,CIN,PIT,Tanner Hudson,TE,,0,0,0,0,2,2,13,0.054,0.000,0.230,23.000,3.500,0,12.000,61.822,0.594,0.000,0.000,,,0.010,0.010,0.001,,2.089,1.709,15.104,0.057,0.034,7.974,0.190,48,0,0,0,0.593,0.000,0.000,0.000,0.000,0.000,0.085,1.000,1.014,0.010,2.119,00-0036442,0.057,2.105,15.251,20,,,,,,,,,,,,,0.002,0.052,,,,,13.138,0.032,0.000,1.966,-0.022,227.239,108.689,143.404,52.220,31.390,-0.027,0.007,,,18.879,2.263,18.877,0.369
2026,3,2026_03_CIN_PIT,CIN,PIT,Colbie Young,WR,WR3,0,0,0,0,1,1,2,0.027,0.000,0.020,23.000,3.500,0,12.000,61.822,0.594,0.000,0.000,,,0.000,0.000,0.000,,1.000,1.000,7.000,0.032,0.035,7.000,0.170,2,0,0,0,0.593,0.000,0.000,0.000,0.000,0.000,0.085,1.000,1.014,0.000,1.014,00-0036442,0.032,1.000,7.000,1,,,,,,,,,,,,,0.000,0.000,,,,,8.680,0.000,0.000,-1.680,0.000,227.239,108.689,143.404,52.220,31.390,-0.027,0.007,24.178,1.252,18.879,2.263,18.877,0.369
2026,3,2026_03_CIN_PIT,CIN,PIT,Dohnte Meyers,WR,,0,0,0,0,5,3,29,0.135,0.000,0.560,23.000,3.500,0,12.000,61.822,0.594,0.000,0.000,,,0.457,4.568,0.017,,1.000,0.457,8.222,0.031,-0.009,8.222,0.171,3,0,0,0,0.593,0.000,0.000,0.000,0.000,0.000,0.085,1.000,1.014,0.457,1.014,00-0036442,0.031,1.000,8.222,2,,,,,,,,,,,,,0.543,0.000,,,,,6.171,3.092,0.000,2.051,1.475,227.239,108.689,143.404,52.220,31.390,-0.027,0.007,,,18.879,2.263,18.877,0.369
2026,3,2026_03_CIN_PIT,CIN,PIT,Ja'Marr Chase,WR,WR1,0,0,0,0,12,9,98,0.324,0.000,1.000,23.000,3.500,0,12.000,61.822,0.594,0.000,-0.001,,,0.098,0.594,0.005,,10.057,6.928,77.516,0.284,0.351,7.363,0.928,88,0,0,0,0.593,0.000,0.000,0.000,0.000,0.000,0.085,1.000,1.014,0.098,10.202,00-0036442,0.274,9.710,78.128,71,3.127,5.980,8.388,1.309,70.546,,,,,,,,0.029,0.294,,,,,76.427,0.615,0.000,1.090,-0.021,227.239,108.689,143.404,52.220,31.390,-0.027,0.007,53.404,0.874,18.879,2.263,18.877,0.369
2026,3,2026_03_CIN_PIT,CIN,PIT,Ke'Shawn Williams,WR,,0,0,0,0,0,0,0,0.000,0.000,0.000,23.000,3.500,0,12.000,61.822,0.594,0.000,0.000,,,0.319,1.814,0.013,5.346,0.157,0.157,0.786,0.005,0.003,,0.047,12,0,0,0,0.593,0.000,0.000,0.000,0.000,0.000,0.085,1.000,1.014,0.319,0.159,00-0036442,0.010,0.330,1.650,3,,,,,,,,,,,,,,,3.173,2.173,0.000,,2.921,3.770,0.000,-1.271,0.040,227.239,108.689,143.404,52.220,31.390,-0.027,0.007,,,18.879,2.263,18.877,0.369
2026,3,2026_03_CIN_PIT,CIN,PIT,Tee Higgins,WR,WR2,0,0,0,0,7,6,90,0.189,0.000,0.930,23.000,3.500,0,12.000,61.822,0.594,0.000,0.000,,,0.000,0.000,0.000,,7.313,4.414,67.825,0.210,0.404,10.028,0.756,92,0,0,0,0.593,0.000,0.000,0.000,0.000,0.000,0.085,1.000,1.014,0.000,7.418,00-0036442,0.224,7.649,70.666,70,2.066,5.984,13.191,0.937,60.204,,,,,,,,0.018,0.311,,,,,64.899,0.000,0.000,2.927,-0.000,227.239,108.689,143.404,52.220,31.390,-0.027,0.007,54.126,1.640,18.879,2.263,18.877,0.369
2026,3,2026_03_CAR_CLE,CLE,CAR,Deshaun Watson,QB,,30,144,11,45,0,0,0,0.000,0.367,0.990,19.500,-2.500,0,12.000,52.747,0.538,27.737,186.266,6.831,-2.775,4.996,22.835,0.211,4.411,0.000,0.000,0.001,0.000,0.000,,0.895,72,0,0,0,0.000,0.000,0.000,0.758,1.133,0.185,0.084,1.087,1.016,5.432,0.000,00-0033537,,,,0,,,,,,,,,2.949,15.250,0.963,-2.865,,,2.962,1.449,0.120,0.272,0.000,28.127,180.661,0.000,-5.292,217.461,130.599,136.794,51.577,28.868,0.010,0.041,,,-13.109,13.959,-13.105,0.215
2026,3,2026_03_CAR_CLE,CLE,CAR,Shedeur Sanders,QB,,1,0,0,0,0,0,0,0.000,0.000,0.010,19.500,-2.500,0,12.000,52.747,0.538,26.729,173.143,6.383,-8.065,2.874,24.006,0.119,7.904,0.000,0.000,0.000,0.000,0.000,,0.953,9,0,0,0,0.000,0.000,0.000,0.758,1.133,0.185,0.084,1.087,1.016,3.125,0.000,00-0033537,,,,0,,,,,,,,,3.197,13.622,-2.775,-2.434,,,5.563,2.356,0.106,0.386,0.000,18.829,171.046,0.000,5.177,217.461,130.599,136.794,51.577,28.868,0.010,0.041,,,-13.109,13.959,-13.105,0.215
2026,3,2026_03_CAR_CLE,CLE,CAR,Quinshon Judkins,RB,RB1,0,0,18,70,2,2,9,0.067,0.600,0.510,19.500,-2.500,0,12.000,52.747,0.538,0.000,0.000,,,14.133,40.793,0.594,2.710,3.268,2.673,17.755,0.114,-0.021,5.518,0.560,17,0,0,0,0.000,0.000,0.000,0.758,1.133,0.185,0.084,1.087,1.016,15.367,3.322,00-0033537,0.132,3.630,22.432,2,,,,,,5.835,42.129,-0.579,,,,,0.021,0.147,1.190,1.530,0.404,,16.991,59.077,0.000,0.765,-18.284,217.461,130.599,136.794,51.577,28.868,0.010,0.041,78.992,1.198,-13.109,13.959,-13.105,0.215
2026,3,2026_03_CAR_CLE,CLE,CAR,Raheim Sanders,RB,,0,0,1,17,5,4,34,0.167,0.033,0.430,19.500,-2.500,0,12.000,52.747,0.538,0.000,0.000,,,4.404,14.268,0.170,2.562,1.457,1.310,10.071,0.062,-0.001,6.570,0.269,7,0,0,0,0.000,0.000,0.000,0.758,1.133,0.185,0.084,1.087,1.016,4.789,1.480,00-0033537,0.080,1.914,15.222,2,,,,,,,,,,,,,0.000,0.163,0.844,1.712,0.000,,8.260,16.835,0.000,1.810,-2.566,217.461,130.599,136.794,51.577,28.868,0.010,0.041,,,-13.109,13.959,-13.105,0.215
2026,3,2026_03_CAR_CLE,CLE,CAR,Carsen Ryan,TE,,0,0,0,0,0,0,0,0.000,0.000,0.000,19.500,-2.500,0,12.000,52.747,0.538,0.000,0.000,,,0.000,0.000,0.000,,0.000,0.000,0.000,0.000,0.000,,0.000,2,0,0,0,0.000,0.000,0.000,0.758,1.133,0.185,0.084,1.087,1.016,0.000,0.000,00-0033537,0.000,0.000,0.000,1,,,,,,,,,,,,,,,,,,,,,,,,217.461,130.599,136.794,51.577,28.868,0.010,0.041,,,-13.109,13.959,-13.105,0.215
2026,3,2026_03_CAR_CLE,CLE,CAR,Harold Fannin Jr.,TE,TE1,0,0,0,0,9,7,51,0.300,0.000,0.860,19.500,-2.500,0,12.000,52.747,0.538,0.000,0.000,,,0.343,0.563,0.015,,6.133,4.155,44.271,0.215,0.194,8.016,0.771,19,0,0,0,0.000,0.000,0.000,0.758,1.133,0.185,0.084,1.087,1.016,0.373,6.233,00-0033537,0.171,4.630,38.926,2,3.490,5.421,5.357,1.643,66.448,,,,,,,,0.051,0.406,,,,,35.612,1.122,0.000,8.659,-0.559,217.461,130.599,136.794,51.577,28.868,0.010,0.041,33.977,0.938,-13.109,13.959,-13.105,0.215
2026,3,2026_03_CAR_CLE,CLE,CAR,Denzel Boston,WR,WR2,0,0,0,0,4,2,41,0.133,0.000,0.890,19.500,-2.500,0,12.000,52.747,0.538,0.000,0.000,,,0.000,0.000,0.000,,5.630,3.630,78.556,0.210,0.530,14.110,0.925,3,0,0,0,0.000,0.000,0.000,0.758,1.133,0.185,0.084,1.087,1.016,0.000,5.721,00-0033537,0.210,5.630,78.556,2,2.389,4.270,9.334,7.808,71.429,,,,,,,,0.078,0.000,,,,,38.599,0.000,0.000,39.956,0.000,217.461,130.599,136.794,51.577,28.868,0.010,0.041,34.864,0.832,-13.109,13.959,-13.105,0.215
2026,3,2026_03_CAR_CLE,CLE,CAR,KC Concepcion,WR,WR1,0,0,0,0,9,2,9,0.300,0.000,0.860,19.500,-2.500,0,12.000,52.747,0.538,0.000,0.000,,,1.914,3.593,0.086,-0.975,5.543,5.086,34.852,0.212,0.187,6.463,0.674,3,0,0,0,0.000,0.000,0.000,0.758,1.133,0.185,0.084,1.087,1.016,2.081,5.633,00-0033537,0.212,5.543,34.852,2,3.590,7.034,7.000,-1.372,90.864,,,,,,,,0.000,0.457,-1.569,0.594,0.000,,35.468,11.856,0.000,-0.616,-8.263,217.461,130.599,136.794,51.577,28.868,0.010,0.041,67.842,1.010,-13.109,13.959,-13.105,0.215
2026,3,2026_03_CAR_CLE,CLE,CAR,Malachi Corley,WR,WR3,0,0,0,0,0,0,0,0.000,0.000,0.010,19.500,-2.500,0,12.000,52.747,0.538,0.000,0.000,,,0.871,7.053,0.034,,0.983,0.749,5.501,0.040,-0.001,,0.217,20,0,0,0,0.000,0.000,0.000,0.758,1.133,0.185,0.084,1.087,1.016,0.947,0.999,00-0033537,0.000,0.000,0.000,2,,,,,,,,,,,,,,,,,,,,,,,,217.461,130.599,136.794,51.577,28.868,0.010,0.041,10.666,0.567,-13.109,13.959,-13.105,0.215
2026,3,2026_03_CAR_CLE,CLE,CAR,Tylan Wallace,WR,,0,0,0,0,0,0,0,0.000,0.000,0.200,19.500,-2.500,0,12.000,52.747,0.538,0.000,0.000,,,0.000,0.000,0.000,,0.689,0.314,4.221,0.028,0.050,,0.269,47,0,0,0,0.000,0.000,0.000,0.758,1.133,0.185,0.084,1.087,1.016,0.000,0.700,00-0033537,,,,0,,,,,,,,,,,,,,,,,,,,,,,,217.461,130.599,136.794,51.577,28.868,0.010,0.041,,,-13.109,13.959,-13.105,0.215
2026,3,2026_03_BAL_DAL,DAL,BAL,Dak Prescott,QB,,40,276,4,19,0,0,0,0.000,0.133,1.000,25.250,-3.000,0,7.000,60.650,0.567,32.448,247.391,7.537,7.870,2.986,13.129,0.117,4.152,0.000,0.000,0.000,0.000,0.000,,0.930,116,0,0,0,0.000,0.000,0.000,0.000,0.000,0.172,0.036,1.105,1.006,3.299,0.000,00-0033077,,,,0,,,,,,,,,2.805,19.129,5.321,0.462,,,3.105,1.068,0.227,0.229,0.000,12.121,251.333,0.000,1.007,253.025,67.936,172.107,41.699,38.975,0.012,-0.014,,,1.316,-7.498,1.320,0.329
2026,3,2026_03_BAL_DAL,DAL,BAL,Javonte Williams,RB,RB1,0,0,19,98,3,2,5,0.075,0.633,0.760,25.250,-3.000,0,7.000,60.650,0.567,0.000,0.000,,,13.767,56.498,0.549,3.994,3.178,2.279,12.126,0.095,-0.021,3.325,0.644,74,0,0,0,0.000,0.000,0.000,0.000,0.000,0.172,0.036,1.105,1.006,15.209,3.198,00-0033077,0.094,3.144,11.796,18,,,,,,3.921,17.001,0.283,,,,,0.006,0.010,2.048,1.948,1.285,,17.930,55.560,0.000,-5.804,0.938,253.025,67.936,172.107,41.699,38.975,0.012,-0.014,44.950,0.679,1.316,-7.498,1.320,0.329
2026,3,2026_03_BAL_DAL,DAL,BAL,Tyler Goodson,RB,,0,0,6,22,1,1,-5,0.025,0.200,0.150,25.250,-3.000,0,7.000,60.650,0.567,0.000,0.000,,,1.073,3.643,0.043,3.757,0.302,0.189,0.941,0.008,0.000,,0.056,31,0,0,0,0.000,0.000,0.000,0.000,0.000,0.172,0.036,1.105,1.006,1.185,0.304,00-0033077,,,,0,,,,,,,,,,,,,,,2.112,1.644,0.000,,3.669,7.817,0.000,-1.480,-1.298,253.025,67.936,172.107,41.699,38.975,0.012,-0.014,,,1.316,-7.498,1.320,0.329
2026,3,2026_03_BAL_DAL,DAL,BAL,Brevyn Spann-Ford,TE,,0,0,0,0,1,1,19,0.025,0.000,0.380,25.250,-3.000,0,7.000,60.650,0.567,0.000,0.000,,,0.000,0.000,0.000,,1.097,0.801,9.468,0.037,0.036,,0.294,30,0,0,0,0.000,0.000,0.000,0.000,0.000,0.172,0.036,1.105,1.006,0.000,1.104,00-0033077,0.025,0.857,6.796,22,,,,,,,,,,,,,,,,,,,,,,,,253.025,67.936,172.107,41.699,38.975,0.012,-0.014,,,1.316,-7.498,1.320,0.329
2026,3,2026_03_BAL_DAL,DAL,BAL,Jake Ferguson,TE,TE1,0,0,0,0,5,3,23,0.125,0.000,0.690,25.250,-3.000,0,7.000,60.650,0.567,0.000,0.000,,,0.040,0.040,0.001,,4.102,3.225,25.701,0.122,0.070,5.528,0.643,64,0,0,0,0.000,0.000,0.000,0.000,0.000,0.172,0.036,1.105,1.006,0.044,4.128,00-0033077,0.128,4.495,29.130,51,,,,,,,,,,,,,0.007,0.245,,,,,26.686,0.255,0.000,-0.985,-0.216,253.025,67.936,172.107,41.699,38.975,0.012,-0.014,31.141,0.864,1.316,-7.498,1.320,0.329
2026,3,2026_03_BAL_DAL,DAL,BAL,Luke Schoonmaker,TE,,0,0,0,0,1,1,9,0.025,0.000,0.220,25.250,-3.000,0,7.000,60.650,0.567,0.000,0.000,,,0.000,0.000,0.000,,1.525,1.155,12.513,0.044,0.032,9.165,0.313,41,0,0,0,0.000,0.000,0.000,0.000,0.000,0.172,0.036,1.105,1.006,0.000,1.535,00-0033077,0.043,1.584,12.097,30,,,,,,,,,,,,,0.025,0.047,,,,,11.088,0.000,0.000,1.672,0.000,253.025,67.936,172.107,41.699,38.975,0.012,-0.014,,,1.316,-7.498,1.320,0.329
2026,3,2026_03_BAL_DAL,DAL,BAL,CeeDee Lamb,WR,WR1,0,0,0,0,8,7,112,0.200,0.000,0.820,25.250,-3.000,0,7.000,60.650,0.567,0.000,0.000,,,0.206,0.279,0.010,,8.191,5.645,79.959,0.243,0.330,9.268,0.752,101,0,0,0,0.000,0.000,0.000,0.000,0.000,0.172,0.036,1.105,1.006,0.228,8.244,00-0033077,0.269,9.269,89.987,74,2.984,5.945,12.439,0.658,69.078,,,,,,,,0.028,0.325,,,,,71.019,1.403,0.000,8.940,-1.123,253.025,67.936,172.107,41.699,38.975,0.012,-0.014,79.840,1.600,1.316,-7.498,1.320,0.329
2026,3,2026_03_BAL_DAL,DAL,BAL,George Pickens,WR,WR2,0,0,0,0,11,7,82,0.275,0.000,0.850,25.250,-3.000,0,7.000,60.650,0.567,0.000,0.000,,,0.004,0.012,0.000,,7.252,4.774,62.580,0.220,0.288,8.255,0.780,70,0,0,0,0.000,0.000,0.000,0.000,0.000,0.172,0.036,1.105,1.006,0.004,7.298,00-0033077,0.231,7.877,71.724,18,2.489,5.247,11.690,1.627,67.211,,,,,,,,0.055,0.304,,,,,61.108,0.024,0.000,1.472,-0.012,253.025,67.936,172.107,41.699,38.975,0.012,-0.014,48.729,1.497,1.316,-7.498,1.320,0.329
2026,3,2026_03_BAL_DAL,DAL,BAL,KaVontae Turpin,WR,,0,0,1,9,2,1,9,0.050,0.033,0.160,25.250,-3.000,0,7.000,60.650,0.567,0.000,0.000,,,0.946,4.896,0.038,4.637,1.705,1.134,19.703,0.050,0.067,,0.245,71,0,0,0,0.000,0.000,0.000,0.000,0.000,0.172,0.036,1.105,1.006,1.045,1.716,00-0033077,0.052,1.860,22.736,54,,,,,,,,,,,,,,,3.581,1.057,0.120,,13.588,5.716,0.000,6.185,-0.800,253.025,67.936,172.107,41.699,38.975,0.012,-0.014,,,1.316,-7.498,1.320,0.329
2026,3,2026_03_BAL_DAL,DAL,BAL,Ryan Flournoy,WR,WR3,0,0,0,0,8,2,22,0.200,0.000,0.660,25.250,-3.000,0,7.000,60.650,0.567,0.000,0.000,,,0.068,0.400,0.003,,4.571,3.342,33.261,0.143,0.105,6.598,0.595,27,0,0,0,0.000,0.000,0.000,0.000,0.000,0.172,0.036,1.105,1.006,0.075,4.600,00-0033077,0.122,4.266,29.554,18,3.500,6.509,6.472,0.036,72.399,,,,,,,,0.024,0.181,,,,,34.958,0.520,0.000,-0.504,-0.039,253.025,67.936,172.107,41.699,38.975,0.012,-0.014,24.507,0.798,1.316,-7.498,1.320,0.329
2026,3,2026_03_LA_DEN,DEN,LA,Bo Nix,QB,,34,186,4,7,0,0,0,0.000,0.160,1.000,22.500,1.500,0,10.000,58.640,0.584,34.955,233.090,6.671,1.903,5.778,19.011,0.237,3.257,0.035,0.001,0.002,0.001,0.000,,0.998,39,0,0,0,0.000,0.230,0.000,0.667,0.000,0.194,0.260,1.073,1.042,6.200,0.036,00-0039732,,,,0,,,,,,,,,2.885,10.574,-2.427,-2.094,,,2.927,0.338,0.002,0.227,0.143,22.888,239.729,-0.141,-3.877,230.324,91.366,149.737,42.049,38.612,-0.059,-0.004,,,-24.260,-0.020,-24.262,0.270
2026,3,2026_03_LA_DEN,DEN,LA,J.K. Dobbins,RB,RB1,0,0,17,49,2,1,4,0.065,0.680,0.490,22.500,1.500,0,10.000,58.640,0.584,0.000,0.000,,,13.455,62.798,0.539,4.657,1.056,0.868,3.323,0.035,-0.006,,0.481,54,0,0,0,0.000,0.230,0.000,0.667,0.000,0.194,0.260,1.073,1.042,14.438,1.101,00-0039732,0.028,0.854,2.393,12,,,,,,3.955,34.904,0.858,,,,,,,2.245,2.417,0.687,,6.488,56.725,0.000,-3.235,6.073,230.324,91.366,149.737,42.049,38.612,-0.059,-0.004,58.763,0.913,-24.260,-0.020,-24.262,0.270
2026,3,2026_03_LA_DEN,DEN,LA,RJ Harvey,RB,,0,0,2,6,7,6,41,0.226,0.080,0.360,22.500,1.500,0,10.000,58.640,0.584,0.035,0.000,,,9.619,32.646,0.389,3.773,4.487,3.487,26.088,0.141,-0.036,5.386,0.534,21,0,0,0,0.000,0.230,0.000,0.667,0.000,0.194,0.260,1.073,1.042,10.322,4.676,00-0039732,0.127,4.252,26.860,19,,,,,,,,,,,,,0.132,0.886,1.888,1.893,1.050,,24.872,41.623,0.147,1.217,-8.977,230.324,91.366,149.737,42.049,38.612,-0.059,-0.004,,,-24.260,-0.020,-24.262,0.270
2026,3,2026_03_LA_DEN,DEN,LA,Tyler Badie,RB,,0,0,1,2,1,1,12,0.032,0.040,0.180,22.500,1.500,0,10.000,58.640,0.584,0.000,0.000,,,0.773,1.831,0.028,3.180,1.715,1.114,10.340,0.051,-0.058,5.476,0.199,25,0,0,0,0.000,0.230,0.000,0.667,0.000,0.194,0.260,1.073,1.042,0.829,1.787,00-0039732,0.058,1.956,11.429,22,,,,,,,,,,,,,0.066,0.000,1.282,1.899,0.047,,9.054,3.214,0.000,1.872,-1.023,230.324,91.366,149.737,42.049,38.612,-0.059,-0.004,,,-24.260,-0.020,-24.262,0.270
2026,3,2026_03_LA_DEN,DEN,LA,Evan Engram,TE,TE1,0,0,0,0,2,0,0,0.065,0.000,0.600,22.500,1.500,0,10.000,58.640,0.584,0.000,0.000,,,0.012,0.083,0.000,,3.748,2.592,26.849,0.119,0.164,8.070,0.459,116,0,0,0,0.000,0.230,0.000,0.667,0.000,0.194,0.260,1.073,1.042,0.013,3.906,00-0039732,0.115,3.753,27.163,19,,,,,,,,,,,,,0.042,0.194,,,,,23.183,0.082,0.000,3.665,0.001,230.324,91.366,149.737,42.049,38.612,-0.059,-0.004,26.376,0.632,-24.260,-0.020,-24.262,0.270
2026,3,2026_03_LA_DEN,DEN,LA,Nate Adkins,TE,,0,0,0,0,2,1,8,0.065,0.000,0.340,22.500,1.500,0,10.000,58.640,0.584,0.000,0.000,,,0.160,0.961,0.006,6.000,1.516,1.181,10.417,0.045,0.029,5.269,0.331,30,0,0,0,0.000,0.230,0.000,0.667,0.000,0.194,0.260,1.073,1.042,0.172,1.580,00-0039732,0.045,1.522,10.480,24,,,,,,,,,,,,,0.184,0.024,5.000,1.000,0.000,,11.395,0.984,0.000,0.286,-0.015,230.324,91.366,149.737,42.049,38.612,-0.059,-0.004,,,-24.260,-0.020,-24.262,0.270
2026,3,2026_03_LA_DEN,DEN,LA,Courtland Sutton,WR,WR2,0,0,0,0,7,3,46,0.226,0.000,0.870,22.500,1.500,0,10.000,58.640,0.584,0.002,0.022,,,0.000,0.000,0.000,,6.499,3.582,40.234,0.195,0.328,5.637,0.823,120,0,0,0,0.000,0.230,0.000,0.667,0.000,0.194,0.260,1.073,1.042,0.000,6.773,00-0039732,0.198,6.815,44.545,37,,,,,,,,,,,,,0.092,0.125,,,,,50.883,0.000,0.010,-10.649,-0.000,230.324,91.366,149.737,42.049,38.612,-0.059,-0.004,43.986,1.143,-24.260,-0.020,-24.262,0.270
2026,3,2026_03_LA_DEN,DEN,LA,Jaylen Waddle,WR,WR1,0,0,1,14,7,2,10,0.226,0.040,0.730,22.500,1.500,0,10.000,58.640,0.584,0.020,0.159,,,0.192,2.245,0.006,,6.095,3.829,56.485,0.229,0.400,7.227,0.704,83,0,0,0,0.000,0.230,0.000,0.667,0.000,0.194,0.260,1.073,1.042,0.206,6.352,00-0039732,0.238,6.802,75.877,2,3.187,6.758,12.681,0.404,66.245,,,,,,,,0.067,0.320,,,,,55.769,1.338,0.112,0.764,0.907,230.324,91.366,149.737,42.049,38.612,-0.059,-0.004,67.690,1.030,-24.260,-0.020,-24.262,0.270
2026,3,2026_03_LA_DEN,DEN,LA,Kolbe Katsis,WR,,0,0,0,0,0,0,0,0.000,0.000,0.000,22.500,1.500,0,10.000,58.640,0.584,,,,,,,,,,,,,,,,1,0,0,0,0.000,0.230,0.000,0.667,0.000,0.194,0.260,1.073,1.042,,,00-0039732,,,,0,,,,,,,,,,,,,,,,,,,,,,,,230.324,91.366,149.737,42.049,38.612,-0.059,-0.004,,,-24.260,-0.020,-24.262,0.270
2026,3,2026_03_LA_DEN,DEN,LA,Pat Bryant,WR,,0,0,0,0,2,2,44,0.065,0.000,0.700,22.500,1.500,0,10.000,58.640,0.584,0.000,0.000,,,0.287,2.806,0.011,9.148,3.680,2.491,26.185,0.114,0.166,6.102,0.488,18,0,0,0,0.000,0.230,0.000,0.667,0.000,0.194,0.260,1.073,1.042,0.308,3.835,00-0039732,0.125,4.086,30.050,16,,,,,,,,,,,,,0.045,0.347,7.605,1.543,0.914,,26.871,1.467,0.000,-0.372,1.368,230.324,91.366,149.737,42.049,38.612,-0.059,-0.004,,,-24.260,-0.020,-24.262,0.270
2026,3,2026_03_LA_DEN,DEN,LA,Troy Franklin,WR,WR3,0,0,0,0,1,1,21,0.032,0.000,0.180,22.500,1.500,0,10.000,58.640,0.584,0.000,0.000,,,0.284,0.891,0.015,,3.905,2.484,29.802,0.117,0.234,6.650,0.444,37,0,0,0,0.000,0.230,0.000,0.667,0.000,0.194,0.260,1.073,1.042,0.305,4.070,00-0039732,0.117,3.905,29.802,36,,,,,,,,,,,,,0.028,0.033,,,,,29.585,1.797,0.000,0.217,-0.906,230.324,91.366,149.737,42.049,38.612,-0.059,-0.004,,,-24.260,-0.020,-24.262,0.270
2026,3,2026_03_NYJ_DET,DET,NYJ,Jared Goff,QB,,32,269,4,6,0,0,0,0.000,0.133,1.000,28.250,7.000,1,0.000,62.581,0.600,37.440,283.004,7.657,8.091,1.506,2.934,0.063,2.756,0.001,0.001,0.004,0.000,0.000,,0.994,141,0,0,0,0.000,0.000,0.000,0.685,0.092,0.000,0.000,1.000,1.000,1.506,0.001,00-0033106,,,,0,,,,,,,,,2.705,14.475,0.719,-2.012,,,2.650,0.104,0.000,0.244,0.002,3.875,283.464,0.002,-0.941,217.398,100.592,125.574,55.587,36.092,0.055,0.002,,,-0.420,3.518,-0.417,0.405
2026,3,2026_03_NYJ_DET,DET,NYJ,Jacob Saylors,RB,,0,0,0,0,0,0,0,0.000,0.000,0.030,28.250,7.000,1,0.000,62.581,0.600,0.000,0.000,,,0.075,0.411,0.003,,0.000,0.000,0.000,0.000,0.000,,0.008,14,0,0,0,0.000,0.000,0.000,0.685,0.092,0.000,0.000,1.000,1.000,0.075,0.000,00-0033106,0.000,0.000,0.000,13,,,,,,,,,,,,,,,,,,,,,,,,217.398,100.592,125.574,55.587,36.092,0.055,0.002,,,-0.420,3.518,-0.417,0.405
2026,3,2026_03_NYJ_DET,DET,NYJ,Jahmyr Gibbs,RB,RB1,0,0,20,99,8,7,65,0.258,0.667,0.690,28.250,7.000,1,0.000,62.581,0.600,0.000,0.000,,,16.794,75.605,0.670,4.230,6.301,4.932,41.993,0.170,0.034,6.998,0.730,56,0,0,0,0.000,0.000,0.000,0.685,0.092,0.000,0.000,1.000,1.000,16.794,6.301,00-0033106,0.170,6.301,41.993,55,,,,,,4.569,17.478,0.480,,,,,0.022,0.480,2.684,1.564,1.764,,42.001,73.208,0.000,-0.129,2.397,217.398,100.592,125.574,55.587,36.092,0.055,0.002,50.457,0.855,-0.420,3.518,-0.417,0.405
2026,3,2026_03_NYJ_DET,DET,NYJ,Sione Vaki,RB,,0,0,6,26,1,1,11,0.032,0.200,0.310,28.250,7.000,1,0.000,62.581,0.600,0.000,0.000,,,0.588,2.526,0.020,4.486,0.361,0.361,4.292,0.010,0.002,12.547,0.074,20,0,0,0,0.000,0.000,0.000,0.685,0.092,0.000,0.000,1.000,1.000,0.588,0.361,00-0033106,0.010,0.361,4.292,19,,,,,,,,,,,,,0.000,0.318,2.974,1.512,0.000,,5.580,6.109,0.000,3.511,-1.056,217.398,100.592,125.574,55.587,36.092,0.055,0.002,,,-0.420,3.518,-0.417,0.405
2026,3,2026_03_NYJ_DET,DET,NYJ,Brock Wright,TE,,0,0,0,0,2,2,7,0.065,0.000,0.580,28.250,7.000,1,0.000,62.581,0.600,0.000,0.000,,,0.000,0.000,0.000,,2.006,1.252,9.512,0.061,0.014,,0.545,55,0,0,0,0.000,0.000,0.000,0.685,0.092,0.000,0.000,1.000,1.000,0.000,2.006,00-0033106,0.061,2.006,9.512,52,,,,,,,,,,,,,,,,,,,,,,,,217.398,100.592,125.574,55.587,36.092,0.055,0.002,,,-0.420,3.518,-0.417,0.405
2026,3,2026_03_NYJ_DET,DET,NYJ,Sam LaPorta,TE,TE1,0,0,0,0,4,3,44,0.129,0.000,0.920,28.250,7.000,1,0.000,62.581,0.600,0.000,0.000,,,0.000,0.001,0.000,,6.209,4.924,54.003,0.188,0.141,8.748,0.905,49,0,0,0,0.000,0.000,0.000,0.685,0.092,0.000,0.000,1.000,1.000,0.000,6.209,00-0033106,0.188,6.209,54.003,48,3.772,5.943,5.314,0.912,78.476,,,,,,,,0.001,0.576,,,,,43.661,0.001,0.000,10.342,0.000,217.398,100.592,125.574,55.587,36.092,0.055,0.002,37.218,1.003,-0.420,3.518,-0.417,0.405
2026,3,2026_03_NYJ_DET,DET,NYJ,Amon-Ra St. Brown,WR,WR1,0,0,0,0,8,4,19,0.258,0.000,0.740,28.250,7.000,1,0.000,62.581,0.600,0.001,0.004,,,0.038,0.114,0.001,,11.908,7.977,95.438,0.335,0.388,7.651,0.877,89,0,0,0,0.000,0.000,0.000,0.685,0.092,0.000,0.000,1.000,1.000,0.038,11.908,00-0033106,0.335,11.908,95.438,85,2.925,6.398,8.196,0.666,66.821,,,,,,,,0.038,0.310,,,,,94.252,0.210,0.002,1.186,-0.097,217.398,100.592,125.574,55.587,36.092,0.055,0.002,63.147,1.156,-0.420,3.518,-0.417,0.405
2026,3,2026_03_NYJ_DET,DET,NYJ,Isaac TeSlaa,WR,WR3,0,0,0,0,3,3,66,0.097,0.000,0.480,28.250,7.000,1,0.000,62.581,0.600,0.000,0.000,,,0.000,0.000,0.000,,2.679,1.401,20.079,0.073,0.135,7.376,0.590,17,0,0,0,0.000,0.000,0.000,0.685,0.092,0.000,0.000,1.000,1.000,0.000,2.679,00-0033106,0.073,2.679,20.079,16,3.109,7.557,12.916,0.543,47.831,,,,,,,,0.000,0.000,,,,,21.167,0.000,0.000,-1.088,0.000,217.398,100.592,125.574,55.587,36.092,0.055,0.002,21.736,1.183,-0.420,3.518,-0.417,0.405
2026,3,2026_03_NYJ_DET,DET,NYJ,Jackson Meeks,WR,,0,0,0,0,1,1,8,0.032,0.000,0.150,28.250,7.000,1,0.000,62.581,0.600,,,,,,,,,,,,,,,,1,0,0,0,0.000,0.000,0.000,0.685,0.092,0.000,0.000,1.000,1.000,,,00-0033106,,,,0,,,,,,,,,,,,,,,,,,,,,,,,217.398,100.592,125.574,55.587,36.092,0.055,0.002,,,-0.420,3.518,-0.417,0.405
2026,3,2026_03_NYJ_DET,DET,NYJ,Jameson Williams,WR,WR2,0,0,0,0,4,4,49,0.129,0.000,0.820,28.250,7.000,1,0.000,62.581,0.600,0.006,0.000,,,0.198,0.922,0.008,,6.669,4.048,63.017,0.187,0.320,9.240,0.907,57,0,0,0,0.000,0.000,0.000,0.685,0.092,0.000,0.000,1.000,1.000,0.198,6.669,00-0033106,0.187,6.669,63.017,56,,,,,,,,,,,,,0.153,0.035,,,,,61.875,1.110,0.078,0.423,-0.188,217.398,100.592,125.574,55.587,36.092,0.055,0.002,27.711,0.711,-0.420,3.518,-0.417,0.405
2026,3,2026_03_NYJ_DET,DET,NYJ,Tom Kennedy,WR,,0,0,0,0,0,0,0,0.000,0.000,0.000,28.250,7.000,1,0.000,62.581,0.600,0.010,0.763,,,0.000,0.000,0.000,,0.535,0.365,4.463,0.019,0.022,,0.103,23,0,0,0,0.000,0.000,0.000,0.685,0.092,0.000,0.000,1.000,1.000,0.000,0.535,00-0033106,0.018,0.506,4.433,20,,,,,,,,,,,,,,,,,,,,,,,,217.398,100.592,125.574,55.587,36.092,0.055,0.002,,,-0.420,3.518,-0.417,0.405
2026,3,2026_03_ATL_GB,GB,ATL,Jordan Love,QB,,53,312,1,0,0,0,0,0.000,0.111,1.000,24.000,4.500,0,5.000,56.577,0.542,31.828,232.886,7.182,4.485,1.872,8.191,0.069,,0.000,0.000,0.000,0.000,0.000,,0.925,64,0,0,0,0.360,0.000,0.000,0.000,0.440,0.000,0.141,1.000,1.029,1.872,0.000,00-0036264,,,,0,,,,,,,,,2.792,17.302,-0.734,0.546,,,,,,0.228,0.000,8.067,244.514,0.000,0.124,248.317,86.827,157.926,63.260,26.987,-0.013,0.000,,,-14.409,-1.640,-14.403,0.334
2026,3,2026_03_ATL_GB,GB,ATL,Chris Brooks,RB,,0,0,0,0,1,1,4,0.020,0.000,0.410,24.000,4.500,0,5.000,56.577,0.542,0.000,0.000,,,3.509,15.534,0.138,5.421,1.137,0.676,6.509,0.038,-0.001,5.252,0.342,37,0,0,0,0.360,0.000,0.000,0.000,0.440,0.000,0.141,1.000,1.029,3.509,1.170,00-0036264,0.038,1.155,6.531,28,,,,,,,,,,,,,0.137,0.074,4.082,1.344,0.160,,6.767,15.997,0.000,0.098,-0.049,248.317,86.827,157.926,63.260,26.987,-0.013,0.000,,,-14.409,-1.640,-14.403,0.334
2026,3,2026_03_ATL_GB,GB,ATL,Kaleb Johnson,RB,,0,0,4,6,3,1,10,0.059,0.444,0.360,24.000,4.500,0,5.000,56.577,0.542,0.000,0.000,,,3.236,10.095,0.160,2.439,0.092,0.054,0.487,0.003,-0.004,,0.103,13,0,0,0,0.360,0.000,0.000,0.000,0.440,0.000,0.141,1.000,1.029,3.236,0.095,00-0036264,0.000,0.000,0.000,2,,,,,,,,,,,,,,,1.159,1.281,0.454,,0.780,16.681,0.000,-0.185,-5.474,248.317,86.827,157.926,63.260,26.987,-0.013,0.000,,,-14.409,-1.640,-14.403,0.334
2026,3,2026_03_ATL_GB,GB,ATL,MarShawn Lloyd,RB,RB1,0,0,4,11,3,2,7,0.059,0.444,0.230,24.000,4.500,0,5.000,56.577,0.542,0.000,0.000,,,8.310,24.223,0.367,2.941,1.392,1.062,3.187,0.057,-0.009,2.010,0.290,4,0,0,0,0.360,0.000,0.000,0.000,0.440,0.000,0.141,1.000,1.029,8.310,1.433,00-0036264,0.049,1.543,3.259,2,,,,,,,,,,,,,0.000,0.000,2.012,0.940,0.392,,6.021,37.167,0.000,-2.833,-12.944,248.317,86.827,157.926,63.260,26.987,-0.013,0.000,62.899,1.301,-14.409,-1.640,-14.403,0.334
2026,3,2026_03_ATL_GB,GB,ATL,Jonnu Smith,TE,,0,0,0,0,3,2,16,0.059,0.000,0.330,24.000,4.500,0,5.000,56.577,0.542,0.000,0.000,,,0.624,4.659,0.025,,2.935,2.047,16.088,0.088,0.059,4.772,0.480,127,0,0,0,0.360,0.000,0.000,0.000,0.440,0.000,0.141,1.000,1.029,0.624,3.020,00-0036264,0.075,3.000,50.000,1,,,,,,,,,,,,,0.020,0.099,,,,,19.861,3.546,0.000,-3.768,1.113,248.317,86.827,157.926,63.260,26.987,-0.013,0.000,,,-14.409,-1.640,-14.403,0.334
2026,3,2026_03_ATL_GB,GB,ATL,Tucker Kraft,TE,TE1,0,0,0,0,8,4,26,0.157,0.000,0.760,24.000,4.500,0,5.000,56.577,0.542,0.000,0.000,,,0.116,0.434,0.004,,5.060,3.451,51.523,0.164,0.095,10.031,0.835,45,0,0,0,0.360,0.000,0.000,0.000,0.440,0.000,0.141,1.000,1.029,0.116,5.207,00-0036264,0.161,4.990,51.783,41,,,,,,,,,,,,,0.087,0.446,,,,,35.666,0.457,0.000,15.883,-0.023,248.317,86.827,157.926,63.260,26.987,-0.013,0.000,37.083,1.017,-14.409,-1.640,-14.403,0.334
2026,3,2026_03_ATL_GB,GB,ATL,Bo Melton,WR,WR3,0,0,0,0,1,0,0,0.020,0.000,0.320,24.000,4.500,0,5.000,56.577,0.542,0.000,0.000,,,0.259,1.689,0.010,,1.220,0.417,8.774,0.049,0.051,5.385,0.169,36,0,0,0,0.360,0.000,0.000,0.000,0.440,0.000,0.141,1.000,1.029,0.259,1.256,00-0036264,0.036,1.085,7.577,30,,,,,,,,,,,,,0.172,0.000,,,,,12.238,2.444,0.000,-1.575,-0.087,248.317,86.827,157.926,63.260,26.987,-0.013,0.000,25.334,1.244,-14.409,-1.640,-14.403,0.334
2026,3,2026_03_ATL_GB,GB,ATL,Christian Watson,WR,WR1,0,0,0,0,10,7,96,0.196,0.000,0.800,24.000,4.500,0,5.000,56.577,0.542,0.000,0.000,,,0.090,0.503,0.003,,6.806,3.735,65.183,0.230,0.316,10.229,0.719,53,0,0,0,0.360,0.000,0.000,0.000,0.440,0.000,0.141,1.000,1.029,0.090,7.004,00-0036264,0.228,6.811,59.980,35,2.263,6.377,14.117,1.252,55.666,,,,,,,,0.064,0.000,,,,,59.072,0.478,0.000,6.111,0.025,248.317,86.827,157.926,63.260,26.987,-0.013,0.000,60.658,1.059,-14.409,-1.640,-14.403,0.334
2026,3,2026_03_ATL_GB,GB,ATL,J. Michael Sturdivant,WR,,0,0,0,0,3,3,22,0.059,0.000,0.320,24.000,4.500,0,5.000,56.577,0.542,0.000,0.000,,,0.000,0.000,0.000,,0.000,0.000,0.000,0.000,0.000,,0.150,2,0,0,0,0.360,0.000,0.000,0.000,0.440,0.000,0.141,1.000,1.029,0.000,0.000,00-0036264,0.000,0.000,0.000,1,,,,,,,,,,,,,,,,,,,,,,,,248.317,86.827,157.926,63.260,26.987,-0.013,0.000,,,-14.409,-1.640,-14.403,0.334
2026,3,2026_03_ATL_GB,GB,ATL,Matthew Golden,WR,WR2,0,0,0,0,12,5,100,0.235,0.000,0.820,24.000,4.500,0,5.000,56.577,0.542,0.000,0.000,,,0.270,1.027,0.007,,4.942,2.889,44.338,0.170,0.223,7.675,0.623,18,0,0,0,0.360,0.000,0.000,0.000,0.440,0.000,0.141,1.000,1.029,0.270,5.086,00-0036264,0.149,4.958,47.518,15,3.078,5.165,12.821,1.770,66.607,,,,,,,,0.073,0.119,,,,,39.747,1.710,0.000,4.591,-0.683,248.317,86.827,157.926,63.260,26.987,-0.013,0.000,44.177,1.222,-14.409,-1.640,-14.403,0.334
2026,3,2026_03_ATL_GB,GB,ATL,Skyy Moore,WR,,0,0,0,0,7,3,31,0.137,0.000,0.520,24.000,4.500,0,5.000,56.577,0.542,0.000,0.000,,,0.174,0.978,0.006,,0.901,0.461,3.598,0.029,0.049,6.965,0.147,57,0,0,0,0.360,0.000,0.000,0.000,0.440,0.000,0.141,1.000,1.029,0.174,0.927,00-0036264,0.068,2.086,3.259,2,,,,,,,,,,,,,0.015,0.097,,,,,11.066,1.645,0.000,-3.776,-0.246,248.317,86.827,157.926,63.260,26.987,-0.013,0.000,,,-14.409,-1.640,-14.403,0.334
2026,3,2026_03_HOU_IND,HOU,IND,C.J. Stroud,QB,,27,167,2,10,0,0,0,0.000,0.095,1.000,21.500,1.500,0,,66.072,0.582,36.810,247.286,6.960,-1.744,2.736,12.834,0.105,5.028,0.001,0.000,0.000,0.000,0.000,,0.945,55,0,0,0,0.690,0.000,0.000,0.000,0.000,0.000,0.234,1.000,1.051,2.736,0.001,00-0039163,,,,0,,,,,,,,,2.880,17.087,-0.498,-0.485,,,4.618,0.420,0.002,0.223,0.005,11.835,268.158,-0.005,0.998,287.609,110.771,181.826,74.849,30.898,0.048,0.013,,,19.456,3.276,19.458,0.374
2026,3,2026_03_HOU_IND,HOU,IND,David Montgomery,RB,,0,0,11,33,2,2,15,0.080,0.524,0.630,21.500,1.500,0,,66.072,0.582,0.069,0.165,,,9.467,35.170,0.372,3.863,1.776,1.626,12.637,0.050,0.005,7.459,0.396,113,0,0,0,0.690,0.000,0.000,0.000,0.000,0.000,0.234,1.000,1.051,9.467,1.866,00-0039163,0.059,2.457,16.284,2,,,,,,,,,,,,,0.000,0.035,2.208,1.669,0.257,,11.774,36.889,0.130,0.864,-1.719,287.609,110.771,181.826,74.849,30.898,0.048,0.013,,,19.456,3.276,19.458,0.374
2026,3,2026_03_HOU_IND,HOU,IND,Woody Marks,RB,RB1,0,0,5,15,1,1,6,0.040,0.238,0.370,21.500,1.500,0,,66.072,0.582,0.000,0.000,,,12.936,45.127,0.479,3.370,2.628,1.904,10.085,0.069,0.018,2.929,0.565,21,0,0,0,0.690,0.000,0.000,0.000,0.000,0.000,0.234,1.000,1.051,12.936,2.760,00-0039163,0.072,2.748,11.998,16,,,,,,,,,,,,,0.011,0.045,1.777,1.622,0.483,,15.351,54.173,0.000,-5.266,-9.046,287.609,110.771,181.826,74.849,30.898,0.048,0.013,83.188,1.175,19.456,3.276,19.458,0.374
2026,3,2026_03_HOU_IND,HOU,IND,Dalton Schultz,TE,TE1,0,0,0,0,3,3,30,0.120,0.000,0.540,21.500,1.500,0,,66.072,0.582,0.000,0.000,,,0.000,0.000,0.000,,6.786,5.273,56.395,0.183,0.129,9.266,0.646,125,0,1,0,0.690,0.000,0.000,0.000,0.000,0.000,0.234,1.000,1.051,0.000,7.129,00-0039163,0.180,6.610,56.530,50,3.907,6.046,5.948,-0.225,76.594,,,,,,,,0.021,0.142,,,,,45.379,0.000,0.000,11.016,0.000,287.609,110.771,181.826,74.849,30.898,0.048,0.013,63.570,1.628,19.456,3.276,19.458,0.374
2026,3,2026_03_HOU_IND,HOU,IND,Foster Moreau,TE,,0,0,0,0,4,2,7,0.160,0.000,0.570,21.500,1.500,0,,66.072,0.582,0.000,0.000,,,0.000,0.000,0.000,,1.953,1.618,18.028,0.057,0.034,8.951,0.432,88,0,0,0,0.690,0.000,0.000,0.000,0.000,0.000,0.234,1.000,1.051,0.000,2.052,00-0039163,0.046,2.000,25.321,2,,,,,,,,,,,,,0.086,0.082,,,,,13.630,0.000,0.000,4.494,0.000,287.609,110.771,181.826,74.849,30.898,0.048,0.013,,,19.456,3.276,19.458,0.374
2026,3,2026_03_HOU_IND,HOU,IND,Jared Wayne,WR,WR3,0,0,0,0,4,1,20,0.160,0.000,0.610,21.500,1.500,0,,66.072,0.582,0.000,0.000,,,0.000,0.000,0.000,,3.323,1.354,18.212,0.077,0.119,6.961,0.410,5,0,0,0,0.690,0.000,0.000,0.000,0.000,0.000,0.234,1.000,1.051,0.000,3.491,00-0039163,0.077,3.323,18.212,4,3.216,6.424,14.399,7.517,28.571,,,,,,,,0.000,0.318,,,,,31.202,0.000,0.000,-12.990,0.000,287.609,110.771,181.826,74.849,30.898,0.048,0.013,57.613,2.398,19.456,3.276,19.458,0.374
2026,3,2026_03_HOU_IND,HOU,IND,Jaylin Noel,WR,,0,0,1,8,2,2,17,0.080,0.048,0.260,21.500,1.500,0,,66.072,0.582,0.000,0.000,,,0.338,2.464,0.015,4.454,2.169,1.105,20.757,0.057,0.070,8.578,0.271,22,0,0,0,0.690,0.000,0.000,0.000,0.000,0.000,0.234,1.000,1.051,0.338,2.279,00-0039163,0.061,2.296,22.261,17,2.637,7.593,12.312,0.376,51.209,,,,,,,,0.006,0.000,2.408,2.046,0.000,,18.850,2.496,0.000,3.840,0.099,287.609,110.771,181.826,74.849,30.898,0.048,0.013,,,19.456,3.276,19.458,0.374
2026,3,2026_03_HOU_IND,HOU,IND,Kayshon Boutte,WR,WR2,0,0,0,0,2,2,21,0.080,0.000,0.690,21.500,1.500,0,,66.072,0.582,0.000,0.000,,,0.000,0.000,0.000,,4.026,2.094,33.818,0.135,0.215,9.472,0.654,39,0,0,0,0.690,0.000,0.000,0.000,0.000,0.000,0.234,1.000,1.051,0.000,4.230,00-0039163,0.079,3.630,29.691,2,2.291,5.301,15.963,0.405,61.745,,,,,,,,0.037,0.008,,,,,37.769,0.000,0.000,-3.951,0.000,287.609,110.771,181.826,74.849,30.898,0.048,0.013,37.571,0.984,19.456,3.276,19.458,0.374
2026,3,2026_03_HOU_IND,HOU,IND,Lewis Bond,WR,,0,0,0,0,1,0,0,0.040,0.000,0.170,21.500,1.500,0,,66.072,0.582,,,,,,,,,,,,,,,,1,0,0,0,0.690,0.000,0.000,0.000,0.000,0.000,0.234,1.000,1.051,,,00-0039163,,,,0,,,,,,,,,,,,,,,,,,,,,,,,287.609,110.771,181.826,74.849,30.898,0.048,0.013,,,19.456,3.276,19.458,0.374
2026,3,2026_03_HOU_IND,HOU,IND,Xavier Hutchinson,WR,WR1,0,0,2,4,6,3,51,0.240,0.095,0.540,21.500,1.500,0,,66.072,0.582,0.000,0.000,,,0.101,0.822,0.003,,6.024,2.602,31.907,0.159,0.181,5.622,0.635,51,0,0,0,0.690,0.000,0.000,0.000,0.000,0.000,0.234,1.000,1.051,0.101,6.329,00-0039163,0.161,6.053,32.285,44,2.603,5.725,11.007,-0.097,47.956,,,,,,,,0.022,0.070,,,,,45.767,0.686,0.000,-13.860,0.135,287.609,110.771,181.826,74.849,30.898,0.048,0.013,76.333,1.152,19.456,3.276,19.458,0.374
2026,3,2026_03_HOU_IND,IND,HOU,Daniel Jones,QB,,36,235,3,5,0,0,0,0.000,0.097,1.000,20.000,-1.500,0,,57.702,0.557,28.634,203.804,7.291,0.622,2.933,11.982,0.109,3.476,0.000,0.000,0.000,0.000,0.000,,0.899,88,0,0,0,0.825,0.000,0.000,0.615,0.505,0.000,0.180,1.000,1.035,2.933,0.000,00-0035710,,,,0,,,,,,,,,2.717,18.499,2.392,-1.505,,,2.845,0.624,0.052,0.207,0.000,12.282,210.053,0.000,-0.420,220.841,74.624,147.476,49.208,25.863,-0.074,-0.043,,,-5.569,-14.383,-5.568,0.315
2026,3,2026_03_HOU_IND,IND,HOU,Jonathan Taylor,RB,RB1,0,0,23,68,3,2,4,0.086,0.742,0.850,20.000,-1.500,0,,57.702,0.557,0.000,0.000,,,19.955,83.391,0.788,4.108,3.427,2.752,22.587,0.116,-0.005,7.067,0.836,88,0,0,0,0.825,0.000,0.000,0.615,0.505,0.000,0.180,1.000,1.035,19.955,3.548,00-0035710,0.123,3.579,27.406,14,,,,,,4.375,15.797,-0.107,,,,,0.072,0.440,2.184,1.926,1.013,,19.605,82.496,0.000,2.982,0.895,220.841,74.624,147.476,49.208,25.863,-0.074,-0.043,52.902,0.813,-5.569,-14.383,-5.568,0.315
2026,3,2026_03_HOU_IND,IND,HOU,Seth McGowan,RB,,0,0,4,14,0,0,0,0.000,0.129,0.150,20.000,-1.500,0,,57.702,0.557,0.000,0.000,,,1.086,0.000,0.034,0.000,0.457,0.457,0.000,0.016,-0.005,,0.083,3,0,0,0,0.825,0.000,0.000,0.615,0.505,0.000,0.180,1.000,1.035,1.086,0.473,00-0035710,0.016,0.457,0.000,2,,,,,,,,,,,,,,,0.000,0.000,0.000,,1.704,4.389,0.000,-1.704,-4.389,220.841,74.624,147.476,49.208,25.863,-0.074,-0.043,,,-5.569,-14.383,-5.568,0.315
2026,3,2026_03_HOU_IND,IND,HOU,Mo Alie-Cox,TE,,0,0,0,0,1,1,16,0.029,0.000,0.380,20.000,-1.500,0,,57.702,0.557,0.000,0.000,,,0.000,0.000,0.000,,2.151,1.466,11.928,0.069,0.042,5.315,0.393,103,0,0,0,0.825,0.000,0.000,0.615,0.505,0.000,0.180,1.000,1.035,0.000,2.227,00-0035710,0.040,1.248,7.019,7,,,,,,,,,,,,,0.028,0.029,,,,,14.065,0.000,0.000,-2.128,0.000,220.841,74.624,147.476,49.208,25.863,-0.074,-0.043,,,-5.569,-14.383,-5.568,0.315
2026,3,2026_03_HOU_IND,IND,HOU,Tyler Warren,TE,TE1,0,0,1,2,10,9,55,0.286,0.032,0.940,20.000,-1.500,0,,57.702,0.557,0.015,0.000,,,0.313,0.671,0.011,1.682,6.519,4.357,31.310,0.212,0.104,4.921,0.868,20,0,0,0,0.825,0.000,0.000,0.615,0.505,0.000,0.180,1.000,1.035,0.313,6.748,00-0035710,0.212,6.302,40.982,14,3.156,6.327,4.146,0.050,67.690,,,,,,,,0.028,0.112,0.530,1.152,0.000,,40.120,0.617,0.053,-8.809,0.054,220.841,74.624,147.476,49.208,25.863,-0.074,-0.043,38.912,0.910,-5.569,-14.383,-5.568,0.315
2026,3,2026_03_HOU_IND,IND,HOU,Anthony Gould,WR,,0,0,0,0,0,0,0,0.000,0.000,0.000,20.000,-1.500,0,,57.702,0.557,0.000,0.000,,,0.000,0.000,0.000,,0.219,0.219,0.902,0.006,-0.002,,0.069,21,0,0,0,0.825,0.000,0.000,0.615,0.505,0.000,0.180,1.000,1.035,0.000,0.227,00-0035710,0.003,0.093,0.280,11,,,,,,,,,,,,,,,,,,,,,,,,220.841,74.624,147.476,49.208,25.863,-0.074,-0.043,,,-5.569,-14.383,-5.568,0.315
2026,3,2026_03_HOU_IND,IND,HOU,Josh Downs,WR,WR2,0,0,0,0,11,5,77,0.314,0.000,0.680,20.000,-1.500,0,,57.702,0.557,0.000,0.000,,,0.193,-0.302,0.008,,5.945,3.888,44.488,0.193,0.222,7.721,0.693,50,0,0,0,0.825,0.000,0.000,0.615,0.505,0.000,0.180,1.000,1.035,0.193,6.154,00-0035710,0.194,5.911,40.101,13,2.612,6.504,7.754,-0.029,61.355,,,,,,,,0.046,0.064,,,,,41.446,1.162,0.000,2.845,-1.487,220.841,74.624,147.476,49.208,25.863,-0.074,-0.043,56.436,1.338,-5.569,-14.383,-5.568,0.315
2026,3,2026_03_HOU_IND,IND,HOU,Keenan Allen,WR,WR1,0,0,0,0,9,6,63,0.257,0.000,0.730,20.000,-1.500,0,,57.702,0.557,0.005,0.003,,,0.000,0.000,0.000,,6.569,3.924,30.614,0.214,0.195,4.860,0.568,123,0,0,0,0.825,0.000,0.000,0.615,0.505,0.000,0.180,1.000,1.035,0.000,6.800,00-0035710,0.185,5.457,17.333,2,2.483,5.719,6.977,-0.001,61.076,,,,,,,,0.073,0.069,,,,,41.799,0.001,0.052,-11.185,-0.000,220.841,74.624,147.476,49.208,25.863,-0.074,-0.043,47.675,0.824,-5.569,-14.383,-5.568,0.315
2026,3,2026_03_HOU_IND,IND,HOU,Laquon Treadwell,WR,WR3,0,0,0,0,1,1,20,0.029,0.000,0.790,20.000,-1.500,0,,57.702,0.557,0.000,0.000,,,0.000,0.000,0.000,,1.355,0.937,14.980,0.044,0.088,7.917,0.333,56,0,0,0,0.825,0.000,0.000,0.615,0.505,0.000,0.180,1.000,1.035,0.000,1.403,00-0035710,0.032,0.945,15.013,6,,,,,,,,,,,,,0.073,0.139,,,,,26.664,0.000,0.000,3.461,0.000,220.841,74.624,147.476,49.208,25.863,-0.074,-0.043,31.055,0.915,-5.569,-14.383,-5.568,0.315
2026,3,2026_03_NE_JAX,JAX,NE,Trevor Lawrence,QB,,29,182,4,25,0,0,0,0.000,0.133,0.950,24.750,3.000,0,7.000,57.841,0.527,30.087,234.112,7.894,5.494,4.093,18.120,0.151,4.303,0.000,0.000,-0.009,0.000,0.000,,0.946,83,0,0,0,0.000,0.000,0.000,0.000,0.730,0.000,0.000,1.000,1.000,4.093,0.000,00-0036971,,,,0,,,,,,,,,2.894,16.667,2.270,0.992,,,2.877,1.420,0.240,0.221,0.000,21.211,241.198,0.000,-3.091,182.214,82.425,110.905,41.407,29.674,-0.075,-0.013,,,-41.986,-12.098,-41.979,0.325
2026,3,2026_03_NE_JAX,JAX,NE,Ameer Abdullah,RB,,0,0,3,2,1,0,0,0.037,0.100,0.110,24.750,3.000,0,7.000,57.841,0.527,0.000,0.000,,,2.097,10.577,0.077,4.320,1.583,1.501,8.684,0.053,-0.005,4.384,0.134,117,0,0,0,0.000,0.000,0.000,0.000,0.730,0.000,0.000,1.000,1.000,2.097,1.583,00-0036971,0.041,1.000,1.086,2,,,,,,,,,,,,,0.000,0.214,2.243,2.103,0.175,,9.322,10.176,0.000,-0.127,1.027,182.214,82.425,110.905,41.407,29.674,-0.075,-0.013,,,-41.986,-12.098,-41.979,0.325
2026,3,2026_03_NE_JAX,JAX,NE,Bhayshul Tuten,RB,,0,0,15,73,2,2,17,0.074,0.500,0.480,24.750,3.000,0,7.000,57.841,0.527,0.000,0.000,,,7.777,37.160,0.282,5.213,0.892,0.774,4.946,0.033,-0.003,6.581,0.311,19,0,0,0,0.000,0.000,0.000,0.000,0.730,0.000,0.000,1.000,1.000,7.777,0.892,00-0036971,0.033,0.892,4.946,18,,,,,,4.266,19.220,0.402,,,,,0.000,0.027,2.884,2.342,0.290,,4.815,33.791,0.000,0.130,3.369,182.214,82.425,110.905,41.407,29.674,-0.075,-0.013,,,-41.986,-12.098,-41.979,0.325
2026,3,2026_03_NE_JAX,JAX,NE,Chris Rodriguez Jr.,RB,RB1,0,0,8,37,0,0,0,0.000,0.267,0.210,24.750,3.000,0,7.000,57.841,0.527,0.000,0.000,,,9.116,37.561,0.306,3.783,0.350,0.283,3.129,0.015,0.003,,0.339,31,0,0,0,0.000,0.000,0.000,0.000,0.730,0.000,0.000,1.000,1.000,9.116,0.350,00-0036971,0.000,0.000,0.000,2,,,,,,,,,,,,,,,1.371,2.397,1.139,,1.702,35.858,0.000,1.469,2.165,182.214,82.425,110.905,41.407,29.674,-0.075,-0.013,51.504,0.854,-41.986,-12.098,-41.979,0.325
2026,3,2026_03_NE_JAX,JAX,NE,LeQuint Allen Jr.,RB,,0,0,0,0,2,2,9,0.074,0.000,0.180,24.750,3.000,0,7.000,57.841,0.527,0.000,0.000,,,1.449,4.808,0.049,,0.696,0.509,3.032,0.023,-0.001,4.514,0.219,19,0,1,0,0.000,0.000,0.000,0.000,0.730,0.000,0.000,1.000,1.000,1.449,0.696,00-0036971,0.023,0.696,3.032,18,,,,,,,,,,,,,0.000,0.000,,,,,3.929,6.690,0.000,-0.627,-1.332,182.214,82.425,110.905,41.407,29.674,-0.075,-0.013,,,-41.986,-12.098,-41.979,0.325
2026,3,2026_03_NE_JAX,JAX,NE,Brenton Strange,TE,TE1,0,0,0,0,5,3,32,0.185,0.000,0.770,24.750,3.000,0,7.000,57.841,0.527,0.000,0.000,,,0.000,0.000,0.000,,4.235,3.042,32.450,0.141,0.114,8.211,0.750,37,0,0,0,0.000,0.000,0.000,0.000,0.730,0.000,0.000,1.000,1.000,0.000,4.235,00-0036971,0.141,4.218,32.196,27,,,,,,,,,,,,,0.040,0.063,,,,,32.023,0.000,0.000,0.458,0.000,182.214,82.425,110.905,41.407,29.674,-0.075,-0.013,30.758,0.968,-41.986,-12.098,-41.979,0.325
2026,3,2026_03_NE_JAX,JAX,NE,Nate Boerkircher,TE,,0,0,0,0,1,0,0,0.037,0.000,0.450,24.750,3.000,0,7.000,57.841,0.527,0.000,0.000,,,0.000,0.000,0.000,,1.000,1.000,9.000,0.048,0.008,9.000,0.670,2,0,0,0,0.000,0.000,0.000,0.000,0.730,0.000,0.000,1.000,1.000,0.000,1.000,00-0036971,0.048,1.000,9.000,1,,,,,,,,,,,,,0.000,0.000,,,,,6.640,0.000,0.000,2.360,0.000,182.214,82.425,110.905,41.407,29.674,-0.075,-0.013,,,-41.986,-12.098,-41.979,0.325
2026,3,2026_03_NE_JAX,JAX,NE,Brian Thomas Jr.,WR,WR2,0,0,0,0,1,1,8,0.037,0.000,0.370,24.750,3.000,0,7.000,57.841,0.527,0.000,0.000,,,0.101,0.681,0.004,,5.555,3.233,45.140,0.184,0.255,8.884,0.662,35,0,0,0,0.000,0.000,0.000,0.000,0.730,0.000,0.000,1.000,1.000,0.101,5.555,00-0036971,0.177,5.350,43.710,26,2.464,5.635,15.371,0.440,53.201,,,,,,,,0.053,0.113,,,,,49.449,0.645,0.000,-4.309,0.036,182.214,82.425,110.905,41.407,29.674,-0.075,-0.013,33.031,1.038,-41.986,-12.098,-41.979,0.325
2026,3,2026_03_NE_JAX,JAX,NE,Jakobi Meyers,WR,WR3,0,0,0,0,8,7,64,0.296,0.000,0.810,24.750,3.000,0,7.000,57.841,0.527,0.001,0.003,,,0.385,0.920,0.013,,5.132,3.416,41.802,0.171,0.193,12.084,0.841,105,0,0,0,0.000,0.000,0.000,0.000,0.730,0.000,0.000,1.000,1.000,0.385,5.132,00-0036971,0.163,4.847,40.334,12,,,,,,,,,,,,,0.034,0.042,,,,,42.225,2.373,0.003,-0.423,-1.453,182.214,82.425,110.905,41.407,29.674,-0.075,-0.013,20.301,0.905,-41.986,-12.098,-41.979,0.325
2026,3,2026_03_NE_JAX,JAX,NE,Josh Cameron,WR,,0,0,0,0,2,1,12,0.074,0.000,0.370,24.750,3.000,0,7.000,57.841,0.527,0.000,0.000,,,0.000,0.000,0.000,,0.914,0.914,9.136,0.044,0.034,,0.243,3,0,0,0,0.000,0.000,0.000,0.000,0.730,0.000,0.000,1.000,1.000,0.000,0.914,00-0036971,0.044,0.914,9.136,2,,,,,,,,,,,,,,,,,,,,,,,,182.214,82.425,110.905,41.407,29.674,-0.075,-0.013,,,-41.986,-12.098,-41.979,0.325
2026,3,2026_03_NE_JAX,JAX,NE,Parker Washington,WR,WR1,0,0,0,0,5,3,40,0.185,0.000,0.810,24.750,3.000,0,7.000,57.841,0.527,0.000,0.000,,,0.433,-0.098,0.018,,8.087,5.166,80.533,0.276,0.378,10.240,0.684,42,0,0,0,0.000,0.000,0.000,0.000,0.730,0.000,0.000,1.000,1.000,0.433,8.087,00-0036971,0.274,8.045,80.230,33,2.539,5.943,12.990,0.424,65.444,,,,,,,,0.029,0.332,,,,,73.902,2.592,0.000,6.973,-2.690,182.214,82.425,110.905,41.407,29.674,-0.075,-0.013,45.314,0.778,-41.986,-12.098,-41.979,0.325
2026,3,2026_03_KC_MIA,KC,MIA,Patrick Mahomes,QB,,24,246,1,1,0,0,0,0.000,0.040,1.000,27.750,10.000,0,5.000,59.692,0.566,35.976,259.688,7.155,3.321,4.102,25.485,0.144,6.628,0.095,0.095,-0.945,0.003,-0.003,,0.982,149,0,0,0,0.000,0.000,0.000,0.000,0.200,0.000,0.000,1.000,1.000,4.102,0.095,00-0033873,,,,0,,,,,,,,,2.799,10.460,-3.973,-1.523,,,5.117,1.523,0.180,0.209,0.245,22.929,254.811,-1.191,2.556,240.246,102.738,137.485,61.866,35.559,0.068,0.011,,,19.103,2.977,19.101,0.284
2026,3,2026_03_KC_MIA,KC,MIA,Ben VanSumeren,RB,,0,0,0,0,0,0,0,0.000,0.000,0.000,27.750,10.000,0,5.000,59.692,0.566,0.000,0.000,,,0.000,0.000,0.000,,0.163,0.163,0.000,0.007,0.000,,0.015,11,0,0,0,0.000,0.000,0.000,0.000,0.200,0.000,0.000,1.000,1.000,0.000,0.163,00-0033873,0.000,0.000,0.000,1,,,,,,,,,,,,,,,,,,,,,,,,240.246,102.738,137.485,61.866,35.559,0.068,0.011,,,19.103,2.977,19.101,0.284
2026,3,2026_03_KC_MIA,KC,MIA,Brashard Smith,RB,,0,0,0,0,1,1,4,0.043,0.000,0.080,27.750,10.000,0,5.000,59.692,0.566,0.000,0.000,,,2.617,10.489,0.105,,1.829,1.247,5.565,0.066,-0.031,,0.168,19,0,0,0,0.000,0.000,0.000,0.000,0.200,0.000,0.000,1.000,1.000,2.617,1.829,00-0033873,0.033,1.214,7.468,15,,,,,,,,,,,,,,,,,,,,,,,,240.246,102.738,137.485,61.866,35.559,0.068,0.011,,,19.103,2.977,19.101,0.284
2026,3,2026_03_KC_MIA,KC,MIA,Emmett Johnson,RB,,0,0,6,17,0,0,0,0.000,0.240,0.270,27.750,10.000,0,5.000,59.692,0.566,0.000,0.000,,,4.741,19.111,0.135,5.444,2.000,2.000,30.963,0.062,-0.036,15.481,0.262,3,0,0,0,0.000,0.000,0.000,0.000,0.200,0.000,0.000,1.000,1.000,4.741,2.000,00-0033873,0.062,2.000,30.963,2,,,,,,,,,,,,,0.000,1.370,1.498,3.947,0.000,,12.484,19.111,0.000,18.479,0.000,240.246,102.738,137.485,61.866,35.559,0.068,0.011,,,19.103,2.977,19.101,0.284
2026,3,2026_03_KC_MIA,KC,MIA,Kenneth Walker III,RB,RB1,0,0,18,70,2,2,3,0.087,0.720,0.730,27.750,10.000,0,5.000,59.692,0.566,0.000,0.000,,,18.727,98.401,0.612,5.152,4.590,3.189,31.115,0.149,-0.009,7.117,0.605,65,0,0,0,0.000,0.000,0.000,0.000,0.200,0.000,0.000,1.000,1.000,18.727,4.590,00-0033873,0.236,8.173,41.358,2,,,,,,4.373,27.915,1.245,,,,,0.088,0.536,2.576,2.569,2.763,,27.382,82.154,0.000,3.733,16.246,240.246,102.738,137.485,61.866,35.559,0.068,0.011,55.087,1.131,19.103,2.977,19.101,0.284
2026,3,2026_03_KC_MIA,KC,MIA,Jake Briningstool,TE,,0,0,0,0,1,0,0,0.043,0.000,0.120,27.750,10.000,0,5.000,59.692,0.566,0.000,0.000,,,0.000,0.000,0.000,,1.000,1.000,9.000,0.040,0.030,9.000,0.190,2,0,0,0,0.000,0.000,0.000,0.000,0.200,0.000,0.000,1.000,1.000,0.000,1.000,00-0033873,0.040,1.000,9.000,1,,,,,,,,,,,,,0.000,0.000,,,,,5.970,0.000,0.000,3.030,0.000,240.246,102.738,137.485,61.866,35.559,0.068,0.011,,,19.103,2.977,19.101,0.284
2026,3,2026_03_KC_MIA,KC,MIA,Noah Gray,TE,,0,0,0,0,3,3,39,0.130,0.000,0.630,27.750,10.000,0,5.000,59.692,0.566,0.000,0.000,,,0.007,-0.028,0.001,,2.126,1.263,10.542,0.067,0.052,4.558,0.509,84,0,0,0,0.000,0.000,0.000,0.000,0.200,0.000,0.000,1.000,1.000,0.007,2.126,00-0033873,0.068,2.296,11.563,78,,,,,,,,,,,,,0.072,0.001,,,,,17.163,0.057,0.000,-5.427,-0.091,240.246,102.738,137.485,61.866,35.559,0.068,0.011,,,19.103,2.977,19.101,0.284
2026,3,2026_03_KC_MIA,KC,MIA,Travis Kelce,TE,TE1,0,0,0,0,2,2,59,0.087,0.000,0.790,27.750,10.000,0,5.000,59.692,0.566,0.000,0.000,,,0.040,0.041,0.001,,6.930,4.804,53.929,0.221,0.219,7.644,0.837,152,0,0,0,0.000,0.000,0.000,0.000,0.200,0.000,0.000,1.000,1.000,0.040,6.930,00-0033873,0.216,7.380,64.465,145,3.206,6.088,6.559,1.519,69.153,,,,,,,,0.065,0.175,,,,,49.882,0.093,0.000,4.047,-0.052,240.246,102.738,137.485,61.866,35.559,0.068,0.011,46.436,1.285,19.103,2.977,19.101,0.284
2026,3,2026_03_KC_MIA,KC,MIA,Jalen Royals,WR,,0,0,0,0,1,1,11,0.043,0.000,0.190,27.750,10.000,0,5.000,59.692,0.566,0.000,0.000,,,0.000,0.000,0.000,,1.311,1.086,2.809,0.037,0.023,2.239,0.234,5,0,0,0,0.000,0.000,0.000,0.000,0.200,0.000,0.000,1.000,1.000,0.000,1.311,00-0033873,0.018,0.785,2.355,3,,,,,,,,,,,,,0.000,0.000,,,,,10.558,0.000,0.000,-5.471,0.000,240.246,102.738,137.485,61.866,35.559,0.068,0.011,,,19.103,2.977,19.101,0.284
2026,3,2026_03_KC_MIA,KC,MIA,Nikko Remigio,WR,,0,0,0,0,0,0,0,0.000,0.000,0.000,27.750,10.000,0,5.000,59.692,0.566,0.000,0.000,,,0.017,0.187,0.001,,0.050,0.026,0.588,0.003,0.004,,0.028,25,0,0,0,0.000,0.000,0.000,0.000,0.200,0.000,0.000,1.000,1.000,0.017,0.050,00-0033873,0.001,0.017,0.359,22,,,,,,,,,,,,,,,,,,,,,,,,240.246,102.738,137.485,61.866,35.559,0.068,0.011,,,19.103,2.977,19.101,0.284
2026,3,2026_03_KC_MIA,KC,MIA,Rashee Rice,WR,WR1,0,0,0,0,9,7,88,0.391,0.000,0.770,27.750,10.000,0,5.000,59.692,0.566,0.000,0.000,,,0.307,1.015,0.013,,7.804,5.404,64.193,0.233,0.138,8.815,0.763,35,0,0,0,0.000,0.000,0.000,0.000,0.200,0.000,0.000,1.000,1.000,0.307,7.804,00-0033873,0.233,7.804,64.193,34,3.812,6.322,5.007,1.241,68.218,,,,,,,,0.039,0.609,,,,,51.650,1.374,0.000,14.768,-0.341,240.246,102.738,137.485,61.866,35.559,0.068,0.011,49.407,0.866,19.103,2.977,19.101,0.284
2026,3,2026_03_KC_MIA,KC,MIA,Tyquan Thornton,WR,WR3,0,0,0,0,2,2,22,0.087,0.000,0.460,27.750,10.000,0,5.000,59.692,0.566,0.000,0.000,,,0.013,0.204,0.001,,2.510,1.585,33.760,0.074,0.245,10.841,0.448,40,0,0,0,0.000,0.000,0.000,0.000,0.200,0.000,0.000,1.000,1.000,0.013,2.510,00-0033873,0.073,2.524,35.770,14,,,,,,,,,,,,,0.034,0.017,,,,,27.867,0.093,0.000,8.355,0.149,240.246,102.738,137.485,61.866,35.559,0.068,0.011,26.795,0.951,19.103,2.977,19.101,0.284
2026,3,2026_03_KC_MIA,KC,MIA,Xavier Worthy,WR,WR2,0,0,0,0,2,2,20,0.087,0.000,0.830,27.750,10.000,0,5.000,59.692,0.566,0.000,0.000,,,0.533,2.565,0.025,,5.375,3.150,33.696,0.173,0.265,6.448,0.780,36,0,0,0,0.000,0.000,0.000,0.000,0.200,0.000,0.000,1.000,1.000,0.533,5.375,00-0033873,0.178,5.930,39.542,33,4.099,6.855,9.676,-0.909,62.896,,,,,,,,0.064,0.063,,,,,41.409,3.578,0.000,-7.713,-1.013,240.246,102.738,137.485,61.866,35.559,0.068,0.011,30.786,0.936,19.103,2.977,19.101,0.284
2026,3,2026_03_LA_DEN,LA,DEN,Matthew Stafford,QB,,55,390,2,13,0,0,0,0.000,0.087,1.000,21.000,-1.500,0,10.000,63.275,0.559,34.950,284.735,8.148,8.595,1.901,1.949,0.068,1.145,0.000,0.000,0.000,0.000,0.000,,0.970,127,0,0,0,0.795,0.000,0.000,0.000,0.000,0.070,0.410,1.030,1.086,1.957,0.000,00-0026498,,,,0,,,,,,,,,,,,,,,0.817,0.337,0.000,0.177,0.000,3.406,282.225,-0.000,-1.457,192.709,92.960,115.227,56.704,20.684,-0.068,0.022,,,-32.447,2.031,-32.449,0.444
2026,3,2026_03_LA_DEN,LA,DEN,Blake Corum,RB,,0,0,6,15,4,2,0,0.082,0.261,0.290,21.000,-1.500,0,10.000,63.275,0.559,0.000,0.000,,,9.767,52.297,0.350,5.265,0.966,0.865,7.290,0.027,0.001,7.192,0.338,38,0,0,0,0.795,0.000,0.000,0.000,0.000,0.070,0.410,1.030,1.086,10.057,1.049,00-0026498,0.027,0.964,7.260,36,,,,,,,,,,,,,0.079,0.129,3.494,1.764,0.364,,6.218,43.321,0.000,1.074,8.993,192.709,92.960,115.227,56.704,20.684,-0.068,0.022,,,-32.447,2.031,-32.449,0.444
2026,3,2026_03_LA_DEN,LA,DEN,Dean Connors,RB,,0,0,0,0,0,0,0,0.000,0.000,0.000,21.000,-1.500,0,10.000,63.275,0.559,,,,,,,,,,,,,,,,1,0,0,0,0.795,0.000,0.000,0.000,0.000,0.070,0.410,1.030,1.086,,,00-0026498,,,,0,,,,,,,,,,,,,,,,,,,,,,,,192.709,92.960,115.227,56.704,20.684,-0.068,0.022,,,-32.447,2.031,-32.449,0.444
2026,3,2026_03_LA_DEN,LA,DEN,Kyren Williams,RB,RB1,0,0,15,88,7,6,70,0.143,0.652,0.710,21.000,-1.500,0,10.000,63.275,0.559,0.000,0.000,,,13.838,67.657,0.500,4.991,2.865,2.377,18.841,0.082,0.023,7.009,0.620,62,0,0,0,0.795,0.000,0.000,0.000,0.000,0.070,0.410,1.030,1.086,14.250,3.111,00-0026498,0.082,2.865,18.841,54,,,,,,,,,,,,,0.015,0.234,2.861,2.144,0.608,,17.678,58.348,0.000,1.163,9.309,192.709,92.960,115.227,56.704,20.684,-0.068,0.022,58.521,0.920,-32.447,2.031,-32.449,0.444
2026,3,2026_03_LA_DEN,LA,DEN,Colby Parkinson,TE,TE1,0,0,0,0,1,0,0,0.020,0.000,0.430,21.000,-1.500,0,10.000,63.275,0.559,0.000,0.000,,,0.000,0.000,0.000,,3.973,2.693,32.516,0.114,0.056,7.854,0.720,74,1,1,0,0.795,0.000,0.000,0.000,0.000,0.070,0.410,1.030,1.086,0.000,4.314,00-0026498,0.114,3.981,32.575,36,,,,,,,,,,,,,0.100,0.286,,,,,28.567,0.000,0.000,3.979,0.000,192.709,92.960,115.227,56.704,20.684,-0.068,0.022,42.980,1.157,-32.447,2.031,-32.449,0.444
2026,3,2026_03_LA_DEN,LA,DEN,Davis Allen,TE,,0,0,0,0,3,2,19,0.061,0.000,0.360,21.000,-1.500,0,10.000,63.275,0.559,0.000,0.000,,,0.000,0.000,0.000,,2.061,1.431,13.399,0.058,0.019,6.415,0.535,34,0,0,0,0.795,0.000,0.000,0.000,0.000,0.070,0.410,1.030,1.086,0.000,2.238,00-0026498,0.058,2.058,13.385,31,,,,,,,,,,,,,0.047,0.112,,,,,14.306,0.000,0.000,-0.770,0.000,192.709,92.960,115.227,56.704,20.684,-0.068,0.022,,,-32.447,2.031,-32.449,0.444
2026,3,2026_03_LA_DEN,LA,DEN,Terrance Ferguson,TE,,0,0,0,0,2,1,9,0.041,0.000,0.260,21.000,-1.500,0,10.000,63.275,0.559,0.000,0.000,,,0.018,0.000,0.001,,3.529,1.701,21.950,0.106,0.117,4.735,0.511,16,0,0,0,0.795,0.000,0.000,0.000,0.000,0.070,0.410,1.030,1.086,0.019,3.832,00-0026498,0.106,3.529,21.950,15,,,,,,,,,,,,,0.039,0.000,,,,,29.687,0.053,0.000,-7.736,-0.053,192.709,92.960,115.227,56.704,20.684,-0.068,0.022,,,-32.447,2.031,-32.449,0.444
2026,3,2026_03_LA_DEN,LA,DEN,Tyler Higbee,TE,,0,0,0,0,11,8,62,0.224,0.000,0.710,21.000,-1.500,0,10.000,63.275,0.559,0.000,0.000,,,0.000,0.000,0.000,,3.032,2.258,28.732,0.090,0.063,9.701,0.392,117,0,0,0,0.795,0.000,0.000,0.000,0.000,0.070,0.410,1.030,1.086,0.000,3.292,00-0026498,0.090,3.008,28.575,60,,,,,,,,,,,,,0.032,0.008,,,,,23.258,0.000,0.000,6.068,-0.000,192.709,92.960,115.227,56.704,20.684,-0.068,0.022,,,-32.447,2.031,-32.449,0.444
2026,3,2026_03_LA_DEN,LA,DEN,Davante Adams,WR,WR1,0,0,0,0,13,7,137,0.265,0.000,0.830,21.000,-1.500,0,10.000,63.275,0.559,0.000,0.000,,,0.000,-0.000,0.000,,7.999,4.540,75.805,0.243,0.355,9.154,0.656,130,0,0,0,0.795,0.000,0.000,0.000,0.000,0.070,0.410,1.030,1.086,0.000,8.686,00-0026498,0.241,7.896,75.582,19,,,,,,,,,,,,,0.023,0.134,,,,,73.986,0.000,0.000,1.818,-0.000,192.709,92.960,115.227,56.704,20.684,-0.068,0.022,46.373,0.786,-32.447,2.031,-32.449,0.444
2026,3,2026_03_LA_DEN,LA,DEN,Konata Mumpfield,WR,WR2,0,0,0,0,8,4,93,0.163,0.000,0.730,21.000,-1.500,0,10.000,63.275,0.559,0.000,0.000,,,0.000,0.000,0.000,,2.130,0.858,7.800,0.059,0.070,3.513,0.419,16,0,0,0,0.795,0.000,0.000,0.000,0.000,0.070,0.410,1.030,1.086,0.000,2.313,00-0026498,0.059,2.130,7.800,15,,,,,,,,,,,,,0.167,0.000,,,,,18.132,0.000,0.000,-10.052,0.000,192.709,92.960,115.227,56.704,20.684,-0.068,0.022,29.499,0.729,-32.447,2.031,-32.449,0.444
2026,3,2026_03_LA_DEN,LA,DEN,Xavier Smith,WR,WR3,0,0,0,0,0,0,0,0.000,0.000,0.440,21.000,-1.500,0,10.000,63.275,0.559,0.000,0.000,,,0.007,0.033,0.000,,1.010,0.616,10.451,0.030,0.039,10.236,0.270,38,0,0,0,0.795,0.000,0.000,0.000,0.000,0.070,0.410,1.030,1.086,0.007,1.097,00-0026498,0.030,1.010,10.455,36,,,,,,,,,,,,,0.203,0.129,,,,,20.739,0.604,0.000,4.381,0.206,192.709,92.960,115.227,56.704,20.684,-0.068,0.022,25.758,1.134,-32.447,2.031,-32.449,0.444
2026,3,2026_03_LAC_BUF,LAC,BUF,Justin Herbert,QB,,34,226,4,17,0,0,0,0.000,0.143,1.000,21.750,-7.000,0,12.000,57.647,0.536,29.055,208.642,7.166,-1.994,5.496,29.071,0.212,4.729,0.000,0.000,0.001,0.000,-0.000,,0.980,101,0,0,0,0.180,0.000,0.478,0.198,0.463,0.000,0.292,1.000,1.054,5.496,0.000,00-0036355,,,,0,,,,,,,,,2.936,14.073,0.716,-0.268,,,3.537,1.186,0.174,0.312,0.000,29.351,213.768,0.000,-0.280,217.213,87.619,144.750,33.573,37.970,0.004,0.026,,,-25.698,0.089,-25.697,0.313
2026,3,2026_03_LAC_BUF,LAC,BUF,Keaton Mitchell,RB,,0,0,8,52,3,3,-5,0.091,0.286,0.380,21.750,-7.000,0,12.000,57.647,0.536,0.000,0.000,,,5.042,24.113,0.161,4.732,0.788,0.632,5.572,0.036,-0.011,7.831,0.223,28,0,0,0,0.180,0.000,0.478,0.198,0.463,0.000,0.292,1.000,1.054,5.042,0.830,00-0036355,0.021,0.543,8.148,2,,,,,,,,,,,,,0.033,0.000,3.078,1.685,0.224,,4.761,24.554,0.000,1.289,1.230,217.213,87.619,144.750,33.573,37.970,0.004,0.026,,,-25.698,0.089,-25.697,0.313
2026,3,2026_03_LAC_BUF,LAC,BUF,Kimani Vidal,RB,,0,0,1,6,3,1,14,0.091,0.036,0.250,21.750,-7.000,0,12.000,57.647,0.536,0.000,0.000,,,8.922,32.759,0.310,,1.376,0.957,10.094,0.047,0.015,,0.499,25,0,0,0,0.180,0.000,0.478,0.198,0.463,0.000,0.292,1.000,1.054,8.922,1.449,00-0036355,0.050,1.427,11.797,23,,,,,,,,,,,,,,,,,,,,,,,,217.213,87.619,144.750,33.573,37.970,0.004,0.026,,,-25.698,0.089,-25.697,0.313
2026,3,2026_03_LAC_BUF,LAC,BUF,Omarion Hampton,RB,RB1,0,0,15,56,1,0,0,0.030,0.536,0.420,21.750,-7.000,0,12.000,57.647,0.536,0.000,0.000,,,13.679,55.607,0.516,3.464,2.553,2.392,14.819,0.083,-0.024,5.964,0.536,13,0,0,0,0.180,0.000,0.478,0.198,0.463,0.000,0.292,1.000,1.054,13.679,2.690,00-0036355,0.083,2.553,14.819,12,,,,,,4.344,21.017,0.327,,,,,0.000,0.325,1.938,1.542,1.779,,14.162,59.927,0.000,0.657,-4.319,217.213,87.619,144.750,33.573,37.970,0.004,0.026,54.391,1.090,-25.698,0.089,-25.697,0.313
2026,3,2026_03_LAC_BUF,LAC,BUF,Hayden Rucci,TE,,0,0,0,0,0,0,0,0.000,0.000,0.410,21.750,-7.000,0,12.000,57.647,0.536,0.000,0.000,,,0.000,0.000,0.000,,0.000,0.000,0.000,0.000,0.000,,0.160,2,0,0,0,0.180,0.000,0.478,0.198,0.463,0.000,0.292,1.000,1.054,0.000,0.000,00-0036355,,,,0,,,,,,,,,,,,,,,,,,,,,,,,217.213,87.619,144.750,33.573,37.970,0.004,0.026,,,-25.698,0.089,-25.697,0.313
2026,3,2026_03_LAC_BUF,LAC,BUF,Oronde Gadsden II,TE,TE1,0,0,0,0,3,0,0,0.091,0.000,0.570,21.750,-7.000,0,12.000,57.647,0.536,0.000,0.000,,,0.000,0.000,0.000,,3.268,2.499,31.211,0.113,0.114,10.091,0.510,19,0,0,0,0.180,0.000,0.478,0.198,0.463,0.000,0.292,1.000,1.054,0.000,3.443,00-0036355,0.122,3.499,32.611,17,,,,,,,,,,,,,0.062,0.099,,,,,23.546,0.000,0.000,7.665,0.000,217.213,87.619,144.750,33.573,37.970,0.004,0.026,28.082,0.697,-25.698,0.089,-25.697,0.313
2026,3,2026_03_LAC_BUF,LAC,BUF,Derius Davis,WR,,0,0,0,0,0,0,0,0.000,0.000,0.010,21.750,-7.000,0,12.000,57.647,0.536,0.000,0.000,,,0.115,0.121,0.004,,0.610,0.242,1.645,0.021,0.046,3.868,0.148,48,0,0,0,0.180,0.000,0.478,0.198,0.463,0.000,0.292,1.000,1.054,0.115,0.642,00-0036355,0.020,0.558,1.156,41,,,,,,,,,,,,,0.000,0.028,,,,,7.432,2.577,0.000,-3.357,-1.935,217.213,87.619,144.750,33.573,37.970,0.004,0.026,,,-25.698,0.089,-25.697,0.313
2026,3,2026_03_LAC_BUF,LAC,BUF,Ladd McConkey,WR,WR2,0,0,0,0,5,4,66,0.152,0.000,0.880,21.750,-7.000,0,12.000,57.647,0.536,0.000,0.000,,,0.000,0.000,0.000,,5.170,3.515,46.830,0.183,0.239,9.462,0.698,37,0,0,0,0.180,0.000,0.478,0.198,0.463,0.000,0.292,1.000,1.054,0.000,5.447,00-0036355,0.183,5.170,46.830,36,,,,,,,,,,,,,0.016,0.162,,,,,42.162,0.000,0.000,4.676,0.000,217.213,87.619,144.750,33.573,37.970,0.004,0.026,35.955,0.750,-25.698,0.089,-25.697,0.313
2026,3,2026_03_LAC_BUF,LAC,BUF,Marquez Valdes-Scantling,WR,,0,0,0,0,1,0,0,0.030,0.000,0.040,21.750,-7.000,0,12.000,57.647,0.536,0.000,0.000,,,0.020,0.080,0.001,,4.320,2.178,21.404,0.120,0.185,5.801,0.588,123,0,0,0,0.180,0.000,0.478,0.198,0.463,0.000,0.292,1.000,1.054,0.020,4.551,00-0036355,,,,0,2.878,6.749,13.616,-0.186,51.534,,,,,,,,0.006,0.031,,,,,32.733,0.134,0.000,-11.329,-0.054,217.213,87.619,144.750,33.573,37.970,0.004,0.026,,,-25.698,0.089,-25.697,0.313
2026,3,2026_03_LAC_BUF,LAC,BUF,Quentin Johnston,WR,WR1,0,0,0,0,6,3,40,0.182,0.000,0.870,21.750,-7.000,0,12.000,57.647,0.536,0.000,0.000,,,0.203,1.312,0.007,3.816,5.832,2.957,38.739,0.199,0.256,6.218,0.767,50,0,0,0,0.180,0.000,0.478,0.198,0.463,0.000,0.292,1.000,1.054,0.203,6.144,00-0036355,0.199,5.831,38.724,44,2.464,5.896,12.646,-0.168,47.777,,,,,,,,0.047,0.144,2.423,1.393,0.085,,47.323,1.272,0.000,-8.583,0.040,217.213,87.619,144.750,33.573,37.970,0.004,0.026,62.609,0.889,-25.698,0.089,-25.697,0.313
2026,3,2026_03_LAC_BUF,LAC,BUF,Tre Harris,WR,WR3,0,0,0,0,7,6,76,0.212,0.000,0.580,21.750,-7.000,0,12.000,57.647,0.536,0.000,0.000,,,0.132,0.726,0.005,,3.602,2.023,28.335,0.127,0.147,8.592,0.649,20,0,0,0,0.180,0.000,0.478,0.198,0.463,0.000,0.292,1.000,1.054,0.132,3.795,00-0036355,0.121,3.289,28.004,18,,,,,,,,,,,,,0.014,0.015,,,,,28.053,0.730,0.000,0.282,-0.005,217.213,87.619,144.750,33.573,37.970,0.004,0.026,31.131,1.302,-25.698,0.089,-25.697,0.313
2026,3,2026_03_LV_NO,LV,NO,Kirk Cousins,QB,,33,248,3,3,0,0,0,0.000,0.111,1.000,20.000,-3.500,1,0.000,53.915,0.552,29.472,200.196,6.650,1.494,2.505,-0.397,0.082,0.443,0.000,0.000,-0.001,0.000,-0.000,,0.957,118,0,0,0,0.000,0.000,0.000,0.000,0.320,0.000,0.000,1.000,1.000,2.505,0.000,00-0029604,,,,0,,,,,,,,,2.792,17.126,0.251,-1.329,,,0.266,0.183,0.000,0.228,0.002,3.616,218.578,-0.003,-4.013,200.526,100.809,123.788,50.622,26.055,-0.022,-0.004,,,-31.485,-8.953,-31.481,0.221
2026,3,2026_03_LV_NO,LV,NO,Ashton Jeanty,RB,RB1,0,0,19,56,3,3,37,0.100,0.704,0.840,20.000,-3.500,1,0.000,53.915,0.552,0.000,0.000,,,18.386,65.253,0.748,3.441,5.124,3.757,24.093,0.182,-0.010,6.290,0.813,20,0,0,0,0.000,0.000,0.000,0.000,0.320,0.000,0.000,1.000,1.000,18.386,5.124,00-0029604,0.226,6.543,28.704,2,,,,,,4.420,27.432,-0.135,,,,,0.098,0.266,1.748,1.709,1.294,,27.821,77.354,0.000,-3.728,-12.101,200.526,100.809,123.788,50.622,26.055,-0.022,-0.004,77.666,1.049,-31.485,-8.953,-31.481,0.221
2026,3,2026_03_LV_NO,LV,NO,Dylan Laube,RB,,0,0,0,0,0,0,0,0.000,0.000,0.060,20.000,-3.500,1,0.000,53.915,0.552,0.000,0.000,,,0.209,0.352,0.015,,0.047,0.037,0.164,0.002,-0.001,,0.051,26,0,0,0,0.000,0.000,0.000,0.000,0.320,0.000,0.000,1.000,1.000,0.209,0.047,00-0029604,0.000,0.000,0.000,2,,,,,,,,,,,,,,,,,,,,,,,,200.526,100.809,123.788,50.622,26.055,-0.022,-0.004,,,-31.485,-8.953,-31.481,0.221
2026,3,2026_03_LV_NO,LV,NO,Mike Washington Jr.,RB,,0,0,5,54,0,0,0,0.000,0.185,0.160,20.000,-3.500,1,0.000,53.915,0.552,0.000,0.000,,,4.827,22.531,0.147,3.943,0.543,0.000,0.000,0.019,0.019,0.000,0.190,3,0,0,0,0.000,0.000,0.000,0.000,0.320,0.000,0.000,1.000,1.000,4.827,0.543,00-0029604,0.019,0.543,0.000,2,,,,,,,,,,,,,0.000,0.000,2.670,1.274,0.000,,3.667,21.005,0.000,-3.667,1.526,200.526,100.809,123.788,50.622,26.055,-0.022,-0.004,,,-31.485,-8.953,-31.481,0.221
2026,3,2026_03_LV_NO,LV,NO,Brock Bowers,TE,TE1,0,0,0,0,13,10,116,0.433,0.000,0.790,20.000,-3.500,1,0.000,53.915,0.552,0.000,0.000,,,0.148,0.097,0.006,,7.063,5.386,52.355,0.238,0.235,7.946,0.913,30,1,1,0,0.000,0.000,0.000,0.000,0.320,0.000,0.000,1.000,1.000,0.148,7.063,00-0029604,,,,0,2.912,6.145,6.271,0.876,77.512,,,,,,,,0.050,0.266,,,,,42.843,0.847,0.000,9.512,-0.751,200.526,100.809,123.788,50.622,26.055,-0.022,-0.004,37.777,1.077,-31.485,-8.953,-31.481,0.221
2026,3,2026_03_LV_NO,LV,NO,Michael Mayer,TE,,0,0,0,0,3,3,32,0.100,0.000,0.870,20.000,-3.500,1,0.000,53.915,0.552,0.000,0.000,,,0.000,0.000,0.000,,4.520,3.363,29.045,0.160,0.119,6.274,0.716,40,0,0,0,0.000,0.000,0.000,0.000,0.320,0.000,0.000,1.000,1.000,0.000,4.520,00-0029604,0.185,5.370,27.111,2,,,,,,,,,,,,,0.008,0.188,,,,,31.633,0.000,0.000,-1.330,0.000,200.526,100.809,123.788,50.622,26.055,-0.022,-0.004,,,-31.485,-8.953,-31.481,0.221
2026,3,2026_03_LV_NO,LV,NO,Cody White,WR,,0,0,0,0,3,1,4,0.100,0.000,,20.000,-3.500,1,0.000,53.915,0.552,0.000,0.000,,,0.000,0.000,0.000,,0.903,0.689,10.588,0.031,0.035,10.842,,20,0,0,0,0.000,0.000,0.000,0.000,0.320,0.000,0.000,1.000,1.000,0.000,0.903,00-0029604,0.053,1.543,13.037,2,,,,,,,,,,,,,,,,,,,11.472,0.000,0.000,7.930,0.000,200.526,100.809,123.788,50.622,26.055,-0.022,-0.004,,,-31.485,-8.953,-31.481,0.221
2026,3,2026_03_LV_NO,LV,NO,Dareke Young,WR,,0,0,0,0,0,0,0,0.000,0.000,0.170,20.000,-3.500,1,0.000,53.915,0.552,0.000,0.000,,,0.000,0.000,0.000,,0.303,0.229,5.961,0.011,0.018,15.500,0.107,29,0,0,0,0.000,0.000,0.000,0.000,0.320,0.000,0.000,1.000,1.000,0.000,0.303,00-0029604,0.019,0.543,14.667,2,,,,,,,,,,,,,0.000,0.080,,,,,8.704,0.000,0.000,7.757,0.000,200.526,100.809,123.788,50.622,26.055,-0.022,-0.004,,,-31.485,-8.953,-31.481,0.221
2026,3,2026_03_LV_NO,LV,NO,Jalen Nailor,WR,WR2,0,0,0,0,3,1,16,0.100,0.000,0.570,20.000,-3.500,1,0.000,53.915,0.552,0.000,0.000,,,0.084,0.069,0.003,,3.047,1.695,22.759,0.112,0.166,6.197,0.602,47,0,0,0,0.000,0.000,0.000,0.000,0.320,0.000,0.000,1.000,1.000,0.084,3.047,00-0029604,0.079,2.434,22.261,11,,,,,,,,,,,,,0.043,0.057,,,,,24.695,0.531,0.000,-1.921,-0.463,200.526,100.809,123.788,50.622,26.055,-0.022,-0.004,29.767,0.774,-31.485,-8.953,-31.481,0.221
2026,3,2026_03_LV_NO,LV,NO,Malik Benson,WR,WR3,0,0,0,0,1,0,0,0.033,0.000,0.060,20.000,-3.500,1,0.000,53.915,0.552,0.000,0.000,,,0.457,-3.654,0.013,,1.457,0.457,2.741,0.050,0.114,1.370,0.116,3,0,0,0,0.000,0.000,0.000,0.000,0.320,0.000,0.000,1.000,1.000,0.457,1.457,00-0029604,0.050,1.457,2.741,2,,,,,,,,,,,,,0.000,0.000,,,,,15.908,3.536,0.000,-13.167,-7.190,200.526,100.809,123.788,50.622,26.055,-0.022,-0.004,21.794,1.080,-31.485,-8.953,-31.481,0.221
2026,3,2026_03_LV_NO,LV,NO,Tre Tucker,WR,WR1,0,0,0,0,4,4,43,0.133,0.000,0.570,20.000,-3.500,1,0.000,53.915,0.552,0.000,0.000,,,0.564,1.920,0.023,,5.421,3.190,46.547,0.193,0.307,8.219,0.868,50,0,0,0,0.000,0.000,0.000,0.000,0.320,0.000,0.000,1.000,1.000,0.564,5.421,00-0029604,0.194,5.630,76.976,2,3.026,7.073,12.238,0.343,60.743,,,,,,,,0.014,0.169,,,,,43.054,3.379,0.000,3.493,-1.459,200.526,100.809,123.788,50.622,26.055,-0.022,-0.004,60.416,1.872,-31.485,-8.953,-31.481,0.221
2026,3,2026_03_KC_MIA,MIA,KC,Malik Willis,QB,,36,210,9,56,0,0,0,0.000,0.290,1.000,17.750,-10.000,0,5.000,52.128,0.505,14.020,134.741,9.164,2.978,4.474,25.181,0.178,5.347,0.000,0.000,0.000,0.000,0.000,,0.638,22,0,0,0,0.885,0.182,0.000,1.000,0.000,0.201,0.218,1.096,1.045,4.903,0.000,00-0038128,,,,0,,,,,,,,,2.999,16.305,-1.805,-1.315,,,4.278,1.073,0.141,0.249,0.000,21.159,103.678,0.000,4.022,192.360,85.775,117.425,45.295,27.637,-0.016,-0.005,,,-6.822,-12.114,-6.822,0.370
2026,3,2026_03_KC_MIA,MIA,KC,DJ Herman,RB,,0,0,0,0,0,0,0,0.000,0.000,0.370,17.750,-10.000,0,5.000,52.128,0.505,0.000,0.000,,,0.000,0.000,0.000,,3.000,1.000,18.000,0.130,0.213,6.000,0.290,2,0,0,0,0.885,0.182,0.000,1.000,0.000,0.201,0.218,1.096,1.045,0.000,3.135,00-0038128,0.130,3.000,18.000,1,,,,,,,,,,,,,0.000,0.000,,,,,25.840,0.000,0.000,-7.840,0.000,192.360,85.775,117.425,45.295,27.637,-0.016,-0.005,,,-6.822,-12.114,-6.822,0.370
2026,3,2026_03_KC_MIA,MIA,KC,De'Von Achane,RB,RB1,0,0,3,17,1,0,0,0.029,0.097,0.050,17.750,-10.000,0,5.000,52.128,0.505,0.000,0.000,,,15.509,79.140,0.612,5.309,4.675,3.626,27.604,0.181,0.035,6.114,0.746,48,0,0,0,0.885,0.182,0.000,1.000,0.000,0.201,0.218,1.096,1.045,16.996,4.886,00-0038128,0.226,5.543,24.025,2,,,,,,4.101,23.785,0.266,,,,,0.095,0.460,2.603,2.709,0.942,,28.305,68.601,0.000,-0.784,10.539,192.360,85.775,117.425,45.295,27.637,-0.016,-0.005,64.700,0.978,-6.822,-12.114,-6.822,0.370
2026,3,2026_03_KC_MIA,MIA,KC,Ollie Gordon II,RB,,0,0,17,41,3,3,14,0.086,0.548,0.840,17.750,-10.000,0,5.000,52.128,0.505,0.000,0.000,,,3.848,8.764,0.144,1.647,0.309,0.269,1.087,0.011,-0.009,,0.213,19,0,0,0,0.885,0.182,0.000,1.000,0.000,0.201,0.218,1.096,1.045,4.216,0.322,00-0038128,0.000,0.000,0.000,1,,,,,,,,,,,,,,,0.586,1.054,0.112,,1.326,16.093,0.000,-0.075,-6.042,192.360,85.775,117.425,45.295,27.637,-0.016,-0.005,,,-6.822,-12.114,-6.822,0.370
2026,3,2026_03_KC_MIA,MIA,KC,Greg Dulcich,TE,TE1,0,0,0,0,7,5,55,0.200,0.000,0.700,17.750,-10.000,0,5.000,52.128,0.505,0.000,0.000,,,0.095,-0.668,0.003,,3.349,2.559,29.721,0.136,0.078,9.330,0.511,28,0,0,0,0.885,0.182,0.000,1.000,0.000,0.201,0.218,1.096,1.045,0.105,3.500,00-0038128,0.105,2.543,17.457,2,,,,,,,,,,,,,0.006,0.141,,,,,23.672,0.223,0.000,6.552,-0.893,192.360,85.775,117.425,45.295,27.637,-0.016,-0.005,36.803,1.118,-6.822,-12.114,-6.822,0.370
2026,3,2026_03_KC_MIA,MIA,KC,Will Kacmarek,TE,,0,0,0,0,0,0,0,0.000,0.000,0.410,17.750,-10.000,0,5.000,52.128,0.505,0.000,0.000,,,0.000,0.000,0.000,,1.000,0.543,2.173,0.041,0.015,2.173,0.370,3,0,0,0,0.885,0.182,0.000,1.000,0.000,0.201,0.218,1.096,1.045,0.000,1.045,00-0038128,0.041,1.000,2.173,2,,,,,,,,,,,,,0.000,0.000,,,,,6.147,0.000,0.000,-3.974,0.000,192.360,85.775,117.425,45.295,27.637,-0.016,-0.005,,,-6.822,-12.114,-6.822,0.370
2026,3,2026_03_KC_MIA,MIA,KC,Chris Bell,WR,WR3,0,0,0,0,7,4,67,0.200,0.000,0.710,17.750,-10.000,0,5.000,52.128,0.505,0.000,0.000,,,0.000,0.000,0.000,,1.457,0.457,11.420,0.057,0.101,5.710,0.460,3,0,0,0,0.885,0.182,0.000,1.000,0.000,0.201,0.218,1.096,1.045,0.000,1.523,00-0038128,0.057,1.457,11.420,2,,,,,,,,,,,,,0.000,0.457,,,,,14.335,0.000,0.000,-2.915,0.000,192.360,85.775,117.425,45.295,27.637,-0.016,-0.005,24.309,0.866,-6.822,-12.114,-6.822,0.370
2026,3,2026_03_KC_MIA,MIA,KC,Kevin Coleman Jr.,WR,WR2,0,0,0,0,4,1,3,0.114,0.000,0.620,17.750,-10.000,0,5.000,52.128,0.505,0.000,0.000,,,0.000,0.000,0.000,,2.000,0.000,0.000,0.074,0.078,0.000,0.290,2,0,0,0,0.885,0.182,0.000,1.000,0.000,0.201,0.218,1.096,1.045,0.000,2.090,00-0038128,0.074,2.000,0.000,1,,,,,,,,,,,,,0.000,0.000,,,,,14.880,0.000,0.000,-14.880,0.000,192.360,85.775,117.425,45.295,27.637,-0.016,-0.005,26.174,0.605,-6.822,-12.114,-6.822,0.370
2026,3,2026_03_KC_MIA,MIA,KC,Malik Washington,WR,WR1,0,0,2,5,10,5,56,0.286,0.065,0.860,17.750,-10.000,0,5.000,52.128,0.505,0.000,0.000,,,0.783,5.003,0.031,5.428,4.215,2.737,25.986,0.170,0.165,7.244,0.663,34,0,0,0,0.885,0.182,0.000,1.000,0.000,0.201,0.218,1.096,1.045,0.858,4.405,00-0038128,0.253,6.370,47.568,2,3.916,6.611,5.992,0.010,69.101,,,,,,,,0.020,0.320,1.792,3.635,0.233,,30.145,4.026,0.000,-4.120,0.985,192.360,85.775,117.425,45.295,27.637,-0.016,-0.005,36.728,0.705,-6.822,-12.114,-6.822,0.370
2026,3,2026_03_KC_MIA,MIA,KC,Ryan Miller,WR,,0,0,0,0,3,2,15,0.086,0.000,0.220,17.750,-10.000,0,5.000,52.128,0.505,0.000,0.000,,,0.000,0.000,0.000,,0.625,0.440,16.103,0.020,0.062,20.707,0.145,21,1,0,0,0.885,0.182,0.000,1.000,0.000,0.201,0.218,1.096,1.045,0.000,0.653,00-0038128,0.043,1.000,77.000,1,,,,,,,,,,,,,0.158,0.000,,,,,13.517,0.000,0.000,9.879,0.000,192.360,85.775,117.425,45.295,27.637,-0.016,-0.005,,,-6.822,-12.114,-6.822,0.370
2026,3,2026_03_MIN_TB,MIN,TB,Kyler Murray,QB,,29,168,2,17,0,0,0,0.000,0.087,1.000,22.000,1.500,0,7.000,52.746,0.479,29.129,184.153,6.084,1.094,4.618,28.652,0.184,6.032,0.000,0.000,0.000,0.000,0.000,,0.849,90,0,0,0,0.000,0.000,0.000,0.000,1.490,0.367,0.018,1.230,1.003,5.680,0.000,00-0032950,,,,0,,,,,,,,,,,,,,,5.232,0.816,0.234,0.173,0.000,28.499,208.496,0.000,0.152,247.933,69.755,135.248,71.013,42.094,0.037,-0.028,,,14.013,-8.365,14.013,0.303
2026,3,2026_03_MIN_TB,MIN,TB,Aaron Jones,RB,RB1,0,0,17,58,6,5,34,0.240,0.739,0.800,22.000,1.500,0,7.000,52.746,0.479,0.000,0.000,,,14.723,59.067,0.547,3.900,2.631,1.782,11.002,0.114,-0.014,,0.601,125,0,0,0,0.000,0.000,0.000,0.000,1.490,0.367,0.018,1.230,1.003,18.108,2.638,00-0032950,0.051,1.440,4.163,3,,,,,,4.105,24.611,-0.105,,,,,,,2.214,1.690,0.432,,14.824,60.566,0.000,-3.822,-1.499,247.933,69.755,135.248,71.013,42.094,0.037,-0.028,47.421,0.832,14.013,-8.365,14.013,0.303
2026,3,2026_03_MIN_TB,MIN,TB,DeeJay Dallas,RB,,0,0,1,2,0,0,0,0.000,0.043,0.150,22.000,1.500,0,7.000,52.746,0.479,0.000,0.000,,,0.809,4.963,0.027,6.012,0.516,0.418,2.538,0.020,-0.005,4.205,0.091,83,0,0,0,0.000,0.000,0.000,0.000,1.490,0.367,0.018,1.230,1.003,0.995,0.517,00-0032950,0.048,1.000,6.975,2,,,,,,,,,,,,,0.114,0.002,4.715,1.306,0.029,,4.562,5.450,0.002,-1.039,2.269,247.933,69.755,135.248,71.013,42.094,0.037,-0.028,,,14.013,-8.365,14.013,0.303
2026,3,2026_03_MIN_TB,MIN,TB,Demond Claiborne,RB,,0,0,3,1,0,0,0,0.000,0.130,0.050,22.000,1.500,0,7.000,52.746,0.479,0.000,0.000,,,0.000,0.000,0.000,,1.000,1.000,2.000,0.053,-0.045,2.000,0.040,2,0,0,0,0.000,0.000,0.000,0.000,1.490,0.367,0.018,1.230,1.003,0.000,1.003,00-0032950,0.053,1.000,2.000,1,,,,,,,,,,,,,0.000,0.000,,,,,3.480,0.000,0.000,-1.480,0.000,247.933,69.755,135.248,71.013,42.094,0.037,-0.028,,,14.013,-8.365,14.013,0.303
2026,3,2026_03_MIN_TB,MIN,TB,Max Bredeson,RB,,0,0,0,0,0,0,0,0.000,0.000,0.170,22.000,1.500,0,7.000,52.746,0.479,,,,,,,,,,,,,,,,1,0,0,0,0.000,0.000,0.000,0.000,1.490,0.367,0.018,1.230,1.003,,,00-0032950,,,,0,,,,,,,,,,,,,,,,,,,,,,,,247.933,69.755,135.248,71.013,42.094,0.037,-0.028,,,14.013,-8.365,14.013,0.303
2026,3,2026_03_MIN_TB,MIN,TB,Josh Oliver,TE,,0,0,0,0,0,0,0,0.000,0.000,0.410,22.000,1.500,0,7.000,52.746,0.479,0.000,0.000,,,0.000,0.000,0.000,,1.975,1.434,18.036,0.086,0.051,10.606,0.572,68,0,0,0,0.000,0.000,0.000,0.000,1.490,0.367,0.018,1.230,1.003,0.000,1.980,00-0032950,0.073,1.914,18.390,6,,,,,,,,,,,,,0.011,0.002,,,,,12.819,0.000,0.000,5.459,0.000,247.933,69.755,135.248,71.013,42.094,0.037,-0.028,,,14.013,-8.365,14.013,0.303
2026,3,2026_03_MIN_TB,MIN,TB,T.J. Hockenson,TE,TE1,0,0,0,0,4,2,11,0.160,0.000,0.850,22.000,1.500,0,7.000,52.746,0.479,0.000,0.000,,,0.056,0.000,0.003,,4.214,3.299,31.113,0.169,0.124,6.655,0.730,102,0,0,0,0.000,0.000,0.000,0.000,1.490,0.367,0.018,1.230,1.003,0.069,4.226,00-0032950,0.187,5.185,35.309,7,,,,,,,,,,,,,0.024,0.096,,,,,28.981,0.129,0.000,2.131,-0.129,247.933,69.755,135.248,71.013,42.094,0.037,-0.028,49.247,1.504,14.013,-8.365,14.013,0.303
2026,3,2026_03_MIN_TB,MIN,TB,Jauan Jennings,WR,WR3,0,0,0,0,2,1,1,0.080,0.000,0.800,22.000,1.500,0,7.000,52.746,0.479,0.113,3.274,,,0.000,-0.000,0.000,,4.701,2.685,35.221,0.163,0.228,6.907,0.786,84,0,0,0,0.000,0.000,0.000,0.000,1.490,0.367,0.018,1.230,1.003,0.000,4.713,00-0032950,0.043,1.000,0.000,1,,,,,,,,,,,,,0.018,0.153,,,,,37.272,0.002,0.972,-2.048,-0.003,247.933,69.755,135.248,71.013,42.094,0.037,-0.028,,,14.013,-8.365,14.013,0.303
2026,3,2026_03_MIN_TB,MIN,TB,Jordan Addison,WR,WR2,0,0,0,0,9,5,90,0.360,0.000,0.980,22.000,1.500,0,7.000,52.746,0.479,0.000,0.000,,,0.123,6.560,0.004,,4.335,1.977,26.511,0.168,0.288,5.995,0.835,50,0,0,0,0.000,0.000,0.000,0.000,1.490,0.367,0.018,1.230,1.003,0.151,4.347,00-0032950,0.191,5.663,45.268,6,2.724,6.885,12.474,0.733,50.499,,,,,,,,0.029,0.039,,,,,36.054,0.665,0.000,-9.543,5.895,247.933,69.755,135.248,71.013,42.094,0.037,-0.028,37.149,0.829,14.013,-8.365,14.013,0.303
2026,3,2026_03_MIN_TB,MIN,TB,Justin Jefferson,WR,WR1,0,0,0,0,2,2,32,0.080,0.000,0.120,22.000,1.500,0,7.000,52.746,0.479,0.001,0.023,,,0.121,0.365,0.004,,7.833,4.995,61.310,0.324,0.412,7.557,0.933,99,0,0,0,0.000,0.000,0.000,0.000,1.490,0.367,0.018,1.230,1.003,0.148,7.855,00-0032950,0.323,9.032,84.376,7,3.145,5.493,10.094,0.937,62.972,,,,,,,,0.107,0.376,,,,,58.923,0.790,0.008,2.387,-0.425,247.933,69.755,135.248,71.013,42.094,0.037,-0.028,,,14.013,-8.365,14.013,0.303
2026,3,2026_03_MIN_TB,MIN,TB,Myles Price,WR,,0,0,0,0,0,0,0,0.000,0.000,0.070,22.000,1.500,0,7.000,52.746,0.479,0.000,0.000,,,0.000,0.000,0.000,,0.166,0.000,0.000,0.009,0.002,0.000,0.102,19,0,0,0,0.000,0.000,0.000,0.000,1.490,0.367,0.018,1.230,1.003,0.000,0.167,00-0032950,0.012,0.226,0.000,7,,,,,,,,,,,,,1.000,0.000,,,,,4.990,0.000,0.000,-4.990,0.000,247.933,69.755,135.248,71.013,42.094,0.037,-0.028,,,14.013,-8.365,14.013,0.303
2026,3,2026_03_MIN_TB,MIN,TB,Tai Felton,WR,,0,0,0,0,2,0,0,0.080,0.000,0.540,22.000,1.500,0,7.000,52.746,0.479,0.000,0.000,,,0.000,0.000,0.000,,0.314,0.314,2.492,0.014,0.007,,0.069,13,0,0,0,0.000,0.000,0.000,0.000,1.490,0.367,0.018,1.230,1.003,0.000,0.314,00-0032950,0.008,0.189,1.703,4,,,,,,,,,,,,,,,,,,,,,,,,247.933,69.755,135.248,71.013,42.094,0.037,-0.028,,,14.013,-8.365,14.013,0.303
2026,3,2026_03_NE_JAX,NE,JAX,Drake Maye,QB,,25,199,4,18,0,0,0,0.000,0.154,0.810,21.750,-3.000,0,7.000,58.452,0.496,28.591,219.461,7.823,-1.157,6.065,34.206,0.213,5.584,0.071,0.004,0.007,0.003,0.003,,0.970,37,0,0,0,0.000,0.000,0.000,0.000,0.170,0.000,0.041,1.000,1.008,6.065,0.071,00-0039851,,,,0,,,,,,,,,2.907,14.992,3.446,0.334,,,4.257,1.336,0.255,0.237,0.607,27.282,221.678,-0.600,6.925,229.412,64.618,147.208,48.924,32.641,-0.039,0.005,,,-12.995,-7.205,-12.998,0.254
2026,3,2026_03_NE_JAX,NE,JAX,Tommy DeVito,QB,,5,30,1,2,0,0,0,0.000,0.038,0.190,21.750,-3.000,0,7.000,58.452,0.496,19.545,116.474,5.839,-4.482,3.560,18.292,0.158,4.386,0.000,0.000,0.000,0.000,0.000,,0.690,12,0,0,0,0.000,0.000,0.000,0.000,0.170,0.000,0.041,1.000,1.008,3.560,0.000,00-0039851,,,,0,,,,,,,,,,,,,,,3.406,0.989,0.057,0.258,0.000,20.373,121.771,0.000,-2.081,229.412,64.618,147.208,48.924,32.641,-0.039,0.005,,,-12.995,-7.205,-12.998,0.254
2026,3,2026_03_NE_JAX,NE,JAX,Corey Kiner,RB,,0,0,6,18,1,1,9,0.033,0.231,0.130,21.750,-3.000,0,7.000,58.452,0.496,0.000,0.000,,,3.348,9.908,0.146,2.652,0.522,0.348,2.610,0.019,0.008,,0.117,7,0,0,0,0.000,0.000,0.000,0.000,0.170,0.000,0.041,1.000,1.008,3.348,0.526,00-0039851,0.000,0.000,0.000,2,,,,,,,,,,,,,,,1.084,1.551,0.123,,3.098,14.262,0.000,-0.487,-4.354,229.412,64.618,147.208,48.924,32.641,-0.039,0.005,,,-12.995,-7.205,-12.998,0.254
2026,3,2026_03_NE_JAX,NE,JAX,Rhamondre Stevenson,RB,RB1,0,0,7,22,3,3,16,0.100,0.269,0.520,21.750,-3.000,0,7.000,58.452,0.496,0.000,0.000,,,11.693,51.671,0.390,5.243,3.430,2.762,25.665,0.123,0.019,6.514,0.629,78,0,0,0,0.000,0.000,0.000,0.000,0.170,0.000,0.041,1.000,1.008,11.693,3.456,00-0039851,0.123,3.428,25.751,29,,,,,,,,,,,,,0.097,0.342,2.240,3.005,0.776,,20.973,51.345,0.000,4.690,0.326,229.412,64.618,147.208,48.924,32.641,-0.039,0.005,44.888,0.728,-12.995,-7.205,-12.998,0.254
2026,3,2026_03_NE_JAX,NE,JAX,TreVeyon Henderson,RB,,0,0,8,23,1,1,6,0.033,0.308,0.370,21.750,-3.000,0,7.000,58.452,0.496,0.000,0.000,,,10.798,46.466,0.379,3.794,1.466,1.212,8.087,0.047,-0.001,,0.421,23,0,0,0,0.000,0.000,0.000,0.000,0.170,0.000,0.041,1.000,1.008,10.798,1.477,00-0039851,0.047,1.466,8.087,22,,,,,,3.749,25.680,0.812,,,,,,,2.182,1.615,0.357,,8.810,47.822,0.000,-0.723,-1.356,229.412,64.618,147.208,48.924,32.641,-0.039,0.005,,,-12.995,-7.205,-12.998,0.254
2026,3,2026_03_NE_JAX,NE,JAX,Cameron Latu,TE,,0,0,0,0,0,0,0,0.000,0.000,0.140,21.750,-3.000,0,7.000,58.452,0.496,0.000,0.000,,,0.000,0.000,0.000,,0.000,0.000,0.000,0.000,0.000,,0.143,12,0,0,0,0.000,0.000,0.000,0.000,0.170,0.000,0.041,1.000,1.008,0.000,0.000,00-0039851,0.000,0.000,0.000,1,,,,,,,,,,,,,,,,,,,,,,,,229.412,64.618,147.208,48.924,32.641,-0.039,0.005,,,-12.995,-7.205,-12.998,0.254
2026,3,2026_03_NE_JAX,NE,JAX,Hunter Henry,TE,TE1,0,0,0,0,2,1,5,0.067,0.000,0.700,21.750,-3.000,0,7.000,58.452,0.496,0.000,0.000,,,0.000,0.000,0.000,,4.347,3.044,35.745,0.162,0.136,7.889,0.776,113,0,0,0,0.000,0.000,0.000,0.000,0.170,0.000,0.041,1.000,1.008,0.000,4.380,00-0039851,0.162,4.345,35.749,33,2.756,5.614,9.182,0.407,71.137,,,,,,,,0.060,0.142,,,,,35.458,0.000,0.000,0.286,0.000,229.412,64.618,147.208,48.924,32.641,-0.039,0.005,29.216,0.783,-12.995,-7.205,-12.998,0.254
2026,3,2026_03_NE_JAX,NE,JAX,DeMario Douglas,WR,WR3,0,0,0,0,5,1,38,0.167,0.000,0.590,21.750,-3.000,0,7.000,58.452,0.496,0.000,0.000,,,0.127,0.474,0.005,,3.329,2.265,21.366,0.113,0.087,7.715,0.355,53,0,0,0,0.000,0.000,0.000,0.000,0.170,0.000,0.041,1.000,1.008,0.127,3.355,00-0039851,0.113,3.325,21.334,32,,,,,,,,,,,,,0.038,0.125,,,,,24.562,0.780,0.000,-3.196,-0.306,229.412,64.618,147.208,48.924,32.641,-0.039,0.005,17.182,0.653,-12.995,-7.205,-12.998,0.254
2026,3,2026_03_NE_JAX,NE,JAX,Efton Chism III,WR,,1,16,0,0,2,1,1,0.067,0.000,0.250,21.750,-3.000,0,7.000,58.452,0.496,0.132,0.000,,,0.000,0.000,0.000,,0.617,0.617,9.896,0.027,0.021,16.375,0.241,12,0,0,0,0.000,0.000,0.000,0.000,0.170,0.000,0.041,1.000,1.008,0.000,0.622,00-0039851,0.027,0.617,9.896,11,,,,,,,,,,,,,0.000,0.000,,,,,9.641,0.000,2.389,10.518,0.000,229.412,64.618,147.208,48.924,32.641,-0.039,0.005,,,-12.995,-7.205,-12.998,0.254
2026,3,2026_03_NE_JAX,NE,JAX,Kyle Williams,WR,,0,0,0,0,3,1,34,0.100,0.000,0.350,21.750,-3.000,0,7.000,58.452,0.496,0.000,0.000,,,0.080,0.327,0.002,,1.633,0.739,9.794,0.059,0.097,8.085,0.306,20,0,0,0,0.000,0.000,0.000,0.000,0.170,0.000,0.041,1.000,1.008,0.080,1.645,00-0039851,0.059,1.633,9.794,19,,,,,,,,,,,,,0.058,0.000,,,,,17.863,0.787,0.000,-5.586,-0.397,229.412,64.618,147.208,48.924,32.641,-0.039,0.005,,,-12.995,-7.205,-12.998,0.254
2026,3,2026_03_NE_JAX,NE,JAX,Mack Hollins,WR,WR2,0,0,0,0,9,6,87,0.300,0.000,0.760,21.750,-3.000,0,7.000,58.452,0.496,0.000,0.000,,,0.020,0.080,0.001,,4.909,3.403,45.961,0.164,0.234,10.378,0.705,106,0,0,0,0.000,0.000,0.000,0.000,0.170,0.000,0.041,1.000,1.008,0.020,4.947,00-0039851,0.167,5.000,46.666,18,,,,,,,,,,,,,0.000,0.000,,,,,43.731,0.126,0.000,2.257,-0.045,229.412,64.618,147.208,48.924,32.641,-0.039,0.005,30.876,0.876,-12.995,-7.205,-12.998,0.254
2026,3,2026_03_NE_JAX,NE,JAX,Romeo Doubs,WR,WR1,0,0,0,0,4,3,49,0.133,0.000,0.730,21.750,-3.000,0,7.000,58.452,0.496,0.000,0.000,,,0.000,0.000,0.000,,5.032,3.277,56.109,0.177,0.275,11.028,0.697,66,0,0,0,0.000,0.000,0.000,0.000,0.170,0.000,0.041,1.000,1.008,0.000,5.071,00-0039851,0.148,3.543,52.149,2,,,,,,,,,,,,,0.110,0.053,,,,,42.902,0.000,0.000,13.207,0.000,229.412,64.618,147.208,48.924,32.641,-0.039,0.005,67.795,1.484,-12.995,-7.205,-12.998,0.254
2026,3,2026_03_LV_NO,NO,LV,Tyler Shough,QB,,42,255,1,36,0,0,0,0.000,0.036,1.000,23.500,3.500,1,0.000,62.933,0.585,36.197,273.517,7.610,3.334,5.102,18.952,0.195,4.013,0.000,0.000,0.000,0.000,0.000,,0.948,14,0,0,0,0.055,0.000,0.000,0.730,0.000,0.000,0.000,1.000,1.000,5.102,0.000,00-0040743,,,,0,,,,,,,,,2.662,13.897,3.667,-1.222,,,3.199,0.808,0.445,0.178,0.000,20.755,260.483,0.000,-1.803,201.399,95.879,135.363,36.844,28.043,0.002,-0.036,,,-11.050,-8.396,-11.050,0.219
2026,3,2026_03_LV_NO,NO,LV,Alvin Kamara,RB,,0,0,9,36,1,1,5,0.025,0.321,0.320,23.500,3.500,1,0.000,62.933,0.585,0.000,0.000,,,10.978,36.695,0.426,3.136,4.009,3.327,17.476,0.131,0.003,4.774,0.532,117,0,0,0,0.055,0.000,0.000,0.730,0.000,0.000,0.000,1.000,1.000,10.978,4.009,00-0040743,0.111,3.455,12.841,5,,,,,,,,,,,,,0.052,0.083,1.613,1.496,0.954,,22.743,46.839,0.000,-5.267,-10.143,201.399,95.879,135.363,36.844,28.043,0.002,-0.036,,,-11.050,-8.396,-11.050,0.219
2026,3,2026_03_LV_NO,NO,LV,CJ Donaldson,RB,,0,0,1,5,0,0,0,0.000,0.036,0.160,23.500,3.500,1,0.000,62.933,0.585,0.000,0.000,,,1.457,2.914,0.057,2.000,0.914,0.457,-0.914,0.018,0.005,,0.235,3,0,0,0,0.055,0.000,0.000,0.730,0.000,0.000,0.000,1.000,1.000,1.457,0.914,00-0040743,0.018,0.914,-0.914,2,,,,,,,,,,,,,,,1.315,0.685,0.000,,5.258,4.139,0.000,-6.171,-1.226,201.399,95.879,135.363,36.844,28.043,0.002,-0.036,,,-11.050,-8.396,-11.050,0.219
2026,3,2026_03_LV_NO,NO,LV,Kendre Miller,RB,,0,0,4,14,3,2,5,0.075,0.143,0.190,23.500,3.500,1,0.000,62.933,0.585,0.000,0.000,,,6.866,26.363,0.271,3.995,0.716,0.637,5.082,0.023,-0.000,,0.257,22,0,0,0,0.055,0.000,0.000,0.730,0.000,0.000,0.000,1.000,1.000,6.866,0.716,00-0040743,0.000,0.000,0.000,1,,,,,,,,,,,,,,,1.981,2.019,0.752,,4.154,29.665,0.000,0.928,-3.303,201.399,95.879,135.363,36.844,28.043,0.002,-0.036,,,-11.050,-8.396,-11.050,0.219
2026,3,2026_03_LV_NO,NO,LV,Travis Etienne,RB,RB1,0,0,13,57,2,2,13,0.050,0.464,0.380,23.500,3.500,1,0.000,62.933,0.585,0.000,0.000,,,12.606,50.399,0.465,4.059,3.803,3.074,22.285,0.107,-0.009,6.095,0.589,72,0,0,0,0.055,0.000,0.000,0.730,0.000,0.000,0.000,1.000,1.000,12.606,3.803,00-0040743,0.113,5.198,17.876,2,,,,,,,,,,,,,0.035,0.173,2.356,1.721,0.817,,21.431,54.189,0.000,0.854,-3.790,201.399,95.879,135.363,36.844,28.043,0.002,-0.036,63.223,1.270,-11.050,-8.396,-11.050,0.219
2026,3,2026_03_LV_NO,NO,LV,Juwan Johnson,TE,TE1,0,0,0,0,8,8,53,0.200,0.000,0.620,23.500,3.500,1,0.000,62.933,0.585,0.000,0.000,,,0.000,0.000,0.000,,5.550,4.191,59.143,0.157,0.148,11.731,0.690,82,0,0,0,0.055,0.000,0.000,0.730,0.000,0.000,0.000,1.000,1.000,0.000,5.550,00-0040743,0.156,5.557,61.345,12,,,,,,,,,,,,,0.014,0.834,,,,,41.311,0.000,0.000,17.832,0.000,201.399,95.879,135.363,36.844,28.043,0.002,-0.036,23.690,0.630,-11.050,-8.396,-11.050,0.219
2026,3,2026_03_LV_NO,NO,LV,Noah Fant,TE,,0,0,0,0,4,4,33,0.100,0.000,0.570,23.500,3.500,1,0.000,62.933,0.585,0.000,0.000,,,0.000,-0.000,0.000,,2.939,1.943,17.161,0.074,0.037,,0.399,109,0,0,0,0.055,0.000,0.000,0.730,0.000,0.000,0.000,1.000,1.000,0.000,2.939,00-0040743,0.070,3.654,15.074,2,,,,,,,,,,,,,,,,,,,,,,,,201.399,95.879,135.363,36.844,28.043,0.002,-0.036,,,-11.050,-8.396,-11.050,0.219
2026,3,2026_03_LV_NO,NO,LV,Bryce Lance,WR,WR3,0,0,0,0,3,0,0,0.075,0.000,0.720,23.500,3.500,1,0.000,62.933,0.585,0.000,0.000,,,0.000,0.000,0.000,,2.370,1.914,23.531,0.052,0.058,9.142,0.744,3,0,0,0,0.055,0.000,0.000,0.730,0.000,0.000,0.000,1.000,1.000,0.000,2.370,00-0040743,0.052,2.370,23.531,2,,,,,,,,,,,,,0.000,0.000,,,,,20.822,0.000,0.000,2.708,0.000,201.399,95.879,135.363,36.844,28.043,0.002,-0.036,24.511,1.052,-11.050,-8.396,-11.050,0.219
2026,3,2026_03_LV_NO,NO,LV,Chris Olave,WR,WR1,0,0,0,0,13,9,107,0.325,0.000,0.840,23.500,3.500,1,0.000,62.933,0.585,0.014,0.000,,,0.031,-0.067,0.002,,10.205,7.127,97.491,0.292,0.455,9.456,0.833,58,0,0,0,0.055,0.000,0.000,0.730,0.000,0.000,0.000,1.000,1.000,0.031,10.205,00-0040743,0.295,10.489,103.319,11,2.887,6.462,12.928,-0.138,69.049,,,,,,,,0.040,0.034,,,,,85.303,0.220,0.035,12.188,-0.287,201.399,95.879,135.363,36.844,28.043,0.002,-0.036,47.890,1.225,-11.050,-8.396,-11.050,0.219
2026,3,2026_03_LV_NO,NO,LV,Devaughn Vele,WR,WR2,0,0,0,0,6,3,39,0.150,0.000,0.880,23.500,3.500,1,0.000,62.933,0.585,0.000,0.000,,,0.000,0.000,0.000,,5.684,4.024,47.593,0.166,0.216,7.798,0.742,26,0,0,0,0.055,0.000,0.000,0.730,0.000,0.000,0.000,1.000,1.000,0.000,5.684,00-0040743,0.192,6.634,56.202,8,2.602,6.877,10.116,-0.719,70.649,,,,,,,,0.033,0.000,,,,,43.370,0.000,0.000,4.223,0.000,201.399,95.879,135.363,36.844,28.043,0.002,-0.036,42.123,1.020,-11.050,-8.396,-11.050,0.219
2026,3,2026_03_LV_NO,NO,LV,Jalen Cropper,WR,,0,0,0,0,0,0,0,0.000,0.000,0.000,23.500,3.500,1,0.000,62.933,0.585,0.000,0.000,,,0.000,0.000,0.000,,0.000,0.000,0.000,0.000,0.000,,0.057,3,0,0,0,0.055,0.000,0.000,0.730,0.000,0.000,0.000,1.000,1.000,0.000,0.000,00-0040743,,,,0,,,,,,,,,,,,,,,,,,,,,,,,201.399,95.879,135.363,36.844,28.043,0.002,-0.036,,,-11.050,-8.396,-11.050,0.219
2026,3,2026_03_TEN_NYG,NYG,TEN,Jameis Winston,QB,,22,118,2,14,0,0,0,0.000,0.061,1.000,20.000,2.500,0,10.000,59.797,0.501,26.400,184.527,6.067,-3.373,2.261,6.844,0.085,2.576,0.113,0.113,3.713,0.003,0.004,,0.718,63,0,0,0,0.000,0.000,0.000,0.000,0.000,0.244,0.061,1.078,1.009,2.438,0.114,00-0031503,,,,0,,,,,,,,,2.852,19.704,-2.946,0.897,,,1.890,0.707,0.015,0.355,1.260,7.417,190.039,2.453,-0.573,252.874,84.454,178.043,50.036,24.234,0.078,0.004,,,33.088,-16.581,33.087,0.270
2026,3,2026_03_TEN_NYG,NYG,TEN,Cam Skattebo,RB,RB1,0,0,20,60,4,3,40,0.190,0.606,0.770,20.000,2.500,0,10.000,59.797,0.501,0.000,0.000,,,13.444,53.819,0.446,3.804,3.321,2.595,20.276,0.108,-0.004,6.246,0.550,11,0,0,0,0.000,0.000,0.000,0.000,0.000,0.244,0.061,1.078,1.009,14.496,3.352,00-0031503,0.125,4.000,19.000,1,,,,,,4.025,22.409,0.377,,,,,0.000,0.453,1.685,2.139,0.972,,18.857,54.723,0.000,1.419,-0.903,252.874,84.454,178.043,50.036,24.234,0.078,0.004,51.414,1.094,33.088,-16.581,33.087,0.270
2026,3,2026_03_TEN_NYG,NYG,TEN,Najee Harris,RB,,0,0,9,52,0,0,0,0.000,0.273,0.220,20.000,2.500,0,10.000,59.797,0.501,0.000,0.000,,,8.698,32.691,0.340,3.599,1.765,1.453,11.875,0.061,-0.009,,0.323,76,0,0,0,0.000,0.000,0.000,0.000,0.000,0.244,0.061,1.078,1.009,9.378,1.782,00-0031503,0.000,0.000,0.000,1,,,,,,,,,,,,,,,2.111,1.504,0.417,,10.538,35.009,0.000,1.337,-2.318,252.874,84.454,178.043,50.036,24.234,0.078,0.004,,,33.088,-16.581,33.087,0.270
2026,3,2026_03_TEN_NYG,NYG,TEN,Tyrone Tracy Jr.,RB,,0,0,1,3,0,0,0,0.000,0.030,0.020,20.000,2.500,0,10.000,59.797,0.501,0.000,0.000,,,10.179,46.428,0.335,,2.617,2.101,15.732,0.090,0.014,,0.439,35,0,0,0,0.000,0.000,0.000,0.000,0.000,0.244,0.061,1.078,1.009,10.975,2.642,00-0031503,0.077,2.430,36.595,3,,,,,,,,,,,,,,,,,,,,,,,,252.874,84.454,178.043,50.036,24.234,0.078,0.004,,,33.088,-16.581,33.087,0.270
2026,3,2026_03_TEN_NYG,NYG,TEN,Isaiah Likely,TE,TE1,0,0,0,0,5,2,13,0.238,0.000,0.840,20.000,2.500,0,10.000,59.797,0.501,0.000,0.000,,,0.000,0.000,0.000,,4.862,3.560,36.194,0.177,0.154,8.425,0.578,62,0,0,0,0.000,0.000,0.000,0.000,0.000,0.244,0.061,1.078,1.009,0.000,4.908,00-0031503,0.312,10.000,33.000,1,3.596,5.655,8.114,0.882,71.845,,,,,,,,0.010,0.061,,,,,36.193,0.000,0.000,2.720,0.000,252.874,84.454,178.043,50.036,24.234,0.078,0.004,39.901,0.867,33.088,-16.581,33.087,0.270
2026,3,2026_03_TEN_NYG,NYG,TEN,Braxton Berrios,WR,,0,0,0,0,0,0,0,0.000,0.000,0.080,20.000,2.500,0,10.000,59.797,0.501,0.000,0.000,,,0.003,0.033,0.000,,0.749,0.508,3.308,0.020,0.011,,0.178,96,0,0,0,0.000,0.000,0.000,0.000,0.000,0.244,0.061,1.078,1.009,0.004,0.756,00-0031503,0.000,0.000,0.000,1,,,,,,,,,,,,,,,,,,,,,,,,252.874,84.454,178.043,50.036,24.234,0.078,0.004,,,33.088,-16.581,33.087,0.270
2026,3,2026_03_TEN_NYG,NYG,TEN,Darnell Mooney,WR,WR3,0,0,1,9,3,2,20,0.143,0.030,0.440,20.000,2.500,0,10.000,59.797,0.501,0.001,0.000,,,0.000,0.001,0.000,,4.114,2.228,32.781,0.139,0.229,9.877,0.767,92,0,0,0,0.000,0.000,0.000,0.000,0.000,0.244,0.061,1.078,1.009,0.000,4.153,00-0031503,0.094,3.000,48.000,1,,,,,,,,,,,,,0.015,0.090,,,,,37.948,0.002,0.009,-5.167,-0.001,252.874,84.454,178.043,50.036,24.234,0.078,0.004,22.512,1.226,33.088,-16.581,33.087,0.270
2026,3,2026_03_TEN_NYG,NYG,TEN,Malachi Fields,WR,WR2,0,0,0,0,2,2,19,0.095,0.000,0.690,20.000,2.500,0,10.000,59.797,0.501,0.000,0.000,,,0.000,0.000,0.000,,5.086,2.000,27.716,0.165,0.341,5.571,0.769,3,0,0,0,0.000,0.000,0.000,0.000,0.000,0.244,0.061,1.078,1.009,0.000,5.134,00-0031503,0.188,6.000,30.000,1,1.615,4.105,19.937,-1.663,33.333,,,,,,,,0.091,0.000,,,,,49.981,0.000,0.000,-22.265,0.000,252.874,84.454,178.043,50.036,24.234,0.078,0.004,,,33.088,-16.581,33.087,0.270
2026,3,2026_03_TEN_NYG,NYG,TEN,Malik Nabers,WR,WR1,0,0,0,0,6,5,26,0.286,0.000,0.780,20.000,2.500,0,10.000,59.797,0.501,0.007,0.000,,,0.064,0.057,0.002,,8.426,4.818,60.254,0.271,0.396,6.389,0.760,22,0,0,0,0.000,0.000,0.000,0.000,0.000,0.244,0.061,1.078,1.009,0.070,8.505,00-0031503,0.125,4.000,1.000,1,,,,,,,,,,,,,0.013,0.254,,,,,65.770,0.364,0.008,-5.516,-0.307,252.874,84.454,178.043,50.036,24.234,0.078,0.004,78.799,1.336,33.088,-16.581,33.087,0.270
2026,3,2026_03_TEN_NYG,NYG,TEN,Odell Beckham Jr.,WR,,0,0,0,0,1,0,0,0.048,0.000,0.090,20.000,2.500,0,10.000,59.797,0.501,0.002,0.061,,,0.001,0.007,0.000,,2.717,1.428,13.650,0.083,0.117,4.773,0.272,78,0,0,0,0.000,0.000,0.000,0.000,0.000,0.244,0.061,1.078,1.009,0.001,2.743,00-0031503,,,,0,,,,,,,,,,,,,0.038,0.016,,,,,21.605,0.003,0.016,-7.955,0.003,252.874,84.454,178.043,50.036,24.234,0.078,0.004,,,33.088,-16.581,33.087,0.270
2026,3,2026_03_NYJ_DET,NYJ,DET,Geno Smith,QB,,37,321,2,12,0,0,0,0.000,0.105,1.000,21.250,-7.000,1,0.000,58.347,0.526,30.004,204.140,6.915,-1.344,3.083,7.064,0.131,2.186,0.000,0.000,-0.000,0.000,-0.000,,0.961,77,0,0,0,0.000,0.128,0.653,0.570,0.000,0.000,0.459,1.000,1.080,3.083,0.000,00-0030565,,,,0,,,,,,,,,2.835,13.879,5.385,-2.497,,,1.475,0.722,0.034,0.237,0.000,11.873,198.400,-0.000,-4.808,261.645,100.969,166.561,69.948,23.776,0.002,0.026,,,-25.635,20.033,-25.636,0.426
2026,3,2026_03_NYJ_DET,NYJ,DET,Braelon Allen,RB,,0,0,4,14,3,3,3,0.083,0.211,0.520,21.250,-7.000,1,0.000,58.347,0.526,0.000,0.000,,,5.466,19.899,0.204,3.675,1.091,0.741,5.587,0.034,0.007,4.733,0.271,24,0,0,0,0.000,0.128,0.653,0.570,0.000,0.000,0.459,1.000,1.080,5.466,1.178,00-0030565,0.035,1.000,4.346,2,,,,,,,,,,,,,0.155,0.208,1.937,1.740,0.609,,5.718,22.100,0.000,-0.131,-2.200,261.645,100.969,166.561,69.948,23.776,0.002,0.026,,,-25.635,20.033,-25.636,0.426
2026,3,2026_03_NYJ_DET,NYJ,DET,Breece Hall,RB,RB1,0,0,13,32,3,3,23,0.083,0.684,0.480,21.250,-7.000,1,0.000,58.347,0.526,0.028,0.113,,,16.110,64.273,0.594,3.960,2.969,2.518,25.523,0.097,-0.017,8.226,0.635,59,0,0,0,0.000,0.128,0.653,0.570,0.000,0.000,0.459,1.000,1.080,16.110,3.206,00-0030565,0.115,3.630,41.531,2,,,,,,5.080,22.196,0.221,,,,,0.015,0.072,2.500,1.466,1.089,,15.918,69.987,0.050,9.604,-5.715,261.645,100.969,166.561,69.948,23.776,0.002,0.026,74.378,1.201,-25.635,20.033,-25.636,0.426
2026,3,2026_03_NYJ_DET,NYJ,DET,Isaiah Davis,RB,,0,0,0,0,0,0,0,0.000,0.000,0.000,21.250,-7.000,1,0.000,58.347,0.526,0.000,0.000,,,2.779,14.923,0.105,,1.342,1.114,11.116,0.045,-0.013,,0.226,31,0,0,0,0.000,0.128,0.653,0.570,0.000,0.000,0.459,1.000,1.080,2.779,1.449,00-0030565,0.000,0.000,0.000,1,,,,,,,,,,,,,,,,,,,,,,,,261.645,100.969,166.561,69.948,23.776,0.002,0.026,,,-25.635,20.033,-25.636,0.426
2026,3,2026_03_NYJ_DET,NYJ,DET,Jelani Woods,TE,,0,0,0,0,1,1,20,0.028,0.000,0.380,21.250,-7.000,1,0.000,58.347,0.526,0.000,0.000,,,0.000,0.000,0.000,,3.000,1.683,19.013,0.095,0.104,7.037,0.388,15,0,0,0,0.000,0.128,0.653,0.570,0.000,0.000,0.459,1.000,1.080,0.000,3.240,00-0030565,,,,0,,,,,,,,,,,,,0.031,0.022,,,,,21.097,0.000,0.000,-2.084,0.000,261.645,100.969,166.561,69.948,23.776,0.002,0.026,,,-25.635,20.033,-25.636,0.426
2026,3,2026_03_NYJ_DET,NYJ,DET,Jeremy Ruckert,TE,,0,0,0,0,5,5,39,0.139,0.000,0.420,21.250,-7.000,1,0.000,58.347,0.526,0.000,0.000,,,0.000,0.000,0.000,,2.131,1.626,9.413,0.071,0.017,4.857,0.486,43,0,0,0,0.000,0.128,0.653,0.570,0.000,0.000,0.459,1.000,1.080,0.000,2.301,00-0030565,0.050,1.543,4.543,2,,,,,,,,,,,,,0.032,0.000,,,,,11.770,0.000,0.000,-2.168,0.000,261.645,100.969,166.561,69.948,23.776,0.002,0.026,,,-25.635,20.033,-25.636,0.426
2026,3,2026_03_NYJ_DET,NYJ,DET,Kenyon Sadiq,TE,TE1,0,0,0,0,8,7,105,0.222,0.000,0.580,21.250,-7.000,1,0.000,58.347,0.526,0.000,0.000,,,0.457,1.370,0.012,,3.000,2.457,18.827,0.105,0.017,6.276,0.387,3,0,0,0,0.000,0.128,0.653,0.570,0.000,0.000,0.459,1.000,1.080,0.457,3.240,00-0030565,0.105,3.000,18.827,2,,,,,,,,,,,,,0.000,0.000,,,,,18.544,0.635,0.000,0.283,0.735,261.645,100.969,166.561,69.948,23.776,0.002,0.026,54.349,1.274,-25.635,20.033,-25.636,0.426
2026,3,2026_03_NYJ_DET,NYJ,DET,Garrett Wilson,WR,WR1,0,0,0,0,13,10,107,0.361,0.000,0.940,21.250,-7.000,1,0.000,58.347,0.526,0.000,0.000,,,0.040,0.006,0.002,,7.619,4.955,55.930,0.292,0.487,6.990,0.845,61,0,0,0,0.000,0.128,0.653,0.570,0.000,0.000,0.459,1.000,1.080,0.040,8.228,00-0030565,0.245,7.000,67.049,2,2.951,5.524,9.243,-0.190,67.989,,,,,,,,0.058,0.426,,,,,59.544,0.258,0.004,-3.613,-0.252,261.645,100.969,166.561,69.948,23.776,0.002,0.026,74.962,1.049,-25.635,20.033,-25.636,0.426
2026,3,2026_03_NYJ_DET,NYJ,DET,Isaiah Williams,WR,WR2,0,0,0,0,2,1,21,0.056,0.000,0.890,21.250,-7.000,1,0.000,58.347,0.526,0.034,0.000,,,0.315,3.471,0.011,11.423,3.664,3.039,19.958,0.127,0.076,5.330,0.553,26,0,0,0,0.000,0.128,0.653,0.570,0.000,0.000,0.459,1.000,1.080,0.315,3.956,00-0030565,0.110,3.716,21.667,2,3.251,7.527,2.444,-0.776,85.152,,,,,,,,0.030,0.054,7.367,4.056,0.318,,23.146,2.466,0.250,-0.294,1.605,261.645,100.969,166.561,69.948,23.776,0.002,0.026,32.157,0.720,-25.635,20.033,-25.636,0.426
2026,3,2026_03_NYJ_DET,NYJ,DET,Jamaal Pritchett,WR,,0,0,0,0,0,0,0,0.000,0.000,0.000,21.250,-7.000,1,0.000,58.347,0.526,,,,,,,,,,,,,,,,1,0,0,0,0.000,0.128,0.653,0.570,0.000,0.000,0.459,1.000,1.080,,,00-0030565,,,,0,,,,,,,,,,,,,,,,,,,,,,,,261.645,100.969,166.561,69.948,23.776,0.002,0.026,,,-25.635,20.033,-25.636,0.426
2026,3,2026_03_NYJ_DET,NYJ,DET,Malik McClain,WR,,0,0,0,0,0,0,0,0.000,0.000,0.270,21.250,-7.000,1,0.000,58.347,0.526,,,,,,,,,,,,,,,,1,0,0,0,0.000,0.128,0.653,0.570,0.000,0.000,0.459,1.000,1.080,,,00-0030565,,,,0,,,,,,,,,,,,,,,,,,,,,,,,261.645,100.969,166.561,69.948,23.776,0.002,0.026,,,-25.635,20.033,-25.636,0.426
2026,3,2026_03_NYJ_DET,NYJ,DET,Sterling Shepard,WR,WR3,0,0,0,0,1,1,3,0.028,0.000,0.450,21.250,-7.000,1,0.000,58.347,0.526,0.000,0.000,,,0.291,1.961,0.011,,3.525,2.526,21.615,0.112,0.128,5.934,0.531,85,0,0,0,0.000,0.128,0.653,0.570,0.000,0.000,0.459,1.000,1.080,0.291,3.807,00-0030565,,,,0,,,,,,,,,,,,,0.018,0.092,,,,,25.725,1.855,0.000,-4.110,0.106,261.645,100.969,166.561,69.948,23.776,0.002,0.026,36.882,1.869,-25.635,20.033,-25.636,0.426
2026,3,2026_03_PHI_CHI,PHI,CHI,Andy Dalton,QB,,1,0,0,0,0,0,0,0.000,0.000,0.080,23.000,3.500,0,3.000,60.620,0.520,18.741,127.732,7.007,-3.313,1.629,2.653,0.061,1.339,0.000,0.000,-0.001,0.000,-0.000,,0.631,70,0,0,0,0.540,0.000,0.730,0.000,0.280,0.000,0.300,1.000,1.050,1.629,0.000,00-0036389,,,,0,,,,,,,,,2.618,13.793,0.497,-1.637,,,0.748,0.592,0.080,0.179,0.001,4.632,133.410,-0.001,-1.980,255.178,102.994,169.340,52.129,32.198,0.027,0.007,,,0.976,4.928,0.976,0.437
2026,3,2026_03_PHI_CHI,PHI,CHI,Jalen Hurts,QB,,25,153,4,25,0,0,0,0.000,0.211,0.920,23.000,3.500,0,3.000,60.620,0.520,29.983,202.162,6.972,2.421,5.796,25.544,0.199,4.131,0.000,0.000,0.000,0.000,0.000,,0.973,105,0,0,0,0.540,0.000,0.730,0.000,0.280,0.000,0.300,1.000,1.050,5.796,0.000,00-0036389,,,,0,,,,,,,,,3.080,13.330,0.465,0.158,,,3.368,0.758,0.187,0.180,0.000,29.206,222.413,-0.000,-3.662,255.178,102.994,169.340,52.129,32.198,0.027,0.007,,,0.976,4.928,0.976,0.437
2026,3,2026_03_PHI_CHI,PHI,CHI,Saquon Barkley,RB,RB1,0,0,15,82,2,1,-2,0.080,0.789,0.720,23.000,3.500,0,3.000,60.620,0.520,0.000,0.000,,,16.676,74.001,0.563,4.217,2.796,1.579,11.361,0.100,0.000,3.288,0.675,116,0,0,0,0.540,0.000,0.730,0.000,0.280,0.000,0.300,1.000,1.050,16.676,2.936,00-0036389,0.100,2.801,11.439,37,,,,,,,,,,,,,0.088,0.161,2.397,1.827,1.279,,16.994,74.895,0.000,-5.633,-0.895,255.178,102.994,169.340,52.129,32.198,0.027,0.007,73.981,1.326,0.976,4.928,0.976,0.437
2026,3,2026_03_PHI_CHI,PHI,CHI,Tank Bigsby,RB,,0,0,0,0,1,1,5,0.040,0.000,0.040,23.000,3.500,0,3.000,60.620,0.520,0.000,0.000,,,6.622,27.578,0.233,4.583,0.609,0.536,3.984,0.021,-0.004,6.126,0.213,48,0,0,0,0.540,0.000,0.730,0.000,0.280,0.000,0.300,1.000,1.050,6.622,0.639,00-0036389,0.020,0.537,1.025,16,,,,,,4.385,33.461,-0.138,,,,,0.082,0.165,2.858,1.734,0.498,,3.464,29.317,0.000,0.637,0.226,255.178,102.994,169.340,52.129,32.198,0.027,0.007,,,0.976,4.928,0.976,0.437
2026,3,2026_03_PHI_CHI,PHI,CHI,Will Shipley,RB,,0,0,0,0,2,1,11,0.080,0.000,0.260,23.000,3.500,0,3.000,60.620,0.520,0.000,0.000,,,1.988,6.323,0.068,3.292,1.142,1.021,5.226,0.037,0.004,5.146,0.199,34,0,1,0,0.540,0.000,0.730,0.000,0.280,0.000,0.300,1.000,1.050,1.988,1.199,00-0036389,0.030,0.890,4.290,31,,,,,,,,,,,,,0.036,0.000,1.957,1.334,0.044,,7.527,10.967,0.000,-1.485,-2.984,255.178,102.994,169.340,52.129,32.198,0.027,0.007,,,0.976,4.928,0.976,0.437
2026,3,2026_03_PHI_CHI,PHI,CHI,E.J. Jenkins,TE,,0,0,0,0,0,0,0,0.000,0.000,0.260,23.000,3.500,0,3.000,60.620,0.520,0.000,0.000,,,0.000,0.000,0.000,,0.608,0.330,2.310,0.023,0.012,,0.334,4,0,0,0,0.540,0.000,0.730,0.000,0.280,0.000,0.300,1.000,1.050,0.000,0.638,00-0036389,0.000,0.000,0.000,1,,,,,,,,,,,,,,,,,,,,,,,,255.178,102.994,169.340,52.129,32.198,0.027,0.007,,,0.976,4.928,0.976,0.437
2026,3,2026_03_PHI_CHI,PHI,CHI,Johnny Mundt,TE,,0,0,0,0,1,1,4,0.040,0.000,0.520,23.000,3.500,0,3.000,60.620,0.520,0.000,0.000,,,0.000,0.000,0.000,,1.845,1.048,10.618,0.060,0.032,6.278,0.420,70,0,0,0,0.540,0.000,0.730,0.000,0.280,0.000,0.300,1.000,1.050,0.000,1.937,00-0036389,0.088,3.000,8.000,1,,,,,,,,,,,,,0.093,0.222,,,,,13.860,0.000,0.000,-2.567,0.000,255.178,102.994,169.340,52.129,32.198,0.027,0.007,,,0.976,4.928,0.976,0.437
2026,3,2026_03_PHI_CHI,PHI,CHI,Zach Ertz,TE,TE1,0,0,0,0,2,1,9,0.080,0.000,0.380,23.000,3.500,0,3.000,60.620,0.520,0.000,0.000,,,0.000,0.000,0.000,,6.089,4.243,43.250,0.200,0.221,6.871,0.681,114,0,0,0,0.540,0.000,0.730,0.000,0.280,0.000,0.300,1.000,1.050,0.000,6.392,00-0036389,,,,0,,,,,,,,,,,,,0.077,0.024,,,,,47.482,0.000,0.000,-4.232,0.000,255.178,102.994,169.340,52.129,32.198,0.027,0.007,33.638,1.172,0.976,4.928,0.976,0.437
2026,3,2026_03_PHI_CHI,PHI,CHI,Britain Covey,WR,,0,0,0,0,0,0,0,0.000,0.000,0.000,23.000,3.500,0,3.000,60.620,0.520,0.000,0.000,,,0.000,0.000,0.000,,0.624,0.378,3.094,0.020,0.005,,0.081,51,0,0,0,0.540,0.000,0.730,0.000,0.280,0.000,0.300,1.000,1.050,0.000,0.655,00-0036389,0.008,0.224,0.952,46,,,,,,,,,,,,,,,,,,,,,,,,255.178,102.994,169.340,52.129,32.198,0.027,0.007,,,0.976,4.928,0.976,0.437
2026,3,2026_03_PHI_CHI,PHI,CHI,Darius Cooper,WR,,0,0,0,0,0,0,0,0.000,0.000,0.100,23.000,3.500,0,3.000,60.620,0.520,0.000,0.000,,,0.000,0.000,0.000,,1.807,1.366,15.105,0.059,0.062,9.001,0.343,10,0,0,0,0.540,0.000,0.730,0.000,0.280,0.000,0.300,1.000,1.050,0.000,1.897,00-0036389,0.047,1.364,12.666,8,,,,,,,,,,,,,0.000,0.000,,,,,18.274,0.000,0.000,0.800,0.000,255.178,102.994,169.340,52.129,32.198,0.027,0.007,,,0.976,4.928,0.976,0.437
2026,3,2026_03_PHI_CHI,PHI,CHI,DeVonta Smith,WR,WR1,0,0,0,0,8,6,65,0.320,0.000,1.000,23.000,3.500,0,3.000,60.620,0.520,0.000,0.000,,,0.002,0.002,0.000,,7.789,5.263,64.491,0.267,0.339,9.074,0.814,93,0,0,0,0.540,0.000,0.730,0.000,0.280,0.000,0.300,1.000,1.050,0.002,8.177,00-0036389,0.279,8.033,64.346,85,2.974,6.086,11.788,0.005,62.580,,,,,,,,0.038,0.251,,,,,61.453,0.009,0.000,3.038,-0.007,255.178,102.994,169.340,52.129,32.198,0.027,0.007,62.491,0.943,0.976,4.928,0.976,0.437
2026,3,2026_03_PHI_CHI,PHI,CHI,Dontayvion Wicks,WR,WR2,0,0,0,0,5,2,32,0.200,0.000,0.880,23.000,3.500,0,3.000,60.620,0.520,0.000,0.001,,,0.067,0.402,0.002,,3.840,2.646,38.886,0.138,0.183,9.070,0.525,51,0,0,0,0.540,0.000,0.730,0.000,0.280,0.000,0.300,1.000,1.050,0.067,4.031,00-0036389,0.179,5.086,73.543,2,2.322,6.560,12.211,0.426,67.277,,,,,,,,0.078,0.046,,,,,30.970,0.439,0.001,7.917,-0.038,255.178,102.994,169.340,52.129,32.198,0.027,0.007,67.562,1.609,0.976,4.928,0.976,0.437
2026,3,2026_03_PHI_CHI,PHI,CHI,Makai Lemon,WR,WR3,0,0,0,0,4,3,29,0.160,0.000,0.700,23.000,3.500,0,3.000,60.620,0.520,0.000,0.000,,,0.543,-2.716,0.017,-5.000,2.370,1.914,5.321,0.099,0.024,7.034,0.635,3,0,0,0,0.540,0.000,0.730,0.000,0.280,0.000,0.300,1.000,1.050,0.543,2.488,00-0036389,0.099,2.370,5.321,2,,,,,,,,,,,,,0.000,0.000,-5.000,0.000,0.000,,15.056,3.232,0.000,-9.735,-5.948,255.178,102.994,169.340,52.129,32.198,0.027,0.007,15.956,0.600,0.976,4.928,0.976,0.437
2026,3,2026_03_CIN_PIT,PIT,CIN,Aaron Rodgers,QB,,34,292,3,10,0,0,0,0.000,0.130,1.000,19.500,-3.500,0,12.000,58.761,0.620,35.633,206.073,5.880,-6.359,1.249,4.118,0.058,4.850,0.047,0.047,-0.426,0.001,-0.002,,0.957,124,0,0,0,0.000,0.432,0.000,0.000,0.432,0.434,0.107,1.276,1.017,1.593,0.048,00-0023459,,,,0,,,,,,,,,2.685,15.638,-2.535,-2.206,,,4.714,0.137,0.005,0.189,0.101,4.012,241.725,-0.526,0.106,239.952,83.992,112.751,86.115,39.352,0.012,0.007,,,-12.891,7.901,-12.895,0.366
2026,3,2026_03_CIN_PIT,PIT,CIN,Jaylen Warren,RB,RB1,0,0,17,127,4,3,49,0.129,0.739,0.900,19.500,-3.500,0,12.000,58.761,0.620,0.000,0.000,,,11.857,54.680,0.543,4.498,3.162,2.559,20.035,0.093,-0.037,6.147,0.485,70,1,1,0,0.000,0.432,0.000,0.000,0.432,0.434,0.107,1.276,1.017,15.129,3.215,00-0023459,0.096,3.279,21.182,17,,,,,,3.808,29.321,0.721,,,,,0.002,0.738,2.232,2.271,1.125,,15.780,52.452,0.000,4.255,2.228,239.952,83.992,112.751,86.115,39.352,0.012,0.007,53.832,1.007,-12.891,7.901,-12.895,0.366
2026,3,2026_03_CIN_PIT,PIT,CIN,Lew Nichols III,RB,,0,0,1,0,0,0,0,0.000,0.043,0.050,19.500,-3.500,0,12.000,58.761,0.620,0.000,0.000,,,0.000,0.000,0.000,,0.000,0.000,0.000,0.000,0.000,,0.000,2,0,0,0,0.000,0.432,0.000,0.000,0.432,0.434,0.107,1.276,1.017,0.000,0.000,00-0023459,0.000,0.000,0.000,1,,,,,,,,,,,,,,,,,,,,,,,,239.952,83.992,112.751,86.115,39.352,0.012,0.007,,,-12.891,7.901,-12.895,0.366
2026,3,2026_03_CIN_PIT,PIT,CIN,Travis Homer,RB,,0,0,1,0,0,0,0,0.000,0.043,0.050,19.500,-3.500,0,12.000,58.761,0.620,0.000,0.000,,,0.549,2.956,0.022,4.494,0.118,0.109,0.536,0.004,0.000,,0.031,67,0,0,0,0.000,0.432,0.000,0.000,0.432,0.434,0.107,1.276,1.017,0.701,0.119,00-0023459,0.000,0.000,0.000,1,,,,,,,,,,,,,,,2.808,1.684,0.077,,6.317,8.471,0.000,0.383,-0.621,239.952,83.992,112.751,86.115,39.352,0.012,0.007,,,-12.891,7.901,-12.895,0.366
2026,3,2026_03_CIN_PIT,PIT,CIN,Darnell Washington,TE,,0,0,0,0,4,3,67,0.129,0.000,0.760,19.500,-3.500,0,12.000,58.761,0.620,0.000,0.000,,,0.000,0.000,0.000,,2.726,2.027,21.916,0.087,0.065,8.024,0.556,39,0,0,0,0.000,0.432,0.000,0.000,0.432,0.434,0.107,1.276,1.017,0.000,2.772,00-0023459,0.087,2.776,20.831,13,,,,,,,,,,,,,0.050,0.453,,,,,18.088,0.000,0.000,3.828,0.000,239.952,83.992,112.751,86.115,39.352,0.012,0.007,,,-12.891,7.901,-12.895,0.366
2026,3,2026_03_CIN_PIT,PIT,CIN,Pat Freiermuth,TE,TE1,0,0,1,1,4,2,30,0.129,0.043,0.600,19.500,-3.500,0,12.000,58.761,0.620,0.000,0.000,,,0.159,0.318,0.007,2.000,4.229,3.193,35.041,0.123,0.148,8.275,0.612,81,0,0,0,0.000,0.432,0.000,0.000,0.432,0.434,0.107,1.276,1.017,0.203,4.300,00-0023459,0.123,4.302,35.941,16,3.266,6.156,7.768,1.966,73.680,,,,,,,,0.003,0.248,1.000,1.000,0.000,,29.466,0.426,0.000,5.576,-0.108,239.952,83.992,112.751,86.115,39.352,0.012,0.007,62.100,1.590,-12.891,7.901,-12.895,0.366
2026,3,2026_03_CIN_PIT,PIT,CIN,Robert Tonyan,TE,,0,0,0,0,1,1,2,0.032,0.000,0.060,19.500,-3.500,0,12.000,58.761,0.620,0.000,0.000,,,0.000,0.000,0.000,,1.408,0.970,9.250,0.050,0.046,5.403,0.305,74,0,0,0,0.000,0.432,0.000,0.000,0.432,0.434,0.107,1.276,1.017,0.000,1.431,00-0023459,,,,0,,,,,,,,,,,,,0.092,0.129,,,,,12.185,0.000,0.000,-0.701,0.000,239.952,83.992,112.751,86.115,39.352,0.012,0.007,,,-12.891,7.901,-12.895,0.366
2026,3,2026_03_CIN_PIT,PIT,CIN,Ben Skowronek,WR,,0,0,0,0,1,1,23,0.032,0.000,0.180,19.500,-3.500,0,12.000,58.761,0.620,0.000,0.000,,,0.000,0.002,0.000,,0.404,0.332,3.004,0.013,0.015,9.356,0.153,72,0,0,0,0.000,0.432,0.000,0.000,0.432,0.434,0.107,1.276,1.017,0.001,0.411,00-0023459,0.012,0.371,2.008,16,,,,,,,,,,,,,0.001,0.000,,,,,8.149,0.130,0.000,2.593,-0.071,239.952,83.992,112.751,86.115,39.352,0.012,0.007,,,-12.891,7.901,-12.895,0.366
2026,3,2026_03_CIN_PIT,PIT,CIN,DK Metcalf,WR,WR1,0,0,0,0,5,3,31,0.161,0.000,0.950,19.500,-3.500,0,12.000,58.761,0.620,0.000,0.000,,,0.095,0.568,0.003,,7.472,3.823,48.205,0.227,0.368,7.208,0.890,120,0,0,0,0.000,0.432,0.000,0.000,0.432,0.434,0.107,1.276,1.017,0.121,7.597,00-0023459,0.224,7.379,49.187,16,2.723,4.401,11.140,1.304,50.996,,,,,,,,0.077,0.410,,,,,61.965,0.450,0.000,-13.760,0.117,239.952,83.992,112.751,86.115,39.352,0.012,0.007,46.503,0.941,-12.891,7.901,-12.895,0.366
2026,3,2026_03_CIN_PIT,PIT,CIN,Germie Bernard,WR,WR2,0,0,0,0,1,1,14,0.032,0.000,0.270,19.500,-3.500,0,12.000,58.761,0.620,0.000,0.000,,,0.000,0.000,0.000,,8.000,4.000,35.000,0.216,0.326,4.375,0.790,2,0,0,0,0.000,0.432,0.000,0.000,0.432,0.434,0.107,1.276,1.017,0.000,8.134,00-0023459,0.216,8.000,35.000,1,2.005,4.989,7.954,0.333,50.000,,,,,,,,0.125,1.000,,,,,62.490,0.000,0.000,-27.490,0.000,239.952,83.992,112.751,86.115,39.352,0.012,0.007,26.571,0.864,-12.891,7.901,-12.895,0.366
2026,3,2026_03_CIN_PIT,PIT,CIN,Kaden Wetjen,WR,,0,0,0,0,0,0,0,0.000,0.000,0.000,19.500,-3.500,0,12.000,58.761,0.620,0.000,0.000,,,0.000,0.000,0.000,,0.000,0.000,0.000,0.000,0.000,,0.000,3,0,0,0,0.000,0.432,0.000,0.000,0.432,0.434,0.107,1.276,1.017,0.000,0.000,00-0023459,0.000,0.000,0.000,2,,,,,,,,,,,,,,,,,,,,,,,,239.952,83.992,112.751,86.115,39.352,0.012,0.007,,,-12.891,7.901,-12.895,0.366
2026,3,2026_03_CIN_PIT,PIT,CIN,Michael Pittman,WR,WR3,0,0,0,0,5,2,16,0.161,0.000,0.730,19.500,-3.500,0,12.000,58.761,0.620,0.000,0.000,,,0.000,0.001,0.000,,5.395,3.833,39.704,0.167,0.177,7.936,0.874,98,1,1,0,0.000,0.432,0.000,0.000,0.432,0.434,0.107,1.276,1.017,0.000,5.485,00-0023459,0.081,3.000,58.000,1,,,,,,,,,,,,,0.061,0.221,,,,,40.735,0.000,0.000,0.173,0.000,239.952,83.992,112.751,86.115,39.352,0.012,0.007,19.632,1.193,-12.891,7.901,-12.895,0.366
2026,3,2026_03_CIN_PIT,PIT,CIN,Roman Wilson,WR,,0,0,0,0,6,3,60,0.194,0.000,0.390,19.500,-3.500,0,12.000,58.761,0.620,0.000,0.000,,,0.000,0.000,0.000,,3.561,2.111,19.530,0.106,0.189,5.203,0.509,12,0,0,0,0.000,0.432,0.000,0.000,0.432,0.434,0.107,1.276,1.017,0.000,3.621,00-0023459,0.108,3.655,23.191,9,3.519,6.483,13.191,-0.752,71.408,,,,,,,,0.000,0.000,,,,,28.286,0.000,0.000,-8.756,0.000,239.952,83.992,112.751,86.115,39.352,0.012,0.007,,,-12.891,7.901,-12.895,0.366
2026,3,2026_03_SEA_WAS,SEA,WAS,Sam Darnold,QB,,45,379,1,5,0,0,0,0.000,0.056,1.000,24.500,8.500,0,13.000,59.385,0.483,25.698,192.561,7.488,3.086,2.099,4.858,0.071,,0.000,0.000,0.000,0.000,0.000,,0.834,106,0,0,0,0.000,0.000,0.000,0.995,0.883,0.000,0.000,1.000,1.000,2.099,0.000,00-0035704,,,,0,,,,,,,,,,,,,,,,,,0.269,0.000,7.406,190.574,0.000,-2.548,248.260,107.126,164.647,59.209,23.879,0.070,0.035,,,9.030,10.328,9.028,0.320
2026,3,2026_03_SEA_WAS,SEA,WAS,Brady Russell,RB,,0,0,0,0,1,1,20,0.022,0.000,0.180,24.500,8.500,0,13.000,59.385,0.483,0.000,0.000,,,0.000,0.000,0.000,,0.388,0.321,3.207,0.015,0.006,5.432,0.095,29,0,0,0,0.000,0.000,0.000,0.995,0.883,0.000,0.000,1.000,1.000,0.000,0.388,00-0035704,0.045,1.086,10.864,2,,,,,,,,,,,,,0.457,0.000,,,,,10.879,0.000,0.000,-0.015,0.000,248.260,107.126,164.647,59.209,23.879,0.070,0.035,,,9.030,10.328,9.028,0.320
2026,3,2026_03_SEA_WAS,SEA,WAS,Emanuel Wilson,RB,,0,0,9,14,0,0,0,0.000,0.500,0.360,24.500,8.500,0,13.000,59.385,0.483,0.000,0.000,,,9.034,35.535,0.265,3.466,0.644,0.437,2.809,0.030,-0.021,4.084,0.308,46,0,0,0,0.000,0.000,0.000,0.995,0.883,0.000,0.000,1.000,1.000,9.034,0.644,00-0035704,0.021,0.543,0.000,2,,,,,,4.057,31.658,0.293,,,,,0.036,0.126,1.980,1.477,0.273,,3.126,36.257,0.000,-0.290,-0.545,248.260,107.126,164.647,59.209,23.879,0.070,0.035,,,9.030,10.328,9.028,0.320
2026,3,2026_03_SEA_WAS,SEA,WAS,George Holani,RB,,0,0,3,10,5,5,48,0.111,0.167,0.360,24.500,8.500,0,13.000,59.385,0.483,0.000,0.000,,,3.466,11.416,0.120,3.076,0.888,0.647,4.227,0.030,0.006,3.518,0.209,18,0,0,0,0.000,0.000,0.000,0.995,0.883,0.000,0.000,1.000,1.000,3.466,0.888,00-0035704,0.040,1.000,1.086,2,,,,,,,,,,,,,0.037,0.146,1.690,1.409,0.254,,6.913,18.085,0.000,-1.646,-3.832,248.260,107.126,164.647,59.209,23.879,0.070,0.035,,,9.030,10.328,9.028,0.320
2026,3,2026_03_SEA_WAS,SEA,WAS,Jadarian Price,RB,RB1,0,0,5,15,3,1,7,0.067,0.278,0.280,24.500,8.500,0,13.000,59.385,0.483,0.000,0.000,,,11.630,52.000,0.384,4.548,2.000,1.457,7.086,0.080,0.035,3.543,0.404,3,0,0,0,0.000,0.000,0.000,0.995,0.883,0.000,0.000,1.000,1.000,11.630,2.000,00-0035704,0.080,2.000,7.086,2,,,,,,4.633,34.986,0.008,,,,,0.000,0.000,2.902,1.646,0.543,,11.499,50.436,0.000,-4.412,1.564,248.260,107.126,164.647,59.209,23.879,0.070,0.035,64.079,0.992,9.030,10.328,9.028,0.320
2026,3,2026_03_SEA_WAS,SEA,WAS,AJ Barner,TE,TE1,0,0,0,0,9,5,69,0.200,0.000,0.910,24.500,8.500,0,13.000,59.385,0.483,0.000,0.000,,,0.423,0.549,0.012,1.416,2.936,2.372,23.230,0.099,0.052,8.018,0.816,38,0,0,0,0.000,0.000,0.000,0.995,0.883,0.000,0.000,1.000,1.000,0.423,2.936,00-0035704,0.059,1.457,10.284,2,,,,,,,,,,,,,0.018,0.386,0.537,0.880,0.000,,18.129,0.699,0.000,5.108,-0.150,248.260,107.126,164.647,59.209,23.879,0.070,0.035,41.912,1.442,9.030,10.328,9.028,0.320
2026,3,2026_03_SEA_WAS,SEA,WAS,Eric Saubert,TE,,0,0,0,0,2,1,13,0.044,0.000,0.270,24.500,8.500,0,13.000,59.385,0.483,0.000,0.000,,,0.000,0.000,0.000,,0.870,0.581,1.099,0.031,0.008,2.825,0.394,67,0,0,0,0.000,0.000,0.000,0.995,0.883,0.000,0.000,1.000,1.000,0.000,0.870,00-0035704,0.021,0.543,-3.182,4,,,,,,,,,,,,,0.044,0.023,,,,,9.170,0.000,0.000,-4.589,0.000,248.260,107.126,164.647,59.209,23.879,0.070,0.035,,,9.030,10.328,9.028,0.320
2026,3,2026_03_SEA_WAS,SEA,WAS,Cooper Kupp,WR,WR2,0,0,0,0,5,4,46,0.111,0.000,0.670,24.500,8.500,0,13.000,59.385,0.483,0.014,0.000,,,0.001,0.005,0.000,,4.778,3.158,36.770,0.170,0.190,9.256,0.723,119,0,1,0,0.000,0.000,0.000,0.995,0.883,0.000,0.000,1.000,1.000,0.001,4.778,00-0035704,0.099,2.457,26.852,2,,,,,,,,,,,,,0.054,0.052,,,,,36.318,0.008,0.116,0.451,-0.003,248.260,107.126,164.647,59.209,23.879,0.070,0.035,56.192,1.628,9.030,10.328,9.028,0.320
2026,3,2026_03_SEA_WAS,SEA,WAS,Jaxon Smith-Njigba,WR,WR1,1,14,0,0,14,10,128,0.311,0.000,0.870,24.500,8.500,0,13.000,59.385,0.483,0.001,0.022,,,0.122,0.561,0.005,,9.847,7.057,99.534,0.361,0.457,9.829,0.786,57,0,0,0,0.000,0.000,0.000,0.995,0.883,0.000,0.000,1.000,1.000,0.122,9.847,00-0035704,0.328,8.668,97.497,4,3.048,6.110,10.573,1.439,76.175,,,,,,,,0.034,0.023,,,,,76.482,0.890,0.008,23.052,-0.329,248.260,107.126,164.647,59.209,23.879,0.070,0.035,73.693,1.108,9.030,10.328,9.028,0.320
2026,3,2026_03_SEA_WAS,SEA,WAS,Rashid Shaheed,WR,WR3,0,0,0,0,3,2,14,0.067,0.000,0.460,24.500,8.500,0,13.000,59.385,0.483,0.000,0.000,,,0.743,4.409,0.024,5.552,3.900,1.890,25.567,0.138,0.232,5.736,0.549,57,0,0,0,0.000,0.000,0.000,0.995,0.883,0.000,0.000,1.000,1.000,0.743,3.900,00-0035704,0.182,4.630,20.840,2,2.990,6.727,12.817,-0.154,61.043,,,,,,,,0.027,0.021,4.247,1.306,0.014,,36.396,4.860,0.000,-10.829,-0.451,248.260,107.126,164.647,59.209,23.879,0.070,0.035,25.046,1.462,9.030,10.328,9.028,0.320
2026,3,2026_03_SEA_WAS,SEA,WAS,Tory Horton,WR,,0,0,0,0,3,3,48,0.067,0.000,0.220,24.500,8.500,0,13.000,59.385,0.483,0.000,0.000,,,0.000,0.000,0.000,,2.907,1.751,21.417,0.112,0.175,5.998,0.500,9,0,0,0,0.000,0.000,0.000,0.995,0.883,0.000,0.000,1.000,1.000,0.000,2.907,00-0035704,,,,0,,,,,,,,,,,,,0.000,0.113,,,,,24.564,0.000,0.000,-1.705,0.000,248.260,107.126,164.647,59.209,23.879,0.070,0.035,,,9.030,10.328,9.028,0.320
2026,3,2026_03_ARI_SF,SF,ARI,Brock Purdy,QB,,27,297,2,34,0,0,0,0.000,0.087,1.000,28.000,7.500,0,4.000,57.913,0.530,29.518,233.811,8.093,6.491,4.423,24.415,0.163,5.876,0.000,0.000,0.000,0.000,0.000,,0.949,60,0,0,0,0.505,0.000,0.000,0.593,0.000,0.000,0.102,1.000,1.017,4.423,0.000,00-0037834,,,,0,,,,,,,,,3.156,13.185,5.756,-0.591,,,5.109,0.766,0.009,0.161,0.000,21.619,218.669,0.000,2.796,240.749,121.564,139.597,67.724,30.086,0.055,-0.007,,,-2.857,14.099,-2.857,0.291
2026,3,2026_03_ARI_SF,SF,ARI,Christian McCaffrey,RB,RB1,0,0,15,75,5,4,41,0.192,0.652,0.830,28.000,7.500,0,4.000,57.913,0.530,0.040,0.000,,,14.514,59.379,0.531,3.989,6.342,5.013,40.793,0.218,0.069,7.095,0.711,107,0,0,0,0.505,0.000,0.000,0.593,0.000,0.000,0.102,1.000,1.017,14.514,6.450,00-0037834,0.215,6.228,39.333,43,,,,,,4.380,25.060,-0.114,,,,,0.019,0.239,2.301,1.687,0.646,,40.491,60.038,0.187,0.135,-0.659,240.749,121.564,139.597,67.724,30.086,0.055,-0.007,,,-2.857,14.099,-2.857,0.291
2026,3,2026_03_ARI_SF,SF,ARI,Kaelon Black,RB,,0,0,4,17,1,0,0,0.038,0.174,0.150,28.000,7.500,0,4.000,57.913,0.530,0.000,0.000,,,10.198,43.271,0.354,4.061,0.457,0.457,2.284,0.013,-0.015,,0.376,3,0,0,0,0.505,0.000,0.000,0.593,0.000,0.000,0.102,1.000,1.017,10.198,0.465,00-0037834,0.013,0.457,2.284,2,,,,,,,,,,,,,,,2.422,1.635,0.543,,1.941,44.066,0.000,0.343,-0.794,240.749,121.564,139.597,67.724,30.086,0.055,-0.007,,,-2.857,14.099,-2.857,0.291
2026,3,2026_03_ARI_SF,SF,ARI,Brayden Willis,TE,,0,0,0,0,0,0,0,0.000,0.000,0.040,28.000,7.500,0,4.000,57.913,0.530,0.000,0.000,,,0.000,0.000,0.000,,0.165,0.000,0.000,0.004,0.002,,0.069,15,0,0,0,0.505,0.000,0.000,0.593,0.000,0.000,0.102,1.000,1.017,0.000,0.168,00-0037834,0.000,0.000,0.000,9,,,,,,,,,,,,,,,,,,,,,,,,240.749,121.564,139.597,67.724,30.086,0.055,-0.007,,,-2.857,14.099,-2.857,0.291
2026,3,2026_03_ARI_SF,SF,ARI,George Kittle,TE,TE1,0,0,0,0,7,6,82,0.269,0.000,0.850,28.000,7.500,0,4.000,57.913,0.530,0.000,0.000,,,0.028,-0.084,0.001,,5.592,4.343,54.666,0.196,0.207,9.494,0.662,125,0,0,0,0.505,0.000,0.000,0.593,0.000,0.000,0.102,1.000,1.017,0.028,5.687,00-0037834,0.201,5.718,58.426,50,,,,,,,,,,,,,0.008,0.454,,,,,43.012,0.146,0.000,11.654,-0.230,240.749,121.564,139.597,67.724,30.086,0.055,-0.007,38.373,1.052,-2.857,14.099,-2.857,0.291
2026,3,2026_03_ARI_SF,SF,ARI,Luke Farrell,TE,,0,0,0,0,1,0,0,0.038,0.000,0.330,28.000,7.500,0,4.000,57.913,0.530,0.000,0.000,,,0.000,0.000,0.000,,1.033,0.708,4.957,0.034,0.011,,0.436,52,0,0,0,0.505,0.000,0.000,0.593,0.000,0.000,0.102,1.000,1.017,0.000,1.051,00-0037834,0.033,1.000,4.558,10,,,,,,,,,,,,,,,,,,,,,,,,240.749,121.564,139.597,67.724,30.086,0.055,-0.007,,,-2.857,14.099,-2.857,0.291
2026,3,2026_03_ARI_SF,SF,ARI,Deebo Samuel Sr.,WR,WR1,0,0,2,14,0,0,80,0.000,0.087,0.760,28.000,7.500,0,4.000,57.913,0.530,0.000,0.000,,,1.120,5.750,0.043,4.898,5.426,3.815,41.394,0.228,0.115,7.814,0.662,112,0,0,0,0.505,0.000,0.000,0.593,0.000,0.000,0.102,1.000,1.017,1.120,5.518,00-0037834,0.186,5.340,40.114,38,,,,,,,,,,,,,0.103,0.273,2.653,2.246,0.060,,36.227,5.823,0.001,5.258,-0.057,240.749,121.564,139.597,67.724,30.086,0.055,-0.007,75.823,0.927,-2.857,14.099,-2.857,0.291
2026,3,2026_03_ARI_SF,SF,ARI,Jacob Cowing,WR,,0,0,0,0,2,0,0,0.077,0.000,0.310,28.000,7.500,0,4.000,57.913,0.530,0.000,0.000,,,0.119,0.831,0.004,,0.372,0.287,4.810,0.010,0.017,,0.211,18,0,0,0,0.505,0.000,0.000,0.593,0.000,0.000,0.102,1.000,1.017,0.119,0.378,00-0037834,0.006,0.161,1.500,16,,,,,,,,,,,,,,,,,,,,,,,,240.749,121.564,139.597,67.724,30.086,0.055,-0.007,,,-2.857,14.099,-2.857,0.291
2026,3,2026_03_ARI_SF,SF,ARI,Jordan Watkins,WR,WR3,0,0,0,0,2,2,60,0.077,0.000,0.280,28.000,7.500,0,4.000,57.913,0.530,0.000,0.000,,,0.000,0.000,0.000,,1.457,1.000,13.519,0.053,0.099,11.920,0.120,3,0,0,0,0.505,0.000,0.000,0.593,0.000,0.000,0.102,1.000,1.017,0.000,1.482,00-0037834,,,,0,,,,,,,,,,,,,0.000,0.000,,,,,15.986,0.000,0.000,-2.467,0.000,240.749,121.564,139.597,67.724,30.086,0.055,-0.007,21.768,0.863,-2.857,14.099,-2.857,0.291
2026,3,2026_03_ARI_SF,SF,ARI,KhaDarel Hodge,WR,,0,0,0,0,0,0,0,0.000,0.000,0.560,28.000,7.500,0,4.000,57.913,0.530,0.000,0.000,,,0.001,0.000,0.000,,1.009,0.466,6.951,0.035,0.052,7.919,0.187,87,0,0,0,0.505,0.000,0.000,0.593,0.000,0.000,0.102,1.000,1.017,0.001,1.027,00-0037834,0.026,0.543,9.778,2,,,,,,,,,,,,,0.055,0.124,,,,,21.843,0.000,0.000,-5.793,0.000,240.749,121.564,139.597,67.724,30.086,0.055,-0.007,,,-2.857,14.099,-2.857,0.291
2026,3,2026_03_ARI_SF,SF,ARI,Mike Evans,WR,WR2,0,0,0,0,6,3,34,0.231,0.000,0.330,28.000,7.500,0,4.000,57.913,0.530,0.000,0.000,,,0.000,0.000,0.000,,6.702,4.259,53.688,0.223,0.337,9.521,0.668,128,1,1,0,0.505,0.000,0.000,0.593,0.000,0.000,0.102,1.000,1.017,0.000,6.816,00-0037834,0.172,4.827,51.716,2,,,,,,,,,,,,,0.019,0.021,,,,,58.697,0.000,0.000,-5.009,0.000,240.749,121.564,139.597,67.724,30.086,0.055,-0.007,37.669,0.803,-2.857,14.099,-2.857,0.291
2026,3,2026_03_MIN_TB,TB,MIN,Baker Mayfield,QB,,34,217,2,6,0,0,0,0.000,0.095,0.940,20.500,-1.500,0,7.000,58.879,0.538,30.915,210.719,6.840,-2.458,3.774,25.828,0.144,6.571,0.000,0.000,0.000,0.000,-0.000,,0.980,131,0,0,0,0.000,0.000,0.000,0.000,0.000,0.000,0.000,1.000,1.000,3.774,0.000,00-0034855,,,,0,,,,,,,,,2.916,14.624,1.813,-0.556,,,4.649,1.940,0.181,0.167,0.000,22.550,232.815,-0.000,3.278,191.293,96.078,129.925,38.515,22.844,-0.076,-0.043,,,-13.958,-16.253,-13.961,0.190
2026,3,2026_03_MIN_TB,TB,MIN,Jalon Daniels,QB,,3,0,1,9,0,0,0,0.000,0.048,0.060,20.500,-1.500,0,7.000,58.879,0.538,,,,,,,,,,,,,,,,1,0,0,0,0.000,0.000,0.000,0.000,0.000,0.000,0.000,1.000,1.000,,,00-0034855,,,,0,,,,,,,,,,,,,,,,,,,,,,,,191.293,96.078,129.925,38.515,22.844,-0.076,-0.043,,,-13.958,-16.253,-13.961,0.190
2026,3,2026_03_MIN_TB,TB,MIN,Bucky Irving,RB,RB1,0,0,15,46,4,2,12,0.114,0.714,0.520,20.500,-1.500,0,7.000,58.879,0.538,0.000,0.000,,,15.922,64.576,0.573,4.126,3.828,3.375,22.031,0.124,-0.045,5.999,0.619,31,0,0,0,0.000,0.000,0.000,0.000,0.000,0.000,0.000,1.000,1.000,15.922,3.828,00-0034855,0.124,3.828,22.031,30,,,,,,4.006,13.386,-0.341,,,,,0.001,0.263,2.282,1.846,0.781,,20.135,70.962,0.000,1.896,-6.386,191.293,96.078,129.925,38.515,22.844,-0.076,-0.043,52.131,1.076,-13.958,-16.253,-13.961,0.190
2026,3,2026_03_MIN_TB,TB,MIN,Kenny Gainwell,RB,,0,0,3,-4,5,2,14,0.143,0.143,0.460,20.500,-1.500,0,7.000,58.879,0.538,0.000,0.002,,,5.693,24.701,0.250,4.042,4.821,3.944,26.337,0.147,-0.012,4.685,0.496,96,0,0,0,0.000,0.000,0.000,0.000,0.000,0.000,0.000,1.000,1.000,5.693,4.821,00-0034855,0.083,2.630,4.086,2,,,,,,,,,,,,,0.080,0.204,1.831,2.202,0.708,,25.378,24.541,0.002,0.964,0.186,191.293,96.078,129.925,38.515,22.844,-0.076,-0.043,,,-13.958,-16.253,-13.961,0.190
2026,3,2026_03_MIN_TB,TB,MIN,Bauer Sharp,TE,,0,0,0,0,0,0,0,0.000,0.000,0.090,20.500,-1.500,0,7.000,58.879,0.538,0.000,0.000,,,0.000,0.000,0.000,,0.000,0.000,0.000,0.000,0.000,,0.020,2,0,0,0,0.000,0.000,0.000,0.000,0.000,0.000,0.000,1.000,1.000,0.000,0.000,00-0034855,0.000,0.000,0.000,1,,,,,,,,,,,,,,,,,,,,,,,,191.293,96.078,129.925,38.515,22.844,-0.076,-0.043,,,-13.958,-16.253,-13.961,0.190
2026,3,2026_03_MIN_TB,TB,MIN,Cade Otton,TE,TE1,0,0,0,0,6,3,56,0.171,0.000,0.940,20.500,-1.500,0,7.000,58.879,0.538,0.000,0.000,,,0.001,-0.004,0.000,,5.450,4.117,38.695,0.187,0.140,6.855,0.935,69,0,0,0,0.000,0.000,0.000,0.000,0.000,0.000,0.000,1.000,1.000,0.001,5.450,00-0034855,0.187,5.450,38.697,51,3.531,6.193,5.150,0.559,69.504,,,,,,,,0.035,0.242,,,,,38.160,0.005,0.000,0.542,-0.008,191.293,96.078,129.925,38.515,22.844,-0.076,-0.043,22.392,0.514,-13.958,-16.253,-13.961,0.190
2026,3,2026_03_MIN_TB,TB,MIN,Ko Kieft,TE,,0,0,0,0,0,0,0,0.000,0.000,0.030,20.500,-1.500,0,7.000,58.879,0.538,0.000,0.000,,,0.000,0.000,0.000,,0.170,0.069,0.320,0.005,0.004,,0.158,31,0,0,0,0.000,0.000,0.000,0.000,0.000,0.000,0.000,1.000,1.000,0.000,0.170,00-0034855,0.005,0.131,0.101,16,,,,,,,,,,,,,,,,,,,,,,,,191.293,96.078,129.925,38.515,22.844,-0.076,-0.043,,,-13.958,-16.253,-13.961,0.190
2026,3,2026_03_MIN_TB,TB,MIN,Payne Durham,TE,,0,0,0,0,1,0,0,0.029,0.000,0.550,20.500,-1.500,0,7.000,58.879,0.538,0.000,0.000,,,0.000,0.000,0.000,,0.887,0.473,5.070,0.028,0.029,6.938,0.343,25,0,0,0,0.000,0.000,0.000,0.000,0.000,0.000,0.000,1.000,1.000,0.000,0.887,00-0034855,0.028,0.887,5.070,24,,,,,,,,,,,,,0.153,0.000,,,,,11.846,0.000,0.000,-0.886,0.000,191.293,96.078,129.925,38.515,22.844,-0.076,-0.043,,,-13.958,-16.253,-13.961,0.190
2026,3,2026_03_MIN_TB,TB,MIN,Chris Godwin Jr.,WR,WR2,0,0,0,0,4,3,25,0.114,0.000,0.620,20.500,-1.500,0,7.000,58.879,0.538,0.001,0.000,,,0.321,2.420,0.014,6.316,5.236,4.112,47.406,0.166,0.127,9.422,0.782,114,0,0,0,0.000,0.000,0.000,0.000,0.000,0.000,0.000,1.000,1.000,0.321,5.236,00-0034855,0.166,5.228,47.360,37,,,,,,,,,,,,,0.015,0.542,3.995,2.321,0.073,,37.186,2.316,0.006,10.220,0.103,191.293,96.078,129.925,38.515,22.844,-0.076,-0.043,28.963,0.536,-13.958,-16.253,-13.961,0.190
2026,3,2026_03_MIN_TB,TB,MIN,Emeka Egbuka,WR,WR1,0,0,0,0,9,5,62,0.257,0.000,0.740,20.500,-1.500,0,7.000,58.879,0.538,0.000,0.000,,,0.185,-0.430,0.007,1.320,6.046,3.217,38.775,0.199,0.331,6.904,0.757,20,0,0,0,0.000,0.000,0.000,0.000,0.000,0.000,0.000,1.000,1.000,0.185,6.046,00-0034855,0.199,6.046,38.775,19,2.727,6.428,13.047,0.619,56.103,,,,,,,,0.042,0.069,1.320,0.000,0.000,,53.695,1.438,0.000,-14.921,-1.868,191.293,96.078,129.925,38.515,22.844,-0.076,-0.043,60.479,1.010,-13.958,-16.253,-13.961,0.190
2026,3,2026_03_MIN_TB,TB,MIN,Jalen McMillan,WR,,0,0,0,0,1,0,0,0.029,0.000,0.030,20.500,-1.500,0,7.000,58.879,0.538,0.000,0.000,,,0.285,1.613,0.009,,4.363,3.237,45.486,0.139,0.198,10.403,0.639,19,0,0,0,0.000,0.000,0.000,0.000,0.000,0.000,0.000,1.000,1.000,0.285,4.363,00-0034855,0.139,4.363,45.486,18,,,,,,,,,,,,,0.070,0.049,,,,,36.130,1.598,0.000,9.356,0.016,191.293,96.078,129.925,38.515,22.844,-0.076,-0.043,,,-13.958,-16.253,-13.961,0.190
2026,3,2026_03_MIN_TB,TB,MIN,Kameron Johnson,WR,,0,0,0,0,0,0,0,0.000,0.000,0.010,20.500,-1.500,0,7.000,58.879,0.538,0.000,0.000,,,0.053,0.410,0.002,,0.179,0.068,1.091,0.006,0.009,,0.056,24,0,0,0,0.000,0.000,0.000,0.000,0.000,0.000,0.000,1.000,1.000,0.053,0.179,00-0034855,0.006,0.179,1.091,23,,,,,,,,,,,,,,,,,,,,,,,,191.293,96.078,129.925,38.515,22.844,-0.076,-0.043,,,-13.958,-16.253,-13.961,0.190
2026,3,2026_03_MIN_TB,TB,MIN,Ted Hurst III,WR,WR3,0,0,0,0,3,1,40,0.086,0.000,0.750,20.500,-1.500,0,7.000,58.879,0.538,0.000,0.000,,,0.000,0.000,0.000,,5.173,2.457,31.111,0.166,0.296,7.577,0.745,3,0,0,0,0.000,0.000,0.000,0.000,0.000,0.000,0.000,1.000,1.000,0.000,5.173,00-0034855,0.166,5.173,31.111,2,1.884,4.257,21.840,-1.907,28.571,,,,,,,,0.078,0.000,,,,,48.358,0.000,0.000,-17.247,0.000,191.293,96.078,129.925,38.515,22.844,-0.076,-0.043,36.255,1.343,-13.958,-16.253,-13.961,0.190
2026,3,2026_03_MIN_TB,TB,MIN,Tez Johnson,WR,,0,0,0,0,2,1,8,0.057,0.000,0.230,20.500,-1.500,0,7.000,58.879,0.538,0.000,0.000,,,0.501,0.702,0.017,,2.481,1.317,19.969,0.079,0.147,6.799,0.359,18,0,0,0,0.000,0.000,0.000,0.000,0.000,0.000,0.000,1.000,1.000,0.501,2.481,00-0034855,0.079,2.481,19.969,17,,,,,,,,,,,,,0.008,0.025,,,,,24.196,3.265,0.000,-4.226,-2.563,191.293,96.078,129.925,38.515,22.844,-0.076,-0.043,,,-13.958,-16.253,-13.961,0.190
2026,3,2026_03_TEN_NYG,TEN,NYG,Cam Ward,QB,,36,181,1,2,0,0,0,0.000,0.048,1.000,17.500,-2.500,0,10.000,54.695,0.572,27.565,171.675,7.613,-3.412,2.836,11.127,0.130,4.068,0.000,0.000,0.000,0.000,0.000,,0.894,20,0,0,0,0.000,0.000,0.000,0.000,0.000,0.000,0.000,1.000,1.000,2.836,0.000,00-0040676,,,,0,,,,,,,,,3.040,9.951,-2.404,-2.153,,,2.783,1.308,0.299,0.265,0.000,12.101,180.629,0.000,-0.974,223.087,110.861,143.926,51.410,27.398,0.041,0.045,,,1.288,17.985,1.290,0.403
2026,3,2026_03_TEN_NYG,TEN,NYG,Julius Chestnut,RB,,0,0,0,0,0,0,0,0.000,0.000,0.000,17.500,-2.500,0,10.000,54.695,0.572,0.000,0.000,,,0.401,1.136,0.015,,0.045,0.008,0.052,0.002,0.001,,0.020,37,0,0,0,0.000,0.000,0.000,0.000,0.000,0.000,0.000,1.000,1.000,0.401,0.045,00-0040676,0.001,0.039,0.000,16,,,,,,,,,,,,,,,,,,,,,,,,223.087,110.861,143.926,51.410,27.398,0.041,0.045,,,1.288,17.985,1.290,0.403
2026,3,2026_03_TEN_NYG,TEN,NYG,Tony Pollard,RB,RB1,0,0,17,74,4,4,22,0.114,0.810,0.530,17.500,-2.500,0,10.000,54.695,0.572,0.000,0.000,,,13.944,66.005,0.595,4.627,1.980,1.578,7.237,0.067,0.004,3.390,0.560,118,0,1,0,0.000,0.000,0.000,0.000,0.000,0.000,0.000,1.000,1.000,13.944,1.980,00-0040676,0.062,1.822,6.067,18,,,,,,4.113,20.843,0.624,,,,,0.055,0.097,2.794,1.843,0.964,,10.906,60.461,0.000,-3.670,5.544,223.087,110.861,143.926,51.410,27.398,0.041,0.045,78.656,1.630,1.288,17.985,1.290,0.403
2026,3,2026_03_TEN_NYG,TEN,NYG,Tyjae Spears,RB,,0,0,3,5,0,0,0,0.000,0.143,0.470,17.500,-2.500,0,10.000,54.695,0.572,0.000,0.000,,,5.712,23.654,0.232,4.191,3.793,3.207,20.067,0.133,-0.061,5.871,0.455,45,1,1,0,0.000,0.000,0.000,0.000,0.000,0.000,0.000,1.000,1.000,5.712,3.793,00-0040676,0.123,3.411,21.325,14,,,,,,,,,,,,,0.060,0.685,2.673,1.536,0.226,,17.552,25.433,0.000,2.515,-1.778,223.087,110.861,143.926,51.410,27.398,0.041,0.045,,,1.288,17.985,1.290,0.403
2026,3,2026_03_TEN_NYG,TEN,NYG,Daniel Bellinger,TE,,0,0,0,0,2,2,16,0.057,0.000,0.400,17.500,-2.500,0,10.000,54.695,0.572,0.000,0.000,,,0.000,0.000,0.000,,1.884,1.257,16.246,0.064,0.046,7.579,0.542,55,0,1,0,0.000,0.000,0.000,0.000,0.000,0.000,0.000,1.000,1.000,0.000,1.884,00-0040676,0.048,1.000,3.198,2,,,,,,,,,,,,,0.009,0.003,,,,,14.124,0.000,0.000,2.944,0.000,223.087,110.861,143.926,51.410,27.398,0.041,0.045,,,1.288,17.985,1.290,0.403
2026,3,2026_03_TEN_NYG,TEN,NYG,Gunnar Helm,TE,TE1,0,0,0,0,4,2,14,0.114,0.000,0.820,17.500,-2.500,0,10.000,54.695,0.572,0.000,0.000,,,0.000,0.000,0.000,,3.492,2.814,20.558,0.122,0.066,5.873,0.650,19,0,0,0,0.000,0.000,0.000,0.000,0.000,0.000,0.000,1.000,1.000,0.000,3.492,00-0040676,0.122,3.492,20.558,18,,,,,,,,,,,,,0.013,0.000,,,,,20.004,0.000,0.000,0.554,0.000,223.087,110.861,143.926,51.410,27.398,0.041,0.045,27.922,1.290,1.288,17.985,1.290,0.403
2026,3,2026_03_TEN_NYG,TEN,NYG,Calvin Ridley,WR,,0,0,0,0,1,0,0,0.029,0.000,0.330,17.500,-2.500,0,10.000,54.695,0.572,0.000,0.000,,,0.162,0.703,0.005,,4.633,2.624,47.275,0.157,0.255,12.215,0.571,92,0,0,0,0.000,0.000,0.000,0.000,0.000,0.000,0.000,1.000,1.000,0.162,4.633,00-0040676,0.135,3.911,40.536,8,,,,,,,,,,,,,0.042,0.090,,,,,39.980,0.843,0.000,7.295,-0.140,223.087,110.861,143.926,51.410,27.398,0.041,0.045,,,1.288,17.985,1.290,0.403
2026,3,2026_03_TEN_NYG,TEN,NYG,Carnell Tate,WR,WR2,0,0,0,0,9,6,58,0.257,0.000,0.880,17.500,-2.500,0,10.000,54.695,0.572,0.000,0.000,,,0.000,0.000,0.000,,5.457,3.457,32.025,0.258,0.355,5.826,0.809,3,0,0,0,0.000,0.000,0.000,0.000,0.000,0.000,0.000,1.000,1.000,0.000,5.457,00-0040676,0.258,5.457,32.025,2,2.337,6.283,9.720,-0.527,63.045,,,,,,,,0.000,0.000,,,,,47.022,0.000,0.000,-14.997,0.000,223.087,110.861,143.926,51.410,27.398,0.041,0.045,28.577,0.714,1.288,17.985,1.290,0.403
2026,3,2026_03_TEN_NYG,TEN,NYG,Chimere Dike,WR,,0,0,0,0,1,1,3,0.029,0.000,0.100,17.500,-2.500,0,10.000,54.695,0.572,0.000,0.000,,,0.320,0.380,0.016,,3.499,2.422,22.392,0.115,0.129,,0.485,20,0,0,0,0.000,0.000,0.000,0.000,0.000,0.000,0.000,1.000,1.000,0.320,3.499,00-0040676,0.119,3.606,22.860,18,,,,,,,,,,,,,,,,,,,,,,,,223.087,110.861,143.926,51.410,27.398,0.041,0.045,,,1.288,17.985,1.290,0.403
2026,3,2026_03_TEN_NYG,TEN,NYG,Elic Ayomanor,WR,WR3,0,0,0,0,3,1,11,0.086,0.000,0.800,17.500,-2.500,0,10.000,54.695,0.572,0.000,0.000,,,0.000,0.000,0.000,,4.897,2.241,36.667,0.172,0.333,9.345,0.721,19,0,0,0,0.000,0.000,0.000,0.000,0.000,0.000,0.000,1.000,1.000,0.000,4.897,00-0040676,0.155,4.288,34.443,17,,,,,,,,,,,,,0.081,0.000,,,,,37.615,0.000,0.000,-0.948,0.000,223.087,110.861,143.926,51.410,27.398,0.041,0.045,27.131,1.195,1.288,17.985,1.290,0.403
2026,3,2026_03_TEN_NYG,TEN,NYG,Wan'Dale Robinson,WR,WR1,0,0,0,0,11,7,57,0.314,0.000,0.630,17.500,-2.500,0,10.000,54.695,0.572,0.000,0.000,,,0.173,0.343,0.005,,7.756,5.315,52.184,0.287,0.279,6.783,0.837,57,0,0,0,0.000,0.000,0.000,0.000,0.000,0.000,0.000,1.000,1.000,0.173,7.756,00-0040676,0.130,3.284,22.247,2,,,,,,,,,,,,,0.017,0.342,,,,,51.821,1.065,0.000,0.362,-0.722,223.087,110.861,143.926,51.410,27.398,0.041,0.045,72.914,1.414,1.288,17.985,1.290,0.403
2026,3,2026_03_SEA_WAS,WAS,SEA,Marcus Mariota,QB,,31,183,5,11,0,0,0,0.000,0.156,1.000,16.000,-8.500,0,13.000,58.848,0.488,19.295,144.076,7.510,0.768,4.281,22.546,0.144,4.667,0.000,0.000,0.000,0.000,0.000,,0.677,63,0,0,0,0.000,0.000,0.580,1.317,0.000,0.000,0.156,1.000,1.023,4.281,0.000,00-0039910,,,,0,,,,,,,,,2.878,20.884,5.031,1.778,,,4.124,0.546,0.023,0.215,0.000,21.998,147.935,0.000,0.533,199.576,69.210,108.923,49.484,39.597,-0.086,-0.050,,,-29.755,-12.688,-29.752,0.291
2026,3,2026_03_SEA_WAS,WAS,SEA,Jacory Croskey-Merritt,RB,RB1,0,0,19,36,1,1,7,0.033,0.594,0.570,16.000,-8.500,0,13.000,58.848,0.488,0.000,0.000,,,11.693,50.030,0.402,4.307,0.538,0.477,0.993,0.019,-0.006,2.690,0.400,20,0,0,0,0.000,0.000,0.580,1.317,0.000,0.000,0.156,1.000,1.023,11.693,0.551,00-0039910,0.037,1.030,3.451,9,,,,,,4.031,15.769,0.272,,,,,0.000,0.000,2.600,1.720,0.597,,2.788,47.486,0.000,-1.795,2.544,199.576,69.210,108.923,49.484,39.597,-0.086,-0.050,40.508,0.737,-29.755,-12.688,-29.752,0.291
2026,3,2026_03_SEA_WAS,WAS,SEA,Rachaad White,RB,,0,0,8,35,1,1,6,0.033,0.250,0.430,16.000,-8.500,0,13.000,58.848,0.488,0.000,0.000,,,6.617,31.437,0.225,5.777,2.886,2.732,16.137,0.093,-0.020,5.402,0.476,73,0,0,0,0.000,0.000,0.580,1.317,0.000,0.000,0.156,1.000,1.023,6.617,2.954,00-0039910,0.127,4.173,24.012,2,,,,,,,,,,,,,0.000,0.230,3.405,2.365,0.687,,16.288,27.967,0.000,-0.152,3.471,199.576,69.210,108.923,49.484,39.597,-0.086,-0.050,,,-29.755,-12.688,-29.752,0.291
2026,3,2026_03_SEA_WAS,WAS,SEA,Ben Sinnott,TE,,0,0,0,0,1,0,0,0.033,0.000,0.490,16.000,-8.500,0,13.000,58.848,0.488,0.000,0.000,,,0.000,0.000,0.000,,1.526,1.309,11.616,0.070,0.061,9.298,0.492,19,0,0,0,0.000,0.000,0.580,1.317,0.000,0.000,0.156,1.000,1.023,0.000,1.562,00-0039910,0.029,0.843,7.669,10,,,,,,,,,,,,,0.000,0.104,,,,,11.990,0.000,0.000,0.527,0.000,199.576,69.210,108.923,49.484,39.597,-0.086,-0.050,,,-29.755,-12.688,-29.752,0.291
2026,3,2026_03_SEA_WAS,WAS,SEA,Colson Yankoff,TE,,0,0,0,0,2,1,2,0.067,0.000,0.460,16.000,-8.500,0,13.000,58.848,0.488,0.000,0.000,,,0.000,0.000,0.000,,0.422,0.322,3.809,0.014,0.007,8.362,0.143,18,0,0,0,0.000,0.000,0.580,1.317,0.000,0.000,0.156,1.000,1.023,0.000,0.432,00-0039910,0.012,0.319,2.616,11,,,,,,,,,,,,,0.000,0.000,,,,,6.901,0.000,0.000,1.461,0.000,199.576,69.210,108.923,49.484,39.597,-0.086,-0.050,,,-29.755,-12.688,-29.752,0.291
2026,3,2026_03_SEA_WAS,WAS,SEA,John Bates,TE,TE1,0,0,0,0,1,1,9,0.033,0.000,0.540,16.000,-8.500,0,13.000,58.848,0.488,0.000,0.000,,,0.000,0.000,0.000,,1.727,1.192,10.040,0.070,0.026,6.628,0.535,64,0,0,0,0.000,0.000,0.580,1.317,0.000,0.000,0.156,1.000,1.023,0.000,1.768,00-0039910,0.065,1.794,9.505,19,,,,,,,,,,,,,0.017,0.007,,,,,11.466,0.000,0.000,-0.479,0.000,199.576,69.210,108.923,49.484,39.597,-0.086,-0.050,40.717,1.054,-29.755,-12.688,-29.752,0.291
2026,3,2026_03_SEA_WAS,WAS,SEA,Antonio Williams,WR,,0,0,0,0,4,2,15,0.133,0.000,0.410,16.000,-8.500,0,13.000,58.848,0.488,0.543,0.000,0.000,-0.582,0.000,0.000,0.000,,3.457,3.457,42.271,0.111,0.103,11.654,0.435,3,0,0,0,0.000,0.000,0.580,1.317,0.000,0.000,0.156,1.000,1.023,0.000,3.538,00-0039910,0.111,3.457,42.271,2,,,,,,,,,,,,,0.000,0.000,,,,0.000,23.882,0.000,3.645,18.390,0.000,199.576,69.210,108.923,49.484,39.597,-0.086,-0.050,,,-29.755,-12.688,-29.752,0.291
2026,3,2026_03_SEA_WAS,WAS,SEA,Dyami Brown,WR,,0,0,0,0,1,0,0,0.033,0.000,0.300,16.000,-8.500,0,13.000,58.848,0.488,0.170,0.003,1.110,-0.409,0.275,1.387,0.010,,3.178,1.735,16.175,0.096,0.155,4.476,0.425,67,0,0,0,0.000,0.000,0.580,1.317,0.000,0.000,0.156,1.000,1.023,0.275,3.253,00-0039910,0.131,4.310,35.751,18,3.124,6.085,11.573,0.214,62.323,,,,,,,,0.064,0.019,,,,0.000,24.950,1.513,0.859,-8.764,-0.125,199.576,69.210,108.923,49.484,39.597,-0.086,-0.050,,,-29.755,-12.688,-29.752,0.291
2026,3,2026_03_SEA_WAS,WAS,SEA,Jaylin Lane,WR,,0,0,0,0,1,1,21,0.033,0.000,0.070,16.000,-8.500,0,13.000,58.848,0.488,0.000,0.000,,,0.025,0.175,0.001,,1.125,0.620,8.070,0.045,0.062,,0.271,18,0,0,0,0.000,0.000,0.580,1.317,0.000,0.000,0.156,1.000,1.023,0.025,1.151,00-0039910,0.077,2.025,15.142,9,,,,,,,,,,,,,,,,,,,,,,,,199.576,69.210,108.923,49.484,39.597,-0.086,-0.050,,,-29.755,-12.688,-29.752,0.291
2026,3,2026_03_SEA_WAS,WAS,SEA,Luke McCaffrey,WR,,0,0,0,0,0,0,0,0.000,0.000,0.000,16.000,-8.500,0,13.000,58.848,0.488,0.000,0.000,,,0.000,0.000,0.000,,1.565,1.079,17.221,0.059,0.083,,0.309,25,0,0,0,0.000,0.000,0.580,1.317,0.000,0.000,0.156,1.000,1.023,0.000,1.601,00-0039910,0.037,1.087,12.274,21,,,,,,,,,,,,,,,,,,,,,,,,199.576,69.210,108.923,49.484,39.597,-0.086,-0.050,,,-29.755,-12.688,-29.752,0.291
2026,3,2026_03_SEA_WAS,WAS,SEA,Stefon Diggs,WR,WR2,0,0,0,0,7,4,33,0.233,0.000,0.590,16.000,-8.500,0,13.000,58.848,0.488,0.001,0.016,,,0.007,0.010,0.000,,5.944,4.333,47.291,0.210,0.166,8.203,0.558,139,0,0,0,0.000,0.000,0.580,1.317,0.000,0.000,0.156,1.000,1.023,0.007,6.083,00-0039910,0.238,7.370,50.654,2,2.641,6.634,8.774,0.482,72.375,,,,,,,,0.063,0.056,,,,,43.329,0.036,0.007,3.961,-0.026,199.576,69.210,108.923,49.484,39.597,-0.086,-0.050,27.149,0.723,-29.755,-12.688,-29.752,0.291
2026,3,2026_03_SEA_WAS,WAS,SEA,Terry McLaurin,WR,WR1,0,0,0,0,9,6,77,0.300,0.000,0.750,16.000,-8.500,0,13.000,58.848,0.488,0.000,0.000,,,0.003,0.003,0.000,,6.248,3.454,52.656,0.231,0.336,9.315,0.752,114,0,0,0,0.000,0.000,0.580,1.317,0.000,0.000,0.156,1.000,1.023,0.003,6.395,00-0039910,0.216,6.769,47.961,23,2.658,6.789,12.714,2.275,54.687,,,,,,,,0.058,0.250,,,,,50.689,0.023,0.000,1.966,-0.020,199.576,69.210,108.923,49.484,39.597,-0.086,-0.050,49.106,0.661,-29.755,-12.688,-29.752,0.291
2026,3,2026_03_SEA_WAS,WAS,SEA,Treylon Burks,WR,WR3,0,0,0,0,2,2,13,0.067,0.000,0.360,16.000,-8.500,0,13.000,58.848,0.488,0.000,0.000,,,0.081,0.201,0.003,,2.522,1.089,12.497,0.112,0.182,4.578,0.571,35,0,0,0,0.000,0.000,0.580,1.317,0.000,0.000,0.156,1.000,1.023,0.081,2.582,00-0039910,0.041,1.000,3.885,3,,,,,,,,,,,,,0.024,0.127,,,,,20.328,0.505,0.000,-7.831,-0.304,199.576,69.210,108.923,49.484,39.597,-0.086,-0.050,17.629,0.611,-29.755,-12.688,-29.752,0.291
2026,4,2026_04_ARI_NYG,ARI,NYG,Jacoby Brissett,QB,,35,166,4,18,0,0,0,0.000,0.154,,23.500,2.500,0,,60.631,0.641,37.235,230.389,6.011,0.763,2.877,9.896,0.127,4.116,0.000,0.000,0.000,0.000,0.000,,0.959,82,0,0,0,0.000,0.000,0.000,0.000,0.000,0.000,0.000,1.000,1.000,2.877,0.000,00-0033119,,,,0,,,,,,,,,2.815,16.266,3.538,-1.686,,,3.170,0.957,0.051,0.252,0.000,9.990,251.650,-0.000,-0.093,216.391,105.792,141.551,48.004,26.539,0.030,0.040,,,0.225,13.716,0.226,0.403
2026,4,2026_04_ARI_NYG,ARI,NYG,Jeremiyah Love,RB,RB1,0,0,14,63,1,1,-8,0.029,0.538,,23.500,2.500,0,,60.631,0.641,0.000,0.000,,,14.265,56.270,0.570,3.780,4.062,3.507,15.235,0.107,0.016,3.876,0.503,4,0,0,0,0.000,0.000,0.000,0.000,0.000,0.000,0.000,1.000,1.000,14.265,4.062,00-0033119,0.107,4.062,15.235,3,,,,,,4.097,12.934,0.192,,,,,0.069,0.000,2.108,1.690,0.670,,22.165,58.912,0.000,-6.930,-2.642,216.391,105.792,141.551,48.004,26.539,0.030,0.040,77.915,1.549,0.225,13.716,0.226,0.403
2026,4,2026_04_ARI_NYG,ARI,NYG,Tyler Allgeier,RB,,0,0,8,42,2,2,7,0.057,0.308,,23.500,2.500,0,,60.631,0.641,0.000,0.000,,,8.000,26.323,0.275,2.841,1.742,1.639,7.433,0.050,-0.022,4.932,0.400,71,0,0,0,0.000,0.000,0.000,0.000,0.000,0.000,0.000,1.000,1.000,8.000,1.742,00-0033119,0.072,2.785,9.392,3,,,,,,,,,,,,,0.013,0.052,1.552,1.290,0.556,,8.283,33.050,0.000,-0.850,-6.726,216.391,105.792,141.551,48.004,26.539,0.030,0.040,,,0.225,13.716,0.226,0.403
2026,4,2026_04_ARI_NYG,ARI,NYG,Elijah Higgins,TE,,0,0,0,0,2,2,19,0.057,0.000,,23.500,2.500,0,,60.631,0.641,0.000,0.000,,,0.000,0.000,0.000,,2.283,1.949,17.898,0.066,0.037,6.079,0.464,46,0,0,0,0.000,0.000,0.000,0.000,0.000,0.000,0.000,1.000,1.000,0.000,2.283,00-0033119,0.067,2.347,18.447,14,,,,,,,,,,,,,0.001,0.263,,,,,18.774,0.000,0.000,2.948,0.000,216.391,105.792,141.551,48.004,26.539,0.030,0.040,,,0.225,13.716,0.226,0.403
2026,4,2026_04_ARI_NYG,ARI,NYG,Hunter Long,TE,,0,0,0,0,1,1,10,0.029,0.000,,23.500,2.500,0,,60.631,0.641,0.000,0.000,,,0.000,0.000,0.000,,1.405,0.966,6.879,0.039,0.026,4.818,0.415,29,0,0,0,0.000,0.000,0.000,0.000,0.000,0.000,0.000,1.000,1.000,0.000,1.405,00-0033119,0.008,0.392,1.962,3,,,,,,,,,,,,,0.173,0.000,,,,,13.108,0.000,0.000,-3.081,0.000,216.391,105.792,141.551,48.004,26.539,0.030,0.040,,,0.225,13.716,0.226,0.403
2026,4,2026_04_ARI_NYG,ARI,NYG,Trey McBride,TE,TE1,0,0,0,0,12,7,31,0.343,0.000,,23.500,2.500,0,,60.631,0.641,0.000,0.000,,,0.001,0.002,0.000,,10.572,8.128,72.504,0.296,0.247,6.774,0.903,66,0,0,0,0.000,0.000,0.000,0.000,0.000,0.000,0.000,1.000,1.000,0.001,10.572,00-0033119,0.298,10.689,73.324,15,2.924,5.635,6.348,0.446,76.579,,,,,,,,0.019,0.643,,,,,70.245,0.001,0.000,2.260,0.001,216.391,105.792,141.551,48.004,26.539,0.030,0.040,25.707,1.193,0.225,13.716,0.226,0.403
2026,4,2026_04_ARI_NYG,ARI,NYG,Devin Duvernay,WR,,0,0,0,0,0,0,0,0.000,0.000,,23.500,2.500,0,,60.631,0.641,0.000,0.000,,,0.004,-0.005,0.000,,0.154,0.067,0.987,0.005,0.006,,0.028,98,0,0,0,0.000,0.000,0.000,0.000,0.000,0.000,0.000,1.000,1.000,0.004,0.154,00-0033119,0.000,0.000,0.000,3,,,,,,,,,,,,,,,,,,,,,,,,216.391,105.792,141.551,48.004,26.539,0.030,0.040,,,0.225,13.716,0.226,0.403
2026,4,2026_04_ARI_NYG,ARI,NYG,Jalen Brooks,WR,WR3,0,0,0,0,0,0,0,0.000,0.000,,23.500,2.500,0,,60.631,0.641,0.000,0.000,,,0.000,0.000,0.000,,1.227,0.516,7.902,0.031,0.058,6.973,0.244,23,0,0,0,0.000,0.000,0.000,0.000,0.000,0.000,0.000,1.000,1.000,0.000,1.227,00-0033119,0.022,0.926,5.650,6,,,,,,,,,,,,,0.055,0.015,,,,,18.306,0.000,0.000,-3.353,0.000,216.391,105.792,141.551,48.004,26.539,0.030,0.040,24.564,1.053,0.225,13.716,0.226,0.403
2026,4,2026_04_ARI_NYG,ARI,NYG,Marvin Harrison Jr.,WR,WR2,0,0,0,0,4,1,12,0.114,0.000,,23.500,2.500,0,,60.631,0.641,0.000,0.000,,,0.000,0.000,0.000,,4.721,2.435,36.304,0.131,0.259,6.741,0.698,33,0,0,0,0.000,0.000,0.000,0.000,0.000,0.000,0.000,1.000,1.000,0.000,4.721,00-0033119,0.114,4.278,31.074,10,2.181,5.570,13.974,0.551,58.896,,,,,,,,0.053,0.093,,,,,41.249,0.000,0.000,-4.945,0.000,216.391,105.792,141.551,48.004,26.539,0.030,0.040,33.258,0.888,0.225,13.716,0.226,0.403
2026,4,2026_04_ARI_NYG,ARI,NYG,Michael Wilson,WR,WR1,0,0,0,0,13,7,95,0.371,0.000,,23.500,2.500,0,,60.631,0.641,0.000,0.000,,,0.005,0.035,0.000,,9.528,5.687,67.998,0.248,0.403,7.659,0.874,50,0,0,0,0.000,0.000,0.000,0.000,0.000,0.000,0.000,1.000,1.000,0.005,9.528,00-0033119,0.259,9.967,71.769,15,2.723,5.910,10.936,0.498,57.945,,,,,,,,0.003,0.065,,,,,71.612,0.032,0.000,-3.614,0.003,216.391,105.792,141.551,48.004,26.539,0.030,0.040,70.382,1.363,0.225,13.716,0.226,0.403
2026,4,2026_04_ARI_NYG,ARI,NYG,Simi Fehoko,WR,,0,0,0,0,0,0,0,0.000,0.000,,23.500,2.500,0,,60.631,0.641,0.000,0.000,,,0.000,0.000,0.000,,0.416,0.162,2.535,0.014,0.022,,0.140,21,0,0,0,0.000,0.000,0.000,0.000,0.000,0.000,0.000,1.000,1.000,0.000,0.416,00-0033119,0.000,0.000,0.000,6,,,,,,,,,,,,,,,,,,,,,,,,216.391,105.792,141.551,48.004,26.539,0.030,0.040,,,0.225,13.716,0.226,0.403
2026,4,2026_04_TEN_BAL,BAL,TEN,Lamar Jackson,QB,,20,222,2,20,0,0,0,0.000,0.067,,27.000,11.500,0,,56.540,0.424,23.124,211.876,9.597,4.610,5.258,31.961,0.173,6.305,0.000,0.000,0.005,0.000,-0.000,,0.941,128,0,0,0,0.000,0.000,0.000,0.000,0.000,0.000,0.000,1.000,1.000,5.258,0.000,00-0034796,,,,0,,,,,,,,,3.112,10.656,0.017,0.551,,,4.673,1.648,0.626,0.231,0.002,28.417,185.615,0.003,3.545,231.415,89.314,160.057,44.143,26.742,0.065,0.005,,,25.101,-15.984,25.100,0.270
2026,4,2026_04_TEN_BAL,BAL,TEN,Tyler Huntley,QB,,9,63,4,16,0,0,0,0.000,0.133,,27.000,11.500,0,,56.540,0.424,17.336,107.975,6.457,0.016,5.041,28.220,0.147,4.728,0.000,0.000,0.000,0.000,0.000,,0.692,32,0,0,0,0.000,0.000,0.000,0.000,0.000,0.000,0.000,1.000,1.000,5.041,0.000,00-0034796,,,,0,,,,,,,,,2.702,14.736,2.233,-2.628,,,3.995,0.751,0.095,0.219,0.000,24.082,111.639,0.000,4.137,231.415,89.314,160.057,44.143,26.742,0.065,0.005,,,25.101,-15.984,25.100,0.270
2026,4,2026_04_TEN_BAL,BAL,TEN,Derrick Henry,RB,RB1,0,0,23,73,2,2,6,0.069,0.767,,27.000,11.500,0,,56.540,0.424,0.009,0.002,,,21.055,107.812,0.640,5.236,1.261,1.052,9.121,0.051,-0.012,8.492,0.568,133,0,0,0,0.000,0.000,0.000,0.000,0.000,0.000,0.000,1.000,1.000,21.055,1.261,00-0034796,0.055,1.358,10.326,35,,,,,,3.638,35.767,0.958,,,,,0.036,0.201,2.680,2.548,1.109,,6.505,88.375,0.035,2.616,19.437,231.415,89.314,160.057,44.143,26.742,0.065,0.005,52.780,1.097,25.101,-15.984,25.100,0.270
2026,4,2026_04_TEN_BAL,BAL,TEN,Justice Hill,RB,,0,0,1,3,3,2,22,0.103,0.033,,27.000,11.500,0,,56.540,0.424,0.000,0.000,,,2.883,14.018,0.090,4.232,1.804,1.497,11.336,0.067,-0.005,,0.369,94,0,0,0,0.000,0.000,0.000,0.000,0.000,0.000,0.000,1.000,1.000,2.883,1.804,00-0034796,0.074,1.956,13.122,80,,,,,,,,,,,,,,,2.140,2.094,0.177,,13.101,15.032,0.000,-0.136,0.104,231.415,89.314,160.057,44.143,26.742,0.065,0.005,,,25.101,-15.984,25.100,0.270
2026,4,2026_04_TEN_BAL,BAL,TEN,Durham Smythe,TE,,0,0,0,0,0,0,0,0.000,0.000,,27.000,11.500,0,,56.540,0.424,0.000,0.000,,,0.000,0.000,0.000,,1.051,0.652,3.815,0.032,0.013,3.775,0.370,103,0,0,0,0.000,0.000,0.000,0.000,0.000,0.000,0.000,1.000,1.000,0.000,1.051,00-0034796,0.038,1.000,1.827,2,,,,,,,,,,,,,0.019,0.000,,,,,8.811,0.000,0.000,-3.905,-0.000,231.415,89.314,160.057,44.143,26.742,0.065,0.005,,,25.101,-15.984,25.100,0.270
2026,4,2026_04_TEN_BAL,BAL,TEN,Josh Cuevas,TE,,0,0,0,0,0,0,0,0.000,0.000,,27.000,11.500,0,,56.540,0.424,0.000,0.000,,,0.000,0.000,0.000,,1.000,1.000,14.000,0.050,0.017,14.000,0.250,2,0,0,0,0.000,0.000,0.000,0.000,0.000,0.000,0.000,1.000,1.000,0.000,1.000,00-0034796,0.050,1.000,14.000,1,,,,,,,,,,,,,0.000,0.000,,,,,5.500,0.000,0.000,8.500,0.000,231.415,89.314,160.057,44.143,26.742,0.065,0.005,,,25.101,-15.984,25.100,0.270
2026,4,2026_04_TEN_BAL,BAL,TEN,Mark Andrews,TE,TE1,0,0,0,0,6,5,27,0.207,0.000,,27.000,11.500,0,,56.540,0.424,0.000,0.000,,,0.279,1.419,0.008,,4.751,3.293,29.825,0.208,0.177,6.189,0.594,133,0,0,0,0.000,0.000,0.000,0.000,0.000,0.000,0.000,1.000,1.000,0.279,4.751,00-0034796,0.207,4.811,30.232,107,3.321,5.220,7.565,-0.046,66.396,,,,,,,,0.058,0.003,,,,,37.228,0.775,0.000,-7.403,0.644,231.415,89.314,160.057,44.143,26.742,0.065,0.005,35.621,0.786,25.101,-15.984,25.100,0.270
2026,4,2026_04_TEN_BAL,BAL,TEN,Matthew Hibner,TE,,0,0,0,0,2,2,34,0.069,0.000,,27.000,11.500,0,,56.540,0.424,0.000,0.000,,,0.000,0.000,0.000,,1.543,1.543,18.432,0.073,0.017,12.185,0.427,3,0,0,0,0.000,0.000,0.000,0.000,0.000,0.000,0.000,1.000,1.000,0.000,1.543,00-0034796,0.073,1.543,18.432,2,,,,,,,,,,,,,0.000,0.000,,,,,7.259,0.000,0.000,11.174,0.000,231.415,89.314,160.057,44.143,26.742,0.065,0.005,,,25.101,-15.984,25.100,0.270
2026,4,2026_04_TEN_BAL,BAL,TEN,Devontez Walker,WR,WR3,0,0,0,0,2,1,19,0.069,0.000,,27.000,11.500,0,,56.540,0.424,0.000,0.000,,,0.000,0.000,0.000,,1.189,0.621,18.090,0.053,0.146,15.142,0.280,14,0,0,0,0.000,0.000,0.000,0.000,0.000,0.000,0.000,1.000,1.000,0.000,1.189,00-0034796,0.056,1.257,19.089,12,,,,,,,,,,,,,0.000,0.000,,,,,17.830,0.000,0.000,5.495,0.000,231.415,89.314,160.057,44.143,26.742,0.065,0.005,22.113,1.128,25.101,-15.984,25.100,0.270
2026,4,2026_04_TEN_BAL,BAL,TEN,Elijah Sarratt,WR,,0,0,0,0,2,1,13,0.069,0.000,,27.000,11.500,0,,56.540,0.424,,,,,,,,,,,,,,,,1,0,0,0,0.000,0.000,0.000,0.000,0.000,0.000,0.000,1.000,1.000,,,00-0034796,,,,0,,,,,,,,,,,,,,,,,,,,,,,,231.415,89.314,160.057,44.143,26.742,0.065,0.005,,,25.101,-15.984,25.100,0.270
2026,4,2026_04_TEN_BAL,BAL,TEN,LaJohntay Wester,WR,,0,0,0,0,0,0,0,0.000,0.000,,27.000,11.500,0,,56.540,0.424,0.000,0.000,,,0.000,0.000,0.000,,0.520,0.379,3.758,0.020,0.009,,0.191,18,0,0,0,0.000,0.000,0.000,0.000,0.000,0.000,0.000,1.000,1.000,0.000,0.520,00-0034796,0.020,0.540,3.906,14,,,,,,,,,,,,,,,,,,,,,,,,231.415,89.314,160.057,44.143,26.742,0.065,0.005,,,25.101,-15.984,25.100,0.270
2026,4,2026_04_TEN_BAL,BAL,TEN,Rashod Bateman,WR,WR2,0,0,0,0,2,2,46,0.069,0.000,,27.000,11.500,0,,56.540,0.424,0.000,0.000,,,0.000,0.001,0.000,,3.317,2.038,27.478,0.132,0.177,6.631,0.758,70,0,0,0,0.000,0.000,0.000,0.000,0.000,0.000,0.000,1.000,1.000,0.000,3.317,00-0034796,0.142,3.643,30.059,59,,,,,,,,,,,,,0.051,0.000,,,,,27.980,0.000,0.000,-0.503,0.001,231.415,89.314,160.057,44.143,26.742,0.065,0.005,47.257,1.320,25.101,-15.984,25.100,0.270
2026,4,2026_04_TEN_BAL,BAL,TEN,Zay Flowers,WR,WR1,0,0,0,0,10,8,118,0.345,0.000,,27.000,11.500,0,,56.540,0.424,0.000,0.000,,,0.496,5.847,0.014,9.347,6.360,4.782,86.578,0.297,0.371,13.894,0.695,55,1,1,0,0.000,0.000,0.000,0.000,0.000,0.000,0.000,1.000,1.000,0.496,6.360,00-0034796,0.298,6.455,90.538,50,3.219,5.906,11.086,1.989,75.406,,,,,,,,0.072,0.196,6.539,2.808,0.021,,56.027,2.842,0.000,30.552,3.005,231.415,89.314,160.057,44.143,26.742,0.065,0.005,70.398,1.192,25.101,-15.984,25.100,0.270
2026,4,2026_04_NE_BUF,BUF,NE,Josh Allen,QB,,33,253,5,4,0,0,0,0.000,0.250,,28.250,7.000,0,,62.178,0.486,29.956,243.998,8.149,5.855,8.910,39.170,0.286,4.328,0.159,0.159,0.168,0.006,-0.005,7.129,0.995,145,0,0,0,0.000,0.000,0.000,0.950,0.568,0.000,0.000,1.000,1.000,8.910,0.159,00-0034857,,,,0,,,,,,,,,2.882,10.416,0.593,-0.206,0.000,0.268,2.737,1.612,0.193,0.206,0.651,30.402,234.567,-0.492,8.768,182.180,87.131,112.989,39.910,29.089,-0.065,0.001,,,-38.098,-9.454,-38.091,0.325
2026,4,2026_04_NE_BUF,BUF,NE,James Cook,RB,RB1,0,0,12,75,2,2,8,0.067,0.600,,28.250,7.000,0,,62.178,0.486,0.000,0.000,,,18.527,99.318,0.590,5.393,2.476,1.488,10.655,0.085,0.004,4.473,0.606,79,0,0,0,0.000,0.000,0.000,0.950,0.568,0.000,0.000,1.000,1.000,18.527,2.476,00-0034857,0.091,2.660,11.847,76,,,,,,3.395,29.812,0.829,,,,,0.091,0.081,3.573,1.799,1.209,,15.089,76.319,0.000,-4.434,22.999,182.180,87.131,112.989,39.910,29.089,-0.065,0.001,49.196,0.875,-38.098,-9.454,-38.091,0.325
2026,4,2026_04_NE_BUF,BUF,NE,Ray Davis,RB,,0,0,1,3,1,1,4,0.033,0.050,,28.250,7.000,0,,62.178,0.486,0.000,0.000,,,2.729,16.453,0.071,,0.720,0.676,8.447,0.025,-0.003,,0.205,42,1,1,0,0.000,0.000,0.000,0.950,0.568,0.000,0.000,1.000,1.000,2.729,0.720,00-0034857,0.022,0.618,7.194,39,,,,,,,,,,,,,,,,,,,,,,,,182.180,87.131,112.989,39.910,29.089,-0.065,0.001,,,-38.098,-9.454,-38.091,0.325
2026,4,2026_04_NE_BUF,BUF,NE,Ty Johnson,RB,,0,0,1,3,2,2,9,0.067,0.050,,28.250,7.000,0,,62.178,0.486,0.000,0.000,,,3.802,13.736,0.105,,2.578,2.215,24.303,0.093,-0.020,9.191,0.300,104,0,0,0,0.000,0.000,0.000,0.950,0.568,0.000,0.000,1.000,1.000,3.802,2.578,00-0034857,0.095,2.626,24.335,47,,,,,,,,,,,,,0.021,0.469,,,,,14.872,13.823,0.000,6.851,-0.088,182.180,87.131,112.989,39.910,29.089,-0.065,0.001,,,-38.098,-9.454,-38.091,0.325
2026,4,2026_04_NE_BUF,BUF,NE,Dalton Kincaid,TE,TE1,0,0,0,0,2,1,7,0.067,0.000,,28.250,7.000,0,,62.178,0.486,0.000,0.000,,,0.000,0.000,0.000,,4.767,3.827,60.527,0.165,0.203,11.969,0.503,52,0,0,0,0.000,0.000,0.000,0.950,0.568,0.000,0.000,1.000,1.000,0.000,4.767,00-0034857,0.167,4.828,59.937,50,,,,,,,,,,,,,0.018,0.248,,,,,44.527,0.000,0.000,16.000,0.000,182.180,87.131,112.989,39.910,29.089,-0.065,0.001,30.956,0.970,-38.098,-9.454,-38.091,0.325
2026,4,2026_04_NE_BUF,BUF,NE,Dawson Knox,TE,,0,0,0,0,2,2,13,0.067,0.000,,28.250,7.000,0,,62.178,0.486,0.000,0.000,,,0.159,0.000,0.005,4.111,2.657,2.184,19.907,0.090,0.077,7.156,0.619,115,0,0,0,0.000,0.000,0.000,0.950,0.568,0.000,0.000,1.000,1.000,0.159,2.657,00-0034857,0.094,2.764,20.314,113,,,,,,,,,,,,,0.025,0.000,2.741,1.370,0.000,,18.064,0.586,0.000,1.844,-0.586,182.180,87.131,112.989,39.910,29.089,-0.065,0.001,,,-38.098,-9.454,-38.091,0.325
2026,4,2026_04_NE_BUF,BUF,NE,Keleki Latu,TE,,0,0,0,0,0,0,0,0.000,0.000,,28.250,7.000,0,,62.178,0.486,0.000,0.000,,,0.000,0.000,0.000,,0.720,0.720,6.567,0.025,0.009,,0.220,6,0,0,0,0.000,0.000,0.000,0.950,0.568,0.000,0.000,1.000,1.000,0.000,0.720,00-0034857,0.006,0.189,0.757,4,,,,,,,,,,,,,,,,,,,,,,,,182.180,87.131,112.989,39.910,29.089,-0.065,0.001,,,-38.098,-9.454,-38.091,0.325
2026,4,2026_04_NE_BUF,BUF,NE,DJ Moore,WR,WR2,0,0,1,6,2,1,11,0.067,0.050,,28.250,7.000,0,,62.178,0.486,0.015,0.028,,,0.521,1.784,0.016,,5.862,3.608,47.575,0.191,0.236,7.566,0.730,137,0,1,0,0.000,0.000,0.000,0.950,0.568,0.000,0.000,1.000,1.000,0.521,5.862,00-0034857,0.230,6.145,54.047,3,3.243,6.953,12.716,0.641,66.974,,,,,,,,0.048,0.526,,,,,51.191,3.235,0.024,-3.821,-1.451,182.180,87.131,112.989,39.910,29.089,-0.065,0.001,29.048,0.901,-38.098,-9.454,-38.091,0.325
2026,4,2026_04_NE_BUF,BUF,NE,Greg Dortch,WR,,0,0,0,0,0,0,0,0.000,0.000,,28.250,7.000,0,,62.178,0.486,0.000,0.000,,,0.396,0.562,0.018,,1.929,1.635,13.552,0.046,0.014,,0.249,72,0,0,0,0.000,0.000,0.000,0.950,0.568,0.000,0.000,1.000,1.000,0.396,1.929,00-0034857,0.000,0.000,0.000,3,,,,,,,,,,,,,,,,,,,,,,,,182.180,87.131,112.989,39.910,29.089,-0.065,0.001,,,-38.098,-9.454,-38.091,0.325
2026,4,2026_04_NE_BUF,BUF,NE,Josh Palmer,WR,,0,0,0,0,4,1,3,0.133,0.000,,28.250,7.000,0,,62.178,0.486,0.000,0.000,,,0.001,0.006,0.000,,2.857,1.469,25.761,0.099,0.138,9.640,0.490,72,0,0,0,0.000,0.000,0.000,0.950,0.568,0.000,0.000,1.000,1.000,0.001,2.857,00-0034857,0.091,2.598,26.970,13,,,,,,,,,,,,,0.056,0.001,,,,,24.625,0.008,0.000,1.104,-0.001,182.180,87.131,112.989,39.910,29.089,-0.065,0.001,,,-38.098,-9.454,-38.091,0.325
2026,4,2026_04_NE_BUF,BUF,NE,Keon Coleman,WR,WR3,0,0,0,0,7,6,116,0.233,0.000,,28.250,7.000,0,,62.178,0.486,0.000,0.000,,,0.005,0.045,0.000,,3.436,2.308,30.662,0.119,0.181,10.598,0.574,34,0,1,0,0.000,0.000,0.000,0.950,0.568,0.000,0.000,1.000,1.000,0.005,3.436,00-0034857,0.118,3.431,29.169,31,,,,,,,,,,,,,0.067,0.019,,,,,29.552,0.035,0.000,1.110,0.010,182.180,87.131,112.989,39.910,29.089,-0.065,0.001,27.253,1.004,-38.098,-9.454,-38.091,0.325
2026,4,2026_04_NE_BUF,BUF,NE,Khalil Shakir,WR,WR1,0,0,0,0,8,7,82,0.267,0.000,,28.250,7.000,0,,62.178,0.486,0.000,0.000,,,0.011,0.053,0.000,,6.218,4.530,43.037,0.211,0.108,6.298,0.614,70,0,0,0,0.000,0.000,0.000,0.950,0.568,0.000,0.000,1.000,1.000,0.011,6.218,00-0034857,0.211,6.218,43.037,69,,,,,,,,,,,,,0.042,0.431,,,,,41.813,0.069,0.000,-0.829,-0.016,182.180,87.131,112.989,39.910,29.089,-0.065,0.001,44.468,0.733,-38.098,-9.454,-38.091,0.325
2026,4,2026_04_NYJ_CHI,CHI,NYJ,Tyson Bagent,QB,,34,268,4,1,0,0,0,0.000,0.074,,23.500,3.500,0,,67.399,0.531,8.247,52.512,8.565,-1.543,1.671,5.086,0.053,,0.000,0.000,0.000,0.000,0.000,,0.247,13,0,0,0,0.000,0.000,0.000,0.000,0.092,0.000,0.000,1.000,1.000,1.671,0.000,00-0028986,,,,0,,,,,,,,,,,,,,,,,,0.268,0.000,5.182,50.963,0.000,-0.096,225.608,104.475,128.188,54.857,42.441,0.067,0.004,,,1.582,4.338,1.582,0.405
2026,4,2026_04_NYJ_CHI,CHI,NYJ,D'Andre Swift,RB,RB1,0,0,15,58,2,2,16,0.065,0.278,,23.500,3.500,0,,67.399,0.531,0.000,0.000,,,15.721,72.072,0.498,4.544,2.488,2.011,18.361,0.078,-0.009,7.582,0.604,96,0,0,0,0.000,0.000,0.000,0.000,0.092,0.000,0.000,1.000,1.000,15.721,2.488,00-0028986,0.088,3.000,4.000,1,,,,,,4.095,21.812,0.126,,,,,0.048,0.303,2.638,1.897,0.866,,15.227,64.950,-0.000,2.627,7.122,225.608,104.475,128.188,54.857,42.441,0.067,0.004,58.181,0.927,1.582,4.338,1.582,0.405
2026,4,2026_04_NYJ_CHI,CHI,NYJ,Kyle Monangai,RB,,0,0,30,146,1,1,4,0.032,0.556,,23.500,3.500,0,,67.399,0.531,0.000,0.000,,,10.307,47.534,0.323,4.500,1.979,1.500,14.221,0.059,0.004,,0.395,23,0,0,0,0.000,0.000,0.000,0.000,0.092,0.000,0.000,1.000,1.000,10.307,1.979,00-0028986,0.000,0.000,0.000,1,,,,,,3.870,23.243,0.634,,,,,,,2.112,2.377,0.216,,12.433,43.154,0.000,1.788,4.380,225.608,104.475,128.188,54.857,42.441,0.067,0.004,,,1.582,4.338,1.582,0.405
2026,4,2026_04_NYJ_CHI,CHI,NYJ,Roschon Johnson,RB,,0,0,4,16,1,1,7,0.032,0.074,,23.500,3.500,0,,67.399,0.531,0.000,0.000,,,1.222,4.492,0.043,,0.488,0.431,2.233,0.018,-0.003,,0.093,36,0,0,0,0.000,0.000,0.000,0.000,0.092,0.000,0.000,1.000,1.000,1.222,0.488,00-0028986,,,,0,,,,,,,,,,,,,,,,,,,,,,,,225.608,104.475,128.188,54.857,42.441,0.067,0.004,,,1.582,4.338,1.582,0.405
2026,4,2026_04_NYJ_CHI,CHI,NYJ,Cole Kmet,TE,,0,0,0,0,2,2,13,0.065,0.000,,23.500,3.500,0,,67.399,0.531,0.014,0.000,,,0.080,0.080,0.003,,2.328,1.365,15.726,0.073,0.065,5.253,0.676,104,0,0,0,0.000,0.000,0.000,0.000,0.092,0.000,0.000,1.000,1.000,0.080,2.328,00-0028986,0.029,1.000,0.000,1,,,,,,,,,,,,,0.170,0.089,,,,,17.488,0.525,0.166,-1.660,-0.445,225.608,104.475,128.188,54.857,42.441,0.067,0.004,,,1.582,4.338,1.582,0.405
2026,4,2026_04_NYJ_CHI,CHI,NYJ,Colston Loveland,TE,TE1,0,0,0,0,9,6,57,0.290,0.000,,23.500,3.500,0,,67.399,0.531,0.000,0.000,,,0.041,-0.082,0.001,,6.295,3.815,45.371,0.182,0.167,6.070,0.772,22,0,0,0,0.000,0.000,0.000,0.000,0.092,0.000,0.000,1.000,1.000,0.041,6.295,00-0028986,0.118,4.000,31.000,1,,,,,,,,,,,,,0.067,0.067,,,,,51.235,0.135,0.000,-5.864,-0.217,225.608,104.475,128.188,54.857,42.441,0.067,0.004,38.297,0.973,1.582,4.338,1.582,0.405
2026,4,2026_04_NYJ_CHI,CHI,NYJ,Sam Roush,TE,,0,0,0,0,1,1,8,0.032,0.000,,23.500,3.500,0,,67.399,0.531,0.000,0.000,,,0.000,0.000,0.000,,1.914,1.000,12.802,0.062,0.046,10.062,0.243,3,0,0,0,0.000,0.000,0.000,0.000,0.092,0.000,0.000,1.000,1.000,0.000,1.914,00-0028986,0.029,1.000,16.000,1,,,,,,,,,,,,,0.305,0.000,,,,,14.433,0.000,0.000,-1.630,0.000,225.608,104.475,128.188,54.857,42.441,0.067,0.004,,,1.582,4.338,1.582,0.405
2026,4,2026_04_NYJ_CHI,CHI,NYJ,Kalif Raymond,WR,WR3,0,0,0,0,2,2,6,0.065,0.000,,23.500,3.500,0,,67.399,0.531,0.000,0.000,,,0.049,0.412,0.002,,4.141,3.647,44.911,0.132,0.101,10.697,0.445,108,0,0,0,0.000,0.000,0.000,0.000,0.092,0.000,0.000,1.000,1.000,0.049,4.141,00-0028986,0.206,7.000,90.000,1,3.985,7.768,7.683,0.278,81.140,,,,,,,,0.000,0.162,,,,,32.699,0.450,0.000,13.765,0.082,225.608,104.475,128.188,54.857,42.441,0.067,0.004,28.778,1.518,1.582,4.338,1.582,0.405
2026,4,2026_04_NYJ_CHI,CHI,NYJ,Luther Burden III,WR,WR1,0,0,1,11,6,4,63,0.194,0.019,,23.500,3.500,0,,67.399,0.531,0.000,0.000,,,0.657,2.452,0.021,3.731,6.698,4.313,50.784,0.204,0.202,7.878,0.563,21,0,0,0,0.000,0.000,0.000,0.000,0.092,0.000,0.000,1.000,1.000,0.657,6.698,00-0028986,0.324,11.000,61.000,1,3.487,7.590,7.958,1.049,64.416,,,,,,,,0.069,0.591,2.572,1.160,0.041,,47.732,3.943,0.000,3.051,-1.491,225.608,104.475,128.188,54.857,42.441,0.067,0.004,56.123,1.004,1.582,4.338,1.582,0.405
2026,4,2026_04_NYJ_CHI,CHI,NYJ,Rome Odunze,WR,WR2,0,0,0,0,7,6,94,0.226,0.000,,23.500,3.500,0,,67.399,0.531,0.000,0.000,,,0.004,0.021,0.000,,5.828,2.776,45.699,0.177,0.311,8.322,0.786,35,0,0,0,0.000,0.000,0.000,0.000,0.092,0.000,0.000,1.000,1.000,0.004,5.828,00-0028986,0.176,6.000,44.000,1,2.357,6.471,15.165,1.001,42.935,,,,,,,,0.057,0.355,,,,,53.873,0.023,0.000,-8.174,-0.003,225.608,104.475,128.188,54.857,42.441,0.067,0.004,31.098,0.721,1.582,4.338,1.582,0.405
2026,4,2026_04_NYJ_CHI,CHI,NYJ,Zavion Thomas,WR,,0,0,0,0,0,0,0,0.000,0.000,,23.500,3.500,0,,67.399,0.531,0.000,0.000,,,0.000,0.000,0.000,,0.543,0.543,0.543,0.016,-0.010,1.000,0.073,3,0,0,0,0.000,0.000,0.000,0.000,0.092,0.000,0.000,1.000,1.000,0.000,0.543,00-0028986,0.029,1.000,1.000,1,,,,,,,,,,,,,0.000,0.000,,,,,4.560,0.000,0.000,-3.560,0.000,225.608,104.475,128.188,54.857,42.441,0.067,0.004,,,1.582,4.338,1.582,0.405
2026,4,2026_04_JAX_CIN,CIN,JAX,Joe Burrow,QB,,54,428,3,6,0,0,0,0.000,0.200,,27.000,2.500,0,,60.736,0.607,35.142,255.932,7.293,5.342,2.190,8.662,0.089,3.660,0.000,0.000,0.000,0.000,0.000,,0.954,88,0,0,0,0.110,0.000,0.000,0.000,0.000,0.000,0.114,1.000,1.019,2.190,0.000,00-0036442,,,,0,,,,,,,,,2.657,13.074,3.620,-1.390,,,3.392,0.273,0.000,0.220,0.000,9.006,252.210,0.000,-0.344,231.892,64.361,157.039,41.935,32.380,-0.063,0.004,,,-10.775,-10.464,-10.778,0.254
2026,4,2026_04_JAX_CIN,CIN,JAX,Chase Brown,RB,RB1,0,0,9,10,11,11,71,0.208,0.600,,27.000,2.500,0,,60.736,0.607,0.000,0.000,,,15.207,67.704,0.646,4.480,4.783,3.816,21.483,0.134,-0.012,4.862,0.674,49,0,0,0,0.110,0.000,0.000,0.000,0.000,0.000,0.114,1.000,1.019,15.207,4.874,00-0036442,0.127,4.469,20.868,31,,,,,,4.102,20.115,0.207,,,,,0.023,0.463,2.718,1.764,1.036,,27.163,64.978,0.000,-6.815,2.733,231.892,64.361,157.039,41.935,32.380,-0.063,0.004,41.246,0.680,-10.775,-10.464,-10.778,0.254
2026,4,2026_04_JAX_CIN,CIN,JAX,Samaje Perine,RB,,0,0,3,7,1,0,0,0.019,0.200,,27.000,2.500,0,,60.736,0.607,0.000,0.000,,,5.134,20.719,0.210,3.927,2.013,1.480,11.185,0.057,0.003,6.714,0.354,114,0,0,0,0.110,0.000,0.000,0.000,0.000,0.000,0.114,1.000,1.019,5.134,2.052,00-0036442,0.070,2.445,12.684,54,,,,,,,,,,,,,0.023,0.085,2.308,1.630,0.181,,11.892,21.759,0.000,-0.602,-1.004,231.892,64.361,157.039,41.935,32.380,-0.063,0.004,,,-10.775,-10.464,-10.778,0.254
2026,4,2026_04_JAX_CIN,CIN,JAX,Mike Gesicki,TE,TE1,0,0,0,0,5,3,40,0.094,0.000,,27.000,2.500,0,,60.736,0.607,0.000,0.000,,,0.000,0.000,0.000,,3.969,3.070,38.274,0.112,0.151,9.898,0.418,125,0,0,0,0.110,0.000,0.000,0.000,0.000,0.000,0.114,1.000,1.019,0.000,4.045,00-0036442,0.115,4.194,41.755,25,,,,,,,,,,,,,0.038,0.000,,,,,30.576,0.000,0.000,7.698,0.000,231.892,64.361,157.039,41.935,32.380,-0.063,0.004,25.363,0.680,-10.775,-10.464,-10.778,0.254
2026,4,2026_04_JAX_CIN,CIN,JAX,Tanner Hudson,TE,,0,0,0,0,1,1,2,0.019,0.000,,27.000,2.500,0,,60.736,0.607,0.000,0.000,,,0.008,0.008,0.001,,2.075,1.755,14.769,0.057,0.034,7.739,0.196,49,0,0,0,0.110,0.000,0.000,0.000,0.000,0.000,0.114,1.000,1.019,0.008,2.114,00-0036442,0.057,2.088,14.883,21,,,,,,,,,,,,,0.002,0.044,,,,,12.972,0.027,0.000,1.798,-0.019,231.892,64.361,157.039,41.935,32.380,-0.063,0.004,,,-10.775,-10.464,-10.778,0.254
2026,4,2026_04_JAX_CIN,CIN,JAX,Dohnte Meyers,WR,,0,0,0,0,9,7,82,0.170,0.000,,27.000,2.500,0,,60.736,0.607,0.000,0.000,,,0.278,2.775,0.010,,2.570,1.455,16.377,0.072,0.022,7.272,0.324,4,0,0,0,0.110,0.000,0.000,0.000,0.000,0.000,0.114,1.000,1.019,0.278,2.619,00-0036442,0.072,2.570,16.377,3,4.363,4.960,3.242,3.134,60.000,,,,,,,,0.409,0.000,,,,,14.926,1.879,0.000,1.450,0.896,231.892,64.361,157.039,41.935,32.380,-0.063,0.004,,,-10.775,-10.464,-10.778,0.254
2026,4,2026_04_JAX_CIN,CIN,JAX,Ja'Marr Chase,WR,WR1,0,0,0,0,3,3,27,0.057,0.000,,27.000,2.500,0,,60.736,0.607,0.000,-0.001,,,0.082,0.500,0.004,,10.366,7.258,80.775,0.290,0.356,7.491,0.940,89,0,0,0,0.110,0.000,0.000,0.000,0.000,0.000,0.114,1.000,1.019,0.082,10.565,00-0036442,0.282,10.074,81.289,72,3.079,6.193,8.434,1.315,71.254,,,,,,,,0.024,0.247,,,,,78.599,0.517,0.000,2.177,-0.017,231.892,64.361,157.039,41.935,32.380,-0.063,0.004,64.805,1.387,-10.775,-10.464,-10.778,0.254
2026,4,2026_04_JAX_CIN,CIN,JAX,Mitchell Tinsley,WR,WR3,0,0,0,0,7,3,49,0.132,0.000,,27.000,2.500,0,,60.736,0.607,0.000,0.000,,,0.000,0.000,0.000,,3.204,0.989,14.299,0.087,0.153,5.057,0.408,9,0,0,0,0.110,0.000,0.000,0.000,0.000,0.000,0.114,1.000,1.019,0.000,3.266,00-0036442,0.088,3.550,11.386,3,,,,,,,,,,,,,0.089,0.000,,,,,26.708,0.000,0.000,-12.409,0.000,231.892,64.361,157.039,41.935,32.380,-0.063,0.004,20.494,0.832,-10.775,-10.464,-10.778,0.254
2026,4,2026_04_JAX_CIN,CIN,JAX,Tee Higgins,WR,WR2,0,0,0,0,16,11,157,0.302,0.000,,27.000,2.500,0,,60.736,0.607,0.000,0.000,,,0.000,0.000,0.000,,7.263,4.666,71.353,0.207,0.396,10.478,0.784,93,0,0,0,0.110,0.000,0.000,0.000,0.000,0.000,0.114,1.000,1.019,0.000,7.402,00-0036442,0.219,7.546,73.742,71,2.085,6.156,13.236,0.816,64.262,,,,,,,,0.015,0.262,,,,,63.688,0.000,0.000,7.665,-0.000,231.892,64.361,157.039,41.935,32.380,-0.063,0.004,39.806,1.038,-10.775,-10.464,-10.778,0.254
2026,4,2026_04_PIT_CLE,CLE,PIT,Deshaun Watson,QB,,33,268,7,22,0,0,0,0.000,0.259,1.000,18.000,-2.500,0,11.000,54.060,0.533,28.097,179.541,6.508,-1.929,5.951,26.362,0.235,4.360,0.000,0.000,0.001,0.000,0.000,,0.910,73,0,0,0,0.188,0.000,0.000,0.998,0.000,0.000,0.024,1.000,1.003,5.951,0.000,00-0033537,,,,0,,,,,,,,,2.984,14.415,-1.722,-2.929,,,2.825,1.537,0.419,0.267,0.000,31.283,182.567,0.000,-4.921,235.952,102.533,155.431,51.867,28.464,-0.007,0.010,,,19.912,2.334,19.912,0.369
2026,4,2026_04_PIT_CLE,CLE,PIT,Jaleel McLaughlin,RB,,0,0,1,28,0,0,0,0.000,0.037,0.020,18.000,-2.500,0,11.000,54.060,0.533,0.000,0.000,,,4.490,21.437,0.179,4.219,1.121,0.565,3.124,0.038,-0.048,2.520,0.177,46,0,0,0,0.188,0.000,0.000,0.998,0.000,0.000,0.024,1.000,1.003,4.490,1.124,00-0033537,0.033,1.000,0.000,1,,,,,,,,,,,,,0.116,0.125,2.265,1.975,0.592,,6.490,20.614,0.000,-3.366,0.823,235.952,102.533,155.431,51.867,28.464,-0.007,0.010,,,19.912,2.334,19.912,0.369
2026,4,2026_04_PIT_CLE,CLE,PIT,Quinshon Judkins,RB,RB1,0,0,17,53,7,6,43,0.212,0.630,0.660,18.000,-2.500,0,11.000,54.060,0.533,0.000,0.000,,,14.782,45.698,0.595,2.908,3.055,2.560,16.285,0.106,-0.023,5.343,0.551,18,0,0,0,0.188,0.000,0.000,0.998,0.000,0.000,0.024,1.000,1.003,14.782,3.066,00-0033537,0.106,2.990,17.161,3,,,,,,5.452,37.753,-0.415,,,,,0.017,0.122,1.360,1.558,1.008,,15.924,61.002,0.000,0.361,-15.304,235.952,102.533,155.431,51.867,28.464,-0.007,0.010,69.720,1.035,19.912,2.334,19.912,0.369
2026,4,2026_04_PIT_CLE,CLE,PIT,Raheim Sanders,RB,,0,0,2,9,2,2,7,0.061,0.074,0.340,18.000,-2.500,0,11.000,54.060,0.533,0.000,0.000,,,3.633,14.887,0.139,5.831,2.259,1.919,15.489,0.086,0.005,6.626,0.305,8,0,0,0,0.188,0.000,0.000,0.998,0.000,0.000,0.024,1.000,1.003,3.633,2.267,00-0033537,0.114,3.125,22.592,3,,,,,,,,,,,,,0.000,0.369,3.596,2.230,0.000,,13.106,14.056,0.000,2.383,0.831,235.952,102.533,155.431,51.867,28.464,-0.007,0.010,,,19.912,2.334,19.912,0.369
2026,4,2026_04_PIT_CLE,CLE,PIT,Blake Whiteheart,TE,,0,0,0,0,0,0,0,0.000,0.000,0.340,18.000,-2.500,0,11.000,54.060,0.533,0.000,0.000,,,0.000,0.000,0.000,,1.026,0.480,5.594,0.038,0.028,4.695,0.403,19,0,0,0,0.188,0.000,0.000,0.998,0.000,0.000,0.024,1.000,1.003,0.000,1.029,00-0033537,0.067,1.947,14.900,3,,,,,,,,,,,,,0.000,0.000,,,,,8.122,0.000,0.000,-1.834,0.000,235.952,102.533,155.431,51.867,28.464,-0.007,0.010,,,19.912,2.334,19.912,0.369
2026,4,2026_04_PIT_CLE,CLE,PIT,Harold Fannin Jr.,TE,TE1,0,0,0,0,5,3,27,0.152,0.000,0.890,18.000,-2.500,0,11.000,54.060,0.533,0.000,0.000,,,0.287,0.470,0.012,,6.607,4.625,45.383,0.229,0.234,7.628,0.786,20,0,0,0,0.188,0.000,0.000,0.998,0.000,0.000,0.024,1.000,1.003,0.287,6.629,00-0033537,0.222,6.345,43.665,3,3.878,5.332,5.961,1.285,68.395,,,,,,,,0.061,0.504,,,,,37.887,0.937,0.000,7.496,-0.467,235.952,102.533,155.431,51.867,28.464,-0.007,0.010,30.198,1.008,19.912,2.334,19.912,0.369
2026,4,2026_04_PIT_CLE,CLE,PIT,Denzel Boston,WR,WR3,0,0,0,0,7,4,89,0.212,0.000,0.950,18.000,-2.500,0,11.000,54.060,0.533,0.000,0.000,,,0.000,0.000,0.000,,4.990,2.990,63.816,0.180,0.438,12.595,0.912,4,0,0,0,0.188,0.000,0.000,0.998,0.000,0.000,0.024,1.000,1.003,0.000,5.007,00-0033537,0.180,4.990,63.816,3,,,,,,,,,,,,,0.047,0.392,,,,,36.869,0.000,0.000,26.948,0.000,235.952,102.533,155.431,51.867,28.464,-0.007,0.010,,,19.912,2.334,19.912,0.369
2026,4,2026_04_PIT_CLE,CLE,PIT,Isaiah Bond,WR,,0,0,0,0,1,1,2,0.030,0.000,0.110,18.000,-2.500,0,11.000,54.060,0.533,0.000,0.000,,,0.361,1.484,0.014,,2.046,1.000,21.821,0.072,0.183,9.925,0.399,17,0,0,0,0.188,0.000,0.000,0.998,0.000,0.000,0.024,1.000,1.003,0.361,2.053,00-0033537,0.033,1.000,10.000,1,,,,,,,,,,,,,0.024,0.026,,,,,16.669,1.986,0.000,3.032,-0.502,235.952,102.533,155.431,51.867,28.464,-0.007,0.010,,,19.912,2.334,19.912,0.369
2026,4,2026_04_PIT_CLE,CLE,PIT,Jerry Jeudy,WR,WR2,0,0,0,0,3,3,36,0.091,0.000,0.380,18.000,-2.500,0,11.000,54.060,0.533,0.000,0.000,,,0.113,0.563,0.005,,4.846,2.460,28.749,0.183,0.299,5.187,0.784,94,0,0,0,0.188,0.000,0.000,0.998,0.000,0.000,0.024,1.000,1.003,0.113,4.862,00-0033537,0.146,4.288,29.003,8,,,,,,,,,,,,,0.028,0.001,,,,,38.693,0.778,0.000,-9.944,-0.215,235.952,102.533,155.431,51.867,28.464,-0.007,0.010,59.833,1.590,19.912,2.334,19.912,0.369
2026,4,2026_04_PIT_CLE,CLE,PIT,KC Concepcion,WR,WR1,0,0,0,0,8,5,64,0.242,0.000,0.920,18.000,-2.500,0,11.000,54.060,0.533,0.000,0.000,,,1.163,2.183,0.052,,6.900,3.875,24.706,0.247,0.195,4.319,0.747,4,0,0,0,0.188,0.000,0.000,0.998,0.000,0.000,0.024,1.000,1.003,1.163,6.923,00-0033537,0.247,6.900,24.706,3,3.491,7.741,5.950,-1.749,63.925,,,,,,,,0.000,0.278,,,,,44.923,7.203,0.000,-20.217,-5.020,235.952,102.533,155.431,51.867,28.464,-0.007,0.010,60.499,0.936,19.912,2.334,19.912,0.369
2026,4,2026_04_PIT_CLE,CLE,PIT,Malachi Corley,WR,,0,0,0,0,0,0,0,0.000,0.000,0.220,18.000,-2.500,0,11.000,54.060,0.533,0.000,0.000,,,0.728,5.895,0.028,,0.821,0.626,4.597,0.034,-0.001,,0.183,21,0,0,0,0.188,0.000,0.000,0.998,0.000,0.000,0.024,1.000,1.003,0.728,0.824,00-0033537,0.000,0.000,0.000,3,,,,,,,,,,,,,,,,,,,,,,,,235.952,102.533,155.431,51.867,28.464,-0.007,0.010,,,19.912,2.334,19.912,0.369
2026,4,2026_04_DAL_HOU,DAL,HOU,Dak Prescott,QB,,45,335,2,7,0,0,0,0.000,0.080,,22.750,-3.000,1,0.000,62.138,0.568,33.649,251.943,7.436,8.737,3.147,14.063,0.120,4.247,0.000,0.000,0.000,0.000,0.000,,0.941,117,0,0,0,0.000,0.000,0.000,0.615,0.940,0.000,0.000,1.000,1.000,3.147,0.000,00-0033077,,,,0,,,,,,,,,2.784,19.666,4.099,0.191,,,3.327,0.946,0.191,0.224,0.000,14.290,256.132,0.000,-0.227,223.094,75.797,149.469,52.676,22.385,-0.082,-0.042,,,-11.462,-18.640,-11.461,0.315
2026,4,2026_04_DAL_HOU,DAL,HOU,Hunter Luepke,RB,,0,0,0,0,1,1,2,0.023,0.000,,22.750,-3.000,1,0.000,62.138,0.568,0.000,0.000,,,1.601,6.909,0.053,3.847,0.813,0.700,6.181,0.026,-0.001,,0.226,41,0,0,0,0.000,0.000,0.000,0.615,0.940,0.000,0.000,1.000,1.000,1.601,0.813,00-0033077,0.025,0.846,7.340,30,,,,,,,,,,,,,,,2.117,1.728,0.035,,5.684,7.816,0.000,1.217,-0.625,223.094,75.797,149.469,52.676,22.385,-0.082,-0.042,,,-11.462,-18.640,-11.461,0.315
2026,4,2026_04_DAL_HOU,DAL,HOU,Javonte Williams,RB,RB1,0,0,19,62,5,5,21,0.116,0.760,,22.750,-3.000,1,0.000,62.138,0.568,0.000,0.000,,,14.599,63.101,0.563,4.179,3.149,2.235,10.992,0.092,-0.023,3.061,0.663,75,0,0,0,0.000,0.000,0.000,0.615,0.940,0.000,0.000,1.000,1.000,14.599,3.149,00-0033077,0.091,3.120,10.673,19,,,,,,3.766,15.971,0.359,,,,,0.005,0.009,2.279,1.893,1.081,,18.111,58.625,0.000,-7.119,4.477,223.094,75.797,149.469,52.676,22.385,-0.082,-0.042,55.304,0.813,-11.462,-18.640,-11.461,0.315
2026,4,2026_04_DAL_HOU,DAL,HOU,Tyler Goodson,RB,,0,0,3,12,1,0,0,0.023,0.120,,22.750,-3.000,1,0.000,62.138,0.568,0.000,0.000,,,1.860,6.577,0.068,3.741,0.414,0.318,-0.009,0.010,-0.003,1.450,0.071,32,0,0,0,0.000,0.000,0.000,0.615,0.940,0.000,0.000,1.000,1.000,1.860,0.414,00-0033077,0.025,1.000,-5.000,1,,,,,,,,,,,,,0.136,0.123,2.180,1.567,0.000,,3.945,11.308,0.000,-2.921,-2.279,223.094,75.797,149.469,52.676,22.385,-0.082,-0.042,,,-11.462,-18.640,-11.461,0.315
2026,4,2026_04_DAL_HOU,DAL,HOU,Brevyn Spann-Ford,TE,,0,0,0,0,1,0,0,0.023,0.000,,22.750,-3.000,1,0.000,62.138,0.568,0.000,0.000,,,0.000,0.000,0.000,,1.081,0.833,10.993,0.035,0.031,8.754,0.308,31,0,0,0,0.000,0.000,0.000,0.615,0.940,0.000,0.000,1.000,1.000,0.000,1.081,00-0033077,0.025,0.880,8.775,23,,,,,,,,,,,,,0.000,0.166,,,,,12.653,0.000,0.000,1.812,0.000,223.094,75.797,149.469,52.676,22.385,-0.082,-0.042,,,-11.462,-18.640,-11.461,0.315
2026,4,2026_04_DAL_HOU,DAL,HOU,Jake Ferguson,TE,TE1,0,0,0,0,4,3,11,0.093,0.000,,22.750,-3.000,1,0.000,62.138,0.568,0.000,0.000,,,0.033,0.033,0.001,,4.245,3.189,25.271,0.122,0.066,5.380,0.651,65,0,0,0,0.000,0.000,0.000,0.615,0.940,0.000,0.000,1.000,1.000,0.033,4.245,00-0033077,0.128,4.575,28.155,52,3.400,5.718,3.909,0.039,76.596,,,,,,,,0.006,0.206,,,,,27.186,0.215,0.000,-1.915,-0.181,223.094,75.797,149.469,52.676,22.385,-0.082,-0.042,41.471,1.045,-11.462,-18.640,-11.461,0.315
2026,4,2026_04_DAL_HOU,DAL,HOU,CeeDee Lamb,WR,WR1,0,0,1,-6,21,17,189,0.488,0.040,,22.750,-3.000,1,0.000,62.138,0.568,0.000,0.000,,,0.174,0.235,0.009,,8.160,5.860,85.057,0.236,0.327,10.020,0.763,102,0,0,0,0.000,0.000,0.000,0.615,0.940,0.000,0.000,1.000,1.000,0.174,8.160,00-0033077,0.258,9.067,93.489,75,3.034,5.973,12.098,0.625,72.009,,,,,,,,0.023,0.273,,,,,71.182,1.180,0.000,13.875,-0.945,223.094,75.797,149.469,52.676,22.385,-0.082,-0.042,50.114,1.020,-11.462,-18.640,-11.461,0.315
2026,4,2026_04_DAL_HOU,DAL,HOU,George Pickens,WR,WR2,0,0,0,0,3,2,75,0.070,0.000,,22.750,-3.000,1,0.000,62.138,0.568,0.000,0.000,,,0.003,0.010,0.000,,7.848,5.128,65.670,0.228,0.289,8.128,0.791,71,0,0,0,0.000,0.000,0.000,0.615,0.940,0.000,0.000,1.000,1.000,0.003,7.848,00-0033077,0.238,8.393,73.422,19,2.495,5.265,11.108,1.458,66.643,,,,,,,,0.046,0.414,,,,,63.856,0.020,0.000,1.814,-0.010,223.094,75.797,149.469,52.676,22.385,-0.082,-0.042,59.707,1.401,-11.462,-18.640,-11.461,0.315
2026,4,2026_04_DAL_HOU,DAL,HOU,Jonathan Mingo,WR,,0,0,0,0,2,0,0,0.047,0.000,,22.750,-3.000,1,0.000,62.138,0.568,0.000,0.000,,,0.014,0.035,0.001,,1.649,0.652,7.603,0.051,0.084,4.965,0.309,36,0,0,0,0.000,0.000,0.000,0.615,0.940,0.000,0.000,1.000,1.000,0.014,1.649,00-0033077,0.029,1.000,6.826,5,,,,,,,,,,,,,0.071,0.011,,,,,14.825,0.091,0.000,-7.222,-0.056,223.094,75.797,149.469,52.676,22.385,-0.082,-0.042,,,-11.462,-18.640,-11.461,0.315
2026,4,2026_04_DAL_HOU,DAL,HOU,KaVontae Turpin,WR,,0,0,0,0,0,0,0,0.000,0.000,,22.750,-3.000,1,0.000,62.138,0.568,0.000,0.000,,,0.955,5.549,0.037,5.333,1.752,1.113,18.000,0.050,0.066,14.362,0.232,72,0,0,0,0.000,0.000,0.000,0.615,0.940,0.000,0.000,1.000,1.000,0.955,1.752,00-0033077,0.052,1.882,20.551,55,,,,,,,,,,,,,0.052,0.186,4.445,0.889,0.101,,13.486,5.329,0.000,4.573,0.238,223.094,75.797,149.469,52.676,22.385,-0.082,-0.042,,,-11.462,-18.640,-11.461,0.315
2026,4,2026_04_DAL_HOU,DAL,HOU,Ryan Flournoy,WR,WR3,0,0,0,0,5,4,37,0.116,0.000,,22.750,-3.000,1,0.000,62.138,0.568,0.000,0.000,,,0.057,0.336,0.002,,5.122,3.127,31.452,0.152,0.139,5.974,0.605,28,0,0,0,0.000,0.000,0.000,0.615,0.940,0.000,0.000,1.000,1.000,0.057,5.122,00-0033077,0.135,4.883,28.305,19,2.981,6.167,7.879,0.278,61.667,,,,,,,,0.041,0.152,,,,,37.431,0.436,0.000,-4.996,-0.032,223.094,75.797,149.469,52.676,22.385,-0.082,-0.042,29.296,0.982,-11.462,-18.640,-11.461,0.315
2026,4,2026_04_GB_TB,GB,TB,Jordan Love,QB,,30,197,4,-8,0,0,0,0.000,0.160,,20.750,3.000,0,,57.440,0.592,35.197,245.474,6.976,4.339,1.733,6.888,0.076,3.450,0.000,0.000,0.000,0.000,0.000,,0.937,65,0,0,0,0.000,0.000,0.000,0.672,0.620,0.000,0.141,1.000,1.027,1.733,0.000,00-0036264,,,,0,,,,,,,,,2.752,17.251,-1.960,0.458,,,2.786,0.668,0.057,0.221,0.000,6.783,260.228,0.000,0.104,235.215,68.362,133.299,61.465,40.806,0.017,-0.031,,,0.293,-11.390,0.293,0.303
2026,4,2026_04_GB_TB,GB,TB,Chris Brooks,RB,,0,0,4,30,1,1,5,0.033,0.160,,20.750,3.000,0,,57.440,0.592,0.000,0.000,,,2.950,13.058,0.116,,1.115,0.728,6.109,0.035,-0.002,5.049,0.353,38,0,0,0,0.000,0.000,0.000,0.672,0.620,0.000,0.141,1.000,1.027,2.950,1.146,00-0036264,0.035,1.130,6.126,29,,,,,,,,,,,,,0.115,0.062,,,,,6.629,13.443,0.000,-0.221,-0.041,235.215,68.362,133.299,61.465,40.806,0.017,-0.031,,,0.293,-11.390,0.293,0.303
2026,4,2026_04_GB_TB,GB,TB,Kaleb Johnson,RB,,0,0,8,42,0,0,0,0.000,0.320,,20.750,3.000,0,,57.440,0.592,0.000,0.000,,,3.372,9.367,0.210,2.268,0.609,0.222,2.178,0.013,-0.004,4.278,0.149,14,0,0,0,0.000,0.000,0.000,0.672,0.620,0.000,0.141,1.000,1.027,3.372,0.626,00-0036264,0.023,1.177,3.925,3,,,,,,,,,,,,,0.278,0.392,1.094,1.194,0.371,,3.798,17.066,0.000,-1.493,-6.806,235.215,68.362,133.299,61.465,40.806,0.017,-0.031,,,0.293,-11.390,0.293,0.303
2026,4,2026_04_GB_TB,GB,TB,MarShawn Lloyd,RB,RB1,0,0,7,13,5,5,36,0.167,0.280,,20.750,3.000,0,,57.440,0.592,0.000,0.000,,,6.939,20.015,0.391,2.880,1.904,1.361,4.401,0.057,-0.016,2.113,0.271,5,0,0,0,0.000,0.000,0.000,0.672,0.620,0.000,0.141,1.000,1.027,6.939,1.956,00-0036264,0.053,2.115,4.727,3,,,,,,,,,,,,,0.000,0.000,2.009,0.895,0.268,,10.100,29.827,0.000,-5.699,-9.812,235.215,68.362,133.299,61.465,40.806,0.017,-0.031,49.104,0.856,0.293,-11.390,0.293,0.303
2026,4,2026_04_GB_TB,GB,TB,Jonnu Smith,TE,,0,0,0,0,1,1,19,0.033,0.000,,20.750,3.000,0,,57.440,0.592,0.000,0.000,,,0.525,3.918,0.021,,2.945,2.039,16.074,0.083,0.057,4.861,0.456,128,0,0,0,0.000,0.000,0.000,0.672,0.620,0.000,0.141,1.000,1.027,0.525,3.026,00-0036264,0.066,3.000,31.531,2,,,,,,,,,,,,,0.017,0.083,,,,,19.637,2.981,0.000,-3.558,0.936,235.215,68.362,133.299,61.465,40.806,0.017,-0.031,,,0.293,-11.390,0.293,0.303
2026,4,2026_04_GB_TB,GB,TB,Mark Redman,TE,,0,0,0,0,2,2,29,0.067,0.000,,20.750,3.000,0,,57.440,0.592,,,,,,,,,,,,,,,,1,0,0,0,0.000,0.000,0.000,0.672,0.620,0.000,0.141,1.000,1.027,,,00-0036264,,,,0,,,,,,,,,,,,,,,,,,,,,,,,235.215,68.362,133.299,61.465,40.806,0.017,-0.031,,,0.293,-11.390,0.293,0.303
2026,4,2026_04_GB_TB,GB,TB,Tucker Kraft,TE,TE1,0,0,1,3,7,6,42,0.233,0.040,,20.750,3.000,0,,57.440,0.592,0.000,0.000,,,0.097,0.365,0.004,,5.528,3.539,47.461,0.163,0.095,8.952,0.823,46,0,0,0,0.000,0.000,0.000,0.672,0.620,0.000,0.141,1.000,1.027,0.097,5.679,00-0036264,0.160,5.470,47.678,42,3.823,5.520,4.919,2.285,67.588,,,,,,,,0.133,0.375,,,,,37.775,0.384,0.000,9.706,-0.019,235.215,68.362,133.299,61.465,40.806,0.017,-0.031,43.162,1.321,0.293,-11.390,0.293,0.303
2026,4,2026_04_GB_TB,GB,TB,Bo Melton,WR,,0,0,0,0,1,0,0,0.033,0.000,,20.750,3.000,0,,57.440,0.592,0.000,0.000,,,0.218,1.420,0.008,,1.185,0.351,7.375,0.045,0.055,4.517,0.193,37,0,0,0,0.000,0.000,0.000,0.672,0.620,0.000,0.141,1.000,1.027,0.218,1.218,00-0036264,0.033,1.071,6.366,31,,,,,,,,,,,,,0.144,0.000,,,,,11.086,2.052,0.000,-2.132,-0.073,235.215,68.362,133.299,61.465,40.806,0.017,-0.031,,,0.293,-11.390,0.293,0.303
2026,4,2026_04_GB_TB,GB,TB,Christian Watson,WR,WR1,0,0,0,0,3,3,47,0.100,0.000,,20.750,3.000,0,,57.440,0.592,0.000,0.000,,,0.076,0.423,0.002,,7.314,4.254,70.087,0.224,0.303,10.129,0.732,54,0,0,0,0.000,0.000,0.000,0.672,0.620,0.000,0.141,1.000,1.027,0.076,7.514,00-0036264,0.223,7.319,65.722,36,2.379,6.389,13.449,1.318,57.961,,,,,,,,0.054,0.000,,,,,61.242,0.402,0.000,8.845,0.021,235.215,68.362,133.299,61.465,40.806,0.017,-0.031,43.868,0.757,0.293,-11.390,0.293,0.303
2026,4,2026_04_GB_TB,GB,TB,J. Michael Sturdivant,WR,,0,0,0,0,1,0,0,0.033,0.000,,20.750,3.000,0,,57.440,0.592,0.000,0.000,,,0.000,0.000,0.000,,1.630,1.630,11.951,0.032,0.030,7.333,0.242,3,0,0,0,0.000,0.000,0.000,0.672,0.620,0.000,0.141,1.000,1.027,0.000,1.674,00-0036264,0.032,1.630,11.951,2,,,,,,,,,,,,,0.000,0.000,,,,,19.930,0.000,0.000,2.070,0.000,235.215,68.362,133.299,61.465,40.806,0.017,-0.031,,,0.293,-11.390,0.293,0.303
2026,4,2026_04_GB_TB,GB,TB,Matthew Golden,WR,WR2,0,0,1,6,7,3,21,0.233,0.040,,20.750,3.000,0,,57.440,0.592,0.000,0.000,,,0.225,0.856,0.006,,6.117,3.240,53.603,0.181,0.271,7.785,0.656,19,0,0,0,0.000,0.000,0.000,0.672,0.620,0.000,0.141,1.000,1.027,0.225,6.284,00-0036264,0.163,6.153,56.424,16,2.837,5.562,14.064,1.630,60.469,,,,,,,,0.075,0.099,,,,,48.643,1.425,0.000,4.960,-0.569,235.215,68.362,133.299,61.465,40.806,0.017,-0.031,45.558,1.237,0.293,-11.390,0.293,0.303
2026,4,2026_04_GB_TB,GB,TB,Skyy Moore,WR,WR3,0,0,0,0,2,1,-2,0.067,0.000,,20.750,3.000,0,,57.440,0.592,0.000,0.000,,,0.146,0.822,0.005,,1.871,0.865,7.958,0.046,0.050,6.561,0.207,58,0,0,0,0.000,0.000,0.000,0.672,0.620,0.000,0.141,1.000,1.027,0.146,1.922,00-0036264,0.095,4.015,14.147,3,3.466,6.236,6.534,0.254,60.517,,,,,,,,0.013,0.241,,,,,15.432,1.384,0.000,-4.367,-0.206,235.215,68.362,133.299,61.465,40.806,0.017,-0.031,19.624,1.179,0.293,-11.390,0.293,0.303
2026,4,2026_04_DAL_HOU,HOU,DAL,C.J. Stroud,QB,,31,347,2,12,0,0,0,0.000,0.105,,25.750,3.000,1,0.000,63.196,0.578,35.249,234.511,6.837,-1.959,2.619,12.383,0.104,5.024,0.001,0.000,0.000,0.000,0.000,,0.954,56,0,0,0,0.000,0.000,0.000,0.672,0.630,0.061,0.000,1.026,1.000,2.688,0.001,00-0039163,,,,0,,,,,,,,,2.935,18.493,0.900,0.036,,,4.520,0.512,0.002,0.219,0.004,11.645,258.961,-0.004,0.738,234.432,103.563,153.367,49.601,31.433,0.112,0.034,,,14.775,19.406,14.774,0.261
2026,4,2026_04_DAL_HOU,HOU,DAL,David Montgomery,RB,,0,0,10,24,0,0,19,0.000,0.526,,25.750,3.000,1,0.000,63.196,0.578,0.058,0.139,,,9.711,34.825,0.396,3.726,1.812,1.685,13.013,0.055,0.009,7.466,0.433,114,0,0,0,0.000,0.000,0.000,0.672,0.630,0.061,0.000,1.026,1.000,9.965,1.812,00-0039163,0.067,2.278,15.780,3,,,,,,4.571,37.426,0.177,,,,,0.000,0.029,2.095,1.642,0.534,,12.182,38.396,0.109,0.831,-3.571,234.432,103.563,153.367,49.601,31.433,0.112,0.034,,,14.775,19.406,14.774,0.261
2026,4,2026_04_DAL_HOU,HOU,DAL,Woody Marks,RB,RB1,0,0,6,22,1,0,0,0.038,0.316,,25.750,3.000,1,0.000,63.196,0.578,0.000,0.000,,,11.640,40.205,0.439,3.309,2.362,1.756,9.417,0.064,0.013,3.433,0.533,22,0,0,0,0.000,0.000,0.000,0.672,0.630,0.061,0.000,1.026,1.000,11.944,2.362,00-0039163,0.067,2.454,10.990,17,,,,,,,,,,,,,0.009,0.038,1.683,1.651,0.567,,13.660,48.000,0.000,-4.242,-7.795,234.432,103.563,153.367,49.601,31.433,0.112,0.034,63.151,1.016,14.775,19.406,14.774,0.261
2026,4,2026_04_DAL_HOU,HOU,DAL,Brevin Jordan,TE,,0,0,0,0,1,1,13,0.038,0.000,,25.750,3.000,1,0.000,63.196,0.578,0.000,0.000,,,0.000,0.000,0.000,,1.821,1.286,19.447,0.058,0.026,12.824,0.434,32,0,0,0,0.000,0.000,0.000,0.672,0.630,0.061,0.000,1.026,1.000,0.000,1.821,00-0039163,,,,0,,,,,,,,,,,,,0.014,0.042,,,,,13.501,0.000,0.000,6.384,0.000,234.432,103.563,153.367,49.601,31.433,0.112,0.034,,,14.775,19.406,14.774,0.261
2026,4,2026_04_DAL_HOU,HOU,DAL,Cade Stover,TE,,0,0,0,0,1,1,20,0.038,0.000,,25.750,3.000,1,0.000,63.196,0.578,0.000,0.000,,,0.615,1.444,0.023,,2.214,1.577,8.367,0.068,0.018,3.246,0.484,25,0,0,0,0.000,0.000,0.000,0.672,0.630,0.061,0.000,1.026,1.000,0.631,2.214,00-0039163,0.069,2.260,9.295,22,,,,,,,,,,,,,0.076,0.073,,,,,13.049,1.564,0.000,-4.647,-0.115,234.432,103.563,153.367,49.601,31.433,0.112,0.034,,,14.775,19.406,14.774,0.261
2026,4,2026_04_DAL_HOU,HOU,DAL,Dalton Schultz,TE,TE1,0,0,0,0,2,2,9,0.077,0.000,,25.750,3.000,1,0.000,63.196,0.578,0.000,0.000,,,0.000,0.000,0.000,,6.184,4.911,52.195,0.173,0.121,9.383,0.629,126,0,1,0,0.000,0.000,0.000,0.672,0.630,0.061,0.000,1.026,1.000,0.000,6.184,00-0039163,0.171,6.035,52.309,51,,,,,,,,,,,,,0.018,0.119,,,,,41.953,0.000,0.000,10.242,0.000,234.432,103.563,153.367,49.601,31.433,0.112,0.034,26.674,1.023,14.775,19.406,14.774,0.261
2026,4,2026_04_DAL_HOU,HOU,DAL,Foster Moreau,TE,,0,0,0,0,1,1,1,0.038,0.000,,25.750,3.000,1,0.000,63.196,0.578,0.000,0.000,,,0.000,0.000,0.000,,2.279,1.679,16.274,0.074,0.035,7.805,0.454,89,0,0,0,0.000,0.000,0.000,0.672,0.630,0.061,0.000,1.026,1.000,0.000,2.279,00-0039163,0.091,2.785,18.131,3,,,,,,,,,,,,,0.072,0.069,,,,,13.773,0.000,0.000,2.581,0.000,234.432,103.563,153.367,49.601,31.433,0.112,0.034,,,14.775,19.406,14.774,0.261
2026,4,2026_04_DAL_HOU,HOU,DAL,Jaylin Noel,WR,,0,0,1,4,3,3,85,0.115,0.053,,25.750,3.000,1,0.000,63.196,0.578,0.000,0.000,,,0.446,3.364,0.020,5.206,2.142,1.250,20.145,0.061,0.066,8.565,0.269,23,0,0,0,0.000,0.000,0.000,0.672,0.630,0.061,0.000,1.026,1.000,0.457,2.142,00-0039163,0.064,2.246,21.385,18,,,,,,,,,,,,,0.005,0.000,3.594,1.612,0.000,,18.311,3.034,0.000,3.439,0.455,234.432,103.563,153.367,49.601,31.433,0.112,0.034,,,14.775,19.406,14.774,0.261
2026,4,2026_04_DAL_HOU,HOU,DAL,Kayshon Boutte,WR,WR3,0,0,0,0,4,3,36,0.154,0.000,,25.750,3.000,1,0.000,63.196,0.578,0.000,0.000,,,0.000,0.000,0.000,,3.703,2.079,31.776,0.126,0.188,9.636,0.659,40,0,0,0,0.000,0.000,0.000,0.672,0.630,0.061,0.000,1.026,1.000,0.000,3.703,00-0039163,0.079,2.990,26.280,3,,,,,,,,,,,,,0.031,0.006,,,,,34.226,0.000,0.000,-2.450,0.000,234.432,103.563,153.367,49.601,31.433,0.112,0.034,29.350,2.982,14.775,19.406,14.774,0.261
2026,4,2026_04_DAL_HOU,HOU,DAL,Nico Collins,WR,WR1,0,0,0,0,8,7,118,0.308,0.000,,25.750,3.000,1,0.000,63.196,0.578,0.000,0.000,,,0.236,1.672,0.007,6.704,7.749,4.658,69.518,0.234,0.331,10.109,0.722,73,0,0,0,0.000,0.000,0.000,0.672,0.630,0.061,0.000,1.026,1.000,0.242,7.749,00-0039163,0.237,7.590,66.624,42,1.985,4.420,12.669,1.205,58.076,,,,,,,,0.003,0.299,4.860,1.844,0.000,,67.367,1.276,0.000,2.151,0.396,234.432,103.563,153.367,49.601,31.433,0.112,0.034,63.230,1.071,14.775,19.406,14.774,0.261
2026,4,2026_04_DAL_HOU,HOU,DAL,Xavier Hutchinson,WR,WR2,0,0,0,0,5,3,46,0.192,0.000,,25.750,3.000,1,0.000,63.196,0.578,0.000,0.000,,,0.403,1.327,0.018,7.252,6.020,2.665,34.945,0.172,0.210,6.080,0.619,52,0,0,0,0.000,0.000,0.000,0.672,0.630,0.061,0.000,1.026,1.000,0.414,6.020,00-0039163,0.174,6.044,35.264,45,2.314,5.136,12.599,-0.064,48.351,,,,,,,,0.018,0.059,3.160,4.092,0.075,,47.082,2.483,0.000,-12.136,-1.156,234.432,103.563,153.367,49.601,31.433,0.112,0.034,45.870,1.166,14.775,19.406,14.774,0.261
2026,4,2026_04_IND_WAS,IND,WAS,Daniel Jones,QB,,34,143,4,2,0,0,0,0.000,0.133,,25.500,4.500,0,,59.181,0.554,29.806,208.768,7.170,-0.570,2.944,10.871,0.107,3.188,0.000,0.000,0.000,0.000,0.000,,0.915,89,0,0,0,0.000,0.000,0.000,0.995,0.000,0.000,0.373,1.000,1.089,2.944,0.000,00-0035710,,,,0,,,,,,,,,2.723,17.766,1.974,-1.484,,,2.345,0.843,0.044,0.206,0.000,11.870,220.801,0.000,-1.099,271.288,96.287,176.000,62.835,32.013,0.069,0.019,,,24.210,3.980,24.210,0.320
2026,4,2026_04_IND_WAS,IND,WAS,Jonathan Taylor,RB,RB1,0,0,20,95,4,1,2,0.138,0.667,,25.500,4.500,0,,59.181,0.554,0.000,0.000,,,20.440,80.942,0.781,3.924,3.359,2.632,19.630,0.111,-0.012,6.155,0.838,89,0,0,0,0.000,0.000,0.000,0.995,0.000,0.000,0.373,1.000,1.089,20.440,3.657,00-0035710,0.117,3.480,23.383,15,,,,,,4.453,16.743,-0.374,,,,,0.060,0.370,2.043,1.890,0.852,,19.393,85.346,0.000,0.237,-4.404,271.288,96.287,176.000,62.835,32.013,0.069,0.019,56.271,0.880,24.210,3.980,24.210,0.320
2026,4,2026_04_IND_WAS,IND,WAS,Seth McGowan,RB,,0,0,6,31,2,1,7,0.069,0.200,,25.500,4.500,0,,59.181,0.554,0.000,0.000,,,2.230,5.494,0.071,1.901,0.278,0.278,0.000,0.010,-0.003,,0.109,4,0,0,0,0.000,0.000,0.000,0.995,0.000,0.000,0.373,1.000,1.089,2.230,0.302,00-0035710,0.010,0.278,0.000,3,,,,,,,,,,,,,,,0.163,1.793,0.543,,1.035,9.558,0.000,-1.035,-4.064,271.288,96.287,176.000,62.835,32.013,0.069,0.019,,,24.210,3.980,24.210,0.320
2026,4,2026_04_IND_WAS,IND,WAS,Andrew Ogletree,TE,,0,0,0,0,0,0,0,0.000,0.000,,25.500,4.500,0,,59.181,0.554,0.000,0.000,,,0.000,0.000,0.000,,0.901,0.397,3.436,0.030,0.028,4.293,0.222,37,0,0,0,0.000,0.000,0.000,0.995,0.000,0.000,0.373,1.000,1.089,0.000,0.981,00-0035710,0.026,0.764,1.946,11,,,,,,,,,,,,,0.172,0.003,,,,,10.294,0.000,0.000,-4.051,0.000,271.288,96.287,176.000,62.835,32.013,0.069,0.019,,,24.210,3.980,24.210,0.320
2026,4,2026_04_IND_WAS,IND,WAS,Tyler Warren,TE,TE1,0,0,0,0,5,5,41,0.172,0.000,,25.500,4.500,0,,59.181,0.554,0.012,0.000,,,0.426,0.890,0.015,1.754,7.091,5.119,35.201,0.224,0.103,5.016,0.880,21,0,0,0,0.000,0.000,0.000,0.995,0.000,0.000,0.373,1.000,1.089,0.426,7.720,00-0035710,0.224,6.938,43.392,15,3.415,6.798,3.886,-0.081,71.404,,,,,,,,0.040,0.093,0.410,1.344,0.000,,44.490,0.923,0.044,-9.289,-0.033,271.288,96.287,176.000,62.835,32.013,0.069,0.019,46.222,1.685,24.210,3.980,24.210,0.320
2026,4,2026_04_IND_WAS,IND,WAS,Anthony Gould,WR,,0,0,0,0,0,0,0,0.000,0.000,,25.500,4.500,0,,59.181,0.554,0.000,0.000,,,0.000,0.000,0.000,,0.184,0.184,0.755,0.005,-0.001,,0.058,22,0,0,0,0.000,0.000,0.000,0.995,0.000,0.000,0.373,1.000,1.089,0.000,0.200,00-0035710,0.002,0.076,0.229,12,,,,,,,,,,,,,,,,,,,,,,,,271.288,96.287,176.000,62.835,32.013,0.069,0.019,,,24.210,3.980,24.210,0.320
2026,4,2026_04_IND_WAS,IND,WAS,Ashton Dulin,WR,,0,0,0,0,6,3,29,0.207,0.000,,25.500,4.500,0,,59.181,0.554,0.000,0.000,,,0.166,2.569,0.006,,0.866,0.280,6.948,0.028,0.044,9.060,0.211,71,1,0,0,0.000,0.000,0.000,0.995,0.000,0.000,0.373,1.000,1.089,0.166,0.943,00-0035710,0.027,0.823,11.041,11,,,,,,,,,,,,,0.202,0.036,,,,,12.720,2.037,0.000,-1.828,2.416,271.288,96.287,176.000,62.835,32.013,0.069,0.019,,,24.210,3.980,24.210,0.320
2026,4,2026_04_IND_WAS,IND,WAS,Deion Burks,WR,,0,0,0,0,2,1,6,0.069,0.000,,25.500,4.500,0,,59.181,0.554,0.000,0.000,,,2.000,14.000,0.062,7.000,0.000,0.000,0.000,0.000,0.000,,0.050,2,0,0,0,0.000,0.000,0.000,0.995,0.000,0.000,0.373,1.000,1.089,2.000,0.000,00-0035710,0.000,0.000,0.000,1,,,,,,,,,,,,,,,4.500,2.500,0.000,,0.000,12.060,0.000,0.000,1.940,271.288,96.287,176.000,62.835,32.013,0.069,0.019,,,24.210,3.980,24.210,0.320
2026,4,2026_04_IND_WAS,IND,WAS,Josh Downs,WR,WR1,0,0,0,0,4,3,16,0.138,0.000,,25.500,4.500,0,,59.181,0.554,0.000,0.000,,,0.163,-0.254,0.007,,6.750,4.065,49.661,0.212,0.284,7.606,0.691,51,0,0,0,0.000,0.000,0.000,0.995,0.000,0.000,0.373,1.000,1.089,0.163,7.348,00-0035710,0.215,6.799,46.541,14,2.563,6.738,8.915,0.460,58.818,,,,,,,,0.038,0.054,,,,,51.163,0.977,0.000,-1.667,-1.250,271.288,96.287,176.000,62.835,32.013,0.069,0.019,82.333,1.137,24.210,3.980,24.210,0.320
2026,4,2026_04_IND_WAS,IND,WAS,Laquon Treadwell,WR,WR3,0,0,0,0,6,5,42,0.207,0.000,,25.500,4.500,0,,59.181,0.554,0.000,0.000,,,0.000,0.000,0.000,,1.298,0.947,15.779,0.042,0.084,9.840,0.406,57,0,0,0,0.000,0.000,0.000,0.995,0.000,0.000,0.373,1.000,1.089,0.000,1.414,00-0035710,0.031,0.958,16.142,7,,,,,,,,,,,,,0.061,0.117,,,,,24.567,0.000,0.000,3.946,0.000,271.288,96.287,176.000,62.835,32.013,0.069,0.019,23.289,1.317,24.210,3.980,24.210,0.320
2026,4,2026_04_IND_WAS,IND,WAS,Nick Westbrook-Ikhine,WR,WR2,0,0,0,0,0,0,0,0.000,0.000,,25.500,4.500,0,,59.181,0.554,0.000,0.000,,,0.000,0.000,0.000,,1.522,0.775,8.207,0.052,0.054,,0.436,83,0,0,0,0.000,0.000,0.000,0.995,0.000,0.000,0.373,1.000,1.089,0.000,1.657,00-0035710,,,,0,,,,,,,,,,,,,,,,,,,,,,,,271.288,96.287,176.000,62.835,32.013,0.069,0.019,54.570,1.568,24.210,3.980,24.210,0.320
2026,4,2026_04_JAX_CIN,JAX,CIN,Trevor Lawrence,QB,,23,227,3,0,0,0,0,0.000,0.111,,24.500,-2.500,0,,58.025,0.521,29.914,225.821,7.636,5.822,4.078,19.215,0.149,4.613,0.000,0.000,-0.007,0.000,0.000,,0.946,84,0,0,0,0.000,0.000,0.000,0.282,0.000,0.000,0.000,1.000,1.000,4.078,0.000,00-0036971,,,,0,,,,,,,,,2.865,16.210,3.129,0.447,,,2.785,1.830,0.202,0.216,0.000,21.660,234.570,0.000,-2.445,248.233,90.835,117.723,88.165,40.887,0.026,0.014,,,-5.903,14.828,-5.908,0.366
2026,4,2026_04_JAX_CIN,JAX,CIN,Ameer Abdullah,RB,,0,0,0,0,0,0,0,0.000,0.000,,24.500,-2.500,0,,58.025,0.521,0.000,0.000,,,2.241,9.212,0.081,3.739,1.490,1.262,7.302,0.051,-0.007,3.687,0.130,118,0,0,0,0.000,0.000,0.000,0.282,0.000,0.000,0.000,1.000,1.000,2.241,1.490,00-0036971,0.040,1.000,0.660,3,,,,,,,,,,,,,0.000,0.180,1.838,1.927,0.147,,8.609,10.562,0.000,-0.876,-0.823,248.233,90.835,117.723,88.165,40.887,0.026,0.014,,,-5.903,14.828,-5.908,0.366
2026,4,2026_04_JAX_CIN,JAX,CIN,Bhayshul Tuten,RB,RB1,0,0,17,73,2,2,18,0.087,0.630,,24.500,-2.500,0,,58.025,0.521,0.000,0.000,,,8.970,43.082,0.318,5.156,1.075,0.977,6.938,0.040,-0.009,6.922,0.339,20,0,0,0,0.000,0.000,0.000,0.282,0.000,0.000,0.000,1.000,1.000,8.970,1.075,00-0036971,0.040,1.075,6.938,19,,,,,,4.157,25.832,0.593,,,,,0.000,0.022,2.788,2.368,0.407,,6.003,38.525,0.000,0.935,4.557,248.233,90.835,117.723,88.165,40.887,0.026,0.014,65.473,1.216,-5.903,14.828,-5.908,0.366
2026,4,2026_04_JAX_CIN,JAX,CIN,Chris Rodriguez Jr.,RB,,0,0,6,35,0,0,0,0.000,0.222,,24.500,-2.500,0,,58.025,0.521,0.000,0.000,,,8.938,37.471,0.300,3.918,0.294,0.238,2.629,0.012,0.003,,0.318,32,0,0,0,0.000,0.000,0.000,0.282,0.000,0.000,0.000,1.000,1.000,8.938,0.294,00-0036971,0.000,0.000,0.000,3,,,,,,,,,,,,,,,1.568,2.334,0.956,,1.429,35.466,0.000,1.234,2.393,248.233,90.835,117.723,88.165,40.887,0.026,0.014,,,-5.903,14.828,-5.908,0.366
2026,4,2026_04_JAX_CIN,JAX,CIN,LeQuint Allen Jr.,RB,,0,0,0,0,0,0,0,0.000,0.000,,24.500,-2.500,0,,58.025,0.521,0.000,0.000,,,1.209,4.013,0.041,,0.912,0.755,4.018,0.032,0.003,4.511,0.213,20,0,1,0,0.000,0.000,0.000,0.282,0.000,0.000,0.000,1.000,1.000,1.209,0.912,00-0036971,0.032,0.912,4.018,19,,,,,,,,,,,,,0.000,0.000,,,,,5.131,5.566,0.000,-0.873,-1.108,248.233,90.835,117.723,88.165,40.887,0.026,0.014,,,-5.903,14.828,-5.908,0.366
2026,4,2026_04_JAX_CIN,JAX,CIN,Brenton Strange,TE,TE1,0,0,0,0,8,7,95,0.348,0.000,,24.500,-2.500,0,,58.025,0.521,0.000,0.000,,,0.000,0.000,0.000,,4.357,3.035,32.378,0.148,0.124,7.922,0.754,38,0,0,0,0.000,0.000,0.000,0.282,0.000,0.000,0.000,1.000,1.000,0.000,4.357,00-0036971,0.148,4.343,32.164,28,3.343,6.798,6.571,0.463,68.584,,,,,,,,0.066,0.053,,,,,34.225,0.000,0.000,-1.821,0.000,248.233,90.835,117.723,88.165,40.887,0.026,0.014,56.993,1.474,-5.903,14.828,-5.908,0.366
2026,4,2026_04_JAX_CIN,JAX,CIN,Nate Boerkircher,TE,,0,0,0,0,2,1,15,0.087,0.000,,24.500,-2.500,0,,58.025,0.521,0.000,0.000,,,0.000,0.000,0.000,,1.000,0.457,4.111,0.042,0.016,4.111,0.550,3,0,0,0,0.000,0.000,0.000,0.282,0.000,0.000,0.000,1.000,1.000,0.000,1.000,00-0036971,0.042,1.000,4.111,2,,,,,,,,,,,,,0.000,0.000,,,,,5.928,0.000,0.000,-1.817,0.000,248.233,90.835,117.723,88.165,40.887,0.026,0.014,,,-5.903,14.828,-5.908,0.366
2026,4,2026_04_JAX_CIN,JAX,CIN,Quintin Morris,TE,,0,0,0,0,0,0,0,0.000,0.000,,24.500,-2.500,0,,58.025,0.521,0.000,0.000,,,0.000,0.000,0.000,,0.935,0.643,5.046,0.035,0.016,5.332,0.288,38,0,0,0,0.000,0.000,0.000,0.282,0.000,0.000,0.000,1.000,1.000,0.000,0.935,00-0036971,0.035,0.909,4.964,13,,,,,,,,,,,,,0.022,0.000,,,,,9.489,0.000,0.000,-1.281,0.000,248.233,90.835,117.723,88.165,40.887,0.026,0.014,,,-5.903,14.828,-5.908,0.366
2026,4,2026_04_JAX_CIN,JAX,CIN,Brian Thomas Jr.,WR,WR3,0,0,0,0,2,2,17,0.087,0.000,,24.500,-2.500,0,,58.025,0.521,0.000,0.000,,,0.085,0.573,0.003,,4.829,2.877,39.218,0.161,0.218,8.743,0.616,36,0,0,0,0.000,0.000,0.000,0.282,0.000,0.000,0.000,1.000,1.000,0.085,4.829,00-0036971,0.155,4.651,37.976,27,,,,,,,,,,,,,0.045,0.095,,,,,42.495,0.542,0.000,-3.277,0.031,248.233,90.835,117.723,88.165,40.887,0.026,0.014,19.054,1.067,-5.903,14.828,-5.908,0.366
2026,4,2026_04_JAX_CIN,JAX,CIN,Jakobi Meyers,WR,WR2,0,0,0,0,4,3,33,0.174,0.000,,24.500,-2.500,0,,58.025,0.521,0.001,0.003,,,0.324,0.774,0.011,,5.588,3.986,45.334,0.191,0.219,11.434,0.836,106,0,0,0,0.000,0.000,0.000,0.282,0.000,0.000,0.000,1.000,1.000,0.324,5.588,00-0036971,0.187,5.408,44.542,13,2.635,6.916,9.364,-0.158,71.301,,,,,,,,0.028,0.036,,,,,44.453,1.996,0.003,0.881,-1.222,248.233,90.835,117.723,88.165,40.887,0.026,0.014,,,-5.903,14.828,-5.908,0.366
2026,4,2026_04_JAX_CIN,JAX,CIN,Josh Cameron,WR,,0,0,0,0,2,2,42,0.087,0.000,,24.500,-2.500,0,,58.025,0.521,0.000,0.000,,,0.000,0.000,0.000,,1.340,0.947,10.260,0.056,0.064,7.827,0.293,4,0,0,0,0.000,0.000,0.000,0.282,0.000,0.000,0.000,1.000,1.000,0.000,1.340,00-0036971,0.056,1.340,10.260,3,,,,,,,,,,,,,0.000,0.000,,,,,15.723,0.000,0.000,-0.068,0.000,248.233,90.835,117.723,88.165,40.887,0.026,0.014,,,-5.903,14.828,-5.908,0.366
2026,4,2026_04_JAX_CIN,JAX,CIN,Parker Washington,WR,WR1,0,0,1,3,3,1,7,0.130,0.037,,24.500,-2.500,0,,58.025,0.521,0.000,0.000,,,0.364,-0.083,0.015,,7.595,4.821,74.080,0.261,0.362,9.883,0.704,43,0,0,0,0.000,0.000,0.000,0.282,0.000,0.000,0.000,1.000,1.000,0.364,7.595,00-0036971,0.260,7.559,73.812,34,2.401,6.186,12.826,0.403,64.544,,,,,,,,0.025,0.279,,,,,67.175,2.179,0.000,7.186,-2.262,248.233,90.835,117.723,88.165,40.887,0.026,0.014,44.036,0.894,-5.903,14.828,-5.908,0.366
2026,4,2026_04_LA_PHI,LA,PHI,Matthew Stafford,QB,,51,317,3,10,0,0,0,0.000,0.120,,23.000,3.500,0,,65.618,0.582,38.140,301.483,7.979,7.118,1.917,3.707,0.071,1.997,0.000,0.000,0.000,0.000,0.000,,0.975,128,0,0,0,0.000,0.000,0.485,0.715,0.980,0.000,0.095,1.000,1.015,1.917,0.000,00-0026498,,,,0,,,,,,,,,,,,,,,1.483,0.522,0.000,0.188,0.000,4.991,301.936,-0.000,-1.284,202.729,97.513,141.898,28.241,27.964,-0.049,-0.006,,,-7.651,-4.267,-7.652,0.435
2026,4,2026_04_LA_PHI,LA,PHI,Blake Corum,RB,,0,0,5,14,2,1,7,0.040,0.200,,23.000,3.500,0,,65.618,0.582,0.000,0.000,,,9.167,46.355,0.336,4.824,1.449,1.046,6.128,0.036,0.001,5.994,0.331,39,0,0,0,0.000,0.000,0.485,0.715,0.980,0.000,0.095,1.000,1.015,9.167,1.471,00-0026498,0.036,1.448,6.103,37,,,,,,,,,,,,,0.107,0.108,3.256,1.562,0.306,,9.111,40.556,0.000,-2.981,5.812,202.729,97.513,141.898,28.241,27.964,-0.049,-0.006,,,-7.651,-4.267,-7.652,0.435
2026,4,2026_04_LA_PHI,LA,PHI,Dean Connors,RB,,0,0,0,0,0,0,0,0.000,0.000,,23.000,3.500,0,,65.618,0.582,0.000,0.000,,,0.000,0.000,0.000,,0.000,0.000,0.000,0.000,0.000,,0.000,2,0,0,0,0.000,0.000,0.485,0.715,0.980,0.000,0.095,1.000,1.015,0.000,0.000,00-0026498,0.000,0.000,0.000,1,,,,,,,,,,,,,,,,,,,,,,,,202.729,97.513,141.898,28.241,27.964,-0.049,-0.006,,,-7.651,-4.267,-7.652,0.435
2026,4,2026_04_LA_PHI,LA,PHI,Kyren Williams,RB,RB1,0,0,16,80,13,10,67,0.260,0.640,,23.000,3.500,0,,65.618,0.582,0.000,0.000,,,14.023,70.894,0.524,5.130,3.523,2.953,26.980,0.092,0.033,7.485,0.634,63,0,0,0,0.000,0.000,0.485,0.715,0.980,0.000,0.095,1.000,1.015,14.023,3.577,00-0026498,0.092,3.523,26.982,55,,,,,,,,,,,,,0.012,0.197,2.995,2.153,0.670,,23.125,59.794,0.000,3.856,11.099,202.729,97.513,141.898,28.241,27.964,-0.049,-0.006,61.147,0.957,-7.651,-4.267,-7.652,0.435
2026,4,2026_04_LA_PHI,LA,PHI,Davis Allen,TE,,0,0,0,0,2,0,0,0.040,0.000,,23.000,3.500,0,,65.618,0.582,0.000,0.000,,,0.000,0.000,0.000,,2.211,1.522,14.293,0.059,0.023,6.402,0.507,35,0,0,0,0.000,0.000,0.485,0.715,0.980,0.000,0.095,1.000,1.015,0.000,2.245,00-0026498,0.059,2.208,14.282,32,,,,,,,,,,,,,0.040,0.094,,,,,15.414,0.000,0.000,-1.003,0.000,202.729,97.513,141.898,28.241,27.964,-0.049,-0.006,,,-7.651,-4.267,-7.652,0.435
2026,4,2026_04_LA_PHI,LA,PHI,Tyler Higbee,TE,TE1,0,0,0,0,6,5,67,0.120,0.000,,23.000,3.500,0,,65.618,0.582,0.000,0.000,,,0.000,0.000,0.000,,4.300,3.171,34.025,0.112,0.078,9.054,0.443,118,0,1,0,0.000,0.000,0.485,0.715,0.980,0.000,0.095,1.000,1.015,0.000,4.365,00-0026498,0.111,4.280,33.894,61,,,,,,,,,,,,,0.027,0.007,,,,,32.305,0.000,0.000,2.220,-0.000,202.729,97.513,141.898,28.241,27.964,-0.049,-0.006,19.361,0.565,-7.651,-4.267,-7.652,0.435
2026,4,2026_04_LA_PHI,LA,PHI,Alex Bachman,WR,,0,0,0,0,0,0,0,0.000,0.000,,23.000,3.500,0,,65.618,0.582,0.000,0.000,,,0.010,-0.031,0.000,,0.235,0.205,1.210,0.009,0.005,,0.097,19,0,0,0,0.000,0.000,0.485,0.715,0.980,0.000,0.095,1.000,1.015,0.010,0.238,00-0026498,,,,0,,,,,,,,,,,,,,,,,,,,,,,,202.729,97.513,141.898,28.241,27.964,-0.049,-0.006,,,-7.651,-4.267,-7.652,0.435
2026,4,2026_04_LA_PHI,LA,PHI,Davante Adams,WR,WR2,0,0,0,0,9,4,32,0.180,0.000,,23.000,3.500,0,,65.618,0.582,0.000,0.000,,,0.000,-0.000,0.000,,8.795,4.931,85.541,0.247,0.370,9.374,0.683,131,0,0,0,0.000,0.000,0.485,0.715,0.980,0.000,0.095,1.000,1.015,0.000,8.929,00-0026498,0.245,8.734,85.669,20,,,,,,,,,,,,,0.031,0.112,,,,,81.525,0.000,0.000,4.016,-0.000,202.729,97.513,141.898,28.241,27.964,-0.049,-0.006,50.087,1.338,-7.651,-4.267,-7.652,0.435
2026,4,2026_04_LA_PHI,LA,PHI,Jordan Whittington,WR,,0,0,0,0,2,1,4,0.040,0.000,,23.000,3.500,0,,65.618,0.582,0.000,0.000,,,0.155,0.185,0.005,,1.072,0.869,10.108,0.032,0.022,9.006,0.303,35,0,0,0,0.000,0.000,0.485,0.715,0.980,0.000,0.095,1.000,1.015,0.155,1.088,00-0026498,0.032,1.057,9.723,33,,,,,,,,,,,,,0.018,0.066,,,,,12.597,1.415,0.000,2.953,-1.078,202.729,97.513,141.898,28.241,27.964,-0.049,-0.006,,,-7.651,-4.267,-7.652,0.435
2026,4,2026_04_LA_PHI,LA,PHI,Konata Mumpfield,WR,WR3,0,0,0,0,3,1,7,0.060,0.000,,23.000,3.500,0,,65.618,0.582,0.000,0.000,,,0.000,0.000,0.000,,3.127,1.391,22.259,0.077,0.106,4.907,0.472,17,0,0,0,0.000,0.000,0.485,0.715,0.980,0.000,0.095,1.000,1.015,0.000,3.174,00-0026498,0.077,3.127,22.259,16,,,,,,,,,,,,,0.160,0.000,,,,,28.525,0.000,0.000,-5.849,0.000,202.729,97.513,141.898,28.241,27.964,-0.049,-0.006,30.608,1.090,-7.651,-4.267,-7.652,0.435
2026,4,2026_04_LA_PHI,LA,PHI,Puka Nacua,WR,WR1,0,0,1,2,12,9,125,0.240,0.040,,23.000,3.500,0,,65.618,0.582,0.000,0.000,,,1.008,5.802,0.036,,11.507,7.501,105.739,0.328,0.354,9.078,0.735,52,0,0,0,0.000,0.000,0.485,0.715,0.980,0.000,0.095,1.000,1.015,1.008,11.683,00-0026498,0.328,11.509,105.770,49,,,,,,,,,,,,,0.022,1.094,,,,,94.530,5.366,0.000,11.209,0.436,202.729,97.513,141.898,28.241,27.964,-0.049,-0.006,37.090,0.678,-7.651,-4.267,-7.652,0.435
2026,4,2026_04_LA_PHI,LA,PHI,Tutu Atwell,WR,,0,0,0,0,1,1,8,0.020,0.000,,23.000,3.500,0,,65.618,0.582,0.003,0.000,,,0.022,0.037,0.001,,2.311,1.128,23.882,0.067,0.128,9.489,0.274,59,0,0,0,0.000,0.000,0.485,0.715,0.980,0.000,0.095,1.000,1.015,0.022,2.346,00-0026498,0.064,2.161,23.663,48,,,,,,,,,,,,,0.126,0.002,,,,,26.783,0.138,0.033,-2.899,-0.101,202.729,97.513,141.898,28.241,27.964,-0.049,-0.006,,,-7.651,-4.267,-7.652,0.435
2026,4,2026_04_NE_BUF,NE,BUF,Drake Maye,QB,,37,269,8,54,0,0,0,0.000,0.229,,21.250,-7.000,0,,58.221,0.503,28.019,216.201,7.845,-3.231,5.736,31.624,0.203,5.412,0.059,0.003,0.006,0.002,0.002,,0.945,38,0,0,0,0.000,0.000,0.000,0.000,0.463,0.000,0.000,1.000,1.000,5.736,0.059,00-0039851,,,,0,,,,,,,,,2.988,15.791,2.999,0.727,,,4.056,1.363,0.214,0.226,0.510,25.605,218.367,-0.504,6.019,218.611,91.816,150.676,28.231,33.360,-0.006,0.030,,,-25.352,2.061,-25.354,0.313
2026,4,2026_04_NE_BUF,NE,BUF,Corey Kiner,RB,,0,0,0,0,0,0,0,0.000,0.000,,21.250,-7.000,0,,58.221,0.503,0.000,0.000,,,3.948,11.740,0.165,2.731,0.630,0.496,4.057,0.022,0.004,7.173,0.120,8,0,0,0,0.000,0.000,0.000,0.000,0.463,0.000,0.000,1.000,1.000,3.948,0.630,00-0039851,0.013,0.392,3.532,3,,,,,,,,,,,,,0.152,0.000,1.133,1.585,0.095,,3.617,17.594,0.000,0.440,-5.854,218.611,91.816,150.676,28.231,33.360,-0.006,0.030,,,-25.352,2.061,-25.354,0.313
2026,4,2026_04_NE_BUF,NE,BUF,Rhamondre Stevenson,RB,RB1,0,0,13,47,5,3,27,0.139,0.371,,21.250,-7.000,0,,58.221,0.503,0.000,0.000,,,10.946,46.950,0.371,4.909,3.361,2.799,24.128,0.120,0.016,6.326,0.612,79,0,0,0,0.000,0.000,0.000,0.000,0.463,0.000,0.000,1.000,1.000,10.946,3.361,00-0039851,0.119,3.359,24.191,30,,,,,,,,,,,,,0.081,0.447,2.090,2.830,0.653,,20.616,47.166,0.000,3.509,-0.216,218.611,91.816,150.676,28.231,33.360,-0.006,0.030,54.647,1.076,-25.352,2.061,-25.354,0.313
2026,4,2026_04_NE_BUF,NE,BUF,TreVeyon Henderson,RB,,0,0,14,42,2,0,0,0.056,0.400,,21.250,-7.000,0,,58.221,0.503,0.000,0.000,,,10.344,42.662,0.368,3.645,1.390,1.178,7.749,0.045,0.001,5.647,0.413,24,0,0,0,0.000,0.000,0.000,0.000,0.463,0.000,0.000,1.000,1.000,10.344,1.390,00-0039851,0.045,1.390,7.749,23,,,,,,,,,,,,,0.017,0.233,2.071,1.580,0.299,,8.709,45.401,0.000,-0.961,-2.739,218.611,91.816,150.676,28.231,33.360,-0.006,0.030,,,-25.352,2.061,-25.354,0.313
2026,4,2026_04_NE_BUF,NE,BUF,Cameron Latu,TE,,0,0,0,0,0,0,0,0.000,0.000,,21.250,-7.000,0,,58.221,0.503,0.000,0.000,,,0.000,0.000,0.000,,0.000,0.000,0.000,0.000,0.000,,0.143,13,0,0,0,0.000,0.000,0.000,0.000,0.463,0.000,0.000,1.000,1.000,0.000,0.000,00-0039851,0.000,0.000,0.000,2,,,,,,,,,,,,,,,,,,,,,,,,218.611,91.816,150.676,28.231,33.360,-0.006,0.030,,,-25.352,2.061,-25.354,0.313
2026,4,2026_04_NE_BUF,NE,BUF,Eli Raridon,TE,,0,0,0,0,2,1,12,0.056,0.000,,21.250,-7.000,0,,58.221,0.503,0.000,0.000,,,0.000,0.000,0.000,,1.000,1.000,17.210,0.041,0.073,17.210,0.355,3,1,1,0,0.000,0.000,0.000,0.000,0.463,0.000,0.000,1.000,1.000,0.000,1.000,00-0039851,0.041,1.000,17.210,2,,,,,,,,,,,,,0.000,0.000,,,,,5.032,0.000,0.000,12.178,0.000,218.611,91.816,150.676,28.231,33.360,-0.006,0.030,,,-25.352,2.061,-25.354,0.313
2026,4,2026_04_NE_BUF,NE,BUF,Hunter Henry,TE,TE1,0,0,0,0,5,5,62,0.139,0.000,,21.250,-7.000,0,,58.221,0.503,0.000,0.000,,,0.000,0.000,0.000,,3.973,2.719,30.853,0.146,0.121,7.032,0.764,114,0,0,0,0.000,0.000,0.000,0.000,0.463,0.000,0.000,1.000,1.000,0.000,3.973,00-0039851,0.146,3.971,30.844,34,,,,,,,,,,,,,0.051,0.120,,,,,32.612,0.000,0.000,-1.759,0.000,218.611,91.816,150.676,28.231,33.360,-0.006,0.030,23.614,0.586,-25.352,2.061,-25.354,0.313
2026,4,2026_04_NE_BUF,NE,BUF,DeMario Douglas,WR,WR3,0,0,0,0,3,2,15,0.083,0.000,,21.250,-7.000,0,,58.221,0.503,0.000,0.000,,,0.107,0.399,0.004,,3.595,2.064,24.013,0.122,0.119,7.697,0.392,54,0,0,0,0.000,0.000,0.000,0.000,0.463,0.000,0.000,1.000,1.000,0.107,3.595,00-0039851,0.122,3.593,23.995,33,3.769,7.217,10.555,0.924,56.347,,,,,,,,0.064,0.105,,,,,27.070,0.656,0.000,-3.057,-0.257,218.611,91.816,150.676,28.231,33.360,-0.006,0.030,38.270,1.522,-25.352,2.061,-25.354,0.313
2026,4,2026_04_NE_BUF,NE,BUF,Efton Chism III,WR,,0,0,0,0,4,2,42,0.111,0.000,,21.250,-7.000,0,,58.221,0.503,0.290,2.909,8.691,-0.320,0.000,0.000,0.000,,0.869,0.687,8.279,0.034,0.019,12.017,0.243,13,0,0,0,0.000,0.000,0.000,0.000,0.463,0.000,0.000,1.000,1.000,0.000,0.869,00-0039851,0.034,0.869,8.279,12,,,,,,,,,,,,,0.000,0.000,,,,0.543,8.386,0.000,3.713,6.513,0.000,218.611,91.816,150.676,28.231,33.360,-0.006,0.030,,,-25.352,2.061,-25.354,0.313
2026,4,2026_04_NE_BUF,NE,BUF,Kyle Williams,WR,,0,0,0,0,2,0,0,0.056,0.000,,21.250,-7.000,0,,58.221,0.503,0.000,0.000,,,0.067,0.273,0.002,,1.857,0.782,13.769,0.066,0.105,8.636,0.313,21,0,0,0,0.000,0.000,0.000,0.000,0.463,0.000,0.000,1.000,1.000,0.067,1.857,00-0039851,0.066,1.857,13.769,20,,,,,,,,,,,,,0.048,0.000,,,,,19.567,0.656,0.000,-3.674,-0.331,218.611,91.816,150.676,28.231,33.360,-0.006,0.030,,,-25.352,2.061,-25.354,0.313
2026,4,2026_04_NE_BUF,NE,BUF,Mack Hollins,WR,WR1,0,0,0,0,4,3,53,0.111,0.000,,21.250,-7.000,0,,58.221,0.503,0.000,0.000,,,0.017,0.067,0.000,,5.560,3.816,52.490,0.186,0.249,10.265,0.714,107,0,0,0,0.000,0.000,0.000,0.000,0.463,0.000,0.000,1.000,1.000,0.017,5.560,00-0039851,0.189,5.661,53.331,19,3.014,5.824,13.682,0.068,65.710,,,,,,,,0.018,0.000,,,,,48.133,0.106,0.000,4.380,-0.038,218.611,91.816,150.676,28.231,33.360,-0.006,0.030,59.012,0.912,-25.352,2.061,-25.354,0.313
2026,4,2026_04_NE_BUF,NE,BUF,Romeo Doubs,WR,WR2,0,0,0,0,9,6,58,0.250,0.000,,21.250,-7.000,0,,58.221,0.503,0.000,0.000,,,0.000,0.000,0.000,,4.868,3.233,54.978,0.170,0.254,11.223,0.702,67,0,0,0,0.000,0.000,0.000,0.000,0.463,0.000,0.000,1.000,1.000,0.000,4.868,00-0039851,0.142,3.722,50.913,3,,,,,,,,,,,,,0.092,0.044,,,,,42.132,0.000,0.000,12.847,0.000,218.611,91.816,150.676,28.231,33.360,-0.006,0.030,40.735,0.855,-25.352,2.061,-25.354,0.313
2026,4,2026_04_ARI_NYG,NYG,ARI,Jameis Winston,QB,,29,250,0,0,0,0,0,0.000,0.000,,21.000,-2.500,0,,59.034,0.485,25.700,173.942,5.955,-3.809,2.219,7.982,0.081,3.280,0.095,0.095,3.122,0.003,0.003,,0.763,64,0,0,0,0.000,0.000,0.000,0.593,0.000,0.000,0.000,1.000,1.000,2.219,0.095,00-0031503,,,,0,,,,,,,,,2.804,18.738,-3.460,-0.072,,,2.703,0.594,0.013,0.342,1.060,7.209,181.300,2.062,0.773,249.699,116.860,145.070,69.995,31.822,0.082,-0.005,,,-9.206,17.885,-9.204,0.291
2026,4,2026_04_ARI_NYG,NYG,ARI,Cam Skattebo,RB,RB1,0,0,18,58,1,1,8,0.034,0.643,,21.000,-2.500,0,,59.034,0.485,0.000,0.000,,,14.669,54.974,0.476,3.654,3.448,2.670,23.962,0.123,0.043,6.971,0.591,12,0,0,0,0.000,0.000,0.000,0.593,0.000,0.000,0.000,1.000,1.000,14.669,3.448,00-0031503,0.161,4.000,30.407,2,,,,,,4.332,20.917,0.223,,,,,0.048,0.366,1.632,2.038,0.791,,19.396,61.639,0.000,4.566,-6.664,249.699,116.860,145.070,69.995,31.822,0.082,-0.005,68.234,1.069,-9.206,17.885,-9.204,0.291
2026,4,2026_04_ARI_NYG,NYG,ARI,Najee Harris,RB,,0,0,9,30,0,0,0,0.000,0.321,,21.000,-2.500,0,,59.034,0.485,0.000,0.000,,,8.746,35.763,0.330,3.946,1.484,1.222,9.986,0.051,-0.007,,0.307,77,0,0,0,0.000,0.000,0.000,0.593,0.000,0.000,0.000,1.000,1.000,8.746,1.484,00-0031503,0.000,0.000,0.000,2,,,,,,,,,,,,,,,2.237,1.726,0.509,,8.862,35.894,0.000,1.124,-0.130,249.699,116.860,145.070,69.995,31.822,0.082,-0.005,,,-9.206,17.885,-9.204,0.291
2026,4,2026_04_ARI_NYG,NYG,ARI,Patrick Ricard,RB,,0,0,0,0,2,1,1,0.069,0.000,,21.000,-2.500,0,,59.034,0.485,0.000,0.000,,,0.076,0.216,0.002,,0.593,0.283,2.426,0.024,0.003,4.151,0.476,74,0,0,0,0.000,0.000,0.000,0.593,0.000,0.000,0.000,1.000,1.000,0.076,0.593,00-0031503,,,,0,,,,,,,,,,,,,0.060,0.004,,,,,5.624,0.391,0.000,-1.624,-0.043,249.699,116.860,145.070,69.995,31.822,0.082,-0.005,,,-9.206,17.885,-9.204,0.291
2026,4,2026_04_ARI_NYG,NYG,ARI,Tyrone Tracy Jr.,RB,,0,0,1,-1,0,0,0,0.000,0.036,,21.000,-2.500,0,,59.034,0.485,0.000,0.000,,,8.715,39.502,0.287,4.484,2.200,1.766,13.224,0.076,0.012,,0.372,36,0,0,0,0.000,0.000,0.000,0.593,0.000,0.000,0.000,1.000,1.000,8.715,2.200,00-0031503,0.053,1.657,24.950,4,,,,,,,,,,,,,,,2.594,1.891,0.298,,15.149,46.739,0.000,0.584,0.168,249.699,116.860,145.070,69.995,31.822,0.082,-0.005,,,-9.206,17.885,-9.204,0.291
2026,4,2026_04_ARI_NYG,NYG,ARI,Chris Manhertz,TE,,0,0,0,0,0,0,0,0.000,0.000,,21.000,-2.500,0,,59.034,0.485,0.000,0.000,,,0.000,0.000,0.000,,0.560,0.332,3.199,0.019,0.015,5.961,0.335,56,0,0,0,0.000,0.000,0.000,0.593,0.000,0.000,0.000,1.000,1.000,0.000,0.560,00-0031503,,,,0,,,,,,,,,,,,,0.012,0.001,,,,,6.021,0.000,0.000,0.175,0.000,249.699,116.860,145.070,69.995,31.822,0.082,-0.005,,,-9.206,17.885,-9.204,0.291
2026,4,2026_04_ARI_NYG,NYG,ARI,Isaiah Likely,TE,TE1,0,0,0,0,12,7,66,0.414,0.000,,21.000,-2.500,0,,59.034,0.485,0.000,0.000,,,0.000,0.000,0.000,,4.884,3.312,32.503,0.186,0.154,7.498,0.620,63,0,0,0,0.000,0.000,0.000,0.593,0.000,0.000,0.000,1.000,1.000,0.000,4.884,00-0031503,0.272,7.284,22.136,2,3.456,6.033,7.467,0.507,66.544,,,,,,,,0.072,0.052,,,,,35.373,0.000,0.000,-0.583,0.000,249.699,116.860,145.070,69.995,31.822,0.082,-0.005,45.314,1.123,-9.206,17.885,-9.204,0.291
2026,4,2026_04_ARI_NYG,NYG,ARI,Theo Johnson,TE,,0,0,0,0,1,1,11,0.034,0.000,,21.000,-2.500,0,,59.034,0.485,0.000,0.000,,,0.000,0.000,0.000,,4.185,2.106,28.655,0.150,0.160,6.673,0.732,29,0,0,0,0.000,0.000,0.000,0.593,0.000,0.000,0.000,1.000,1.000,0.000,4.185,00-0031503,0.136,4.330,35.402,3,,,,,,,,,,,,,0.081,0.040,,,,,31.140,0.000,0.000,-2.390,0.000,249.699,116.860,145.070,69.995,31.822,0.082,-0.005,,,-9.206,17.885,-9.204,0.291
2026,4,2026_04_ARI_NYG,NYG,ARI,Braxton Berrios,WR,,0,0,0,0,1,0,0,0.034,0.000,,21.000,-2.500,0,,59.034,0.485,0.000,0.000,,,0.003,0.028,0.000,,0.630,0.427,2.782,0.017,0.010,,0.162,97,0,0,0,0.000,0.000,0.000,0.593,0.000,0.000,0.000,1.000,1.000,0.003,0.630,00-0031503,0.000,0.000,0.000,2,,,,,,,,,,,,,,,,,,,,,,,,249.699,116.860,145.070,69.995,31.822,0.082,-0.005,,,-9.206,17.885,-9.204,0.291
2026,4,2026_04_ARI_NYG,NYG,ARI,Charlie Jones,WR,,0,0,0,0,0,0,0,0.000,0.000,,21.000,-2.500,0,,59.034,0.485,0.000,0.000,,,0.008,0.055,0.000,,0.125,0.027,0.259,0.004,0.014,,0.031,33,0,0,0,0.000,0.000,0.000,0.593,0.000,0.000,0.000,1.000,1.000,0.008,0.125,00-0031503,,,,0,,,,,,,,,,,,,,,,,,,,,,,,249.699,116.860,145.070,69.995,31.822,0.082,-0.005,,,-9.206,17.885,-9.204,0.291
2026,4,2026_04_ARI_NYG,NYG,ARI,Darnell Mooney,WR,WR2,0,0,0,0,2,0,0,0.069,0.000,,21.000,-2.500,0,,59.034,0.485,0.001,0.000,,,0.159,1.433,0.005,4.831,3.937,2.192,30.748,0.140,0.229,9.366,0.715,93,0,0,0,0.000,0.000,0.000,0.593,0.000,0.000,0.000,1.000,1.000,0.159,3.937,00-0031503,0.120,3.000,32.790,2,,,,,,,,,,,,,0.012,0.076,4.337,0.494,0.044,,35.982,1.109,0.008,-5.235,0.324,249.699,116.860,145.070,69.995,31.822,0.082,-0.005,37.085,0.776,-9.206,17.885,-9.204,0.291
2026,4,2026_04_ARI_NYG,NYG,ARI,Malachi Fields,WR,WR3,0,0,0,0,3,2,52,0.103,0.000,,21.000,-2.500,0,,59.034,0.485,0.000,0.000,,,0.000,0.000,0.000,,3.875,2.000,24.295,0.138,0.239,7.113,0.738,4,0,0,0,0.000,0.000,0.000,0.593,0.000,0.000,0.000,1.000,1.000,0.000,3.875,00-0031503,0.137,3.827,24.025,2,,,,,,,,,,,,,0.055,0.000,,,,,35.471,0.000,0.000,-11.176,0.000,249.699,116.860,145.070,69.995,31.822,0.082,-0.005,27.851,1.432,-9.206,17.885,-9.204,0.291
2026,4,2026_04_ARI_NYG,NYG,ARI,Malik Nabers,WR,WR1,0,0,0,0,7,6,112,0.241,0.000,,21.000,-2.500,0,,59.034,0.485,0.006,0.000,,,0.054,0.048,0.002,,8.031,4.847,54.681,0.274,0.338,6.055,0.763,23,0,0,0,0.000,0.000,0.000,0.593,0.000,0.000,0.000,1.000,1.000,0.054,8.031,00-0031503,0.212,5.086,14.580,2,2.857,6.521,11.246,0.604,62.577,,,,,,,,0.011,0.538,,,,,59.472,0.305,0.006,-4.791,-0.257,249.699,116.860,145.070,69.995,31.822,0.082,-0.005,76.488,1.087,-9.206,17.885,-9.204,0.291
2026,4,2026_04_NYJ_CHI,NYJ,CHI,Geno Smith,QB,,15,119,0,0,0,0,0,0.000,0.000,,20.000,-3.500,0,,57.974,0.548,31.117,222.733,7.195,0.600,2.910,7.850,0.127,2.793,0.000,0.000,-0.000,0.000,-0.000,,0.967,78,0,0,0,0.710,0.547,0.653,1.545,0.280,0.609,0.336,1.587,1.068,4.619,0.000,00-0030565,,,,0,,,,,,,,,2.844,15.971,7.887,-2.251,,,2.195,0.608,0.029,0.225,0.000,11.855,212.525,-0.000,-4.005,238.921,99.654,162.444,45.903,29.302,-0.007,0.018,,,-0.450,8.033,-0.452,0.437
2026,4,2026_04_NYJ_CHI,NYJ,CHI,Braelon Allen,RB,RB1,0,0,14,59,2,2,8,0.133,1.000,,20.000,-3.500,0,,57.974,0.548,0.000,0.000,,,5.229,18.946,0.205,3.647,1.400,1.106,5.169,0.042,0.004,4.112,0.311,25,0,0,0,0.710,0.547,0.653,1.545,0.280,0.609,0.336,1.587,1.068,8.299,1.495,00-0030565,0.054,1.785,3.818,3,,,,,,,,,,,,,0.129,0.173,1.915,1.749,0.511,,7.325,21.039,0.000,-2.156,-2.094,238.921,99.654,162.444,45.903,29.302,-0.007,0.018,75.257,1.291,-0.450,8.033,-0.452,0.437
2026,4,2026_04_NYJ_CHI,NYJ,CHI,Isaiah Davis,RB,,0,0,0,0,0,0,0,0.000,0.000,,20.000,-3.500,0,,57.974,0.548,0.000,0.000,,,2.335,12.537,0.088,,1.127,0.936,9.339,0.038,-0.011,,0.190,32,0,0,0,0.710,0.547,0.653,1.545,0.280,0.609,0.336,1.587,1.068,3.705,1.204,00-0030565,0.000,0.000,0.000,2,,,,,,,,,,,,,,,,,,,,,,,,238.921,99.654,162.444,45.903,29.302,-0.007,0.018,,,-0.450,8.033,-0.452,0.437
2026,4,2026_04_NYJ_CHI,NYJ,CHI,Kene Nwangwu,RB,,0,0,0,0,0,0,0,0.000,0.000,,20.000,-3.500,0,,57.974,0.548,0.000,0.000,,,1.995,7.189,0.080,3.203,0.167,0.007,0.079,0.007,-0.013,5.255,0.081,45,0,0,0,0.710,0.547,0.653,1.545,0.280,0.609,0.336,1.587,1.068,3.167,0.178,00-0030565,,,,0,,,,,,,,,,,,,0.000,0.000,1.632,1.577,0.069,,2.574,16.710,0.000,-0.715,-4.412,238.921,99.654,162.444,45.903,29.302,-0.007,0.018,,,-0.450,8.033,-0.452,0.437
2026,4,2026_04_NYJ_CHI,NYJ,CHI,Jelani Woods,TE,,0,0,0,0,1,1,11,0.067,0.000,,20.000,-3.500,0,,57.974,0.548,0.000,0.000,,,0.000,0.000,0.000,,2.656,1.566,19.183,0.083,0.096,9.265,0.386,16,0,0,0,0.710,0.547,0.653,1.545,0.280,0.609,0.336,1.587,1.068,0.000,2.837,00-0030565,0.028,1.000,20.000,1,,,,,,,,,,,,,0.025,0.018,,,,,19.879,0.000,0.000,-0.696,0.000,238.921,99.654,162.444,45.903,29.302,-0.007,0.018,,,-0.450,8.033,-0.452,0.437
2026,4,2026_04_NYJ_CHI,NYJ,CHI,Kenyon Sadiq,TE,TE1,0,0,0,0,4,0,0,0.267,0.000,,20.000,-3.500,0,,57.974,0.548,0.000,0.000,,,0.278,0.833,0.007,,4.962,4.240,52.647,0.151,0.106,8.964,0.463,4,1,1,0,0.710,0.547,0.653,1.545,0.280,0.609,0.336,1.587,1.068,0.440,5.301,00-0030565,0.151,4.962,52.647,3,4.704,6.244,9.122,0.023,87.500,,,,,,,,0.000,0.000,,,,,37.027,0.386,0.000,15.620,0.447,238.921,99.654,162.444,45.903,29.302,-0.007,0.018,29.718,1.019,-0.450,8.033,-0.452,0.437
2026,4,2026_04_NYJ_CHI,NYJ,CHI,Garrett Wilson,WR,WR1,0,0,0,0,4,3,27,0.267,0.000,,20.000,-3.500,0,,57.974,0.548,0.000,0.000,,,0.034,0.005,0.001,,8.475,5.758,64.055,0.303,0.474,7.188,0.861,62,0,0,0,0.710,0.547,0.653,1.545,0.280,0.609,0.336,1.587,1.068,0.053,9.054,00-0030565,0.290,9.355,82.729,3,2.835,5.310,9.353,-0.214,69.411,,,,,,,,0.049,0.359,,,,,67.486,0.217,0.003,-3.430,-0.212,238.921,99.654,162.444,45.903,29.302,-0.007,0.018,62.890,0.954,-0.450,8.033,-0.452,0.437
2026,4,2026_04_NYJ_CHI,NYJ,CHI,Isaiah Williams,WR,WR2,0,0,0,0,3,2,73,0.200,0.000,,20.000,-3.500,0,,57.974,0.548,0.028,0.000,,,0.264,2.913,0.009,,3.396,2.711,20.126,0.115,0.078,6.250,0.608,27,0,0,0,0.710,0.547,0.653,1.545,0.280,0.609,0.336,1.587,1.068,0.419,3.628,00-0030565,0.089,3.043,21.405,3,,,,,,,,,,,,,0.025,0.044,,,,,22.423,2.028,0.206,0.100,1.320,238.921,99.654,162.444,45.903,29.302,-0.007,0.018,61.904,1.484,-0.450,8.033,-0.452,0.437
2026,4,2026_04_NYJ_CHI,NYJ,CHI,Sterling Shepard,WR,WR3,0,0,0,0,1,0,0,0.067,0.000,,20.000,-3.500,0,,57.974,0.548,0.000,0.000,,,0.245,1.649,0.009,,3.124,2.283,18.653,0.098,0.109,5.467,0.518,86,0,0,0,0.710,0.547,0.653,1.545,0.280,0.609,0.336,1.587,1.068,0.389,3.337,00-0030565,0.028,1.000,3.000,1,,,,,,,,,,,,,0.015,0.078,,,,,22.461,1.560,0.000,-3.808,0.089,238.921,99.654,162.444,45.903,29.302,-0.007,0.018,18.031,1.372,-0.450,8.033,-0.452,0.437
2026,4,2026_04_LA_PHI,PHI,LA,Jalen Hurts,QB,,27,93,5,18,0,0,0,0.000,0.185,,19.500,-3.500,0,,58.135,0.529,29.190,194.340,6.836,0.293,5.510,25.458,0.200,4.468,0.000,0.000,0.000,0.000,0.000,,0.965,106,0,0,0,1.478,0.000,0.730,0.765,0.715,0.000,0.576,1.000,1.130,5.510,0.000,00-0036389,,,,0,,,,,,,,,3.049,12.482,-0.337,-0.264,,,3.755,0.717,0.157,0.188,0.000,28.147,212.477,-0.000,-2.689,223.272,85.899,145.165,36.632,41.537,-0.061,-0.002,,,-23.245,-3.354,-23.248,0.270
2026,4,2026_04_LA_PHI,PHI,LA,Saquon Barkley,RB,RB1,0,0,2,8,1,1,2,0.040,0.074,,19.500,-3.500,0,,58.135,0.529,0.000,0.000,,,16.409,75.273,0.599,4.416,2.670,1.487,9.235,0.097,-0.006,2.606,0.682,117,0,0,0,1.478,0.000,0.730,0.765,0.715,0.000,0.576,1.000,1.130,16.409,3.016,00-0036389,0.097,2.673,9.298,38,,,,,,4.050,23.058,0.762,,,,,0.074,0.135,2.620,1.807,1.076,,15.946,72.527,0.000,-6.711,2.746,223.272,85.899,145.165,36.632,41.537,-0.061,-0.002,57.209,0.892,-23.245,-3.354,-23.248,0.270
2026,4,2026_04_LA_PHI,PHI,LA,Tank Bigsby,RB,,0,0,14,55,1,0,0,0.040,0.519,,19.500,-3.500,0,,58.135,0.529,0.000,0.000,,,5.568,23.189,0.196,,0.671,0.609,4.146,0.024,-0.004,5.940,0.186,49,0,0,0,1.478,0.000,0.730,0.765,0.715,0.000,0.576,1.000,1.130,5.568,0.758,00-0036389,0.023,0.615,1.693,17,,,,,,,,,,,,,0.068,0.138,,,,,3.656,24.650,0.000,0.588,0.190,223.272,85.899,145.165,36.632,41.537,-0.061,-0.002,,,-23.245,-3.354,-23.248,0.270
2026,4,2026_04_LA_PHI,PHI,LA,Will Shipley,RB,,0,0,6,23,1,0,0,0.040,0.222,,19.500,-3.500,0,,58.135,0.529,0.000,0.000,,,1.671,5.314,0.057,,1.279,1.018,6.148,0.044,0.013,5.209,0.209,35,0,0,0,1.478,0.000,0.730,0.765,0.715,0.000,0.576,1.000,1.130,1.671,1.445,00-0036389,0.038,1.067,5.361,32,,,,,,,,,,,,,0.030,0.000,,,,,8.628,9.175,0.000,-1.777,-2.497,223.272,85.899,145.165,36.632,41.537,-0.061,-0.002,,,-23.245,-3.354,-23.248,0.270
2026,4,2026_04_LA_PHI,PHI,LA,E.J. Jenkins,TE,,0,0,0,0,0,0,0,0.000,0.000,,19.500,-3.500,0,,58.135,0.529,0.000,0.000,,,0.000,0.000,0.000,,0.414,0.225,1.575,0.016,0.008,,0.310,5,0,0,0,1.478,0.000,0.730,0.765,0.715,0.000,0.576,1.000,1.130,0.000,0.468,00-0036389,0.000,0.000,0.000,2,,,,,,,,,,,,,,,,,,,,,,,,223.272,85.899,145.165,36.632,41.537,-0.061,-0.002,,,-23.245,-3.354,-23.248,0.270
2026,4,2026_04_LA_PHI,PHI,LA,Johnny Mundt,TE,,0,0,0,0,0,0,0,0.000,0.000,,19.500,-3.500,0,,58.135,0.529,0.000,0.000,,,0.000,0.000,0.000,,1.711,1.040,9.565,0.057,0.021,5.915,0.436,71,0,0,0,1.478,0.000,0.730,0.765,0.715,0.000,0.576,1.000,1.130,0.000,1.933,00-0036389,0.062,1.914,5.827,2,,,,,,,,,,,,,0.078,0.186,,,,,12.275,0.000,0.000,-2.142,0.000,223.272,85.899,145.165,36.632,41.537,-0.061,-0.002,,,-23.245,-3.354,-23.248,0.270
2026,4,2026_04_LA_PHI,PHI,LA,Zach Ertz,TE,TE1,0,0,0,0,4,2,13,0.160,0.000,,19.500,-3.500,0,,58.135,0.529,0.000,0.000,,,0.000,0.000,0.000,,5.438,3.727,37.801,0.181,0.190,6.494,0.633,115,0,0,0,1.478,0.000,0.730,0.765,0.715,0.000,0.576,1.000,1.130,0.000,6.145,00-0036389,0.157,4.976,26.908,11,,,,,,,,,,,,,0.065,0.020,,,,,41.412,0.000,0.000,-3.611,0.000,223.272,85.899,145.165,36.632,41.537,-0.061,-0.002,22.179,0.531,-23.245,-3.354,-23.248,0.270
2026,4,2026_04_LA_PHI,PHI,LA,Britain Covey,WR,,0,0,0,0,0,0,0,0.000,0.000,,19.500,-3.500,0,,58.135,0.529,0.000,0.000,,,0.000,0.000,0.000,,0.525,0.318,2.601,0.017,0.004,,0.068,52,0,0,0,1.478,0.000,0.730,0.765,0.715,0.000,0.576,1.000,1.130,0.000,0.593,00-0036389,0.007,0.188,0.801,47,,,,,,,,,,,,,,,,,,,,,,,,223.272,85.899,145.165,36.632,41.537,-0.061,-0.002,,,-23.245,-3.354,-23.248,0.270
2026,4,2026_04_LA_PHI,PHI,LA,Darius Cooper,WR,WR3,0,0,0,0,7,3,33,0.280,0.000,,19.500,-3.500,0,,58.135,0.529,0.000,0.000,,,0.000,0.000,0.000,,1.458,1.102,12.185,0.047,0.050,,0.296,11,0,0,0,1.478,0.000,0.730,0.765,0.715,0.000,0.576,1.000,1.130,0.000,1.647,00-0036389,0.038,1.089,10.114,9,,,,,,,,,,,,,,,,,,,,,,,,223.272,85.899,145.165,36.632,41.537,-0.061,-0.002,31.365,1.128,-23.245,-3.354,-23.248,0.270
2026,4,2026_04_LA_PHI,PHI,LA,Dontayvion Wicks,WR,WR1,0,0,0,0,5,3,18,0.200,0.000,,19.500,-3.500,0,,58.135,0.529,0.000,0.001,,,0.056,0.338,0.002,,4.024,2.543,37.791,0.148,0.211,8.645,0.582,52,0,0,0,1.478,0.000,0.730,0.765,0.715,0.000,0.576,1.000,1.130,0.056,4.547,00-0036389,0.187,5.053,57.239,3,2.304,6.432,12.452,0.291,62.770,,,,,,,,0.097,0.039,,,,,31.644,0.369,0.001,6.146,-0.032,223.272,85.899,145.165,36.632,41.537,-0.061,-0.002,58.511,0.894,-23.245,-3.354,-23.248,0.270
2026,4,2026_04_LA_PHI,PHI,LA,Makai Lemon,WR,WR2,0,0,0,0,6,3,27,0.240,0.000,,19.500,-3.500,0,,58.135,0.529,0.000,0.000,,,0.330,-1.650,0.010,,3.010,2.340,14.614,0.123,0.131,7.119,0.660,4,0,0,0,1.478,0.000,0.730,0.765,0.715,0.000,0.576,1.000,1.130,0.330,3.401,00-0036389,0.123,3.010,14.614,3,,,,,,,,,,,,,0.000,0.000,,,,,19.304,1.964,0.000,-4.690,-3.614,223.272,85.899,145.165,36.632,41.537,-0.061,-0.002,44.307,1.143,-23.245,-3.354,-23.248,0.270
2026,4,2026_04_PIT_CLE,PIT,CLE,Aaron Rodgers,QB,,40,299,0,0,0,0,0,0.000,0.000,1.000,20.500,2.500,0,11.000,58.481,0.616,35.373,219.744,6.311,-3.990,1.527,5.054,0.069,4.608,0.040,0.040,-0.358,0.001,-0.002,,0.964,125,0,0,0,0.000,0.432,0.000,0.000,0.000,0.434,0.107,1.250,1.019,1.910,0.041,00-0023459,,,,0,,,,,,,,,2.766,14.554,-2.712,-1.652,,,4.489,0.116,0.004,0.206,0.085,4.422,244.789,-0.443,0.632,211.880,107.947,123.681,62.882,23.172,-0.048,-0.004,,,-18.933,2.743,-18.937,0.412
2026,4,2026_04_PIT_CLE,PIT,CLE,Jaylen Warren,RB,RB1,0,0,17,93,6,3,33,0.154,0.895,0.970,20.500,2.500,0,11.000,58.481,0.616,0.000,0.000,,,12.675,66.186,0.575,4.971,3.295,2.630,24.644,0.099,-0.032,7.118,0.551,71,0,0,0,0.000,0.432,0.000,0.000,0.000,0.434,0.107,1.250,1.019,15.847,3.358,00-0023459,0.102,3.399,25.813,18,,,,,,3.780,27.455,1.218,,,,,0.002,0.620,2.482,2.482,0.946,,16.999,55.437,0.000,7.645,10.750,211.880,107.947,123.681,62.882,23.172,-0.048,-0.004,75.934,1.334,-18.933,2.743,-18.937,0.412
2026,4,2026_04_PIT_CLE,PIT,CLE,Lew Nichols III,RB,,0,0,0,0,0,0,0,0.000,0.000,0.000,20.500,2.500,0,11.000,58.481,0.616,0.000,0.000,,,0.543,0.000,0.024,0.000,0.000,0.000,0.000,0.000,0.000,,0.027,3,0,0,0,0.000,0.432,0.000,0.000,0.000,0.434,0.107,1.250,1.019,0.679,0.000,00-0023459,0.000,0.000,0.000,2,,,,,,,,,,,,,,,0.000,0.000,0.000,,0.000,2.340,0.000,0.000,-2.340,211.880,107.947,123.681,62.882,23.172,-0.048,-0.004,,,-18.933,2.743,-18.937,0.412
2026,4,2026_04_PIT_CLE,PIT,CLE,Travis Homer,RB,,0,0,2,-1,0,0,0,0.000,0.105,0.030,20.500,2.500,0,11.000,58.481,0.616,0.000,0.000,,,0.621,2.485,0.026,3.778,0.099,0.091,0.451,0.004,0.000,,0.034,68,0,0,0,0.000,0.432,0.000,0.000,0.000,0.434,0.107,1.250,1.019,0.776,0.101,00-0023459,0.000,0.000,0.000,2,,,,,,,,,,,,,,,2.361,1.416,0.065,,5.311,7.742,0.000,0.322,-1.141,211.880,107.947,123.681,62.882,23.172,-0.048,-0.004,,,-18.933,2.743,-18.937,0.412
2026,4,2026_04_PIT_CLE,PIT,CLE,Darnell Washington,TE,,0,0,0,0,5,3,27,0.128,0.000,0.710,20.500,2.500,0,11.000,58.481,0.616,0.000,0.000,,,0.000,0.000,0.000,,2.929,2.182,29.098,0.094,0.061,9.414,0.588,40,0,0,0,0.000,0.432,0.000,0.000,0.000,0.434,0.107,1.250,1.019,0.000,2.985,00-0023459,0.095,2.989,28.889,14,,,,,,,,,,,,,0.042,0.699,,,,,19.607,0.000,0.000,9.491,0.000,211.880,107.947,123.681,62.882,23.172,-0.048,-0.004,,,-18.933,2.743,-18.937,0.412
2026,4,2026_04_PIT_CLE,PIT,CLE,Pat Freiermuth,TE,TE1,0,0,0,0,5,3,17,0.128,0.000,0.750,20.500,2.500,0,11.000,58.481,0.616,0.000,0.000,,,0.293,0.427,0.013,1.457,4.193,3.004,34.239,0.124,0.145,8.152,0.610,82,0,0,0,0.000,0.432,0.000,0.000,0.000,0.434,0.107,1.250,1.019,0.366,4.272,00-0023459,0.124,4.251,34.944,17,,,,,,,,,,,,,0.003,0.209,1.000,0.457,0.000,,30.875,0.761,0.000,3.365,-0.334,211.880,107.947,123.681,62.882,23.172,-0.048,-0.004,34.646,0.954,-18.933,2.743,-18.937,0.412
2026,4,2026_04_PIT_CLE,PIT,CLE,Ben Skowronek,WR,,0,0,0,0,2,1,7,0.051,0.000,0.110,20.500,2.500,0,11.000,58.481,0.616,0.000,0.000,,,0.000,0.001,0.000,,0.499,0.438,6.185,0.016,0.022,11.528,0.157,73,0,0,0,0.000,0.432,0.000,0.000,0.000,0.434,0.107,1.250,1.019,0.001,0.508,00-0023459,0.015,0.476,5.533,17,,,,,,,,,,,,,0.001,0.000,,,,,8.028,0.110,0.000,4.665,-0.060,211.880,107.947,123.681,62.882,23.172,-0.048,-0.004,,,-18.933,2.743,-18.937,0.412
2026,4,2026_04_PIT_CLE,PIT,CLE,DK Metcalf,WR,WR1,0,0,0,0,9,5,115,0.231,0.000,0.970,20.500,2.500,0,11.000,58.481,0.616,0.000,0.000,,,0.080,0.477,0.002,,7.079,3.692,45.467,0.217,0.339,7.047,0.900,121,0,0,0,0.000,0.432,0.000,0.000,0.000,0.434,0.107,1.250,1.019,0.099,7.213,00-0023459,0.213,6.979,46.133,17,2.781,4.320,11.773,1.342,52.428,,,,,,,,0.064,0.345,,,,,58.408,0.379,0.000,-12.941,0.099,211.880,107.947,123.681,62.882,23.172,-0.048,-0.004,42.666,0.742,-18.933,2.743,-18.937,0.412
2026,4,2026_04_PIT_CLE,PIT,CLE,Germie Bernard,WR,,0,0,0,0,2,2,11,0.051,0.000,0.400,20.500,2.500,0,11.000,58.481,0.616,0.000,0.000,,,0.000,0.000,0.000,,4.198,2.370,23.593,0.116,0.168,9.603,0.508,3,0,0,0,0.000,0.432,0.000,0.000,0.000,0.434,0.107,1.250,1.019,0.000,4.277,00-0023459,0.116,4.198,23.593,2,,,,,,,,,,,,,0.057,0.457,,,,,33.352,0.000,0.000,-9.760,0.000,211.880,107.947,123.681,62.882,23.172,-0.048,-0.004,,,-18.933,2.743,-18.937,0.412
2026,4,2026_04_PIT_CLE,PIT,CLE,Kaden Wetjen,WR,,0,0,0,0,0,0,0,0.000,0.000,0.000,20.500,2.500,0,11.000,58.481,0.616,0.000,0.000,,,0.000,0.000,0.000,,0.000,0.000,0.000,0.000,0.000,,0.000,4,0,0,0,0.000,0.432,0.000,0.000,0.000,0.434,0.107,1.250,1.019,0.000,0.000,00-0023459,0.000,0.000,0.000,3,,,,,,,,,,,,,,,,,,,,,,,,211.880,107.947,123.681,62.882,23.172,-0.048,-0.004,,,-18.933,2.743,-18.937,0.412
2026,4,2026_04_PIT_CLE,PIT,CLE,Michael Pittman,WR,WR2,0,0,0,0,4,2,15,0.103,0.000,0.720,20.500,2.500,0,11.000,58.481,0.616,0.000,0.000,,,0.000,0.000,0.000,,5.332,3.541,35.933,0.166,0.165,7.183,0.851,99,0,0,0,0.000,0.432,0.000,0.000,0.000,0.434,0.107,1.250,1.019,0.000,5.433,00-0023459,0.125,4.086,35.185,2,2.975,6.970,8.185,0.523,67.806,,,,,,,,0.051,0.186,,,,,40.610,0.000,0.000,-3.665,0.000,211.880,107.947,123.681,62.882,23.172,-0.048,-0.004,34.289,0.857,-18.933,2.743,-18.937,0.412
2026,4,2026_04_PIT_CLE,PIT,CLE,Roman Wilson,WR,WR3,0,0,0,0,6,3,74,0.154,0.000,0.310,20.500,2.500,0,11.000,58.481,0.616,0.000,0.000,,,0.000,0.000,0.000,,4.005,2.272,26.889,0.122,0.201,6.075,0.488,13,0,0,0,0.000,0.432,0.000,0.000,0.000,0.434,0.107,1.250,1.019,0.000,4.080,00-0023459,0.125,4.108,30.305,10,2.912,6.349,13.600,-0.565,64.596,,,,,,,,0.030,0.000,,,,,32.174,0.000,0.000,-5.285,0.000,211.880,107.947,123.681,62.882,23.172,-0.048,-0.004,18.769,0.807,-18.933,2.743,-18.937,0.412
2026,4,2026_04_GB_TB,TB,GB,Jalon Daniels,QB,,27,148,8,55,0,0,0,0.000,0.258,,17.750,-3.000,0,,58.739,0.554,3.000,0.000,0.000,-0.457,1.000,9.000,0.048,9.000,0.000,0.000,0.000,0.000,0.000,,0.060,2,0,0,0,0.000,0.000,0.068,0.000,0.570,0.000,0.125,1.000,1.020,1.000,0.000,00-0034855,,,,0,,,,,,,,,,,,,,,9.000,0.000,0.000,0.000,0.000,10.050,31.720,0.000,-1.050,228.143,122.811,149.332,47.035,31.157,0.040,-0.001,,,4.533,5.219,4.533,0.212
2026,4,2026_04_GB_TB,TB,GB,Bucky Irving,RB,RB1,0,0,16,61,0,0,0,0.000,0.516,,17.750,-3.000,0,,58.739,0.554,0.000,0.000,,,15.774,61.607,0.595,3.957,3.855,3.155,20.428,0.122,-0.032,5.519,0.603,32,0,0,0,0.000,0.000,0.068,0.000,0.570,0.000,0.125,1.000,1.020,15.774,3.933,00-0034855,0.122,3.855,20.428,31,,,,,,4.142,15.556,-0.499,,,,,0.041,0.221,2.173,1.791,0.656,,20.841,70.319,0.000,-0.413,-8.713,228.143,122.811,149.332,47.035,31.157,0.040,-0.001,86.701,1.299,4.533,5.219,4.533,0.212
2026,4,2026_04_GB_TB,TB,GB,Kenny Gainwell,RB,,0,0,3,5,2,2,22,0.077,0.097,,17.750,-3.000,0,,58.739,0.554,0.000,0.001,,,5.264,20.135,0.233,3.186,4.850,3.635,24.374,0.146,-0.004,4.385,0.490,97,0,0,0,0.000,0.000,0.068,0.000,0.570,0.000,0.125,1.000,1.020,5.264,4.948,00-0034855,0.106,3.560,7.977,3,,,,,,,,,,,,,0.067,0.171,1.270,1.899,0.596,,25.531,23.056,0.001,-1.152,-2.900,228.143,122.811,149.332,47.035,31.157,0.040,-0.001,,,4.533,5.219,4.533,0.212
2026,4,2026_04_GB_TB,TB,GB,Sean Tucker,RB,,0,0,3,10,0,0,0,0.000,0.097,,17.750,-3.000,0,,58.739,0.554,0.000,0.000,,,5.178,16.392,0.175,2.495,0.540,0.299,1.921,0.015,0.002,,0.146,38,0,0,0,0.000,0.000,0.068,0.000,0.570,0.000,0.125,1.000,1.020,5.178,0.550,00-0034855,0.015,0.540,1.921,37,,,,,,,,,,,,,,,1.212,1.282,0.264,,2.920,20.903,0.000,-0.679,-3.334,228.143,122.811,149.332,47.035,31.157,0.040,-0.001,,,4.533,5.219,4.533,0.212
2026,4,2026_04_GB_TB,TB,GB,Bauer Sharp,TE,,0,0,0,0,0,0,0,0.000,0.000,,17.750,-3.000,0,,58.739,0.554,0.000,0.000,,,0.000,0.000,0.000,,0.000,0.000,0.000,0.000,0.000,,0.058,3,0,0,0,0.000,0.000,0.068,0.000,0.570,0.000,0.125,1.000,1.020,0.000,0.000,00-0034855,0.000,0.000,0.000,2,,,,,,,,,,,,,,,,,,,,,,,,228.143,122.811,149.332,47.035,31.157,0.040,-0.001,,,4.533,5.219,4.533,0.212
2026,4,2026_04_GB_TB,TB,GB,Cade Otton,TE,TE1,0,0,0,0,6,4,37,0.231,0.000,,17.750,-3.000,0,,58.739,0.554,0.000,0.000,,,0.001,-0.003,0.000,,5.538,3.939,41.448,0.184,0.143,7.249,0.936,70,0,0,0,0.000,0.000,0.068,0.000,0.570,0.000,0.125,1.000,1.020,0.001,5.649,00-0034855,0.184,5.538,41.450,52,3.333,6.101,5.719,1.006,66.396,,,,,,,,0.029,0.204,,,,,40.012,0.004,0.000,1.442,-0.007,228.143,122.811,149.332,47.035,31.157,0.040,-0.001,37.618,1.028,4.533,5.219,4.533,0.212
2026,4,2026_04_GB_TB,TB,GB,Chris Godwin Jr.,WR,WR2,0,0,0,0,7,6,31,0.269,0.000,,17.750,-3.000,0,,58.739,0.554,0.000,0.000,,,0.270,2.035,0.012,,5.039,3.935,43.841,0.158,0.113,8.918,0.756,115,0,0,0,0.000,0.000,0.068,0.000,0.570,0.000,0.125,1.000,1.020,0.270,5.141,00-0034855,0.158,5.033,43.797,38,,,,,,,,,,,,,0.013,0.455,,,,,35.326,1.948,0.005,8.515,0.087,228.143,122.811,149.332,47.035,31.157,0.040,-0.001,31.830,0.984,4.533,5.219,4.533,0.212
2026,4,2026_04_GB_TB,TB,GB,Emeka Egbuka,WR,WR1,0,0,0,0,4,2,13,0.154,0.000,,17.750,-3.000,0,,58.739,0.554,0.000,0.000,,,0.154,-0.359,0.006,,6.531,3.510,42.589,0.209,0.315,6.902,0.754,21,0,0,0,0.000,0.000,0.068,0.000,0.570,0.000,0.125,1.000,1.020,0.154,6.663,00-0034855,0.209,6.531,42.589,20,2.886,6.809,12.542,0.728,56.011,,,,,,,,0.035,0.058,,,,,58.259,1.201,0.000,-15.670,-1.561,228.143,122.811,149.332,47.035,31.157,0.040,-0.001,83.228,1.453,4.533,5.219,4.533,0.212
2026,4,2026_04_GB_TB,TB,GB,Kameron Johnson,WR,,0,0,0,0,2,1,3,0.077,0.000,,17.750,-3.000,0,,58.739,0.554,0.000,0.000,,,0.044,0.344,0.002,,0.150,0.057,0.914,0.005,0.008,,0.049,25,0,0,0,0.000,0.000,0.068,0.000,0.570,0.000,0.125,1.000,1.020,0.044,0.153,00-0034855,0.005,0.150,0.914,24,,,,,,,,,,,,,,,,,,,,,,,,228.143,122.811,149.332,47.035,31.157,0.040,-0.001,,,4.533,5.219,4.533,0.212
2026,4,2026_04_GB_TB,TB,GB,Ted Hurst III,WR,WR3,0,0,0,0,3,2,25,0.115,0.000,,17.750,-3.000,0,,58.739,0.554,0.000,0.000,,,0.000,0.000,0.000,,4.320,1.885,34.600,0.134,0.250,9.836,0.747,4,0,0,0,0.000,0.000,0.068,0.000,0.570,0.000,0.125,1.000,1.020,0.000,4.407,00-0034855,0.134,4.320,34.600,3,,,,,,,,,,,,,0.047,0.000,,,,,43.241,0.000,0.000,-8.642,0.000,228.143,122.811,149.332,47.035,31.157,0.040,-0.001,25.915,1.286,4.533,5.219,4.533,0.212
2026,4,2026_04_GB_TB,TB,GB,Tez Johnson,WR,,0,0,1,10,2,2,17,0.077,0.032,,17.750,-3.000,0,,58.739,0.554,0.000,0.000,,,0.417,0.585,0.014,,2.401,1.265,17.977,0.075,0.143,6.333,0.338,19,0,0,0,0.000,0.000,0.068,0.000,0.570,0.000,0.125,1.000,1.020,0.417,2.449,00-0034855,0.075,2.401,17.977,18,,,,,,,,,,,,,0.006,0.021,,,,,23.098,2.722,0.000,-5.121,-2.136,228.143,122.811,149.332,47.035,31.157,0.040,-0.001,,,4.533,5.219,4.533,0.212
2026,4,2026_04_TEN_BAL,TEN,BAL,Cam Ward,QB,,31,222,4,27,0,0,0,0.000,0.154,,15.500,-11.500,0,,55.061,0.582,28.950,173.206,7.188,-3.917,2.534,9.628,0.116,3.721,0.000,0.000,0.000,0.000,0.000,,0.911,21,0,0,0,0.000,0.000,0.000,0.000,0.550,0.000,0.000,1.000,1.000,2.534,0.000,00-0040676,,,,0,,,,,,,,,2.986,9.684,-2.237,-2.217,,,2.651,1.088,0.249,0.245,0.000,10.427,181.577,0.000,-0.799,256.680,76.219,180.522,43.178,32.774,0.018,-0.013,,,0.231,-3.951,0.235,0.329
2026,4,2026_04_TEN_BAL,TEN,BAL,Julius Chestnut,RB,,0,0,0,0,0,0,0,0.000,0.000,,15.500,-11.500,0,,55.061,0.582,0.000,0.000,,,0.337,0.955,0.013,,0.038,0.006,0.044,0.001,0.001,,0.017,38,0,0,0,0.000,0.000,0.000,0.000,0.550,0.000,0.000,1.000,1.000,0.337,0.038,00-0040676,0.001,0.032,0.000,17,,,,,,,,,,,,,,,,,,,,,,,,256.680,76.219,180.522,43.178,32.774,0.018,-0.013,,,0.231,-3.951,0.235,0.329
2026,4,2026_04_TEN_BAL,TEN,BAL,Nicholas Singleton,RB,,0,0,3,2,0,0,0,0.000,0.115,,15.500,-11.500,0,,55.061,0.582,0.000,0.000,,,4.000,10.000,0.138,2.500,0.000,0.000,0.000,0.000,0.000,,0.110,2,0,0,0,0.000,0.000,0.000,0.000,0.550,0.000,0.000,1.000,1.000,4.000,0.000,00-0040676,0.000,0.000,0.000,1,,,,,,,,,,,,,,,1.800,0.800,0.000,,0.000,17.350,0.000,0.000,-7.350,256.680,76.219,180.522,43.178,32.774,0.018,-0.013,,,0.231,-3.951,0.235,0.329
2026,4,2026_04_TEN_BAL,TEN,BAL,Tony Pollard,RB,RB1,0,0,16,48,4,2,2,0.143,0.615,,15.500,-11.500,0,,55.061,0.582,0.000,0.000,,,14.430,67.277,0.629,4.583,2.301,1.963,9.585,0.074,0.004,3.726,0.555,119,0,0,0,0.000,0.000,0.000,0.000,0.550,0.000,0.000,1.000,1.000,14.430,2.301,00-0040676,0.071,2.182,8.700,19,,,,,,3.980,19.399,0.602,,,,,0.046,0.082,2.763,1.820,0.810,,12.433,62.561,0.000,-2.847,4.716,256.680,76.219,180.522,43.178,32.774,0.018,-0.013,53.390,0.847,0.231,-3.951,0.235,0.329
2026,4,2026_04_TEN_BAL,TEN,BAL,Tyjae Spears,RB,,0,0,2,7,1,1,-1,0.036,0.077,,15.500,-11.500,0,,55.061,0.582,0.000,0.000,,,5.281,20.685,0.218,3.789,3.189,2.697,16.873,0.111,-0.051,,0.457,46,1,0,0,0.000,0.000,0.000,0.000,0.550,0.000,0.000,1.000,1.000,5.281,3.189,00-0040676,0.102,2.825,17.660,15,,,,,,,,,,,,,,,2.455,1.339,0.190,,14.759,23.657,0.000,2.114,-2.972,256.680,76.219,180.522,43.178,32.774,0.018,-0.013,,,0.231,-3.951,0.235,0.329
2026,4,2026_04_TEN_BAL,TEN,BAL,Daniel Bellinger,TE,,0,0,0,0,1,1,2,0.036,0.000,,15.500,-11.500,0,,55.061,0.582,0.000,0.000,,,0.000,0.000,0.000,,1.902,1.375,16.207,0.063,0.038,7.646,0.519,56,0,0,0,0.000,0.000,0.000,0.000,0.550,0.000,0.000,1.000,1.000,0.000,1.902,00-0040676,0.052,1.392,8.222,3,,,,,,,,,,,,,0.008,0.002,,,,,13.450,0.000,0.000,3.448,0.000,256.680,76.219,180.522,43.178,32.774,0.018,-0.013,,,0.231,-3.951,0.235,0.329
2026,4,2026_04_TEN_BAL,TEN,BAL,Gunnar Helm,TE,TE1,0,0,0,0,1,1,5,0.036,0.000,,15.500,-11.500,0,,55.061,0.582,0.000,0.000,,,0.000,0.000,0.000,,3.576,2.679,19.474,0.121,0.076,5.481,0.678,20,0,0,0,0.000,0.000,0.000,0.000,0.550,0.000,0.000,1.000,1.000,0.000,3.576,00-0040676,0.121,3.576,19.474,19,,,,,,,,,,,,,0.011,0.000,,,,,20.254,0.000,0.000,-0.780,0.000,256.680,76.219,180.522,43.178,32.774,0.018,-0.013,29.846,0.869,0.231,-3.951,0.235,0.329
2026,4,2026_04_TEN_BAL,TEN,BAL,Calvin Ridley,WR,,0,0,0,0,2,1,13,0.071,0.000,,15.500,-11.500,0,,55.061,0.582,0.000,0.000,,,0.136,0.591,0.005,,4.055,2.207,39.753,0.137,0.220,10.272,0.533,93,0,0,0,0.000,0.000,0.000,0.000,0.550,0.000,0.000,1.000,1.000,0.136,4.055,00-0040676,0.114,3.325,32.370,9,,,,,,,,,,,,,0.194,0.076,,,,,34.581,0.709,0.000,5.172,-0.118,256.680,76.219,180.522,43.178,32.774,0.018,-0.013,,,0.231,-3.951,0.235,0.329
2026,4,2026_04_TEN_BAL,TEN,BAL,Carnell Tate,WR,WR2,0,0,0,0,12,9,145,0.429,0.000,,15.500,-11.500,0,,55.061,0.582,0.000,0.000,,,0.000,0.000,0.000,,6.847,4.455,42.219,0.257,0.391,6.069,0.837,4,0,0,0,0.000,0.000,0.000,0.000,0.550,0.000,0.000,1.000,1.000,0.000,6.847,00-0040676,0.257,6.847,42.219,3,2.661,5.643,10.064,-0.874,64.467,,,,,,,,0.000,0.000,,,,,50.859,0.000,0.000,-8.640,0.000,256.680,76.219,180.522,43.178,32.774,0.018,-0.013,54.022,1.468,0.231,-3.951,0.235,0.329
2026,4,2026_04_TEN_BAL,TEN,BAL,Chimere Dike,WR,,0,0,0,0,1,1,15,0.036,0.000,,15.500,-11.500,0,,55.061,0.582,0.000,0.000,,,0.267,0.318,0.013,,3.089,2.188,19.207,0.100,0.110,5.768,0.422,21,0,0,0,0.000,0.000,0.000,0.000,0.550,0.000,0.000,1.000,1.000,0.267,3.089,00-0040676,0.104,3.175,19.578,19,,,,,,,,,,,,,0.031,0.000,,,,,23.075,1.738,0.000,-0.187,-1.357,256.680,76.219,180.522,43.178,32.774,0.018,-0.013,,,0.231,-3.951,0.235,0.329
2026,4,2026_04_TEN_BAL,TEN,BAL,Elic Ayomanor,WR,WR3,0,0,0,0,1,1,22,0.036,0.000,,15.500,-11.500,0,,55.061,0.582,0.000,0.000,,,0.000,0.000,0.000,,4.584,2.036,32.426,0.158,0.294,8.406,0.734,20,0,0,0,0.000,0.000,0.000,0.000,0.550,0.000,0.000,1.000,1.000,0.000,4.584,00-0040676,0.143,4.074,30.541,18,,,,,,,,,,,,,0.068,0.000,,,,,33.656,0.000,0.000,-1.230,0.000,256.680,76.219,180.522,43.178,32.774,0.018,-0.013,24.108,0.776,0.231,-3.951,0.235,0.329
2026,4,2026_04_TEN_BAL,TEN,BAL,Wan'Dale Robinson,WR,WR1,0,0,1,1,5,3,19,0.179,0.038,,15.500,-11.500,0,,55.061,0.582,0.000,0.000,,,0.145,0.288,0.005,,8.272,5.583,52.950,0.291,0.278,6.529,0.804,58,0,0,0,0.000,0.000,0.000,0.000,0.550,0.000,0.000,1.000,1.000,0.145,8.272,00-0040676,0.202,6.312,35.886,3,3.206,6.684,7.129,0.200,67.624,,,,,,,,0.058,0.287,,,,,51.624,0.895,0.000,1.326,-0.607,256.680,76.219,180.522,43.178,32.774,0.018,-0.013,84.957,1.568,0.231,-3.951,0.235,0.329
2026,4,2026_04_IND_WAS,WAS,IND,Athan Kaliakmanis,QB,,33,186,3,16,0,0,0,0.000,0.136,,21.000,-4.500,0,,59.509,0.489,,,,,,,,,,,,,,,,1,0,0,0,0.000,0.422,0.000,0.000,0.000,0.229,0.375,1.091,1.071,,,00-0032268,,,,0,,,,,,,,,,,,,,,,,,,,,,,,268.420,100.784,170.239,68.827,29.323,0.037,0.012,,,9.458,-0.606,9.463,0.374
2026,4,2026_04_IND_WAS,WAS,IND,Marcus Mariota,QB,,4,46,1,35,0,0,0,0.000,0.045,,21.000,-4.500,0,,59.509,0.489,21.158,150.269,7.255,1.258,4.395,20.709,0.146,4.275,0.000,0.000,0.000,0.000,0.000,,0.728,64,0,0,0,0.000,0.422,0.000,0.000,0.000,0.229,0.375,1.091,1.071,4.794,0.000,00-0032268,,,,0,,,,,,,,,2.861,19.613,4.021,1.297,,,3.755,0.523,0.020,0.244,0.000,21.165,156.257,0.000,-0.468,268.420,100.784,170.239,68.827,29.323,0.037,0.012,,,9.458,-0.606,9.463,0.374
2026,4,2026_04_IND_WAS,WAS,IND,Austin Ekeler,RB,,0,0,4,29,2,1,11,0.056,0.182,,21.000,-4.500,0,,59.509,0.489,0.000,0.000,,,7.218,26.516,0.280,3.954,4.110,3.188,24.963,0.122,0.002,6.326,0.525,108,0,0,0,0.000,0.422,0.000,0.000,0.000,0.229,0.375,1.091,1.071,7.873,4.401,00-0032268,,,,0,,,,,,,,,,,,,0.037,0.383,2.308,1.647,0.097,,23.887,32.555,0.000,1.043,-6.039,268.420,100.784,170.239,68.827,29.323,0.037,0.012,,,9.458,-0.606,9.463,0.374
2026,4,2026_04_IND_WAS,WAS,IND,Craig Reynolds,RB,,0,0,2,4,0,0,0,0.000,0.091,,21.000,-4.500,0,,59.509,0.489,0.000,0.000,,,1.635,6.566,0.052,,0.274,0.159,2.131,0.008,-0.003,,0.064,41,0,0,0,0.000,0.422,0.000,0.000,0.000,0.229,0.375,1.091,1.071,1.783,0.293,00-0032268,,,,0,,,,,,,,,,,,,,,,,,,,,,,,268.420,100.784,170.239,68.827,29.323,0.037,0.012,,,9.458,-0.606,9.463,0.374
2026,4,2026_04_IND_WAS,WAS,IND,Jacory Croskey-Merritt,RB,RB1,0,0,9,15,4,2,35,0.111,0.409,,21.000,-4.500,0,,59.509,0.489,0.000,0.000,,,12.893,47.726,0.434,3.911,0.614,0.563,1.979,0.021,-0.001,3.457,0.428,21,0,0,0,0.000,0.422,0.000,0.000,0.000,0.229,0.375,1.091,1.071,14.064,0.657,00-0032268,0.020,0.544,2.765,9,,,,,,4.520,12.902,-0.095,,,,,0.000,0.000,2.337,1.586,0.499,,3.169,52.264,0.000,-1.190,-4.538,268.420,100.784,170.239,68.827,29.323,0.037,0.012,72.339,1.041,9.458,-0.606,9.463,0.374
2026,4,2026_04_IND_WAS,WAS,IND,Kaytron Allen,RB,,0,0,3,1,0,0,0,0.000,0.136,,21.000,-4.500,0,,59.509,0.489,0.000,0.000,,,4.543,20.346,0.142,4.435,0.000,0.000,0.000,0.000,0.000,,0.089,3,0,0,0,0.000,0.422,0.000,0.000,0.000,0.229,0.375,1.091,1.071,4.956,0.000,00-0032268,,,,0,,,,,,,,,,,,,,,2.789,1.691,0.000,,0.000,20.438,0.000,0.000,-0.092,268.420,100.784,170.239,68.827,29.323,0.037,0.012,,,9.458,-0.606,9.463,0.374
2026,4,2026_04_IND_WAS,WAS,IND,Chig Okonkwo,TE,TE1,0,0,0,0,4,2,5,0.111,0.000,,21.000,-4.500,0,,59.509,0.489,0.000,0.000,,,0.007,0.120,0.000,,4.814,3.125,29.537,0.156,0.097,6.443,0.604,68,0,1,0,0.000,0.422,0.000,0.000,0.000,0.229,0.375,1.091,1.071,0.008,5.156,00-0032268,,,,0,,,,,,,,,,,,,0.055,0.381,,,,,30.919,0.049,0.000,-1.378,0.072,268.420,100.784,170.239,68.827,29.323,0.037,0.012,58.229,1.454,9.458,-0.606,9.463,0.374
2026,4,2026_04_IND_WAS,WAS,IND,Colson Yankoff,TE,,0,0,0,0,1,0,0,0.028,0.000,,21.000,-4.500,0,,59.509,0.489,0.000,0.000,,,0.000,0.000,0.000,,0.685,0.435,3.508,0.023,0.004,6.341,0.196,19,0,0,0,0.000,0.422,0.000,0.000,0.000,0.229,0.375,1.091,1.071,0.000,0.734,00-0032268,0.023,0.748,3.233,7,,,,,,,,,,,,,0.000,0.000,,,,,7.373,0.000,0.000,-0.757,0.000,268.420,100.784,170.239,68.827,29.323,0.037,0.012,,,9.458,-0.606,9.463,0.374
2026,4,2026_04_IND_WAS,WAS,IND,Antonio Williams,WR,WR2,0,0,0,0,8,3,21,0.222,0.000,,21.000,-4.500,0,,59.509,0.489,0.330,0.000,,,0.000,0.000,0.000,,3.670,2.885,31.568,0.120,0.145,8.552,0.425,4,0,0,0,0.000,0.422,0.000,0.000,0.000,0.229,0.375,1.091,1.071,0.000,3.930,00-0032268,0.133,4.000,15.000,1,,,,,,,,,,,,,0.000,0.000,,,,,25.828,0.000,2.214,5.741,0.000,268.420,100.784,170.239,68.827,29.323,0.037,0.012,34.934,0.926,9.458,-0.606,9.463,0.374
2026,4,2026_04_IND_WAS,WAS,IND,Dyami Brown,WR,,0,0,0,0,4,3,65,0.111,0.000,,21.000,-4.500,0,,59.509,0.489,0.143,0.002,,,0.231,1.167,0.008,,2.831,1.459,13.601,0.086,0.145,3.764,0.405,68,0,0,0,0.000,0.422,0.000,0.000,0.000,0.229,0.375,1.091,1.071,0.252,3.032,00-0032268,0.090,2.545,11.663,3,,,,,,,,,,,,,0.054,0.016,,,,,22.814,1.272,0.722,-9.202,-0.105,268.420,100.784,170.239,68.827,29.323,0.037,0.012,,,9.458,-0.606,9.463,0.374
2026,4,2026_04_IND_WAS,WAS,IND,Jaylin Lane,WR,,0,0,0,0,0,0,0,0.000,0.000,,21.000,-4.500,0,,59.509,0.489,0.000,0.000,,,0.021,0.146,0.001,,1.104,0.683,10.223,0.043,0.050,10.186,0.238,19,0,0,0,0.000,0.422,0.000,0.000,0.000,0.229,0.375,1.091,1.071,0.023,1.183,00-0032268,0.043,1.072,9.990,9,,,,,,,,,,,,,0.007,0.000,,,,,13.497,0.235,0.000,1.555,0.018,268.420,100.784,170.239,68.827,29.323,0.037,0.012,,,9.458,-0.606,9.463,0.374
2026,4,2026_04_IND_WAS,WAS,IND,Stefon Diggs,WR,WR1,0,0,0,0,9,5,35,0.250,0.000,,21.000,-4.500,0,,59.509,0.489,0.001,0.014,,,0.005,0.008,0.000,,6.112,4.280,45.017,0.214,0.161,7.648,0.563,140,0,0,0,0.000,0.422,0.000,0.000,0.000,0.229,0.375,1.091,1.071,0.006,6.545,00-0032268,0.233,7.000,33.000,1,2.851,6.542,8.165,0.443,69.952,,,,,,,,0.076,0.047,,,,,42.970,0.030,0.006,2.047,-0.022,268.420,100.784,170.239,68.827,29.323,0.037,0.012,72.303,1.223,9.458,-0.606,9.463,0.374
2026,4,2026_04_IND_WAS,WAS,IND,Treylon Burks,WR,WR3,0,0,0,0,3,1,47,0.083,0.000,,21.000,-4.500,0,,59.509,0.489,0.000,0.000,,,0.068,0.169,0.002,,2.439,1.234,12.577,0.105,0.159,4.884,0.537,36,0,0,0,0.000,0.422,0.000,0.000,0.000,0.229,0.375,1.091,1.071,0.074,2.612,00-0032268,0.134,3.156,19.272,5,,,,,,,,,,,,,0.020,0.107,,,,,18.394,0.425,0.000,-5.816,-0.256,268.420,100.784,170.239,68.827,29.323,0.037,0.012,51.629,2.192,9.458,-0.606,9.463,0.374
