snapshot_utc,event_id,commence_time,home_team,away_team,book,market,player,side,point,price,book_last_update,mkt,gameday,game_id,season,week,passing_yards,rushing_yards,receiving_yards,receptions,actual,result,profit
20261004T234537Z,8bd90781e17e6d97df3941063cedae1e,2026-10-06T00:15:00Z,New Orleans Saints,Atlanta Falcons,draftkings,player_pass_yds,Tyler Shough,Over,257.5,-113,2026-10-04T23:44:41Z,pass_yds,2026-10-05,2026_04_ATL_NO,2026,4,286.0,5.0,0.0,0.0,286.0,1,0.8849557522123894
20261004T234537Z,8bd90781e17e6d97df3941063cedae1e,2026-10-06T00:15:00Z,New Orleans Saints,Atlanta Falcons,draftkings,player_pass_yds,Tyler Shough,Under,257.5,-111,2026-10-04T23:44:41Z,pass_yds,2026-10-05,2026_04_ATL_NO,2026,4,286.0,5.0,0.0,0.0,286.0,-1,-1.0
20261004T234537Z,8bd90781e17e6d97df3941063cedae1e,2026-10-06T00:15:00Z,New Orleans Saints,Atlanta Falcons,draftkings,player_pass_yds,Michael Penix Jr.,Over,228.5,-111,2026-10-04T23:44:41Z,pass_yds,2026-10-05,2026_04_ATL_NO,2026,4,223.0,-2.0,0.0,0.0,223.0,-1,-1.0
20261004T234537Z,8bd90781e17e6d97df3941063cedae1e,2026-10-06T00:15:00Z,New Orleans Saints,Atlanta Falcons,draftkings,player_pass_yds,Michael Penix Jr.,Under,228.5,-113,2026-10-04T23:44:41Z,pass_yds,2026-10-05,2026_04_ATL_NO,2026,4,223.0,-2.0,0.0,0.0,223.0,1,0.8849557522123894
20261004T234537Z,8bd90781e17e6d97df3941063cedae1e,2026-10-06T00:15:00Z,New Orleans Saints,Atlanta Falcons,draftkings,player_reception_yds,Chris Olave,Over,85.5,-111,2026-10-04T23:44:41Z,rec_yds,2026-10-05,2026_04_ATL_NO,2026,4,0.0,0.0,116.0,8.0,116.0,1,0.9009009009009009
20261004T234537Z,8bd90781e17e6d97df3941063cedae1e,2026-10-06T00:15:00Z,New Orleans Saints,Atlanta Falcons,draftkings,player_reception_yds,Chris Olave,Under,85.5,-113,2026-10-04T23:44:41Z,rec_yds,2026-10-05,2026_04_ATL_NO,2026,4,0.0,0.0,116.0,8.0,116.0,-1,-1.0
20261004T234537Z,8bd90781e17e6d97df3941063cedae1e,2026-10-06T00:15:00Z,New Orleans Saints,Atlanta Falcons,draftkings,player_reception_yds,Drake London,Over,78.5,-113,2026-10-04T23:44:41Z,rec_yds,2026-10-05,2026_04_ATL_NO,2026,4,0.0,0.0,96.0,5.0,96.0,1,0.8849557522123894
20261004T234537Z,8bd90781e17e6d97df3941063cedae1e,2026-10-06T00:15:00Z,New Orleans Saints,Atlanta Falcons,draftkings,player_reception_yds,Drake London,Under,78.5,-111,2026-10-04T23:44:41Z,rec_yds,2026-10-05,2026_04_ATL_NO,2026,4,0.0,0.0,96.0,5.0,96.0,-1,-1.0
20261004T234537Z,8bd90781e17e6d97df3941063cedae1e,2026-10-06T00:15:00Z,New Orleans Saints,Atlanta Falcons,draftkings,player_reception_yds,Devaughn Vele,Over,45.5,-109,2026-10-04T23:44:41Z,rec_yds,2026-10-05,2026_04_ATL_NO,2026,4,0.0,0.0,54.0,6.0,54.0,1,0.9174311926605505
20261004T234537Z,8bd90781e17e6d97df3941063cedae1e,2026-10-06T00:15:00Z,New Orleans Saints,Atlanta Falcons,draftkings,player_reception_yds,Devaughn Vele,Under,45.5,-115,2026-10-04T23:44:41Z,rec_yds,2026-10-05,2026_04_ATL_NO,2026,4,0.0,0.0,54.0,6.0,54.0,-1,-1.0
20261004T234537Z,8bd90781e17e6d97df3941063cedae1e,2026-10-06T00:15:00Z,New Orleans Saints,Atlanta Falcons,draftkings,player_reception_yds,Juwan Johnson,Over,40.5,-114,2026-10-04T23:44:41Z,rec_yds,2026-10-05,2026_04_ATL_NO,2026,4,0.0,0.0,59.0,6.0,59.0,1,0.8771929824561403
20261004T234537Z,8bd90781e17e6d97df3941063cedae1e,2026-10-06T00:15:00Z,New Orleans Saints,Atlanta Falcons,draftkings,player_reception_yds,Juwan Johnson,Under,40.5,-111,2026-10-04T23:44:41Z,rec_yds,2026-10-05,2026_04_ATL_NO,2026,4,0.0,0.0,59.0,6.0,59.0,-1,-1.0
20261004T234537Z,8bd90781e17e6d97df3941063cedae1e,2026-10-06T00:15:00Z,New Orleans Saints,Atlanta Falcons,draftkings,player_reception_yds,Bijan Robinson,Over,39.5,-116,2026-10-04T23:44:41Z,rec_yds,2026-10-05,2026_04_ATL_NO,2026,4,0.0,145.0,2.0,1.0,2.0,-1,-1.0
20261004T234537Z,8bd90781e17e6d97df3941063cedae1e,2026-10-06T00:15:00Z,New Orleans Saints,Atlanta Falcons,draftkings,player_reception_yds,Bijan Robinson,Under,39.5,-109,2026-10-04T23:44:41Z,rec_yds,2026-10-05,2026_04_ATL_NO,2026,4,0.0,145.0,2.0,1.0,2.0,1,0.9174311926605505
20261004T234537Z,8bd90781e17e6d97df3941063cedae1e,2026-10-06T00:15:00Z,New Orleans Saints,Atlanta Falcons,draftkings,player_reception_yds,Kyle Pitts,Over,28.5,-113,2026-10-04T23:44:41Z,rec_yds,2026-10-05,2026_04_ATL_NO,2026,4,0.0,0.0,47.0,3.0,47.0,1,0.8849557522123894
20261004T234537Z,8bd90781e17e6d97df3941063cedae1e,2026-10-06T00:15:00Z,New Orleans Saints,Atlanta Falcons,draftkings,player_reception_yds,Kyle Pitts,Under,28.5,-111,2026-10-04T23:44:41Z,rec_yds,2026-10-05,2026_04_ATL_NO,2026,4,0.0,0.0,47.0,3.0,47.0,-1,-1.0
20261004T234537Z,8bd90781e17e6d97df3941063cedae1e,2026-10-06T00:15:00Z,New Orleans Saints,Atlanta Falcons,draftkings,player_reception_yds,Jahan Dotson,Over,18.5,-112,2026-10-04T23:44:41Z,rec_yds,2026-10-05,2026_04_ATL_NO,2026,4,0.0,0.0,54.0,2.0,54.0,1,0.8928571428571429
20261004T234537Z,8bd90781e17e6d97df3941063cedae1e,2026-10-06T00:15:00Z,New Orleans Saints,Atlanta Falcons,draftkings,player_reception_yds,Jahan Dotson,Under,18.5,-112,2026-10-04T23:44:41Z,rec_yds,2026-10-05,2026_04_ATL_NO,2026,4,0.0,0.0,54.0,2.0,54.0,-1,-1.0
20261004T234537Z,8bd90781e17e6d97df3941063cedae1e,2026-10-06T00:15:00Z,New Orleans Saints,Atlanta Falcons,draftkings,player_reception_yds,Alvin Kamara,Over,15.5,-115,2026-10-04T23:44:41Z,rec_yds,2026-10-05,2026_04_ATL_NO,2026,4,0.0,23.0,35.0,5.0,35.0,1,0.8695652173913043
20261004T234537Z,8bd90781e17e6d97df3941063cedae1e,2026-10-06T00:15:00Z,New Orleans Saints,Atlanta Falcons,draftkings,player_reception_yds,Alvin Kamara,Under,15.5,-109,2026-10-04T23:44:41Z,rec_yds,2026-10-05,2026_04_ATL_NO,2026,4,0.0,23.0,35.0,5.0,35.0,-1,-1.0
20261004T234537Z,8bd90781e17e6d97df3941063cedae1e,2026-10-06T00:15:00Z,New Orleans Saints,Atlanta Falcons,draftkings,player_reception_yds,Austin Hooper,Over,10.5,-117,2026-10-04T23:44:41Z,rec_yds,2026-10-05,2026_04_ATL_NO,2026,4,0.0,0.0,9.0,1.0,9.0,-1,-1.0
20261004T234537Z,8bd90781e17e6d97df3941063cedae1e,2026-10-06T00:15:00Z,New Orleans Saints,Atlanta Falcons,draftkings,player_reception_yds,Austin Hooper,Under,10.5,-108,2026-10-04T23:44:41Z,rec_yds,2026-10-05,2026_04_ATL_NO,2026,4,0.0,0.0,9.0,1.0,9.0,1,0.9259259259259259
20261004T234537Z,8bd90781e17e6d97df3941063cedae1e,2026-10-06T00:15:00Z,New Orleans Saints,Atlanta Falcons,draftkings,player_reception_yds,Olamide Zaccheaus,Over,8.5,-107,2026-10-04T23:44:41Z,rec_yds,2026-10-05,2026_04_ATL_NO,2026,4,0.0,0.0,0.0,0.0,0.0,-1,-1.0
20261004T234537Z,8bd90781e17e6d97df3941063cedae1e,2026-10-06T00:15:00Z,New Orleans Saints,Atlanta Falcons,draftkings,player_reception_yds,Olamide Zaccheaus,Under,8.5,-117,2026-10-04T23:44:41Z,rec_yds,2026-10-05,2026_04_ATL_NO,2026,4,0.0,0.0,0.0,0.0,0.0,1,0.8547008547008547
20261004T234537Z,8bd90781e17e6d97df3941063cedae1e,2026-10-06T00:15:00Z,New Orleans Saints,Atlanta Falcons,draftkings,player_receptions,Chris Olave,Over,6.5,-141,2026-10-04T23:44:41Z,receptions,2026-10-05,2026_04_ATL_NO,2026,4,0.0,0.0,116.0,8.0,8.0,1,0.7092198581560284
20261004T234537Z,8bd90781e17e6d97df3941063cedae1e,2026-10-06T00:15:00Z,New Orleans Saints,Atlanta Falcons,draftkings,player_receptions,Chris Olave,Under,6.5,111,2026-10-04T23:44:41Z,receptions,2026-10-05,2026_04_ATL_NO,2026,4,0.0,0.0,116.0,8.0,8.0,-1,-1.0
20261004T234537Z,8bd90781e17e6d97df3941063cedae1e,2026-10-06T00:15:00Z,New Orleans Saints,Atlanta Falcons,draftkings,player_receptions,Drake London,Over,5.5,-147,2026-10-04T23:44:41Z,receptions,2026-10-05,2026_04_ATL_NO,2026,4,0.0,0.0,96.0,5.0,5.0,-1,-1.0
20261004T234537Z,8bd90781e17e6d97df3941063cedae1e,2026-10-06T00:15:00Z,New Orleans Saints,Atlanta Falcons,draftkings,player_receptions,Drake London,Under,5.5,116,2026-10-04T23:44:41Z,receptions,2026-10-05,2026_04_ATL_NO,2026,4,0.0,0.0,96.0,5.0,5.0,1,1.16
20261004T234537Z,8bd90781e17e6d97df3941063cedae1e,2026-10-06T00:15:00Z,New Orleans Saints,Atlanta Falcons,draftkings,player_receptions,Bijan Robinson,Over,4.5,-103,2026-10-04T23:44:41Z,receptions,2026-10-05,2026_04_ATL_NO,2026,4,0.0,145.0,2.0,1.0,1.0,-1,-1.0
20261004T234537Z,8bd90781e17e6d97df3941063cedae1e,2026-10-06T00:15:00Z,New Orleans Saints,Atlanta Falcons,draftkings,player_receptions,Bijan Robinson,Under,4.5,-124,2026-10-04T23:44:41Z,receptions,2026-10-05,2026_04_ATL_NO,2026,4,0.0,145.0,2.0,1.0,1.0,1,0.8064516129032258
20261004T234537Z,8bd90781e17e6d97df3941063cedae1e,2026-10-06T00:15:00Z,New Orleans Saints,Atlanta Falcons,draftkings,player_receptions,Devaughn Vele,Over,4.5,128,2026-10-04T23:44:41Z,receptions,2026-10-05,2026_04_ATL_NO,2026,4,0.0,0.0,54.0,6.0,6.0,1,1.28
20261004T234537Z,8bd90781e17e6d97df3941063cedae1e,2026-10-06T00:15:00Z,New Orleans Saints,Atlanta Falcons,draftkings,player_receptions,Devaughn Vele,Under,4.5,-163,2026-10-04T23:44:41Z,receptions,2026-10-05,2026_04_ATL_NO,2026,4,0.0,0.0,54.0,6.0,6.0,-1,-1.0
20261004T234537Z,8bd90781e17e6d97df3941063cedae1e,2026-10-06T00:15:00Z,New Orleans Saints,Atlanta Falcons,draftkings,player_receptions,Juwan Johnson,Over,3.5,-115,2026-10-04T23:44:41Z,receptions,2026-10-05,2026_04_ATL_NO,2026,4,0.0,0.0,59.0,6.0,6.0,1,0.8695652173913043
20261004T234537Z,8bd90781e17e6d97df3941063cedae1e,2026-10-06T00:15:00Z,New Orleans Saints,Atlanta Falcons,draftkings,player_receptions,Juwan Johnson,Under,3.5,-111,2026-10-04T23:44:41Z,receptions,2026-10-05,2026_04_ATL_NO,2026,4,0.0,0.0,59.0,6.0,6.0,-1,-1.0
20261004T234537Z,8bd90781e17e6d97df3941063cedae1e,2026-10-06T00:15:00Z,New Orleans Saints,Atlanta Falcons,draftkings,player_receptions,Alvin Kamara,Over,3.5,125,2026-10-04T23:44:41Z,receptions,2026-10-05,2026_04_ATL_NO,2026,4,0.0,23.0,35.0,5.0,5.0,1,1.25
20261004T234537Z,8bd90781e17e6d97df3941063cedae1e,2026-10-06T00:15:00Z,New Orleans Saints,Atlanta Falcons,draftkings,player_receptions,Alvin Kamara,Under,3.5,-160,2026-10-04T23:44:41Z,receptions,2026-10-05,2026_04_ATL_NO,2026,4,0.0,23.0,35.0,5.0,5.0,-1,-1.0
20261004T234537Z,8bd90781e17e6d97df3941063cedae1e,2026-10-06T00:15:00Z,New Orleans Saints,Atlanta Falcons,draftkings,player_receptions,Kyle Pitts,Over,2.5,-137,2026-10-04T23:44:41Z,receptions,2026-10-05,2026_04_ATL_NO,2026,4,0.0,0.0,47.0,3.0,3.0,1,0.7299270072992701
20261004T234537Z,8bd90781e17e6d97df3941063cedae1e,2026-10-06T00:15:00Z,New Orleans Saints,Atlanta Falcons,draftkings,player_receptions,Kyle Pitts,Under,2.5,107,2026-10-04T23:44:41Z,receptions,2026-10-05,2026_04_ATL_NO,2026,4,0.0,0.0,47.0,3.0,3.0,-1,-1.0
20261004T234537Z,8bd90781e17e6d97df3941063cedae1e,2026-10-06T00:15:00Z,New Orleans Saints,Atlanta Falcons,draftkings,player_receptions,Jahan Dotson,Over,1.5,-131,2026-10-04T23:44:41Z,receptions,2026-10-05,2026_04_ATL_NO,2026,4,0.0,0.0,54.0,2.0,2.0,1,0.7633587786259542
20261004T234537Z,8bd90781e17e6d97df3941063cedae1e,2026-10-06T00:15:00Z,New Orleans Saints,Atlanta Falcons,draftkings,player_receptions,Jahan Dotson,Under,1.5,103,2026-10-04T23:44:41Z,receptions,2026-10-05,2026_04_ATL_NO,2026,4,0.0,0.0,54.0,2.0,2.0,-1,-1.0
20261004T234537Z,8bd90781e17e6d97df3941063cedae1e,2026-10-06T00:15:00Z,New Orleans Saints,Atlanta Falcons,draftkings,player_receptions,Austin Hooper,Over,1.5,142,2026-10-04T23:44:41Z,receptions,2026-10-05,2026_04_ATL_NO,2026,4,0.0,0.0,9.0,1.0,1.0,-1,-1.0
20261004T234537Z,8bd90781e17e6d97df3941063cedae1e,2026-10-06T00:15:00Z,New Orleans Saints,Atlanta Falcons,draftkings,player_receptions,Austin Hooper,Under,1.5,-182,2026-10-04T23:44:41Z,receptions,2026-10-05,2026_04_ATL_NO,2026,4,0.0,0.0,9.0,1.0,1.0,1,0.5494505494505495
20261004T234537Z,8bd90781e17e6d97df3941063cedae1e,2026-10-06T00:15:00Z,New Orleans Saints,Atlanta Falcons,draftkings,player_receptions,Olamide Zaccheaus,Over,1.5,150,2026-10-04T23:44:41Z,receptions,2026-10-05,2026_04_ATL_NO,2026,4,0.0,0.0,0.0,0.0,0.0,-1,-1.0
20261004T234537Z,8bd90781e17e6d97df3941063cedae1e,2026-10-06T00:15:00Z,New Orleans Saints,Atlanta Falcons,draftkings,player_receptions,Olamide Zaccheaus,Under,1.5,-193,2026-10-04T23:44:41Z,receptions,2026-10-05,2026_04_ATL_NO,2026,4,0.0,0.0,0.0,0.0,0.0,1,0.5181347150259067
20261004T234537Z,8bd90781e17e6d97df3941063cedae1e,2026-10-06T00:15:00Z,New Orleans Saints,Atlanta Falcons,draftkings,player_rush_yds,Bijan Robinson,Over,86.5,-113,2026-10-04T23:44:41Z,rush_yds,2026-10-05,2026_04_ATL_NO,2026,4,0.0,145.0,2.0,1.0,145.0,1,0.8849557522123894
20261004T234537Z,8bd90781e17e6d97df3941063cedae1e,2026-10-06T00:15:00Z,New Orleans Saints,Atlanta Falcons,draftkings,player_rush_yds,Bijan Robinson,Under,86.5,-111,2026-10-04T23:44:41Z,rush_yds,2026-10-05,2026_04_ATL_NO,2026,4,0.0,145.0,2.0,1.0,145.0,-1,-1.0
20261004T234537Z,8bd90781e17e6d97df3941063cedae1e,2026-10-06T00:15:00Z,New Orleans Saints,Atlanta Falcons,draftkings,player_rush_yds,Alvin Kamara,Over,37.5,-109,2026-10-04T23:44:41Z,rush_yds,2026-10-05,2026_04_ATL_NO,2026,4,0.0,23.0,35.0,5.0,23.0,-1,-1.0
20261004T234537Z,8bd90781e17e6d97df3941063cedae1e,2026-10-06T00:15:00Z,New Orleans Saints,Atlanta Falcons,draftkings,player_rush_yds,Alvin Kamara,Under,37.5,-115,2026-10-04T23:44:41Z,rush_yds,2026-10-05,2026_04_ATL_NO,2026,4,0.0,23.0,35.0,5.0,23.0,1,0.8695652173913043
20261004T234537Z,8bd90781e17e6d97df3941063cedae1e,2026-10-06T00:15:00Z,New Orleans Saints,Atlanta Falcons,draftkings,player_rush_yds,Brian Robinson Jr.,Over,28.5,-115,2026-10-04T23:44:41Z,rush_yds,2026-10-05,2026_04_ATL_NO,2026,4,0.0,62.0,5.0,1.0,62.0,1,0.8695652173913043
20261004T234537Z,8bd90781e17e6d97df3941063cedae1e,2026-10-06T00:15:00Z,New Orleans Saints,Atlanta Falcons,draftkings,player_rush_yds,Brian Robinson Jr.,Under,28.5,-109,2026-10-04T23:44:41Z,rush_yds,2026-10-05,2026_04_ATL_NO,2026,4,0.0,62.0,5.0,1.0,62.0,-1,-1.0
20261004T234537Z,8bd90781e17e6d97df3941063cedae1e,2026-10-06T00:15:00Z,New Orleans Saints,Atlanta Falcons,draftkings,player_rush_yds,Kendre Miller,Over,25.5,-112,2026-10-04T23:44:41Z,rush_yds,2026-10-05,2026_04_ATL_NO,2026,4,0.0,9.0,10.0,2.0,9.0,-1,-1.0
20261004T234537Z,8bd90781e17e6d97df3941063cedae1e,2026-10-06T00:15:00Z,New Orleans Saints,Atlanta Falcons,draftkings,player_rush_yds,Kendre Miller,Under,25.5,-112,2026-10-04T23:44:41Z,rush_yds,2026-10-05,2026_04_ATL_NO,2026,4,0.0,9.0,10.0,2.0,9.0,1,0.8928571428571429
20261004T234537Z,8bd90781e17e6d97df3941063cedae1e,2026-10-06T00:15:00Z,New Orleans Saints,Atlanta Falcons,draftkings,player_rush_yds,Tyler Shough,Over,18.5,-110,2026-10-04T23:44:41Z,rush_yds,2026-10-05,2026_04_ATL_NO,2026,4,286.0,5.0,0.0,0.0,5.0,-1,-1.0
20261004T234537Z,8bd90781e17e6d97df3941063cedae1e,2026-10-06T00:15:00Z,New Orleans Saints,Atlanta Falcons,draftkings,player_rush_yds,Tyler Shough,Under,18.5,-114,2026-10-04T23:44:41Z,rush_yds,2026-10-05,2026_04_ATL_NO,2026,4,286.0,5.0,0.0,0.0,5.0,1,0.8771929824561403
20261004T234537Z,8bd90781e17e6d97df3941063cedae1e,2026-10-06T00:15:00Z,New Orleans Saints,Atlanta Falcons,draftkings,player_rush_yds,Michael Penix Jr.,Over,5.5,-113,2026-10-04T23:44:41Z,rush_yds,2026-10-05,2026_04_ATL_NO,2026,4,223.0,-2.0,0.0,0.0,-2.0,-1,-1.0
20261004T234537Z,8bd90781e17e6d97df3941063cedae1e,2026-10-06T00:15:00Z,New Orleans Saints,Atlanta Falcons,draftkings,player_rush_yds,Michael Penix Jr.,Under,5.5,-111,2026-10-04T23:44:41Z,rush_yds,2026-10-05,2026_04_ATL_NO,2026,4,223.0,-2.0,0.0,0.0,-2.0,1,0.9009009009009009
20261004T234537Z,8bd90781e17e6d97df3941063cedae1e,2026-10-06T00:15:00Z,New Orleans Saints,Atlanta Falcons,fanduel,player_pass_yds,Michael Penix Jr.,Over,224.5,-114,2026-10-04T23:45:11Z,pass_yds,2026-10-05,2026_04_ATL_NO,2026,4,223.0,-2.0,0.0,0.0,223.0,-1,-1.0
20261004T234537Z,8bd90781e17e6d97df3941063cedae1e,2026-10-06T00:15:00Z,New Orleans Saints,Atlanta Falcons,fanduel,player_pass_yds,Michael Penix Jr.,Under,224.5,-114,2026-10-04T23:45:11Z,pass_yds,2026-10-05,2026_04_ATL_NO,2026,4,223.0,-2.0,0.0,0.0,223.0,1,0.8771929824561403
20261004T234537Z,8bd90781e17e6d97df3941063cedae1e,2026-10-06T00:15:00Z,New Orleans Saints,Atlanta Falcons,fanduel,player_pass_yds,Tyler Shough,Over,254.5,-114,2026-10-04T23:45:11Z,pass_yds,2026-10-05,2026_04_ATL_NO,2026,4,286.0,5.0,0.0,0.0,286.0,1,0.8771929824561403
20261004T234537Z,8bd90781e17e6d97df3941063cedae1e,2026-10-06T00:15:00Z,New Orleans Saints,Atlanta Falcons,fanduel,player_pass_yds,Tyler Shough,Under,254.5,-114,2026-10-04T23:45:11Z,pass_yds,2026-10-05,2026_04_ATL_NO,2026,4,286.0,5.0,0.0,0.0,286.0,-1,-1.0
20261004T234537Z,8bd90781e17e6d97df3941063cedae1e,2026-10-06T00:15:00Z,New Orleans Saints,Atlanta Falcons,fanduel,player_reception_yds,Bijan Robinson,Over,39.5,-114,2026-10-04T23:45:11Z,rec_yds,2026-10-05,2026_04_ATL_NO,2026,4,0.0,145.0,2.0,1.0,2.0,-1,-1.0
20261004T234537Z,8bd90781e17e6d97df3941063cedae1e,2026-10-06T00:15:00Z,New Orleans Saints,Atlanta Falcons,fanduel,player_reception_yds,Bijan Robinson,Under,39.5,-114,2026-10-04T23:45:11Z,rec_yds,2026-10-05,2026_04_ATL_NO,2026,4,0.0,145.0,2.0,1.0,2.0,1,0.8771929824561403
20261004T234537Z,8bd90781e17e6d97df3941063cedae1e,2026-10-06T00:15:00Z,New Orleans Saints,Atlanta Falcons,fanduel,player_reception_yds,Juwan Johnson,Over,40.5,-114,2026-10-04T23:45:11Z,rec_yds,2026-10-05,2026_04_ATL_NO,2026,4,0.0,0.0,59.0,6.0,59.0,1,0.8771929824561403
20261004T234537Z,8bd90781e17e6d97df3941063cedae1e,2026-10-06T00:15:00Z,New Orleans Saints,Atlanta Falcons,fanduel,player_reception_yds,Juwan Johnson,Under,40.5,-114,2026-10-04T23:45:11Z,rec_yds,2026-10-05,2026_04_ATL_NO,2026,4,0.0,0.0,59.0,6.0,59.0,-1,-1.0
20261004T234537Z,8bd90781e17e6d97df3941063cedae1e,2026-10-06T00:15:00Z,New Orleans Saints,Atlanta Falcons,fanduel,player_reception_yds,Jahan Dotson,Over,20.5,-114,2026-10-04T23:45:11Z,rec_yds,2026-10-05,2026_04_ATL_NO,2026,4,0.0,0.0,54.0,2.0,54.0,1,0.8771929824561403
20261004T234537Z,8bd90781e17e6d97df3941063cedae1e,2026-10-06T00:15:00Z,New Orleans Saints,Atlanta Falcons,fanduel,player_reception_yds,Jahan Dotson,Under,20.5,-114,2026-10-04T23:45:11Z,rec_yds,2026-10-05,2026_04_ATL_NO,2026,4,0.0,0.0,54.0,2.0,54.0,-1,-1.0
20261004T234537Z,8bd90781e17e6d97df3941063cedae1e,2026-10-06T00:15:00Z,New Orleans Saints,Atlanta Falcons,fanduel,player_reception_yds,Drake London,Over,78.5,-114,2026-10-04T23:45:11Z,rec_yds,2026-10-05,2026_04_ATL_NO,2026,4,0.0,0.0,96.0,5.0,96.0,1,0.8771929824561403
20261004T234537Z,8bd90781e17e6d97df3941063cedae1e,2026-10-06T00:15:00Z,New Orleans Saints,Atlanta Falcons,fanduel,player_reception_yds,Drake London,Under,78.5,-114,2026-10-04T23:45:11Z,rec_yds,2026-10-05,2026_04_ATL_NO,2026,4,0.0,0.0,96.0,5.0,96.0,-1,-1.0
20261004T234537Z,8bd90781e17e6d97df3941063cedae1e,2026-10-06T00:15:00Z,New Orleans Saints,Atlanta Falcons,fanduel,player_reception_yds,Olamide Zaccheaus,Over,7.5,-114,2026-10-04T23:45:11Z,rec_yds,2026-10-05,2026_04_ATL_NO,2026,4,0.0,0.0,0.0,0.0,0.0,-1,-1.0
20261004T234537Z,8bd90781e17e6d97df3941063cedae1e,2026-10-06T00:15:00Z,New Orleans Saints,Atlanta Falcons,fanduel,player_reception_yds,Olamide Zaccheaus,Under,7.5,-114,2026-10-04T23:45:11Z,rec_yds,2026-10-05,2026_04_ATL_NO,2026,4,0.0,0.0,0.0,0.0,0.0,1,0.8771929824561403
20261004T234537Z,8bd90781e17e6d97df3941063cedae1e,2026-10-06T00:15:00Z,New Orleans Saints,Atlanta Falcons,fanduel,player_reception_yds,Austin Hooper,Over,10.5,-114,2026-10-04T23:45:11Z,rec_yds,2026-10-05,2026_04_ATL_NO,2026,4,0.0,0.0,9.0,1.0,9.0,-1,-1.0
20261004T234537Z,8bd90781e17e6d97df3941063cedae1e,2026-10-06T00:15:00Z,New Orleans Saints,Atlanta Falcons,fanduel,player_reception_yds,Austin Hooper,Under,10.5,-114,2026-10-04T23:45:11Z,rec_yds,2026-10-05,2026_04_ATL_NO,2026,4,0.0,0.0,9.0,1.0,9.0,1,0.8771929824561403
20261004T234537Z,8bd90781e17e6d97df3941063cedae1e,2026-10-06T00:15:00Z,New Orleans Saints,Atlanta Falcons,fanduel,player_reception_yds,Alvin Kamara,Over,15.5,-114,2026-10-04T23:45:11Z,rec_yds,2026-10-05,2026_04_ATL_NO,2026,4,0.0,23.0,35.0,5.0,35.0,1,0.8771929824561403
20261004T234537Z,8bd90781e17e6d97df3941063cedae1e,2026-10-06T00:15:00Z,New Orleans Saints,Atlanta Falcons,fanduel,player_reception_yds,Alvin Kamara,Under,15.5,-114,2026-10-04T23:45:11Z,rec_yds,2026-10-05,2026_04_ATL_NO,2026,4,0.0,23.0,35.0,5.0,35.0,-1,-1.0
20261004T234537Z,8bd90781e17e6d97df3941063cedae1e,2026-10-06T00:15:00Z,New Orleans Saints,Atlanta Falcons,fanduel,player_reception_yds,Kyle Pitts,Over,29.5,-114,2026-10-04T23:45:11Z,rec_yds,2026-10-05,2026_04_ATL_NO,2026,4,0.0,0.0,47.0,3.0,47.0,1,0.8771929824561403
20261004T234537Z,8bd90781e17e6d97df3941063cedae1e,2026-10-06T00:15:00Z,New Orleans Saints,Atlanta Falcons,fanduel,player_reception_yds,Kyle Pitts,Under,29.5,-114,2026-10-04T23:45:11Z,rec_yds,2026-10-05,2026_04_ATL_NO,2026,4,0.0,0.0,47.0,3.0,47.0,-1,-1.0
20261004T234537Z,8bd90781e17e6d97df3941063cedae1e,2026-10-06T00:15:00Z,New Orleans Saints,Atlanta Falcons,fanduel,player_reception_yds,Devaughn Vele,Over,44.5,-114,2026-10-04T23:45:11Z,rec_yds,2026-10-05,2026_04_ATL_NO,2026,4,0.0,0.0,54.0,6.0,54.0,1,0.8771929824561403
20261004T234537Z,8bd90781e17e6d97df3941063cedae1e,2026-10-06T00:15:00Z,New Orleans Saints,Atlanta Falcons,fanduel,player_reception_yds,Devaughn Vele,Under,44.5,-114,2026-10-04T23:45:11Z,rec_yds,2026-10-05,2026_04_ATL_NO,2026,4,0.0,0.0,54.0,6.0,54.0,-1,-1.0
20261004T234537Z,8bd90781e17e6d97df3941063cedae1e,2026-10-06T00:15:00Z,New Orleans Saints,Atlanta Falcons,fanduel,player_reception_yds,Chris Olave,Over,85.5,-114,2026-10-04T23:45:11Z,rec_yds,2026-10-05,2026_04_ATL_NO,2026,4,0.0,0.0,116.0,8.0,116.0,1,0.8771929824561403
20261004T234537Z,8bd90781e17e6d97df3941063cedae1e,2026-10-06T00:15:00Z,New Orleans Saints,Atlanta Falcons,fanduel,player_reception_yds,Chris Olave,Under,85.5,-114,2026-10-04T23:45:11Z,rec_yds,2026-10-05,2026_04_ATL_NO,2026,4,0.0,0.0,116.0,8.0,116.0,-1,-1.0
20261004T234537Z,8bd90781e17e6d97df3941063cedae1e,2026-10-06T00:15:00Z,New Orleans Saints,Atlanta Falcons,fanduel,player_receptions,Olamide Zaccheaus,Over,1.5,148,2026-10-04T23:45:11Z,receptions,2026-10-05,2026_04_ATL_NO,2026,4,0.0,0.0,0.0,0.0,0.0,-1,-1.0
20261004T234537Z,8bd90781e17e6d97df3941063cedae1e,2026-10-06T00:15:00Z,New Orleans Saints,Atlanta Falcons,fanduel,player_receptions,Olamide Zaccheaus,Under,1.5,-200,2026-10-04T23:45:11Z,receptions,2026-10-05,2026_04_ATL_NO,2026,4,0.0,0.0,0.0,0.0,0.0,1,0.5
20261004T234537Z,8bd90781e17e6d97df3941063cedae1e,2026-10-06T00:15:00Z,New Orleans Saints,Atlanta Falcons,fanduel,player_receptions,Alvin Kamara,Over,3.5,128,2026-10-04T23:45:11Z,receptions,2026-10-05,2026_04_ATL_NO,2026,4,0.0,23.0,35.0,5.0,5.0,1,1.28
20261004T234537Z,8bd90781e17e6d97df3941063cedae1e,2026-10-06T00:15:00Z,New Orleans Saints,Atlanta Falcons,fanduel,player_receptions,Alvin Kamara,Under,3.5,-172,2026-10-04T23:45:11Z,receptions,2026-10-05,2026_04_ATL_NO,2026,4,0.0,23.0,35.0,5.0,5.0,-1,-1.0
20261004T234537Z,8bd90781e17e6d97df3941063cedae1e,2026-10-06T00:15:00Z,New Orleans Saints,Atlanta Falcons,fanduel,player_receptions,Austin Hooper,Over,1.5,136,2026-10-04T23:45:11Z,receptions,2026-10-05,2026_04_ATL_NO,2026,4,0.0,0.0,9.0,1.0,1.0,-1,-1.0
20261004T234537Z,8bd90781e17e6d97df3941063cedae1e,2026-10-06T00:15:00Z,New Orleans Saints,Atlanta Falcons,fanduel,player_receptions,Austin Hooper,Under,1.5,-182,2026-10-04T23:45:11Z,receptions,2026-10-05,2026_04_ATL_NO,2026,4,0.0,0.0,9.0,1.0,1.0,1,0.5494505494505495
20261004T234537Z,8bd90781e17e6d97df3941063cedae1e,2026-10-06T00:15:00Z,New Orleans Saints,Atlanta Falcons,fanduel,player_receptions,Juwan Johnson,Over,3.5,-114,2026-10-04T23:45:11Z,receptions,2026-10-05,2026_04_ATL_NO,2026,4,0.0,0.0,59.0,6.0,6.0,1,0.8771929824561403
20261004T234537Z,8bd90781e17e6d97df3941063cedae1e,2026-10-06T00:15:00Z,New Orleans Saints,Atlanta Falcons,fanduel,player_receptions,Juwan Johnson,Under,3.5,-114,2026-10-04T23:45:11Z,receptions,2026-10-05,2026_04_ATL_NO,2026,4,0.0,0.0,59.0,6.0,6.0,-1,-1.0
20261004T234537Z,8bd90781e17e6d97df3941063cedae1e,2026-10-06T00:15:00Z,New Orleans Saints,Atlanta Falcons,fanduel,player_receptions,Drake London,Over,5.5,-136,2026-10-04T23:45:11Z,receptions,2026-10-05,2026_04_ATL_NO,2026,4,0.0,0.0,96.0,5.0,5.0,-1,-1.0
20261004T234537Z,8bd90781e17e6d97df3941063cedae1e,2026-10-06T00:15:00Z,New Orleans Saints,Atlanta Falcons,fanduel,player_receptions,Drake London,Under,5.5,102,2026-10-04T23:45:11Z,receptions,2026-10-05,2026_04_ATL_NO,2026,4,0.0,0.0,96.0,5.0,5.0,1,1.02
20261004T234537Z,8bd90781e17e6d97df3941063cedae1e,2026-10-06T00:15:00Z,New Orleans Saints,Atlanta Falcons,fanduel,player_receptions,Devaughn Vele,Over,3.5,-172,2026-10-04T23:45:11Z,receptions,2026-10-05,2026_04_ATL_NO,2026,4,0.0,0.0,54.0,6.0,6.0,1,0.5813953488372093
20261004T234537Z,8bd90781e17e6d97df3941063cedae1e,2026-10-06T00:15:00Z,New Orleans Saints,Atlanta Falcons,fanduel,player_receptions,Devaughn Vele,Under,3.5,128,2026-10-04T23:45:11Z,receptions,2026-10-05,2026_04_ATL_NO,2026,4,0.0,0.0,54.0,6.0,6.0,-1,-1.0
20261004T234537Z,8bd90781e17e6d97df3941063cedae1e,2026-10-06T00:15:00Z,New Orleans Saints,Atlanta Falcons,fanduel,player_receptions,Jahan Dotson,Over,1.5,-148,2026-10-04T23:45:11Z,receptions,2026-10-05,2026_04_ATL_NO,2026,4,0.0,0.0,54.0,2.0,2.0,1,0.6756756756756757
20261004T234537Z,8bd90781e17e6d97df3941063cedae1e,2026-10-06T00:15:00Z,New Orleans Saints,Atlanta Falcons,fanduel,player_receptions,Jahan Dotson,Under,1.5,112,2026-10-04T23:45:11Z,receptions,2026-10-05,2026_04_ATL_NO,2026,4,0.0,0.0,54.0,2.0,2.0,-1,-1.0
20261004T234537Z,8bd90781e17e6d97df3941063cedae1e,2026-10-06T00:15:00Z,New Orleans Saints,Atlanta Falcons,fanduel,player_receptions,Chris Olave,Over,7.5,124,2026-10-04T23:45:11Z,receptions,2026-10-05,2026_04_ATL_NO,2026,4,0.0,0.0,116.0,8.0,8.0,1,1.24
20261004T234537Z,8bd90781e17e6d97df3941063cedae1e,2026-10-06T00:15:00Z,New Orleans Saints,Atlanta Falcons,fanduel,player_receptions,Chris Olave,Under,7.5,-166,2026-10-04T23:45:11Z,receptions,2026-10-05,2026_04_ATL_NO,2026,4,0.0,0.0,116.0,8.0,8.0,-1,-1.0
20261004T234537Z,8bd90781e17e6d97df3941063cedae1e,2026-10-06T00:15:00Z,New Orleans Saints,Atlanta Falcons,fanduel,player_receptions,Kyle Pitts,Over,2.5,-148,2026-10-04T23:45:11Z,receptions,2026-10-05,2026_04_ATL_NO,2026,4,0.0,0.0,47.0,3.0,3.0,1,0.6756756756756757
20261004T234537Z,8bd90781e17e6d97df3941063cedae1e,2026-10-06T00:15:00Z,New Orleans Saints,Atlanta Falcons,fanduel,player_receptions,Kyle Pitts,Under,2.5,112,2026-10-04T23:45:11Z,receptions,2026-10-05,2026_04_ATL_NO,2026,4,0.0,0.0,47.0,3.0,3.0,-1,-1.0
20261004T234537Z,8bd90781e17e6d97df3941063cedae1e,2026-10-06T00:15:00Z,New Orleans Saints,Atlanta Falcons,fanduel,player_receptions,Bijan Robinson,Over,4.5,-114,2026-10-04T23:45:11Z,receptions,2026-10-05,2026_04_ATL_NO,2026,4,0.0,145.0,2.0,1.0,1.0,-1,-1.0
20261004T234537Z,8bd90781e17e6d97df3941063cedae1e,2026-10-06T00:15:00Z,New Orleans Saints,Atlanta Falcons,fanduel,player_receptions,Bijan Robinson,Under,4.5,-114,2026-10-04T23:45:11Z,receptions,2026-10-05,2026_04_ATL_NO,2026,4,0.0,145.0,2.0,1.0,1.0,1,0.8771929824561403
20261004T234537Z,8bd90781e17e6d97df3941063cedae1e,2026-10-06T00:15:00Z,New Orleans Saints,Atlanta Falcons,fanduel,player_rush_yds,Bijan Robinson,Over,85.5,-114,2026-10-04T23:45:11Z,rush_yds,2026-10-05,2026_04_ATL_NO,2026,4,0.0,145.0,2.0,1.0,145.0,1,0.8771929824561403
20261004T234537Z,8bd90781e17e6d97df3941063cedae1e,2026-10-06T00:15:00Z,New Orleans Saints,Atlanta Falcons,fanduel,player_rush_yds,Bijan Robinson,Under,85.5,-114,2026-10-04T23:45:11Z,rush_yds,2026-10-05,2026_04_ATL_NO,2026,4,0.0,145.0,2.0,1.0,145.0,-1,-1.0
20261004T234537Z,8bd90781e17e6d97df3941063cedae1e,2026-10-06T00:15:00Z,New Orleans Saints,Atlanta Falcons,fanduel,player_rush_yds,Brian Robinson Jr.,Over,29.5,-114,2026-10-04T23:45:11Z,rush_yds,2026-10-05,2026_04_ATL_NO,2026,4,0.0,62.0,5.0,1.0,62.0,1,0.8771929824561403
20261004T234537Z,8bd90781e17e6d97df3941063cedae1e,2026-10-06T00:15:00Z,New Orleans Saints,Atlanta Falcons,fanduel,player_rush_yds,Brian Robinson Jr.,Under,29.5,-114,2026-10-04T23:45:11Z,rush_yds,2026-10-05,2026_04_ATL_NO,2026,4,0.0,62.0,5.0,1.0,62.0,-1,-1.0
20261004T234537Z,8bd90781e17e6d97df3941063cedae1e,2026-10-06T00:15:00Z,New Orleans Saints,Atlanta Falcons,fanduel,player_rush_yds,Alvin Kamara,Over,37.5,-114,2026-10-04T23:45:11Z,rush_yds,2026-10-05,2026_04_ATL_NO,2026,4,0.0,23.0,35.0,5.0,23.0,-1,-1.0
20261004T234537Z,8bd90781e17e6d97df3941063cedae1e,2026-10-06T00:15:00Z,New Orleans Saints,Atlanta Falcons,fanduel,player_rush_yds,Alvin Kamara,Under,37.5,-114,2026-10-04T23:45:11Z,rush_yds,2026-10-05,2026_04_ATL_NO,2026,4,0.0,23.0,35.0,5.0,23.0,1,0.8771929824561403
20261004T234537Z,8bd90781e17e6d97df3941063cedae1e,2026-10-06T00:15:00Z,New Orleans Saints,Atlanta Falcons,fanduel,player_rush_yds,Tyler Shough,Over,16.5,-114,2026-10-04T23:45:11Z,rush_yds,2026-10-05,2026_04_ATL_NO,2026,4,286.0,5.0,0.0,0.0,5.0,-1,-1.0
20261004T234537Z,8bd90781e17e6d97df3941063cedae1e,2026-10-06T00:15:00Z,New Orleans Saints,Atlanta Falcons,fanduel,player_rush_yds,Tyler Shough,Under,16.5,-114,2026-10-04T23:45:11Z,rush_yds,2026-10-05,2026_04_ATL_NO,2026,4,286.0,5.0,0.0,0.0,5.0,1,0.8771929824561403
20261004T234537Z,8bd90781e17e6d97df3941063cedae1e,2026-10-06T00:15:00Z,New Orleans Saints,Atlanta Falcons,fanduel,player_rush_yds,Michael Penix Jr.,Over,5.5,-114,2026-10-04T23:45:11Z,rush_yds,2026-10-05,2026_04_ATL_NO,2026,4,223.0,-2.0,0.0,0.0,-2.0,-1,-1.0
20261004T234537Z,8bd90781e17e6d97df3941063cedae1e,2026-10-06T00:15:00Z,New Orleans Saints,Atlanta Falcons,fanduel,player_rush_yds,Michael Penix Jr.,Under,5.5,-114,2026-10-04T23:45:11Z,rush_yds,2026-10-05,2026_04_ATL_NO,2026,4,223.0,-2.0,0.0,0.0,-2.0,1,0.8771929824561403
20261004T234537Z,8bd90781e17e6d97df3941063cedae1e,2026-10-06T00:15:00Z,New Orleans Saints,Atlanta Falcons,fanduel,player_rush_yds,Kendre Miller,Over,25.5,-114,2026-10-04T23:45:11Z,rush_yds,2026-10-05,2026_04_ATL_NO,2026,4,0.0,9.0,10.0,2.0,9.0,-1,-1.0
20261004T234537Z,8bd90781e17e6d97df3941063cedae1e,2026-10-06T00:15:00Z,New Orleans Saints,Atlanta Falcons,fanduel,player_rush_yds,Kendre Miller,Under,25.5,-114,2026-10-04T23:45:11Z,rush_yds,2026-10-05,2026_04_ATL_NO,2026,4,0.0,9.0,10.0,2.0,9.0,1,0.8771929824561403
20261004T234537Z,8bd90781e17e6d97df3941063cedae1e,2026-10-06T00:15:00Z,New Orleans Saints,Atlanta Falcons,betonlineag,player_pass_yds,Tyler Shough,Over,257.5,-115,2026-10-04T23:45:37Z,pass_yds,2026-10-05,2026_04_ATL_NO,2026,4,286.0,5.0,0.0,0.0,286.0,1,0.8695652173913043
20261004T234537Z,8bd90781e17e6d97df3941063cedae1e,2026-10-06T00:15:00Z,New Orleans Saints,Atlanta Falcons,betonlineag,player_pass_yds,Tyler Shough,Under,257.5,-112,2026-10-04T23:45:37Z,pass_yds,2026-10-05,2026_04_ATL_NO,2026,4,286.0,5.0,0.0,0.0,286.0,-1,-1.0
20261004T234537Z,8bd90781e17e6d97df3941063cedae1e,2026-10-06T00:15:00Z,New Orleans Saints,Atlanta Falcons,betonlineag,player_pass_yds,Michael Penix Jr.,Over,228.5,-114,2026-10-04T23:45:37Z,pass_yds,2026-10-05,2026_04_ATL_NO,2026,4,223.0,-2.0,0.0,0.0,223.0,-1,-1.0
20261004T234537Z,8bd90781e17e6d97df3941063cedae1e,2026-10-06T00:15:00Z,New Orleans Saints,Atlanta Falcons,betonlineag,player_pass_yds,Michael Penix Jr.,Under,228.5,-114,2026-10-04T23:45:37Z,pass_yds,2026-10-05,2026_04_ATL_NO,2026,4,223.0,-2.0,0.0,0.0,223.0,1,0.8771929824561403
20261004T234537Z,8bd90781e17e6d97df3941063cedae1e,2026-10-06T00:15:00Z,New Orleans Saints,Atlanta Falcons,betonlineag,player_reception_yds,Devaughn Vele,Over,44.5,-114,2026-10-04T23:45:37Z,rec_yds,2026-10-05,2026_04_ATL_NO,2026,4,0.0,0.0,54.0,6.0,54.0,1,0.8771929824561403
20261004T234537Z,8bd90781e17e6d97df3941063cedae1e,2026-10-06T00:15:00Z,New Orleans Saints,Atlanta Falcons,betonlineag,player_reception_yds,Devaughn Vele,Under,44.5,-114,2026-10-04T23:45:37Z,rec_yds,2026-10-05,2026_04_ATL_NO,2026,4,0.0,0.0,54.0,6.0,54.0,-1,-1.0
20261004T234537Z,8bd90781e17e6d97df3941063cedae1e,2026-10-06T00:15:00Z,New Orleans Saints,Atlanta Falcons,betonlineag,player_reception_yds,Bijan Robinson,Over,39.5,-115,2026-10-04T23:45:37Z,rec_yds,2026-10-05,2026_04_ATL_NO,2026,4,0.0,145.0,2.0,1.0,2.0,-1,-1.0
20261004T234537Z,8bd90781e17e6d97df3941063cedae1e,2026-10-06T00:15:00Z,New Orleans Saints,Atlanta Falcons,betonlineag,player_reception_yds,Bijan Robinson,Under,39.5,-112,2026-10-04T23:45:37Z,rec_yds,2026-10-05,2026_04_ATL_NO,2026,4,0.0,145.0,2.0,1.0,2.0,1,0.8928571428571429
20261004T234537Z,8bd90781e17e6d97df3941063cedae1e,2026-10-06T00:15:00Z,New Orleans Saints,Atlanta Falcons,betonlineag,player_reception_yds,Chris Olave,Over,85.5,-114,2026-10-04T23:45:37Z,rec_yds,2026-10-05,2026_04_ATL_NO,2026,4,0.0,0.0,116.0,8.0,116.0,1,0.8771929824561403
20261004T234537Z,8bd90781e17e6d97df3941063cedae1e,2026-10-06T00:15:00Z,New Orleans Saints,Atlanta Falcons,betonlineag,player_reception_yds,Chris Olave,Under,85.5,-114,2026-10-04T23:45:37Z,rec_yds,2026-10-05,2026_04_ATL_NO,2026,4,0.0,0.0,116.0,8.0,116.0,-1,-1.0
20261004T234537Z,8bd90781e17e6d97df3941063cedae1e,2026-10-06T00:15:00Z,New Orleans Saints,Atlanta Falcons,betonlineag,player_reception_yds,Drake London,Over,78.5,-116,2026-10-04T23:45:37Z,rec_yds,2026-10-05,2026_04_ATL_NO,2026,4,0.0,0.0,96.0,5.0,96.0,1,0.8620689655172413
20261004T234537Z,8bd90781e17e6d97df3941063cedae1e,2026-10-06T00:15:00Z,New Orleans Saints,Atlanta Falcons,betonlineag,player_reception_yds,Drake London,Under,78.5,-111,2026-10-04T23:45:37Z,rec_yds,2026-10-05,2026_04_ATL_NO,2026,4,0.0,0.0,96.0,5.0,96.0,-1,-1.0
20261004T234537Z,8bd90781e17e6d97df3941063cedae1e,2026-10-06T00:15:00Z,New Orleans Saints,Atlanta Falcons,betonlineag,player_reception_yds,Jahan Dotson,Over,18.5,-115,2026-10-04T23:45:37Z,rec_yds,2026-10-05,2026_04_ATL_NO,2026,4,0.0,0.0,54.0,2.0,54.0,1,0.8695652173913043
20261004T234537Z,8bd90781e17e6d97df3941063cedae1e,2026-10-06T00:15:00Z,New Orleans Saints,Atlanta Falcons,betonlineag,player_reception_yds,Jahan Dotson,Under,18.5,-112,2026-10-04T23:45:37Z,rec_yds,2026-10-05,2026_04_ATL_NO,2026,4,0.0,0.0,54.0,2.0,54.0,-1,-1.0
20261004T234537Z,8bd90781e17e6d97df3941063cedae1e,2026-10-06T00:15:00Z,New Orleans Saints,Atlanta Falcons,betonlineag,player_reception_yds,Austin Hooper,Over,10.5,-114,2026-10-04T23:45:37Z,rec_yds,2026-10-05,2026_04_ATL_NO,2026,4,0.0,0.0,9.0,1.0,9.0,-1,-1.0
20261004T234537Z,8bd90781e17e6d97df3941063cedae1e,2026-10-06T00:15:00Z,New Orleans Saints,Atlanta Falcons,betonlineag,player_reception_yds,Austin Hooper,Under,10.5,-114,2026-10-04T23:45:37Z,rec_yds,2026-10-05,2026_04_ATL_NO,2026,4,0.0,0.0,9.0,1.0,9.0,1,0.8771929824561403
20261004T234537Z,8bd90781e17e6d97df3941063cedae1e,2026-10-06T00:15:00Z,New Orleans Saints,Atlanta Falcons,betonlineag,player_reception_yds,Olamide Zaccheaus,Over,7.5,-123,2026-10-04T23:45:37Z,rec_yds,2026-10-05,2026_04_ATL_NO,2026,4,0.0,0.0,0.0,0.0,0.0,-1,-1.0
20261004T234537Z,8bd90781e17e6d97df3941063cedae1e,2026-10-06T00:15:00Z,New Orleans Saints,Atlanta Falcons,betonlineag,player_reception_yds,Olamide Zaccheaus,Under,7.5,-104,2026-10-04T23:45:37Z,rec_yds,2026-10-05,2026_04_ATL_NO,2026,4,0.0,0.0,0.0,0.0,0.0,1,0.9615384615384616
20261004T234537Z,8bd90781e17e6d97df3941063cedae1e,2026-10-06T00:15:00Z,New Orleans Saints,Atlanta Falcons,betonlineag,player_reception_yds,Kyle Pitts,Over,29.5,-114,2026-10-04T23:45:37Z,rec_yds,2026-10-05,2026_04_ATL_NO,2026,4,0.0,0.0,47.0,3.0,47.0,1,0.8771929824561403
20261004T234537Z,8bd90781e17e6d97df3941063cedae1e,2026-10-06T00:15:00Z,New Orleans Saints,Atlanta Falcons,betonlineag,player_reception_yds,Kyle Pitts,Under,29.5,-114,2026-10-04T23:45:37Z,rec_yds,2026-10-05,2026_04_ATL_NO,2026,4,0.0,0.0,47.0,3.0,47.0,-1,-1.0
20261004T234537Z,8bd90781e17e6d97df3941063cedae1e,2026-10-06T00:15:00Z,New Orleans Saints,Atlanta Falcons,betonlineag,player_reception_yds,Alvin Kamara,Over,15.5,-116,2026-10-04T23:45:37Z,rec_yds,2026-10-05,2026_04_ATL_NO,2026,4,0.0,23.0,35.0,5.0,35.0,1,0.8620689655172413
20261004T234537Z,8bd90781e17e6d97df3941063cedae1e,2026-10-06T00:15:00Z,New Orleans Saints,Atlanta Falcons,betonlineag,player_reception_yds,Alvin Kamara,Under,15.5,-111,2026-10-04T23:45:37Z,rec_yds,2026-10-05,2026_04_ATL_NO,2026,4,0.0,23.0,35.0,5.0,35.0,-1,-1.0
20261004T234537Z,8bd90781e17e6d97df3941063cedae1e,2026-10-06T00:15:00Z,New Orleans Saints,Atlanta Falcons,betonlineag,player_reception_yds,Juwan Johnson,Over,41.5,-114,2026-10-04T23:45:37Z,rec_yds,2026-10-05,2026_04_ATL_NO,2026,4,0.0,0.0,59.0,6.0,59.0,1,0.8771929824561403
20261004T234537Z,8bd90781e17e6d97df3941063cedae1e,2026-10-06T00:15:00Z,New Orleans Saints,Atlanta Falcons,betonlineag,player_reception_yds,Juwan Johnson,Under,41.5,-114,2026-10-04T23:45:37Z,rec_yds,2026-10-05,2026_04_ATL_NO,2026,4,0.0,0.0,59.0,6.0,59.0,-1,-1.0
20261004T234537Z,8bd90781e17e6d97df3941063cedae1e,2026-10-06T00:15:00Z,New Orleans Saints,Atlanta Falcons,betonlineag,player_receptions,Alvin Kamara,Over,3.5,126,2026-10-04T23:45:37Z,receptions,2026-10-05,2026_04_ATL_NO,2026,4,0.0,23.0,35.0,5.0,5.0,1,1.26
20261004T234537Z,8bd90781e17e6d97df3941063cedae1e,2026-10-06T00:15:00Z,New Orleans Saints,Atlanta Falcons,betonlineag,player_receptions,Alvin Kamara,Under,3.5,-164,2026-10-04T23:45:37Z,receptions,2026-10-05,2026_04_ATL_NO,2026,4,0.0,23.0,35.0,5.0,5.0,-1,-1.0
20261004T234537Z,8bd90781e17e6d97df3941063cedae1e,2026-10-06T00:15:00Z,New Orleans Saints,Atlanta Falcons,betonlineag,player_receptions,Kyle Pitts,Over,2.5,-141,2026-10-04T23:45:37Z,receptions,2026-10-05,2026_04_ATL_NO,2026,4,0.0,0.0,47.0,3.0,3.0,1,0.7092198581560284
20261004T234537Z,8bd90781e17e6d97df3941063cedae1e,2026-10-06T00:15:00Z,New Orleans Saints,Atlanta Falcons,betonlineag,player_receptions,Kyle Pitts,Under,2.5,108,2026-10-04T23:45:37Z,receptions,2026-10-05,2026_04_ATL_NO,2026,4,0.0,0.0,47.0,3.0,3.0,-1,-1.0
20261004T234537Z,8bd90781e17e6d97df3941063cedae1e,2026-10-06T00:15:00Z,New Orleans Saints,Atlanta Falcons,betonlineag,player_receptions,Jahan Dotson,Over,1.5,-135,2026-10-04T23:45:37Z,receptions,2026-10-05,2026_04_ATL_NO,2026,4,0.0,0.0,54.0,2.0,2.0,1,0.7407407407407407
20261004T234537Z,8bd90781e17e6d97df3941063cedae1e,2026-10-06T00:15:00Z,New Orleans Saints,Atlanta Falcons,betonlineag,player_receptions,Jahan Dotson,Under,1.5,104,2026-10-04T23:45:37Z,receptions,2026-10-05,2026_04_ATL_NO,2026,4,0.0,0.0,54.0,2.0,2.0,-1,-1.0
20261004T234537Z,8bd90781e17e6d97df3941063cedae1e,2026-10-06T00:15:00Z,New Orleans Saints,Atlanta Falcons,betonlineag,player_receptions,Juwan Johnson,Over,3.5,-116,2026-10-04T23:45:37Z,receptions,2026-10-05,2026_04_ATL_NO,2026,4,0.0,0.0,59.0,6.0,6.0,1,0.8620689655172413
20261004T234537Z,8bd90781e17e6d97df3941063cedae1e,2026-10-06T00:15:00Z,New Orleans Saints,Atlanta Falcons,betonlineag,player_receptions,Juwan Johnson,Under,3.5,-111,2026-10-04T23:45:37Z,receptions,2026-10-05,2026_04_ATL_NO,2026,4,0.0,0.0,59.0,6.0,6.0,-1,-1.0
20261004T234537Z,8bd90781e17e6d97df3941063cedae1e,2026-10-06T00:15:00Z,New Orleans Saints,Atlanta Falcons,betonlineag,player_receptions,Bijan Robinson,Over,4.5,-108,2026-10-04T23:45:37Z,receptions,2026-10-05,2026_04_ATL_NO,2026,4,0.0,145.0,2.0,1.0,1.0,-1,-1.0
20261004T234537Z,8bd90781e17e6d97df3941063cedae1e,2026-10-06T00:15:00Z,New Orleans Saints,Atlanta Falcons,betonlineag,player_receptions,Bijan Robinson,Under,4.5,-120,2026-10-04T23:45:37Z,receptions,2026-10-05,2026_04_ATL_NO,2026,4,0.0,145.0,2.0,1.0,1.0,1,0.8333333333333334
20261004T234537Z,8bd90781e17e6d97df3941063cedae1e,2026-10-06T00:15:00Z,New Orleans Saints,Atlanta Falcons,betonlineag,player_receptions,Austin Hooper,Over,1.5,145,2026-10-04T23:45:37Z,receptions,2026-10-05,2026_04_ATL_NO,2026,4,0.0,0.0,9.0,1.0,1.0,-1,-1.0
20261004T234537Z,8bd90781e17e6d97df3941063cedae1e,2026-10-06T00:15:00Z,New Orleans Saints,Atlanta Falcons,betonlineag,player_receptions,Austin Hooper,Under,1.5,-192,2026-10-04T23:45:37Z,receptions,2026-10-05,2026_04_ATL_NO,2026,4,0.0,0.0,9.0,1.0,1.0,1,0.5208333333333334
20261004T234537Z,8bd90781e17e6d97df3941063cedae1e,2026-10-06T00:15:00Z,New Orleans Saints,Atlanta Falcons,betonlineag,player_receptions,Drake London,Over,5.5,-156,2026-10-04T23:45:37Z,receptions,2026-10-05,2026_04_ATL_NO,2026,4,0.0,0.0,96.0,5.0,5.0,-1,-1.0
20261004T234537Z,8bd90781e17e6d97df3941063cedae1e,2026-10-06T00:15:00Z,New Orleans Saints,Atlanta Falcons,betonlineag,player_receptions,Drake London,Under,5.5,120,2026-10-04T23:45:37Z,receptions,2026-10-05,2026_04_ATL_NO,2026,4,0.0,0.0,96.0,5.0,5.0,1,1.2
20261004T234537Z,8bd90781e17e6d97df3941063cedae1e,2026-10-06T00:15:00Z,New Orleans Saints,Atlanta Falcons,betonlineag,player_receptions,Chris Olave,Over,6.5,-149,2026-10-04T23:45:37Z,receptions,2026-10-05,2026_04_ATL_NO,2026,4,0.0,0.0,116.0,8.0,8.0,1,0.6711409395973155
20261004T234537Z,8bd90781e17e6d97df3941063cedae1e,2026-10-06T00:15:00Z,New Orleans Saints,Atlanta Falcons,betonlineag,player_receptions,Chris Olave,Under,6.5,115,2026-10-04T23:45:37Z,receptions,2026-10-05,2026_04_ATL_NO,2026,4,0.0,0.0,116.0,8.0,8.0,-1,-1.0
20261004T234537Z,8bd90781e17e6d97df3941063cedae1e,2026-10-06T00:15:00Z,New Orleans Saints,Atlanta Falcons,betonlineag,player_receptions,Devaughn Vele,Over,3.5,-156,2026-10-04T23:45:37Z,receptions,2026-10-05,2026_04_ATL_NO,2026,4,0.0,0.0,54.0,6.0,6.0,1,0.6410256410256411
20261004T234537Z,8bd90781e17e6d97df3941063cedae1e,2026-10-06T00:15:00Z,New Orleans Saints,Atlanta Falcons,betonlineag,player_receptions,Devaughn Vele,Under,3.5,120,2026-10-04T23:45:37Z,receptions,2026-10-05,2026_04_ATL_NO,2026,4,0.0,0.0,54.0,6.0,6.0,-1,-1.0
20261004T234537Z,8bd90781e17e6d97df3941063cedae1e,2026-10-06T00:15:00Z,New Orleans Saints,Atlanta Falcons,betonlineag,player_receptions,Olamide Zaccheaus,Over,1.5,155,2026-10-04T23:45:37Z,receptions,2026-10-05,2026_04_ATL_NO,2026,4,0.0,0.0,0.0,0.0,0.0,-1,-1.0
20261004T234537Z,8bd90781e17e6d97df3941063cedae1e,2026-10-06T00:15:00Z,New Orleans Saints,Atlanta Falcons,betonlineag,player_receptions,Olamide Zaccheaus,Under,1.5,-204,2026-10-04T23:45:37Z,receptions,2026-10-05,2026_04_ATL_NO,2026,4,0.0,0.0,0.0,0.0,0.0,1,0.49019607843137253
20261004T234537Z,8bd90781e17e6d97df3941063cedae1e,2026-10-06T00:15:00Z,New Orleans Saints,Atlanta Falcons,betonlineag,player_rush_yds,Michael Penix Jr.,Over,5.5,-115,2026-10-04T23:45:37Z,rush_yds,2026-10-05,2026_04_ATL_NO,2026,4,223.0,-2.0,0.0,0.0,-2.0,-1,-1.0
20261004T234537Z,8bd90781e17e6d97df3941063cedae1e,2026-10-06T00:15:00Z,New Orleans Saints,Atlanta Falcons,betonlineag,player_rush_yds,Michael Penix Jr.,Under,5.5,-112,2026-10-04T23:45:37Z,rush_yds,2026-10-05,2026_04_ATL_NO,2026,4,223.0,-2.0,0.0,0.0,-2.0,1,0.8928571428571429
20261004T234537Z,8bd90781e17e6d97df3941063cedae1e,2026-10-06T00:15:00Z,New Orleans Saints,Atlanta Falcons,betonlineag,player_rush_yds,Tyler Shough,Over,16.5,-114,2026-10-04T23:45:37Z,rush_yds,2026-10-05,2026_04_ATL_NO,2026,4,286.0,5.0,0.0,0.0,5.0,-1,-1.0
20261004T234537Z,8bd90781e17e6d97df3941063cedae1e,2026-10-06T00:15:00Z,New Orleans Saints,Atlanta Falcons,betonlineag,player_rush_yds,Tyler Shough,Under,16.5,-114,2026-10-04T23:45:37Z,rush_yds,2026-10-05,2026_04_ATL_NO,2026,4,286.0,5.0,0.0,0.0,5.0,1,0.8771929824561403
20261004T234537Z,8bd90781e17e6d97df3941063cedae1e,2026-10-06T00:15:00Z,New Orleans Saints,Atlanta Falcons,betonlineag,player_rush_yds,Brian Robinson Jr.,Over,29.5,-114,2026-10-04T23:45:37Z,rush_yds,2026-10-05,2026_04_ATL_NO,2026,4,0.0,62.0,5.0,1.0,62.0,1,0.8771929824561403
20261004T234537Z,8bd90781e17e6d97df3941063cedae1e,2026-10-06T00:15:00Z,New Orleans Saints,Atlanta Falcons,betonlineag,player_rush_yds,Brian Robinson Jr.,Under,29.5,-114,2026-10-04T23:45:37Z,rush_yds,2026-10-05,2026_04_ATL_NO,2026,4,0.0,62.0,5.0,1.0,62.0,-1,-1.0
20261004T234537Z,8bd90781e17e6d97df3941063cedae1e,2026-10-06T00:15:00Z,New Orleans Saints,Atlanta Falcons,betonlineag,player_rush_yds,Bijan Robinson,Over,86.5,-115,2026-10-04T23:45:37Z,rush_yds,2026-10-05,2026_04_ATL_NO,2026,4,0.0,145.0,2.0,1.0,145.0,1,0.8695652173913043
20261004T234537Z,8bd90781e17e6d97df3941063cedae1e,2026-10-06T00:15:00Z,New Orleans Saints,Atlanta Falcons,betonlineag,player_rush_yds,Bijan Robinson,Under,86.5,-112,2026-10-04T23:45:37Z,rush_yds,2026-10-05,2026_04_ATL_NO,2026,4,0.0,145.0,2.0,1.0,145.0,-1,-1.0
20261004T234537Z,8bd90781e17e6d97df3941063cedae1e,2026-10-06T00:15:00Z,New Orleans Saints,Atlanta Falcons,betonlineag,player_rush_yds,Kendre Miller,Over,25.5,-115,2026-10-04T23:45:37Z,rush_yds,2026-10-05,2026_04_ATL_NO,2026,4,0.0,9.0,10.0,2.0,9.0,-1,-1.0
20261004T234537Z,8bd90781e17e6d97df3941063cedae1e,2026-10-06T00:15:00Z,New Orleans Saints,Atlanta Falcons,betonlineag,player_rush_yds,Kendre Miller,Under,25.5,-112,2026-10-04T23:45:37Z,rush_yds,2026-10-05,2026_04_ATL_NO,2026,4,0.0,9.0,10.0,2.0,9.0,1,0.8928571428571429
20261004T234537Z,8bd90781e17e6d97df3941063cedae1e,2026-10-06T00:15:00Z,New Orleans Saints,Atlanta Falcons,betonlineag,player_rush_yds,Alvin Kamara,Over,37.5,-112,2026-10-04T23:45:37Z,rush_yds,2026-10-05,2026_04_ATL_NO,2026,4,0.0,23.0,35.0,5.0,23.0,-1,-1.0
20261004T234537Z,8bd90781e17e6d97df3941063cedae1e,2026-10-06T00:15:00Z,New Orleans Saints,Atlanta Falcons,betonlineag,player_rush_yds,Alvin Kamara,Under,37.5,-115,2026-10-04T23:45:37Z,rush_yds,2026-10-05,2026_04_ATL_NO,2026,4,0.0,23.0,35.0,5.0,23.0,1,0.8695652173913043
20261004T234537Z,8bd90781e17e6d97df3941063cedae1e,2026-10-06T00:15:00Z,New Orleans Saints,Atlanta Falcons,betrivers,player_pass_yds,Tyler Shough,Over,256.5,-117,2026-10-04T23:45:03Z,pass_yds,2026-10-05,2026_04_ATL_NO,2026,4,286.0,5.0,0.0,0.0,286.0,1,0.8547008547008547
20261004T234537Z,8bd90781e17e6d97df3941063cedae1e,2026-10-06T00:15:00Z,New Orleans Saints,Atlanta Falcons,betrivers,player_pass_yds,Tyler Shough,Under,256.5,-114,2026-10-04T23:45:03Z,pass_yds,2026-10-05,2026_04_ATL_NO,2026,4,286.0,5.0,0.0,0.0,286.0,-1,-1.0
20261004T234537Z,8bd90781e17e6d97df3941063cedae1e,2026-10-06T00:15:00Z,New Orleans Saints,Atlanta Falcons,betrivers,player_pass_yds,Michael Penix Jr.,Over,218.5,-117,2026-10-04T23:45:03Z,pass_yds,2026-10-05,2026_04_ATL_NO,2026,4,223.0,-2.0,0.0,0.0,223.0,1,0.8547008547008547
20261004T234537Z,8bd90781e17e6d97df3941063cedae1e,2026-10-06T00:15:00Z,New Orleans Saints,Atlanta Falcons,betrivers,player_pass_yds,Michael Penix Jr.,Under,218.5,-114,2026-10-04T23:45:03Z,pass_yds,2026-10-05,2026_04_ATL_NO,2026,4,223.0,-2.0,0.0,0.0,223.0,-1,-1.0
20261004T234537Z,8bd90781e17e6d97df3941063cedae1e,2026-10-06T00:15:00Z,New Orleans Saints,Atlanta Falcons,betrivers,player_reception_yds,Olamide Zaccheaus,Over,7.5,-115,2026-10-04T23:45:03Z,rec_yds,2026-10-05,2026_04_ATL_NO,2026,4,0.0,0.0,0.0,0.0,0.0,-1,-1.0
20261004T234537Z,8bd90781e17e6d97df3941063cedae1e,2026-10-06T00:15:00Z,New Orleans Saints,Atlanta Falcons,betrivers,player_reception_yds,Olamide Zaccheaus,Under,7.5,-115,2026-10-04T23:45:03Z,rec_yds,2026-10-05,2026_04_ATL_NO,2026,4,0.0,0.0,0.0,0.0,0.0,1,0.8695652173913043
20261004T234537Z,8bd90781e17e6d97df3941063cedae1e,2026-10-06T00:15:00Z,New Orleans Saints,Atlanta Falcons,betrivers,player_reception_yds,Kyle Pitts,Over,25.5,-113,2026-10-04T23:45:03Z,rec_yds,2026-10-05,2026_04_ATL_NO,2026,4,0.0,0.0,47.0,3.0,47.0,1,0.8849557522123894
20261004T234537Z,8bd90781e17e6d97df3941063cedae1e,2026-10-06T00:15:00Z,New Orleans Saints,Atlanta Falcons,betrivers,player_reception_yds,Kyle Pitts,Under,25.5,-118,2026-10-04T23:45:03Z,rec_yds,2026-10-05,2026_04_ATL_NO,2026,4,0.0,0.0,47.0,3.0,47.0,-1,-1.0
20261004T234537Z,8bd90781e17e6d97df3941063cedae1e,2026-10-06T00:15:00Z,New Orleans Saints,Atlanta Falcons,betrivers,player_reception_yds,Jahan Dotson,Over,17.5,-118,2026-10-04T23:45:03Z,rec_yds,2026-10-05,2026_04_ATL_NO,2026,4,0.0,0.0,54.0,2.0,54.0,1,0.847457627118644
20261004T234537Z,8bd90781e17e6d97df3941063cedae1e,2026-10-06T00:15:00Z,New Orleans Saints,Atlanta Falcons,betrivers,player_reception_yds,Jahan Dotson,Under,17.5,-112,2026-10-04T23:45:03Z,rec_yds,2026-10-05,2026_04_ATL_NO,2026,4,0.0,0.0,54.0,2.0,54.0,-1,-1.0
20261004T234537Z,8bd90781e17e6d97df3941063cedae1e,2026-10-06T00:15:00Z,New Orleans Saints,Atlanta Falcons,betrivers,player_reception_yds,Austin Hooper,Over,9.5,-118,2026-10-04T23:45:03Z,rec_yds,2026-10-05,2026_04_ATL_NO,2026,4,0.0,0.0,9.0,1.0,9.0,-1,-1.0
20261004T234537Z,8bd90781e17e6d97df3941063cedae1e,2026-10-06T00:15:00Z,New Orleans Saints,Atlanta Falcons,betrivers,player_reception_yds,Austin Hooper,Under,9.5,-113,2026-10-04T23:45:03Z,rec_yds,2026-10-05,2026_04_ATL_NO,2026,4,0.0,0.0,9.0,1.0,9.0,1,0.8849557522123894
20261004T234537Z,8bd90781e17e6d97df3941063cedae1e,2026-10-06T00:15:00Z,New Orleans Saints,Atlanta Falcons,betrivers,player_reception_yds,Juwan Johnson,Over,40.5,-114,2026-10-04T23:45:03Z,rec_yds,2026-10-05,2026_04_ATL_NO,2026,4,0.0,0.0,59.0,6.0,59.0,1,0.8771929824561403
20261004T234537Z,8bd90781e17e6d97df3941063cedae1e,2026-10-06T00:15:00Z,New Orleans Saints,Atlanta Falcons,betrivers,player_reception_yds,Juwan Johnson,Under,40.5,-117,2026-10-04T23:45:03Z,rec_yds,2026-10-05,2026_04_ATL_NO,2026,4,0.0,0.0,59.0,6.0,59.0,-1,-1.0
20261004T234537Z,8bd90781e17e6d97df3941063cedae1e,2026-10-06T00:15:00Z,New Orleans Saints,Atlanta Falcons,betrivers,player_reception_yds,Chris Olave,Over,82.5,-114,2026-10-04T23:45:03Z,rec_yds,2026-10-05,2026_04_ATL_NO,2026,4,0.0,0.0,116.0,8.0,116.0,1,0.8771929824561403
20261004T234537Z,8bd90781e17e6d97df3941063cedae1e,2026-10-06T00:15:00Z,New Orleans Saints,Atlanta Falcons,betrivers,player_reception_yds,Chris Olave,Under,82.5,-117,2026-10-04T23:45:03Z,rec_yds,2026-10-05,2026_04_ATL_NO,2026,4,0.0,0.0,116.0,8.0,116.0,-1,-1.0
20261004T234537Z,8bd90781e17e6d97df3941063cedae1e,2026-10-06T00:15:00Z,New Orleans Saints,Atlanta Falcons,betrivers,player_reception_yds,Alvin Kamara,Over,15.5,-110,2026-10-04T23:45:03Z,rec_yds,2026-10-05,2026_04_ATL_NO,2026,4,0.0,23.0,35.0,5.0,35.0,1,0.9090909090909091
20261004T234537Z,8bd90781e17e6d97df3941063cedae1e,2026-10-06T00:15:00Z,New Orleans Saints,Atlanta Falcons,betrivers,player_reception_yds,Alvin Kamara,Under,15.5,-121,2026-10-04T23:45:03Z,rec_yds,2026-10-05,2026_04_ATL_NO,2026,4,0.0,23.0,35.0,5.0,35.0,-1,-1.0
20261004T234537Z,8bd90781e17e6d97df3941063cedae1e,2026-10-06T00:15:00Z,New Orleans Saints,Atlanta Falcons,betrivers,player_reception_yds,Devaughn Vele,Over,44.5,-118,2026-10-04T23:45:03Z,rec_yds,2026-10-05,2026_04_ATL_NO,2026,4,0.0,0.0,54.0,6.0,54.0,1,0.847457627118644
20261004T234537Z,8bd90781e17e6d97df3941063cedae1e,2026-10-06T00:15:00Z,New Orleans Saints,Atlanta Falcons,betrivers,player_reception_yds,Devaughn Vele,Under,44.5,-113,2026-10-04T23:45:03Z,rec_yds,2026-10-05,2026_04_ATL_NO,2026,4,0.0,0.0,54.0,6.0,54.0,-1,-1.0
20261004T234537Z,8bd90781e17e6d97df3941063cedae1e,2026-10-06T00:15:00Z,New Orleans Saints,Atlanta Falcons,betrivers,player_reception_yds,Bijan Robinson,Over,38.5,-115,2026-10-04T23:45:03Z,rec_yds,2026-10-05,2026_04_ATL_NO,2026,4,0.0,145.0,2.0,1.0,2.0,-1,-1.0
20261004T234537Z,8bd90781e17e6d97df3941063cedae1e,2026-10-06T00:15:00Z,New Orleans Saints,Atlanta Falcons,betrivers,player_reception_yds,Bijan Robinson,Under,38.5,-115,2026-10-04T23:45:03Z,rec_yds,2026-10-05,2026_04_ATL_NO,2026,4,0.0,145.0,2.0,1.0,2.0,1,0.8695652173913043
20261004T234537Z,8bd90781e17e6d97df3941063cedae1e,2026-10-06T00:15:00Z,New Orleans Saints,Atlanta Falcons,betrivers,player_reception_yds,Drake London,Over,76.5,-117,2026-10-04T23:45:03Z,rec_yds,2026-10-05,2026_04_ATL_NO,2026,4,0.0,0.0,96.0,5.0,96.0,1,0.8547008547008547
20261004T234537Z,8bd90781e17e6d97df3941063cedae1e,2026-10-06T00:15:00Z,New Orleans Saints,Atlanta Falcons,betrivers,player_reception_yds,Drake London,Under,76.5,-114,2026-10-04T23:45:03Z,rec_yds,2026-10-05,2026_04_ATL_NO,2026,4,0.0,0.0,96.0,5.0,96.0,-1,-1.0
20261004T234537Z,8bd90781e17e6d97df3941063cedae1e,2026-10-06T00:15:00Z,New Orleans Saints,Atlanta Falcons,betrivers,player_receptions,Kyle Pitts,Over,2.5,-141,2026-10-04T23:45:03Z,receptions,2026-10-05,2026_04_ATL_NO,2026,4,0.0,0.0,47.0,3.0,3.0,1,0.7092198581560284
20261004T234537Z,8bd90781e17e6d97df3941063cedae1e,2026-10-06T00:15:00Z,New Orleans Saints,Atlanta Falcons,betrivers,player_receptions,Juwan Johnson,Over,3.5,-129,2026-10-04T23:45:03Z,receptions,2026-10-05,2026_04_ATL_NO,2026,4,0.0,0.0,59.0,6.0,6.0,1,0.7751937984496124
20261004T234537Z,8bd90781e17e6d97df3941063cedae1e,2026-10-06T00:15:00Z,New Orleans Saints,Atlanta Falcons,betrivers,player_receptions,Jahan Dotson,Over,1.5,-141,2026-10-04T23:45:03Z,receptions,2026-10-05,2026_04_ATL_NO,2026,4,0.0,0.0,54.0,2.0,2.0,1,0.7092198581560284
20261004T234537Z,8bd90781e17e6d97df3941063cedae1e,2026-10-06T00:15:00Z,New Orleans Saints,Atlanta Falcons,betrivers,player_receptions,Bijan Robinson,Over,4.5,-118,2026-10-04T23:45:03Z,receptions,2026-10-05,2026_04_ATL_NO,2026,4,0.0,145.0,2.0,1.0,1.0,-1,-1.0
20261004T234537Z,8bd90781e17e6d97df3941063cedae1e,2026-10-06T00:15:00Z,New Orleans Saints,Atlanta Falcons,betrivers,player_receptions,Chris Olave,Over,6.5,-157,2026-10-04T23:45:03Z,receptions,2026-10-05,2026_04_ATL_NO,2026,4,0.0,0.0,116.0,8.0,8.0,1,0.6369426751592356
20261004T234537Z,8bd90781e17e6d97df3941063cedae1e,2026-10-06T00:15:00Z,New Orleans Saints,Atlanta Falcons,betrivers,player_receptions,Devaughn Vele,Over,4.5,118,2026-10-04T23:45:03Z,receptions,2026-10-05,2026_04_ATL_NO,2026,4,0.0,0.0,54.0,6.0,6.0,1,1.18
20261004T234537Z,8bd90781e17e6d97df3941063cedae1e,2026-10-06T00:15:00Z,New Orleans Saints,Atlanta Falcons,betrivers,player_receptions,Olamide Zaccheaus,Over,1.5,138,2026-10-04T23:45:03Z,receptions,2026-10-05,2026_04_ATL_NO,2026,4,0.0,0.0,0.0,0.0,0.0,-1,-1.0
20261004T234537Z,8bd90781e17e6d97df3941063cedae1e,2026-10-06T00:15:00Z,New Orleans Saints,Atlanta Falcons,betrivers,player_receptions,Austin Hooper,Over,1.5,145,2026-10-04T23:45:03Z,receptions,2026-10-05,2026_04_ATL_NO,2026,4,0.0,0.0,9.0,1.0,1.0,-1,-1.0
20261004T234537Z,8bd90781e17e6d97df3941063cedae1e,2026-10-06T00:15:00Z,New Orleans Saints,Atlanta Falcons,betrivers,player_receptions,Alvin Kamara,Over,3.5,125,2026-10-04T23:45:03Z,receptions,2026-10-05,2026_04_ATL_NO,2026,4,0.0,23.0,35.0,5.0,5.0,1,1.25
20261004T234537Z,8bd90781e17e6d97df3941063cedae1e,2026-10-06T00:15:00Z,New Orleans Saints,Atlanta Falcons,betrivers,player_receptions,Drake London,Over,5.5,-130,2026-10-04T23:45:03Z,receptions,2026-10-05,2026_04_ATL_NO,2026,4,0.0,0.0,96.0,5.0,5.0,-1,-1.0
20261004T234537Z,8bd90781e17e6d97df3941063cedae1e,2026-10-06T00:15:00Z,New Orleans Saints,Atlanta Falcons,betrivers,player_rush_yds,Alvin Kamara,Over,35.5,-120,2026-10-04T23:45:03Z,rush_yds,2026-10-05,2026_04_ATL_NO,2026,4,0.0,23.0,35.0,5.0,23.0,-1,-1.0
20261004T234537Z,8bd90781e17e6d97df3941063cedae1e,2026-10-06T00:15:00Z,New Orleans Saints,Atlanta Falcons,betrivers,player_rush_yds,Alvin Kamara,Under,35.5,-112,2026-10-04T23:45:03Z,rush_yds,2026-10-05,2026_04_ATL_NO,2026,4,0.0,23.0,35.0,5.0,23.0,1,0.8928571428571429
20261004T234537Z,8bd90781e17e6d97df3941063cedae1e,2026-10-06T00:15:00Z,New Orleans Saints,Atlanta Falcons,betrivers,player_rush_yds,Tyler Shough,Over,15.5,-114,2026-10-04T23:45:03Z,rush_yds,2026-10-05,2026_04_ATL_NO,2026,4,286.0,5.0,0.0,0.0,5.0,-1,-1.0
20261004T234537Z,8bd90781e17e6d97df3941063cedae1e,2026-10-06T00:15:00Z,New Orleans Saints,Atlanta Falcons,betrivers,player_rush_yds,Tyler Shough,Under,15.5,-117,2026-10-04T23:45:03Z,rush_yds,2026-10-05,2026_04_ATL_NO,2026,4,286.0,5.0,0.0,0.0,5.0,1,0.8547008547008547
20261004T234537Z,8bd90781e17e6d97df3941063cedae1e,2026-10-06T00:15:00Z,New Orleans Saints,Atlanta Falcons,betrivers,player_rush_yds,Brian Robinson Jr.,Over,30.5,-110,2026-10-04T23:45:03Z,rush_yds,2026-10-05,2026_04_ATL_NO,2026,4,0.0,62.0,5.0,1.0,62.0,1,0.9090909090909091
20261004T234537Z,8bd90781e17e6d97df3941063cedae1e,2026-10-06T00:15:00Z,New Orleans Saints,Atlanta Falcons,betrivers,player_rush_yds,Brian Robinson Jr.,Under,30.5,-121,2026-10-04T23:45:03Z,rush_yds,2026-10-05,2026_04_ATL_NO,2026,4,0.0,62.0,5.0,1.0,62.0,-1,-1.0
20261004T234537Z,8bd90781e17e6d97df3941063cedae1e,2026-10-06T00:15:00Z,New Orleans Saints,Atlanta Falcons,betrivers,player_rush_yds,Kendre Miller,Over,26.5,-117,2026-10-04T23:45:03Z,rush_yds,2026-10-05,2026_04_ATL_NO,2026,4,0.0,9.0,10.0,2.0,9.0,-1,-1.0
20261004T234537Z,8bd90781e17e6d97df3941063cedae1e,2026-10-06T00:15:00Z,New Orleans Saints,Atlanta Falcons,betrivers,player_rush_yds,Kendre Miller,Under,26.5,-114,2026-10-04T23:45:03Z,rush_yds,2026-10-05,2026_04_ATL_NO,2026,4,0.0,9.0,10.0,2.0,9.0,1,0.8771929824561403
20261004T234537Z,8bd90781e17e6d97df3941063cedae1e,2026-10-06T00:15:00Z,New Orleans Saints,Atlanta Falcons,betrivers,player_rush_yds,Bijan Robinson,Over,89.5,-117,2026-10-04T23:45:03Z,rush_yds,2026-10-05,2026_04_ATL_NO,2026,4,0.0,145.0,2.0,1.0,145.0,1,0.8547008547008547
20261004T234537Z,8bd90781e17e6d97df3941063cedae1e,2026-10-06T00:15:00Z,New Orleans Saints,Atlanta Falcons,betrivers,player_rush_yds,Bijan Robinson,Under,89.5,-114,2026-10-04T23:45:03Z,rush_yds,2026-10-05,2026_04_ATL_NO,2026,4,0.0,145.0,2.0,1.0,145.0,-1,-1.0
20261004T234537Z,8bd90781e17e6d97df3941063cedae1e,2026-10-06T00:15:00Z,New Orleans Saints,Atlanta Falcons,betmgm,player_pass_yds,Tyler Shough,Over,254.5,-115,2026-10-04T23:43:43Z,pass_yds,2026-10-05,2026_04_ATL_NO,2026,4,286.0,5.0,0.0,0.0,286.0,1,0.8695652173913043
20261004T234537Z,8bd90781e17e6d97df3941063cedae1e,2026-10-06T00:15:00Z,New Orleans Saints,Atlanta Falcons,betmgm,player_pass_yds,Tyler Shough,Under,254.5,-115,2026-10-04T23:43:43Z,pass_yds,2026-10-05,2026_04_ATL_NO,2026,4,286.0,5.0,0.0,0.0,286.0,-1,-1.0
20261004T234537Z,8bd90781e17e6d97df3941063cedae1e,2026-10-06T00:15:00Z,New Orleans Saints,Atlanta Falcons,betmgm,player_pass_yds,Michael Penix Jr.,Over,226.5,-115,2026-10-04T23:43:43Z,pass_yds,2026-10-05,2026_04_ATL_NO,2026,4,223.0,-2.0,0.0,0.0,223.0,-1,-1.0
20261004T234537Z,8bd90781e17e6d97df3941063cedae1e,2026-10-06T00:15:00Z,New Orleans Saints,Atlanta Falcons,betmgm,player_pass_yds,Michael Penix Jr.,Under,226.5,-115,2026-10-04T23:43:43Z,pass_yds,2026-10-05,2026_04_ATL_NO,2026,4,223.0,-2.0,0.0,0.0,223.0,1,0.8695652173913043
20261004T234537Z,8bd90781e17e6d97df3941063cedae1e,2026-10-06T00:15:00Z,New Orleans Saints,Atlanta Falcons,betmgm,player_reception_yds,Chris Olave,Over,84.5,-115,2026-10-04T23:43:43Z,rec_yds,2026-10-05,2026_04_ATL_NO,2026,4,0.0,0.0,116.0,8.0,116.0,1,0.8695652173913043
20261004T234537Z,8bd90781e17e6d97df3941063cedae1e,2026-10-06T00:15:00Z,New Orleans Saints,Atlanta Falcons,betmgm,player_reception_yds,Chris Olave,Under,84.5,-115,2026-10-04T23:43:43Z,rec_yds,2026-10-05,2026_04_ATL_NO,2026,4,0.0,0.0,116.0,8.0,116.0,-1,-1.0
20261004T234537Z,8bd90781e17e6d97df3941063cedae1e,2026-10-06T00:15:00Z,New Orleans Saints,Atlanta Falcons,betmgm,player_reception_yds,Devaughn Vele,Over,44.5,-115,2026-10-04T23:43:43Z,rec_yds,2026-10-05,2026_04_ATL_NO,2026,4,0.0,0.0,54.0,6.0,54.0,1,0.8695652173913043
20261004T234537Z,8bd90781e17e6d97df3941063cedae1e,2026-10-06T00:15:00Z,New Orleans Saints,Atlanta Falcons,betmgm,player_reception_yds,Devaughn Vele,Under,44.5,-115,2026-10-04T23:43:43Z,rec_yds,2026-10-05,2026_04_ATL_NO,2026,4,0.0,0.0,54.0,6.0,54.0,-1,-1.0
20261004T234537Z,8bd90781e17e6d97df3941063cedae1e,2026-10-06T00:15:00Z,New Orleans Saints,Atlanta Falcons,betmgm,player_reception_yds,Jahan Dotson,Over,18.5,-120,2026-10-04T23:43:43Z,rec_yds,2026-10-05,2026_04_ATL_NO,2026,4,0.0,0.0,54.0,2.0,54.0,1,0.8333333333333334
20261004T234537Z,8bd90781e17e6d97df3941063cedae1e,2026-10-06T00:15:00Z,New Orleans Saints,Atlanta Falcons,betmgm,player_reception_yds,Jahan Dotson,Under,18.5,-111,2026-10-04T23:43:43Z,rec_yds,2026-10-05,2026_04_ATL_NO,2026,4,0.0,0.0,54.0,2.0,54.0,-1,-1.0
20261004T234537Z,8bd90781e17e6d97df3941063cedae1e,2026-10-06T00:15:00Z,New Orleans Saints,Atlanta Falcons,betmgm,player_reception_yds,Bijan Robinson,Over,39.5,-115,2026-10-04T23:43:43Z,rec_yds,2026-10-05,2026_04_ATL_NO,2026,4,0.0,145.0,2.0,1.0,2.0,-1,-1.0
20261004T234537Z,8bd90781e17e6d97df3941063cedae1e,2026-10-06T00:15:00Z,New Orleans Saints,Atlanta Falcons,betmgm,player_reception_yds,Bijan Robinson,Under,39.5,-115,2026-10-04T23:43:43Z,rec_yds,2026-10-05,2026_04_ATL_NO,2026,4,0.0,145.0,2.0,1.0,2.0,1,0.8695652173913043
20261004T234537Z,8bd90781e17e6d97df3941063cedae1e,2026-10-06T00:15:00Z,New Orleans Saints,Atlanta Falcons,betmgm,player_reception_yds,Kyle Pitts,Over,28.5,-115,2026-10-04T23:43:43Z,rec_yds,2026-10-05,2026_04_ATL_NO,2026,4,0.0,0.0,47.0,3.0,47.0,1,0.8695652173913043
20261004T234537Z,8bd90781e17e6d97df3941063cedae1e,2026-10-06T00:15:00Z,New Orleans Saints,Atlanta Falcons,betmgm,player_reception_yds,Kyle Pitts,Under,28.5,-115,2026-10-04T23:43:43Z,rec_yds,2026-10-05,2026_04_ATL_NO,2026,4,0.0,0.0,47.0,3.0,47.0,-1,-1.0
20261004T234537Z,8bd90781e17e6d97df3941063cedae1e,2026-10-06T00:15:00Z,New Orleans Saints,Atlanta Falcons,betmgm,player_reception_yds,Drake London,Over,77.5,-115,2026-10-04T23:43:43Z,rec_yds,2026-10-05,2026_04_ATL_NO,2026,4,0.0,0.0,96.0,5.0,96.0,1,0.8695652173913043
20261004T234537Z,8bd90781e17e6d97df3941063cedae1e,2026-10-06T00:15:00Z,New Orleans Saints,Atlanta Falcons,betmgm,player_reception_yds,Drake London,Under,77.5,-115,2026-10-04T23:43:43Z,rec_yds,2026-10-05,2026_04_ATL_NO,2026,4,0.0,0.0,96.0,5.0,96.0,-1,-1.0
20261004T234537Z,8bd90781e17e6d97df3941063cedae1e,2026-10-06T00:15:00Z,New Orleans Saints,Atlanta Falcons,betmgm,player_reception_yds,Alvin Kamara,Over,16.5,-115,2026-10-04T23:43:43Z,rec_yds,2026-10-05,2026_04_ATL_NO,2026,4,0.0,23.0,35.0,5.0,35.0,1,0.8695652173913043
20261004T234537Z,8bd90781e17e6d97df3941063cedae1e,2026-10-06T00:15:00Z,New Orleans Saints,Atlanta Falcons,betmgm,player_reception_yds,Alvin Kamara,Under,16.5,-115,2026-10-04T23:43:43Z,rec_yds,2026-10-05,2026_04_ATL_NO,2026,4,0.0,23.0,35.0,5.0,35.0,-1,-1.0
20261004T234537Z,8bd90781e17e6d97df3941063cedae1e,2026-10-06T00:15:00Z,New Orleans Saints,Atlanta Falcons,betmgm,player_reception_yds,Juwan Johnson,Over,38.5,-120,2026-10-04T23:43:43Z,rec_yds,2026-10-05,2026_04_ATL_NO,2026,4,0.0,0.0,59.0,6.0,59.0,1,0.8333333333333334
20261004T234537Z,8bd90781e17e6d97df3941063cedae1e,2026-10-06T00:15:00Z,New Orleans Saints,Atlanta Falcons,betmgm,player_reception_yds,Juwan Johnson,Under,38.5,-111,2026-10-04T23:43:43Z,rec_yds,2026-10-05,2026_04_ATL_NO,2026,4,0.0,0.0,59.0,6.0,59.0,-1,-1.0
20261004T234537Z,8bd90781e17e6d97df3941063cedae1e,2026-10-06T00:15:00Z,New Orleans Saints,Atlanta Falcons,betmgm,player_reception_yds,Olamide Zaccheaus,Over,9.5,-115,2026-10-04T23:43:43Z,rec_yds,2026-10-05,2026_04_ATL_NO,2026,4,0.0,0.0,0.0,0.0,0.0,-1,-1.0
20261004T234537Z,8bd90781e17e6d97df3941063cedae1e,2026-10-06T00:15:00Z,New Orleans Saints,Atlanta Falcons,betmgm,player_reception_yds,Olamide Zaccheaus,Under,9.5,-115,2026-10-04T23:43:43Z,rec_yds,2026-10-05,2026_04_ATL_NO,2026,4,0.0,0.0,0.0,0.0,0.0,1,0.8695652173913043
20261004T234537Z,8bd90781e17e6d97df3941063cedae1e,2026-10-06T00:15:00Z,New Orleans Saints,Atlanta Falcons,betmgm,player_reception_yds,Austin Hooper,Over,9.5,-115,2026-10-04T23:43:43Z,rec_yds,2026-10-05,2026_04_ATL_NO,2026,4,0.0,0.0,9.0,1.0,9.0,-1,-1.0
20261004T234537Z,8bd90781e17e6d97df3941063cedae1e,2026-10-06T00:15:00Z,New Orleans Saints,Atlanta Falcons,betmgm,player_reception_yds,Austin Hooper,Under,9.5,-115,2026-10-04T23:43:43Z,rec_yds,2026-10-05,2026_04_ATL_NO,2026,4,0.0,0.0,9.0,1.0,9.0,1,0.8695652173913043
20261004T234537Z,8bd90781e17e6d97df3941063cedae1e,2026-10-06T00:15:00Z,New Orleans Saints,Atlanta Falcons,betmgm,player_receptions,Bijan Robinson,Over,4.5,-105,2026-10-04T23:43:43Z,receptions,2026-10-05,2026_04_ATL_NO,2026,4,0.0,145.0,2.0,1.0,1.0,-1,-1.0
20261004T234537Z,8bd90781e17e6d97df3941063cedae1e,2026-10-06T00:15:00Z,New Orleans Saints,Atlanta Falcons,betmgm,player_receptions,Bijan Robinson,Under,4.5,-125,2026-10-04T23:43:43Z,receptions,2026-10-05,2026_04_ATL_NO,2026,4,0.0,145.0,2.0,1.0,1.0,1,0.8
20261004T234537Z,8bd90781e17e6d97df3941063cedae1e,2026-10-06T00:15:00Z,New Orleans Saints,Atlanta Falcons,betmgm,player_receptions,Kyle Pitts,Over,2.5,-150,2026-10-04T23:43:43Z,receptions,2026-10-05,2026_04_ATL_NO,2026,4,0.0,0.0,47.0,3.0,3.0,1,0.6666666666666666
20261004T234537Z,8bd90781e17e6d97df3941063cedae1e,2026-10-06T00:15:00Z,New Orleans Saints,Atlanta Falcons,betmgm,player_receptions,Kyle Pitts,Under,2.5,110,2026-10-04T23:43:43Z,receptions,2026-10-05,2026_04_ATL_NO,2026,4,0.0,0.0,47.0,3.0,3.0,-1,-1.0
20261004T234537Z,8bd90781e17e6d97df3941063cedae1e,2026-10-06T00:15:00Z,New Orleans Saints,Atlanta Falcons,betmgm,player_receptions,Drake London,Over,5.5,-160,2026-10-04T23:43:43Z,receptions,2026-10-05,2026_04_ATL_NO,2026,4,0.0,0.0,96.0,5.0,5.0,-1,-1.0
20261004T234537Z,8bd90781e17e6d97df3941063cedae1e,2026-10-06T00:15:00Z,New Orleans Saints,Atlanta Falcons,betmgm,player_receptions,Drake London,Under,5.5,120,2026-10-04T23:43:43Z,receptions,2026-10-05,2026_04_ATL_NO,2026,4,0.0,0.0,96.0,5.0,5.0,1,1.2
20261004T234537Z,8bd90781e17e6d97df3941063cedae1e,2026-10-06T00:15:00Z,New Orleans Saints,Atlanta Falcons,betmgm,player_receptions,Chris Olave,Over,6.5,-140,2026-10-04T23:43:43Z,receptions,2026-10-05,2026_04_ATL_NO,2026,4,0.0,0.0,116.0,8.0,8.0,1,0.7142857142857143
20261004T234537Z,8bd90781e17e6d97df3941063cedae1e,2026-10-06T00:15:00Z,New Orleans Saints,Atlanta Falcons,betmgm,player_receptions,Chris Olave,Under,6.5,105,2026-10-04T23:43:43Z,receptions,2026-10-05,2026_04_ATL_NO,2026,4,0.0,0.0,116.0,8.0,8.0,-1,-1.0
20261004T234537Z,8bd90781e17e6d97df3941063cedae1e,2026-10-06T00:15:00Z,New Orleans Saints,Atlanta Falcons,betmgm,player_receptions,Devaughn Vele,Over,3.5,-155,2026-10-04T23:43:43Z,receptions,2026-10-05,2026_04_ATL_NO,2026,4,0.0,0.0,54.0,6.0,6.0,1,0.6451612903225806
20261004T234537Z,8bd90781e17e6d97df3941063cedae1e,2026-10-06T00:15:00Z,New Orleans Saints,Atlanta Falcons,betmgm,player_receptions,Devaughn Vele,Under,3.5,115,2026-10-04T23:43:43Z,receptions,2026-10-05,2026_04_ATL_NO,2026,4,0.0,0.0,54.0,6.0,6.0,-1,-1.0
20261004T234537Z,8bd90781e17e6d97df3941063cedae1e,2026-10-06T00:15:00Z,New Orleans Saints,Atlanta Falcons,betmgm,player_receptions,Jahan Dotson,Over,1.5,-135,2026-10-04T23:43:43Z,receptions,2026-10-05,2026_04_ATL_NO,2026,4,0.0,0.0,54.0,2.0,2.0,1,0.7407407407407407
20261004T234537Z,8bd90781e17e6d97df3941063cedae1e,2026-10-06T00:15:00Z,New Orleans Saints,Atlanta Falcons,betmgm,player_receptions,Jahan Dotson,Under,1.5,100,2026-10-04T23:43:43Z,receptions,2026-10-05,2026_04_ATL_NO,2026,4,0.0,0.0,54.0,2.0,2.0,-1,-1.0
20261004T234537Z,8bd90781e17e6d97df3941063cedae1e,2026-10-06T00:15:00Z,New Orleans Saints,Atlanta Falcons,betmgm,player_receptions,Austin Hooper,Over,1.5,150,2026-10-04T23:43:43Z,receptions,2026-10-05,2026_04_ATL_NO,2026,4,0.0,0.0,9.0,1.0,1.0,-1,-1.0
20261004T234537Z,8bd90781e17e6d97df3941063cedae1e,2026-10-06T00:15:00Z,New Orleans Saints,Atlanta Falcons,betmgm,player_receptions,Austin Hooper,Under,1.5,-200,2026-10-04T23:43:43Z,receptions,2026-10-05,2026_04_ATL_NO,2026,4,0.0,0.0,9.0,1.0,1.0,1,0.5
20261004T234537Z,8bd90781e17e6d97df3941063cedae1e,2026-10-06T00:15:00Z,New Orleans Saints,Atlanta Falcons,betmgm,player_receptions,Olamide Zaccheaus,Over,1.5,155,2026-10-04T23:43:43Z,receptions,2026-10-05,2026_04_ATL_NO,2026,4,0.0,0.0,0.0,0.0,0.0,-1,-1.0
20261004T234537Z,8bd90781e17e6d97df3941063cedae1e,2026-10-06T00:15:00Z,New Orleans Saints,Atlanta Falcons,betmgm,player_receptions,Olamide Zaccheaus,Under,1.5,-210,2026-10-04T23:43:43Z,receptions,2026-10-05,2026_04_ATL_NO,2026,4,0.0,0.0,0.0,0.0,0.0,1,0.47619047619047616
20261004T234537Z,8bd90781e17e6d97df3941063cedae1e,2026-10-06T00:15:00Z,New Orleans Saints,Atlanta Falcons,betmgm,player_rush_yds,Bijan Robinson,Over,85.5,-115,2026-10-04T23:43:43Z,rush_yds,2026-10-05,2026_04_ATL_NO,2026,4,0.0,145.0,2.0,1.0,145.0,1,0.8695652173913043
20261004T234537Z,8bd90781e17e6d97df3941063cedae1e,2026-10-06T00:15:00Z,New Orleans Saints,Atlanta Falcons,betmgm,player_rush_yds,Bijan Robinson,Under,85.5,-115,2026-10-04T23:43:43Z,rush_yds,2026-10-05,2026_04_ATL_NO,2026,4,0.0,145.0,2.0,1.0,145.0,-1,-1.0
20261004T234537Z,8bd90781e17e6d97df3941063cedae1e,2026-10-06T00:15:00Z,New Orleans Saints,Atlanta Falcons,betmgm,player_rush_yds,Brian Robinson Jr.,Over,30.5,-115,2026-10-04T23:43:43Z,rush_yds,2026-10-05,2026_04_ATL_NO,2026,4,0.0,62.0,5.0,1.0,62.0,1,0.8695652173913043
20261004T234537Z,8bd90781e17e6d97df3941063cedae1e,2026-10-06T00:15:00Z,New Orleans Saints,Atlanta Falcons,betmgm,player_rush_yds,Brian Robinson Jr.,Under,30.5,-115,2026-10-04T23:43:43Z,rush_yds,2026-10-05,2026_04_ATL_NO,2026,4,0.0,62.0,5.0,1.0,62.0,-1,-1.0
20261004T234537Z,8bd90781e17e6d97df3941063cedae1e,2026-10-06T00:15:00Z,New Orleans Saints,Atlanta Falcons,betmgm,player_rush_yds,Kendre Miller,Over,25.5,-115,2026-10-04T23:43:43Z,rush_yds,2026-10-05,2026_04_ATL_NO,2026,4,0.0,9.0,10.0,2.0,9.0,-1,-1.0
20261004T234537Z,8bd90781e17e6d97df3941063cedae1e,2026-10-06T00:15:00Z,New Orleans Saints,Atlanta Falcons,betmgm,player_rush_yds,Kendre Miller,Under,25.5,-115,2026-10-04T23:43:43Z,rush_yds,2026-10-05,2026_04_ATL_NO,2026,4,0.0,9.0,10.0,2.0,9.0,1,0.8695652173913043
20261004T234537Z,8bd90781e17e6d97df3941063cedae1e,2026-10-06T00:15:00Z,New Orleans Saints,Atlanta Falcons,betmgm,player_rush_yds,Alvin Kamara,Over,36.5,-115,2026-10-04T23:43:43Z,rush_yds,2026-10-05,2026_04_ATL_NO,2026,4,0.0,23.0,35.0,5.0,23.0,-1,-1.0
20261004T234537Z,8bd90781e17e6d97df3941063cedae1e,2026-10-06T00:15:00Z,New Orleans Saints,Atlanta Falcons,betmgm,player_rush_yds,Alvin Kamara,Under,36.5,-115,2026-10-04T23:43:43Z,rush_yds,2026-10-05,2026_04_ATL_NO,2026,4,0.0,23.0,35.0,5.0,23.0,1,0.8695652173913043
20261004T234537Z,8bd90781e17e6d97df3941063cedae1e,2026-10-06T00:15:00Z,New Orleans Saints,Atlanta Falcons,betmgm,player_rush_yds,Tyler Shough,Over,16.5,-115,2026-10-04T23:43:43Z,rush_yds,2026-10-05,2026_04_ATL_NO,2026,4,286.0,5.0,0.0,0.0,5.0,-1,-1.0
20261004T234537Z,8bd90781e17e6d97df3941063cedae1e,2026-10-06T00:15:00Z,New Orleans Saints,Atlanta Falcons,betmgm,player_rush_yds,Tyler Shough,Under,16.5,-115,2026-10-04T23:43:43Z,rush_yds,2026-10-05,2026_04_ATL_NO,2026,4,286.0,5.0,0.0,0.0,5.0,1,0.8695652173913043
20261004T234537Z,8bd90781e17e6d97df3941063cedae1e,2026-10-06T00:15:00Z,New Orleans Saints,Atlanta Falcons,betmgm,player_rush_yds,Michael Penix Jr.,Over,3.5,-125,2026-10-04T23:43:43Z,rush_yds,2026-10-05,2026_04_ATL_NO,2026,4,223.0,-2.0,0.0,0.0,-2.0,-1,-1.0
20261004T234537Z,8bd90781e17e6d97df3941063cedae1e,2026-10-06T00:15:00Z,New Orleans Saints,Atlanta Falcons,betmgm,player_rush_yds,Michael Penix Jr.,Under,3.5,-105,2026-10-04T23:43:43Z,rush_yds,2026-10-05,2026_04_ATL_NO,2026,4,223.0,-2.0,0.0,0.0,-2.0,1,0.9523809523809523
20261004T234537Z,8bd90781e17e6d97df3941063cedae1e,2026-10-06T00:15:00Z,New Orleans Saints,Atlanta Falcons,bovada,player_pass_yds,Michael Penix Jr.,Over,228.5,-115,2026-10-04T23:45:08Z,pass_yds,2026-10-05,2026_04_ATL_NO,2026,4,223.0,-2.0,0.0,0.0,223.0,-1,-1.0
20261004T234537Z,8bd90781e17e6d97df3941063cedae1e,2026-10-06T00:15:00Z,New Orleans Saints,Atlanta Falcons,bovada,player_pass_yds,Michael Penix Jr.,Under,228.5,-115,2026-10-04T23:45:08Z,pass_yds,2026-10-05,2026_04_ATL_NO,2026,4,223.0,-2.0,0.0,0.0,223.0,1,0.8695652173913043
20261004T234537Z,8bd90781e17e6d97df3941063cedae1e,2026-10-06T00:15:00Z,New Orleans Saints,Atlanta Falcons,bovada,player_pass_yds,Tyler Shough,Over,257.5,-115,2026-10-04T23:45:08Z,pass_yds,2026-10-05,2026_04_ATL_NO,2026,4,286.0,5.0,0.0,0.0,286.0,1,0.8695652173913043
20261004T234537Z,8bd90781e17e6d97df3941063cedae1e,2026-10-06T00:15:00Z,New Orleans Saints,Atlanta Falcons,bovada,player_pass_yds,Tyler Shough,Under,257.5,-115,2026-10-04T23:45:08Z,pass_yds,2026-10-05,2026_04_ATL_NO,2026,4,286.0,5.0,0.0,0.0,286.0,-1,-1.0
20261004T234537Z,8bd90781e17e6d97df3941063cedae1e,2026-10-06T00:15:00Z,New Orleans Saints,Atlanta Falcons,bovada,player_reception_yds,Alvin Kamara,Over,15.5,-120,2026-10-04T23:45:08Z,rec_yds,2026-10-05,2026_04_ATL_NO,2026,4,0.0,23.0,35.0,5.0,35.0,1,0.8333333333333334
20261004T234537Z,8bd90781e17e6d97df3941063cedae1e,2026-10-06T00:15:00Z,New Orleans Saints,Atlanta Falcons,bovada,player_reception_yds,Alvin Kamara,Under,15.5,-110,2026-10-04T23:45:08Z,rec_yds,2026-10-05,2026_04_ATL_NO,2026,4,0.0,23.0,35.0,5.0,35.0,-1,-1.0
20261004T234537Z,8bd90781e17e6d97df3941063cedae1e,2026-10-06T00:15:00Z,New Orleans Saints,Atlanta Falcons,bovada,player_reception_yds,Austin Hooper,Over,10.5,-120,2026-10-04T23:45:08Z,rec_yds,2026-10-05,2026_04_ATL_NO,2026,4,0.0,0.0,9.0,1.0,9.0,-1,-1.0
20261004T234537Z,8bd90781e17e6d97df3941063cedae1e,2026-10-06T00:15:00Z,New Orleans Saints,Atlanta Falcons,bovada,player_reception_yds,Austin Hooper,Under,10.5,-110,2026-10-04T23:45:08Z,rec_yds,2026-10-05,2026_04_ATL_NO,2026,4,0.0,0.0,9.0,1.0,9.0,1,0.9090909090909091
20261004T234537Z,8bd90781e17e6d97df3941063cedae1e,2026-10-06T00:15:00Z,New Orleans Saints,Atlanta Falcons,bovada,player_reception_yds,Bijan Robinson,Over,39.5,-120,2026-10-04T23:45:08Z,rec_yds,2026-10-05,2026_04_ATL_NO,2026,4,0.0,145.0,2.0,1.0,2.0,-1,-1.0
20261004T234537Z,8bd90781e17e6d97df3941063cedae1e,2026-10-06T00:15:00Z,New Orleans Saints,Atlanta Falcons,bovada,player_reception_yds,Bijan Robinson,Under,39.5,-110,2026-10-04T23:45:08Z,rec_yds,2026-10-05,2026_04_ATL_NO,2026,4,0.0,145.0,2.0,1.0,2.0,1,0.9090909090909091
20261004T234537Z,8bd90781e17e6d97df3941063cedae1e,2026-10-06T00:15:00Z,New Orleans Saints,Atlanta Falcons,bovada,player_reception_yds,Chris Olave,Over,85.5,-115,2026-10-04T23:45:08Z,rec_yds,2026-10-05,2026_04_ATL_NO,2026,4,0.0,0.0,116.0,8.0,116.0,1,0.8695652173913043
20261004T234537Z,8bd90781e17e6d97df3941063cedae1e,2026-10-06T00:15:00Z,New Orleans Saints,Atlanta Falcons,bovada,player_reception_yds,Chris Olave,Under,85.5,-115,2026-10-04T23:45:08Z,rec_yds,2026-10-05,2026_04_ATL_NO,2026,4,0.0,0.0,116.0,8.0,116.0,-1,-1.0
20261004T234537Z,8bd90781e17e6d97df3941063cedae1e,2026-10-06T00:15:00Z,New Orleans Saints,Atlanta Falcons,bovada,player_reception_yds,Devaughn Vele,Over,45.5,-110,2026-10-04T23:45:08Z,rec_yds,2026-10-05,2026_04_ATL_NO,2026,4,0.0,0.0,54.0,6.0,54.0,1,0.9090909090909091
20261004T234537Z,8bd90781e17e6d97df3941063cedae1e,2026-10-06T00:15:00Z,New Orleans Saints,Atlanta Falcons,bovada,player_reception_yds,Devaughn Vele,Under,45.5,-120,2026-10-04T23:45:08Z,rec_yds,2026-10-05,2026_04_ATL_NO,2026,4,0.0,0.0,54.0,6.0,54.0,-1,-1.0
20261004T234537Z,8bd90781e17e6d97df3941063cedae1e,2026-10-06T00:15:00Z,New Orleans Saints,Atlanta Falcons,bovada,player_reception_yds,Drake London,Over,78.5,-115,2026-10-04T23:45:08Z,rec_yds,2026-10-05,2026_04_ATL_NO,2026,4,0.0,0.0,96.0,5.0,96.0,1,0.8695652173913043
20261004T234537Z,8bd90781e17e6d97df3941063cedae1e,2026-10-06T00:15:00Z,New Orleans Saints,Atlanta Falcons,bovada,player_reception_yds,Drake London,Under,78.5,-115,2026-10-04T23:45:08Z,rec_yds,2026-10-05,2026_04_ATL_NO,2026,4,0.0,0.0,96.0,5.0,96.0,-1,-1.0
20261004T234537Z,8bd90781e17e6d97df3941063cedae1e,2026-10-06T00:15:00Z,New Orleans Saints,Atlanta Falcons,bovada,player_reception_yds,Jahan Dotson,Over,18.5,-115,2026-10-04T23:45:08Z,rec_yds,2026-10-05,2026_04_ATL_NO,2026,4,0.0,0.0,54.0,2.0,54.0,1,0.8695652173913043
20261004T234537Z,8bd90781e17e6d97df3941063cedae1e,2026-10-06T00:15:00Z,New Orleans Saints,Atlanta Falcons,bovada,player_reception_yds,Jahan Dotson,Under,18.5,-115,2026-10-04T23:45:08Z,rec_yds,2026-10-05,2026_04_ATL_NO,2026,4,0.0,0.0,54.0,2.0,54.0,-1,-1.0
20261004T234537Z,8bd90781e17e6d97df3941063cedae1e,2026-10-06T00:15:00Z,New Orleans Saints,Atlanta Falcons,bovada,player_reception_yds,Juwan Johnson,Over,40.5,-115,2026-10-04T23:45:08Z,rec_yds,2026-10-05,2026_04_ATL_NO,2026,4,0.0,0.0,59.0,6.0,59.0,1,0.8695652173913043
20261004T234537Z,8bd90781e17e6d97df3941063cedae1e,2026-10-06T00:15:00Z,New Orleans Saints,Atlanta Falcons,bovada,player_reception_yds,Juwan Johnson,Under,40.5,-115,2026-10-04T23:45:08Z,rec_yds,2026-10-05,2026_04_ATL_NO,2026,4,0.0,0.0,59.0,6.0,59.0,-1,-1.0
20261004T234537Z,8bd90781e17e6d97df3941063cedae1e,2026-10-06T00:15:00Z,New Orleans Saints,Atlanta Falcons,bovada,player_reception_yds,Kyle Pitts,Over,28.5,-115,2026-10-04T23:45:08Z,rec_yds,2026-10-05,2026_04_ATL_NO,2026,4,0.0,0.0,47.0,3.0,47.0,1,0.8695652173913043
20261004T234537Z,8bd90781e17e6d97df3941063cedae1e,2026-10-06T00:15:00Z,New Orleans Saints,Atlanta Falcons,bovada,player_reception_yds,Kyle Pitts,Under,28.5,-115,2026-10-04T23:45:08Z,rec_yds,2026-10-05,2026_04_ATL_NO,2026,4,0.0,0.0,47.0,3.0,47.0,-1,-1.0
20261004T234537Z,8bd90781e17e6d97df3941063cedae1e,2026-10-06T00:15:00Z,New Orleans Saints,Atlanta Falcons,bovada,player_reception_yds,Olamide Zaccheaus,Over,8.5,-110,2026-10-04T23:45:08Z,rec_yds,2026-10-05,2026_04_ATL_NO,2026,4,0.0,0.0,0.0,0.0,0.0,-1,-1.0
20261004T234537Z,8bd90781e17e6d97df3941063cedae1e,2026-10-06T00:15:00Z,New Orleans Saints,Atlanta Falcons,bovada,player_reception_yds,Olamide Zaccheaus,Under,8.5,-120,2026-10-04T23:45:08Z,rec_yds,2026-10-05,2026_04_ATL_NO,2026,4,0.0,0.0,0.0,0.0,0.0,1,0.8333333333333334
20261004T234537Z,8bd90781e17e6d97df3941063cedae1e,2026-10-06T00:15:00Z,New Orleans Saints,Atlanta Falcons,bovada,player_receptions,Alvin Kamara,Over,3.5,125,2026-10-04T23:45:08Z,receptions,2026-10-05,2026_04_ATL_NO,2026,4,0.0,23.0,35.0,5.0,5.0,1,1.25
20261004T234537Z,8bd90781e17e6d97df3941063cedae1e,2026-10-06T00:15:00Z,New Orleans Saints,Atlanta Falcons,bovada,player_receptions,Alvin Kamara,Under,3.5,-165,2026-10-04T23:45:08Z,receptions,2026-10-05,2026_04_ATL_NO,2026,4,0.0,23.0,35.0,5.0,5.0,-1,-1.0
20261004T234537Z,8bd90781e17e6d97df3941063cedae1e,2026-10-06T00:15:00Z,New Orleans Saints,Atlanta Falcons,bovada,player_receptions,Austin Hooper,Over,1.5,140,2026-10-04T23:45:08Z,receptions,2026-10-05,2026_04_ATL_NO,2026,4,0.0,0.0,9.0,1.0,1.0,-1,-1.0
20261004T234537Z,8bd90781e17e6d97df3941063cedae1e,2026-10-06T00:15:00Z,New Orleans Saints,Atlanta Falcons,bovada,player_receptions,Austin Hooper,Under,1.5,-185,2026-10-04T23:45:08Z,receptions,2026-10-05,2026_04_ATL_NO,2026,4,0.0,0.0,9.0,1.0,1.0,1,0.5405405405405406
20261004T234537Z,8bd90781e17e6d97df3941063cedae1e,2026-10-06T00:15:00Z,New Orleans Saints,Atlanta Falcons,bovada,player_receptions,Bijan Robinson,Over,4.5,-105,2026-10-04T23:45:08Z,receptions,2026-10-05,2026_04_ATL_NO,2026,4,0.0,145.0,2.0,1.0,1.0,-1,-1.0
20261004T234537Z,8bd90781e17e6d97df3941063cedae1e,2026-10-06T00:15:00Z,New Orleans Saints,Atlanta Falcons,bovada,player_receptions,Bijan Robinson,Under,4.5,-125,2026-10-04T23:45:08Z,receptions,2026-10-05,2026_04_ATL_NO,2026,4,0.0,145.0,2.0,1.0,1.0,1,0.8
20261004T234537Z,8bd90781e17e6d97df3941063cedae1e,2026-10-06T00:15:00Z,New Orleans Saints,Atlanta Falcons,bovada,player_receptions,Chris Olave,Over,6.5,-145,2026-10-04T23:45:08Z,receptions,2026-10-05,2026_04_ATL_NO,2026,4,0.0,0.0,116.0,8.0,8.0,1,0.6896551724137931
20261004T234537Z,8bd90781e17e6d97df3941063cedae1e,2026-10-06T00:15:00Z,New Orleans Saints,Atlanta Falcons,bovada,player_receptions,Chris Olave,Under,6.5,110,2026-10-04T23:45:08Z,receptions,2026-10-05,2026_04_ATL_NO,2026,4,0.0,0.0,116.0,8.0,8.0,-1,-1.0
20261004T234537Z,8bd90781e17e6d97df3941063cedae1e,2026-10-06T00:15:00Z,New Orleans Saints,Atlanta Falcons,bovada,player_receptions,Devaughn Vele,Over,4.5,125,2026-10-04T23:45:08Z,receptions,2026-10-05,2026_04_ATL_NO,2026,4,0.0,0.0,54.0,6.0,6.0,1,1.25
20261004T234537Z,8bd90781e17e6d97df3941063cedae1e,2026-10-06T00:15:00Z,New Orleans Saints,Atlanta Falcons,bovada,player_receptions,Devaughn Vele,Under,4.5,-165,2026-10-04T23:45:08Z,receptions,2026-10-05,2026_04_ATL_NO,2026,4,0.0,0.0,54.0,6.0,6.0,-1,-1.0
20261004T234537Z,8bd90781e17e6d97df3941063cedae1e,2026-10-06T00:15:00Z,New Orleans Saints,Atlanta Falcons,bovada,player_receptions,Drake London,Over,5.5,-150,2026-10-04T23:45:08Z,receptions,2026-10-05,2026_04_ATL_NO,2026,4,0.0,0.0,96.0,5.0,5.0,-1,-1.0
20261004T234537Z,8bd90781e17e6d97df3941063cedae1e,2026-10-06T00:15:00Z,New Orleans Saints,Atlanta Falcons,bovada,player_receptions,Drake London,Under,5.5,115,2026-10-04T23:45:08Z,receptions,2026-10-05,2026_04_ATL_NO,2026,4,0.0,0.0,96.0,5.0,5.0,1,1.15
20261004T234537Z,8bd90781e17e6d97df3941063cedae1e,2026-10-06T00:15:00Z,New Orleans Saints,Atlanta Falcons,bovada,player_receptions,Jahan Dotson,Over,1.5,-135,2026-10-04T23:45:08Z,receptions,2026-10-05,2026_04_ATL_NO,2026,4,0.0,0.0,54.0,2.0,2.0,1,0.7407407407407407
20261004T234537Z,8bd90781e17e6d97df3941063cedae1e,2026-10-06T00:15:00Z,New Orleans Saints,Atlanta Falcons,bovada,player_receptions,Jahan Dotson,Under,1.5,105,2026-10-04T23:45:08Z,receptions,2026-10-05,2026_04_ATL_NO,2026,4,0.0,0.0,54.0,2.0,2.0,-1,-1.0
20261004T234537Z,8bd90781e17e6d97df3941063cedae1e,2026-10-06T00:15:00Z,New Orleans Saints,Atlanta Falcons,bovada,player_receptions,Juwan Johnson,Over,3.5,-120,2026-10-04T23:45:08Z,receptions,2026-10-05,2026_04_ATL_NO,2026,4,0.0,0.0,59.0,6.0,6.0,1,0.8333333333333334
20261004T234537Z,8bd90781e17e6d97df3941063cedae1e,2026-10-06T00:15:00Z,New Orleans Saints,Atlanta Falcons,bovada,player_receptions,Juwan Johnson,Under,3.5,-110,2026-10-04T23:45:08Z,receptions,2026-10-05,2026_04_ATL_NO,2026,4,0.0,0.0,59.0,6.0,6.0,-1,-1.0
20261004T234537Z,8bd90781e17e6d97df3941063cedae1e,2026-10-06T00:15:00Z,New Orleans Saints,Atlanta Falcons,bovada,player_receptions,Kyle Pitts,Over,2.5,-135,2026-10-04T23:45:08Z,receptions,2026-10-05,2026_04_ATL_NO,2026,4,0.0,0.0,47.0,3.0,3.0,1,0.7407407407407407
20261004T234537Z,8bd90781e17e6d97df3941063cedae1e,2026-10-06T00:15:00Z,New Orleans Saints,Atlanta Falcons,bovada,player_receptions,Kyle Pitts,Under,2.5,105,2026-10-04T23:45:08Z,receptions,2026-10-05,2026_04_ATL_NO,2026,4,0.0,0.0,47.0,3.0,3.0,-1,-1.0
20261004T234537Z,8bd90781e17e6d97df3941063cedae1e,2026-10-06T00:15:00Z,New Orleans Saints,Atlanta Falcons,bovada,player_receptions,Olamide Zaccheaus,Over,1.5,150,2026-10-04T23:45:08Z,receptions,2026-10-05,2026_04_ATL_NO,2026,4,0.0,0.0,0.0,0.0,0.0,-1,-1.0
20261004T234537Z,8bd90781e17e6d97df3941063cedae1e,2026-10-06T00:15:00Z,New Orleans Saints,Atlanta Falcons,bovada,player_receptions,Olamide Zaccheaus,Under,1.5,-200,2026-10-04T23:45:08Z,receptions,2026-10-05,2026_04_ATL_NO,2026,4,0.0,0.0,0.0,0.0,0.0,1,0.5
20261004T234537Z,8bd90781e17e6d97df3941063cedae1e,2026-10-06T00:15:00Z,New Orleans Saints,Atlanta Falcons,bovada,player_rush_yds,Alvin Kamara,Over,37.5,-110,2026-10-04T23:45:08Z,rush_yds,2026-10-05,2026_04_ATL_NO,2026,4,0.0,23.0,35.0,5.0,23.0,-1,-1.0
20261004T234537Z,8bd90781e17e6d97df3941063cedae1e,2026-10-06T00:15:00Z,New Orleans Saints,Atlanta Falcons,bovada,player_rush_yds,Alvin Kamara,Under,37.5,-120,2026-10-04T23:45:08Z,rush_yds,2026-10-05,2026_04_ATL_NO,2026,4,0.0,23.0,35.0,5.0,23.0,1,0.8333333333333334
20261004T234537Z,8bd90781e17e6d97df3941063cedae1e,2026-10-06T00:15:00Z,New Orleans Saints,Atlanta Falcons,bovada,player_rush_yds,Bijan Robinson,Over,86.5,-115,2026-10-04T23:45:08Z,rush_yds,2026-10-05,2026_04_ATL_NO,2026,4,0.0,145.0,2.0,1.0,145.0,1,0.8695652173913043
20261004T234537Z,8bd90781e17e6d97df3941063cedae1e,2026-10-06T00:15:00Z,New Orleans Saints,Atlanta Falcons,bovada,player_rush_yds,Bijan Robinson,Under,86.5,-115,2026-10-04T23:45:08Z,rush_yds,2026-10-05,2026_04_ATL_NO,2026,4,0.0,145.0,2.0,1.0,145.0,-1,-1.0
20261004T234537Z,8bd90781e17e6d97df3941063cedae1e,2026-10-06T00:15:00Z,New Orleans Saints,Atlanta Falcons,bovada,player_rush_yds,Brian Robinson Jr.,Over,28.5,-120,2026-10-04T23:45:08Z,rush_yds,2026-10-05,2026_04_ATL_NO,2026,4,0.0,62.0,5.0,1.0,62.0,1,0.8333333333333334
20261004T234537Z,8bd90781e17e6d97df3941063cedae1e,2026-10-06T00:15:00Z,New Orleans Saints,Atlanta Falcons,bovada,player_rush_yds,Brian Robinson Jr.,Under,28.5,-110,2026-10-04T23:45:08Z,rush_yds,2026-10-05,2026_04_ATL_NO,2026,4,0.0,62.0,5.0,1.0,62.0,-1,-1.0
20261004T234537Z,8bd90781e17e6d97df3941063cedae1e,2026-10-06T00:15:00Z,New Orleans Saints,Atlanta Falcons,bovada,player_rush_yds,Kendre Miller,Over,25.5,-115,2026-10-04T23:45:08Z,rush_yds,2026-10-05,2026_04_ATL_NO,2026,4,0.0,9.0,10.0,2.0,9.0,-1,-1.0
20261004T234537Z,8bd90781e17e6d97df3941063cedae1e,2026-10-06T00:15:00Z,New Orleans Saints,Atlanta Falcons,bovada,player_rush_yds,Kendre Miller,Under,25.5,-115,2026-10-04T23:45:08Z,rush_yds,2026-10-05,2026_04_ATL_NO,2026,4,0.0,9.0,10.0,2.0,9.0,1,0.8695652173913043
20261004T234537Z,8bd90781e17e6d97df3941063cedae1e,2026-10-06T00:15:00Z,New Orleans Saints,Atlanta Falcons,bovada,player_rush_yds,Michael Penix Jr.,Over,5.5,-115,2026-10-04T23:45:08Z,rush_yds,2026-10-05,2026_04_ATL_NO,2026,4,223.0,-2.0,0.0,0.0,-2.0,-1,-1.0
20261004T234537Z,8bd90781e17e6d97df3941063cedae1e,2026-10-06T00:15:00Z,New Orleans Saints,Atlanta Falcons,bovada,player_rush_yds,Michael Penix Jr.,Under,5.5,-115,2026-10-04T23:45:08Z,rush_yds,2026-10-05,2026_04_ATL_NO,2026,4,223.0,-2.0,0.0,0.0,-2.0,1,0.8695652173913043
20261004T234537Z,8bd90781e17e6d97df3941063cedae1e,2026-10-06T00:15:00Z,New Orleans Saints,Atlanta Falcons,bovada,player_rush_yds,Tyler Shough,Over,18.5,-115,2026-10-04T23:45:08Z,rush_yds,2026-10-05,2026_04_ATL_NO,2026,4,286.0,5.0,0.0,0.0,5.0,-1,-1.0
20261004T234537Z,8bd90781e17e6d97df3941063cedae1e,2026-10-06T00:15:00Z,New Orleans Saints,Atlanta Falcons,bovada,player_rush_yds,Tyler Shough,Under,18.5,-115,2026-10-04T23:45:08Z,rush_yds,2026-10-05,2026_04_ATL_NO,2026,4,286.0,5.0,0.0,0.0,5.0,1,0.8695652173913043
20261004T234537Z,a73a76599a4f3422803e57bd8f61b626,2026-10-05T00:20:00Z,Carolina Panthers,Detroit Lions,draftkings,player_pass_yds,Jared Goff,Over,260.5,-111,2026-10-04T23:45:05Z,pass_yds,2026-10-04,2026_04_DET_CAR,2026,4,412.0,0.0,0.0,0.0,412.0,1,0.9009009009009009
20261004T234537Z,a73a76599a4f3422803e57bd8f61b626,2026-10-05T00:20:00Z,Carolina Panthers,Detroit Lions,draftkings,player_pass_yds,Jared Goff,Under,260.5,-113,2026-10-04T23:45:05Z,pass_yds,2026-10-04,2026_04_DET_CAR,2026,4,412.0,0.0,0.0,0.0,412.0,-1,-1.0
20261004T234537Z,a73a76599a4f3422803e57bd8f61b626,2026-10-05T00:20:00Z,Carolina Panthers,Detroit Lions,draftkings,player_pass_yds,Bryce Young,Over,244.5,-112,2026-10-04T23:45:05Z,pass_yds,2026-10-04,2026_04_DET_CAR,2026,4,329.0,3.0,0.0,0.0,329.0,1,0.8928571428571429
20261004T234537Z,a73a76599a4f3422803e57bd8f61b626,2026-10-05T00:20:00Z,Carolina Panthers,Detroit Lions,draftkings,player_pass_yds,Bryce Young,Under,244.5,-112,2026-10-04T23:45:05Z,pass_yds,2026-10-04,2026_04_DET_CAR,2026,4,329.0,3.0,0.0,0.0,329.0,-1,-1.0
20261004T234537Z,a73a76599a4f3422803e57bd8f61b626,2026-10-05T00:20:00Z,Carolina Panthers,Detroit Lions,draftkings,player_reception_yds,Amon-Ra St. Brown,Over,78.5,-113,2026-10-04T23:45:05Z,rec_yds,2026-10-04,2026_04_DET_CAR,2026,4,0.0,0.0,75.0,8.0,75.0,-1,-1.0
20261004T234537Z,a73a76599a4f3422803e57bd8f61b626,2026-10-05T00:20:00Z,Carolina Panthers,Detroit Lions,draftkings,player_reception_yds,Amon-Ra St. Brown,Under,78.5,-111,2026-10-04T23:45:05Z,rec_yds,2026-10-04,2026_04_DET_CAR,2026,4,0.0,0.0,75.0,8.0,75.0,1,0.9009009009009009
20261004T234537Z,a73a76599a4f3422803e57bd8f61b626,2026-10-05T00:20:00Z,Carolina Panthers,Detroit Lions,draftkings,player_reception_yds,Tetairoa McMillan,Over,73.5,-113,2026-10-04T23:45:05Z,rec_yds,2026-10-04,2026_04_DET_CAR,2026,4,0.0,0.0,192.0,14.0,192.0,1,0.8849557522123894
20261004T234537Z,a73a76599a4f3422803e57bd8f61b626,2026-10-05T00:20:00Z,Carolina Panthers,Detroit Lions,draftkings,player_reception_yds,Tetairoa McMillan,Under,73.5,-111,2026-10-04T23:45:05Z,rec_yds,2026-10-04,2026_04_DET_CAR,2026,4,0.0,0.0,192.0,14.0,192.0,-1,-1.0
20261004T234537Z,a73a76599a4f3422803e57bd8f61b626,2026-10-05T00:20:00Z,Carolina Panthers,Detroit Lions,draftkings,player_reception_yds,Jameson Williams,Over,52.5,-111,2026-10-04T23:45:05Z,rec_yds,2026-10-04,2026_04_DET_CAR,2026,4,0.0,0.0,102.0,6.0,102.0,1,0.9009009009009009
20261004T234537Z,a73a76599a4f3422803e57bd8f61b626,2026-10-05T00:20:00Z,Carolina Panthers,Detroit Lions,draftkings,player_reception_yds,Jameson Williams,Under,52.5,-113,2026-10-04T23:45:05Z,rec_yds,2026-10-04,2026_04_DET_CAR,2026,4,0.0,0.0,102.0,6.0,102.0,-1,-1.0
20261004T234537Z,a73a76599a4f3422803e57bd8f61b626,2026-10-05T00:20:00Z,Carolina Panthers,Detroit Lions,draftkings,player_reception_yds,Sam LaPorta,Over,49.5,-115,2026-10-04T23:45:05Z,rec_yds,2026-10-04,2026_04_DET_CAR,2026,4,0.0,0.0,84.0,8.0,84.0,1,0.8695652173913043
20261004T234537Z,a73a76599a4f3422803e57bd8f61b626,2026-10-05T00:20:00Z,Carolina Panthers,Detroit Lions,draftkings,player_reception_yds,Sam LaPorta,Under,49.5,-109,2026-10-04T23:45:05Z,rec_yds,2026-10-04,2026_04_DET_CAR,2026,4,0.0,0.0,84.0,8.0,84.0,-1,-1.0
20261004T234537Z,a73a76599a4f3422803e57bd8f61b626,2026-10-05T00:20:00Z,Carolina Panthers,Detroit Lions,draftkings,player_reception_yds,Jahmyr Gibbs,Over,38.5,-109,2026-10-04T23:45:05Z,rec_yds,2026-10-04,2026_04_DET_CAR,2026,4,0.0,46.0,31.0,4.0,31.0,-1,-1.0
20261004T234537Z,a73a76599a4f3422803e57bd8f61b626,2026-10-05T00:20:00Z,Carolina Panthers,Detroit Lions,draftkings,player_reception_yds,Jahmyr Gibbs,Under,38.5,-115,2026-10-04T23:45:05Z,rec_yds,2026-10-04,2026_04_DET_CAR,2026,4,0.0,46.0,31.0,4.0,31.0,1,0.8695652173913043
20261004T234537Z,a73a76599a4f3422803e57bd8f61b626,2026-10-05T00:20:00Z,Carolina Panthers,Detroit Lions,draftkings,player_reception_yds,Darren Waller,Over,37.5,-109,2026-10-04T23:45:05Z,rec_yds,2026-10-04,2026_04_DET_CAR,2026,4,0.0,0.0,36.0,3.0,36.0,-1,-1.0
20261004T234537Z,a73a76599a4f3422803e57bd8f61b626,2026-10-05T00:20:00Z,Carolina Panthers,Detroit Lions,draftkings,player_reception_yds,Darren Waller,Under,37.5,-115,2026-10-04T23:45:05Z,rec_yds,2026-10-04,2026_04_DET_CAR,2026,4,0.0,0.0,36.0,3.0,36.0,1,0.8695652173913043
20261004T234537Z,a73a76599a4f3422803e57bd8f61b626,2026-10-05T00:20:00Z,Carolina Panthers,Detroit Lions,draftkings,player_reception_yds,Brycen Tremayne,Over,33.5,-112,2026-10-04T23:45:05Z,rec_yds,2026-10-04,2026_04_DET_CAR,2026,4,0.0,0.0,32.0,2.0,32.0,-1,-1.0
20261004T234537Z,a73a76599a4f3422803e57bd8f61b626,2026-10-05T00:20:00Z,Carolina Panthers,Detroit Lions,draftkings,player_reception_yds,Brycen Tremayne,Under,33.5,-112,2026-10-04T23:45:05Z,rec_yds,2026-10-04,2026_04_DET_CAR,2026,4,0.0,0.0,32.0,2.0,32.0,1,0.8928571428571429
20261004T234537Z,a73a76599a4f3422803e57bd8f61b626,2026-10-05T00:20:00Z,Carolina Panthers,Detroit Lions,draftkings,player_reception_yds,Chuba Hubbard,Over,18.5,-109,2026-10-04T23:45:05Z,rec_yds,2026-10-04,2026_04_DET_CAR,2026,4,0.0,122.0,7.0,1.0,7.0,-1,-1.0
20261004T234537Z,a73a76599a4f3422803e57bd8f61b626,2026-10-05T00:20:00Z,Carolina Panthers,Detroit Lions,draftkings,player_reception_yds,Chuba Hubbard,Under,18.5,-115,2026-10-04T23:45:05Z,rec_yds,2026-10-04,2026_04_DET_CAR,2026,4,0.0,122.0,7.0,1.0,7.0,1,0.8695652173913043
20261004T234537Z,a73a76599a4f3422803e57bd8f61b626,2026-10-05T00:20:00Z,Carolina Panthers,Detroit Lions,draftkings,player_reception_yds,Isaac TeSlaa,Over,17.5,-116,2026-10-04T23:45:05Z,rec_yds,2026-10-04,2026_04_DET_CAR,2026,4,0.0,0.0,95.0,4.0,95.0,1,0.8620689655172413
20261004T234537Z,a73a76599a4f3422803e57bd8f61b626,2026-10-05T00:20:00Z,Carolina Panthers,Detroit Lions,draftkings,player_reception_yds,Isaac TeSlaa,Under,17.5,-108,2026-10-04T23:45:05Z,rec_yds,2026-10-04,2026_04_DET_CAR,2026,4,0.0,0.0,95.0,4.0,95.0,-1,-1.0
20261004T234537Z,a73a76599a4f3422803e57bd8f61b626,2026-10-05T00:20:00Z,Carolina Panthers,Detroit Lions,draftkings,player_reception_yds,John Metchie III,Over,17.5,-115,2026-10-04T23:45:05Z,rec_yds,2026-10-04,2026_04_DET_CAR,2026,4,0.0,0.0,37.0,3.0,37.0,1,0.8695652173913043
20261004T234537Z,a73a76599a4f3422803e57bd8f61b626,2026-10-05T00:20:00Z,Carolina Panthers,Detroit Lions,draftkings,player_reception_yds,John Metchie III,Under,17.5,-109,2026-10-04T23:45:05Z,rec_yds,2026-10-04,2026_04_DET_CAR,2026,4,0.0,0.0,37.0,3.0,37.0,-1,-1.0
20261004T234537Z,a73a76599a4f3422803e57bd8f61b626,2026-10-05T00:20:00Z,Carolina Panthers,Detroit Lions,draftkings,player_reception_yds,Tommy Tremble,Over,13.5,-110,2026-10-04T23:45:05Z,rec_yds,2026-10-04,2026_04_DET_CAR,2026,4,0.0,0.0,12.0,4.0,12.0,-1,-1.0
20261004T234537Z,a73a76599a4f3422803e57bd8f61b626,2026-10-05T00:20:00Z,Carolina Panthers,Detroit Lions,draftkings,player_reception_yds,Tommy Tremble,Under,13.5,-114,2026-10-04T23:45:05Z,rec_yds,2026-10-04,2026_04_DET_CAR,2026,4,0.0,0.0,12.0,4.0,12.0,1,0.8771929824561403
20261004T234537Z,a73a76599a4f3422803e57bd8f61b626,2026-10-05T00:20:00Z,Carolina Panthers,Detroit Lions,draftkings,player_reception_yds,Mitchell Evans,Over,7.5,-117,2026-10-04T23:45:05Z,rec_yds,2026-10-04,2026_04_DET_CAR,2026,4,0.0,0.0,8.0,1.0,8.0,1,0.8547008547008547
20261004T234537Z,a73a76599a4f3422803e57bd8f61b626,2026-10-05T00:20:00Z,Carolina Panthers,Detroit Lions,draftkings,player_reception_yds,Mitchell Evans,Under,7.5,-107,2026-10-04T23:45:05Z,rec_yds,2026-10-04,2026_04_DET_CAR,2026,4,0.0,0.0,8.0,1.0,8.0,-1,-1.0
20261004T234537Z,a73a76599a4f3422803e57bd8f61b626,2026-10-05T00:20:00Z,Carolina Panthers,Detroit Lions,draftkings,player_reception_yds,Brock Wright,Over,5.5,-113,2026-10-04T23:45:05Z,rec_yds,2026-10-04,2026_04_DET_CAR,2026,4,0.0,0.0,8.0,1.0,8.0,1,0.8849557522123894
20261004T234537Z,a73a76599a4f3422803e57bd8f61b626,2026-10-05T00:20:00Z,Carolina Panthers,Detroit Lions,draftkings,player_reception_yds,Brock Wright,Under,5.5,-111,2026-10-04T23:45:05Z,rec_yds,2026-10-04,2026_04_DET_CAR,2026,4,0.0,0.0,8.0,1.0,8.0,-1,-1.0
20261004T234537Z,a73a76599a4f3422803e57bd8f61b626,2026-10-05T00:20:00Z,Carolina Panthers,Detroit Lions,draftkings,player_receptions,Amon-Ra St. Brown,Over,7.5,111,2026-10-04T23:45:05Z,receptions,2026-10-04,2026_04_DET_CAR,2026,4,0.0,0.0,75.0,8.0,8.0,1,1.11
20261004T234537Z,a73a76599a4f3422803e57bd8f61b626,2026-10-05T00:20:00Z,Carolina Panthers,Detroit Lions,draftkings,player_receptions,Amon-Ra St. Brown,Under,7.5,-141,2026-10-04T23:45:05Z,receptions,2026-10-04,2026_04_DET_CAR,2026,4,0.0,0.0,75.0,8.0,8.0,-1,-1.0
20261004T234537Z,a73a76599a4f3422803e57bd8f61b626,2026-10-05T00:20:00Z,Carolina Panthers,Detroit Lions,draftkings,player_receptions,Tetairoa McMillan,Over,5.5,107,2026-10-04T23:45:05Z,receptions,2026-10-04,2026_04_DET_CAR,2026,4,0.0,0.0,192.0,14.0,14.0,1,1.07
20261004T234537Z,a73a76599a4f3422803e57bd8f61b626,2026-10-05T00:20:00Z,Carolina Panthers,Detroit Lions,draftkings,player_receptions,Tetairoa McMillan,Under,5.5,-137,2026-10-04T23:45:05Z,receptions,2026-10-04,2026_04_DET_CAR,2026,4,0.0,0.0,192.0,14.0,14.0,-1,-1.0
20261004T234537Z,a73a76599a4f3422803e57bd8f61b626,2026-10-05T00:20:00Z,Carolina Panthers,Detroit Lions,draftkings,player_receptions,Jahmyr Gibbs,Over,4.5,-125,2026-10-04T23:45:05Z,receptions,2026-10-04,2026_04_DET_CAR,2026,4,0.0,46.0,31.0,4.0,4.0,-1,-1.0
20261004T234537Z,a73a76599a4f3422803e57bd8f61b626,2026-10-05T00:20:00Z,Carolina Panthers,Detroit Lions,draftkings,player_receptions,Jahmyr Gibbs,Under,4.5,-102,2026-10-04T23:45:05Z,receptions,2026-10-04,2026_04_DET_CAR,2026,4,0.0,46.0,31.0,4.0,4.0,1,0.9803921568627451
20261004T234537Z,a73a76599a4f3422803e57bd8f61b626,2026-10-05T00:20:00Z,Carolina Panthers,Detroit Lions,draftkings,player_receptions,Sam LaPorta,Over,4.5,113,2026-10-04T23:45:05Z,receptions,2026-10-04,2026_04_DET_CAR,2026,4,0.0,0.0,84.0,8.0,8.0,1,1.13
20261004T234537Z,a73a76599a4f3422803e57bd8f61b626,2026-10-05T00:20:00Z,Carolina Panthers,Detroit Lions,draftkings,player_receptions,Sam LaPorta,Under,4.5,-144,2026-10-04T23:45:05Z,receptions,2026-10-04,2026_04_DET_CAR,2026,4,0.0,0.0,84.0,8.0,8.0,-1,-1.0
20261004T234537Z,a73a76599a4f3422803e57bd8f61b626,2026-10-05T00:20:00Z,Carolina Panthers,Detroit Lions,draftkings,player_receptions,Darren Waller,Over,3.5,-119,2026-10-04T23:45:05Z,receptions,2026-10-04,2026_04_DET_CAR,2026,4,0.0,0.0,36.0,3.0,3.0,-1,-1.0
20261004T234537Z,a73a76599a4f3422803e57bd8f61b626,2026-10-05T00:20:00Z,Carolina Panthers,Detroit Lions,draftkings,player_receptions,Darren Waller,Under,3.5,-107,2026-10-04T23:45:05Z,receptions,2026-10-04,2026_04_DET_CAR,2026,4,0.0,0.0,36.0,3.0,3.0,1,0.9345794392523364
20261004T234537Z,a73a76599a4f3422803e57bd8f61b626,2026-10-05T00:20:00Z,Carolina Panthers,Detroit Lions,draftkings,player_receptions,Jameson Williams,Over,3.5,-108,2026-10-04T23:45:05Z,receptions,2026-10-04,2026_04_DET_CAR,2026,4,0.0,0.0,102.0,6.0,6.0,1,0.9259259259259259
20261004T234537Z,a73a76599a4f3422803e57bd8f61b626,2026-10-05T00:20:00Z,Carolina Panthers,Detroit Lions,draftkings,player_receptions,Jameson Williams,Under,3.5,-118,2026-10-04T23:45:05Z,receptions,2026-10-04,2026_04_DET_CAR,2026,4,0.0,0.0,102.0,6.0,6.0,-1,-1.0
20261004T234537Z,a73a76599a4f3422803e57bd8f61b626,2026-10-05T00:20:00Z,Carolina Panthers,Detroit Lions,draftkings,player_receptions,Chuba Hubbard,Over,2.5,-149,2026-10-04T23:45:05Z,receptions,2026-10-04,2026_04_DET_CAR,2026,4,0.0,122.0,7.0,1.0,1.0,-1,-1.0
20261004T234537Z,a73a76599a4f3422803e57bd8f61b626,2026-10-05T00:20:00Z,Carolina Panthers,Detroit Lions,draftkings,player_receptions,Chuba Hubbard,Under,2.5,117,2026-10-04T23:45:05Z,receptions,2026-10-04,2026_04_DET_CAR,2026,4,0.0,122.0,7.0,1.0,1.0,1,1.17
20261004T234537Z,a73a76599a4f3422803e57bd8f61b626,2026-10-05T00:20:00Z,Carolina Panthers,Detroit Lions,draftkings,player_receptions,Brycen Tremayne,Over,2.5,-122,2026-10-04T23:45:05Z,receptions,2026-10-04,2026_04_DET_CAR,2026,4,0.0,0.0,32.0,2.0,2.0,-1,-1.0
20261004T234537Z,a73a76599a4f3422803e57bd8f61b626,2026-10-05T00:20:00Z,Carolina Panthers,Detroit Lions,draftkings,player_receptions,Brycen Tremayne,Under,2.5,-105,2026-10-04T23:45:05Z,receptions,2026-10-04,2026_04_DET_CAR,2026,4,0.0,0.0,32.0,2.0,2.0,1,0.9523809523809523
20261004T234537Z,a73a76599a4f3422803e57bd8f61b626,2026-10-05T00:20:00Z,Carolina Panthers,Detroit Lions,draftkings,player_receptions,John Metchie III,Over,1.5,-158,2026-10-04T23:45:05Z,receptions,2026-10-04,2026_04_DET_CAR,2026,4,0.0,0.0,37.0,3.0,3.0,1,0.6329113924050633
20261004T234537Z,a73a76599a4f3422803e57bd8f61b626,2026-10-05T00:20:00Z,Carolina Panthers,Detroit Lions,draftkings,player_receptions,John Metchie III,Under,1.5,124,2026-10-04T23:45:05Z,receptions,2026-10-04,2026_04_DET_CAR,2026,4,0.0,0.0,37.0,3.0,3.0,-1,-1.0
20261004T234537Z,a73a76599a4f3422803e57bd8f61b626,2026-10-05T00:20:00Z,Carolina Panthers,Detroit Lions,draftkings,player_receptions,Tommy Tremble,Over,1.5,-152,2026-10-04T23:45:05Z,receptions,2026-10-04,2026_04_DET_CAR,2026,4,0.0,0.0,12.0,4.0,4.0,1,0.6578947368421053
20261004T234537Z,a73a76599a4f3422803e57bd8f61b626,2026-10-05T00:20:00Z,Carolina Panthers,Detroit Lions,draftkings,player_receptions,Tommy Tremble,Under,1.5,119,2026-10-04T23:45:05Z,receptions,2026-10-04,2026_04_DET_CAR,2026,4,0.0,0.0,12.0,4.0,4.0,-1,-1.0
20261004T234537Z,a73a76599a4f3422803e57bd8f61b626,2026-10-05T00:20:00Z,Carolina Panthers,Detroit Lions,draftkings,player_receptions,Isaac TeSlaa,Over,1.5,-106,2026-10-04T23:45:05Z,receptions,2026-10-04,2026_04_DET_CAR,2026,4,0.0,0.0,95.0,4.0,4.0,1,0.9433962264150944
20261004T234537Z,a73a76599a4f3422803e57bd8f61b626,2026-10-05T00:20:00Z,Carolina Panthers,Detroit Lions,draftkings,player_receptions,Isaac TeSlaa,Under,1.5,-120,2026-10-04T23:45:05Z,receptions,2026-10-04,2026_04_DET_CAR,2026,4,0.0,0.0,95.0,4.0,4.0,-1,-1.0
20261004T234537Z,a73a76599a4f3422803e57bd8f61b626,2026-10-05T00:20:00Z,Carolina Panthers,Detroit Lions,draftkings,player_receptions,Mitchell Evans,Over,1.5,159,2026-10-04T23:45:05Z,receptions,2026-10-04,2026_04_DET_CAR,2026,4,0.0,0.0,8.0,1.0,1.0,-1,-1.0
20261004T234537Z,a73a76599a4f3422803e57bd8f61b626,2026-10-05T00:20:00Z,Carolina Panthers,Detroit Lions,draftkings,player_receptions,Mitchell Evans,Under,1.5,-205,2026-10-04T23:45:05Z,receptions,2026-10-04,2026_04_DET_CAR,2026,4,0.0,0.0,8.0,1.0,1.0,1,0.4878048780487805
20261004T234537Z,a73a76599a4f3422803e57bd8f61b626,2026-10-05T00:20:00Z,Carolina Panthers,Detroit Lions,draftkings,player_receptions,Brock Wright,Over,0.5,-145,2026-10-04T23:45:05Z,receptions,2026-10-04,2026_04_DET_CAR,2026,4,0.0,0.0,8.0,1.0,1.0,1,0.6896551724137931
20261004T234537Z,a73a76599a4f3422803e57bd8f61b626,2026-10-05T00:20:00Z,Carolina Panthers,Detroit Lions,draftkings,player_receptions,Brock Wright,Under,0.5,113,2026-10-04T23:45:05Z,receptions,2026-10-04,2026_04_DET_CAR,2026,4,0.0,0.0,8.0,1.0,1.0,-1,-1.0
20261004T234537Z,a73a76599a4f3422803e57bd8f61b626,2026-10-05T00:20:00Z,Carolina Panthers,Detroit Lions,draftkings,player_rush_yds,Jahmyr Gibbs,Over,98.5,-110,2026-10-04T23:45:05Z,rush_yds,2026-10-04,2026_04_DET_CAR,2026,4,0.0,46.0,31.0,4.0,46.0,-1,-1.0
20261004T234537Z,a73a76599a4f3422803e57bd8f61b626,2026-10-05T00:20:00Z,Carolina Panthers,Detroit Lions,draftkings,player_rush_yds,Jahmyr Gibbs,Under,98.5,-114,2026-10-04T23:45:05Z,rush_yds,2026-10-04,2026_04_DET_CAR,2026,4,0.0,46.0,31.0,4.0,46.0,1,0.8771929824561403
20261004T234537Z,a73a76599a4f3422803e57bd8f61b626,2026-10-05T00:20:00Z,Carolina Panthers,Detroit Lions,draftkings,player_rush_yds,Chuba Hubbard,Over,66.5,-113,2026-10-04T23:45:05Z,rush_yds,2026-10-04,2026_04_DET_CAR,2026,4,0.0,122.0,7.0,1.0,122.0,1,0.8849557522123894
20261004T234537Z,a73a76599a4f3422803e57bd8f61b626,2026-10-05T00:20:00Z,Carolina Panthers,Detroit Lions,draftkings,player_rush_yds,Chuba Hubbard,Under,66.5,-111,2026-10-04T23:45:05Z,rush_yds,2026-10-04,2026_04_DET_CAR,2026,4,0.0,122.0,7.0,1.0,122.0,-1,-1.0
20261004T234537Z,a73a76599a4f3422803e57bd8f61b626,2026-10-05T00:20:00Z,Carolina Panthers,Detroit Lions,draftkings,player_rush_yds,Bryce Young,Over,12.5,-115,2026-10-04T23:45:05Z,rush_yds,2026-10-04,2026_04_DET_CAR,2026,4,329.0,3.0,0.0,0.0,3.0,-1,-1.0
20261004T234537Z,a73a76599a4f3422803e57bd8f61b626,2026-10-05T00:20:00Z,Carolina Panthers,Detroit Lions,draftkings,player_rush_yds,Bryce Young,Under,12.5,-109,2026-10-04T23:45:05Z,rush_yds,2026-10-04,2026_04_DET_CAR,2026,4,329.0,3.0,0.0,0.0,3.0,1,0.9174311926605505
20261004T234537Z,a73a76599a4f3422803e57bd8f61b626,2026-10-05T00:20:00Z,Carolina Panthers,Detroit Lions,draftkings,player_rush_yds,AJ Dillon,Over,12.5,-113,2026-10-04T23:45:05Z,rush_yds,2026-10-04,2026_04_DET_CAR,2026,4,0.0,2.0,5.0,1.0,2.0,-1,-1.0
20261004T234537Z,a73a76599a4f3422803e57bd8f61b626,2026-10-05T00:20:00Z,Carolina Panthers,Detroit Lions,draftkings,player_rush_yds,AJ Dillon,Under,12.5,-111,2026-10-04T23:45:05Z,rush_yds,2026-10-04,2026_04_DET_CAR,2026,4,0.0,2.0,5.0,1.0,2.0,1,0.9009009009009009
20261004T234537Z,a73a76599a4f3422803e57bd8f61b626,2026-10-05T00:20:00Z,Carolina Panthers,Detroit Lions,draftkings,player_rush_yds,Sione Vaki,Over,11.5,-118,2026-10-04T23:45:05Z,rush_yds,2026-10-04,2026_04_DET_CAR,2026,4,0.0,0.0,17.0,1.0,0.0,-1,-1.0
20261004T234537Z,a73a76599a4f3422803e57bd8f61b626,2026-10-05T00:20:00Z,Carolina Panthers,Detroit Lions,draftkings,player_rush_yds,Sione Vaki,Under,11.5,-106,2026-10-04T23:45:05Z,rush_yds,2026-10-04,2026_04_DET_CAR,2026,4,0.0,0.0,17.0,1.0,0.0,1,0.9433962264150944
20261004T234537Z,a73a76599a4f3422803e57bd8f61b626,2026-10-05T00:20:00Z,Carolina Panthers,Detroit Lions,draftkings,player_rush_yds,Jared Goff,Over,0.5,-122,2026-10-04T23:45:05Z,rush_yds,2026-10-04,2026_04_DET_CAR,2026,4,412.0,0.0,0.0,0.0,0.0,-1,-1.0
20261004T234537Z,a73a76599a4f3422803e57bd8f61b626,2026-10-05T00:20:00Z,Carolina Panthers,Detroit Lions,draftkings,player_rush_yds,Jared Goff,Under,0.5,-103,2026-10-04T23:45:05Z,rush_yds,2026-10-04,2026_04_DET_CAR,2026,4,412.0,0.0,0.0,0.0,0.0,1,0.970873786407767
20261004T234537Z,a73a76599a4f3422803e57bd8f61b626,2026-10-05T00:20:00Z,Carolina Panthers,Detroit Lions,fanduel,player_pass_yds,Bryce Young,Over,243.5,-113,2026-10-04T23:44:48Z,pass_yds,2026-10-04,2026_04_DET_CAR,2026,4,329.0,3.0,0.0,0.0,329.0,1,0.8849557522123894
20261004T234537Z,a73a76599a4f3422803e57bd8f61b626,2026-10-05T00:20:00Z,Carolina Panthers,Detroit Lions,fanduel,player_pass_yds,Bryce Young,Under,243.5,-113,2026-10-04T23:44:48Z,pass_yds,2026-10-04,2026_04_DET_CAR,2026,4,329.0,3.0,0.0,0.0,329.0,-1,-1.0
20261004T234537Z,a73a76599a4f3422803e57bd8f61b626,2026-10-05T00:20:00Z,Carolina Panthers,Detroit Lions,fanduel,player_pass_yds,Jared Goff,Over,257.5,-113,2026-10-04T23:44:48Z,pass_yds,2026-10-04,2026_04_DET_CAR,2026,4,412.0,0.0,0.0,0.0,412.0,1,0.8849557522123894
20261004T234537Z,a73a76599a4f3422803e57bd8f61b626,2026-10-05T00:20:00Z,Carolina Panthers,Detroit Lions,fanduel,player_pass_yds,Jared Goff,Under,257.5,-113,2026-10-04T23:44:48Z,pass_yds,2026-10-04,2026_04_DET_CAR,2026,4,412.0,0.0,0.0,0.0,412.0,-1,-1.0
20261004T234537Z,a73a76599a4f3422803e57bd8f61b626,2026-10-05T00:20:00Z,Carolina Panthers,Detroit Lions,fanduel,player_reception_yds,Brycen Tremayne,Over,33.5,-113,2026-10-04T23:44:48Z,rec_yds,2026-10-04,2026_04_DET_CAR,2026,4,0.0,0.0,32.0,2.0,32.0,-1,-1.0
20261004T234537Z,a73a76599a4f3422803e57bd8f61b626,2026-10-05T00:20:00Z,Carolina Panthers,Detroit Lions,fanduel,player_reception_yds,Brycen Tremayne,Under,33.5,-113,2026-10-04T23:44:48Z,rec_yds,2026-10-04,2026_04_DET_CAR,2026,4,0.0,0.0,32.0,2.0,32.0,1,0.8849557522123894
20261004T234537Z,a73a76599a4f3422803e57bd8f61b626,2026-10-05T00:20:00Z,Carolina Panthers,Detroit Lions,fanduel,player_reception_yds,Isaac TeSlaa,Over,17.5,-113,2026-10-04T23:44:48Z,rec_yds,2026-10-04,2026_04_DET_CAR,2026,4,0.0,0.0,95.0,4.0,95.0,1,0.8849557522123894
20261004T234537Z,a73a76599a4f3422803e57bd8f61b626,2026-10-05T00:20:00Z,Carolina Panthers,Detroit Lions,fanduel,player_reception_yds,Isaac TeSlaa,Under,17.5,-113,2026-10-04T23:44:48Z,rec_yds,2026-10-04,2026_04_DET_CAR,2026,4,0.0,0.0,95.0,4.0,95.0,-1,-1.0
20261004T234537Z,a73a76599a4f3422803e57bd8f61b626,2026-10-05T00:20:00Z,Carolina Panthers,Detroit Lions,fanduel,player_reception_yds,Chuba Hubbard,Over,18.5,-113,2026-10-04T23:44:48Z,rec_yds,2026-10-04,2026_04_DET_CAR,2026,4,0.0,122.0,7.0,1.0,7.0,-1,-1.0
20261004T234537Z,a73a76599a4f3422803e57bd8f61b626,2026-10-05T00:20:00Z,Carolina Panthers,Detroit Lions,fanduel,player_reception_yds,Chuba Hubbard,Under,18.5,-113,2026-10-04T23:44:48Z,rec_yds,2026-10-04,2026_04_DET_CAR,2026,4,0.0,122.0,7.0,1.0,7.0,1,0.8849557522123894
20261004T234537Z,a73a76599a4f3422803e57bd8f61b626,2026-10-05T00:20:00Z,Carolina Panthers,Detroit Lions,fanduel,player_reception_yds,Jahmyr Gibbs,Over,35.5,-113,2026-10-04T23:44:48Z,rec_yds,2026-10-04,2026_04_DET_CAR,2026,4,0.0,46.0,31.0,4.0,31.0,-1,-1.0
20261004T234537Z,a73a76599a4f3422803e57bd8f61b626,2026-10-05T00:20:00Z,Carolina Panthers,Detroit Lions,fanduel,player_reception_yds,Jahmyr Gibbs,Under,35.5,-113,2026-10-04T23:44:48Z,rec_yds,2026-10-04,2026_04_DET_CAR,2026,4,0.0,46.0,31.0,4.0,31.0,1,0.8849557522123894
20261004T234537Z,a73a76599a4f3422803e57bd8f61b626,2026-10-05T00:20:00Z,Carolina Panthers,Detroit Lions,fanduel,player_reception_yds,Mitchell Evans,Over,7.5,-128,2026-10-04T23:44:48Z,rec_yds,2026-10-04,2026_04_DET_CAR,2026,4,0.0,0.0,8.0,1.0,8.0,1,0.78125
20261004T234537Z,a73a76599a4f3422803e57bd8f61b626,2026-10-05T00:20:00Z,Carolina Panthers,Detroit Lions,fanduel,player_reception_yds,Mitchell Evans,Under,7.5,100,2026-10-04T23:44:48Z,rec_yds,2026-10-04,2026_04_DET_CAR,2026,4,0.0,0.0,8.0,1.0,8.0,-1,-1.0
20261004T234537Z,a73a76599a4f3422803e57bd8f61b626,2026-10-05T00:20:00Z,Carolina Panthers,Detroit Lions,fanduel,player_reception_yds,Brock Wright,Over,5.5,-113,2026-10-04T23:44:48Z,rec_yds,2026-10-04,2026_04_DET_CAR,2026,4,0.0,0.0,8.0,1.0,8.0,1,0.8849557522123894
20261004T234537Z,a73a76599a4f3422803e57bd8f61b626,2026-10-05T00:20:00Z,Carolina Panthers,Detroit Lions,fanduel,player_reception_yds,Brock Wright,Under,5.5,-113,2026-10-04T23:44:48Z,rec_yds,2026-10-04,2026_04_DET_CAR,2026,4,0.0,0.0,8.0,1.0,8.0,-1,-1.0
20261004T234537Z,a73a76599a4f3422803e57bd8f61b626,2026-10-05T00:20:00Z,Carolina Panthers,Detroit Lions,fanduel,player_reception_yds,Amon-Ra St. Brown,Over,76.5,-113,2026-10-04T23:44:48Z,rec_yds,2026-10-04,2026_04_DET_CAR,2026,4,0.0,0.0,75.0,8.0,75.0,-1,-1.0
20261004T234537Z,a73a76599a4f3422803e57bd8f61b626,2026-10-05T00:20:00Z,Carolina Panthers,Detroit Lions,fanduel,player_reception_yds,Amon-Ra St. Brown,Under,76.5,-113,2026-10-04T23:44:48Z,rec_yds,2026-10-04,2026_04_DET_CAR,2026,4,0.0,0.0,75.0,8.0,75.0,1,0.8849557522123894
20261004T234537Z,a73a76599a4f3422803e57bd8f61b626,2026-10-05T00:20:00Z,Carolina Panthers,Detroit Lions,fanduel,player_reception_yds,Tetairoa McMillan,Over,71.5,-113,2026-10-04T23:44:48Z,rec_yds,2026-10-04,2026_04_DET_CAR,2026,4,0.0,0.0,192.0,14.0,192.0,1,0.8849557522123894
20261004T234537Z,a73a76599a4f3422803e57bd8f61b626,2026-10-05T00:20:00Z,Carolina Panthers,Detroit Lions,fanduel,player_reception_yds,Tetairoa McMillan,Under,71.5,-113,2026-10-04T23:44:48Z,rec_yds,2026-10-04,2026_04_DET_CAR,2026,4,0.0,0.0,192.0,14.0,192.0,-1,-1.0
20261004T234537Z,a73a76599a4f3422803e57bd8f61b626,2026-10-05T00:20:00Z,Carolina Panthers,Detroit Lions,fanduel,player_reception_yds,John Metchie III,Over,20.5,-113,2026-10-04T23:44:48Z,rec_yds,2026-10-04,2026_04_DET_CAR,2026,4,0.0,0.0,37.0,3.0,37.0,1,0.8849557522123894
20261004T234537Z,a73a76599a4f3422803e57bd8f61b626,2026-10-05T00:20:00Z,Carolina Panthers,Detroit Lions,fanduel,player_reception_yds,John Metchie III,Under,20.5,-113,2026-10-04T23:44:48Z,rec_yds,2026-10-04,2026_04_DET_CAR,2026,4,0.0,0.0,37.0,3.0,37.0,-1,-1.0
20261004T234537Z,a73a76599a4f3422803e57bd8f61b626,2026-10-05T00:20:00Z,Carolina Panthers,Detroit Lions,fanduel,player_reception_yds,Darren Waller,Over,37.5,-113,2026-10-04T23:44:48Z,rec_yds,2026-10-04,2026_04_DET_CAR,2026,4,0.0,0.0,36.0,3.0,36.0,-1,-1.0
20261004T234537Z,a73a76599a4f3422803e57bd8f61b626,2026-10-05T00:20:00Z,Carolina Panthers,Detroit Lions,fanduel,player_reception_yds,Darren Waller,Under,37.5,-113,2026-10-04T23:44:48Z,rec_yds,2026-10-04,2026_04_DET_CAR,2026,4,0.0,0.0,36.0,3.0,36.0,1,0.8849557522123894
20261004T234537Z,a73a76599a4f3422803e57bd8f61b626,2026-10-05T00:20:00Z,Carolina Panthers,Detroit Lions,fanduel,player_reception_yds,Tommy Tremble,Over,13.5,-113,2026-10-04T23:44:48Z,rec_yds,2026-10-04,2026_04_DET_CAR,2026,4,0.0,0.0,12.0,4.0,12.0,-1,-1.0
20261004T234537Z,a73a76599a4f3422803e57bd8f61b626,2026-10-05T00:20:00Z,Carolina Panthers,Detroit Lions,fanduel,player_reception_yds,Tommy Tremble,Under,13.5,-113,2026-10-04T23:44:48Z,rec_yds,2026-10-04,2026_04_DET_CAR,2026,4,0.0,0.0,12.0,4.0,12.0,1,0.8849557522123894
20261004T234537Z,a73a76599a4f3422803e57bd8f61b626,2026-10-05T00:20:00Z,Carolina Panthers,Detroit Lions,fanduel,player_reception_yds,Sam LaPorta,Over,47.5,-113,2026-10-04T23:44:48Z,rec_yds,2026-10-04,2026_04_DET_CAR,2026,4,0.0,0.0,84.0,8.0,84.0,1,0.8849557522123894
20261004T234537Z,a73a76599a4f3422803e57bd8f61b626,2026-10-05T00:20:00Z,Carolina Panthers,Detroit Lions,fanduel,player_reception_yds,Sam LaPorta,Under,47.5,-113,2026-10-04T23:44:48Z,rec_yds,2026-10-04,2026_04_DET_CAR,2026,4,0.0,0.0,84.0,8.0,84.0,-1,-1.0
20261004T234537Z,a73a76599a4f3422803e57bd8f61b626,2026-10-05T00:20:00Z,Carolina Panthers,Detroit Lions,fanduel,player_reception_yds,Jameson Williams,Over,51.5,-113,2026-10-04T23:44:48Z,rec_yds,2026-10-04,2026_04_DET_CAR,2026,4,0.0,0.0,102.0,6.0,102.0,1,0.8849557522123894
20261004T234537Z,a73a76599a4f3422803e57bd8f61b626,2026-10-05T00:20:00Z,Carolina Panthers,Detroit Lions,fanduel,player_reception_yds,Jameson Williams,Under,51.5,-113,2026-10-04T23:44:48Z,rec_yds,2026-10-04,2026_04_DET_CAR,2026,4,0.0,0.0,102.0,6.0,102.0,-1,-1.0
20261004T234537Z,a73a76599a4f3422803e57bd8f61b626,2026-10-05T00:20:00Z,Carolina Panthers,Detroit Lions,fanduel,player_receptions,Tommy Tremble,Over,1.5,-162,2026-10-04T23:44:48Z,receptions,2026-10-04,2026_04_DET_CAR,2026,4,0.0,0.0,12.0,4.0,4.0,1,0.6172839506172839
20261004T234537Z,a73a76599a4f3422803e57bd8f61b626,2026-10-05T00:20:00Z,Carolina Panthers,Detroit Lions,fanduel,player_receptions,Tommy Tremble,Under,1.5,122,2026-10-04T23:44:48Z,receptions,2026-10-04,2026_04_DET_CAR,2026,4,0.0,0.0,12.0,4.0,4.0,-1,-1.0
20261004T234537Z,a73a76599a4f3422803e57bd8f61b626,2026-10-05T00:20:00Z,Carolina Panthers,Detroit Lions,fanduel,player_receptions,Jameson Williams,Over,3.5,-108,2026-10-04T23:44:48Z,receptions,2026-10-04,2026_04_DET_CAR,2026,4,0.0,0.0,102.0,6.0,6.0,1,0.9259259259259259
20261004T234537Z,a73a76599a4f3422803e57bd8f61b626,2026-10-05T00:20:00Z,Carolina Panthers,Detroit Lions,fanduel,player_receptions,Jameson Williams,Under,3.5,-122,2026-10-04T23:44:48Z,receptions,2026-10-04,2026_04_DET_CAR,2026,4,0.0,0.0,102.0,6.0,6.0,-1,-1.0
20261004T234537Z,a73a76599a4f3422803e57bd8f61b626,2026-10-05T00:20:00Z,Carolina Panthers,Detroit Lions,fanduel,player_receptions,Brycen Tremayne,Over,2.5,-120,2026-10-04T23:44:48Z,receptions,2026-10-04,2026_04_DET_CAR,2026,4,0.0,0.0,32.0,2.0,2.0,-1,-1.0
20261004T234537Z,a73a76599a4f3422803e57bd8f61b626,2026-10-05T00:20:00Z,Carolina Panthers,Detroit Lions,fanduel,player_receptions,Brycen Tremayne,Under,2.5,-110,2026-10-04T23:44:48Z,receptions,2026-10-04,2026_04_DET_CAR,2026,4,0.0,0.0,32.0,2.0,2.0,1,0.9090909090909091
20261004T234537Z,a73a76599a4f3422803e57bd8f61b626,2026-10-05T00:20:00Z,Carolina Panthers,Detroit Lions,fanduel,player_receptions,Amon-Ra St. Brown,Over,6.5,-148,2026-10-04T23:44:48Z,receptions,2026-10-04,2026_04_DET_CAR,2026,4,0.0,0.0,75.0,8.0,8.0,1,0.6756756756756757
20261004T234537Z,a73a76599a4f3422803e57bd8f61b626,2026-10-05T00:20:00Z,Carolina Panthers,Detroit Lions,fanduel,player_receptions,Amon-Ra St. Brown,Under,6.5,112,2026-10-04T23:44:48Z,receptions,2026-10-04,2026_04_DET_CAR,2026,4,0.0,0.0,75.0,8.0,8.0,-1,-1.0
20261004T234537Z,a73a76599a4f3422803e57bd8f61b626,2026-10-05T00:20:00Z,Carolina Panthers,Detroit Lions,fanduel,player_receptions,Chuba Hubbard,Over,2.5,-158,2026-10-04T23:44:48Z,receptions,2026-10-04,2026_04_DET_CAR,2026,4,0.0,122.0,7.0,1.0,1.0,-1,-1.0
20261004T234537Z,a73a76599a4f3422803e57bd8f61b626,2026-10-05T00:20:00Z,Carolina Panthers,Detroit Lions,fanduel,player_receptions,Chuba Hubbard,Under,2.5,118,2026-10-04T23:44:48Z,receptions,2026-10-04,2026_04_DET_CAR,2026,4,0.0,122.0,7.0,1.0,1.0,1,1.18
20261004T234537Z,a73a76599a4f3422803e57bd8f61b626,2026-10-05T00:20:00Z,Carolina Panthers,Detroit Lions,fanduel,player_receptions,John Metchie III,Over,1.5,-182,2026-10-04T23:44:48Z,receptions,2026-10-04,2026_04_DET_CAR,2026,4,0.0,0.0,37.0,3.0,3.0,1,0.5494505494505495
20261004T234537Z,a73a76599a4f3422803e57bd8f61b626,2026-10-05T00:20:00Z,Carolina Panthers,Detroit Lions,fanduel,player_receptions,John Metchie III,Under,1.5,136,2026-10-04T23:44:48Z,receptions,2026-10-04,2026_04_DET_CAR,2026,4,0.0,0.0,37.0,3.0,3.0,-1,-1.0
20261004T234537Z,a73a76599a4f3422803e57bd8f61b626,2026-10-05T00:20:00Z,Carolina Panthers,Detroit Lions,fanduel,player_receptions,Brock Wright,Over,0.5,-158,2026-10-04T23:44:48Z,receptions,2026-10-04,2026_04_DET_CAR,2026,4,0.0,0.0,8.0,1.0,1.0,1,0.6329113924050633
20261004T234537Z,a73a76599a4f3422803e57bd8f61b626,2026-10-05T00:20:00Z,Carolina Panthers,Detroit Lions,fanduel,player_receptions,Brock Wright,Under,0.5,118,2026-10-04T23:44:48Z,receptions,2026-10-04,2026_04_DET_CAR,2026,4,0.0,0.0,8.0,1.0,1.0,-1,-1.0
20261004T234537Z,a73a76599a4f3422803e57bd8f61b626,2026-10-05T00:20:00Z,Carolina Panthers,Detroit Lions,fanduel,player_receptions,Darren Waller,Over,3.5,-114,2026-10-04T23:44:48Z,receptions,2026-10-04,2026_04_DET_CAR,2026,4,0.0,0.0,36.0,3.0,3.0,-1,-1.0
20261004T234537Z,a73a76599a4f3422803e57bd8f61b626,2026-10-05T00:20:00Z,Carolina Panthers,Detroit Lions,fanduel,player_receptions,Darren Waller,Under,3.5,-114,2026-10-04T23:44:48Z,receptions,2026-10-04,2026_04_DET_CAR,2026,4,0.0,0.0,36.0,3.0,3.0,1,0.8771929824561403
20261004T234537Z,a73a76599a4f3422803e57bd8f61b626,2026-10-05T00:20:00Z,Carolina Panthers,Detroit Lions,fanduel,player_receptions,Sam LaPorta,Over,4.5,106,2026-10-04T23:44:48Z,receptions,2026-10-04,2026_04_DET_CAR,2026,4,0.0,0.0,84.0,8.0,8.0,1,1.06
20261004T234537Z,a73a76599a4f3422803e57bd8f61b626,2026-10-05T00:20:00Z,Carolina Panthers,Detroit Lions,fanduel,player_receptions,Sam LaPorta,Under,4.5,-140,2026-10-04T23:44:48Z,receptions,2026-10-04,2026_04_DET_CAR,2026,4,0.0,0.0,84.0,8.0,8.0,-1,-1.0
20261004T234537Z,a73a76599a4f3422803e57bd8f61b626,2026-10-05T00:20:00Z,Carolina Panthers,Detroit Lions,fanduel,player_receptions,Isaac TeSlaa,Over,1.5,102,2026-10-04T23:44:48Z,receptions,2026-10-04,2026_04_DET_CAR,2026,4,0.0,0.0,95.0,4.0,4.0,1,1.02
20261004T234537Z,a73a76599a4f3422803e57bd8f61b626,2026-10-05T00:20:00Z,Carolina Panthers,Detroit Lions,fanduel,player_receptions,Isaac TeSlaa,Under,1.5,-136,2026-10-04T23:44:48Z,receptions,2026-10-04,2026_04_DET_CAR,2026,4,0.0,0.0,95.0,4.0,4.0,-1,-1.0
20261004T234537Z,a73a76599a4f3422803e57bd8f61b626,2026-10-05T00:20:00Z,Carolina Panthers,Detroit Lions,fanduel,player_receptions,Tetairoa McMillan,Over,4.5,-178,2026-10-04T23:44:48Z,receptions,2026-10-04,2026_04_DET_CAR,2026,4,0.0,0.0,192.0,14.0,14.0,1,0.5617977528089888
20261004T234537Z,a73a76599a4f3422803e57bd8f61b626,2026-10-05T00:20:00Z,Carolina Panthers,Detroit Lions,fanduel,player_receptions,Tetairoa McMillan,Under,4.5,132,2026-10-04T23:44:48Z,receptions,2026-10-04,2026_04_DET_CAR,2026,4,0.0,0.0,192.0,14.0,14.0,-1,-1.0
20261004T234537Z,a73a76599a4f3422803e57bd8f61b626,2026-10-05T00:20:00Z,Carolina Panthers,Detroit Lions,fanduel,player_receptions,Mitchell Evans,Over,1.5,154,2026-10-04T23:44:48Z,receptions,2026-10-04,2026_04_DET_CAR,2026,4,0.0,0.0,8.0,1.0,1.0,-1,-1.0
20261004T234537Z,a73a76599a4f3422803e57bd8f61b626,2026-10-05T00:20:00Z,Carolina Panthers,Detroit Lions,fanduel,player_receptions,Mitchell Evans,Under,1.5,-210,2026-10-04T23:44:48Z,receptions,2026-10-04,2026_04_DET_CAR,2026,4,0.0,0.0,8.0,1.0,1.0,1,0.47619047619047616
20261004T234537Z,a73a76599a4f3422803e57bd8f61b626,2026-10-05T00:20:00Z,Carolina Panthers,Detroit Lions,fanduel,player_receptions,Jahmyr Gibbs,Over,4.5,-130,2026-10-04T23:44:48Z,receptions,2026-10-04,2026_04_DET_CAR,2026,4,0.0,46.0,31.0,4.0,4.0,-1,-1.0
20261004T234537Z,a73a76599a4f3422803e57bd8f61b626,2026-10-05T00:20:00Z,Carolina Panthers,Detroit Lions,fanduel,player_receptions,Jahmyr Gibbs,Under,4.5,-102,2026-10-04T23:44:48Z,receptions,2026-10-04,2026_04_DET_CAR,2026,4,0.0,46.0,31.0,4.0,4.0,1,0.9803921568627451
20261004T234537Z,a73a76599a4f3422803e57bd8f61b626,2026-10-05T00:20:00Z,Carolina Panthers,Detroit Lions,fanduel,player_rush_yds,Jahmyr Gibbs,Over,95.5,-113,2026-10-04T23:44:48Z,rush_yds,2026-10-04,2026_04_DET_CAR,2026,4,0.0,46.0,31.0,4.0,46.0,-1,-1.0
20261004T234537Z,a73a76599a4f3422803e57bd8f61b626,2026-10-05T00:20:00Z,Carolina Panthers,Detroit Lions,fanduel,player_rush_yds,Jahmyr Gibbs,Under,95.5,-113,2026-10-04T23:44:48Z,rush_yds,2026-10-04,2026_04_DET_CAR,2026,4,0.0,46.0,31.0,4.0,46.0,1,0.8849557522123894
20261004T234537Z,a73a76599a4f3422803e57bd8f61b626,2026-10-05T00:20:00Z,Carolina Panthers,Detroit Lions,fanduel,player_rush_yds,Sione Vaki,Over,10.5,-113,2026-10-04T23:44:48Z,rush_yds,2026-10-04,2026_04_DET_CAR,2026,4,0.0,0.0,17.0,1.0,0.0,-1,-1.0
20261004T234537Z,a73a76599a4f3422803e57bd8f61b626,2026-10-05T00:20:00Z,Carolina Panthers,Detroit Lions,fanduel,player_rush_yds,Sione Vaki,Under,10.5,-113,2026-10-04T23:44:48Z,rush_yds,2026-10-04,2026_04_DET_CAR,2026,4,0.0,0.0,17.0,1.0,0.0,1,0.8849557522123894
20261004T234537Z,a73a76599a4f3422803e57bd8f61b626,2026-10-05T00:20:00Z,Carolina Panthers,Detroit Lions,fanduel,player_rush_yds,AJ Dillon,Over,11.5,-113,2026-10-04T23:44:48Z,rush_yds,2026-10-04,2026_04_DET_CAR,2026,4,0.0,2.0,5.0,1.0,2.0,-1,-1.0
20261004T234537Z,a73a76599a4f3422803e57bd8f61b626,2026-10-05T00:20:00Z,Carolina Panthers,Detroit Lions,fanduel,player_rush_yds,AJ Dillon,Under,11.5,-113,2026-10-04T23:44:48Z,rush_yds,2026-10-04,2026_04_DET_CAR,2026,4,0.0,2.0,5.0,1.0,2.0,1,0.8849557522123894
20261004T234537Z,a73a76599a4f3422803e57bd8f61b626,2026-10-05T00:20:00Z,Carolina Panthers,Detroit Lions,fanduel,player_rush_yds,Jared Goff,Over,1.5,-113,2026-10-04T23:44:48Z,rush_yds,2026-10-04,2026_04_DET_CAR,2026,4,412.0,0.0,0.0,0.0,0.0,-1,-1.0
20261004T234537Z,a73a76599a4f3422803e57bd8f61b626,2026-10-05T00:20:00Z,Carolina Panthers,Detroit Lions,fanduel,player_rush_yds,Jared Goff,Under,1.5,-113,2026-10-04T23:44:48Z,rush_yds,2026-10-04,2026_04_DET_CAR,2026,4,412.0,0.0,0.0,0.0,0.0,1,0.8849557522123894
20261004T234537Z,a73a76599a4f3422803e57bd8f61b626,2026-10-05T00:20:00Z,Carolina Panthers,Detroit Lions,fanduel,player_rush_yds,Bryce Young,Over,12.5,-113,2026-10-04T23:44:48Z,rush_yds,2026-10-04,2026_04_DET_CAR,2026,4,329.0,3.0,0.0,0.0,3.0,-1,-1.0
20261004T234537Z,a73a76599a4f3422803e57bd8f61b626,2026-10-05T00:20:00Z,Carolina Panthers,Detroit Lions,fanduel,player_rush_yds,Bryce Young,Under,12.5,-113,2026-10-04T23:44:48Z,rush_yds,2026-10-04,2026_04_DET_CAR,2026,4,329.0,3.0,0.0,0.0,3.0,1,0.8849557522123894
20261004T234537Z,a73a76599a4f3422803e57bd8f61b626,2026-10-05T00:20:00Z,Carolina Panthers,Detroit Lions,fanduel,player_rush_yds,Chuba Hubbard,Over,64.5,-113,2026-10-04T23:44:48Z,rush_yds,2026-10-04,2026_04_DET_CAR,2026,4,0.0,122.0,7.0,1.0,122.0,1,0.8849557522123894
20261004T234537Z,a73a76599a4f3422803e57bd8f61b626,2026-10-05T00:20:00Z,Carolina Panthers,Detroit Lions,fanduel,player_rush_yds,Chuba Hubbard,Under,64.5,-113,2026-10-04T23:44:48Z,rush_yds,2026-10-04,2026_04_DET_CAR,2026,4,0.0,122.0,7.0,1.0,122.0,-1,-1.0
20261004T234537Z,a73a76599a4f3422803e57bd8f61b626,2026-10-05T00:20:00Z,Carolina Panthers,Detroit Lions,betonlineag,player_pass_yds,Bryce Young,Over,242.5,-114,2026-10-04T23:45:31Z,pass_yds,2026-10-04,2026_04_DET_CAR,2026,4,329.0,3.0,0.0,0.0,329.0,1,0.8771929824561403
20261004T234537Z,a73a76599a4f3422803e57bd8f61b626,2026-10-05T00:20:00Z,Carolina Panthers,Detroit Lions,betonlineag,player_pass_yds,Bryce Young,Under,242.5,-114,2026-10-04T23:45:31Z,pass_yds,2026-10-04,2026_04_DET_CAR,2026,4,329.0,3.0,0.0,0.0,329.0,-1,-1.0
20261004T234537Z,a73a76599a4f3422803e57bd8f61b626,2026-10-05T00:20:00Z,Carolina Panthers,Detroit Lions,betonlineag,player_pass_yds,Jared Goff,Over,259.5,-112,2026-10-04T23:45:31Z,pass_yds,2026-10-04,2026_04_DET_CAR,2026,4,412.0,0.0,0.0,0.0,412.0,1,0.8928571428571429
20261004T234537Z,a73a76599a4f3422803e57bd8f61b626,2026-10-05T00:20:00Z,Carolina Panthers,Detroit Lions,betonlineag,player_pass_yds,Jared Goff,Under,259.5,-115,2026-10-04T23:45:31Z,pass_yds,2026-10-04,2026_04_DET_CAR,2026,4,412.0,0.0,0.0,0.0,412.0,-1,-1.0
20261004T234537Z,a73a76599a4f3422803e57bd8f61b626,2026-10-05T00:20:00Z,Carolina Panthers,Detroit Lions,betonlineag,player_reception_yds,Amon-Ra St. Brown,Over,76.5,-115,2026-10-04T23:45:31Z,rec_yds,2026-10-04,2026_04_DET_CAR,2026,4,0.0,0.0,75.0,8.0,75.0,-1,-1.0
20261004T234537Z,a73a76599a4f3422803e57bd8f61b626,2026-10-05T00:20:00Z,Carolina Panthers,Detroit Lions,betonlineag,player_reception_yds,Amon-Ra St. Brown,Under,76.5,-112,2026-10-04T23:45:31Z,rec_yds,2026-10-04,2026_04_DET_CAR,2026,4,0.0,0.0,75.0,8.0,75.0,1,0.8928571428571429
20261004T234537Z,a73a76599a4f3422803e57bd8f61b626,2026-10-05T00:20:00Z,Carolina Panthers,Detroit Lions,betonlineag,player_reception_yds,Chuba Hubbard,Over,18.5,-115,2026-10-04T23:45:31Z,rec_yds,2026-10-04,2026_04_DET_CAR,2026,4,0.0,122.0,7.0,1.0,7.0,-1,-1.0
20261004T234537Z,a73a76599a4f3422803e57bd8f61b626,2026-10-05T00:20:00Z,Carolina Panthers,Detroit Lions,betonlineag,player_reception_yds,Chuba Hubbard,Under,18.5,-112,2026-10-04T23:45:31Z,rec_yds,2026-10-04,2026_04_DET_CAR,2026,4,0.0,122.0,7.0,1.0,7.0,1,0.8928571428571429
20261004T234537Z,a73a76599a4f3422803e57bd8f61b626,2026-10-05T00:20:00Z,Carolina Panthers,Detroit Lions,betonlineag,player_reception_yds,Isaac TeSlaa,Over,17.5,-116,2026-10-04T23:45:31Z,rec_yds,2026-10-04,2026_04_DET_CAR,2026,4,0.0,0.0,95.0,4.0,95.0,1,0.8620689655172413
20261004T234537Z,a73a76599a4f3422803e57bd8f61b626,2026-10-05T00:20:00Z,Carolina Panthers,Detroit Lions,betonlineag,player_reception_yds,Isaac TeSlaa,Under,17.5,-111,2026-10-04T23:45:31Z,rec_yds,2026-10-04,2026_04_DET_CAR,2026,4,0.0,0.0,95.0,4.0,95.0,-1,-1.0
20261004T234537Z,a73a76599a4f3422803e57bd8f61b626,2026-10-05T00:20:00Z,Carolina Panthers,Detroit Lions,betonlineag,player_reception_yds,Sam LaPorta,Over,47.5,-116,2026-10-04T23:45:31Z,rec_yds,2026-10-04,2026_04_DET_CAR,2026,4,0.0,0.0,84.0,8.0,84.0,1,0.8620689655172413
20261004T234537Z,a73a76599a4f3422803e57bd8f61b626,2026-10-05T00:20:00Z,Carolina Panthers,Detroit Lions,betonlineag,player_reception_yds,Sam LaPorta,Under,47.5,-111,2026-10-04T23:45:31Z,rec_yds,2026-10-04,2026_04_DET_CAR,2026,4,0.0,0.0,84.0,8.0,84.0,-1,-1.0
20261004T234537Z,a73a76599a4f3422803e57bd8f61b626,2026-10-05T00:20:00Z,Carolina Panthers,Detroit Lions,betonlineag,player_reception_yds,Tetairoa McMillan,Over,72.5,-120,2026-10-04T23:45:31Z,rec_yds,2026-10-04,2026_04_DET_CAR,2026,4,0.0,0.0,192.0,14.0,192.0,1,0.8333333333333334
20261004T234537Z,a73a76599a4f3422803e57bd8f61b626,2026-10-05T00:20:00Z,Carolina Panthers,Detroit Lions,betonlineag,player_reception_yds,Tetairoa McMillan,Under,72.5,-108,2026-10-04T23:45:31Z,rec_yds,2026-10-04,2026_04_DET_CAR,2026,4,0.0,0.0,192.0,14.0,192.0,-1,-1.0
20261004T234537Z,a73a76599a4f3422803e57bd8f61b626,2026-10-05T00:20:00Z,Carolina Panthers,Detroit Lions,betonlineag,player_reception_yds,Jahmyr Gibbs,Over,37.5,-112,2026-10-04T23:45:31Z,rec_yds,2026-10-04,2026_04_DET_CAR,2026,4,0.0,46.0,31.0,4.0,31.0,-1,-1.0
20261004T234537Z,a73a76599a4f3422803e57bd8f61b626,2026-10-05T00:20:00Z,Carolina Panthers,Detroit Lions,betonlineag,player_reception_yds,Jahmyr Gibbs,Under,37.5,-115,2026-10-04T23:45:31Z,rec_yds,2026-10-04,2026_04_DET_CAR,2026,4,0.0,46.0,31.0,4.0,31.0,1,0.8695652173913043
20261004T234537Z,a73a76599a4f3422803e57bd8f61b626,2026-10-05T00:20:00Z,Carolina Panthers,Detroit Lions,betonlineag,player_reception_yds,Brock Wright,Over,5.5,-112,2026-10-04T23:45:31Z,rec_yds,2026-10-04,2026_04_DET_CAR,2026,4,0.0,0.0,8.0,1.0,8.0,1,0.8928571428571429
20261004T234537Z,a73a76599a4f3422803e57bd8f61b626,2026-10-05T00:20:00Z,Carolina Panthers,Detroit Lions,betonlineag,player_reception_yds,Brock Wright,Under,5.5,-115,2026-10-04T23:45:31Z,rec_yds,2026-10-04,2026_04_DET_CAR,2026,4,0.0,0.0,8.0,1.0,8.0,-1,-1.0
20261004T234537Z,a73a76599a4f3422803e57bd8f61b626,2026-10-05T00:20:00Z,Carolina Panthers,Detroit Lions,betonlineag,player_reception_yds,Jameson Williams,Over,52.5,-120,2026-10-04T23:45:31Z,rec_yds,2026-10-04,2026_04_DET_CAR,2026,4,0.0,0.0,102.0,6.0,102.0,1,0.8333333333333334
20261004T234537Z,a73a76599a4f3422803e57bd8f61b626,2026-10-05T00:20:00Z,Carolina Panthers,Detroit Lions,betonlineag,player_reception_yds,Jameson Williams,Under,52.5,-108,2026-10-04T23:45:31Z,rec_yds,2026-10-04,2026_04_DET_CAR,2026,4,0.0,0.0,102.0,6.0,102.0,-1,-1.0
20261004T234537Z,a73a76599a4f3422803e57bd8f61b626,2026-10-05T00:20:00Z,Carolina Panthers,Detroit Lions,betonlineag,player_reception_yds,Tommy Tremble,Over,13.5,-115,2026-10-04T23:45:31Z,rec_yds,2026-10-04,2026_04_DET_CAR,2026,4,0.0,0.0,12.0,4.0,12.0,-1,-1.0
20261004T234537Z,a73a76599a4f3422803e57bd8f61b626,2026-10-05T00:20:00Z,Carolina Panthers,Detroit Lions,betonlineag,player_reception_yds,Tommy Tremble,Under,13.5,-112,2026-10-04T23:45:31Z,rec_yds,2026-10-04,2026_04_DET_CAR,2026,4,0.0,0.0,12.0,4.0,12.0,1,0.8928571428571429
20261004T234537Z,a73a76599a4f3422803e57bd8f61b626,2026-10-05T00:20:00Z,Carolina Panthers,Detroit Lions,betonlineag,player_reception_yds,Darren Waller,Over,37.5,-114,2026-10-04T23:45:31Z,rec_yds,2026-10-04,2026_04_DET_CAR,2026,4,0.0,0.0,36.0,3.0,36.0,-1,-1.0
20261004T234537Z,a73a76599a4f3422803e57bd8f61b626,2026-10-05T00:20:00Z,Carolina Panthers,Detroit Lions,betonlineag,player_reception_yds,Darren Waller,Under,37.5,-114,2026-10-04T23:45:31Z,rec_yds,2026-10-04,2026_04_DET_CAR,2026,4,0.0,0.0,36.0,3.0,36.0,1,0.8771929824561403
20261004T234537Z,a73a76599a4f3422803e57bd8f61b626,2026-10-05T00:20:00Z,Carolina Panthers,Detroit Lions,betonlineag,player_reception_yds,Brycen Tremayne,Over,33.5,-114,2026-10-04T23:45:31Z,rec_yds,2026-10-04,2026_04_DET_CAR,2026,4,0.0,0.0,32.0,2.0,32.0,-1,-1.0
20261004T234537Z,a73a76599a4f3422803e57bd8f61b626,2026-10-05T00:20:00Z,Carolina Panthers,Detroit Lions,betonlineag,player_reception_yds,Brycen Tremayne,Under,33.5,-114,2026-10-04T23:45:31Z,rec_yds,2026-10-04,2026_04_DET_CAR,2026,4,0.0,0.0,32.0,2.0,32.0,1,0.8771929824561403
20261004T234537Z,a73a76599a4f3422803e57bd8f61b626,2026-10-05T00:20:00Z,Carolina Panthers,Detroit Lions,betonlineag,player_reception_yds,Mitchell Evans,Over,7.5,-120,2026-10-04T23:45:31Z,rec_yds,2026-10-04,2026_04_DET_CAR,2026,4,0.0,0.0,8.0,1.0,8.0,1,0.8333333333333334
20261004T234537Z,a73a76599a4f3422803e57bd8f61b626,2026-10-05T00:20:00Z,Carolina Panthers,Detroit Lions,betonlineag,player_reception_yds,Mitchell Evans,Under,7.5,-108,2026-10-04T23:45:31Z,rec_yds,2026-10-04,2026_04_DET_CAR,2026,4,0.0,0.0,8.0,1.0,8.0,-1,-1.0
20261004T234537Z,a73a76599a4f3422803e57bd8f61b626,2026-10-05T00:20:00Z,Carolina Panthers,Detroit Lions,betonlineag,player_receptions,Sam LaPorta,Over,4.5,120,2026-10-04T23:45:31Z,receptions,2026-10-04,2026_04_DET_CAR,2026,4,0.0,0.0,84.0,8.0,8.0,1,1.2
20261004T234537Z,a73a76599a4f3422803e57bd8f61b626,2026-10-05T00:20:00Z,Carolina Panthers,Detroit Lions,betonlineag,player_receptions,Sam LaPorta,Under,4.5,-156,2026-10-04T23:45:31Z,receptions,2026-10-04,2026_04_DET_CAR,2026,4,0.0,0.0,84.0,8.0,8.0,-1,-1.0
20261004T234537Z,a73a76599a4f3422803e57bd8f61b626,2026-10-05T00:20:00Z,Carolina Panthers,Detroit Lions,betonlineag,player_receptions,Jahmyr Gibbs,Over,4.5,-123,2026-10-04T23:45:31Z,receptions,2026-10-04,2026_04_DET_CAR,2026,4,0.0,46.0,31.0,4.0,4.0,-1,-1.0
20261004T234537Z,a73a76599a4f3422803e57bd8f61b626,2026-10-05T00:20:00Z,Carolina Panthers,Detroit Lions,betonlineag,player_receptions,Jahmyr Gibbs,Under,4.5,-104,2026-10-04T23:45:31Z,receptions,2026-10-04,2026_04_DET_CAR,2026,4,0.0,46.0,31.0,4.0,4.0,1,0.9615384615384616
20261004T234537Z,a73a76599a4f3422803e57bd8f61b626,2026-10-05T00:20:00Z,Carolina Panthers,Detroit Lions,betonlineag,player_receptions,Jameson Williams,Over,3.5,-106,2026-10-04T23:45:31Z,receptions,2026-10-04,2026_04_DET_CAR,2026,4,0.0,0.0,102.0,6.0,6.0,1,0.9433962264150944
20261004T234537Z,a73a76599a4f3422803e57bd8f61b626,2026-10-05T00:20:00Z,Carolina Panthers,Detroit Lions,betonlineag,player_receptions,Jameson Williams,Under,3.5,-122,2026-10-04T23:45:31Z,receptions,2026-10-04,2026_04_DET_CAR,2026,4,0.0,0.0,102.0,6.0,6.0,-1,-1.0
20261004T234537Z,a73a76599a4f3422803e57bd8f61b626,2026-10-05T00:20:00Z,Carolina Panthers,Detroit Lions,betonlineag,player_receptions,Amon-Ra St. Brown,Over,6.5,-145,2026-10-04T23:45:31Z,receptions,2026-10-04,2026_04_DET_CAR,2026,4,0.0,0.0,75.0,8.0,8.0,1,0.6896551724137931
20261004T234537Z,a73a76599a4f3422803e57bd8f61b626,2026-10-05T00:20:00Z,Carolina Panthers,Detroit Lions,betonlineag,player_receptions,Amon-Ra St. Brown,Under,6.5,112,2026-10-04T23:45:31Z,receptions,2026-10-04,2026_04_DET_CAR,2026,4,0.0,0.0,75.0,8.0,8.0,-1,-1.0
20261004T234537Z,a73a76599a4f3422803e57bd8f61b626,2026-10-05T00:20:00Z,Carolina Panthers,Detroit Lions,betonlineag,player_receptions,Chuba Hubbard,Over,2.5,-156,2026-10-04T23:45:31Z,receptions,2026-10-04,2026_04_DET_CAR,2026,4,0.0,122.0,7.0,1.0,1.0,-1,-1.0
20261004T234537Z,a73a76599a4f3422803e57bd8f61b626,2026-10-05T00:20:00Z,Carolina Panthers,Detroit Lions,betonlineag,player_receptions,Chuba Hubbard,Under,2.5,121,2026-10-04T23:45:31Z,receptions,2026-10-04,2026_04_DET_CAR,2026,4,0.0,122.0,7.0,1.0,1.0,1,1.21
20261004T234537Z,a73a76599a4f3422803e57bd8f61b626,2026-10-05T00:20:00Z,Carolina Panthers,Detroit Lions,betonlineag,player_receptions,Isaac TeSlaa,Over,1.5,105,2026-10-04T23:45:31Z,receptions,2026-10-04,2026_04_DET_CAR,2026,4,0.0,0.0,95.0,4.0,4.0,1,1.05
20261004T234537Z,a73a76599a4f3422803e57bd8f61b626,2026-10-05T00:20:00Z,Carolina Panthers,Detroit Lions,betonlineag,player_receptions,Isaac TeSlaa,Under,1.5,-135,2026-10-04T23:45:31Z,receptions,2026-10-04,2026_04_DET_CAR,2026,4,0.0,0.0,95.0,4.0,4.0,-1,-1.0
20261004T234537Z,a73a76599a4f3422803e57bd8f61b626,2026-10-05T00:20:00Z,Carolina Panthers,Detroit Lions,betonlineag,player_receptions,Tommy Tremble,Over,1.5,-152,2026-10-04T23:45:31Z,receptions,2026-10-04,2026_04_DET_CAR,2026,4,0.0,0.0,12.0,4.0,4.0,1,0.6578947368421053
20261004T234537Z,a73a76599a4f3422803e57bd8f61b626,2026-10-05T00:20:00Z,Carolina Panthers,Detroit Lions,betonlineag,player_receptions,Tommy Tremble,Under,1.5,117,2026-10-04T23:45:31Z,receptions,2026-10-04,2026_04_DET_CAR,2026,4,0.0,0.0,12.0,4.0,4.0,-1,-1.0
20261004T234537Z,a73a76599a4f3422803e57bd8f61b626,2026-10-05T00:20:00Z,Carolina Panthers,Detroit Lions,betonlineag,player_receptions,Darren Waller,Over,3.5,-120,2026-10-04T23:45:31Z,receptions,2026-10-04,2026_04_DET_CAR,2026,4,0.0,0.0,36.0,3.0,3.0,-1,-1.0
20261004T234537Z,a73a76599a4f3422803e57bd8f61b626,2026-10-05T00:20:00Z,Carolina Panthers,Detroit Lions,betonlineag,player_receptions,Darren Waller,Under,3.5,-108,2026-10-04T23:45:31Z,receptions,2026-10-04,2026_04_DET_CAR,2026,4,0.0,0.0,36.0,3.0,3.0,1,0.9259259259259259
20261004T234537Z,a73a76599a4f3422803e57bd8f61b626,2026-10-05T00:20:00Z,Carolina Panthers,Detroit Lions,betonlineag,player_receptions,Tetairoa McMillan,Over,5.5,112,2026-10-04T23:45:31Z,receptions,2026-10-04,2026_04_DET_CAR,2026,4,0.0,0.0,192.0,14.0,14.0,1,1.12
20261004T234537Z,a73a76599a4f3422803e57bd8f61b626,2026-10-05T00:20:00Z,Carolina Panthers,Detroit Lions,betonlineag,player_receptions,Tetairoa McMillan,Under,5.5,-145,2026-10-04T23:45:31Z,receptions,2026-10-04,2026_04_DET_CAR,2026,4,0.0,0.0,192.0,14.0,14.0,-1,-1.0
20261004T234537Z,a73a76599a4f3422803e57bd8f61b626,2026-10-05T00:20:00Z,Carolina Panthers,Detroit Lions,betonlineag,player_receptions,Brycen Tremayne,Over,2.5,-120,2026-10-04T23:45:31Z,receptions,2026-10-04,2026_04_DET_CAR,2026,4,0.0,0.0,32.0,2.0,2.0,-1,-1.0
20261004T234537Z,a73a76599a4f3422803e57bd8f61b626,2026-10-05T00:20:00Z,Carolina Panthers,Detroit Lions,betonlineag,player_receptions,Brycen Tremayne,Under,2.5,-108,2026-10-04T23:45:31Z,receptions,2026-10-04,2026_04_DET_CAR,2026,4,0.0,0.0,32.0,2.0,2.0,1,0.9259259259259259
20261004T234537Z,a73a76599a4f3422803e57bd8f61b626,2026-10-05T00:20:00Z,Carolina Panthers,Detroit Lions,betonlineag,player_receptions,Mitchell Evans,Over,1.5,158,2026-10-04T23:45:31Z,receptions,2026-10-04,2026_04_DET_CAR,2026,4,0.0,0.0,8.0,1.0,1.0,-1,-1.0
20261004T234537Z,a73a76599a4f3422803e57bd8f61b626,2026-10-05T00:20:00Z,Carolina Panthers,Detroit Lions,betonlineag,player_receptions,Mitchell Evans,Under,1.5,-208,2026-10-04T23:45:31Z,receptions,2026-10-04,2026_04_DET_CAR,2026,4,0.0,0.0,8.0,1.0,1.0,1,0.4807692307692308
20261004T234537Z,a73a76599a4f3422803e57bd8f61b626,2026-10-05T00:20:00Z,Carolina Panthers,Detroit Lions,betonlineag,player_rush_yds,Bryce Young,Over,12.5,-118,2026-10-04T23:45:31Z,rush_yds,2026-10-04,2026_04_DET_CAR,2026,4,329.0,3.0,0.0,0.0,3.0,-1,-1.0
20261004T234537Z,a73a76599a4f3422803e57bd8f61b626,2026-10-05T00:20:00Z,Carolina Panthers,Detroit Lions,betonlineag,player_rush_yds,Bryce Young,Under,12.5,-110,2026-10-04T23:45:31Z,rush_yds,2026-10-04,2026_04_DET_CAR,2026,4,329.0,3.0,0.0,0.0,3.0,1,0.9090909090909091
20261004T234537Z,a73a76599a4f3422803e57bd8f61b626,2026-10-05T00:20:00Z,Carolina Panthers,Detroit Lions,betonlineag,player_rush_yds,Jahmyr Gibbs,Over,96.5,-103,2026-10-04T23:45:31Z,rush_yds,2026-10-04,2026_04_DET_CAR,2026,4,0.0,46.0,31.0,4.0,46.0,-1,-1.0
20261004T234537Z,a73a76599a4f3422803e57bd8f61b626,2026-10-05T00:20:00Z,Carolina Panthers,Detroit Lions,betonlineag,player_rush_yds,Jahmyr Gibbs,Under,96.5,-125,2026-10-04T23:45:31Z,rush_yds,2026-10-04,2026_04_DET_CAR,2026,4,0.0,46.0,31.0,4.0,46.0,1,0.8
20261004T234537Z,a73a76599a4f3422803e57bd8f61b626,2026-10-05T00:20:00Z,Carolina Panthers,Detroit Lions,betonlineag,player_rush_yds,Chuba Hubbard,Over,66.5,-116,2026-10-04T23:45:31Z,rush_yds,2026-10-04,2026_04_DET_CAR,2026,4,0.0,122.0,7.0,1.0,122.0,1,0.8620689655172413
20261004T234537Z,a73a76599a4f3422803e57bd8f61b626,2026-10-05T00:20:00Z,Carolina Panthers,Detroit Lions,betonlineag,player_rush_yds,Chuba Hubbard,Under,66.5,-111,2026-10-04T23:45:31Z,rush_yds,2026-10-04,2026_04_DET_CAR,2026,4,0.0,122.0,7.0,1.0,122.0,-1,-1.0
20261004T234537Z,a73a76599a4f3422803e57bd8f61b626,2026-10-05T00:20:00Z,Carolina Panthers,Detroit Lions,betonlineag,player_rush_yds,Sione Vaki,Over,11.5,-116,2026-10-04T23:45:31Z,rush_yds,2026-10-04,2026_04_DET_CAR,2026,4,0.0,0.0,17.0,1.0,0.0,-1,-1.0
20261004T234537Z,a73a76599a4f3422803e57bd8f61b626,2026-10-05T00:20:00Z,Carolina Panthers,Detroit Lions,betonlineag,player_rush_yds,Sione Vaki,Under,11.5,-111,2026-10-04T23:45:31Z,rush_yds,2026-10-04,2026_04_DET_CAR,2026,4,0.0,0.0,17.0,1.0,0.0,1,0.9009009009009009
20261004T234537Z,a73a76599a4f3422803e57bd8f61b626,2026-10-05T00:20:00Z,Carolina Panthers,Detroit Lions,betonlineag,player_rush_yds,AJ Dillon,Over,12.5,-114,2026-10-04T23:45:31Z,rush_yds,2026-10-04,2026_04_DET_CAR,2026,4,0.0,2.0,5.0,1.0,2.0,-1,-1.0
20261004T234537Z,a73a76599a4f3422803e57bd8f61b626,2026-10-05T00:20:00Z,Carolina Panthers,Detroit Lions,betonlineag,player_rush_yds,AJ Dillon,Under,12.5,-114,2026-10-04T23:45:31Z,rush_yds,2026-10-04,2026_04_DET_CAR,2026,4,0.0,2.0,5.0,1.0,2.0,1,0.8771929824561403
20261004T234537Z,a73a76599a4f3422803e57bd8f61b626,2026-10-05T00:20:00Z,Carolina Panthers,Detroit Lions,betrivers,player_pass_yds,Bryce Young,Over,244.5,-117,2026-10-04T23:45:15Z,pass_yds,2026-10-04,2026_04_DET_CAR,2026,4,329.0,3.0,0.0,0.0,329.0,1,0.8547008547008547
20261004T234537Z,a73a76599a4f3422803e57bd8f61b626,2026-10-05T00:20:00Z,Carolina Panthers,Detroit Lions,betrivers,player_pass_yds,Bryce Young,Under,244.5,-114,2026-10-04T23:45:15Z,pass_yds,2026-10-04,2026_04_DET_CAR,2026,4,329.0,3.0,0.0,0.0,329.0,-1,-1.0
20261004T234537Z,a73a76599a4f3422803e57bd8f61b626,2026-10-05T00:20:00Z,Carolina Panthers,Detroit Lions,betrivers,player_pass_yds,Jared Goff,Over,262.5,-114,2026-10-04T23:45:15Z,pass_yds,2026-10-04,2026_04_DET_CAR,2026,4,412.0,0.0,0.0,0.0,412.0,1,0.8771929824561403
20261004T234537Z,a73a76599a4f3422803e57bd8f61b626,2026-10-05T00:20:00Z,Carolina Panthers,Detroit Lions,betrivers,player_pass_yds,Jared Goff,Under,262.5,-117,2026-10-04T23:45:15Z,pass_yds,2026-10-04,2026_04_DET_CAR,2026,4,412.0,0.0,0.0,0.0,412.0,-1,-1.0
20261004T234537Z,a73a76599a4f3422803e57bd8f61b626,2026-10-05T00:20:00Z,Carolina Panthers,Detroit Lions,betrivers,player_reception_yds,Sam LaPorta,Over,48.5,-117,2026-10-04T23:45:15Z,rec_yds,2026-10-04,2026_04_DET_CAR,2026,4,0.0,0.0,84.0,8.0,84.0,1,0.8547008547008547
20261004T234537Z,a73a76599a4f3422803e57bd8f61b626,2026-10-05T00:20:00Z,Carolina Panthers,Detroit Lions,betrivers,player_reception_yds,Sam LaPorta,Under,48.5,-114,2026-10-04T23:45:15Z,rec_yds,2026-10-04,2026_04_DET_CAR,2026,4,0.0,0.0,84.0,8.0,84.0,-1,-1.0
20261004T234537Z,a73a76599a4f3422803e57bd8f61b626,2026-10-05T00:20:00Z,Carolina Panthers,Detroit Lions,betrivers,player_reception_yds,Chuba Hubbard,Over,20.5,-114,2026-10-04T23:45:15Z,rec_yds,2026-10-04,2026_04_DET_CAR,2026,4,0.0,122.0,7.0,1.0,7.0,-1,-1.0
20261004T234537Z,a73a76599a4f3422803e57bd8f61b626,2026-10-05T00:20:00Z,Carolina Panthers,Detroit Lions,betrivers,player_reception_yds,Chuba Hubbard,Under,20.5,-117,2026-10-04T23:45:15Z,rec_yds,2026-10-04,2026_04_DET_CAR,2026,4,0.0,122.0,7.0,1.0,7.0,1,0.8547008547008547
20261004T234537Z,a73a76599a4f3422803e57bd8f61b626,2026-10-05T00:20:00Z,Carolina Panthers,Detroit Lions,betrivers,player_reception_yds,Tommy Tremble,Over,13.5,-121,2026-10-04T23:45:15Z,rec_yds,2026-10-04,2026_04_DET_CAR,2026,4,0.0,0.0,12.0,4.0,12.0,-1,-1.0
20261004T234537Z,a73a76599a4f3422803e57bd8f61b626,2026-10-05T00:20:00Z,Carolina Panthers,Detroit Lions,betrivers,player_reception_yds,Tommy Tremble,Under,13.5,-110,2026-10-04T23:45:15Z,rec_yds,2026-10-04,2026_04_DET_CAR,2026,4,0.0,0.0,12.0,4.0,12.0,1,0.9090909090909091
20261004T234537Z,a73a76599a4f3422803e57bd8f61b626,2026-10-05T00:20:00Z,Carolina Panthers,Detroit Lions,betrivers,player_reception_yds,Jahmyr Gibbs,Over,35.5,-118,2026-10-04T23:45:15Z,rec_yds,2026-10-04,2026_04_DET_CAR,2026,4,0.0,46.0,31.0,4.0,31.0,-1,-1.0
20261004T234537Z,a73a76599a4f3422803e57bd8f61b626,2026-10-05T00:20:00Z,Carolina Panthers,Detroit Lions,betrivers,player_reception_yds,Jahmyr Gibbs,Under,35.5,-112,2026-10-04T23:45:15Z,rec_yds,2026-10-04,2026_04_DET_CAR,2026,4,0.0,46.0,31.0,4.0,31.0,1,0.8928571428571429
20261004T234537Z,a73a76599a4f3422803e57bd8f61b626,2026-10-05T00:20:00Z,Carolina Panthers,Detroit Lions,betrivers,player_reception_yds,Jameson Williams,Over,50.5,-118,2026-10-04T23:45:15Z,rec_yds,2026-10-04,2026_04_DET_CAR,2026,4,0.0,0.0,102.0,6.0,102.0,1,0.847457627118644
20261004T234537Z,a73a76599a4f3422803e57bd8f61b626,2026-10-05T00:20:00Z,Carolina Panthers,Detroit Lions,betrivers,player_reception_yds,Jameson Williams,Under,50.5,-113,2026-10-04T23:45:15Z,rec_yds,2026-10-04,2026_04_DET_CAR,2026,4,0.0,0.0,102.0,6.0,102.0,-1,-1.0
20261004T234537Z,a73a76599a4f3422803e57bd8f61b626,2026-10-05T00:20:00Z,Carolina Panthers,Detroit Lions,betrivers,player_reception_yds,Tetairoa McMillan,Over,75.5,-115,2026-10-04T23:45:15Z,rec_yds,2026-10-04,2026_04_DET_CAR,2026,4,0.0,0.0,192.0,14.0,192.0,1,0.8695652173913043
20261004T234537Z,a73a76599a4f3422803e57bd8f61b626,2026-10-05T00:20:00Z,Carolina Panthers,Detroit Lions,betrivers,player_reception_yds,Tetairoa McMillan,Under,75.5,-115,2026-10-04T23:45:15Z,rec_yds,2026-10-04,2026_04_DET_CAR,2026,4,0.0,0.0,192.0,14.0,192.0,-1,-1.0
20261004T234537Z,a73a76599a4f3422803e57bd8f61b626,2026-10-05T00:20:00Z,Carolina Panthers,Detroit Lions,betrivers,player_reception_yds,Brock Wright,Over,4.5,-118,2026-10-04T23:45:15Z,rec_yds,2026-10-04,2026_04_DET_CAR,2026,4,0.0,0.0,8.0,1.0,8.0,1,0.847457627118644
20261004T234537Z,a73a76599a4f3422803e57bd8f61b626,2026-10-05T00:20:00Z,Carolina Panthers,Detroit Lions,betrivers,player_reception_yds,Brock Wright,Under,4.5,-113,2026-10-04T23:45:15Z,rec_yds,2026-10-04,2026_04_DET_CAR,2026,4,0.0,0.0,8.0,1.0,8.0,-1,-1.0
20261004T234537Z,a73a76599a4f3422803e57bd8f61b626,2026-10-05T00:20:00Z,Carolina Panthers,Detroit Lions,betrivers,player_reception_yds,Isaac TeSlaa,Over,17.5,-118,2026-10-04T23:45:15Z,rec_yds,2026-10-04,2026_04_DET_CAR,2026,4,0.0,0.0,95.0,4.0,95.0,1,0.847457627118644
20261004T234537Z,a73a76599a4f3422803e57bd8f61b626,2026-10-05T00:20:00Z,Carolina Panthers,Detroit Lions,betrivers,player_reception_yds,Isaac TeSlaa,Under,17.5,-113,2026-10-04T23:45:15Z,rec_yds,2026-10-04,2026_04_DET_CAR,2026,4,0.0,0.0,95.0,4.0,95.0,-1,-1.0
20261004T234537Z,a73a76599a4f3422803e57bd8f61b626,2026-10-05T00:20:00Z,Carolina Panthers,Detroit Lions,betrivers,player_reception_yds,Darren Waller,Over,35.5,-117,2026-10-04T23:45:15Z,rec_yds,2026-10-04,2026_04_DET_CAR,2026,4,0.0,0.0,36.0,3.0,36.0,1,0.8547008547008547
20261004T234537Z,a73a76599a4f3422803e57bd8f61b626,2026-10-05T00:20:00Z,Carolina Panthers,Detroit Lions,betrivers,player_reception_yds,Darren Waller,Under,35.5,-114,2026-10-04T23:45:15Z,rec_yds,2026-10-04,2026_04_DET_CAR,2026,4,0.0,0.0,36.0,3.0,36.0,-1,-1.0
20261004T234537Z,a73a76599a4f3422803e57bd8f61b626,2026-10-05T00:20:00Z,Carolina Panthers,Detroit Lions,betrivers,player_reception_yds,Amon-Ra St. Brown,Over,78.5,-114,2026-10-04T23:45:15Z,rec_yds,2026-10-04,2026_04_DET_CAR,2026,4,0.0,0.0,75.0,8.0,75.0,-1,-1.0
20261004T234537Z,a73a76599a4f3422803e57bd8f61b626,2026-10-05T00:20:00Z,Carolina Panthers,Detroit Lions,betrivers,player_reception_yds,Amon-Ra St. Brown,Under,78.5,-117,2026-10-04T23:45:15Z,rec_yds,2026-10-04,2026_04_DET_CAR,2026,4,0.0,0.0,75.0,8.0,75.0,1,0.8547008547008547
20261004T234537Z,a73a76599a4f3422803e57bd8f61b626,2026-10-05T00:20:00Z,Carolina Panthers,Detroit Lions,betrivers,player_receptions,Jameson Williams,Over,3.5,-108,2026-10-04T23:45:15Z,receptions,2026-10-04,2026_04_DET_CAR,2026,4,0.0,0.0,102.0,6.0,6.0,1,0.9259259259259259
20261004T234537Z,a73a76599a4f3422803e57bd8f61b626,2026-10-05T00:20:00Z,Carolina Panthers,Detroit Lions,betrivers,player_receptions,Jahmyr Gibbs,Over,4.5,-113,2026-10-04T23:45:15Z,receptions,2026-10-04,2026_04_DET_CAR,2026,4,0.0,46.0,31.0,4.0,4.0,-1,-1.0
20261004T234537Z,a73a76599a4f3422803e57bd8f61b626,2026-10-05T00:20:00Z,Carolina Panthers,Detroit Lions,betrivers,player_receptions,Isaac TeSlaa,Over,1.5,-112,2026-10-04T23:45:15Z,receptions,2026-10-04,2026_04_DET_CAR,2026,4,0.0,0.0,95.0,4.0,4.0,1,0.8928571428571429
20261004T234537Z,a73a76599a4f3422803e57bd8f61b626,2026-10-05T00:20:00Z,Carolina Panthers,Detroit Lions,betrivers,player_receptions,Amon-Ra St. Brown,Over,6.5,-157,2026-10-04T23:45:15Z,receptions,2026-10-04,2026_04_DET_CAR,2026,4,0.0,0.0,75.0,8.0,8.0,1,0.6369426751592356
20261004T234537Z,a73a76599a4f3422803e57bd8f61b626,2026-10-05T00:20:00Z,Carolina Panthers,Detroit Lions,betrivers,player_receptions,Sam LaPorta,Over,4.5,102,2026-10-04T23:45:15Z,receptions,2026-10-04,2026_04_DET_CAR,2026,4,0.0,0.0,84.0,8.0,8.0,1,1.02
20261004T234537Z,a73a76599a4f3422803e57bd8f61b626,2026-10-05T00:20:00Z,Carolina Panthers,Detroit Lions,betrivers,player_receptions,Darren Waller,Over,3.5,-110,2026-10-04T23:45:15Z,receptions,2026-10-04,2026_04_DET_CAR,2026,4,0.0,0.0,36.0,3.0,3.0,-1,-1.0
20261004T234537Z,a73a76599a4f3422803e57bd8f61b626,2026-10-05T00:20:00Z,Carolina Panthers,Detroit Lions,betrivers,player_receptions,Chuba Hubbard,Over,2.5,-150,2026-10-04T23:45:15Z,receptions,2026-10-04,2026_04_DET_CAR,2026,4,0.0,122.0,7.0,1.0,1.0,-1,-1.0
20261004T234537Z,a73a76599a4f3422803e57bd8f61b626,2026-10-05T00:20:00Z,Carolina Panthers,Detroit Lions,betrivers,player_receptions,Tommy Tremble,Over,1.5,-150,2026-10-04T23:45:15Z,receptions,2026-10-04,2026_04_DET_CAR,2026,4,0.0,0.0,12.0,4.0,4.0,1,0.6666666666666666
20261004T234537Z,a73a76599a4f3422803e57bd8f61b626,2026-10-05T00:20:00Z,Carolina Panthers,Detroit Lions,betrivers,player_receptions,Tetairoa McMillan,Over,5.5,108,2026-10-04T23:45:15Z,receptions,2026-10-04,2026_04_DET_CAR,2026,4,0.0,0.0,192.0,14.0,14.0,1,1.08
20261004T234537Z,a73a76599a4f3422803e57bd8f61b626,2026-10-05T00:20:00Z,Carolina Panthers,Detroit Lions,betrivers,player_receptions,Brock Wright,Over,0.5,-150,2026-10-04T23:45:15Z,receptions,2026-10-04,2026_04_DET_CAR,2026,4,0.0,0.0,8.0,1.0,1.0,1,0.6666666666666666
20261004T234537Z,a73a76599a4f3422803e57bd8f61b626,2026-10-05T00:20:00Z,Carolina Panthers,Detroit Lions,betrivers,player_rush_yds,Chuba Hubbard,Over,68.5,-113,2026-10-04T23:45:15Z,rush_yds,2026-10-04,2026_04_DET_CAR,2026,4,0.0,122.0,7.0,1.0,122.0,1,0.8849557522123894
20261004T234537Z,a73a76599a4f3422803e57bd8f61b626,2026-10-05T00:20:00Z,Carolina Panthers,Detroit Lions,betrivers,player_rush_yds,Chuba Hubbard,Under,68.5,-118,2026-10-04T23:45:15Z,rush_yds,2026-10-04,2026_04_DET_CAR,2026,4,0.0,122.0,7.0,1.0,122.0,-1,-1.0
20261004T234537Z,a73a76599a4f3422803e57bd8f61b626,2026-10-05T00:20:00Z,Carolina Panthers,Detroit Lions,betrivers,player_rush_yds,AJ Dillon,Over,11.5,-120,2026-10-04T23:45:15Z,rush_yds,2026-10-04,2026_04_DET_CAR,2026,4,0.0,2.0,5.0,1.0,2.0,-1,-1.0
20261004T234537Z,a73a76599a4f3422803e57bd8f61b626,2026-10-05T00:20:00Z,Carolina Panthers,Detroit Lions,betrivers,player_rush_yds,AJ Dillon,Under,11.5,-112,2026-10-04T23:45:15Z,rush_yds,2026-10-04,2026_04_DET_CAR,2026,4,0.0,2.0,5.0,1.0,2.0,1,0.8928571428571429
20261004T234537Z,a73a76599a4f3422803e57bd8f61b626,2026-10-05T00:20:00Z,Carolina Panthers,Detroit Lions,betrivers,player_rush_yds,Jahmyr Gibbs,Over,96.5,-117,2026-10-04T23:45:15Z,rush_yds,2026-10-04,2026_04_DET_CAR,2026,4,0.0,46.0,31.0,4.0,46.0,-1,-1.0
20261004T234537Z,a73a76599a4f3422803e57bd8f61b626,2026-10-05T00:20:00Z,Carolina Panthers,Detroit Lions,betrivers,player_rush_yds,Jahmyr Gibbs,Under,96.5,-114,2026-10-04T23:45:15Z,rush_yds,2026-10-04,2026_04_DET_CAR,2026,4,0.0,46.0,31.0,4.0,46.0,1,0.8771929824561403
20261004T234537Z,a73a76599a4f3422803e57bd8f61b626,2026-10-05T00:20:00Z,Carolina Panthers,Detroit Lions,betrivers,player_rush_yds,Sione Vaki,Over,10.5,-117,2026-10-04T23:45:15Z,rush_yds,2026-10-04,2026_04_DET_CAR,2026,4,0.0,0.0,17.0,1.0,0.0,-1,-1.0
20261004T234537Z,a73a76599a4f3422803e57bd8f61b626,2026-10-05T00:20:00Z,Carolina Panthers,Detroit Lions,betrivers,player_rush_yds,Sione Vaki,Under,10.5,-114,2026-10-04T23:45:15Z,rush_yds,2026-10-04,2026_04_DET_CAR,2026,4,0.0,0.0,17.0,1.0,0.0,1,0.8771929824561403
20261004T234537Z,a73a76599a4f3422803e57bd8f61b626,2026-10-05T00:20:00Z,Carolina Panthers,Detroit Lions,betrivers,player_rush_yds,Bryce Young,Over,13.5,-115,2026-10-04T23:45:15Z,rush_yds,2026-10-04,2026_04_DET_CAR,2026,4,329.0,3.0,0.0,0.0,3.0,-1,-1.0
20261004T234537Z,a73a76599a4f3422803e57bd8f61b626,2026-10-05T00:20:00Z,Carolina Panthers,Detroit Lions,betrivers,player_rush_yds,Bryce Young,Under,13.5,-115,2026-10-04T23:45:15Z,rush_yds,2026-10-04,2026_04_DET_CAR,2026,4,329.0,3.0,0.0,0.0,3.0,1,0.8695652173913043
20261004T234537Z,a73a76599a4f3422803e57bd8f61b626,2026-10-05T00:20:00Z,Carolina Panthers,Detroit Lions,bovada,player_pass_yds,Bryce Young,Over,214.5,-250,2026-10-04T23:45:19Z,pass_yds,2026-10-04,2026_04_DET_CAR,2026,4,329.0,3.0,0.0,0.0,329.0,1,0.4
20261004T234537Z,a73a76599a4f3422803e57bd8f61b626,2026-10-05T00:20:00Z,Carolina Panthers,Detroit Lions,bovada,player_pass_yds,Bryce Young,Under,214.5,185,2026-10-04T23:45:19Z,pass_yds,2026-10-04,2026_04_DET_CAR,2026,4,329.0,3.0,0.0,0.0,329.0,-1,-1.0
20261004T234537Z,a73a76599a4f3422803e57bd8f61b626,2026-10-05T00:20:00Z,Carolina Panthers,Detroit Lions,bovada,player_pass_yds,Bryce Young,Over,224.5,-190,2026-10-04T23:45:19Z,pass_yds,2026-10-04,2026_04_DET_CAR,2026,4,329.0,3.0,0.0,0.0,329.0,1,0.5263157894736842
20261004T234537Z,a73a76599a4f3422803e57bd8f61b626,2026-10-05T00:20:00Z,Carolina Panthers,Detroit Lions,bovada,player_pass_yds,Bryce Young,Under,224.5,145,2026-10-04T23:45:19Z,pass_yds,2026-10-04,2026_04_DET_CAR,2026,4,329.0,3.0,0.0,0.0,329.0,-1,-1.0
20261004T234537Z,a73a76599a4f3422803e57bd8f61b626,2026-10-05T00:20:00Z,Carolina Panthers,Detroit Lions,bovada,player_pass_yds,Bryce Young,Over,234.5,-145,2026-10-04T23:45:19Z,pass_yds,2026-10-04,2026_04_DET_CAR,2026,4,329.0,3.0,0.0,0.0,329.0,1,0.6896551724137931
20261004T234537Z,a73a76599a4f3422803e57bd8f61b626,2026-10-05T00:20:00Z,Carolina Panthers,Detroit Lions,bovada,player_pass_yds,Bryce Young,Under,234.5,110,2026-10-04T23:45:19Z,pass_yds,2026-10-04,2026_04_DET_CAR,2026,4,329.0,3.0,0.0,0.0,329.0,-1,-1.0
20261004T234537Z,a73a76599a4f3422803e57bd8f61b626,2026-10-05T00:20:00Z,Carolina Panthers,Detroit Lions,bovada,player_pass_yds,Bryce Young,Over,244.5,-115,2026-10-04T23:45:19Z,pass_yds,2026-10-04,2026_04_DET_CAR,2026,4,329.0,3.0,0.0,0.0,329.0,1,0.8695652173913043
20261004T234537Z,a73a76599a4f3422803e57bd8f61b626,2026-10-05T00:20:00Z,Carolina Panthers,Detroit Lions,bovada,player_pass_yds,Bryce Young,Under,244.5,-115,2026-10-04T23:45:19Z,pass_yds,2026-10-04,2026_04_DET_CAR,2026,4,329.0,3.0,0.0,0.0,329.0,-1,-1.0
20261004T234537Z,a73a76599a4f3422803e57bd8f61b626,2026-10-05T00:20:00Z,Carolina Panthers,Detroit Lions,bovada,player_pass_yds,Bryce Young,Over,254.5,110,2026-10-04T23:45:19Z,pass_yds,2026-10-04,2026_04_DET_CAR,2026,4,329.0,3.0,0.0,0.0,329.0,1,1.1
20261004T234537Z,a73a76599a4f3422803e57bd8f61b626,2026-10-05T00:20:00Z,Carolina Panthers,Detroit Lions,bovada,player_pass_yds,Bryce Young,Under,254.5,-145,2026-10-04T23:45:19Z,pass_yds,2026-10-04,2026_04_DET_CAR,2026,4,329.0,3.0,0.0,0.0,329.0,-1,-1.0
20261004T234537Z,a73a76599a4f3422803e57bd8f61b626,2026-10-05T00:20:00Z,Carolina Panthers,Detroit Lions,bovada,player_pass_yds,Bryce Young,Over,264.5,140,2026-10-04T23:45:19Z,pass_yds,2026-10-04,2026_04_DET_CAR,2026,4,329.0,3.0,0.0,0.0,329.0,1,1.4
20261004T234537Z,a73a76599a4f3422803e57bd8f61b626,2026-10-05T00:20:00Z,Carolina Panthers,Detroit Lions,bovada,player_pass_yds,Bryce Young,Under,264.5,-185,2026-10-04T23:45:19Z,pass_yds,2026-10-04,2026_04_DET_CAR,2026,4,329.0,3.0,0.0,0.0,329.0,-1,-1.0
20261004T234537Z,a73a76599a4f3422803e57bd8f61b626,2026-10-05T00:20:00Z,Carolina Panthers,Detroit Lions,bovada,player_pass_yds,Bryce Young,Over,274.5,170,2026-10-04T23:45:19Z,pass_yds,2026-10-04,2026_04_DET_CAR,2026,4,329.0,3.0,0.0,0.0,329.0,1,1.7
20261004T234537Z,a73a76599a4f3422803e57bd8f61b626,2026-10-05T00:20:00Z,Carolina Panthers,Detroit Lions,bovada,player_pass_yds,Bryce Young,Under,274.5,-230,2026-10-04T23:45:19Z,pass_yds,2026-10-04,2026_04_DET_CAR,2026,4,329.0,3.0,0.0,0.0,329.0,-1,-1.0
20261004T234537Z,a73a76599a4f3422803e57bd8f61b626,2026-10-05T00:20:00Z,Carolina Panthers,Detroit Lions,bovada,player_pass_yds,Jared Goff,Over,230.5,-245,2026-10-04T23:45:19Z,pass_yds,2026-10-04,2026_04_DET_CAR,2026,4,412.0,0.0,0.0,0.0,412.0,1,0.40816326530612246
20261004T234537Z,a73a76599a4f3422803e57bd8f61b626,2026-10-05T00:20:00Z,Carolina Panthers,Detroit Lions,bovada,player_pass_yds,Jared Goff,Under,230.5,180,2026-10-04T23:45:19Z,pass_yds,2026-10-04,2026_04_DET_CAR,2026,4,412.0,0.0,0.0,0.0,412.0,-1,-1.0
20261004T234537Z,a73a76599a4f3422803e57bd8f61b626,2026-10-05T00:20:00Z,Carolina Panthers,Detroit Lions,bovada,player_pass_yds,Jared Goff,Over,240.5,-185,2026-10-04T23:45:19Z,pass_yds,2026-10-04,2026_04_DET_CAR,2026,4,412.0,0.0,0.0,0.0,412.0,1,0.5405405405405406
20261004T234537Z,a73a76599a4f3422803e57bd8f61b626,2026-10-05T00:20:00Z,Carolina Panthers,Detroit Lions,bovada,player_pass_yds,Jared Goff,Under,240.5,140,2026-10-04T23:45:19Z,pass_yds,2026-10-04,2026_04_DET_CAR,2026,4,412.0,0.0,0.0,0.0,412.0,-1,-1.0
20261004T234537Z,a73a76599a4f3422803e57bd8f61b626,2026-10-05T00:20:00Z,Carolina Panthers,Detroit Lions,bovada,player_pass_yds,Jared Goff,Over,250.5,-145,2026-10-04T23:45:19Z,pass_yds,2026-10-04,2026_04_DET_CAR,2026,4,412.0,0.0,0.0,0.0,412.0,1,0.6896551724137931
20261004T234537Z,a73a76599a4f3422803e57bd8f61b626,2026-10-05T00:20:00Z,Carolina Panthers,Detroit Lions,bovada,player_pass_yds,Jared Goff,Under,250.5,110,2026-10-04T23:45:19Z,pass_yds,2026-10-04,2026_04_DET_CAR,2026,4,412.0,0.0,0.0,0.0,412.0,-1,-1.0
20261004T234537Z,a73a76599a4f3422803e57bd8f61b626,2026-10-05T00:20:00Z,Carolina Panthers,Detroit Lions,bovada,player_pass_yds,Jared Goff,Over,260.5,-115,2026-10-04T23:45:19Z,pass_yds,2026-10-04,2026_04_DET_CAR,2026,4,412.0,0.0,0.0,0.0,412.0,1,0.8695652173913043
20261004T234537Z,a73a76599a4f3422803e57bd8f61b626,2026-10-05T00:20:00Z,Carolina Panthers,Detroit Lions,bovada,player_pass_yds,Jared Goff,Under,260.5,-115,2026-10-04T23:45:19Z,pass_yds,2026-10-04,2026_04_DET_CAR,2026,4,412.0,0.0,0.0,0.0,412.0,-1,-1.0
20261004T234537Z,a73a76599a4f3422803e57bd8f61b626,2026-10-05T00:20:00Z,Carolina Panthers,Detroit Lions,bovada,player_pass_yds,Jared Goff,Over,270.5,110,2026-10-04T23:45:19Z,pass_yds,2026-10-04,2026_04_DET_CAR,2026,4,412.0,0.0,0.0,0.0,412.0,1,1.1
20261004T234537Z,a73a76599a4f3422803e57bd8f61b626,2026-10-05T00:20:00Z,Carolina Panthers,Detroit Lions,bovada,player_pass_yds,Jared Goff,Under,270.5,-145,2026-10-04T23:45:19Z,pass_yds,2026-10-04,2026_04_DET_CAR,2026,4,412.0,0.0,0.0,0.0,412.0,-1,-1.0
20261004T234537Z,a73a76599a4f3422803e57bd8f61b626,2026-10-05T00:20:00Z,Carolina Panthers,Detroit Lions,bovada,player_pass_yds,Jared Goff,Over,280.5,140,2026-10-04T23:45:19Z,pass_yds,2026-10-04,2026_04_DET_CAR,2026,4,412.0,0.0,0.0,0.0,412.0,1,1.4
20261004T234537Z,a73a76599a4f3422803e57bd8f61b626,2026-10-05T00:20:00Z,Carolina Panthers,Detroit Lions,bovada,player_pass_yds,Jared Goff,Under,280.5,-185,2026-10-04T23:45:19Z,pass_yds,2026-10-04,2026_04_DET_CAR,2026,4,412.0,0.0,0.0,0.0,412.0,-1,-1.0
20261004T234537Z,a73a76599a4f3422803e57bd8f61b626,2026-10-05T00:20:00Z,Carolina Panthers,Detroit Lions,bovada,player_pass_yds,Jared Goff,Over,290.5,170,2026-10-04T23:45:19Z,pass_yds,2026-10-04,2026_04_DET_CAR,2026,4,412.0,0.0,0.0,0.0,412.0,1,1.7
20261004T234537Z,a73a76599a4f3422803e57bd8f61b626,2026-10-05T00:20:00Z,Carolina Panthers,Detroit Lions,bovada,player_pass_yds,Jared Goff,Under,290.5,-230,2026-10-04T23:45:19Z,pass_yds,2026-10-04,2026_04_DET_CAR,2026,4,412.0,0.0,0.0,0.0,412.0,-1,-1.0
20261004T234537Z,a73a76599a4f3422803e57bd8f61b626,2026-10-05T00:20:00Z,Carolina Panthers,Detroit Lions,bovada,player_reception_yds,Amon-Ra St. Brown,Over,58.5,-280,2026-10-04T23:45:19Z,rec_yds,2026-10-04,2026_04_DET_CAR,2026,4,0.0,0.0,75.0,8.0,75.0,1,0.35714285714285715
20261004T234537Z,a73a76599a4f3422803e57bd8f61b626,2026-10-05T00:20:00Z,Carolina Panthers,Detroit Lions,bovada,player_reception_yds,Amon-Ra St. Brown,Under,58.5,205,2026-10-04T23:45:19Z,rec_yds,2026-10-04,2026_04_DET_CAR,2026,4,0.0,0.0,75.0,8.0,75.0,-1,-1.0
20261004T234537Z,a73a76599a4f3422803e57bd8f61b626,2026-10-05T00:20:00Z,Carolina Panthers,Detroit Lions,bovada,player_reception_yds,Amon-Ra St. Brown,Over,68.5,-170,2026-10-04T23:45:19Z,rec_yds,2026-10-04,2026_04_DET_CAR,2026,4,0.0,0.0,75.0,8.0,75.0,1,0.5882352941176471
20261004T234537Z,a73a76599a4f3422803e57bd8f61b626,2026-10-05T00:20:00Z,Carolina Panthers,Detroit Lions,bovada,player_reception_yds,Amon-Ra St. Brown,Under,68.5,130,2026-10-04T23:45:19Z,rec_yds,2026-10-04,2026_04_DET_CAR,2026,4,0.0,0.0,75.0,8.0,75.0,-1,-1.0
20261004T234537Z,a73a76599a4f3422803e57bd8f61b626,2026-10-05T00:20:00Z,Carolina Panthers,Detroit Lions,bovada,player_reception_yds,Amon-Ra St. Brown,Over,78.5,-115,2026-10-04T23:45:19Z,rec_yds,2026-10-04,2026_04_DET_CAR,2026,4,0.0,0.0,75.0,8.0,75.0,-1,-1.0
20261004T234537Z,a73a76599a4f3422803e57bd8f61b626,2026-10-05T00:20:00Z,Carolina Panthers,Detroit Lions,bovada,player_reception_yds,Amon-Ra St. Brown,Under,78.5,-115,2026-10-04T23:45:19Z,rec_yds,2026-10-04,2026_04_DET_CAR,2026,4,0.0,0.0,75.0,8.0,75.0,1,0.8695652173913043
20261004T234537Z,a73a76599a4f3422803e57bd8f61b626,2026-10-05T00:20:00Z,Carolina Panthers,Detroit Lions,bovada,player_reception_yds,Amon-Ra St. Brown,Over,88.5,125,2026-10-04T23:45:19Z,rec_yds,2026-10-04,2026_04_DET_CAR,2026,4,0.0,0.0,75.0,8.0,75.0,-1,-1.0
20261004T234537Z,a73a76599a4f3422803e57bd8f61b626,2026-10-05T00:20:00Z,Carolina Panthers,Detroit Lions,bovada,player_reception_yds,Amon-Ra St. Brown,Under,88.5,-165,2026-10-04T23:45:19Z,rec_yds,2026-10-04,2026_04_DET_CAR,2026,4,0.0,0.0,75.0,8.0,75.0,1,0.6060606060606061
20261004T234537Z,a73a76599a4f3422803e57bd8f61b626,2026-10-05T00:20:00Z,Carolina Panthers,Detroit Lions,bovada,player_reception_yds,Amon-Ra St. Brown,Over,98.5,180,2026-10-04T23:45:19Z,rec_yds,2026-10-04,2026_04_DET_CAR,2026,4,0.0,0.0,75.0,8.0,75.0,-1,-1.0
20261004T234537Z,a73a76599a4f3422803e57bd8f61b626,2026-10-05T00:20:00Z,Carolina Panthers,Detroit Lions,bovada,player_reception_yds,Amon-Ra St. Brown,Under,98.5,-245,2026-10-04T23:45:19Z,rec_yds,2026-10-04,2026_04_DET_CAR,2026,4,0.0,0.0,75.0,8.0,75.0,1,0.40816326530612246
20261004T234537Z,a73a76599a4f3422803e57bd8f61b626,2026-10-05T00:20:00Z,Carolina Panthers,Detroit Lions,bovada,player_reception_yds,Brock Wright,Over,5.5,-115,2026-10-04T23:45:19Z,rec_yds,2026-10-04,2026_04_DET_CAR,2026,4,0.0,0.0,8.0,1.0,8.0,1,0.8695652173913043
20261004T234537Z,a73a76599a4f3422803e57bd8f61b626,2026-10-05T00:20:00Z,Carolina Panthers,Detroit Lions,bovada,player_reception_yds,Brock Wright,Under,5.5,-115,2026-10-04T23:45:19Z,rec_yds,2026-10-04,2026_04_DET_CAR,2026,4,0.0,0.0,8.0,1.0,8.0,-1,-1.0
20261004T234537Z,a73a76599a4f3422803e57bd8f61b626,2026-10-05T00:20:00Z,Carolina Panthers,Detroit Lions,bovada,player_reception_yds,Chuba Hubbard,Over,18.5,-110,2026-10-04T23:45:19Z,rec_yds,2026-10-04,2026_04_DET_CAR,2026,4,0.0,122.0,7.0,1.0,7.0,-1,-1.0
20261004T234537Z,a73a76599a4f3422803e57bd8f61b626,2026-10-05T00:20:00Z,Carolina Panthers,Detroit Lions,bovada,player_reception_yds,Chuba Hubbard,Under,18.5,-120,2026-10-04T23:45:19Z,rec_yds,2026-10-04,2026_04_DET_CAR,2026,4,0.0,122.0,7.0,1.0,7.0,1,0.8333333333333334
20261004T234537Z,a73a76599a4f3422803e57bd8f61b626,2026-10-05T00:20:00Z,Carolina Panthers,Detroit Lions,bovada,player_reception_yds,Darren Waller,Over,27.5,-210,2026-10-04T23:45:19Z,rec_yds,2026-10-04,2026_04_DET_CAR,2026,4,0.0,0.0,36.0,3.0,36.0,1,0.47619047619047616
20261004T234537Z,a73a76599a4f3422803e57bd8f61b626,2026-10-05T00:20:00Z,Carolina Panthers,Detroit Lions,bovada,player_reception_yds,Darren Waller,Under,27.5,155,2026-10-04T23:45:19Z,rec_yds,2026-10-04,2026_04_DET_CAR,2026,4,0.0,0.0,36.0,3.0,36.0,-1,-1.0
20261004T234537Z,a73a76599a4f3422803e57bd8f61b626,2026-10-05T00:20:00Z,Carolina Panthers,Detroit Lions,bovada,player_reception_yds,Darren Waller,Over,32.5,-150,2026-10-04T23:45:19Z,rec_yds,2026-10-04,2026_04_DET_CAR,2026,4,0.0,0.0,36.0,3.0,36.0,1,0.6666666666666666
20261004T234537Z,a73a76599a4f3422803e57bd8f61b626,2026-10-05T00:20:00Z,Carolina Panthers,Detroit Lions,bovada,player_reception_yds,Darren Waller,Under,32.5,115,2026-10-04T23:45:19Z,rec_yds,2026-10-04,2026_04_DET_CAR,2026,4,0.0,0.0,36.0,3.0,36.0,-1,-1.0
20261004T234537Z,a73a76599a4f3422803e57bd8f61b626,2026-10-05T00:20:00Z,Carolina Panthers,Detroit Lions,bovada,player_reception_yds,Darren Waller,Over,37.5,-110,2026-10-04T23:45:19Z,rec_yds,2026-10-04,2026_04_DET_CAR,2026,4,0.0,0.0,36.0,3.0,36.0,-1,-1.0
20261004T234537Z,a73a76599a4f3422803e57bd8f61b626,2026-10-05T00:20:00Z,Carolina Panthers,Detroit Lions,bovada,player_reception_yds,Darren Waller,Under,37.5,-120,2026-10-04T23:45:19Z,rec_yds,2026-10-04,2026_04_DET_CAR,2026,4,0.0,0.0,36.0,3.0,36.0,1,0.8333333333333334
20261004T234537Z,a73a76599a4f3422803e57bd8f61b626,2026-10-05T00:20:00Z,Carolina Panthers,Detroit Lions,bovada,player_reception_yds,Darren Waller,Over,42.5,120,2026-10-04T23:45:19Z,rec_yds,2026-10-04,2026_04_DET_CAR,2026,4,0.0,0.0,36.0,3.0,36.0,-1,-1.0
20261004T234537Z,a73a76599a4f3422803e57bd8f61b626,2026-10-05T00:20:00Z,Carolina Panthers,Detroit Lions,bovada,player_reception_yds,Darren Waller,Under,42.5,-160,2026-10-04T23:45:19Z,rec_yds,2026-10-04,2026_04_DET_CAR,2026,4,0.0,0.0,36.0,3.0,36.0,1,0.625
20261004T234537Z,a73a76599a4f3422803e57bd8f61b626,2026-10-05T00:20:00Z,Carolina Panthers,Detroit Lions,bovada,player_reception_yds,Darren Waller,Over,47.5,155,2026-10-04T23:45:19Z,rec_yds,2026-10-04,2026_04_DET_CAR,2026,4,0.0,0.0,36.0,3.0,36.0,-1,-1.0
20261004T234537Z,a73a76599a4f3422803e57bd8f61b626,2026-10-05T00:20:00Z,Carolina Panthers,Detroit Lions,bovada,player_reception_yds,Darren Waller,Under,47.5,-210,2026-10-04T23:45:19Z,rec_yds,2026-10-04,2026_04_DET_CAR,2026,4,0.0,0.0,36.0,3.0,36.0,1,0.47619047619047616
20261004T234537Z,a73a76599a4f3422803e57bd8f61b626,2026-10-05T00:20:00Z,Carolina Panthers,Detroit Lions,bovada,player_reception_yds,Isaac TeSlaa,Over,17.5,-120,2026-10-04T23:45:19Z,rec_yds,2026-10-04,2026_04_DET_CAR,2026,4,0.0,0.0,95.0,4.0,95.0,1,0.8333333333333334
20261004T234537Z,a73a76599a4f3422803e57bd8f61b626,2026-10-05T00:20:00Z,Carolina Panthers,Detroit Lions,bovada,player_reception_yds,Isaac TeSlaa,Under,17.5,-110,2026-10-04T23:45:19Z,rec_yds,2026-10-04,2026_04_DET_CAR,2026,4,0.0,0.0,95.0,4.0,95.0,-1,-1.0
20261004T234537Z,a73a76599a4f3422803e57bd8f61b626,2026-10-05T00:20:00Z,Carolina Panthers,Detroit Lions,bovada,player_reception_yds,Jahmyr Gibbs,Over,28.5,-210,2026-10-04T23:45:19Z,rec_yds,2026-10-04,2026_04_DET_CAR,2026,4,0.0,46.0,31.0,4.0,31.0,1,0.47619047619047616
20261004T234537Z,a73a76599a4f3422803e57bd8f61b626,2026-10-05T00:20:00Z,Carolina Panthers,Detroit Lions,bovada,player_reception_yds,Jahmyr Gibbs,Under,28.5,155,2026-10-04T23:45:19Z,rec_yds,2026-10-04,2026_04_DET_CAR,2026,4,0.0,46.0,31.0,4.0,31.0,-1,-1.0
20261004T234537Z,a73a76599a4f3422803e57bd8f61b626,2026-10-05T00:20:00Z,Carolina Panthers,Detroit Lions,bovada,player_reception_yds,Jahmyr Gibbs,Over,33.5,-145,2026-10-04T23:45:19Z,rec_yds,2026-10-04,2026_04_DET_CAR,2026,4,0.0,46.0,31.0,4.0,31.0,-1,-1.0
20261004T234537Z,a73a76599a4f3422803e57bd8f61b626,2026-10-05T00:20:00Z,Carolina Panthers,Detroit Lions,bovada,player_reception_yds,Jahmyr Gibbs,Under,33.5,110,2026-10-04T23:45:19Z,rec_yds,2026-10-04,2026_04_DET_CAR,2026,4,0.0,46.0,31.0,4.0,31.0,1,1.1
20261004T234537Z,a73a76599a4f3422803e57bd8f61b626,2026-10-05T00:20:00Z,Carolina Panthers,Detroit Lions,bovada,player_reception_yds,Jahmyr Gibbs,Over,38.5,-110,2026-10-04T23:45:19Z,rec_yds,2026-10-04,2026_04_DET_CAR,2026,4,0.0,46.0,31.0,4.0,31.0,-1,-1.0
20261004T234537Z,a73a76599a4f3422803e57bd8f61b626,2026-10-05T00:20:00Z,Carolina Panthers,Detroit Lions,bovada,player_reception_yds,Jahmyr Gibbs,Under,38.5,-120,2026-10-04T23:45:19Z,rec_yds,2026-10-04,2026_04_DET_CAR,2026,4,0.0,46.0,31.0,4.0,31.0,1,0.8333333333333334
20261004T234537Z,a73a76599a4f3422803e57bd8f61b626,2026-10-05T00:20:00Z,Carolina Panthers,Detroit Lions,bovada,player_reception_yds,Jahmyr Gibbs,Over,43.5,120,2026-10-04T23:45:19Z,rec_yds,2026-10-04,2026_04_DET_CAR,2026,4,0.0,46.0,31.0,4.0,31.0,-1,-1.0
20261004T234537Z,a73a76599a4f3422803e57bd8f61b626,2026-10-05T00:20:00Z,Carolina Panthers,Detroit Lions,bovada,player_reception_yds,Jahmyr Gibbs,Under,43.5,-160,2026-10-04T23:45:19Z,rec_yds,2026-10-04,2026_04_DET_CAR,2026,4,0.0,46.0,31.0,4.0,31.0,1,0.625
20261004T234537Z,a73a76599a4f3422803e57bd8f61b626,2026-10-05T00:20:00Z,Carolina Panthers,Detroit Lions,bovada,player_reception_yds,Jahmyr Gibbs,Over,48.5,150,2026-10-04T23:45:19Z,rec_yds,2026-10-04,2026_04_DET_CAR,2026,4,0.0,46.0,31.0,4.0,31.0,-1,-1.0
20261004T234537Z,a73a76599a4f3422803e57bd8f61b626,2026-10-05T00:20:00Z,Carolina Panthers,Detroit Lions,bovada,player_reception_yds,Jahmyr Gibbs,Under,48.5,-200,2026-10-04T23:45:19Z,rec_yds,2026-10-04,2026_04_DET_CAR,2026,4,0.0,46.0,31.0,4.0,31.0,1,0.5
20261004T234537Z,a73a76599a4f3422803e57bd8f61b626,2026-10-05T00:20:00Z,Carolina Panthers,Detroit Lions,bovada,player_reception_yds,Jameson Williams,Over,42.5,-190,2026-10-04T23:45:19Z,rec_yds,2026-10-04,2026_04_DET_CAR,2026,4,0.0,0.0,102.0,6.0,102.0,1,0.5263157894736842
20261004T234537Z,a73a76599a4f3422803e57bd8f61b626,2026-10-05T00:20:00Z,Carolina Panthers,Detroit Lions,bovada,player_reception_yds,Jameson Williams,Under,42.5,145,2026-10-04T23:45:19Z,rec_yds,2026-10-04,2026_04_DET_CAR,2026,4,0.0,0.0,102.0,6.0,102.0,-1,-1.0
20261004T234537Z,a73a76599a4f3422803e57bd8f61b626,2026-10-05T00:20:00Z,Carolina Panthers,Detroit Lions,bovada,player_reception_yds,Jameson Williams,Over,47.5,-145,2026-10-04T23:45:19Z,rec_yds,2026-10-04,2026_04_DET_CAR,2026,4,0.0,0.0,102.0,6.0,102.0,1,0.6896551724137931
20261004T234537Z,a73a76599a4f3422803e57bd8f61b626,2026-10-05T00:20:00Z,Carolina Panthers,Detroit Lions,bovada,player_reception_yds,Jameson Williams,Under,47.5,110,2026-10-04T23:45:19Z,rec_yds,2026-10-04,2026_04_DET_CAR,2026,4,0.0,0.0,102.0,6.0,102.0,-1,-1.0
20261004T234537Z,a73a76599a4f3422803e57bd8f61b626,2026-10-05T00:20:00Z,Carolina Panthers,Detroit Lions,bovada,player_reception_yds,Jameson Williams,Over,52.5,-115,2026-10-04T23:45:19Z,rec_yds,2026-10-04,2026_04_DET_CAR,2026,4,0.0,0.0,102.0,6.0,102.0,1,0.8695652173913043
20261004T234537Z,a73a76599a4f3422803e57bd8f61b626,2026-10-05T00:20:00Z,Carolina Panthers,Detroit Lions,bovada,player_reception_yds,Jameson Williams,Under,52.5,-115,2026-10-04T23:45:19Z,rec_yds,2026-10-04,2026_04_DET_CAR,2026,4,0.0,0.0,102.0,6.0,102.0,-1,-1.0
20261004T234537Z,a73a76599a4f3422803e57bd8f61b626,2026-10-05T00:20:00Z,Carolina Panthers,Detroit Lions,bovada,player_reception_yds,Jameson Williams,Over,57.5,110,2026-10-04T23:45:19Z,rec_yds,2026-10-04,2026_04_DET_CAR,2026,4,0.0,0.0,102.0,6.0,102.0,1,1.1
20261004T234537Z,a73a76599a4f3422803e57bd8f61b626,2026-10-05T00:20:00Z,Carolina Panthers,Detroit Lions,bovada,player_reception_yds,Jameson Williams,Under,57.5,-145,2026-10-04T23:45:19Z,rec_yds,2026-10-04,2026_04_DET_CAR,2026,4,0.0,0.0,102.0,6.0,102.0,-1,-1.0
20261004T234537Z,a73a76599a4f3422803e57bd8f61b626,2026-10-05T00:20:00Z,Carolina Panthers,Detroit Lions,bovada,player_reception_yds,Jameson Williams,Over,62.5,135,2026-10-04T23:45:19Z,rec_yds,2026-10-04,2026_04_DET_CAR,2026,4,0.0,0.0,102.0,6.0,102.0,1,1.35
20261004T234537Z,a73a76599a4f3422803e57bd8f61b626,2026-10-05T00:20:00Z,Carolina Panthers,Detroit Lions,bovada,player_reception_yds,Jameson Williams,Under,62.5,-180,2026-10-04T23:45:19Z,rec_yds,2026-10-04,2026_04_DET_CAR,2026,4,0.0,0.0,102.0,6.0,102.0,-1,-1.0
20261004T234537Z,a73a76599a4f3422803e57bd8f61b626,2026-10-05T00:20:00Z,Carolina Panthers,Detroit Lions,bovada,player_reception_yds,Sam LaPorta,Over,39.5,-210,2026-10-04T23:45:19Z,rec_yds,2026-10-04,2026_04_DET_CAR,2026,4,0.0,0.0,84.0,8.0,84.0,1,0.47619047619047616
20261004T234537Z,a73a76599a4f3422803e57bd8f61b626,2026-10-05T00:20:00Z,Carolina Panthers,Detroit Lions,bovada,player_reception_yds,Sam LaPorta,Under,39.5,155,2026-10-04T23:45:19Z,rec_yds,2026-10-04,2026_04_DET_CAR,2026,4,0.0,0.0,84.0,8.0,84.0,-1,-1.0
20261004T234537Z,a73a76599a4f3422803e57bd8f61b626,2026-10-05T00:20:00Z,Carolina Panthers,Detroit Lions,bovada,player_reception_yds,Sam LaPorta,Over,44.5,-160,2026-10-04T23:45:19Z,rec_yds,2026-10-04,2026_04_DET_CAR,2026,4,0.0,0.0,84.0,8.0,84.0,1,0.625
20261004T234537Z,a73a76599a4f3422803e57bd8f61b626,2026-10-05T00:20:00Z,Carolina Panthers,Detroit Lions,bovada,player_reception_yds,Sam LaPorta,Under,44.5,120,2026-10-04T23:45:19Z,rec_yds,2026-10-04,2026_04_DET_CAR,2026,4,0.0,0.0,84.0,8.0,84.0,-1,-1.0
20261004T234537Z,a73a76599a4f3422803e57bd8f61b626,2026-10-05T00:20:00Z,Carolina Panthers,Detroit Lions,bovada,player_reception_yds,Sam LaPorta,Over,49.5,-120,2026-10-04T23:45:19Z,rec_yds,2026-10-04,2026_04_DET_CAR,2026,4,0.0,0.0,84.0,8.0,84.0,1,0.8333333333333334
20261004T234537Z,a73a76599a4f3422803e57bd8f61b626,2026-10-05T00:20:00Z,Carolina Panthers,Detroit Lions,bovada,player_reception_yds,Sam LaPorta,Under,49.5,-110,2026-10-04T23:45:19Z,rec_yds,2026-10-04,2026_04_DET_CAR,2026,4,0.0,0.0,84.0,8.0,84.0,-1,-1.0
20261004T234537Z,a73a76599a4f3422803e57bd8f61b626,2026-10-05T00:20:00Z,Carolina Panthers,Detroit Lions,bovada,player_reception_yds,Sam LaPorta,Over,54.5,105,2026-10-04T23:45:19Z,rec_yds,2026-10-04,2026_04_DET_CAR,2026,4,0.0,0.0,84.0,8.0,84.0,1,1.05
20261004T234537Z,a73a76599a4f3422803e57bd8f61b626,2026-10-05T00:20:00Z,Carolina Panthers,Detroit Lions,bovada,player_reception_yds,Sam LaPorta,Under,54.5,-135,2026-10-04T23:45:19Z,rec_yds,2026-10-04,2026_04_DET_CAR,2026,4,0.0,0.0,84.0,8.0,84.0,-1,-1.0
20261004T234537Z,a73a76599a4f3422803e57bd8f61b626,2026-10-05T00:20:00Z,Carolina Panthers,Detroit Lions,bovada,player_reception_yds,Sam LaPorta,Over,59.5,135,2026-10-04T23:45:19Z,rec_yds,2026-10-04,2026_04_DET_CAR,2026,4,0.0,0.0,84.0,8.0,84.0,1,1.35
20261004T234537Z,a73a76599a4f3422803e57bd8f61b626,2026-10-05T00:20:00Z,Carolina Panthers,Detroit Lions,bovada,player_reception_yds,Sam LaPorta,Under,59.5,-180,2026-10-04T23:45:19Z,rec_yds,2026-10-04,2026_04_DET_CAR,2026,4,0.0,0.0,84.0,8.0,84.0,-1,-1.0
20261004T234537Z,a73a76599a4f3422803e57bd8f61b626,2026-10-05T00:20:00Z,Carolina Panthers,Detroit Lions,bovada,player_reception_yds,Tetairoa McMillan,Over,63.5,-185,2026-10-04T23:45:19Z,rec_yds,2026-10-04,2026_04_DET_CAR,2026,4,0.0,0.0,192.0,14.0,192.0,1,0.5405405405405406
20261004T234537Z,a73a76599a4f3422803e57bd8f61b626,2026-10-05T00:20:00Z,Carolina Panthers,Detroit Lions,bovada,player_reception_yds,Tetairoa McMillan,Under,63.5,140,2026-10-04T23:45:19Z,rec_yds,2026-10-04,2026_04_DET_CAR,2026,4,0.0,0.0,192.0,14.0,192.0,-1,-1.0
20261004T234537Z,a73a76599a4f3422803e57bd8f61b626,2026-10-05T00:20:00Z,Carolina Panthers,Detroit Lions,bovada,player_reception_yds,Tetairoa McMillan,Over,68.5,-145,2026-10-04T23:45:19Z,rec_yds,2026-10-04,2026_04_DET_CAR,2026,4,0.0,0.0,192.0,14.0,192.0,1,0.6896551724137931
20261004T234537Z,a73a76599a4f3422803e57bd8f61b626,2026-10-05T00:20:00Z,Carolina Panthers,Detroit Lions,bovada,player_reception_yds,Tetairoa McMillan,Under,68.5,110,2026-10-04T23:45:19Z,rec_yds,2026-10-04,2026_04_DET_CAR,2026,4,0.0,0.0,192.0,14.0,192.0,-1,-1.0
20261004T234537Z,a73a76599a4f3422803e57bd8f61b626,2026-10-05T00:20:00Z,Carolina Panthers,Detroit Lions,bovada,player_reception_yds,Tetairoa McMillan,Over,73.5,-120,2026-10-04T23:45:19Z,rec_yds,2026-10-04,2026_04_DET_CAR,2026,4,0.0,0.0,192.0,14.0,192.0,1,0.8333333333333334
20261004T234537Z,a73a76599a4f3422803e57bd8f61b626,2026-10-05T00:20:00Z,Carolina Panthers,Detroit Lions,bovada,player_reception_yds,Tetairoa McMillan,Under,73.5,-110,2026-10-04T23:45:19Z,rec_yds,2026-10-04,2026_04_DET_CAR,2026,4,0.0,0.0,192.0,14.0,192.0,-1,-1.0
20261004T234537Z,a73a76599a4f3422803e57bd8f61b626,2026-10-05T00:20:00Z,Carolina Panthers,Detroit Lions,bovada,player_reception_yds,Tetairoa McMillan,Over,78.5,105,2026-10-04T23:45:19Z,rec_yds,2026-10-04,2026_04_DET_CAR,2026,4,0.0,0.0,192.0,14.0,192.0,1,1.05
20261004T234537Z,a73a76599a4f3422803e57bd8f61b626,2026-10-05T00:20:00Z,Carolina Panthers,Detroit Lions,bovada,player_reception_yds,Tetairoa McMillan,Under,78.5,-135,2026-10-04T23:45:19Z,rec_yds,2026-10-04,2026_04_DET_CAR,2026,4,0.0,0.0,192.0,14.0,192.0,-1,-1.0
20261004T234537Z,a73a76599a4f3422803e57bd8f61b626,2026-10-05T00:20:00Z,Carolina Panthers,Detroit Lions,bovada,player_reception_yds,Tetairoa McMillan,Over,83.5,125,2026-10-04T23:45:19Z,rec_yds,2026-10-04,2026_04_DET_CAR,2026,4,0.0,0.0,192.0,14.0,192.0,1,1.25
20261004T234537Z,a73a76599a4f3422803e57bd8f61b626,2026-10-05T00:20:00Z,Carolina Panthers,Detroit Lions,bovada,player_reception_yds,Tetairoa McMillan,Under,83.5,-165,2026-10-04T23:45:19Z,rec_yds,2026-10-04,2026_04_DET_CAR,2026,4,0.0,0.0,192.0,14.0,192.0,-1,-1.0
20261004T234537Z,a73a76599a4f3422803e57bd8f61b626,2026-10-05T00:20:00Z,Carolina Panthers,Detroit Lions,bovada,player_reception_yds,Tommy Tremble,Over,13.5,-115,2026-10-04T23:45:19Z,rec_yds,2026-10-04,2026_04_DET_CAR,2026,4,0.0,0.0,12.0,4.0,12.0,-1,-1.0
20261004T234537Z,a73a76599a4f3422803e57bd8f61b626,2026-10-05T00:20:00Z,Carolina Panthers,Detroit Lions,bovada,player_reception_yds,Tommy Tremble,Under,13.5,-115,2026-10-04T23:45:19Z,rec_yds,2026-10-04,2026_04_DET_CAR,2026,4,0.0,0.0,12.0,4.0,12.0,1,0.8695652173913043
20261004T234537Z,a73a76599a4f3422803e57bd8f61b626,2026-10-05T00:20:00Z,Carolina Panthers,Detroit Lions,bovada,player_receptions,Amon-Ra St. Brown,Over,7.5,110,2026-10-04T23:45:19Z,receptions,2026-10-04,2026_04_DET_CAR,2026,4,0.0,0.0,75.0,8.0,8.0,1,1.1
20261004T234537Z,a73a76599a4f3422803e57bd8f61b626,2026-10-05T00:20:00Z,Carolina Panthers,Detroit Lions,bovada,player_receptions,Amon-Ra St. Brown,Under,7.5,-145,2026-10-04T23:45:19Z,receptions,2026-10-04,2026_04_DET_CAR,2026,4,0.0,0.0,75.0,8.0,8.0,-1,-1.0
20261004T234537Z,a73a76599a4f3422803e57bd8f61b626,2026-10-05T00:20:00Z,Carolina Panthers,Detroit Lions,bovada,player_receptions,Brock Wright,Over,0.5,-150,2026-10-04T23:45:19Z,receptions,2026-10-04,2026_04_DET_CAR,2026,4,0.0,0.0,8.0,1.0,1.0,1,0.6666666666666666
20261004T234537Z,a73a76599a4f3422803e57bd8f61b626,2026-10-05T00:20:00Z,Carolina Panthers,Detroit Lions,bovada,player_receptions,Brock Wright,Under,0.5,115,2026-10-04T23:45:19Z,receptions,2026-10-04,2026_04_DET_CAR,2026,4,0.0,0.0,8.0,1.0,1.0,-1,-1.0
20261004T234537Z,a73a76599a4f3422803e57bd8f61b626,2026-10-05T00:20:00Z,Carolina Panthers,Detroit Lions,bovada,player_receptions,Chuba Hubbard,Over,2.5,-150,2026-10-04T23:45:19Z,receptions,2026-10-04,2026_04_DET_CAR,2026,4,0.0,122.0,7.0,1.0,1.0,-1,-1.0
20261004T234537Z,a73a76599a4f3422803e57bd8f61b626,2026-10-05T00:20:00Z,Carolina Panthers,Detroit Lions,bovada,player_receptions,Chuba Hubbard,Under,2.5,115,2026-10-04T23:45:19Z,receptions,2026-10-04,2026_04_DET_CAR,2026,4,0.0,122.0,7.0,1.0,1.0,1,1.15
20261004T234537Z,a73a76599a4f3422803e57bd8f61b626,2026-10-05T00:20:00Z,Carolina Panthers,Detroit Lions,bovada,player_receptions,Darren Waller,Over,3.5,-120,2026-10-04T23:45:19Z,receptions,2026-10-04,2026_04_DET_CAR,2026,4,0.0,0.0,36.0,3.0,3.0,-1,-1.0
20261004T234537Z,a73a76599a4f3422803e57bd8f61b626,2026-10-05T00:20:00Z,Carolina Panthers,Detroit Lions,bovada,player_receptions,Darren Waller,Under,3.5,-110,2026-10-04T23:45:19Z,receptions,2026-10-04,2026_04_DET_CAR,2026,4,0.0,0.0,36.0,3.0,3.0,1,0.9090909090909091
20261004T234537Z,a73a76599a4f3422803e57bd8f61b626,2026-10-05T00:20:00Z,Carolina Panthers,Detroit Lions,bovada,player_receptions,Isaac TeSlaa,Over,1.5,-110,2026-10-04T23:45:19Z,receptions,2026-10-04,2026_04_DET_CAR,2026,4,0.0,0.0,95.0,4.0,4.0,1,0.9090909090909091
20261004T234537Z,a73a76599a4f3422803e57bd8f61b626,2026-10-05T00:20:00Z,Carolina Panthers,Detroit Lions,bovada,player_receptions,Isaac TeSlaa,Under,1.5,-120,2026-10-04T23:45:19Z,receptions,2026-10-04,2026_04_DET_CAR,2026,4,0.0,0.0,95.0,4.0,4.0,-1,-1.0
20261004T234537Z,a73a76599a4f3422803e57bd8f61b626,2026-10-05T00:20:00Z,Carolina Panthers,Detroit Lions,bovada,player_receptions,Jahmyr Gibbs,Over,4.5,-125,2026-10-04T23:45:19Z,receptions,2026-10-04,2026_04_DET_CAR,2026,4,0.0,46.0,31.0,4.0,4.0,-1,-1.0
20261004T234537Z,a73a76599a4f3422803e57bd8f61b626,2026-10-05T00:20:00Z,Carolina Panthers,Detroit Lions,bovada,player_receptions,Jahmyr Gibbs,Under,4.5,-105,2026-10-04T23:45:19Z,receptions,2026-10-04,2026_04_DET_CAR,2026,4,0.0,46.0,31.0,4.0,4.0,1,0.9523809523809523
20261004T234537Z,a73a76599a4f3422803e57bd8f61b626,2026-10-05T00:20:00Z,Carolina Panthers,Detroit Lions,bovada,player_receptions,Jameson Williams,Over,3.5,-110,2026-10-04T23:45:19Z,receptions,2026-10-04,2026_04_DET_CAR,2026,4,0.0,0.0,102.0,6.0,6.0,1,0.9090909090909091
20261004T234537Z,a73a76599a4f3422803e57bd8f61b626,2026-10-05T00:20:00Z,Carolina Panthers,Detroit Lions,bovada,player_receptions,Jameson Williams,Under,3.5,-120,2026-10-04T23:45:19Z,receptions,2026-10-04,2026_04_DET_CAR,2026,4,0.0,0.0,102.0,6.0,6.0,-1,-1.0
20261004T234537Z,a73a76599a4f3422803e57bd8f61b626,2026-10-05T00:20:00Z,Carolina Panthers,Detroit Lions,bovada,player_receptions,Sam LaPorta,Over,4.5,110,2026-10-04T23:45:19Z,receptions,2026-10-04,2026_04_DET_CAR,2026,4,0.0,0.0,84.0,8.0,8.0,1,1.1
20261004T234537Z,a73a76599a4f3422803e57bd8f61b626,2026-10-05T00:20:00Z,Carolina Panthers,Detroit Lions,bovada,player_receptions,Sam LaPorta,Under,4.5,-145,2026-10-04T23:45:19Z,receptions,2026-10-04,2026_04_DET_CAR,2026,4,0.0,0.0,84.0,8.0,8.0,-1,-1.0
20261004T234537Z,a73a76599a4f3422803e57bd8f61b626,2026-10-05T00:20:00Z,Carolina Panthers,Detroit Lions,bovada,player_receptions,Tetairoa McMillan,Over,5.5,105,2026-10-04T23:45:19Z,receptions,2026-10-04,2026_04_DET_CAR,2026,4,0.0,0.0,192.0,14.0,14.0,1,1.05
20261004T234537Z,a73a76599a4f3422803e57bd8f61b626,2026-10-05T00:20:00Z,Carolina Panthers,Detroit Lions,bovada,player_receptions,Tetairoa McMillan,Under,5.5,-135,2026-10-04T23:45:19Z,receptions,2026-10-04,2026_04_DET_CAR,2026,4,0.0,0.0,192.0,14.0,14.0,-1,-1.0
20261004T234537Z,a73a76599a4f3422803e57bd8f61b626,2026-10-05T00:20:00Z,Carolina Panthers,Detroit Lions,bovada,player_receptions,Tommy Tremble,Over,1.5,-160,2026-10-04T23:45:19Z,receptions,2026-10-04,2026_04_DET_CAR,2026,4,0.0,0.0,12.0,4.0,4.0,1,0.625
20261004T234537Z,a73a76599a4f3422803e57bd8f61b626,2026-10-05T00:20:00Z,Carolina Panthers,Detroit Lions,bovada,player_receptions,Tommy Tremble,Under,1.5,120,2026-10-04T23:45:19Z,receptions,2026-10-04,2026_04_DET_CAR,2026,4,0.0,0.0,12.0,4.0,4.0,-1,-1.0
20261004T234537Z,a73a76599a4f3422803e57bd8f61b626,2026-10-05T00:20:00Z,Carolina Panthers,Detroit Lions,bovada,player_rush_yds,AJ Dillon,Over,12.5,-115,2026-10-04T23:45:19Z,rush_yds,2026-10-04,2026_04_DET_CAR,2026,4,0.0,2.0,5.0,1.0,2.0,-1,-1.0
20261004T234537Z,a73a76599a4f3422803e57bd8f61b626,2026-10-05T00:20:00Z,Carolina Panthers,Detroit Lions,bovada,player_rush_yds,AJ Dillon,Under,12.5,-115,2026-10-04T23:45:19Z,rush_yds,2026-10-04,2026_04_DET_CAR,2026,4,0.0,2.0,5.0,1.0,2.0,1,0.8695652173913043
20261004T234537Z,a73a76599a4f3422803e57bd8f61b626,2026-10-05T00:20:00Z,Carolina Panthers,Detroit Lions,bovada,player_rush_yds,Bryce Young,Over,12.5,-120,2026-10-04T23:45:19Z,rush_yds,2026-10-04,2026_04_DET_CAR,2026,4,329.0,3.0,0.0,0.0,3.0,-1,-1.0
20261004T234537Z,a73a76599a4f3422803e57bd8f61b626,2026-10-05T00:20:00Z,Carolina Panthers,Detroit Lions,bovada,player_rush_yds,Bryce Young,Under,12.5,-110,2026-10-04T23:45:19Z,rush_yds,2026-10-04,2026_04_DET_CAR,2026,4,329.0,3.0,0.0,0.0,3.0,1,0.9090909090909091
20261004T234537Z,a73a76599a4f3422803e57bd8f61b626,2026-10-05T00:20:00Z,Carolina Panthers,Detroit Lions,bovada,player_rush_yds,Chuba Hubbard,Over,46.5,-400,2026-10-04T23:45:19Z,rush_yds,2026-10-04,2026_04_DET_CAR,2026,4,0.0,122.0,7.0,1.0,122.0,1,0.25
20261004T234537Z,a73a76599a4f3422803e57bd8f61b626,2026-10-05T00:20:00Z,Carolina Panthers,Detroit Lions,bovada,player_rush_yds,Chuba Hubbard,Under,46.5,275,2026-10-04T23:45:19Z,rush_yds,2026-10-04,2026_04_DET_CAR,2026,4,0.0,122.0,7.0,1.0,122.0,-1,-1.0
20261004T234537Z,a73a76599a4f3422803e57bd8f61b626,2026-10-05T00:20:00Z,Carolina Panthers,Detroit Lions,bovada,player_rush_yds,Chuba Hubbard,Over,56.5,-200,2026-10-04T23:45:19Z,rush_yds,2026-10-04,2026_04_DET_CAR,2026,4,0.0,122.0,7.0,1.0,122.0,1,0.5
20261004T234537Z,a73a76599a4f3422803e57bd8f61b626,2026-10-05T00:20:00Z,Carolina Panthers,Detroit Lions,bovada,player_rush_yds,Chuba Hubbard,Under,56.5,150,2026-10-04T23:45:19Z,rush_yds,2026-10-04,2026_04_DET_CAR,2026,4,0.0,122.0,7.0,1.0,122.0,-1,-1.0
20261004T234537Z,a73a76599a4f3422803e57bd8f61b626,2026-10-05T00:20:00Z,Carolina Panthers,Detroit Lions,bovada,player_rush_yds,Chuba Hubbard,Over,66.5,-115,2026-10-04T23:45:19Z,rush_yds,2026-10-04,2026_04_DET_CAR,2026,4,0.0,122.0,7.0,1.0,122.0,1,0.8695652173913043
20261004T234537Z,a73a76599a4f3422803e57bd8f61b626,2026-10-05T00:20:00Z,Carolina Panthers,Detroit Lions,bovada,player_rush_yds,Chuba Hubbard,Under,66.5,-115,2026-10-04T23:45:19Z,rush_yds,2026-10-04,2026_04_DET_CAR,2026,4,0.0,122.0,7.0,1.0,122.0,-1,-1.0
20261004T234537Z,a73a76599a4f3422803e57bd8f61b626,2026-10-05T00:20:00Z,Carolina Panthers,Detroit Lions,bovada,player_rush_yds,Chuba Hubbard,Over,76.5,145,2026-10-04T23:45:19Z,rush_yds,2026-10-04,2026_04_DET_CAR,2026,4,0.0,122.0,7.0,1.0,122.0,1,1.45
20261004T234537Z,a73a76599a4f3422803e57bd8f61b626,2026-10-05T00:20:00Z,Carolina Panthers,Detroit Lions,bovada,player_rush_yds,Chuba Hubbard,Under,76.5,-190,2026-10-04T23:45:19Z,rush_yds,2026-10-04,2026_04_DET_CAR,2026,4,0.0,122.0,7.0,1.0,122.0,-1,-1.0
20261004T234537Z,a73a76599a4f3422803e57bd8f61b626,2026-10-05T00:20:00Z,Carolina Panthers,Detroit Lions,bovada,player_rush_yds,Chuba Hubbard,Over,86.5,225,2026-10-04T23:45:19Z,rush_yds,2026-10-04,2026_04_DET_CAR,2026,4,0.0,122.0,7.0,1.0,122.0,1,2.25
20261004T234537Z,a73a76599a4f3422803e57bd8f61b626,2026-10-05T00:20:00Z,Carolina Panthers,Detroit Lions,bovada,player_rush_yds,Chuba Hubbard,Under,86.5,-310,2026-10-04T23:45:19Z,rush_yds,2026-10-04,2026_04_DET_CAR,2026,4,0.0,122.0,7.0,1.0,122.0,-1,-1.0
20261004T234537Z,a73a76599a4f3422803e57bd8f61b626,2026-10-05T00:20:00Z,Carolina Panthers,Detroit Lions,bovada,player_rush_yds,Jahmyr Gibbs,Over,78.5,-300,2026-10-04T23:45:19Z,rush_yds,2026-10-04,2026_04_DET_CAR,2026,4,0.0,46.0,31.0,4.0,46.0,-1,-1.0
20261004T234537Z,a73a76599a4f3422803e57bd8f61b626,2026-10-05T00:20:00Z,Carolina Panthers,Detroit Lions,bovada,player_rush_yds,Jahmyr Gibbs,Under,78.5,215,2026-10-04T23:45:19Z,rush_yds,2026-10-04,2026_04_DET_CAR,2026,4,0.0,46.0,31.0,4.0,46.0,1,2.15
20261004T234537Z,a73a76599a4f3422803e57bd8f61b626,2026-10-05T00:20:00Z,Carolina Panthers,Detroit Lions,bovada,player_rush_yds,Jahmyr Gibbs,Over,88.5,-180,2026-10-04T23:45:19Z,rush_yds,2026-10-04,2026_04_DET_CAR,2026,4,0.0,46.0,31.0,4.0,46.0,-1,-1.0
20261004T234537Z,a73a76599a4f3422803e57bd8f61b626,2026-10-05T00:20:00Z,Carolina Panthers,Detroit Lions,bovada,player_rush_yds,Jahmyr Gibbs,Under,88.5,135,2026-10-04T23:45:19Z,rush_yds,2026-10-04,2026_04_DET_CAR,2026,4,0.0,46.0,31.0,4.0,46.0,1,1.35
20261004T234537Z,a73a76599a4f3422803e57bd8f61b626,2026-10-05T00:20:00Z,Carolina Panthers,Detroit Lions,bovada,player_rush_yds,Jahmyr Gibbs,Over,98.5,-115,2026-10-04T23:45:19Z,rush_yds,2026-10-04,2026_04_DET_CAR,2026,4,0.0,46.0,31.0,4.0,46.0,-1,-1.0
20261004T234537Z,a73a76599a4f3422803e57bd8f61b626,2026-10-05T00:20:00Z,Carolina Panthers,Detroit Lions,bovada,player_rush_yds,Jahmyr Gibbs,Under,98.5,-115,2026-10-04T23:45:19Z,rush_yds,2026-10-04,2026_04_DET_CAR,2026,4,0.0,46.0,31.0,4.0,46.0,1,0.8695652173913043
20261004T234537Z,a73a76599a4f3422803e57bd8f61b626,2026-10-05T00:20:00Z,Carolina Panthers,Detroit Lions,bovada,player_rush_yds,Jahmyr Gibbs,Over,108.5,130,2026-10-04T23:45:19Z,rush_yds,2026-10-04,2026_04_DET_CAR,2026,4,0.0,46.0,31.0,4.0,46.0,-1,-1.0
20261004T234537Z,a73a76599a4f3422803e57bd8f61b626,2026-10-05T00:20:00Z,Carolina Panthers,Detroit Lions,bovada,player_rush_yds,Jahmyr Gibbs,Under,108.5,-170,2026-10-04T23:45:19Z,rush_yds,2026-10-04,2026_04_DET_CAR,2026,4,0.0,46.0,31.0,4.0,46.0,1,0.5882352941176471
20261004T234537Z,a73a76599a4f3422803e57bd8f61b626,2026-10-05T00:20:00Z,Carolina Panthers,Detroit Lions,bovada,player_rush_yds,Jahmyr Gibbs,Over,118.5,190,2026-10-04T23:45:19Z,rush_yds,2026-10-04,2026_04_DET_CAR,2026,4,0.0,46.0,31.0,4.0,46.0,-1,-1.0
20261004T234537Z,a73a76599a4f3422803e57bd8f61b626,2026-10-05T00:20:00Z,Carolina Panthers,Detroit Lions,bovada,player_rush_yds,Jahmyr Gibbs,Under,118.5,-260,2026-10-04T23:45:19Z,rush_yds,2026-10-04,2026_04_DET_CAR,2026,4,0.0,46.0,31.0,4.0,46.0,1,0.38461538461538464
20261004T234537Z,a73a76599a4f3422803e57bd8f61b626,2026-10-05T00:20:00Z,Carolina Panthers,Detroit Lions,bovada,player_rush_yds,Jared Goff,Over,0.5,-125,2026-10-04T23:45:19Z,rush_yds,2026-10-04,2026_04_DET_CAR,2026,4,412.0,0.0,0.0,0.0,0.0,-1,-1.0
20261004T234537Z,a73a76599a4f3422803e57bd8f61b626,2026-10-05T00:20:00Z,Carolina Panthers,Detroit Lions,bovada,player_rush_yds,Jared Goff,Under,0.5,-105,2026-10-04T23:45:19Z,rush_yds,2026-10-04,2026_04_DET_CAR,2026,4,412.0,0.0,0.0,0.0,0.0,1,0.9523809523809523
20261004T234537Z,a73a76599a4f3422803e57bd8f61b626,2026-10-05T00:20:00Z,Carolina Panthers,Detroit Lions,bovada,player_rush_yds,Sione Vaki,Over,11.5,-120,2026-10-04T23:45:19Z,rush_yds,2026-10-04,2026_04_DET_CAR,2026,4,0.0,0.0,17.0,1.0,0.0,-1,-1.0
20261004T234537Z,a73a76599a4f3422803e57bd8f61b626,2026-10-05T00:20:00Z,Carolina Panthers,Detroit Lions,bovada,player_rush_yds,Sione Vaki,Under,11.5,-110,2026-10-04T23:45:19Z,rush_yds,2026-10-04,2026_04_DET_CAR,2026,4,0.0,0.0,17.0,1.0,0.0,1,0.9090909090909091
20261004T234537Z,a73a76599a4f3422803e57bd8f61b626,2026-10-05T00:20:00Z,Carolina Panthers,Detroit Lions,betmgm,player_pass_yds,Jared Goff,Over,259.5,105,2026-10-04T23:45:34Z,pass_yds,2026-10-04,2026_04_DET_CAR,2026,4,412.0,0.0,0.0,0.0,412.0,1,1.05
20261004T234537Z,a73a76599a4f3422803e57bd8f61b626,2026-10-05T00:20:00Z,Carolina Panthers,Detroit Lions,betmgm,player_pass_yds,Jared Goff,Under,259.5,-140,2026-10-04T23:45:34Z,pass_yds,2026-10-04,2026_04_DET_CAR,2026,4,412.0,0.0,0.0,0.0,412.0,-1,-1.0
20261004T234537Z,a73a76599a4f3422803e57bd8f61b626,2026-10-05T00:20:00Z,Carolina Panthers,Detroit Lions,betmgm,player_pass_yds,Bryce Young,Over,244.5,-120,2026-10-04T23:45:34Z,pass_yds,2026-10-04,2026_04_DET_CAR,2026,4,329.0,3.0,0.0,0.0,329.0,1,0.8333333333333334
20261004T234537Z,a73a76599a4f3422803e57bd8f61b626,2026-10-05T00:20:00Z,Carolina Panthers,Detroit Lions,betmgm,player_pass_yds,Bryce Young,Under,244.5,-110,2026-10-04T23:45:34Z,pass_yds,2026-10-04,2026_04_DET_CAR,2026,4,329.0,3.0,0.0,0.0,329.0,-1,-1.0
20261004T234537Z,a73a76599a4f3422803e57bd8f61b626,2026-10-05T00:20:00Z,Carolina Panthers,Detroit Lions,betmgm,player_reception_yds,Sam LaPorta,Over,45.5,-115,2026-10-04T23:45:34Z,rec_yds,2026-10-04,2026_04_DET_CAR,2026,4,0.0,0.0,84.0,8.0,84.0,1,0.8695652173913043
20261004T234537Z,a73a76599a4f3422803e57bd8f61b626,2026-10-05T00:20:00Z,Carolina Panthers,Detroit Lions,betmgm,player_reception_yds,Sam LaPorta,Under,45.5,-115,2026-10-04T23:45:34Z,rec_yds,2026-10-04,2026_04_DET_CAR,2026,4,0.0,0.0,84.0,8.0,84.0,-1,-1.0
20261004T234537Z,a73a76599a4f3422803e57bd8f61b626,2026-10-05T00:20:00Z,Carolina Panthers,Detroit Lions,betmgm,player_reception_yds,Jahmyr Gibbs,Over,37.5,-115,2026-10-04T23:45:34Z,rec_yds,2026-10-04,2026_04_DET_CAR,2026,4,0.0,46.0,31.0,4.0,31.0,-1,-1.0
20261004T234537Z,a73a76599a4f3422803e57bd8f61b626,2026-10-05T00:20:00Z,Carolina Panthers,Detroit Lions,betmgm,player_reception_yds,Jahmyr Gibbs,Under,37.5,-115,2026-10-04T23:45:34Z,rec_yds,2026-10-04,2026_04_DET_CAR,2026,4,0.0,46.0,31.0,4.0,31.0,1,0.8695652173913043
20261004T234537Z,a73a76599a4f3422803e57bd8f61b626,2026-10-05T00:20:00Z,Carolina Panthers,Detroit Lions,betmgm,player_reception_yds,Jameson Williams,Over,48.5,-135,2026-10-04T23:45:34Z,rec_yds,2026-10-04,2026_04_DET_CAR,2026,4,0.0,0.0,102.0,6.0,102.0,1,0.7407407407407407
20261004T234537Z,a73a76599a4f3422803e57bd8f61b626,2026-10-05T00:20:00Z,Carolina Panthers,Detroit Lions,betmgm,player_reception_yds,Jameson Williams,Under,48.5,100,2026-10-04T23:45:34Z,rec_yds,2026-10-04,2026_04_DET_CAR,2026,4,0.0,0.0,102.0,6.0,102.0,-1,-1.0
20261004T234537Z,a73a76599a4f3422803e57bd8f61b626,2026-10-05T00:20:00Z,Carolina Panthers,Detroit Lions,betmgm,player_reception_yds,Isaac TeSlaa,Over,17.5,-115,2026-10-04T23:45:34Z,rec_yds,2026-10-04,2026_04_DET_CAR,2026,4,0.0,0.0,95.0,4.0,95.0,1,0.8695652173913043
20261004T234537Z,a73a76599a4f3422803e57bd8f61b626,2026-10-05T00:20:00Z,Carolina Panthers,Detroit Lions,betmgm,player_reception_yds,Isaac TeSlaa,Under,17.5,-115,2026-10-04T23:45:34Z,rec_yds,2026-10-04,2026_04_DET_CAR,2026,4,0.0,0.0,95.0,4.0,95.0,-1,-1.0
20261004T234537Z,a73a76599a4f3422803e57bd8f61b626,2026-10-05T00:20:00Z,Carolina Panthers,Detroit Lions,betmgm,player_reception_yds,Tommy Tremble,Over,14.5,-115,2026-10-04T23:45:34Z,rec_yds,2026-10-04,2026_04_DET_CAR,2026,4,0.0,0.0,12.0,4.0,12.0,-1,-1.0
20261004T234537Z,a73a76599a4f3422803e57bd8f61b626,2026-10-05T00:20:00Z,Carolina Panthers,Detroit Lions,betmgm,player_reception_yds,Tommy Tremble,Under,14.5,-115,2026-10-04T23:45:34Z,rec_yds,2026-10-04,2026_04_DET_CAR,2026,4,0.0,0.0,12.0,4.0,12.0,1,0.8695652173913043
20261004T234537Z,a73a76599a4f3422803e57bd8f61b626,2026-10-05T00:20:00Z,Carolina Panthers,Detroit Lions,betmgm,player_reception_yds,Amon-Ra St. Brown,Over,77.5,-115,2026-10-04T23:45:34Z,rec_yds,2026-10-04,2026_04_DET_CAR,2026,4,0.0,0.0,75.0,8.0,75.0,-1,-1.0
20261004T234537Z,a73a76599a4f3422803e57bd8f61b626,2026-10-05T00:20:00Z,Carolina Panthers,Detroit Lions,betmgm,player_reception_yds,Amon-Ra St. Brown,Under,77.5,-115,2026-10-04T23:45:34Z,rec_yds,2026-10-04,2026_04_DET_CAR,2026,4,0.0,0.0,75.0,8.0,75.0,1,0.8695652173913043
20261004T234537Z,a73a76599a4f3422803e57bd8f61b626,2026-10-05T00:20:00Z,Carolina Panthers,Detroit Lions,betmgm,player_reception_yds,Tetairoa McMillan,Over,72.5,-115,2026-10-04T23:45:34Z,rec_yds,2026-10-04,2026_04_DET_CAR,2026,4,0.0,0.0,192.0,14.0,192.0,1,0.8695652173913043
20261004T234537Z,a73a76599a4f3422803e57bd8f61b626,2026-10-05T00:20:00Z,Carolina Panthers,Detroit Lions,betmgm,player_reception_yds,Tetairoa McMillan,Under,72.5,-115,2026-10-04T23:45:34Z,rec_yds,2026-10-04,2026_04_DET_CAR,2026,4,0.0,0.0,192.0,14.0,192.0,-1,-1.0
20261004T234537Z,a73a76599a4f3422803e57bd8f61b626,2026-10-05T00:20:00Z,Carolina Panthers,Detroit Lions,betmgm,player_reception_yds,Chuba Hubbard,Over,18.5,-120,2026-10-04T23:45:34Z,rec_yds,2026-10-04,2026_04_DET_CAR,2026,4,0.0,122.0,7.0,1.0,7.0,-1,-1.0
20261004T234537Z,a73a76599a4f3422803e57bd8f61b626,2026-10-05T00:20:00Z,Carolina Panthers,Detroit Lions,betmgm,player_reception_yds,Chuba Hubbard,Under,18.5,-110,2026-10-04T23:45:34Z,rec_yds,2026-10-04,2026_04_DET_CAR,2026,4,0.0,122.0,7.0,1.0,7.0,1,0.9090909090909091
20261004T234537Z,a73a76599a4f3422803e57bd8f61b626,2026-10-05T00:20:00Z,Carolina Panthers,Detroit Lions,betmgm,player_reception_yds,Brock Wright,Over,2.5,-115,2026-10-04T23:45:34Z,rec_yds,2026-10-04,2026_04_DET_CAR,2026,4,0.0,0.0,8.0,1.0,8.0,1,0.8695652173913043
20261004T234537Z,a73a76599a4f3422803e57bd8f61b626,2026-10-05T00:20:00Z,Carolina Panthers,Detroit Lions,betmgm,player_reception_yds,Brock Wright,Under,2.5,-115,2026-10-04T23:45:34Z,rec_yds,2026-10-04,2026_04_DET_CAR,2026,4,0.0,0.0,8.0,1.0,8.0,-1,-1.0
20261004T234537Z,a73a76599a4f3422803e57bd8f61b626,2026-10-05T00:20:00Z,Carolina Panthers,Detroit Lions,betmgm,player_reception_yds,Brycen Tremayne,Over,31.5,-115,2026-10-04T23:45:34Z,rec_yds,2026-10-04,2026_04_DET_CAR,2026,4,0.0,0.0,32.0,2.0,32.0,1,0.8695652173913043
20261004T234537Z,a73a76599a4f3422803e57bd8f61b626,2026-10-05T00:20:00Z,Carolina Panthers,Detroit Lions,betmgm,player_reception_yds,Brycen Tremayne,Under,31.5,-115,2026-10-04T23:45:34Z,rec_yds,2026-10-04,2026_04_DET_CAR,2026,4,0.0,0.0,32.0,2.0,32.0,-1,-1.0
20261004T234537Z,a73a76599a4f3422803e57bd8f61b626,2026-10-05T00:20:00Z,Carolina Panthers,Detroit Lions,betmgm,player_reception_yds,Darren Waller,Over,35.5,-120,2026-10-04T23:45:34Z,rec_yds,2026-10-04,2026_04_DET_CAR,2026,4,0.0,0.0,36.0,3.0,36.0,1,0.8333333333333334
20261004T234537Z,a73a76599a4f3422803e57bd8f61b626,2026-10-05T00:20:00Z,Carolina Panthers,Detroit Lions,betmgm,player_reception_yds,Darren Waller,Under,35.5,-110,2026-10-04T23:45:34Z,rec_yds,2026-10-04,2026_04_DET_CAR,2026,4,0.0,0.0,36.0,3.0,36.0,-1,-1.0
20261004T234537Z,a73a76599a4f3422803e57bd8f61b626,2026-10-05T00:20:00Z,Carolina Panthers,Detroit Lions,betmgm,player_reception_yds,Mitchell Evans,Over,7.5,-115,2026-10-04T23:45:34Z,rec_yds,2026-10-04,2026_04_DET_CAR,2026,4,0.0,0.0,8.0,1.0,8.0,1,0.8695652173913043
20261004T234537Z,a73a76599a4f3422803e57bd8f61b626,2026-10-05T00:20:00Z,Carolina Panthers,Detroit Lions,betmgm,player_reception_yds,Mitchell Evans,Under,7.5,-115,2026-10-04T23:45:34Z,rec_yds,2026-10-04,2026_04_DET_CAR,2026,4,0.0,0.0,8.0,1.0,8.0,-1,-1.0
20261004T234537Z,a73a76599a4f3422803e57bd8f61b626,2026-10-05T00:20:00Z,Carolina Panthers,Detroit Lions,betmgm,player_receptions,Isaac TeSlaa,Over,1.5,-115,2026-10-04T23:45:34Z,receptions,2026-10-04,2026_04_DET_CAR,2026,4,0.0,0.0,95.0,4.0,4.0,1,0.8695652173913043
20261004T234537Z,a73a76599a4f3422803e57bd8f61b626,2026-10-05T00:20:00Z,Carolina Panthers,Detroit Lions,betmgm,player_receptions,Isaac TeSlaa,Under,1.5,-115,2026-10-04T23:45:34Z,receptions,2026-10-04,2026_04_DET_CAR,2026,4,0.0,0.0,95.0,4.0,4.0,-1,-1.0
20261004T234537Z,a73a76599a4f3422803e57bd8f61b626,2026-10-05T00:20:00Z,Carolina Panthers,Detroit Lions,betmgm,player_receptions,Amon-Ra St. Brown,Over,6.5,-150,2026-10-04T23:45:34Z,receptions,2026-10-04,2026_04_DET_CAR,2026,4,0.0,0.0,75.0,8.0,8.0,1,0.6666666666666666
20261004T234537Z,a73a76599a4f3422803e57bd8f61b626,2026-10-05T00:20:00Z,Carolina Panthers,Detroit Lions,betmgm,player_receptions,Amon-Ra St. Brown,Under,6.5,110,2026-10-04T23:45:34Z,receptions,2026-10-04,2026_04_DET_CAR,2026,4,0.0,0.0,75.0,8.0,8.0,-1,-1.0
20261004T234537Z,a73a76599a4f3422803e57bd8f61b626,2026-10-05T00:20:00Z,Carolina Panthers,Detroit Lions,betmgm,player_receptions,Sam LaPorta,Over,4.5,-105,2026-10-04T23:45:34Z,receptions,2026-10-04,2026_04_DET_CAR,2026,4,0.0,0.0,84.0,8.0,8.0,1,0.9523809523809523
20261004T234537Z,a73a76599a4f3422803e57bd8f61b626,2026-10-05T00:20:00Z,Carolina Panthers,Detroit Lions,betmgm,player_receptions,Sam LaPorta,Under,4.5,-125,2026-10-04T23:45:34Z,receptions,2026-10-04,2026_04_DET_CAR,2026,4,0.0,0.0,84.0,8.0,8.0,-1,-1.0
20261004T234537Z,a73a76599a4f3422803e57bd8f61b626,2026-10-05T00:20:00Z,Carolina Panthers,Detroit Lions,betmgm,player_receptions,Chuba Hubbard,Over,2.5,-175,2026-10-04T23:45:34Z,receptions,2026-10-04,2026_04_DET_CAR,2026,4,0.0,122.0,7.0,1.0,1.0,-1,-1.0
20261004T234537Z,a73a76599a4f3422803e57bd8f61b626,2026-10-05T00:20:00Z,Carolina Panthers,Detroit Lions,betmgm,player_receptions,Chuba Hubbard,Under,2.5,130,2026-10-04T23:45:34Z,receptions,2026-10-04,2026_04_DET_CAR,2026,4,0.0,122.0,7.0,1.0,1.0,1,1.3
20261004T234537Z,a73a76599a4f3422803e57bd8f61b626,2026-10-05T00:20:00Z,Carolina Panthers,Detroit Lions,betmgm,player_receptions,Jahmyr Gibbs,Over,4.5,-120,2026-10-04T23:45:34Z,receptions,2026-10-04,2026_04_DET_CAR,2026,4,0.0,46.0,31.0,4.0,4.0,-1,-1.0
20261004T234537Z,a73a76599a4f3422803e57bd8f61b626,2026-10-05T00:20:00Z,Carolina Panthers,Detroit Lions,betmgm,player_receptions,Jahmyr Gibbs,Under,4.5,-110,2026-10-04T23:45:34Z,receptions,2026-10-04,2026_04_DET_CAR,2026,4,0.0,46.0,31.0,4.0,4.0,1,0.9090909090909091
20261004T234537Z,a73a76599a4f3422803e57bd8f61b626,2026-10-05T00:20:00Z,Carolina Panthers,Detroit Lions,betmgm,player_receptions,Darren Waller,Over,3.5,-105,2026-10-04T23:45:34Z,receptions,2026-10-04,2026_04_DET_CAR,2026,4,0.0,0.0,36.0,3.0,3.0,-1,-1.0
20261004T234537Z,a73a76599a4f3422803e57bd8f61b626,2026-10-05T00:20:00Z,Carolina Panthers,Detroit Lions,betmgm,player_receptions,Darren Waller,Under,3.5,-125,2026-10-04T23:45:34Z,receptions,2026-10-04,2026_04_DET_CAR,2026,4,0.0,0.0,36.0,3.0,3.0,1,0.8
20261004T234537Z,a73a76599a4f3422803e57bd8f61b626,2026-10-05T00:20:00Z,Carolina Panthers,Detroit Lions,betmgm,player_receptions,Tommy Tremble,Over,1.5,-150,2026-10-04T23:45:34Z,receptions,2026-10-04,2026_04_DET_CAR,2026,4,0.0,0.0,12.0,4.0,4.0,1,0.6666666666666666
20261004T234537Z,a73a76599a4f3422803e57bd8f61b626,2026-10-05T00:20:00Z,Carolina Panthers,Detroit Lions,betmgm,player_receptions,Tommy Tremble,Under,1.5,110,2026-10-04T23:45:34Z,receptions,2026-10-04,2026_04_DET_CAR,2026,4,0.0,0.0,12.0,4.0,4.0,-1,-1.0
20261004T234537Z,a73a76599a4f3422803e57bd8f61b626,2026-10-05T00:20:00Z,Carolina Panthers,Detroit Lions,betmgm,player_receptions,Tetairoa McMillan,Over,5.5,120,2026-10-04T23:45:34Z,receptions,2026-10-04,2026_04_DET_CAR,2026,4,0.0,0.0,192.0,14.0,14.0,1,1.2
20261004T234537Z,a73a76599a4f3422803e57bd8f61b626,2026-10-05T00:20:00Z,Carolina Panthers,Detroit Lions,betmgm,player_receptions,Tetairoa McMillan,Under,5.5,-160,2026-10-04T23:45:34Z,receptions,2026-10-04,2026_04_DET_CAR,2026,4,0.0,0.0,192.0,14.0,14.0,-1,-1.0
20261004T234537Z,a73a76599a4f3422803e57bd8f61b626,2026-10-05T00:20:00Z,Carolina Panthers,Detroit Lions,betmgm,player_receptions,Brock Wright,Over,0.5,-150,2026-10-04T23:45:34Z,receptions,2026-10-04,2026_04_DET_CAR,2026,4,0.0,0.0,8.0,1.0,1.0,1,0.6666666666666666
20261004T234537Z,a73a76599a4f3422803e57bd8f61b626,2026-10-05T00:20:00Z,Carolina Panthers,Detroit Lions,betmgm,player_receptions,Brock Wright,Under,0.5,110,2026-10-04T23:45:34Z,receptions,2026-10-04,2026_04_DET_CAR,2026,4,0.0,0.0,8.0,1.0,1.0,-1,-1.0
20261004T234537Z,a73a76599a4f3422803e57bd8f61b626,2026-10-05T00:20:00Z,Carolina Panthers,Detroit Lions,betmgm,player_receptions,Brycen Tremayne,Over,2.5,-125,2026-10-04T23:45:34Z,receptions,2026-10-04,2026_04_DET_CAR,2026,4,0.0,0.0,32.0,2.0,2.0,-1,-1.0
20261004T234537Z,a73a76599a4f3422803e57bd8f61b626,2026-10-05T00:20:00Z,Carolina Panthers,Detroit Lions,betmgm,player_receptions,Brycen Tremayne,Under,2.5,-105,2026-10-04T23:45:34Z,receptions,2026-10-04,2026_04_DET_CAR,2026,4,0.0,0.0,32.0,2.0,2.0,1,0.9523809523809523
20261004T234537Z,a73a76599a4f3422803e57bd8f61b626,2026-10-05T00:20:00Z,Carolina Panthers,Detroit Lions,betmgm,player_receptions,Jameson Williams,Over,3.5,-111,2026-10-04T23:45:34Z,receptions,2026-10-04,2026_04_DET_CAR,2026,4,0.0,0.0,102.0,6.0,6.0,1,0.9009009009009009
20261004T234537Z,a73a76599a4f3422803e57bd8f61b626,2026-10-05T00:20:00Z,Carolina Panthers,Detroit Lions,betmgm,player_receptions,Jameson Williams,Under,3.5,-120,2026-10-04T23:45:34Z,receptions,2026-10-04,2026_04_DET_CAR,2026,4,0.0,0.0,102.0,6.0,6.0,-1,-1.0
20261004T234537Z,a73a76599a4f3422803e57bd8f61b626,2026-10-05T00:20:00Z,Carolina Panthers,Detroit Lions,betmgm,player_rush_yds,Bryce Young,Over,11.5,-120,2026-10-04T23:45:34Z,rush_yds,2026-10-04,2026_04_DET_CAR,2026,4,329.0,3.0,0.0,0.0,3.0,-1,-1.0
20261004T234537Z,a73a76599a4f3422803e57bd8f61b626,2026-10-05T00:20:00Z,Carolina Panthers,Detroit Lions,betmgm,player_rush_yds,Bryce Young,Under,11.5,-110,2026-10-04T23:45:34Z,rush_yds,2026-10-04,2026_04_DET_CAR,2026,4,329.0,3.0,0.0,0.0,3.0,1,0.9090909090909091
20261004T234537Z,a73a76599a4f3422803e57bd8f61b626,2026-10-05T00:20:00Z,Carolina Panthers,Detroit Lions,betmgm,player_rush_yds,Chuba Hubbard,Over,64.5,-125,2026-10-04T23:45:34Z,rush_yds,2026-10-04,2026_04_DET_CAR,2026,4,0.0,122.0,7.0,1.0,122.0,1,0.8
20261004T234537Z,a73a76599a4f3422803e57bd8f61b626,2026-10-05T00:20:00Z,Carolina Panthers,Detroit Lions,betmgm,player_rush_yds,Chuba Hubbard,Under,64.5,-105,2026-10-04T23:45:34Z,rush_yds,2026-10-04,2026_04_DET_CAR,2026,4,0.0,122.0,7.0,1.0,122.0,-1,-1.0
20261004T234537Z,a73a76599a4f3422803e57bd8f61b626,2026-10-05T00:20:00Z,Carolina Panthers,Detroit Lions,betmgm,player_rush_yds,AJ Dillon,Over,12.5,-115,2026-10-04T23:45:34Z,rush_yds,2026-10-04,2026_04_DET_CAR,2026,4,0.0,2.0,5.0,1.0,2.0,-1,-1.0
20261004T234537Z,a73a76599a4f3422803e57bd8f61b626,2026-10-05T00:20:00Z,Carolina Panthers,Detroit Lions,betmgm,player_rush_yds,AJ Dillon,Under,12.5,-115,2026-10-04T23:45:34Z,rush_yds,2026-10-04,2026_04_DET_CAR,2026,4,0.0,2.0,5.0,1.0,2.0,1,0.8695652173913043
20261004T234537Z,a73a76599a4f3422803e57bd8f61b626,2026-10-05T00:20:00Z,Carolina Panthers,Detroit Lions,betmgm,player_rush_yds,Jahmyr Gibbs,Over,96.5,-115,2026-10-04T23:45:34Z,rush_yds,2026-10-04,2026_04_DET_CAR,2026,4,0.0,46.0,31.0,4.0,46.0,-1,-1.0
20261004T234537Z,a73a76599a4f3422803e57bd8f61b626,2026-10-05T00:20:00Z,Carolina Panthers,Detroit Lions,betmgm,player_rush_yds,Jahmyr Gibbs,Under,96.5,-115,2026-10-04T23:45:34Z,rush_yds,2026-10-04,2026_04_DET_CAR,2026,4,0.0,46.0,31.0,4.0,46.0,1,0.8695652173913043
20261004T234537Z,a73a76599a4f3422803e57bd8f61b626,2026-10-05T00:20:00Z,Carolina Panthers,Detroit Lions,betmgm,player_rush_yds,Sione Vaki,Over,11.5,-115,2026-10-04T23:45:34Z,rush_yds,2026-10-04,2026_04_DET_CAR,2026,4,0.0,0.0,17.0,1.0,0.0,-1,-1.0
20261004T234537Z,a73a76599a4f3422803e57bd8f61b626,2026-10-05T00:20:00Z,Carolina Panthers,Detroit Lions,betmgm,player_rush_yds,Sione Vaki,Under,11.5,-115,2026-10-04T23:45:34Z,rush_yds,2026-10-04,2026_04_DET_CAR,2026,4,0.0,0.0,17.0,1.0,0.0,1,0.8695652173913043
