game_id,player_id,player,team,opponent_team,mkt,book,point,pred,recent_avg,side,price,p_model,p_book_fair,ev,news,passing_yards,rushing_yards,receiving_yards,receptions,actual,result,profit
2026_04_JAX_CIN,00-0036442,Joe Burrow,CIN,JAX,pass_yds,draftkings,269.5,269.8556003527879,255.93191626660456,Over,-111,0.435,0.4978941161605526,-0.17310810810810806,false,428.0,6.0,0.0,0.0,428.0,1,0.9009009009009009
2026_04_JAX_CIN,00-0036442,Joe Burrow,CIN,JAX,pass_yds,draftkings,269.5,269.8556003527879,255.93191626660456,Under,-113,0.565,0.5021058838394474,0.06499999999999995,false,428.0,6.0,0.0,0.0,428.0,-1,-1.0
2026_04_JAX_CIN,00-0036442,Joe Burrow,CIN,JAX,pass_yds,fanduel,267.5,269.8556003527879,255.93191626660456,Over,-113,0.4475,0.5,-0.15648230088495574,false,428.0,6.0,0.0,0.0,428.0,1,0.8849557522123894
2026_04_JAX_CIN,00-0036442,Joe Burrow,CIN,JAX,pass_yds,fanduel,267.5,269.8556003527879,255.93191626660456,Under,-113,0.5525,0.5,0.04143805309734516,false,428.0,6.0,0.0,0.0,428.0,-1,-1.0
2026_04_JAX_CIN,00-0036442,Joe Burrow,CIN,JAX,pass_yds,betonlineag,268.5,269.8556003527879,255.93191626660456,Over,-114,0.445,0.5,-0.1646491228070175,false,428.0,6.0,0.0,0.0,428.0,1,0.8771929824561403
2026_04_JAX_CIN,00-0036442,Joe Burrow,CIN,JAX,pass_yds,betonlineag,268.5,269.8556003527879,255.93191626660456,Under,-114,0.5549999999999999,0.5,0.041842105263157736,false,428.0,6.0,0.0,0.0,428.0,-1,-1.0
2026_04_JAX_CIN,00-0036442,Joe Burrow,CIN,JAX,pass_yds,betrivers,268.5,269.8556003527879,255.93191626660456,Over,-114,0.445,0.4969864995178399,-0.1646491228070175,false,428.0,6.0,0.0,0.0,428.0,1,0.8771929824561403
2026_04_JAX_CIN,00-0036442,Joe Burrow,CIN,JAX,pass_yds,betrivers,268.5,269.8556003527879,255.93191626660456,Under,-117,0.5549999999999999,0.5030135004821601,0.02935897435897422,false,428.0,6.0,0.0,0.0,428.0,-1,-1.0
2026_04_JAX_CIN,00-0036442,Joe Burrow,CIN,JAX,pass_yds,betmgm,270.5,269.8556003527879,255.93191626660456,Over,-115,0.4325,0.5,-0.19141304347826088,false,428.0,6.0,0.0,0.0,428.0,1,0.8695652173913043
2026_04_JAX_CIN,00-0036442,Joe Burrow,CIN,JAX,pass_yds,betmgm,270.5,269.8556003527879,255.93191626660456,Under,-115,0.5675,0.5,0.060978260869565204,false,428.0,6.0,0.0,0.0,428.0,-1,-1.0
2026_04_JAX_CIN,00-0036442,Joe Burrow,CIN,JAX,pass_yds,bovada,269.5,269.8556003527879,255.93191626660456,Over,-115,0.435,0.5,-0.18673913043478257,false,428.0,6.0,0.0,0.0,428.0,1,0.8695652173913043
2026_04_JAX_CIN,00-0036442,Joe Burrow,CIN,JAX,pass_yds,bovada,269.5,269.8556003527879,255.93191626660456,Under,-115,0.565,0.5,0.05630434782608684,false,428.0,6.0,0.0,0.0,428.0,-1,-1.0
2026_04_DEN_SF,00-0040134,Pat Bryant,DEN,SF,rec_yds,draftkings,22.5,20.202359170517433,29.150252812918925,Over,-109,0.4125,0.4926759856030803,-0.20905963302752295,false,0.0,0.0,47.0,3.0,47.0,1,0.9174311926605505
2026_04_DEN_SF,00-0040134,Pat Bryant,DEN,SF,rec_yds,draftkings,22.5,20.202359170517433,29.150252812918925,Under,-116,0.5875,0.5073240143969198,0.09396551724137936,false,0.0,0.0,47.0,3.0,47.0,-1,-1.0
2026_04_DEN_SF,00-0040134,Pat Bryant,DEN,SF,receptions,draftkings,2.5,2.0415426395504186,2.4093438275618744,Over,125,0.405,0.4199432509120389,-0.08874999999999988,false,0.0,0.0,47.0,3.0,3.0,1,1.25
2026_04_DEN_SF,00-0040134,Pat Bryant,DEN,SF,receptions,draftkings,2.5,2.0415426395504186,2.4093438275618744,Under,-159,0.595,0.5800567490879611,-0.030786163522012633,false,0.0,0.0,47.0,3.0,3.0,-1,-1.0
2026_04_DEN_SF,00-0040134,Pat Bryant,DEN,SF,rec_yds,fanduel,22.5,20.202359170517433,29.150252812918925,Over,-113,0.4125,0.5,-0.2224557522123894,false,0.0,0.0,47.0,3.0,47.0,1,0.8849557522123894
2026_04_DEN_SF,00-0040134,Pat Bryant,DEN,SF,rec_yds,fanduel,22.5,20.202359170517433,29.150252812918925,Under,-113,0.5875,0.5,0.10741150442477887,false,0.0,0.0,47.0,3.0,47.0,-1,-1.0
2026_04_DEN_SF,00-0040134,Pat Bryant,DEN,SF,receptions,fanduel,2.5,2.0415426395504186,2.4093438275618744,Over,118,0.405,0.42825841577584495,-0.11709999999999998,false,0.0,0.0,47.0,3.0,3.0,1,1.18
2026_04_DEN_SF,00-0040134,Pat Bryant,DEN,SF,receptions,fanduel,2.5,2.0415426395504186,2.4093438275618744,Under,-158,0.595,0.5717415842241551,-0.02841772151898736,false,0.0,0.0,47.0,3.0,3.0,-1,-1.0
2026_04_DEN_SF,00-0040134,Pat Bryant,DEN,SF,rec_yds,betonlineag,22.5,20.202359170517433,29.150252812918925,Over,-112,0.4125,0.4969046636401156,-0.21919642857142857,false,0.0,0.0,47.0,3.0,47.0,1,0.8928571428571429
2026_04_DEN_SF,00-0040134,Pat Bryant,DEN,SF,rec_yds,betonlineag,22.5,20.202359170517433,29.150252812918925,Under,-115,0.5875,0.5030953363598845,0.09836956521739137,false,0.0,0.0,47.0,3.0,47.0,-1,-1.0
2026_04_DEN_SF,00-0040134,Pat Bryant,DEN,SF,receptions,betonlineag,2.5,2.0415426395504186,2.4093438275618744,Over,117,0.405,0.43310875842155927,-0.12114999999999998,false,0.0,0.0,47.0,3.0,3.0,1,1.17
2026_04_DEN_SF,00-0040134,Pat Bryant,DEN,SF,receptions,betonlineag,2.5,2.0415426395504186,2.4093438275618744,Under,-152,0.595,0.5668912415784407,-0.013552631578947372,false,0.0,0.0,47.0,3.0,3.0,-1,-1.0
2026_04_DEN_SF,00-0040134,Pat Bryant,DEN,SF,rec_yds,betrivers,22.5,20.202359170517433,29.150252812918925,Over,-118,0.4125,0.5050233081498151,-0.2379237288135594,false,0.0,0.0,47.0,3.0,47.0,1,0.847457627118644
2026_04_DEN_SF,00-0040134,Pat Bryant,DEN,SF,rec_yds,betrivers,22.5,20.202359170517433,29.150252812918925,Under,-113,0.5875,0.4949766918501849,0.10741150442477887,false,0.0,0.0,47.0,3.0,47.0,-1,-1.0
2026_04_DEN_SF,00-0040134,Pat Bryant,DEN,SF,receptions,betrivers,2.5,2.0415426395504186,2.4093438275618744,Over,108,0.405,,-0.1575999999999999,false,0.0,0.0,47.0,3.0,3.0,1,1.08
2026_04_DEN_SF,00-0040134,Pat Bryant,DEN,SF,rec_yds,bovada,22.5,20.202359170517433,29.150252812918925,Over,-110,0.4125,0.48987854251012153,-0.21250000000000008,false,0.0,0.0,47.0,3.0,47.0,1,0.9090909090909091
2026_04_DEN_SF,00-0040134,Pat Bryant,DEN,SF,rec_yds,bovada,22.5,20.202359170517433,29.150252812918925,Under,-120,0.5875,0.5101214574898785,0.07708333333333339,false,0.0,0.0,47.0,3.0,47.0,-1,-1.0
2026_04_DEN_SF,00-0040134,Pat Bryant,DEN,SF,receptions,bovada,2.5,2.0415426395504186,2.4093438275618744,Over,125,0.405,0.4165029469548133,-0.08874999999999988,false,0.0,0.0,47.0,3.0,3.0,1,1.25
2026_04_DEN_SF,00-0040134,Pat Bryant,DEN,SF,receptions,bovada,2.5,2.0415426395504186,2.4093438275618744,Under,-165,0.595,0.5834970530451866,-0.04439393939393943,false,0.0,0.0,47.0,3.0,3.0,-1,-1.0
2026_04_NE_BUF,00-0037261,Khalil Shakir,BUF,NE,rec_yds,draftkings,35.5,36.878459877861744,43.037070801625966,Over,-111,0.4925,0.4978941161605526,-0.06380630630630635,false,0.0,0.0,82.0,7.0,82.0,1,0.9009009009009009
2026_04_NE_BUF,00-0037261,Khalil Shakir,BUF,NE,rec_yds,draftkings,35.5,36.878459877861744,43.037070801625966,Under,-113,0.5075000000000001,0.5021058838394474,-0.04338495575221224,false,0.0,0.0,82.0,7.0,82.0,-1,-1.0
2026_04_NE_BUF,00-0037261,Khalil Shakir,BUF,NE,receptions,draftkings,3.5,4.030330072897376,4.529533124139212,Over,-140,0.5925,0.550561797752809,0.01571428571428579,false,0.0,0.0,82.0,7.0,7.0,1,0.7142857142857143
2026_04_NE_BUF,00-0037261,Khalil Shakir,BUF,NE,receptions,draftkings,3.5,4.030330072897376,4.529533124139212,Under,110,0.4075,0.449438202247191,-0.14425000000000004,false,0.0,0.0,82.0,7.0,7.0,-1,-1.0
2026_04_NE_BUF,00-0037261,Khalil Shakir,BUF,NE,rec_yds,fanduel,38.5,36.878459877861744,43.037070801625966,Over,-113,0.4375,0.5,-0.17533185840707965,false,0.0,0.0,82.0,7.0,82.0,1,0.8849557522123894
2026_04_NE_BUF,00-0037261,Khalil Shakir,BUF,NE,rec_yds,fanduel,38.5,36.878459877861744,43.037070801625966,Under,-113,0.5625,0.5,0.06028761061946908,false,0.0,0.0,82.0,7.0,82.0,-1,-1.0
2026_04_NE_BUF,00-0037261,Khalil Shakir,BUF,NE,receptions,fanduel,3.5,4.030330072897376,4.529533124139212,Over,-154,0.5925,0.5670257738988136,-0.022759740259740202,false,0.0,0.0,82.0,7.0,7.0,1,0.6493506493506493
2026_04_NE_BUF,00-0037261,Khalil Shakir,BUF,NE,receptions,fanduel,3.5,4.030330072897376,4.529533124139212,Under,116,0.4075,0.4329742261011864,-0.11980000000000007,false,0.0,0.0,82.0,7.0,7.0,-1,-1.0
2026_04_NE_BUF,00-0037261,Khalil Shakir,BUF,NE,rec_yds,betonlineag,38.5,36.878459877861744,43.037070801625966,Over,-111,0.4375,0.4948402542722694,-0.16835585585585583,false,0.0,0.0,82.0,7.0,82.0,1,0.9009009009009009
2026_04_NE_BUF,00-0037261,Khalil Shakir,BUF,NE,rec_yds,betonlineag,38.5,36.878459877861744,43.037070801625966,Under,-116,0.5625,0.5051597457277306,0.04741379310344823,false,0.0,0.0,82.0,7.0,82.0,-1,-1.0
2026_04_NE_BUF,00-0037261,Khalil Shakir,BUF,NE,receptions,betonlineag,3.5,4.030330072897376,4.529533124139212,Over,-145,0.5925,0.556480811006517,0.0011206896551724799,false,0.0,0.0,82.0,7.0,7.0,1,0.6896551724137931
2026_04_NE_BUF,00-0037261,Khalil Shakir,BUF,NE,receptions,betonlineag,3.5,4.030330072897376,4.529533124139212,Under,112,0.4075,0.44351918899348297,-0.1361,false,0.0,0.0,82.0,7.0,7.0,-1,-1.0
2026_04_NE_BUF,00-0037261,Khalil Shakir,BUF,NE,rec_yds,betrivers,40.5,36.878459877861744,43.037070801625966,Over,-117,0.4175,0.5030135004821601,-0.22566239316239323,false,0.0,0.0,82.0,7.0,82.0,1,0.8547008547008547
2026_04_NE_BUF,00-0037261,Khalil Shakir,BUF,NE,rec_yds,betrivers,40.5,36.878459877861744,43.037070801625966,Under,-114,0.5825,0.4969864995178399,0.09346491228070175,false,0.0,0.0,82.0,7.0,82.0,-1,-1.0
2026_04_NE_BUF,00-0037261,Khalil Shakir,BUF,NE,receptions,betrivers,3.5,4.030330072897376,4.529533124139212,Over,-150,0.5925,,-0.012499999999999956,false,0.0,0.0,82.0,7.0,7.0,1,0.6666666666666666
2026_04_NE_BUF,00-0037261,Khalil Shakir,BUF,NE,rec_yds,betmgm,36.5,36.878459877861744,43.037070801625966,Over,-115,0.47,0.5,-0.12130434782608701,false,0.0,0.0,82.0,7.0,82.0,1,0.8695652173913043
2026_04_NE_BUF,00-0037261,Khalil Shakir,BUF,NE,rec_yds,betmgm,36.5,36.878459877861744,43.037070801625966,Under,-115,0.53,0.5,-0.009130434782608665,false,0.0,0.0,82.0,7.0,82.0,-1,-1.0
2026_04_NE_BUF,00-0037261,Khalil Shakir,BUF,NE,receptions,betmgm,3.5,4.030330072897376,4.529533124139212,Over,-150,0.5925,0.5575221238938053,-0.012499999999999956,false,0.0,0.0,82.0,7.0,7.0,1,0.6666666666666666
2026_04_NE_BUF,00-0037261,Khalil Shakir,BUF,NE,receptions,betmgm,3.5,4.030330072897376,4.529533124139212,Under,110,0.4075,0.4424778761061947,-0.14425000000000004,false,0.0,0.0,82.0,7.0,7.0,-1,-1.0
2026_04_NE_BUF,00-0037261,Khalil Shakir,BUF,NE,rec_yds,bovada,35.5,36.878459877861744,43.037070801625966,Over,-115,0.4925,0.5,-0.0792391304347827,false,0.0,0.0,82.0,7.0,82.0,1,0.8695652173913043
2026_04_NE_BUF,00-0037261,Khalil Shakir,BUF,NE,rec_yds,bovada,35.5,36.878459877861744,43.037070801625966,Under,-115,0.5075000000000001,0.5,-0.05119565217391292,false,0.0,0.0,82.0,7.0,82.0,-1,-1.0
2026_04_NE_BUF,00-0037261,Khalil Shakir,BUF,NE,receptions,bovada,3.5,4.030330072897376,4.529533124139212,Over,-145,0.5925,0.554140127388535,0.0011206896551724799,false,0.0,0.0,82.0,7.0,7.0,1,0.6896551724137931
2026_04_NE_BUF,00-0037261,Khalil Shakir,BUF,NE,receptions,bovada,3.5,4.030330072897376,4.529533124139212,Under,110,0.4075,0.445859872611465,-0.14425000000000004,false,0.0,0.0,82.0,7.0,7.0,-1,-1.0
2026_04_NYJ_CHI,00-0039919,Rome Odunze,CHI,NYJ,rec_yds,draftkings,32.5,38.358214824978944,45.69909992643126,Over,-112,0.51,0.5,-0.034642857142857086,false,0.0,0.0,94.0,6.0,94.0,1,0.8928571428571429
2026_04_NYJ_CHI,00-0039919,Rome Odunze,CHI,NYJ,rec_yds,draftkings,32.5,38.358214824978944,45.69909992643126,Under,-112,0.49,0.5,-0.07250000000000001,false,0.0,0.0,94.0,6.0,94.0,-1,-1.0
2026_04_NYJ_CHI,00-0039919,Rome Odunze,CHI,NYJ,receptions,draftkings,2.5,2.9457979091020814,2.7760412340568243,Over,-121,0.545,0.5166631951676735,-0.004586776859504038,false,0.0,0.0,94.0,6.0,6.0,1,0.8264462809917356
2026_04_NYJ_CHI,00-0039919,Rome Odunze,CHI,NYJ,receptions,draftkings,2.5,2.9457979091020814,2.7760412340568243,Under,-105,0.45499999999999996,0.48333680483232655,-0.11166666666666675,false,0.0,0.0,94.0,6.0,6.0,-1,-1.0
2026_04_NYJ_CHI,00-0039919,Rome Odunze,CHI,NYJ,rec_yds,fanduel,32.5,38.358214824978944,45.69909992643126,Over,-113,0.51,0.5,-0.03867256637168137,false,0.0,0.0,94.0,6.0,94.0,1,0.8849557522123894
2026_04_NYJ_CHI,00-0039919,Rome Odunze,CHI,NYJ,rec_yds,fanduel,32.5,38.358214824978944,45.69909992643126,Under,-113,0.49,0.5,-0.0763716814159292,false,0.0,0.0,94.0,6.0,94.0,-1,-1.0
2026_04_NYJ_CHI,00-0039919,Rome Odunze,CHI,NYJ,receptions,fanduel,2.5,2.9457979091020814,2.7760412340568243,Over,-120,0.545,0.5101214574898786,-0.0008333333333332416,false,0.0,0.0,94.0,6.0,6.0,1,0.8333333333333334
2026_04_NYJ_CHI,00-0039919,Rome Odunze,CHI,NYJ,receptions,fanduel,2.5,2.9457979091020814,2.7760412340568243,Under,-110,0.45499999999999996,0.4898785425101214,-0.13136363636363646,false,0.0,0.0,94.0,6.0,6.0,-1,-1.0
2026_04_NYJ_CHI,00-0039919,Rome Odunze,CHI,NYJ,rec_yds,betonlineag,32.5,38.358214824978944,45.69909992643126,Over,-115,0.51,0.5030953363598846,-0.04652173913043478,false,0.0,0.0,94.0,6.0,94.0,1,0.8695652173913043
2026_04_NYJ_CHI,00-0039919,Rome Odunze,CHI,NYJ,rec_yds,betonlineag,32.5,38.358214824978944,45.69909992643126,Under,-112,0.49,0.49690466364011543,-0.07250000000000001,false,0.0,0.0,94.0,6.0,94.0,-1,-1.0
2026_04_NYJ_CHI,00-0039919,Rome Odunze,CHI,NYJ,receptions,betonlineag,2.5,2.9457979091020814,2.7760412340568243,Over,-120,0.545,0.5123152709359606,-0.0008333333333332416,false,0.0,0.0,94.0,6.0,6.0,1,0.8333333333333334
2026_04_NYJ_CHI,00-0039919,Rome Odunze,CHI,NYJ,receptions,betonlineag,2.5,2.9457979091020814,2.7760412340568243,Under,-108,0.45499999999999996,0.48768472906403937,-0.12370370370370376,false,0.0,0.0,94.0,6.0,6.0,-1,-1.0
2026_04_NYJ_CHI,00-0039919,Rome Odunze,CHI,NYJ,rec_yds,betrivers,31.5,38.358214824978944,45.69909992643126,Over,-117,0.5275,0.5040451438048622,-0.021645299145299224,false,0.0,0.0,94.0,6.0,94.0,1,0.8547008547008547
2026_04_NYJ_CHI,00-0039919,Rome Odunze,CHI,NYJ,rec_yds,betrivers,31.5,38.358214824978944,45.69909992643126,Under,-113,0.47250000000000003,0.4959548561951378,-0.10935840707964595,false,0.0,0.0,94.0,6.0,94.0,-1,-1.0
2026_04_NYJ_CHI,00-0039919,Rome Odunze,CHI,NYJ,receptions,betrivers,2.5,2.9457979091020814,2.7760412340568243,Over,-114,0.545,,0.02307017543859652,false,0.0,0.0,94.0,6.0,6.0,1,0.8771929824561403
2026_04_NYJ_CHI,00-0039919,Rome Odunze,CHI,NYJ,rec_yds,betmgm,30.5,38.358214824978944,45.69909992643126,Over,-115,0.535,0.5,0.00021739130434789145,false,0.0,0.0,94.0,6.0,94.0,1,0.8695652173913043
2026_04_NYJ_CHI,00-0039919,Rome Odunze,CHI,NYJ,rec_yds,betmgm,30.5,38.358214824978944,45.69909992643126,Under,-115,0.46499999999999997,0.5,-0.13065217391304357,false,0.0,0.0,94.0,6.0,94.0,-1,-1.0
2026_04_NYJ_CHI,00-0039919,Rome Odunze,CHI,NYJ,receptions,betmgm,2.5,2.9457979091020814,2.7760412340568243,Over,-115,0.545,0.5,0.01891304347826095,false,0.0,0.0,94.0,6.0,6.0,1,0.8695652173913043
2026_04_NYJ_CHI,00-0039919,Rome Odunze,CHI,NYJ,receptions,betmgm,2.5,2.9457979091020814,2.7760412340568243,Under,-115,0.45499999999999996,0.5,-0.14934782608695663,false,0.0,0.0,94.0,6.0,6.0,-1,-1.0
2026_04_NYJ_CHI,00-0039919,Rome Odunze,CHI,NYJ,rec_yds,bovada,32.5,38.358214824978944,45.69909992643126,Over,-115,0.51,0.5,-0.04652173913043478,false,0.0,0.0,94.0,6.0,94.0,1,0.8695652173913043
2026_04_NYJ_CHI,00-0039919,Rome Odunze,CHI,NYJ,rec_yds,bovada,32.5,38.358214824978944,45.69909992643126,Under,-115,0.49,0.5,-0.0839130434782609,false,0.0,0.0,94.0,6.0,94.0,-1,-1.0
2026_04_NYJ_CHI,00-0039919,Rome Odunze,CHI,NYJ,receptions,bovada,2.5,2.9457979091020814,2.7760412340568243,Over,-125,0.545,0.5203045685279188,-0.018999999999999906,false,0.0,0.0,94.0,6.0,6.0,1,0.8
2026_04_NYJ_CHI,00-0039919,Rome Odunze,CHI,NYJ,receptions,bovada,2.5,2.9457979091020814,2.7760412340568243,Under,-105,0.45499999999999996,0.47969543147208116,-0.11166666666666675,false,0.0,0.0,94.0,6.0,6.0,-1,-1.0
2026_04_MIA_MIN,00-0041529,Kevin Coleman Jr.,MIA,MIN,rec_yds,draftkings,15.5,13.869276376401734,1.6296408505888347,Over,-112,0.47,0.5,-0.11035714285714288,true,0.0,0.0,3.0,1.0,3.0,-1,-1.0
2026_04_MIA_MIN,00-0041529,Kevin Coleman Jr.,MIA,MIN,rec_yds,draftkings,15.5,13.869276376401734,1.6296408505888347,Under,-112,0.53,0.5,0.0032142857142857806,true,0.0,0.0,3.0,1.0,3.0,1,0.8928571428571429
2026_04_MIA_MIN,00-0041529,Kevin Coleman Jr.,MIA,MIN,receptions,draftkings,1.5,1.3715311326629815,0.5432136168629449,Over,-123,0.4775,0.520860277858901,-0.13428861788617885,true,0.0,0.0,3.0,1.0,1.0,-1,-1.0
2026_04_MIA_MIN,00-0041529,Kevin Coleman Jr.,MIA,MIN,receptions,draftkings,1.5,1.3715311326629815,0.5432136168629449,Under,-103,0.5225,0.479139722141099,0.029781553398058214,true,0.0,0.0,3.0,1.0,1.0,1,0.970873786407767
2026_04_MIA_MIN,00-0041529,Kevin Coleman Jr.,MIA,MIN,rec_yds,fanduel,14.5,13.869276376401734,1.6296408505888347,Over,-113,0.5125,0.5,-0.033960176991150504,true,0.0,0.0,3.0,1.0,3.0,-1,-1.0
2026_04_MIA_MIN,00-0041529,Kevin Coleman Jr.,MIA,MIN,rec_yds,fanduel,14.5,13.869276376401734,1.6296408505888347,Under,-113,0.48750000000000004,0.5,-0.08108407079646007,true,0.0,0.0,3.0,1.0,3.0,1,0.8849557522123894
2026_04_MIA_MIN,00-0041529,Kevin Coleman Jr.,MIA,MIN,receptions,fanduel,1.5,1.3715311326629815,0.5432136168629449,Over,-114,0.4775,0.5,-0.10364035087719298,true,0.0,0.0,3.0,1.0,1.0,-1,-1.0
2026_04_MIA_MIN,00-0041529,Kevin Coleman Jr.,MIA,MIN,receptions,fanduel,1.5,1.3715311326629815,0.5432136168629449,Under,-114,0.5225,0.5,-0.019166666666666776,true,0.0,0.0,3.0,1.0,1.0,1,0.8771929824561403
2026_04_MIA_MIN,00-0041529,Kevin Coleman Jr.,MIA,MIN,rec_yds,betonlineag,14.5,13.869276376401734,1.6296408505888347,Over,-115,0.5125,0.5030953363598846,-0.04184782608695664,true,0.0,0.0,3.0,1.0,3.0,-1,-1.0
2026_04_MIA_MIN,00-0041529,Kevin Coleman Jr.,MIA,MIN,rec_yds,betonlineag,14.5,13.869276376401734,1.6296408505888347,Under,-112,0.48750000000000004,0.49690466364011543,-0.07723214285714275,true,0.0,0.0,3.0,1.0,3.0,1,0.8928571428571429
2026_04_MIA_MIN,00-0041529,Kevin Coleman Jr.,MIA,MIN,receptions,betonlineag,1.5,1.3715311326629815,0.5432136168629449,Over,-114,0.4775,0.5,-0.10364035087719298,true,0.0,0.0,3.0,1.0,1.0,-1,-1.0
2026_04_MIA_MIN,00-0041529,Kevin Coleman Jr.,MIA,MIN,receptions,betonlineag,1.5,1.3715311326629815,0.5432136168629449,Under,-114,0.5225,0.5,-0.019166666666666776,true,0.0,0.0,3.0,1.0,1.0,1,0.8771929824561403
2026_04_MIA_MIN,00-0041529,Kevin Coleman Jr.,MIA,MIN,rec_yds,betmgm,14.5,13.869276376401734,1.6296408505888347,Over,-115,0.5125,0.5,-0.04184782608695664,true,0.0,0.0,3.0,1.0,3.0,-1,-1.0
2026_04_MIA_MIN,00-0041529,Kevin Coleman Jr.,MIA,MIN,rec_yds,betmgm,14.5,13.869276376401734,1.6296408505888347,Under,-115,0.48750000000000004,0.5,-0.08858695652173904,true,0.0,0.0,3.0,1.0,3.0,1,0.8695652173913043
2026_04_MIA_MIN,00-0041529,Kevin Coleman Jr.,MIA,MIN,rec_yds,bovada,15.5,13.869276376401734,1.6296408505888347,Over,-115,0.47,0.5,-0.12130434782608701,true,0.0,0.0,3.0,1.0,3.0,-1,-1.0
2026_04_MIA_MIN,00-0041529,Kevin Coleman Jr.,MIA,MIN,rec_yds,bovada,15.5,13.869276376401734,1.6296408505888347,Under,-115,0.53,0.5,-0.009130434782608665,true,0.0,0.0,3.0,1.0,3.0,1,0.8695652173913043
2026_04_MIA_MIN,00-0041529,Kevin Coleman Jr.,MIA,MIN,receptions,bovada,1.5,1.3715311326629815,0.5432136168629449,Over,-125,0.4775,0.5203045685279188,-0.14049999999999996,true,0.0,0.0,3.0,1.0,1.0,-1,-1.0
2026_04_MIA_MIN,00-0041529,Kevin Coleman Jr.,MIA,MIN,receptions,bovada,1.5,1.3715311326629815,0.5432136168629449,Under,-105,0.5225,0.47969543147208116,0.020119047619047536,true,0.0,0.0,3.0,1.0,1.0,1,0.9523809523809523
2026_04_KC_LV,00-0039338,Brock Bowers,LV,KC,rec_yds,draftkings,73.5,54.4351870334185,62.53773719824398,Over,-111,0.295,0.4978941161605526,-0.4392342342342343,false,0.0,0.0,86.0,6.0,86.0,1,0.9009009009009009
2026_04_KC_LV,00-0039338,Brock Bowers,LV,KC,rec_yds,draftkings,73.5,54.4351870334185,62.53773719824398,Under,-113,0.7050000000000001,0.5021058838394474,0.32889380530973467,false,0.0,0.0,86.0,6.0,86.0,-1,-1.0
2026_04_KC_LV,00-0039338,Brock Bowers,LV,KC,receptions,draftkings,6.5,4.942367975812233,6.124120122094284,Over,-145,0.31,0.558797046641455,-0.4762068965517241,false,0.0,0.0,86.0,6.0,6.0,-1,-1.0
2026_04_KC_LV,00-0039338,Brock Bowers,LV,KC,receptions,draftkings,6.5,4.942367975812233,6.124120122094284,Under,114,0.69,0.441202953358545,0.4765999999999998,false,0.0,0.0,86.0,6.0,6.0,1,1.14
2026_04_KC_LV,00-0039338,Brock Bowers,LV,KC,rec_yds,fanduel,72.5,54.4351870334185,62.53773719824398,Over,-113,0.3,0.5,-0.4345132743362831,false,0.0,0.0,86.0,6.0,86.0,1,0.8849557522123894
2026_04_KC_LV,00-0039338,Brock Bowers,LV,KC,rec_yds,fanduel,72.5,54.4351870334185,62.53773719824398,Under,-113,0.7,0.5,0.3194690265486725,false,0.0,0.0,86.0,6.0,86.0,-1,-1.0
2026_04_KC_LV,00-0039338,Brock Bowers,LV,KC,receptions,fanduel,6.5,4.942367975812233,6.124120122094284,Over,-138,0.31,0.5418848167539266,-0.46536231884057966,false,0.0,0.0,86.0,6.0,6.0,-1,-1.0
2026_04_KC_LV,00-0039338,Brock Bowers,LV,KC,receptions,fanduel,6.5,4.942367975812233,6.124120122094284,Under,104,0.69,0.45811518324607337,0.40759999999999996,false,0.0,0.0,86.0,6.0,6.0,1,1.04
2026_04_KC_LV,00-0039338,Brock Bowers,LV,KC,rec_yds,betonlineag,73.5,54.4351870334185,62.53773719824398,Over,-114,0.295,0.5,-0.4462280701754387,false,0.0,0.0,86.0,6.0,86.0,1,0.8771929824561403
2026_04_KC_LV,00-0039338,Brock Bowers,LV,KC,rec_yds,betonlineag,73.5,54.4351870334185,62.53773719824398,Under,-114,0.7050000000000001,0.5,0.32342105263157905,false,0.0,0.0,86.0,6.0,86.0,-1,-1.0
2026_04_KC_LV,00-0039338,Brock Bowers,LV,KC,receptions,betonlineag,6.5,4.942367975812233,6.124120122094284,Over,-145,0.31,0.5553135493238951,-0.4762068965517241,false,0.0,0.0,86.0,6.0,6.0,-1,-1.0
2026_04_KC_LV,00-0039338,Brock Bowers,LV,KC,receptions,betonlineag,6.5,4.942367975812233,6.124120122094284,Under,111,0.69,0.4446864506761049,0.45589999999999997,false,0.0,0.0,86.0,6.0,6.0,1,1.11
2026_04_KC_LV,00-0039338,Brock Bowers,LV,KC,rec_yds,betrivers,72.5,54.4351870334185,62.53773719824398,Over,-115,0.3,0.5,-0.43913043478260866,false,0.0,0.0,86.0,6.0,86.0,1,0.8695652173913043
2026_04_KC_LV,00-0039338,Brock Bowers,LV,KC,rec_yds,betrivers,72.5,54.4351870334185,62.53773719824398,Under,-115,0.7,0.5,0.3086956521739129,false,0.0,0.0,86.0,6.0,86.0,-1,-1.0
2026_04_KC_LV,00-0039338,Brock Bowers,LV,KC,receptions,betrivers,6.5,4.942367975812233,6.124120122094284,Over,-136,0.31,,-0.4620588235294117,false,0.0,0.0,86.0,6.0,6.0,-1,-1.0
2026_04_KC_LV,00-0039338,Brock Bowers,LV,KC,rec_yds,betmgm,74.5,54.4351870334185,62.53773719824398,Over,-115,0.285,0.5,-0.46717391304347833,false,0.0,0.0,86.0,6.0,86.0,1,0.8695652173913043
2026_04_KC_LV,00-0039338,Brock Bowers,LV,KC,rec_yds,betmgm,74.5,54.4351870334185,62.53773719824398,Under,-115,0.7150000000000001,0.5,0.33673913043478276,false,0.0,0.0,86.0,6.0,86.0,-1,-1.0
2026_04_KC_LV,00-0039338,Brock Bowers,LV,KC,receptions,betmgm,6.5,4.942367975812233,6.124120122094284,Over,-155,0.31,0.5665108372290694,-0.49,false,0.0,0.0,86.0,6.0,6.0,-1,-1.0
2026_04_KC_LV,00-0039338,Brock Bowers,LV,KC,receptions,betmgm,6.5,4.942367975812233,6.124120122094284,Under,115,0.69,0.43348916277093064,0.4834999999999998,false,0.0,0.0,86.0,6.0,6.0,1,1.15
2026_04_KC_LV,00-0039338,Brock Bowers,LV,KC,rec_yds,bovada,73.5,54.4351870334185,62.53773719824398,Over,-115,0.295,0.5,-0.4484782608695653,false,0.0,0.0,86.0,6.0,86.0,1,0.8695652173913043
2026_04_KC_LV,00-0039338,Brock Bowers,LV,KC,rec_yds,bovada,73.5,54.4351870334185,62.53773719824398,Under,-115,0.7050000000000001,0.5,0.31804347826086965,false,0.0,0.0,86.0,6.0,86.0,-1,-1.0
2026_04_KC_LV,00-0039338,Brock Bowers,LV,KC,receptions,bovada,6.5,4.942367975812233,6.124120122094284,Over,-150,0.31,0.5633187772925765,-0.4833333333333333,false,0.0,0.0,86.0,6.0,6.0,-1,-1.0
2026_04_KC_LV,00-0039338,Brock Bowers,LV,KC,receptions,bovada,6.5,4.942367975812233,6.124120122094284,Under,115,0.69,0.4366812227074235,0.4834999999999998,false,0.0,0.0,86.0,6.0,6.0,1,1.15
2026_04_LAC_SEA,00-0039793,AJ Barner,SEA,LAC,rec_yds,draftkings,30.5,28.73539177500439,30.52200765695458,Over,-115,0.455,0.5063197809142617,-0.14934782608695646,false,0.0,0.0,12.0,1.0,12.0,-1,-1.0
2026_04_LAC_SEA,00-0039793,AJ Barner,SEA,LAC,rec_yds,draftkings,30.5,28.73539177500439,30.52200765695458,Under,-109,0.5449999999999999,0.49368021908573834,0.04499999999999987,false,0.0,0.0,12.0,1.0,12.0,1,0.9174311926605505
2026_04_LAC_SEA,00-0039793,AJ Barner,SEA,LAC,receptions,draftkings,3.5,2.9635267258954108,2.7904744530527394,Over,133,0.3375,0.40482201275712176,-0.2136249999999999,false,0.0,0.0,12.0,1.0,1.0,-1,-1.0
2026_04_LAC_SEA,00-0039793,AJ Barner,SEA,LAC,receptions,draftkings,3.5,2.9635267258954108,2.7904744530527394,Under,-171,0.6625,0.5951779872428782,0.049926900584795264,false,0.0,0.0,12.0,1.0,1.0,1,0.5847953216374269
2026_04_LAC_SEA,00-0039793,AJ Barner,SEA,LAC,rec_yds,fanduel,30.5,28.73539177500439,30.52200765695458,Over,-113,0.455,0.5,-0.14234513274336275,false,0.0,0.0,12.0,1.0,12.0,-1,-1.0
2026_04_LAC_SEA,00-0039793,AJ Barner,SEA,LAC,rec_yds,fanduel,30.5,28.73539177500439,30.52200765695458,Under,-113,0.5449999999999999,0.5,0.027300884955752114,false,0.0,0.0,12.0,1.0,12.0,1,0.8849557522123894
2026_04_LAC_SEA,00-0039793,AJ Barner,SEA,LAC,receptions,fanduel,3.5,2.9635267258954108,2.7904744530527394,Over,124,0.3375,0.41703248463564524,-0.24399999999999994,false,0.0,0.0,12.0,1.0,1.0,-1,-1.0
2026_04_LAC_SEA,00-0039793,AJ Barner,SEA,LAC,receptions,fanduel,3.5,2.9635267258954108,2.7904744530527394,Under,-166,0.6625,0.5829675153643548,0.061596385542168675,false,0.0,0.0,12.0,1.0,1.0,1,0.6024096385542169
2026_04_LAC_SEA,00-0039793,AJ Barner,SEA,LAC,rec_yds,betonlineag,30.5,28.73539177500439,30.52200765695458,Over,-116,0.455,0.5051597457277305,-0.15275862068965512,false,0.0,0.0,12.0,1.0,12.0,-1,-1.0
2026_04_LAC_SEA,00-0039793,AJ Barner,SEA,LAC,rec_yds,betonlineag,30.5,28.73539177500439,30.52200765695458,Under,-111,0.5449999999999999,0.4948402542722695,0.035990990990990845,false,0.0,0.0,12.0,1.0,12.0,1,0.9009009009009009
2026_04_LAC_SEA,00-0039793,AJ Barner,SEA,LAC,receptions,betonlineag,3.5,2.9635267258954108,2.7904744530527394,Over,132,0.3375,0.4053409632808775,-0.21699999999999992,false,0.0,0.0,12.0,1.0,1.0,-1,-1.0
2026_04_LAC_SEA,00-0039793,AJ Barner,SEA,LAC,receptions,betonlineag,3.5,2.9635267258954108,2.7904744530527394,Under,-172,0.6625,0.5946590367191225,0.04767441860465116,false,0.0,0.0,12.0,1.0,1.0,1,0.5813953488372093
2026_04_LAC_SEA,00-0039793,AJ Barner,SEA,LAC,rec_yds,betrivers,28.5,28.73539177500439,30.52200765695458,Over,-118,0.49,0.5050233081498151,-0.09474576271186447,false,0.0,0.0,12.0,1.0,12.0,-1,-1.0
2026_04_LAC_SEA,00-0039793,AJ Barner,SEA,LAC,rec_yds,betrivers,28.5,28.73539177500439,30.52200765695458,Under,-113,0.51,0.4949766918501849,-0.03867256637168137,false,0.0,0.0,12.0,1.0,12.0,1,0.8849557522123894
2026_04_LAC_SEA,00-0039793,AJ Barner,SEA,LAC,receptions,betrivers,3.5,2.9635267258954108,2.7904744530527394,Over,125,0.3375,,-0.24062499999999998,false,0.0,0.0,12.0,1.0,1.0,-1,-1.0
2026_04_LAC_SEA,00-0039793,AJ Barner,SEA,LAC,rec_yds,betmgm,28.5,28.73539177500439,30.52200765695458,Over,-115,0.49,0.5,-0.0839130434782609,false,0.0,0.0,12.0,1.0,12.0,-1,-1.0
2026_04_LAC_SEA,00-0039793,AJ Barner,SEA,LAC,rec_yds,betmgm,28.5,28.73539177500439,30.52200765695458,Under,-115,0.51,0.5,-0.04652173913043478,false,0.0,0.0,12.0,1.0,12.0,1,0.8695652173913043
2026_04_LAC_SEA,00-0039793,AJ Barner,SEA,LAC,receptions,betmgm,2.5,2.9635267258954108,2.7904744530527394,Over,-185,0.5675,0.6040291767974991,-0.1257432432432432,false,0.0,0.0,12.0,1.0,1.0,-1,-1.0
2026_04_LAC_SEA,00-0039793,AJ Barner,SEA,LAC,receptions,betmgm,2.5,2.9635267258954108,2.7904744530527394,Under,135,0.4325,0.3959708232025009,0.01637500000000003,false,0.0,0.0,12.0,1.0,1.0,1,1.35
2026_04_LAC_SEA,00-0039793,AJ Barner,SEA,LAC,rec_yds,bovada,30.5,28.73539177500439,30.52200765695458,Over,-120,0.455,0.5101214574898786,-0.16583333333333322,false,0.0,0.0,12.0,1.0,12.0,-1,-1.0
2026_04_LAC_SEA,00-0039793,AJ Barner,SEA,LAC,rec_yds,bovada,30.5,28.73539177500439,30.52200765695458,Under,-110,0.5449999999999999,0.4898785425101214,0.0404545454545453,false,0.0,0.0,12.0,1.0,12.0,1,0.9090909090909091
2026_04_LAC_SEA,00-0039793,AJ Barner,SEA,LAC,receptions,bovada,3.5,2.9635267258954108,2.7904744530527394,Over,130,0.3375,0.40847201210287454,-0.22374999999999995,false,0.0,0.0,12.0,1.0,1.0,-1,-1.0
2026_04_LAC_SEA,00-0039793,AJ Barner,SEA,LAC,receptions,bovada,3.5,2.9635267258954108,2.7904744530527394,Under,-170,0.6625,0.5915279878971255,0.05220588235294116,false,0.0,0.0,12.0,1.0,1.0,1,0.5882352941176471
2026_04_KC_LV,00-0039066,Michael Mayer,LV,KC,rec_yds,draftkings,23.5,25.734356656766938,29.515647159031474,Over,-114,0.535,0.5042122999157539,0.004298245614035134,false,0.0,0.0,82.0,8.0,82.0,1,0.8771929824561403
2026_04_KC_LV,00-0039066,Michael Mayer,LV,KC,rec_yds,draftkings,23.5,25.734356656766938,29.515647159031474,Under,-110,0.46499999999999997,0.4957877000842461,-0.11227272727272736,false,0.0,0.0,82.0,8.0,82.0,-1,-1.0
2026_04_KC_LV,00-0039066,Michael Mayer,LV,KC,receptions,draftkings,2.5,2.9764441381160047,3.304893360000662,Over,-133,0.5975,0.5379917512690355,0.04674812030075193,false,0.0,0.0,82.0,8.0,8.0,1,0.7518796992481203
2026_04_KC_LV,00-0039066,Michael Mayer,LV,KC,receptions,draftkings,2.5,2.9764441381160047,3.304893360000662,Under,104,0.40249999999999997,0.46200824873096447,-0.17890000000000006,false,0.0,0.0,82.0,8.0,8.0,-1,-1.0
2026_04_KC_LV,00-0039066,Michael Mayer,LV,KC,rec_yds,fanduel,21.5,25.734356656766938,29.515647159031474,Over,-113,0.5725,0.5,0.079137168141593,false,0.0,0.0,82.0,8.0,82.0,1,0.8849557522123894
2026_04_KC_LV,00-0039066,Michael Mayer,LV,KC,rec_yds,fanduel,21.5,25.734356656766938,29.515647159031474,Under,-113,0.4275,0.5,-0.19418141592920352,false,0.0,0.0,82.0,8.0,82.0,-1,-1.0
2026_04_KC_LV,00-0039066,Michael Mayer,LV,KC,receptions,fanduel,2.5,2.9764441381160047,3.304893360000662,Over,-128,0.5975,0.5240847784200385,0.06429687500000003,false,0.0,0.0,82.0,8.0,8.0,1,0.78125
2026_04_KC_LV,00-0039066,Michael Mayer,LV,KC,receptions,fanduel,2.5,2.9764441381160047,3.304893360000662,Under,-104,0.40249999999999997,0.47591522157996147,-0.2104807692307693,false,0.0,0.0,82.0,8.0,8.0,-1,-1.0
2026_04_KC_LV,00-0039066,Michael Mayer,LV,KC,rec_yds,betonlineag,21.5,25.734356656766938,29.515647159031474,Over,-120,0.5725,0.5123152709359606,0.04958333333333337,false,0.0,0.0,82.0,8.0,82.0,1,0.8333333333333334
2026_04_KC_LV,00-0039066,Michael Mayer,LV,KC,rec_yds,betonlineag,21.5,25.734356656766938,29.515647159031474,Under,-108,0.4275,0.48768472906403937,-0.1766666666666667,false,0.0,0.0,82.0,8.0,82.0,-1,-1.0
2026_04_KC_LV,00-0039066,Michael Mayer,LV,KC,receptions,betonlineag,2.5,2.9764441381160047,3.304893360000662,Over,-128,0.5975,0.5276888998277135,0.06429687500000003,false,0.0,0.0,82.0,8.0,8.0,1,0.78125
2026_04_KC_LV,00-0039066,Michael Mayer,LV,KC,receptions,betonlineag,2.5,2.9764441381160047,3.304893360000662,Under,-101,0.40249999999999997,0.4723111001722865,-0.19898514851485155,false,0.0,0.0,82.0,8.0,8.0,-1,-1.0
2026_04_KC_LV,00-0039066,Michael Mayer,LV,KC,rec_yds,betrivers,20.5,25.734356656766938,29.515647159031474,Over,-117,0.59,0.5030135004821601,0.09427350427350423,false,0.0,0.0,82.0,8.0,82.0,1,0.8547008547008547
2026_04_KC_LV,00-0039066,Michael Mayer,LV,KC,rec_yds,betrivers,20.5,25.734356656766938,29.515647159031474,Under,-114,0.41000000000000003,0.4969864995178399,-0.23035087719298242,false,0.0,0.0,82.0,8.0,82.0,-1,-1.0
2026_04_KC_LV,00-0039066,Michael Mayer,LV,KC,receptions,betrivers,2.5,2.9764441381160047,3.304893360000662,Over,-127,0.5975,,0.06797244094488197,false,0.0,0.0,82.0,8.0,8.0,1,0.7874015748031497
2026_04_KC_LV,00-0039066,Michael Mayer,LV,KC,rec_yds,betmgm,23.5,25.734356656766938,29.515647159031474,Over,-115,0.535,0.5,0.00021739130434789145,false,0.0,0.0,82.0,8.0,82.0,1,0.8695652173913043
2026_04_KC_LV,00-0039066,Michael Mayer,LV,KC,rec_yds,betmgm,23.5,25.734356656766938,29.515647159031474,Under,-115,0.46499999999999997,0.5,-0.13065217391304357,false,0.0,0.0,82.0,8.0,82.0,-1,-1.0
2026_04_KC_LV,00-0039066,Michael Mayer,LV,KC,receptions,betmgm,2.5,2.9764441381160047,3.304893360000662,Over,-145,0.5975,0.5481788842784694,0.009568965517241457,false,0.0,0.0,82.0,8.0,8.0,1,0.6896551724137931
2026_04_KC_LV,00-0039066,Michael Mayer,LV,KC,receptions,betmgm,2.5,2.9764441381160047,3.304893360000662,Under,105,0.40249999999999997,0.4518211157215306,-0.17487500000000006,false,0.0,0.0,82.0,8.0,8.0,-1,-1.0
2026_04_KC_LV,00-0039066,Michael Mayer,LV,KC,rec_yds,bovada,23.5,25.734356656766938,29.515647159031474,Over,-115,0.535,0.5,0.00021739130434789145,false,0.0,0.0,82.0,8.0,82.0,1,0.8695652173913043
2026_04_KC_LV,00-0039066,Michael Mayer,LV,KC,rec_yds,bovada,23.5,25.734356656766938,29.515647159031474,Under,-115,0.46499999999999997,0.5,-0.13065217391304357,false,0.0,0.0,82.0,8.0,82.0,-1,-1.0
2026_04_KC_LV,00-0039066,Michael Mayer,LV,KC,receptions,bovada,2.5,2.9764441381160047,3.304893360000662,Over,-135,0.5975,0.5407914020517831,0.040092592592592624,false,0.0,0.0,82.0,8.0,8.0,1,0.7407407407407407
2026_04_KC_LV,00-0039066,Michael Mayer,LV,KC,receptions,bovada,2.5,2.9764441381160047,3.304893360000662,Under,105,0.40249999999999997,0.4592085979482169,-0.17487500000000006,false,0.0,0.0,82.0,8.0,8.0,-1,-1.0
2026_04_NE_BUF,00-0037248,James Cook,BUF,NE,rush_yds,draftkings,88.5,76.92956402471864,99.31768637257396,Over,-110,0.3675,0.495787700084246,-0.298409090909091,false,0.0,75.0,8.0,2.0,75.0,-1,-1.0
2026_04_NE_BUF,00-0037248,James Cook,BUF,NE,rush_yds,draftkings,88.5,76.92956402471864,99.31768637257396,Under,-114,0.6325000000000001,0.504212299915754,0.18732456140350884,false,0.0,75.0,8.0,2.0,75.0,1,0.8771929824561403
2026_04_NE_BUF,00-0037248,James Cook,BUF,NE,rush_yds,fanduel,84.5,76.92956402471864,99.31768637257396,Over,-113,0.3925,0.5,-0.26015486725663706,false,0.0,75.0,8.0,2.0,75.0,-1,-1.0
2026_04_NE_BUF,00-0037248,James Cook,BUF,NE,rush_yds,fanduel,84.5,76.92956402471864,99.31768637257396,Under,-113,0.6074999999999999,0.5,0.14511061946902648,false,0.0,75.0,8.0,2.0,75.0,1,0.8849557522123894
2026_04_NE_BUF,00-0037248,James Cook,BUF,NE,rush_yds,betonlineag,85.5,76.92956402471864,99.31768637257396,Over,-114,0.385,0.5,-0.27728070175438596,false,0.0,75.0,8.0,2.0,75.0,-1,-1.0
2026_04_NE_BUF,00-0037248,James Cook,BUF,NE,rush_yds,betonlineag,85.5,76.92956402471864,99.31768637257396,Under,-114,0.615,0.5,0.15447368421052632,false,0.0,75.0,8.0,2.0,75.0,1,0.8771929824561403
2026_04_NE_BUF,00-0037248,James Cook,BUF,NE,rush_yds,betrivers,88.5,76.92956402471864,99.31768637257396,Over,-114,0.3675,0.4969864995178399,-0.3101315789473685,false,0.0,75.0,8.0,2.0,75.0,-1,-1.0
2026_04_NE_BUF,00-0037248,James Cook,BUF,NE,rush_yds,betrivers,88.5,76.92956402471864,99.31768637257396,Under,-117,0.6325000000000001,0.5030135004821601,0.17309829059829074,false,0.0,75.0,8.0,2.0,75.0,1,0.8547008547008547
2026_04_NE_BUF,00-0037248,James Cook,BUF,NE,rush_yds,betmgm,86.5,76.92956402471864,99.31768637257396,Over,-115,0.3775,0.5,-0.29423913043478267,false,0.0,75.0,8.0,2.0,75.0,-1,-1.0
2026_04_NE_BUF,00-0037248,James Cook,BUF,NE,rush_yds,betmgm,86.5,76.92956402471864,99.31768637257396,Under,-115,0.6225,0.5,0.163804347826087,false,0.0,75.0,8.0,2.0,75.0,1,0.8695652173913043
2026_04_NE_BUF,00-0037248,James Cook,BUF,NE,rush_yds,bovada,88.5,76.92956402471864,99.31768637257396,Over,-115,0.3675,0.5,-0.3129347826086957,false,0.0,75.0,8.0,2.0,75.0,-1,-1.0
2026_04_NE_BUF,00-0037248,James Cook,BUF,NE,rush_yds,bovada,88.5,76.92956402471864,99.31768637257396,Under,-115,0.6325000000000001,0.5,0.1825000000000001,false,0.0,75.0,8.0,2.0,75.0,1,0.8695652173913043
2026_04_JAX_CIN,00-0034960,Jakobi Meyers,JAX,CIN,rec_yds,draftkings,40.5,41.40133736433893,45.33408985106883,Over,-110,0.4875,0.495787700084246,-0.06931818181818178,false,0.0,0.0,33.0,3.0,33.0,-1,-1.0
2026_04_JAX_CIN,00-0034960,Jakobi Meyers,JAX,CIN,rec_yds,draftkings,40.5,41.40133736433893,45.33408985106883,Under,-114,0.5125,0.504212299915754,-0.03793859649122816,false,0.0,0.0,33.0,3.0,33.0,1,0.8771929824561403
2026_04_JAX_CIN,00-0034960,Jakobi Meyers,JAX,CIN,receptions,draftkings,3.5,3.55870248602627,3.9859374409579513,Over,-129,0.52,0.5310164041860369,-0.07689922480620148,false,0.0,0.0,33.0,3.0,3.0,-1,-1.0
2026_04_JAX_CIN,00-0034960,Jakobi Meyers,JAX,CIN,receptions,draftkings,3.5,3.55870248602627,3.9859374409579513,Under,101,0.48,0.4689835958139631,-0.03520000000000001,false,0.0,0.0,33.0,3.0,3.0,1,1.01
2026_04_JAX_CIN,00-0034960,Jakobi Meyers,JAX,CIN,rec_yds,fanduel,39.5,41.40133736433893,45.33408985106883,Over,-113,0.5025,0.5,-0.05280973451327442,false,0.0,0.0,33.0,3.0,33.0,-1,-1.0
2026_04_JAX_CIN,00-0034960,Jakobi Meyers,JAX,CIN,rec_yds,fanduel,39.5,41.40133736433893,45.33408985106883,Under,-113,0.49750000000000005,0.5,-0.062234513274336156,false,0.0,0.0,33.0,3.0,33.0,1,0.8849557522123894
2026_04_JAX_CIN,00-0034960,Jakobi Meyers,JAX,CIN,receptions,fanduel,3.5,3.55870248602627,3.9859374409579513,Over,-122,0.52,0.5141838223374939,-0.05377049180327864,false,0.0,0.0,33.0,3.0,3.0,-1,-1.0
2026_04_JAX_CIN,00-0034960,Jakobi Meyers,JAX,CIN,receptions,fanduel,3.5,3.55870248602627,3.9859374409579513,Under,-108,0.48,0.48581617766250607,-0.0755555555555556,false,0.0,0.0,33.0,3.0,3.0,1,0.9259259259259259
2026_04_JAX_CIN,00-0034960,Jakobi Meyers,JAX,CIN,rec_yds,betonlineag,39.5,41.40133736433893,45.33408985106883,Over,-115,0.5025,0.5030953363598846,-0.0605434782608697,false,0.0,0.0,33.0,3.0,33.0,-1,-1.0
2026_04_JAX_CIN,00-0034960,Jakobi Meyers,JAX,CIN,rec_yds,betonlineag,39.5,41.40133736433893,45.33408985106883,Under,-112,0.49750000000000005,0.49690466364011543,-0.05830357142857129,false,0.0,0.0,33.0,3.0,33.0,1,0.8928571428571429
2026_04_JAX_CIN,00-0034960,Jakobi Meyers,JAX,CIN,receptions,betonlineag,3.5,3.55870248602627,3.9859374409579513,Over,-125,0.52,0.5226570545829042,-0.06399999999999995,false,0.0,0.0,33.0,3.0,3.0,-1,-1.0
2026_04_JAX_CIN,00-0034960,Jakobi Meyers,JAX,CIN,receptions,betonlineag,3.5,3.55870248602627,3.9859374409579513,Under,-103,0.48,0.47734294541709577,-0.05398058252427185,false,0.0,0.0,33.0,3.0,3.0,1,0.970873786407767
2026_04_JAX_CIN,00-0034960,Jakobi Meyers,JAX,CIN,rec_yds,betrivers,40.5,41.40133736433893,45.33408985106883,Over,-115,0.4875,0.5,-0.08858695652173909,false,0.0,0.0,33.0,3.0,33.0,-1,-1.0
2026_04_JAX_CIN,00-0034960,Jakobi Meyers,JAX,CIN,rec_yds,betrivers,40.5,41.40133736433893,45.33408985106883,Under,-115,0.5125,0.5,-0.04184782608695664,false,0.0,0.0,33.0,3.0,33.0,1,0.8695652173913043
2026_04_JAX_CIN,00-0034960,Jakobi Meyers,JAX,CIN,receptions,betrivers,3.5,3.55870248602627,3.9859374409579513,Over,-141,0.52,,-0.1112056737588652,false,0.0,0.0,33.0,3.0,3.0,-1,-1.0
2026_04_JAX_CIN,00-0034960,Jakobi Meyers,JAX,CIN,rec_yds,betmgm,40.5,41.40133736433893,45.33408985106883,Over,-115,0.4875,0.5,-0.08858695652173909,false,0.0,0.0,33.0,3.0,33.0,-1,-1.0
2026_04_JAX_CIN,00-0034960,Jakobi Meyers,JAX,CIN,rec_yds,betmgm,40.5,41.40133736433893,45.33408985106883,Under,-115,0.5125,0.5,-0.04184782608695664,false,0.0,0.0,33.0,3.0,33.0,1,0.8695652173913043
2026_04_JAX_CIN,00-0034960,Jakobi Meyers,JAX,CIN,receptions,betmgm,3.5,3.55870248602627,3.9859374409579513,Over,-130,0.52,0.5246062992125985,-0.07999999999999996,false,0.0,0.0,33.0,3.0,3.0,-1,-1.0
2026_04_JAX_CIN,00-0034960,Jakobi Meyers,JAX,CIN,receptions,betmgm,3.5,3.55870248602627,3.9859374409579513,Under,-105,0.48,0.4753937007874015,-0.06285714285714294,false,0.0,0.0,33.0,3.0,3.0,1,0.9523809523809523
2026_04_JAX_CIN,00-0034960,Jakobi Meyers,JAX,CIN,rec_yds,bovada,40.5,41.40133736433893,45.33408985106883,Over,-115,0.4875,0.5,-0.08858695652173909,false,0.0,0.0,33.0,3.0,33.0,-1,-1.0
2026_04_JAX_CIN,00-0034960,Jakobi Meyers,JAX,CIN,rec_yds,bovada,40.5,41.40133736433893,45.33408985106883,Under,-115,0.5125,0.5,-0.04184782608695664,false,0.0,0.0,33.0,3.0,33.0,1,0.8695652173913043
2026_04_JAX_CIN,00-0034960,Jakobi Meyers,JAX,CIN,receptions,bovada,3.5,3.55870248602627,3.9859374409579513,Over,-130,0.52,0.5306122448979592,-0.07999999999999996,false,0.0,0.0,33.0,3.0,3.0,-1,-1.0
2026_04_JAX_CIN,00-0034960,Jakobi Meyers,JAX,CIN,receptions,bovada,3.5,3.55870248602627,3.9859374409579513,Under,100,0.48,0.4693877551020408,-0.040000000000000036,false,0.0,0.0,33.0,3.0,3.0,1,1.0
2026_04_LAC_SEA,00-0038797,Emanuel Wilson,SEA,LAC,rush_yds,draftkings,49.5,19.940548095839056,32.10730308929003,Over,-113,0.145,0.5021058838394474,-0.7266814159292035,true,0.0,81.0,39.0,3.0,81.0,1,0.8849557522123894
2026_04_LAC_SEA,00-0038797,Emanuel Wilson,SEA,LAC,rush_yds,draftkings,49.5,19.940548095839056,32.10730308929003,Under,-111,0.855,0.49789411616055257,0.6252702702702703,true,0.0,81.0,39.0,3.0,81.0,-1,-1.0
2026_04_LAC_SEA,00-0038797,Emanuel Wilson,SEA,LAC,rush_yds,fanduel,47.5,19.940548095839056,32.10730308929003,Over,-113,0.1575,0.5,-0.7031194690265488,true,0.0,81.0,39.0,3.0,81.0,1,0.8849557522123894
2026_04_LAC_SEA,00-0038797,Emanuel Wilson,SEA,LAC,rush_yds,fanduel,47.5,19.940548095839056,32.10730308929003,Under,-113,0.8425,0.5,0.5880752212389382,true,0.0,81.0,39.0,3.0,81.0,-1,-1.0
2026_04_LAC_SEA,00-0038797,Emanuel Wilson,SEA,LAC,rush_yds,betonlineag,48.5,19.940548095839056,32.10730308929003,Over,-112,0.1475,0.4969046636401156,-0.7208035714285714,true,0.0,81.0,39.0,3.0,81.0,1,0.8928571428571429
2026_04_LAC_SEA,00-0038797,Emanuel Wilson,SEA,LAC,rush_yds,betonlineag,48.5,19.940548095839056,32.10730308929003,Under,-115,0.8525,0.5030953363598845,0.593804347826087,true,0.0,81.0,39.0,3.0,81.0,-1,-1.0
2026_04_LAC_SEA,00-0038797,Emanuel Wilson,SEA,LAC,rush_yds,betrivers,51.5,19.940548095839056,32.10730308929003,Over,-112,0.1325,0.4939310568053083,-0.7491964285714285,true,0.0,81.0,39.0,3.0,81.0,1,0.8928571428571429
2026_04_LAC_SEA,00-0038797,Emanuel Wilson,SEA,LAC,rush_yds,betrivers,51.5,19.940548095839056,32.10730308929003,Under,-118,0.8674999999999999,0.5060689431946916,0.6026694915254236,true,0.0,81.0,39.0,3.0,81.0,-1,-1.0
2026_04_LAC_SEA,00-0038797,Emanuel Wilson,SEA,LAC,rush_yds,betmgm,50.5,19.940548095839056,32.10730308929003,Over,-115,0.1375,0.5,-0.7429347826086957,true,0.0,81.0,39.0,3.0,81.0,1,0.8695652173913043
2026_04_LAC_SEA,00-0038797,Emanuel Wilson,SEA,LAC,rush_yds,betmgm,50.5,19.940548095839056,32.10730308929003,Under,-115,0.8625,0.5,0.6125,true,0.0,81.0,39.0,3.0,81.0,-1,-1.0
2026_04_LAC_SEA,00-0038797,Emanuel Wilson,SEA,LAC,rush_yds,bovada,49.5,19.940548095839056,32.10730308929003,Over,-115,0.145,0.5,-0.7289130434782609,true,0.0,81.0,39.0,3.0,81.0,1,0.8695652173913043
2026_04_LAC_SEA,00-0038797,Emanuel Wilson,SEA,LAC,rush_yds,bovada,49.5,19.940548095839056,32.10730308929003,Under,-115,0.855,0.5,0.5984782608695651,true,0.0,81.0,39.0,3.0,81.0,-1,-1.0
2026_04_NE_BUF,00-0034827,DJ Moore,BUF,NE,rec_yds,draftkings,50.5,40.8056586222623,47.5748720775946,Over,-110,0.335,0.495787700084246,-0.36045454545454547,false,0.0,6.0,11.0,1.0,11.0,-1,-1.0
2026_04_NE_BUF,00-0034827,DJ Moore,BUF,NE,rec_yds,draftkings,50.5,40.8056586222623,47.5748720775946,Under,-114,0.665,0.504212299915754,0.2483333333333334,false,0.0,6.0,11.0,1.0,11.0,1,0.8771929824561403
2026_04_NE_BUF,00-0034827,DJ Moore,BUF,NE,receptions,draftkings,3.5,3.1404237632593177,3.6075202665216195,Over,-169,0.4125,0.593090094996067,-0.34341715976331366,false,0.0,6.0,11.0,1.0,1.0,-1,-1.0
2026_04_NE_BUF,00-0034827,DJ Moore,BUF,NE,receptions,draftkings,3.5,3.1404237632593177,3.6075202665216195,Under,132,0.5875,0.406909905003933,0.3630000000000001,false,0.0,6.0,11.0,1.0,1.0,1,1.32
2026_04_NE_BUF,00-0034827,DJ Moore,BUF,NE,rec_yds,fanduel,49.5,40.8056586222623,47.5748720775946,Over,-113,0.34,0.5,-0.3591150442477875,false,0.0,6.0,11.0,1.0,11.0,-1,-1.0
2026_04_NE_BUF,00-0034827,DJ Moore,BUF,NE,rec_yds,fanduel,49.5,40.8056586222623,47.5748720775946,Under,-113,0.6599999999999999,0.5,0.24407079646017682,false,0.0,6.0,11.0,1.0,11.0,1,0.8849557522123894
2026_04_NE_BUF,00-0034827,DJ Moore,BUF,NE,receptions,fanduel,3.5,3.1404237632593177,3.6075202665216195,Over,-158,0.4125,0.571741584224155,-0.3264240506329114,false,0.0,6.0,11.0,1.0,1.0,-1,-1.0
2026_04_NE_BUF,00-0034827,DJ Moore,BUF,NE,receptions,fanduel,3.5,3.1404237632593177,3.6075202665216195,Under,118,0.5875,0.428258415775845,0.28075000000000006,false,0.0,6.0,11.0,1.0,1.0,1,1.18
2026_04_NE_BUF,00-0034827,DJ Moore,BUF,NE,rec_yds,betonlineag,49.5,40.8056586222623,47.5748720775946,Over,-119,0.34,0.5102580936358786,-0.37428571428571417,false,0.0,6.0,11.0,1.0,11.0,-1,-1.0
2026_04_NE_BUF,00-0034827,DJ Moore,BUF,NE,rec_yds,betonlineag,49.5,40.8056586222623,47.5748720775946,Under,-109,0.6599999999999999,0.4897419063641214,0.26550458715596315,false,0.0,6.0,11.0,1.0,11.0,1,0.9174311926605505
2026_04_NE_BUF,00-0034827,DJ Moore,BUF,NE,receptions,betonlineag,3.5,3.1404237632593177,3.6075202665216195,Over,-169,0.4125,0.5909989356849628,-0.34341715976331366,false,0.0,6.0,11.0,1.0,1.0,-1,-1.0
2026_04_NE_BUF,00-0034827,DJ Moore,BUF,NE,receptions,betonlineag,3.5,3.1404237632593177,3.6075202665216195,Under,130,0.5875,0.40900106431503724,0.35125000000000006,false,0.0,6.0,11.0,1.0,1.0,1,1.3
2026_04_NE_BUF,00-0034827,DJ Moore,BUF,NE,rec_yds,betrivers,52.5,40.8056586222623,47.5748720775946,Over,-114,0.31,0.4969864995178399,-0.4180701754385965,false,0.0,6.0,11.0,1.0,11.0,-1,-1.0
2026_04_NE_BUF,00-0034827,DJ Moore,BUF,NE,rec_yds,betrivers,52.5,40.8056586222623,47.5748720775946,Under,-117,0.69,0.5030135004821601,0.2797435897435896,false,0.0,6.0,11.0,1.0,11.0,1,0.8547008547008547
2026_04_NE_BUF,00-0034827,DJ Moore,BUF,NE,receptions,betrivers,3.5,3.1404237632593177,3.6075202665216195,Over,-155,0.4125,,-0.3213709677419355,false,0.0,6.0,11.0,1.0,1.0,-1,-1.0
2026_04_NE_BUF,00-0034827,DJ Moore,BUF,NE,rec_yds,betmgm,52.5,40.8056586222623,47.5748720775946,Over,-115,0.31,0.5,-0.4204347826086956,false,0.0,6.0,11.0,1.0,11.0,-1,-1.0
2026_04_NE_BUF,00-0034827,DJ Moore,BUF,NE,rec_yds,betmgm,52.5,40.8056586222623,47.5748720775946,Under,-115,0.69,0.5,0.2899999999999999,false,0.0,6.0,11.0,1.0,11.0,1,0.8695652173913043
2026_04_NE_BUF,00-0034827,DJ Moore,BUF,NE,receptions,betmgm,3.5,3.1404237632593177,3.6075202665216195,Over,-175,0.4125,0.5940959409594095,-0.35178571428571437,false,0.0,6.0,11.0,1.0,1.0,-1,-1.0
2026_04_NE_BUF,00-0034827,DJ Moore,BUF,NE,receptions,betmgm,3.5,3.1404237632593177,3.6075202665216195,Under,130,0.5875,0.40590405904059046,0.35125000000000006,false,0.0,6.0,11.0,1.0,1.0,1,1.3
2026_04_NE_BUF,00-0034827,DJ Moore,BUF,NE,rec_yds,bovada,50.5,40.8056586222623,47.5748720775946,Over,-115,0.335,0.5,-0.3736956521739131,false,0.0,6.0,11.0,1.0,11.0,-1,-1.0
2026_04_NE_BUF,00-0034827,DJ Moore,BUF,NE,rec_yds,bovada,50.5,40.8056586222623,47.5748720775946,Under,-115,0.665,0.5,0.24326086956521742,false,0.0,6.0,11.0,1.0,11.0,1,0.8695652173913043
2026_04_NE_BUF,00-0034827,DJ Moore,BUF,NE,receptions,bovada,3.5,3.1404237632593177,3.6075202665216195,Over,-170,0.4125,0.5915279878971256,-0.3448529411764706,false,0.0,6.0,11.0,1.0,1.0,-1,-1.0
2026_04_NE_BUF,00-0034827,DJ Moore,BUF,NE,receptions,bovada,3.5,3.1404237632593177,3.6075202665216195,Under,130,0.5875,0.4084720121028744,0.35125000000000006,false,0.0,6.0,11.0,1.0,1.0,1,1.3
2026_04_DEN_SF,00-0040730,RJ Harvey,DEN,SF,rec_yds,draftkings,21.5,20.208820757026942,28.524721577901225,Over,-115,0.435,0.5063197809142617,-0.18673913043478257,true,0.0,25.0,68.0,10.0,68.0,1,0.8695652173913043
2026_04_DEN_SF,00-0040730,RJ Harvey,DEN,SF,rec_yds,draftkings,21.5,20.208820757026942,28.524721577901225,Under,-109,0.565,0.49368021908573834,0.08334862385321096,true,0.0,25.0,68.0,10.0,68.0,-1,-1.0
2026_04_DEN_SF,00-0040730,RJ Harvey,DEN,SF,receptions,draftkings,3.5,2.631997684966147,3.897730997728658,Over,-101,0.3225,0.47404053829539783,-0.3581930693069307,true,0.0,25.0,68.0,10.0,10.0,1,0.9900990099009901
2026_04_DEN_SF,00-0040730,RJ Harvey,DEN,SF,receptions,draftkings,3.5,2.631997684966147,3.897730997728658,Under,-126,0.6775,0.5259594617046022,0.21519841269841267,true,0.0,25.0,68.0,10.0,10.0,-1,-1.0
2026_04_DEN_SF,00-0040730,RJ Harvey,DEN,SF,rush_yds,draftkings,15.5,24.322144323015234,28.29235011596783,Over,-118,0.63,0.5126539564703898,0.1638983050847458,true,0.0,25.0,68.0,10.0,25.0,1,0.847457627118644
2026_04_DEN_SF,00-0040730,RJ Harvey,DEN,SF,rush_yds,draftkings,15.5,24.322144323015234,28.29235011596783,Under,-106,0.37,0.4873460435296102,-0.2809433962264151,true,0.0,25.0,68.0,10.0,25.0,-1,-1.0
2026_04_DEN_SF,00-0040730,RJ Harvey,DEN,SF,rec_yds,fanduel,21.5,20.208820757026942,28.524721577901225,Over,-113,0.435,0.5,-0.18004424778761052,true,0.0,25.0,68.0,10.0,68.0,1,0.8849557522123894
2026_04_DEN_SF,00-0040730,RJ Harvey,DEN,SF,rec_yds,fanduel,21.5,20.208820757026942,28.524721577901225,Under,-113,0.565,0.5,0.06499999999999995,true,0.0,25.0,68.0,10.0,68.0,-1,-1.0
2026_04_DEN_SF,00-0040730,RJ Harvey,DEN,SF,receptions,fanduel,3.5,2.631997684966147,3.897730997728658,Over,102,0.3225,0.46209273182957394,-0.34854999999999997,true,0.0,25.0,68.0,10.0,10.0,1,1.02
2026_04_DEN_SF,00-0040730,RJ Harvey,DEN,SF,receptions,fanduel,3.5,2.631997684966147,3.897730997728658,Under,-136,0.6775,0.537907268170426,0.17566176470588235,true,0.0,25.0,68.0,10.0,10.0,-1,-1.0
2026_04_DEN_SF,00-0040730,RJ Harvey,DEN,SF,rush_yds,fanduel,15.5,24.322144323015234,28.29235011596783,Over,-113,0.63,0.5,0.1875221238938053,true,0.0,25.0,68.0,10.0,25.0,1,0.8849557522123894
2026_04_DEN_SF,00-0040730,RJ Harvey,DEN,SF,rush_yds,fanduel,15.5,24.322144323015234,28.29235011596783,Under,-113,0.37,0.5,-0.3025663716814159,true,0.0,25.0,68.0,10.0,25.0,-1,-1.0
2026_04_DEN_SF,00-0040730,RJ Harvey,DEN,SF,rec_yds,betonlineag,21.5,20.208820757026942,28.524721577901225,Over,-116,0.435,0.5051597457277305,-0.18999999999999995,true,0.0,25.0,68.0,10.0,68.0,1,0.8620689655172413
2026_04_DEN_SF,00-0040730,RJ Harvey,DEN,SF,rec_yds,betonlineag,21.5,20.208820757026942,28.524721577901225,Under,-111,0.565,0.4948402542722695,0.07400900900900886,true,0.0,25.0,68.0,10.0,68.0,-1,-1.0
2026_04_DEN_SF,00-0040730,RJ Harvey,DEN,SF,receptions,betonlineag,3.5,2.631997684966147,3.897730997728658,Over,-102,0.3225,0.47438944435338465,-0.3613235294117647,true,0.0,25.0,68.0,10.0,10.0,1,0.9803921568627451
2026_04_DEN_SF,00-0040730,RJ Harvey,DEN,SF,receptions,betonlineag,3.5,2.631997684966147,3.897730997728658,Under,-127,0.6775,0.5256105556466153,0.2109645669291339,true,0.0,25.0,68.0,10.0,10.0,-1,-1.0
2026_04_DEN_SF,00-0040730,RJ Harvey,DEN,SF,rush_yds,betonlineag,15.5,24.322144323015234,28.29235011596783,Over,-118,0.63,0.5082034454470877,0.1638983050847458,true,0.0,25.0,68.0,10.0,25.0,1,0.847457627118644
2026_04_DEN_SF,00-0040730,RJ Harvey,DEN,SF,rush_yds,betonlineag,15.5,24.322144323015234,28.29235011596783,Under,-110,0.37,0.49179655455291227,-0.29363636363636364,true,0.0,25.0,68.0,10.0,25.0,-1,-1.0
2026_04_DEN_SF,00-0040730,RJ Harvey,DEN,SF,rec_yds,betrivers,22.5,20.208820757026942,28.524721577901225,Over,-113,0.41,0.4949766918501849,-0.22716814159292043,true,0.0,25.0,68.0,10.0,68.0,1,0.8849557522123894
2026_04_DEN_SF,00-0040730,RJ Harvey,DEN,SF,rec_yds,betrivers,22.5,20.208820757026942,28.524721577901225,Under,-118,0.5900000000000001,0.5050233081498151,0.09000000000000008,true,0.0,25.0,68.0,10.0,68.0,-1,-1.0
2026_04_DEN_SF,00-0040730,RJ Harvey,DEN,SF,receptions,betrivers,3.5,2.631997684966147,3.897730997728658,Over,-109,0.3225,,-0.38162844036697247,true,0.0,25.0,68.0,10.0,10.0,1,0.9174311926605505
2026_04_DEN_SF,00-0040730,RJ Harvey,DEN,SF,rush_yds,betrivers,16.5,24.322144323015234,28.29235011596783,Over,-112,0.6225,0.4920127795527157,0.17830357142857156,true,0.0,25.0,68.0,10.0,25.0,1,0.8928571428571429
2026_04_DEN_SF,00-0040730,RJ Harvey,DEN,SF,rush_yds,betrivers,16.5,24.322144323015234,28.29235011596783,Under,-120,0.37749999999999995,0.5079872204472843,-0.3079166666666667,true,0.0,25.0,68.0,10.0,25.0,-1,-1.0
2026_04_DEN_SF,00-0040730,RJ Harvey,DEN,SF,rec_yds,bovada,21.5,20.208820757026942,28.524721577901225,Over,-120,0.435,0.5101214574898786,-0.20249999999999996,true,0.0,25.0,68.0,10.0,68.0,1,0.8333333333333334
2026_04_DEN_SF,00-0040730,RJ Harvey,DEN,SF,rec_yds,bovada,21.5,20.208820757026942,28.524721577901225,Under,-110,0.565,0.4898785425101214,0.0786363636363635,true,0.0,25.0,68.0,10.0,68.0,-1,-1.0
2026_04_DEN_SF,00-0040730,RJ Harvey,DEN,SF,receptions,bovada,3.5,2.631997684966147,3.897730997728658,Over,100,0.3225,0.4693877551020408,-0.355,true,0.0,25.0,68.0,10.0,10.0,1,1.0
2026_04_DEN_SF,00-0040730,RJ Harvey,DEN,SF,receptions,bovada,3.5,2.631997684966147,3.897730997728658,Under,-130,0.6775,0.5306122448979592,0.19865384615384618,true,0.0,25.0,68.0,10.0,10.0,-1,-1.0
2026_04_DEN_SF,00-0040730,RJ Harvey,DEN,SF,rush_yds,bovada,15.5,24.322144323015234,28.29235011596783,Over,-120,0.63,0.5101214574898786,0.15500000000000003,true,0.0,25.0,68.0,10.0,25.0,1,0.8333333333333334
2026_04_DEN_SF,00-0040730,RJ Harvey,DEN,SF,rush_yds,bovada,15.5,24.322144323015234,28.29235011596783,Under,-110,0.37,0.4898785425101214,-0.29363636363636364,true,0.0,25.0,68.0,10.0,25.0,-1,-1.0
2026_04_JAX_CIN,00-0039893,Brian Thomas Jr,JAX,CIN,rec_yds,draftkings,27.5,36.332662833188564,39.21753048042568,Over,-110,0.585,0.495787700084246,0.11681818181818171,false,0.0,0.0,17.0,2.0,17.0,-1,-1.0
2026_04_JAX_CIN,00-0039893,Brian Thomas Jr,JAX,CIN,rec_yds,draftkings,27.5,36.332662833188564,39.21753048042568,Under,-114,0.41500000000000004,0.504212299915754,-0.2209649122807017,false,0.0,0.0,17.0,2.0,17.0,1,0.8771929824561403
2026_04_JAX_CIN,00-0039893,Brian Thomas Jr,JAX,CIN,receptions,draftkings,2.5,2.8648333202309937,2.8772405192549018,Over,121,0.5225,0.4267425320056899,0.1547249999999999,false,0.0,0.0,17.0,2.0,2.0,-1,-1.0
2026_04_JAX_CIN,00-0039893,Brian Thomas Jr,JAX,CIN,receptions,draftkings,2.5,2.8648333202309937,2.8772405192549018,Under,-155,0.47750000000000004,0.5732574679943101,-0.21443548387096767,false,0.0,0.0,17.0,2.0,2.0,1,0.6451612903225806
2026_04_JAX_CIN,00-0039893,Brian Thomas Jr,JAX,CIN,rec_yds,fanduel,26.5,36.332662833188564,39.21753048042568,Over,-113,0.6025,0.5,0.13568584070796474,false,0.0,0.0,17.0,2.0,17.0,-1,-1.0
2026_04_JAX_CIN,00-0039893,Brian Thomas Jr,JAX,CIN,rec_yds,fanduel,26.5,36.332662833188564,39.21753048042568,Under,-113,0.39749999999999996,0.5,-0.25073008849557527,false,0.0,0.0,17.0,2.0,17.0,1,0.8849557522123894
2026_04_JAX_CIN,00-0039893,Brian Thomas Jr,JAX,CIN,receptions,fanduel,2.5,2.8648333202309937,2.8772405192549018,Over,120,0.5225,0.4248366013071895,0.14949999999999986,false,0.0,0.0,17.0,2.0,2.0,-1,-1.0
2026_04_JAX_CIN,00-0039893,Brian Thomas Jr,JAX,CIN,receptions,fanduel,2.5,2.8648333202309937,2.8772405192549018,Under,-160,0.47750000000000004,0.5751633986928105,-0.22406249999999994,false,0.0,0.0,17.0,2.0,2.0,1,0.625
2026_04_JAX_CIN,00-0039893,Brian Thomas Jr,JAX,CIN,rec_yds,betonlineag,26.5,36.332662833188564,39.21753048042568,Over,-116,0.6025,0.5051597457277305,0.12189655172413794,false,0.0,0.0,17.0,2.0,17.0,-1,-1.0
2026_04_JAX_CIN,00-0039893,Brian Thomas Jr,JAX,CIN,rec_yds,betonlineag,26.5,36.332662833188564,39.21753048042568,Under,-111,0.39749999999999996,0.4948402542722695,-0.24439189189189198,false,0.0,0.0,17.0,2.0,17.0,1,0.9009009009009009
2026_04_JAX_CIN,00-0039893,Brian Thomas Jr,JAX,CIN,receptions,betonlineag,2.5,2.8648333202309937,2.8772405192549018,Over,120,0.5225,0.42723631508678234,0.14949999999999986,false,0.0,0.0,17.0,2.0,2.0,-1,-1.0
2026_04_JAX_CIN,00-0039893,Brian Thomas Jr,JAX,CIN,receptions,betonlineag,2.5,2.8648333202309937,2.8772405192549018,Under,-156,0.47750000000000004,0.5727636849132176,-0.21641025641025635,false,0.0,0.0,17.0,2.0,2.0,1,0.6410256410256411
2026_04_JAX_CIN,00-0039893,Brian Thomas Jr,JAX,CIN,rec_yds,betrivers,27.5,36.332662833188564,39.21753048042568,Over,-113,0.585,0.4949766918501849,0.10269911504424778,false,0.0,0.0,17.0,2.0,17.0,-1,-1.0
2026_04_JAX_CIN,00-0039893,Brian Thomas Jr,JAX,CIN,rec_yds,betrivers,27.5,36.332662833188564,39.21753048042568,Under,-118,0.41500000000000004,0.5050233081498151,-0.23330508474576267,false,0.0,0.0,17.0,2.0,17.0,1,0.847457627118644
2026_04_JAX_CIN,00-0039893,Brian Thomas Jr,JAX,CIN,receptions,betrivers,2.5,2.8648333202309937,2.8772405192549018,Over,112,0.5225,,0.10770000000000002,false,0.0,0.0,17.0,2.0,2.0,-1,-1.0
2026_04_JAX_CIN,00-0039893,Brian Thomas Jr,JAX,CIN,rec_yds,betmgm,27.5,36.332662833188564,39.21753048042568,Over,-115,0.585,0.5,0.09369565217391296,false,0.0,0.0,17.0,2.0,17.0,-1,-1.0
2026_04_JAX_CIN,00-0039893,Brian Thomas Jr,JAX,CIN,rec_yds,betmgm,27.5,36.332662833188564,39.21753048042568,Under,-115,0.41500000000000004,0.5,-0.22413043478260863,false,0.0,0.0,17.0,2.0,17.0,1,0.8695652173913043
2026_04_JAX_CIN,00-0039893,Brian Thomas Jr,JAX,CIN,receptions,betmgm,2.5,2.8648333202309937,2.8772405192549018,Over,120,0.5225,0.4248366013071895,0.14949999999999986,false,0.0,0.0,17.0,2.0,2.0,-1,-1.0
2026_04_JAX_CIN,00-0039893,Brian Thomas Jr,JAX,CIN,receptions,betmgm,2.5,2.8648333202309937,2.8772405192549018,Under,-160,0.47750000000000004,0.5751633986928105,-0.22406249999999994,false,0.0,0.0,17.0,2.0,2.0,1,0.625
2026_04_JAX_CIN,00-0039893,Brian Thomas Jr,JAX,CIN,rec_yds,bovada,27.5,36.332662833188564,39.21753048042568,Over,-115,0.585,0.5,0.09369565217391296,false,0.0,0.0,17.0,2.0,17.0,-1,-1.0
2026_04_JAX_CIN,00-0039893,Brian Thomas Jr,JAX,CIN,rec_yds,bovada,27.5,36.332662833188564,39.21753048042568,Under,-115,0.41500000000000004,0.5,-0.22413043478260863,false,0.0,0.0,17.0,2.0,17.0,1,0.8695652173913043
2026_04_JAX_CIN,00-0039893,Brian Thomas Jr,JAX,CIN,receptions,bovada,2.5,2.8648333202309937,2.8772405192549018,Over,120,0.5225,0.4248366013071895,0.14949999999999986,false,0.0,0.0,17.0,2.0,2.0,-1,-1.0
2026_04_JAX_CIN,00-0039893,Brian Thomas Jr,JAX,CIN,receptions,bovada,2.5,2.8648333202309937,2.8772405192549018,Under,-160,0.47750000000000004,0.5751633986928105,-0.22406249999999994,false,0.0,0.0,17.0,2.0,2.0,1,0.625
2026_04_DET_CAR,00-0039150,Bryce Young,CAR,DET,pass_yds,draftkings,240.5,248.16802707403758,244.23475022316248,Over,-111,0.515,0.4978941161605526,-0.021036036036035988,false,329.0,3.0,0.0,0.0,329.0,1,0.9009009009009009
2026_04_DET_CAR,00-0039150,Bryce Young,CAR,DET,pass_yds,draftkings,240.5,248.16802707403758,244.23475022316248,Under,-113,0.485,0.5021058838394474,-0.08579646017699116,false,329.0,3.0,0.0,0.0,329.0,-1,-1.0
2026_04_DET_CAR,00-0039150,Bryce Young,CAR,DET,pass_yds,fanduel,237.5,248.16802707403758,244.23475022316248,Over,-113,0.525,0.5,-0.010398230088495497,false,329.0,3.0,0.0,0.0,329.0,1,0.8849557522123894
2026_04_DET_CAR,00-0039150,Bryce Young,CAR,DET,pass_yds,fanduel,237.5,248.16802707403758,244.23475022316248,Under,-113,0.475,0.5,-0.10464601769911508,false,329.0,3.0,0.0,0.0,329.0,-1,-1.0
2026_04_DET_CAR,00-0039150,Bryce Young,CAR,DET,pass_yds,betonlineag,239.5,248.16802707403758,244.23475022316248,Over,-114,0.5175,0.5,-0.028552631578947496,false,329.0,3.0,0.0,0.0,329.0,1,0.8771929824561403
2026_04_DET_CAR,00-0039150,Bryce Young,CAR,DET,pass_yds,betonlineag,239.5,248.16802707403758,244.23475022316248,Under,-114,0.48250000000000004,0.5,-0.0942543859649122,false,329.0,3.0,0.0,0.0,329.0,-1,-1.0
2026_04_DET_CAR,00-0039150,Bryce Young,CAR,DET,pass_yds,betrivers,243.5,248.16802707403758,244.23475022316248,Over,-115,0.5025,0.5,-0.0605434782608697,false,329.0,3.0,0.0,0.0,329.0,1,0.8695652173913043
2026_04_DET_CAR,00-0039150,Bryce Young,CAR,DET,pass_yds,betrivers,243.5,248.16802707403758,244.23475022316248,Under,-115,0.49750000000000005,0.5,-0.06989130434782598,false,329.0,3.0,0.0,0.0,329.0,-1,-1.0
2026_04_DET_CAR,00-0039150,Bryce Young,CAR,DET,pass_yds,bovada,240.5,248.16802707403758,244.23475022316248,Over,-115,0.515,0.5,-0.037173913043478224,false,329.0,3.0,0.0,0.0,329.0,1,0.8695652173913043
2026_04_DET_CAR,00-0039150,Bryce Young,CAR,DET,pass_yds,bovada,240.5,248.16802707403758,244.23475022316248,Under,-115,0.485,0.5,-0.09326086956521745,false,329.0,3.0,0.0,0.0,329.0,-1,-1.0
2026_04_DET_CAR,00-0039150,Bryce Young,CAR,DET,pass_yds,betmgm,243.5,248.16802707403758,244.23475022316248,Over,-115,0.5025,0.5,-0.0605434782608697,false,329.0,3.0,0.0,0.0,329.0,1,0.8695652173913043
2026_04_DET_CAR,00-0039150,Bryce Young,CAR,DET,pass_yds,betmgm,243.5,248.16802707403758,244.23475022316248,Under,-115,0.49750000000000005,0.5,-0.06989130434782598,false,329.0,3.0,0.0,0.0,329.0,-1,-1.0
2026_04_GB_TB,00-0041048,Ted Hurst III,TB,GB,rec_yds,draftkings,22.5,27.354358558662643,34.59966120047719,Over,-111,0.555,0.4978941161605526,0.05500000000000005,false,0.0,0.0,25.0,2.0,25.0,1,0.9009009009009009
2026_04_GB_TB,00-0041048,Ted Hurst III,TB,GB,rec_yds,draftkings,22.5,27.354358558662643,34.59966120047719,Under,-113,0.44499999999999995,0.5021058838394474,-0.16119469026548677,false,0.0,0.0,25.0,2.0,25.0,-1,-1.0
2026_04_GB_TB,00-0041048,Ted Hurst III,TB,GB,receptions,draftkings,1.5,2.0878175628642324,1.8850499013413151,Over,-160,0.645,0.5806451612903226,0.04812500000000003,false,0.0,0.0,25.0,2.0,2.0,1,0.625
2026_04_GB_TB,00-0041048,Ted Hurst III,TB,GB,receptions,draftkings,1.5,2.0878175628642324,1.8850499013413151,Under,125,0.355,0.4193548387096774,-0.20125000000000004,false,0.0,0.0,25.0,2.0,2.0,-1,-1.0
2026_04_GB_TB,00-0041048,Ted Hurst III,TB,GB,rec_yds,fanduel,21.5,27.354358558662643,34.59966120047719,Over,-113,0.57,0.5,0.0744247787610619,false,0.0,0.0,25.0,2.0,25.0,1,0.8849557522123894
2026_04_GB_TB,00-0041048,Ted Hurst III,TB,GB,rec_yds,fanduel,21.5,27.354358558662643,34.59966120047719,Under,-113,0.43000000000000005,0.5,-0.18946902654867248,false,0.0,0.0,25.0,2.0,25.0,-1,-1.0
2026_04_GB_TB,00-0041048,Ted Hurst III,TB,GB,receptions,fanduel,1.5,2.0878175628642324,1.8850499013413151,Over,-180,0.645,0.6006845407872219,0.003333333333333355,false,0.0,0.0,25.0,2.0,2.0,1,0.5555555555555556
2026_04_GB_TB,00-0041048,Ted Hurst III,TB,GB,receptions,fanduel,1.5,2.0878175628642324,1.8850499013413151,Under,134,0.355,0.3993154592127781,-0.1693,false,0.0,0.0,25.0,2.0,2.0,-1,-1.0
2026_04_GB_TB,00-0041048,Ted Hurst III,TB,GB,rec_yds,betonlineag,21.5,27.354358558662643,34.59966120047719,Over,-118,0.57,0.5082034454470877,0.053050847457627004,false,0.0,0.0,25.0,2.0,25.0,1,0.847457627118644
2026_04_GB_TB,00-0041048,Ted Hurst III,TB,GB,rec_yds,betonlineag,21.5,27.354358558662643,34.59966120047719,Under,-110,0.43000000000000005,0.49179655455291227,-0.17909090909090902,false,0.0,0.0,25.0,2.0,25.0,-1,-1.0
2026_04_GB_TB,00-0041048,Ted Hurst III,TB,GB,receptions,betonlineag,1.5,2.0878175628642324,1.8850499013413151,Over,-179,0.645,0.602246806569343,0.0053351955307262555,false,0.0,0.0,25.0,2.0,2.0,1,0.5586592178770949
2026_04_GB_TB,00-0041048,Ted Hurst III,TB,GB,receptions,betonlineag,1.5,2.0878175628642324,1.8850499013413151,Under,136,0.355,0.39775319343065696,-0.1622,false,0.0,0.0,25.0,2.0,2.0,-1,-1.0
2026_04_GB_TB,00-0041048,Ted Hurst III,TB,GB,rec_yds,betrivers,22.5,27.354358558662643,34.59966120047719,Over,-114,0.555,0.4969864995178399,0.04184210526315796,false,0.0,0.0,25.0,2.0,25.0,1,0.8771929824561403
2026_04_GB_TB,00-0041048,Ted Hurst III,TB,GB,rec_yds,betrivers,22.5,27.354358558662643,34.59966120047719,Under,-117,0.44499999999999995,0.5030135004821601,-0.17465811965811978,false,0.0,0.0,25.0,2.0,25.0,-1,-1.0
2026_04_GB_TB,00-0041048,Ted Hurst III,TB,GB,receptions,betrivers,1.5,2.0878175628642324,1.8850499013413151,Over,-167,0.645,,0.03122754491017965,false,0.0,0.0,25.0,2.0,2.0,1,0.5988023952095808
2026_04_GB_TB,00-0041048,Ted Hurst III,TB,GB,rec_yds,bovada,22.5,27.354358558662643,34.59966120047719,Over,-115,0.555,0.5,0.03760869565217401,false,0.0,0.0,25.0,2.0,25.0,1,0.8695652173913043
2026_04_GB_TB,00-0041048,Ted Hurst III,TB,GB,rec_yds,bovada,22.5,27.354358558662643,34.59966120047719,Under,-115,0.44499999999999995,0.5,-0.16804347826086968,false,0.0,0.0,25.0,2.0,25.0,-1,-1.0
2026_04_GB_TB,00-0041048,Ted Hurst III,TB,GB,receptions,bovada,1.5,2.0878175628642324,1.8850499013413151,Over,-165,0.645,0.5834970530451867,0.035909090909090946,false,0.0,0.0,25.0,2.0,2.0,1,0.6060606060606061
2026_04_GB_TB,00-0041048,Ted Hurst III,TB,GB,receptions,bovada,1.5,2.0878175628642324,1.8850499013413151,Under,125,0.355,0.41650294695481327,-0.20125000000000004,false,0.0,0.0,25.0,2.0,2.0,-1,-1.0
2026_04_GB_TB,00-0041048,Ted Hurst III,TB,GB,rec_yds,betmgm,22.5,27.354358558662643,34.59966120047719,Over,-120,0.555,0.5090470446320868,0.017500000000000127,false,0.0,0.0,25.0,2.0,25.0,1,0.8333333333333334
2026_04_GB_TB,00-0041048,Ted Hurst III,TB,GB,rec_yds,betmgm,22.5,27.354358558662643,34.59966120047719,Under,-111,0.44499999999999995,0.49095295536791317,-0.1540990990990992,false,0.0,0.0,25.0,2.0,25.0,-1,-1.0
2026_04_GB_TB,00-0041048,Ted Hurst III,TB,GB,receptions,betmgm,1.5,2.0878175628642324,1.8850499013413151,Over,-190,0.645,0.611260053619303,-0.015526315789473666,false,0.0,0.0,25.0,2.0,2.0,1,0.5263157894736842
2026_04_GB_TB,00-0041048,Ted Hurst III,TB,GB,receptions,betmgm,1.5,2.0878175628642324,1.8850499013413151,Under,140,0.355,0.388739946380697,-0.14800000000000008,false,0.0,0.0,25.0,2.0,2.0,-1,-1.0
2026_04_GB_TB,00-0033921,Chris Godwin,TB,GB,rec_yds,draftkings,25.5,33.09604508433281,43.84103008758281,Over,-114,0.64,0.5042122999157539,0.2014035087719298,true,0.0,0.0,31.0,6.0,31.0,1,0.8771929824561403
2026_04_GB_TB,00-0033921,Chris Godwin,TB,GB,rec_yds,draftkings,25.5,33.09604508433281,43.84103008758281,Under,-110,0.36,0.4957877000842461,-0.31272727272727274,true,0.0,0.0,31.0,6.0,31.0,-1,-1.0
2026_04_GB_TB,00-0033921,Chris Godwin,TB,GB,receptions,draftkings,2.5,3.0483677532663997,3.935430088160969,Over,-132,0.5775,0.5371848068943506,0.015000000000000013,true,0.0,0.0,31.0,6.0,6.0,1,0.7575757575757576
2026_04_GB_TB,00-0033921,Chris Godwin,TB,GB,receptions,draftkings,2.5,3.0483677532663997,3.935430088160969,Under,104,0.4225,0.46281519310564945,-0.1381,true,0.0,0.0,31.0,6.0,6.0,-1,-1.0
2026_04_GB_TB,00-0033921,Chris Godwin,TB,GB,rec_yds,fanduel,27.5,33.09604508433281,43.84103008758281,Over,-113,0.6025,0.5,0.13568584070796474,true,0.0,0.0,31.0,6.0,31.0,1,0.8849557522123894
2026_04_GB_TB,00-0033921,Chris Godwin,TB,GB,rec_yds,fanduel,27.5,33.09604508433281,43.84103008758281,Under,-113,0.39749999999999996,0.5,-0.25073008849557527,true,0.0,0.0,31.0,6.0,31.0,-1,-1.0
2026_04_GB_TB,00-0033921,Chris Godwin,TB,GB,receptions,fanduel,2.5,3.0483677532663997,3.935430088160969,Over,-130,0.5775,0.5281576830249397,0.021730769230769276,true,0.0,0.0,31.0,6.0,6.0,1,0.7692307692307693
2026_04_GB_TB,00-0033921,Chris Godwin,TB,GB,receptions,fanduel,2.5,3.0483677532663997,3.935430088160969,Under,-102,0.4225,0.4718423169750603,-0.16328431372549024,true,0.0,0.0,31.0,6.0,6.0,-1,-1.0
2026_04_GB_TB,00-0033921,Chris Godwin,TB,GB,rec_yds,betonlineag,26.5,33.09604508433281,43.84103008758281,Over,-110,0.6225,0.49179655455291227,0.18840909090909097,true,0.0,0.0,31.0,6.0,31.0,1,0.9090909090909091
2026_04_GB_TB,00-0033921,Chris Godwin,TB,GB,rec_yds,betonlineag,26.5,33.09604508433281,43.84103008758281,Under,-118,0.37749999999999995,0.5082034454470877,-0.302584745762712,true,0.0,0.0,31.0,6.0,31.0,-1,-1.0
2026_04_GB_TB,00-0033921,Chris Godwin,TB,GB,receptions,betonlineag,2.5,3.0483677532663997,3.935430088160969,Over,-130,0.5775,0.5318542641970282,0.021730769230769276,true,0.0,0.0,31.0,6.0,6.0,1,0.7692307692307693
2026_04_GB_TB,00-0033921,Chris Godwin,TB,GB,receptions,betonlineag,2.5,3.0483677532663997,3.935430088160969,Under,101,0.4225,0.4681457358029718,-0.15077500000000005,true,0.0,0.0,31.0,6.0,6.0,-1,-1.0
2026_04_GB_TB,00-0033921,Chris Godwin,TB,GB,rec_yds,betrivers,26.5,33.09604508433281,43.84103008758281,Over,-117,0.6225,0.5030135004821601,0.1545512820512821,true,0.0,0.0,31.0,6.0,31.0,1,0.8547008547008547
2026_04_GB_TB,00-0033921,Chris Godwin,TB,GB,rec_yds,betrivers,26.5,33.09604508433281,43.84103008758281,Under,-114,0.37749999999999995,0.4969864995178399,-0.29135964912280715,true,0.0,0.0,31.0,6.0,31.0,-1,-1.0
2026_04_GB_TB,00-0033921,Chris Godwin,TB,GB,receptions,betrivers,2.5,3.0483677532663997,3.935430088160969,Over,-125,0.5775,,0.039500000000000035,true,0.0,0.0,31.0,6.0,6.0,1,0.8
2026_04_GB_TB,00-0033921,Chris Godwin,TB,GB,rec_yds,bovada,25.5,33.09604508433281,43.84103008758281,Over,-115,0.64,0.5,0.1965217391304348,true,0.0,0.0,31.0,6.0,31.0,1,0.8695652173913043
2026_04_GB_TB,00-0033921,Chris Godwin,TB,GB,rec_yds,bovada,25.5,33.09604508433281,43.84103008758281,Under,-115,0.36,0.5,-0.3269565217391305,true,0.0,0.0,31.0,6.0,31.0,-1,-1.0
2026_04_GB_TB,00-0033921,Chris Godwin,TB,GB,receptions,bovada,2.5,3.0483677532663997,3.935430088160969,Over,-135,0.5775,0.5407914020517831,0.00527777777777777,true,0.0,0.0,31.0,6.0,6.0,1,0.7407407407407407
2026_04_GB_TB,00-0033921,Chris Godwin,TB,GB,receptions,bovada,2.5,3.0483677532663997,3.935430088160969,Under,105,0.4225,0.4592085979482169,-0.13387500000000002,true,0.0,0.0,31.0,6.0,6.0,-1,-1.0
2026_04_GB_TB,00-0033921,Chris Godwin,TB,GB,rec_yds,betmgm,26.5,33.09604508433281,43.84103008758281,Over,-115,0.6225,0.5,0.163804347826087,true,0.0,0.0,31.0,6.0,31.0,1,0.8695652173913043
2026_04_GB_TB,00-0033921,Chris Godwin,TB,GB,rec_yds,betmgm,26.5,33.09604508433281,43.84103008758281,Under,-115,0.37749999999999995,0.5,-0.2942391304347827,true,0.0,0.0,31.0,6.0,31.0,-1,-1.0
2026_04_GB_TB,00-0033921,Chris Godwin,TB,GB,receptions,betmgm,2.5,3.0483677532663997,3.935430088160969,Over,-130,0.5775,0.5246062992125985,0.021730769230769276,true,0.0,0.0,31.0,6.0,6.0,1,0.7692307692307693
2026_04_GB_TB,00-0033921,Chris Godwin,TB,GB,receptions,betmgm,2.5,3.0483677532663997,3.935430088160969,Under,-105,0.4225,0.4753937007874015,-0.17511904761904767,true,0.0,0.0,31.0,6.0,6.0,-1,-1.0
2026_04_TEN_BAL,00-0036550,Rashod Bateman,BAL,TEN,rec_yds,draftkings,26.5,27.20176053488135,27.47760766192496,Over,-113,0.4925,0.5021058838394474,-0.07165929203539828,false,0.0,0.0,46.0,2.0,46.0,1,0.8849557522123894
2026_04_TEN_BAL,00-0036550,Rashod Bateman,BAL,TEN,rec_yds,draftkings,26.5,27.20176053488135,27.47760766192496,Under,-111,0.5075000000000001,0.49789411616055257,-0.03529279279279268,false,0.0,0.0,46.0,2.0,46.0,-1,-1.0
2026_04_TEN_BAL,00-0036550,Rashod Bateman,BAL,TEN,receptions,draftkings,2.5,1.9726645778384957,2.0384138434927226,Over,126,0.3025,0.4176935633581922,-0.31635,false,0.0,0.0,46.0,2.0,2.0,-1,-1.0
2026_04_TEN_BAL,00-0036550,Rashod Bateman,BAL,TEN,receptions,draftkings,2.5,1.9726645778384957,2.0384138434927226,Under,-161,0.6975,0.5823064366418078,0.13072981366459624,false,0.0,0.0,46.0,2.0,2.0,1,0.6211180124223602
2026_04_TEN_BAL,00-0036550,Rashod Bateman,BAL,TEN,rec_yds,fanduel,26.5,27.20176053488135,27.47760766192496,Over,-113,0.4925,0.5,-0.07165929203539828,false,0.0,0.0,46.0,2.0,46.0,1,0.8849557522123894
2026_04_TEN_BAL,00-0036550,Rashod Bateman,BAL,TEN,rec_yds,fanduel,26.5,27.20176053488135,27.47760766192496,Under,-113,0.5075000000000001,0.5,-0.04338495575221224,false,0.0,0.0,46.0,2.0,46.0,-1,-1.0
2026_04_TEN_BAL,00-0036550,Rashod Bateman,BAL,TEN,receptions,fanduel,2.5,1.9726645778384957,2.0384138434927226,Over,134,0.3025,0.3993154592127781,-0.29215,false,0.0,0.0,46.0,2.0,2.0,-1,-1.0
2026_04_TEN_BAL,00-0036550,Rashod Bateman,BAL,TEN,receptions,fanduel,2.5,1.9726645778384957,2.0384138434927226,Under,-180,0.6975,0.6006845407872219,0.08500000000000002,false,0.0,0.0,46.0,2.0,2.0,1,0.5555555555555556
2026_04_TEN_BAL,00-0036550,Rashod Bateman,BAL,TEN,rec_yds,betonlineag,26.5,27.20176053488135,27.47760766192496,Over,-115,0.4925,0.5030953363598846,-0.0792391304347827,false,0.0,0.0,46.0,2.0,46.0,1,0.8695652173913043
2026_04_TEN_BAL,00-0036550,Rashod Bateman,BAL,TEN,rec_yds,betonlineag,26.5,27.20176053488135,27.47760766192496,Under,-112,0.5075000000000001,0.49690466364011543,-0.03937499999999988,false,0.0,0.0,46.0,2.0,46.0,-1,-1.0
2026_04_TEN_BAL,00-0036550,Rashod Bateman,BAL,TEN,receptions,betonlineag,2.5,1.9726645778384957,2.0384138434927226,Over,115,0.3025,0.43734082725915513,-0.349625,false,0.0,0.0,46.0,2.0,2.0,-1,-1.0
2026_04_TEN_BAL,00-0036550,Rashod Bateman,BAL,TEN,receptions,betonlineag,2.5,1.9726645778384957,2.0384138434927226,Under,-149,0.6975,0.5626591727408449,0.16562080536912754,false,0.0,0.0,46.0,2.0,2.0,1,0.6711409395973155
2026_04_TEN_BAL,00-0036550,Rashod Bateman,BAL,TEN,rec_yds,betrivers,25.5,27.20176053488135,27.47760766192496,Over,-114,0.5125,0.4969864995178399,-0.03793859649122816,false,0.0,0.0,46.0,2.0,46.0,1,0.8771929824561403
2026_04_TEN_BAL,00-0036550,Rashod Bateman,BAL,TEN,rec_yds,betrivers,25.5,27.20176053488135,27.47760766192496,Under,-117,0.48750000000000004,0.5030135004821601,-0.09583333333333327,false,0.0,0.0,46.0,2.0,46.0,-1,-1.0
2026_04_TEN_BAL,00-0036550,Rashod Bateman,BAL,TEN,receptions,betrivers,2.5,1.9726645778384957,2.0384138434927226,Over,118,0.3025,,-0.34055,false,0.0,0.0,46.0,2.0,2.0,-1,-1.0
2026_04_TEN_BAL,00-0036550,Rashod Bateman,BAL,TEN,rec_yds,betmgm,28.5,27.20176053488135,27.47760766192496,Over,-115,0.4575,0.5,-0.14467391304347826,false,0.0,0.0,46.0,2.0,46.0,1,0.8695652173913043
2026_04_TEN_BAL,00-0036550,Rashod Bateman,BAL,TEN,rec_yds,betmgm,28.5,27.20176053488135,27.47760766192496,Under,-115,0.5425,0.5,0.014239130434782588,false,0.0,0.0,46.0,2.0,46.0,-1,-1.0
2026_04_TEN_BAL,00-0036550,Rashod Bateman,BAL,TEN,receptions,betmgm,2.5,1.9726645778384957,2.0384138434927226,Over,115,0.3025,0.43348916277093075,-0.349625,false,0.0,0.0,46.0,2.0,2.0,-1,-1.0
2026_04_TEN_BAL,00-0036550,Rashod Bateman,BAL,TEN,receptions,betmgm,2.5,1.9726645778384957,2.0384138434927226,Under,-155,0.6975,0.5665108372290693,0.14750000000000002,false,0.0,0.0,46.0,2.0,2.0,1,0.6451612903225806
2026_04_TEN_BAL,00-0036550,Rashod Bateman,BAL,TEN,rec_yds,bovada,26.5,27.20176053488135,27.47760766192496,Over,-115,0.4925,0.5,-0.0792391304347827,false,0.0,0.0,46.0,2.0,46.0,1,0.8695652173913043
2026_04_TEN_BAL,00-0036550,Rashod Bateman,BAL,TEN,rec_yds,bovada,26.5,27.20176053488135,27.47760766192496,Under,-115,0.5075000000000001,0.5,-0.05119565217391292,false,0.0,0.0,46.0,2.0,46.0,-1,-1.0
2026_04_TEN_BAL,00-0036550,Rashod Bateman,BAL,TEN,receptions,bovada,2.5,1.9726645778384957,2.0384138434927226,Over,125,0.3025,0.4165029469548133,-0.319375,false,0.0,0.0,46.0,2.0,2.0,-1,-1.0
2026_04_TEN_BAL,00-0036550,Rashod Bateman,BAL,TEN,receptions,bovada,2.5,1.9726645778384957,2.0384138434927226,Under,-165,0.6975,0.5834970530451866,0.12022727272727274,false,0.0,0.0,46.0,2.0,2.0,1,0.6060606060606061
2026_04_NYJ_CHI,00-0040126,Colston Loveland,CHI,NYJ,rec_yds,draftkings,34.5,38.441640295532565,45.37102660425587,Over,-110,0.495,0.495787700084246,-0.05500000000000005,false,0.0,0.0,57.0,6.0,57.0,1,0.9090909090909091
2026_04_NYJ_CHI,00-0040126,Colston Loveland,CHI,NYJ,rec_yds,draftkings,34.5,38.441640295532565,45.37102660425587,Under,-114,0.505,0.504212299915754,-0.05201754385964913,false,0.0,0.0,57.0,6.0,57.0,-1,-1.0
2026_04_NYJ_CHI,00-0040126,Colston Loveland,CHI,NYJ,receptions,draftkings,3.5,3.3604274667572653,3.81547652034449,Over,-104,0.4825,0.480324745257228,-0.05355769230769236,false,0.0,0.0,57.0,6.0,6.0,1,0.9615384615384616
2026_04_NYJ_CHI,00-0040126,Colston Loveland,CHI,NYJ,receptions,draftkings,3.5,3.3604274667572653,3.81547652034449,Under,-123,0.5175000000000001,0.519675254742772,-0.06176829268292672,false,0.0,0.0,57.0,6.0,6.0,-1,-1.0
2026_04_NYJ_CHI,00-0040126,Colston Loveland,CHI,NYJ,rec_yds,fanduel,33.5,38.441640295532565,45.37102660425587,Over,-113,0.5125,0.5,-0.033960176991150504,false,0.0,0.0,57.0,6.0,57.0,1,0.8849557522123894
2026_04_NYJ_CHI,00-0040126,Colston Loveland,CHI,NYJ,rec_yds,fanduel,33.5,38.441640295532565,45.37102660425587,Under,-113,0.48750000000000004,0.5,-0.08108407079646007,false,0.0,0.0,57.0,6.0,57.0,-1,-1.0
2026_04_NYJ_CHI,00-0040126,Colston Loveland,CHI,NYJ,receptions,fanduel,3.5,3.3604274667572653,3.81547652034449,Over,102,0.4825,0.46209273182957394,-0.025350000000000095,false,0.0,0.0,57.0,6.0,6.0,1,1.02
2026_04_NYJ_CHI,00-0040126,Colston Loveland,CHI,NYJ,receptions,fanduel,3.5,3.3604274667572653,3.81547652034449,Under,-136,0.5175000000000001,0.537907268170426,-0.1019852941176469,false,0.0,0.0,57.0,6.0,6.0,-1,-1.0
2026_04_NYJ_CHI,00-0040126,Colston Loveland,CHI,NYJ,rec_yds,betonlineag,34.5,38.441640295532565,45.37102660425587,Over,-103,0.495,0.4773429454170958,-0.024417475728155336,false,0.0,0.0,57.0,6.0,57.0,1,0.970873786407767
2026_04_NYJ_CHI,00-0040126,Colston Loveland,CHI,NYJ,rec_yds,betonlineag,34.5,38.441640295532565,45.37102660425587,Under,-125,0.505,0.5226570545829041,-0.09099999999999997,false,0.0,0.0,57.0,6.0,57.0,-1,-1.0
2026_04_NYJ_CHI,00-0040126,Colston Loveland,CHI,NYJ,receptions,betonlineag,3.5,3.3604274667572653,3.81547652034449,Over,110,0.4825,0.4472667034787409,0.013249999999999984,false,0.0,0.0,57.0,6.0,6.0,1,1.1
2026_04_NYJ_CHI,00-0040126,Colston Loveland,CHI,NYJ,receptions,betonlineag,3.5,3.3604274667572653,3.81547652034449,Under,-143,0.5175000000000001,0.552733296521259,-0.120611888111888,false,0.0,0.0,57.0,6.0,6.0,-1,-1.0
2026_04_NYJ_CHI,00-0040126,Colston Loveland,CHI,NYJ,rec_yds,betrivers,32.5,38.441640295532565,45.37102660425587,Over,-118,0.5225,0.5050233081498151,-0.03470338983050858,false,0.0,0.0,57.0,6.0,57.0,1,0.847457627118644
2026_04_NYJ_CHI,00-0040126,Colston Loveland,CHI,NYJ,rec_yds,betrivers,32.5,38.441640295532565,45.37102660425587,Under,-113,0.47750000000000004,0.4949766918501849,-0.09993362831858399,false,0.0,0.0,57.0,6.0,57.0,-1,-1.0
2026_04_NYJ_CHI,00-0040126,Colston Loveland,CHI,NYJ,receptions,betrivers,3.5,3.3604274667572653,3.81547652034449,Over,-105,0.4825,,-0.05797619047619057,false,0.0,0.0,57.0,6.0,6.0,1,0.9523809523809523
2026_04_NYJ_CHI,00-0040126,Colston Loveland,CHI,NYJ,rec_yds,betmgm,34.5,38.441640295532565,45.37102660425587,Over,-115,0.495,0.5,-0.0745652173913044,false,0.0,0.0,57.0,6.0,57.0,1,0.8695652173913043
2026_04_NYJ_CHI,00-0040126,Colston Loveland,CHI,NYJ,rec_yds,betmgm,34.5,38.441640295532565,45.37102660425587,Under,-115,0.505,0.5,-0.05586956521739128,false,0.0,0.0,57.0,6.0,57.0,-1,-1.0
2026_04_NYJ_CHI,00-0040126,Colston Loveland,CHI,NYJ,receptions,betmgm,3.5,3.3604274667572653,3.81547652034449,Over,110,0.4825,0.4424778761061946,0.013249999999999984,false,0.0,0.0,57.0,6.0,6.0,1,1.1
2026_04_NYJ_CHI,00-0040126,Colston Loveland,CHI,NYJ,receptions,betmgm,3.5,3.3604274667572653,3.81547652034449,Under,-150,0.5175000000000001,0.5575221238938054,-0.1374999999999999,false,0.0,0.0,57.0,6.0,6.0,-1,-1.0
2026_04_NYJ_CHI,00-0040126,Colston Loveland,CHI,NYJ,rec_yds,bovada,34.5,38.441640295532565,45.37102660425587,Over,-115,0.495,0.5,-0.0745652173913044,false,0.0,0.0,57.0,6.0,57.0,1,0.8695652173913043
2026_04_NYJ_CHI,00-0040126,Colston Loveland,CHI,NYJ,rec_yds,bovada,34.5,38.441640295532565,45.37102660425587,Under,-115,0.505,0.5,-0.05586956521739128,false,0.0,0.0,57.0,6.0,57.0,-1,-1.0
2026_04_NYJ_CHI,00-0040126,Colston Loveland,CHI,NYJ,receptions,bovada,3.5,3.3604274667572653,3.81547652034449,Over,-105,0.4825,0.4796954314720812,-0.05797619047619057,false,0.0,0.0,57.0,6.0,6.0,1,0.9523809523809523
2026_04_NYJ_CHI,00-0040126,Colston Loveland,CHI,NYJ,receptions,bovada,3.5,3.3604274667572653,3.81547652034449,Under,-125,0.5175000000000001,0.5203045685279188,-0.06849999999999984,false,0.0,0.0,57.0,6.0,6.0,-1,-1.0
2026_04_LAC_SEA,00-0038543,Jaxon Smith-Njigba,SEA,LAC,rec_yds,draftkings,93.5,74.0729243810093,104.06289505202075,Over,-113,0.3525,0.5021058838394474,-0.3355530973451327,false,0.0,0.0,76.0,5.0,76.0,-1,-1.0
2026_04_LAC_SEA,00-0038543,Jaxon Smith-Njigba,SEA,LAC,rec_yds,draftkings,93.5,74.0729243810093,104.06289505202075,Under,-111,0.6475,0.49789411616055257,0.23083333333333322,false,0.0,0.0,76.0,5.0,76.0,1,0.9009009009009009
2026_04_LAC_SEA,00-0038543,Jaxon Smith-Njigba,SEA,LAC,receptions,draftkings,7.5,6.462384080135739,7.525578327260376,Over,107,0.37,0.456021023342093,-0.23409999999999997,false,0.0,0.0,76.0,5.0,5.0,-1,-1.0
2026_04_LAC_SEA,00-0038543,Jaxon Smith-Njigba,SEA,LAC,receptions,draftkings,7.5,6.462384080135739,7.525578327260376,Under,-136,0.63,0.5439789766579071,0.09323529411764708,false,0.0,0.0,76.0,5.0,5.0,1,0.7352941176470589
2026_04_LAC_SEA,00-0038543,Jaxon Smith-Njigba,SEA,LAC,rec_yds,fanduel,93.5,74.0729243810093,104.06289505202075,Over,-113,0.3525,0.5,-0.3355530973451327,false,0.0,0.0,76.0,5.0,76.0,-1,-1.0
2026_04_LAC_SEA,00-0038543,Jaxon Smith-Njigba,SEA,LAC,rec_yds,fanduel,93.5,74.0729243810093,104.06289505202075,Under,-113,0.6475,0.5,0.22050884955752204,false,0.0,0.0,76.0,5.0,76.0,1,0.8849557522123894
2026_04_LAC_SEA,00-0038543,Jaxon Smith-Njigba,SEA,LAC,receptions,fanduel,6.5,6.462384080135739,7.525578327260376,Over,-148,0.5125,0.5585303332383936,-0.14121621621621627,false,0.0,0.0,76.0,5.0,5.0,-1,-1.0
2026_04_LAC_SEA,00-0038543,Jaxon Smith-Njigba,SEA,LAC,receptions,fanduel,6.5,6.462384080135739,7.525578327260376,Under,112,0.48750000000000004,0.44146966676160637,0.033500000000000196,false,0.0,0.0,76.0,5.0,5.0,1,1.12
2026_04_LAC_SEA,00-0038543,Jaxon Smith-Njigba,SEA,LAC,rec_yds,betonlineag,93.5,74.0729243810093,104.06289505202075,Over,-116,0.3525,0.5051597457277305,-0.3436206896551724,false,0.0,0.0,76.0,5.0,76.0,-1,-1.0
2026_04_LAC_SEA,00-0038543,Jaxon Smith-Njigba,SEA,LAC,rec_yds,betonlineag,93.5,74.0729243810093,104.06289505202075,Under,-111,0.6475,0.4948402542722695,0.23083333333333322,false,0.0,0.0,76.0,5.0,76.0,1,0.9009009009009009
2026_04_LAC_SEA,00-0038543,Jaxon Smith-Njigba,SEA,LAC,receptions,betonlineag,7.5,6.462384080135739,7.525578327260376,Over,109,0.37,0.4498870615467902,-0.22669999999999996,false,0.0,0.0,76.0,5.0,5.0,-1,-1.0
2026_04_LAC_SEA,00-0038543,Jaxon Smith-Njigba,SEA,LAC,receptions,betonlineag,7.5,6.462384080135739,7.525578327260376,Under,-141,0.63,0.5501129384532097,0.07680851063829791,false,0.0,0.0,76.0,5.0,5.0,1,0.7092198581560284
2026_04_LAC_SEA,00-0038543,Jaxon Smith-Njigba,SEA,LAC,rec_yds,betrivers,92.5,74.0729243810093,104.06289505202075,Over,-113,0.3575,0.4959548561951377,-0.3261283185840709,false,0.0,0.0,76.0,5.0,76.0,-1,-1.0
2026_04_LAC_SEA,00-0038543,Jaxon Smith-Njigba,SEA,LAC,rec_yds,betrivers,92.5,74.0729243810093,104.06289505202075,Under,-117,0.6425000000000001,0.5040451438048623,0.19164529914529926,false,0.0,0.0,76.0,5.0,76.0,1,0.8547008547008547
2026_04_LAC_SEA,00-0038543,Jaxon Smith-Njigba,SEA,LAC,receptions,betrivers,6.5,6.462384080135739,7.525578327260376,Over,-136,0.5125,,-0.1106617647058824,false,0.0,0.0,76.0,5.0,5.0,-1,-1.0
2026_04_LAC_SEA,00-0038543,Jaxon Smith-Njigba,SEA,LAC,rec_yds,betmgm,91.5,74.0729243810093,104.06289505202075,Over,-115,0.3675,0.5,-0.3129347826086957,false,0.0,0.0,76.0,5.0,76.0,-1,-1.0
2026_04_LAC_SEA,00-0038543,Jaxon Smith-Njigba,SEA,LAC,rec_yds,betmgm,91.5,74.0729243810093,104.06289505202075,Under,-115,0.6325000000000001,0.5,0.1825000000000001,false,0.0,0.0,76.0,5.0,76.0,1,0.8695652173913043
2026_04_LAC_SEA,00-0038543,Jaxon Smith-Njigba,SEA,LAC,receptions,betmgm,7.5,6.462384080135739,7.525578327260376,Over,105,0.37,0.4554079696394688,-0.2415,false,0.0,0.0,76.0,5.0,5.0,-1,-1.0
2026_04_LAC_SEA,00-0038543,Jaxon Smith-Njigba,SEA,LAC,receptions,betmgm,7.5,6.462384080135739,7.525578327260376,Under,-140,0.63,0.5445920303605312,0.08000000000000002,false,0.0,0.0,76.0,5.0,5.0,1,0.7142857142857143
2026_04_LAC_SEA,00-0038543,Jaxon Smith-Njigba,SEA,LAC,rec_yds,bovada,93.5,74.0729243810093,104.06289505202075,Over,-115,0.3525,0.5,-0.34097826086956523,false,0.0,0.0,76.0,5.0,76.0,-1,-1.0
2026_04_LAC_SEA,00-0038543,Jaxon Smith-Njigba,SEA,LAC,rec_yds,bovada,93.5,74.0729243810093,104.06289505202075,Under,-115,0.6475,0.5,0.2105434782608695,false,0.0,0.0,76.0,5.0,76.0,1,0.8695652173913043
2026_04_LAC_SEA,00-0038543,Jaxon Smith-Njigba,SEA,LAC,receptions,bovada,7.5,6.462384080135739,7.525578327260376,Over,105,0.37,0.45920859794821695,-0.2415,false,0.0,0.0,76.0,5.0,5.0,-1,-1.0
2026_04_LAC_SEA,00-0038543,Jaxon Smith-Njigba,SEA,LAC,receptions,bovada,7.5,6.462384080135739,7.525578327260376,Under,-135,0.63,0.540791402051783,0.09666666666666662,false,0.0,0.0,76.0,5.0,5.0,1,0.7407407407407407
2026_04_ARI_NYG,00-0040715,Cam Skattebo,NYG,ARI,rec_yds,draftkings,17.5,18.822484693045052,23.962266618355144,Over,-107,0.5,0.48945992664108945,-0.03271028037383178,false,0.0,58.0,8.0,1.0,8.0,-1,-1.0
2026_04_ARI_NYG,00-0040715,Cam Skattebo,NYG,ARI,rec_yds,draftkings,17.5,18.822484693045052,23.962266618355144,Under,-117,0.5,0.5105400733589105,-0.07264957264957267,false,0.0,58.0,8.0,1.0,8.0,1,0.8547008547008547
2026_04_ARI_NYG,00-0040715,Cam Skattebo,NYG,ARI,receptions,draftkings,2.5,2.824535085333111,2.670388522611978,Over,-112,0.4575,0.4989542374299339,-0.13401785714285708,false,0.0,58.0,8.0,1.0,1.0,-1,-1.0
2026_04_ARI_NYG,00-0040715,Cam Skattebo,NYG,ARI,receptions,draftkings,2.5,2.824535085333111,2.670388522611978,Under,-113,0.5425,0.5010457625700662,0.022588495575221246,false,0.0,58.0,8.0,1.0,1.0,1,0.8849557522123894
2026_04_ARI_NYG,00-0040715,Cam Skattebo,NYG,ARI,rush_yds,draftkings,63.5,48.52075472061585,54.9744401021971,Over,-110,0.355,0.495787700084246,-0.3222727272727273,false,0.0,58.0,8.0,1.0,58.0,-1,-1.0
2026_04_ARI_NYG,00-0040715,Cam Skattebo,NYG,ARI,rush_yds,draftkings,63.5,48.52075472061585,54.9744401021971,Under,-114,0.645,0.504212299915754,0.21078947368421053,false,0.0,58.0,8.0,1.0,58.0,1,0.8771929824561403
2026_04_ARI_NYG,00-0040715,Cam Skattebo,NYG,ARI,rec_yds,fanduel,19.5,18.822484693045052,23.962266618355144,Over,-113,0.46,0.5,-0.1329203539823009,false,0.0,58.0,8.0,1.0,8.0,-1,-1.0
2026_04_ARI_NYG,00-0040715,Cam Skattebo,NYG,ARI,rec_yds,fanduel,19.5,18.822484693045052,23.962266618355144,Under,-113,0.54,0.5,0.017876106194690378,false,0.0,58.0,8.0,1.0,8.0,1,0.8849557522123894
2026_04_ARI_NYG,00-0040715,Cam Skattebo,NYG,ARI,receptions,fanduel,2.5,2.824535085333111,2.670388522611978,Over,-122,0.4575,0.5141838223374939,-0.16749999999999998,false,0.0,58.0,8.0,1.0,1.0,-1,-1.0
2026_04_ARI_NYG,00-0040715,Cam Skattebo,NYG,ARI,receptions,fanduel,2.5,2.824535085333111,2.670388522611978,Under,-108,0.5425,0.48581617766250607,0.04481481481481475,false,0.0,58.0,8.0,1.0,1.0,1,0.9259259259259259
2026_04_ARI_NYG,00-0040715,Cam Skattebo,NYG,ARI,rush_yds,fanduel,62.5,48.52075472061585,54.9744401021971,Over,-113,0.3725,0.5,-0.2978539823008849,false,0.0,58.0,8.0,1.0,58.0,-1,-1.0
2026_04_ARI_NYG,00-0040715,Cam Skattebo,NYG,ARI,rush_yds,fanduel,62.5,48.52075472061585,54.9744401021971,Under,-113,0.6275,0.5,0.1828097345132743,false,0.0,58.0,8.0,1.0,58.0,1,0.8849557522123894
2026_04_ARI_NYG,00-0040715,Cam Skattebo,NYG,ARI,rec_yds,betrivers,19.5,18.822484693045052,23.962266618355144,Over,-114,0.46,0.4969864995178399,-0.1364912280701755,false,0.0,58.0,8.0,1.0,8.0,-1,-1.0
2026_04_ARI_NYG,00-0040715,Cam Skattebo,NYG,ARI,rec_yds,betrivers,19.5,18.822484693045052,23.962266618355144,Under,-117,0.54,0.5030135004821601,0.0015384615384615996,false,0.0,58.0,8.0,1.0,8.0,1,0.8547008547008547
2026_04_ARI_NYG,00-0040715,Cam Skattebo,NYG,ARI,receptions,betrivers,2.5,2.824535085333111,2.670388522611978,Over,-108,0.4575,,-0.11888888888888888,false,0.0,58.0,8.0,1.0,1.0,-1,-1.0
2026_04_ARI_NYG,00-0040715,Cam Skattebo,NYG,ARI,rush_yds,betrivers,63.5,48.52075472061585,54.9744401021971,Over,-118,0.355,0.5050233081498151,-0.3441525423728814,false,0.0,58.0,8.0,1.0,58.0,-1,-1.0
2026_04_ARI_NYG,00-0040715,Cam Skattebo,NYG,ARI,rush_yds,betrivers,63.5,48.52075472061585,54.9744401021971,Under,-113,0.645,0.4949766918501849,0.21579646017699117,false,0.0,58.0,8.0,1.0,58.0,1,0.8849557522123894
2026_04_ARI_NYG,00-0040715,Cam Skattebo,NYG,ARI,rec_yds,betonlineag,18.5,18.822484693045052,23.962266618355144,Over,-110,0.48,0.49179655455291227,-0.08363636363636368,false,0.0,58.0,8.0,1.0,8.0,-1,-1.0
2026_04_ARI_NYG,00-0040715,Cam Skattebo,NYG,ARI,rec_yds,betonlineag,18.5,18.822484693045052,23.962266618355144,Under,-118,0.52,0.5082034454470877,-0.039322033898305075,false,0.0,58.0,8.0,1.0,8.0,1,0.847457627118644
2026_04_ARI_NYG,00-0040715,Cam Skattebo,NYG,ARI,receptions,betonlineag,2.5,2.824535085333111,2.670388522611978,Over,-125,0.4575,0.5226570545829042,-0.17649999999999993,false,0.0,58.0,8.0,1.0,1.0,-1,-1.0
2026_04_ARI_NYG,00-0040715,Cam Skattebo,NYG,ARI,receptions,betonlineag,2.5,2.824535085333111,2.670388522611978,Under,-103,0.5425,0.47734294541709577,0.06919902912621356,false,0.0,58.0,8.0,1.0,1.0,1,0.970873786407767
2026_04_ARI_NYG,00-0040715,Cam Skattebo,NYG,ARI,rush_yds,betonlineag,62.5,48.52075472061585,54.9744401021971,Over,-114,0.3725,0.5,-0.3007456140350877,false,0.0,58.0,8.0,1.0,58.0,-1,-1.0
2026_04_ARI_NYG,00-0040715,Cam Skattebo,NYG,ARI,rush_yds,betonlineag,62.5,48.52075472061585,54.9744401021971,Under,-114,0.6275,0.5,0.1779385964912279,false,0.0,58.0,8.0,1.0,58.0,1,0.8771929824561403
2026_04_ARI_NYG,00-0040715,Cam Skattebo,NYG,ARI,rec_yds,betmgm,18.5,18.822484693045052,23.962266618355144,Over,-111,0.48,0.49095295536791317,-0.08756756756756762,false,0.0,58.0,8.0,1.0,8.0,-1,-1.0
2026_04_ARI_NYG,00-0040715,Cam Skattebo,NYG,ARI,rec_yds,betmgm,18.5,18.822484693045052,23.962266618355144,Under,-120,0.52,0.5090470446320868,-0.046666666666666634,false,0.0,58.0,8.0,1.0,8.0,1,0.8333333333333334
2026_04_ARI_NYG,00-0040715,Cam Skattebo,NYG,ARI,receptions,betmgm,2.5,2.824535085333111,2.670388522611978,Over,-125,0.4575,0.5203045685279188,-0.17649999999999993,false,0.0,58.0,8.0,1.0,1.0,-1,-1.0
2026_04_ARI_NYG,00-0040715,Cam Skattebo,NYG,ARI,receptions,betmgm,2.5,2.824535085333111,2.670388522611978,Under,-105,0.5425,0.47969543147208116,0.05916666666666659,false,0.0,58.0,8.0,1.0,1.0,1,0.9523809523809523
2026_04_ARI_NYG,00-0040715,Cam Skattebo,NYG,ARI,rush_yds,betmgm,62.5,48.52075472061585,54.9744401021971,Over,-111,0.3725,0.4928711096627016,-0.29191441441441435,false,0.0,58.0,8.0,1.0,58.0,-1,-1.0
2026_04_ARI_NYG,00-0040715,Cam Skattebo,NYG,ARI,rush_yds,betmgm,62.5,48.52075472061585,54.9744401021971,Under,-118,0.6275,0.5071288903372984,0.15927966101694901,false,0.0,58.0,8.0,1.0,58.0,1,0.847457627118644
2026_04_ARI_NYG,00-0040715,Cam Skattebo,NYG,ARI,rec_yds,bovada,17.5,18.822484693045052,23.962266618355144,Over,-110,0.5,0.48987854251012153,-0.04545454545454547,false,0.0,58.0,8.0,1.0,8.0,-1,-1.0
2026_04_ARI_NYG,00-0040715,Cam Skattebo,NYG,ARI,rec_yds,bovada,17.5,18.822484693045052,23.962266618355144,Under,-120,0.5,0.5101214574898785,-0.08333333333333331,false,0.0,58.0,8.0,1.0,8.0,1,0.8333333333333334
2026_04_ARI_NYG,00-0040715,Cam Skattebo,NYG,ARI,receptions,bovada,2.5,2.824535085333111,2.670388522611978,Over,-115,0.4575,0.5,-0.14467391304347826,false,0.0,58.0,8.0,1.0,1.0,-1,-1.0
2026_04_ARI_NYG,00-0040715,Cam Skattebo,NYG,ARI,receptions,bovada,2.5,2.824535085333111,2.670388522611978,Under,-115,0.5425,0.5,0.014239130434782588,false,0.0,58.0,8.0,1.0,1.0,1,0.8695652173913043
2026_04_ARI_NYG,00-0040715,Cam Skattebo,NYG,ARI,rush_yds,bovada,63.5,48.52075472061585,54.9744401021971,Over,-115,0.355,0.5,-0.336304347826087,false,0.0,58.0,8.0,1.0,58.0,-1,-1.0
2026_04_ARI_NYG,00-0040715,Cam Skattebo,NYG,ARI,rush_yds,bovada,63.5,48.52075472061585,54.9744401021971,Under,-115,0.645,0.5,0.2058695652173913,false,0.0,58.0,8.0,1.0,58.0,1,0.8695652173913043
2026_04_DAL_HOU,00-0039410,Ryan Flournoy,DAL,HOU,rec_yds,draftkings,33.5,25.3219619473039,31.452149410987445,Over,-112,0.4025,0.5,-0.23812499999999986,false,0.0,0.0,37.0,4.0,37.0,1,0.8928571428571429
2026_04_DAL_HOU,00-0039410,Ryan Flournoy,DAL,HOU,rec_yds,draftkings,33.5,25.3219619473039,31.452149410987445,Under,-112,0.5974999999999999,0.5,0.1309821428571427,false,0.0,0.0,37.0,4.0,37.0,-1,-1.0
2026_04_DAL_HOU,00-0039410,Ryan Flournoy,DAL,HOU,receptions,draftkings,3.5,2.9703551369214996,3.1266854784737825,Over,-107,0.3425,0.487517163899638,-0.33740654205607473,false,0.0,0.0,37.0,4.0,4.0,1,0.9345794392523364
2026_04_DAL_HOU,00-0039410,Ryan Flournoy,DAL,HOU,receptions,draftkings,3.5,2.9703551369214996,3.1266854784737825,Under,-119,0.6575,0.5124828361003619,0.21002100840336135,false,0.0,0.0,37.0,4.0,4.0,-1,-1.0
2026_04_DAL_HOU,00-0039410,Ryan Flournoy,DAL,HOU,rec_yds,fanduel,33.5,25.3219619473039,31.452149410987445,Over,-113,0.4025,0.5,-0.24130530973451314,false,0.0,0.0,37.0,4.0,37.0,1,0.8849557522123894
2026_04_DAL_HOU,00-0039410,Ryan Flournoy,DAL,HOU,rec_yds,fanduel,33.5,25.3219619473039,31.452149410987445,Under,-113,0.5974999999999999,0.5,0.12626106194690256,false,0.0,0.0,37.0,4.0,37.0,-1,-1.0
2026_04_DAL_HOU,00-0039410,Ryan Flournoy,DAL,HOU,receptions,fanduel,3.5,2.9703551369214996,3.1266854784737825,Over,102,0.3425,0.46209273182957394,-0.3081499999999999,false,0.0,0.0,37.0,4.0,4.0,1,1.02
2026_04_DAL_HOU,00-0039410,Ryan Flournoy,DAL,HOU,receptions,fanduel,3.5,2.9703551369214996,3.1266854784737825,Under,-136,0.6575,0.537907268170426,0.14095588235294115,false,0.0,0.0,37.0,4.0,4.0,-1,-1.0
2026_04_DAL_HOU,00-0039410,Ryan Flournoy,DAL,HOU,rec_yds,betonlineag,33.5,25.3219619473039,31.452149410987445,Over,-116,0.4025,0.5051597457277305,-0.25051724137931025,false,0.0,0.0,37.0,4.0,37.0,1,0.8620689655172413
2026_04_DAL_HOU,00-0039410,Ryan Flournoy,DAL,HOU,rec_yds,betonlineag,33.5,25.3219619473039,31.452149410987445,Under,-111,0.5974999999999999,0.4948402542722695,0.13578828828828815,false,0.0,0.0,37.0,4.0,37.0,-1,-1.0
2026_04_DAL_HOU,00-0039410,Ryan Flournoy,DAL,HOU,receptions,betonlineag,3.5,2.9703551369214996,3.1266854784737825,Over,100,0.3425,0.4693877551020408,-0.31499999999999995,false,0.0,0.0,37.0,4.0,4.0,1,1.0
2026_04_DAL_HOU,00-0039410,Ryan Flournoy,DAL,HOU,receptions,betonlineag,3.5,2.9703551369214996,3.1266854784737825,Under,-130,0.6575,0.5306122448979592,0.16326923076923072,false,0.0,0.0,37.0,4.0,4.0,-1,-1.0
2026_04_DAL_HOU,00-0039410,Ryan Flournoy,DAL,HOU,rec_yds,betrivers,33.5,25.3219619473039,31.452149410987445,Over,-118,0.4025,0.5050233081498151,-0.2563983050847457,false,0.0,0.0,37.0,4.0,37.0,1,0.847457627118644
2026_04_DAL_HOU,00-0039410,Ryan Flournoy,DAL,HOU,rec_yds,betrivers,33.5,25.3219619473039,31.452149410987445,Under,-113,0.5974999999999999,0.4949766918501849,0.12626106194690256,false,0.0,0.0,37.0,4.0,37.0,-1,-1.0
2026_04_DAL_HOU,00-0039410,Ryan Flournoy,DAL,HOU,receptions,betrivers,3.5,2.9703551369214996,3.1266854784737825,Over,104,0.3425,,-0.30129999999999996,false,0.0,0.0,37.0,4.0,4.0,1,1.04
2026_04_DAL_HOU,00-0039410,Ryan Flournoy,DAL,HOU,rec_yds,betmgm,33.5,25.3219619473039,31.452149410987445,Over,-115,0.4025,0.5,-0.2474999999999999,false,0.0,0.0,37.0,4.0,37.0,1,0.8695652173913043
2026_04_DAL_HOU,00-0039410,Ryan Flournoy,DAL,HOU,rec_yds,betmgm,33.5,25.3219619473039,31.452149410987445,Under,-115,0.5974999999999999,0.5,0.11706521739130415,false,0.0,0.0,37.0,4.0,37.0,-1,-1.0
2026_04_DAL_HOU,00-0039410,Ryan Flournoy,DAL,HOU,receptions,betmgm,3.5,2.9703551369214996,3.1266854784737825,Over,-105,0.3425,0.4796954314720812,-0.3313095238095238,false,0.0,0.0,37.0,4.0,4.0,1,0.9523809523809523
2026_04_DAL_HOU,00-0039410,Ryan Flournoy,DAL,HOU,receptions,betmgm,3.5,2.9703551369214996,3.1266854784737825,Under,-125,0.6575,0.5203045685279188,0.1835,false,0.0,0.0,37.0,4.0,4.0,-1,-1.0
2026_04_DAL_HOU,00-0039410,Ryan Flournoy,DAL,HOU,rec_yds,bovada,33.5,25.3219619473039,31.452149410987445,Over,-115,0.4025,0.5,-0.2474999999999999,false,0.0,0.0,37.0,4.0,37.0,1,0.8695652173913043
2026_04_DAL_HOU,00-0039410,Ryan Flournoy,DAL,HOU,rec_yds,bovada,33.5,25.3219619473039,31.452149410987445,Under,-115,0.5974999999999999,0.5,0.11706521739130415,false,0.0,0.0,37.0,4.0,37.0,-1,-1.0
2026_04_DAL_HOU,00-0039410,Ryan Flournoy,DAL,HOU,receptions,bovada,3.5,2.9703551369214996,3.1266854784737825,Over,-110,0.3425,0.48987854251012153,-0.3461363636363636,false,0.0,0.0,37.0,4.0,4.0,1,0.9090909090909091
2026_04_DAL_HOU,00-0039410,Ryan Flournoy,DAL,HOU,receptions,bovada,3.5,2.9703551369214996,3.1266854784737825,Under,-120,0.6575,0.5101214574898785,0.2054166666666667,false,0.0,0.0,37.0,4.0,4.0,-1,-1.0
2026_04_ARI_NYG,00-0039337,Malik Nabers,NYG,ARI,rec_yds,draftkings,55.5,52.004732416491905,54.68066697742663,Over,-114,0.46,0.5042122999157539,-0.1364912280701755,false,0.0,0.0,112.0,6.0,112.0,1,0.8771929824561403
2026_04_ARI_NYG,00-0039337,Malik Nabers,NYG,ARI,rec_yds,draftkings,55.5,52.004732416491905,54.68066697742663,Under,-110,0.54,0.4957877000842461,0.03090909090909094,false,0.0,0.0,112.0,6.0,112.0,-1,-1.0
2026_04_ARI_NYG,00-0039337,Malik Nabers,NYG,ARI,receptions,draftkings,4.5,4.406602670548389,4.847254912183733,Over,-142,0.4725,0.5531922750267716,-0.1947535211267607,false,0.0,0.0,112.0,6.0,6.0,1,0.704225352112676
2026_04_ARI_NYG,00-0039337,Malik Nabers,NYG,ARI,receptions,draftkings,4.5,4.406602670548389,4.847254912183733,Under,111,0.5275000000000001,0.4468077249732284,0.11302500000000026,false,0.0,0.0,112.0,6.0,6.0,-1,-1.0
2026_04_ARI_NYG,00-0039337,Malik Nabers,NYG,ARI,rec_yds,fanduel,54.5,52.004732416491905,54.68066697742663,Over,-113,0.47,0.5,-0.11407079646017704,false,0.0,0.0,112.0,6.0,112.0,1,0.8849557522123894
2026_04_ARI_NYG,00-0039337,Malik Nabers,NYG,ARI,rec_yds,fanduel,54.5,52.004732416491905,54.68066697742663,Under,-113,0.53,0.5,-0.0009734513274335388,false,0.0,0.0,112.0,6.0,112.0,-1,-1.0
2026_04_ARI_NYG,00-0039337,Malik Nabers,NYG,ARI,receptions,fanduel,4.5,4.406602670548389,4.847254912183733,Over,-130,0.4725,0.5281576830249397,-0.16403846153846163,false,0.0,0.0,112.0,6.0,6.0,1,0.7692307692307693
2026_04_ARI_NYG,00-0039337,Malik Nabers,NYG,ARI,receptions,fanduel,4.5,4.406602670548389,4.847254912183733,Under,-102,0.5275000000000001,0.4718423169750603,0.04465686274509817,false,0.0,0.0,112.0,6.0,6.0,-1,-1.0
2026_04_ARI_NYG,00-0039337,Malik Nabers,NYG,ARI,rec_yds,betrivers,55.5,52.004732416491905,54.68066697742663,Over,-115,0.46,0.5,-0.14,false,0.0,0.0,112.0,6.0,112.0,1,0.8695652173913043
2026_04_ARI_NYG,00-0039337,Malik Nabers,NYG,ARI,rec_yds,betrivers,55.5,52.004732416491905,54.68066697742663,Under,-115,0.54,0.5,0.009565217391304393,false,0.0,0.0,112.0,6.0,112.0,-1,-1.0
2026_04_ARI_NYG,00-0039337,Malik Nabers,NYG,ARI,receptions,betrivers,4.5,4.406602670548389,4.847254912183733,Over,-137,0.4725,,-0.18260948905109498,false,0.0,0.0,112.0,6.0,6.0,1,0.7299270072992701
2026_04_ARI_NYG,00-0039337,Malik Nabers,NYG,ARI,rec_yds,betonlineag,55.5,52.004732416491905,54.68066697742663,Over,-118,0.46,0.5082034454470877,-0.15016949152542375,false,0.0,0.0,112.0,6.0,112.0,1,0.847457627118644
2026_04_ARI_NYG,00-0039337,Malik Nabers,NYG,ARI,rec_yds,betonlineag,55.5,52.004732416491905,54.68066697742663,Under,-110,0.54,0.49179655455291227,0.03090909090909094,false,0.0,0.0,112.0,6.0,112.0,-1,-1.0
2026_04_ARI_NYG,00-0039337,Malik Nabers,NYG,ARI,receptions,betonlineag,4.5,4.406602670548389,4.847254912183733,Over,-145,0.4725,0.5553135493238951,-0.20163793103448285,false,0.0,0.0,112.0,6.0,6.0,1,0.6896551724137931
2026_04_ARI_NYG,00-0039337,Malik Nabers,NYG,ARI,receptions,betonlineag,4.5,4.406602670548389,4.847254912183733,Under,111,0.5275000000000001,0.4446864506761049,0.11302500000000026,false,0.0,0.0,112.0,6.0,6.0,-1,-1.0
2026_04_ARI_NYG,00-0039337,Malik Nabers,NYG,ARI,rec_yds,betmgm,57.5,52.004732416491905,54.68066697742663,Over,-115,0.4375,0.5,-0.18206521739130438,false,0.0,0.0,112.0,6.0,112.0,1,0.8695652173913043
2026_04_ARI_NYG,00-0039337,Malik Nabers,NYG,ARI,rec_yds,betmgm,57.5,52.004732416491905,54.68066697742663,Under,-115,0.5625,0.5,0.0516304347826087,false,0.0,0.0,112.0,6.0,112.0,-1,-1.0
2026_04_ARI_NYG,00-0039337,Malik Nabers,NYG,ARI,receptions,betmgm,4.5,4.406602670548389,4.847254912183733,Over,-160,0.4725,0.5751633986928104,-0.2321875000000001,false,0.0,0.0,112.0,6.0,6.0,1,0.625
2026_04_ARI_NYG,00-0039337,Malik Nabers,NYG,ARI,receptions,betmgm,4.5,4.406602670548389,4.847254912183733,Under,120,0.5275000000000001,0.4248366013071896,0.1605000000000002,false,0.0,0.0,112.0,6.0,6.0,-1,-1.0
2026_04_ARI_NYG,00-0039337,Malik Nabers,NYG,ARI,rec_yds,bovada,55.5,52.004732416491905,54.68066697742663,Over,-115,0.46,0.5,-0.14,false,0.0,0.0,112.0,6.0,112.0,1,0.8695652173913043
2026_04_ARI_NYG,00-0039337,Malik Nabers,NYG,ARI,rec_yds,bovada,55.5,52.004732416491905,54.68066697742663,Under,-115,0.54,0.5,0.009565217391304393,false,0.0,0.0,112.0,6.0,112.0,-1,-1.0
2026_04_ARI_NYG,00-0039337,Malik Nabers,NYG,ARI,receptions,bovada,4.5,4.406602670548389,4.847254912183733,Over,-145,0.4725,0.554140127388535,-0.20163793103448285,false,0.0,0.0,112.0,6.0,6.0,1,0.6896551724137931
2026_04_ARI_NYG,00-0039337,Malik Nabers,NYG,ARI,receptions,bovada,4.5,4.406602670548389,4.847254912183733,Under,110,0.5275000000000001,0.445859872611465,0.10775000000000023,false,0.0,0.0,112.0,6.0,6.0,-1,-1.0
2026_04_NE_BUF,00-0039851,Drake Maye,NE,BUF,pass_yds,draftkings,235.5,200.33637594541236,216.20063842990243,Over,-112,0.3025,0.5,-0.4274107142857143,false,269.0,54.0,0.0,0.0,269.0,1,0.8928571428571429
2026_04_NE_BUF,00-0039851,Drake Maye,NE,BUF,pass_yds,draftkings,235.5,200.33637594541236,216.20063842990243,Under,-112,0.6975,0.5,0.3202678571428572,false,269.0,54.0,0.0,0.0,269.0,-1,-1.0
2026_04_NE_BUF,00-0039851,Drake Maye,NE,BUF,pass_yds,fanduel,231.5,200.33637594541236,216.20063842990243,Over,-113,0.325,0.5,-0.3873893805309735,false,269.0,54.0,0.0,0.0,269.0,1,0.8849557522123894
2026_04_NE_BUF,00-0039851,Drake Maye,NE,BUF,pass_yds,fanduel,231.5,200.33637594541236,216.20063842990243,Under,-113,0.675,0.5,0.2723451327433629,false,269.0,54.0,0.0,0.0,269.0,-1,-1.0
2026_04_NE_BUF,00-0039851,Drake Maye,NE,BUF,pass_yds,betonlineag,231.5,200.33637594541236,216.20063842990243,Over,-111,0.325,0.4948402542722694,-0.38220720720720724,false,269.0,54.0,0.0,0.0,269.0,1,0.9009009009009009
2026_04_NE_BUF,00-0039851,Drake Maye,NE,BUF,pass_yds,betonlineag,231.5,200.33637594541236,216.20063842990243,Under,-116,0.675,0.5051597457277306,0.25689655172413794,false,269.0,54.0,0.0,0.0,269.0,-1,-1.0
2026_04_NE_BUF,00-0039851,Drake Maye,NE,BUF,pass_yds,betrivers,225.5,200.33637594541236,216.20063842990243,Over,-114,0.35,0.4969864995178399,-0.34298245614035094,false,269.0,54.0,0.0,0.0,269.0,1,0.8771929824561403
2026_04_NE_BUF,00-0039851,Drake Maye,NE,BUF,pass_yds,betrivers,225.5,200.33637594541236,216.20063842990243,Under,-117,0.65,0.5030135004821601,0.2055555555555556,false,269.0,54.0,0.0,0.0,269.0,-1,-1.0
2026_04_NE_BUF,00-0039851,Drake Maye,NE,BUF,pass_yds,betmgm,227.5,200.33637594541236,216.20063842990243,Over,-115,0.345,0.5,-0.35500000000000004,false,269.0,54.0,0.0,0.0,269.0,1,0.8695652173913043
2026_04_NE_BUF,00-0039851,Drake Maye,NE,BUF,pass_yds,betmgm,227.5,200.33637594541236,216.20063842990243,Under,-115,0.655,0.5,0.22456521739130442,false,269.0,54.0,0.0,0.0,269.0,-1,-1.0
2026_04_NE_BUF,00-0039851,Drake Maye,NE,BUF,pass_yds,bovada,235.5,200.33637594541236,216.20063842990243,Over,-115,0.3025,0.5,-0.43445652173913046,false,269.0,54.0,0.0,0.0,269.0,1,0.8695652173913043
2026_04_NE_BUF,00-0039851,Drake Maye,NE,BUF,pass_yds,bovada,235.5,200.33637594541236,216.20063842990243,Under,-115,0.6975,0.5,0.30402173913043473,false,269.0,54.0,0.0,0.0,269.0,-1,-1.0
2026_04_DEN_SF,00-0033280,Christian McCaffrey,SF,DEN,rec_yds,draftkings,42.5,36.54741922118234,40.82583660952811,Over,-110,0.37,0.495787700084246,-0.29363636363636364,false,0.0,52.0,18.0,3.0,18.0,-1,-1.0
2026_04_DEN_SF,00-0033280,Christian McCaffrey,SF,DEN,rec_yds,draftkings,42.5,36.54741922118234,40.82583660952811,Under,-114,0.63,0.504212299915754,0.18263157894736837,false,0.0,52.0,18.0,3.0,18.0,1,0.8771929824561403
2026_04_DEN_SF,00-0033280,Christian McCaffrey,SF,DEN,receptions,draftkings,4.5,4.098862068113801,4.85147537132039,Over,-131,0.445,0.5351457951824201,-0.2153053435114503,false,0.0,52.0,18.0,3.0,3.0,-1,-1.0
2026_04_DEN_SF,00-0033280,Christian McCaffrey,SF,DEN,receptions,draftkings,4.5,4.098862068113801,4.85147537132039,Under,103,0.5549999999999999,0.4648542048175799,0.12664999999999993,false,0.0,52.0,18.0,3.0,3.0,1,1.03
2026_04_DEN_SF,00-0033280,Christian McCaffrey,SF,DEN,rush_yds,draftkings,67.5,62.70815625485679,61.864010304579416,Over,-112,0.4425,0.5,-0.16241071428571424,false,0.0,52.0,18.0,3.0,52.0,-1,-1.0
2026_04_DEN_SF,00-0033280,Christian McCaffrey,SF,DEN,rush_yds,draftkings,67.5,62.70815625485679,61.864010304579416,Under,-112,0.5575,0.5,0.055267857142857146,false,0.0,52.0,18.0,3.0,52.0,1,0.8928571428571429
2026_04_DEN_SF,00-0033280,Christian McCaffrey,SF,DEN,rec_yds,fanduel,39.5,36.54741922118234,40.82583660952811,Over,-113,0.42,0.5,-0.2083185840707965,false,0.0,52.0,18.0,3.0,18.0,-1,-1.0
2026_04_DEN_SF,00-0033280,Christian McCaffrey,SF,DEN,rec_yds,fanduel,39.5,36.54741922118234,40.82583660952811,Under,-113,0.5800000000000001,0.5,0.09327433628318604,false,0.0,52.0,18.0,3.0,18.0,1,0.8849557522123894
2026_04_DEN_SF,00-0033280,Christian McCaffrey,SF,DEN,receptions,fanduel,4.5,4.098862068113801,4.85147537132039,Over,-138,0.445,0.5418848167539266,-0.23253623188405792,false,0.0,52.0,18.0,3.0,3.0,-1,-1.0
2026_04_DEN_SF,00-0033280,Christian McCaffrey,SF,DEN,receptions,fanduel,4.5,4.098862068113801,4.85147537132039,Under,104,0.5549999999999999,0.45811518324607337,0.13219999999999987,false,0.0,52.0,18.0,3.0,3.0,1,1.04
2026_04_DEN_SF,00-0033280,Christian McCaffrey,SF,DEN,rush_yds,fanduel,65.5,62.70815625485679,61.864010304579416,Over,-113,0.4675,0.5,-0.1187831858407079,false,0.0,52.0,18.0,3.0,52.0,-1,-1.0
2026_04_DEN_SF,00-0033280,Christian McCaffrey,SF,DEN,rush_yds,fanduel,65.5,62.70815625485679,61.864010304579416,Under,-113,0.5325,0.5,0.0037389380530973293,false,0.0,52.0,18.0,3.0,52.0,1,0.8849557522123894
2026_04_DEN_SF,00-0033280,Christian McCaffrey,SF,DEN,rec_yds,betonlineag,41.5,36.54741922118234,40.82583660952811,Over,-118,0.385,0.5082034454470877,-0.288728813559322,false,0.0,52.0,18.0,3.0,18.0,-1,-1.0
2026_04_DEN_SF,00-0033280,Christian McCaffrey,SF,DEN,rec_yds,betonlineag,41.5,36.54741922118234,40.82583660952811,Under,-110,0.615,0.49179655455291227,0.17409090909090907,false,0.0,52.0,18.0,3.0,18.0,1,0.9090909090909091
2026_04_DEN_SF,00-0033280,Christian McCaffrey,SF,DEN,receptions,betonlineag,4.5,4.098862068113801,4.85147537132039,Over,-141,0.445,0.5489256569588981,-0.2393971631205673,false,0.0,52.0,18.0,3.0,3.0,-1,-1.0
2026_04_DEN_SF,00-0033280,Christian McCaffrey,SF,DEN,receptions,betonlineag,4.5,4.098862068113801,4.85147537132039,Under,108,0.5549999999999999,0.45107434304110194,0.15439999999999987,false,0.0,52.0,18.0,3.0,3.0,1,1.08
2026_04_DEN_SF,00-0033280,Christian McCaffrey,SF,DEN,rush_yds,betonlineag,65.5,62.70815625485679,61.864010304579416,Over,-115,0.4675,0.5030953363598846,-0.1259782608695652,false,0.0,52.0,18.0,3.0,52.0,-1,-1.0
2026_04_DEN_SF,00-0033280,Christian McCaffrey,SF,DEN,rush_yds,betonlineag,65.5,62.70815625485679,61.864010304579416,Under,-112,0.5325,0.49690466364011543,0.007946428571428521,false,0.0,52.0,18.0,3.0,52.0,1,0.8928571428571429
2026_04_DEN_SF,00-0033280,Christian McCaffrey,SF,DEN,rec_yds,betrivers,40.5,36.54741922118234,40.82583660952811,Over,-114,0.3975,0.4969864995178399,-0.2538157894736843,false,0.0,52.0,18.0,3.0,18.0,-1,-1.0
2026_04_DEN_SF,00-0033280,Christian McCaffrey,SF,DEN,rec_yds,betrivers,40.5,36.54741922118234,40.82583660952811,Under,-117,0.6025,0.5030135004821601,0.11745726495726505,false,0.0,52.0,18.0,3.0,18.0,1,0.8547008547008547
2026_04_DEN_SF,00-0033280,Christian McCaffrey,SF,DEN,receptions,betrivers,4.5,4.098862068113801,4.85147537132039,Over,-141,0.445,,-0.2393971631205673,false,0.0,52.0,18.0,3.0,3.0,-1,-1.0
2026_04_DEN_SF,00-0033280,Christian McCaffrey,SF,DEN,rush_yds,betrivers,64.5,62.70815625485679,61.864010304579416,Over,-115,0.49,0.5,-0.0839130434782609,false,0.0,52.0,18.0,3.0,52.0,-1,-1.0
2026_04_DEN_SF,00-0033280,Christian McCaffrey,SF,DEN,rush_yds,betrivers,64.5,62.70815625485679,61.864010304579416,Under,-115,0.51,0.5,-0.04652173913043478,false,0.0,52.0,18.0,3.0,52.0,1,0.8695652173913043
2026_04_DEN_SF,00-0033280,Christian McCaffrey,SF,DEN,rec_yds,bovada,42.5,36.54741922118234,40.82583660952811,Over,-115,0.37,0.5,-0.3082608695652174,false,0.0,52.0,18.0,3.0,18.0,-1,-1.0
2026_04_DEN_SF,00-0033280,Christian McCaffrey,SF,DEN,rec_yds,bovada,42.5,36.54741922118234,40.82583660952811,Under,-115,0.63,0.5,0.1778260869565217,false,0.0,52.0,18.0,3.0,18.0,1,0.8695652173913043
2026_04_DEN_SF,00-0033280,Christian McCaffrey,SF,DEN,receptions,bovada,4.5,4.098862068113801,4.85147537132039,Over,-145,0.445,0.554140127388535,-0.248103448275862,false,0.0,52.0,18.0,3.0,3.0,-1,-1.0
2026_04_DEN_SF,00-0033280,Christian McCaffrey,SF,DEN,receptions,bovada,4.5,4.098862068113801,4.85147537132039,Under,110,0.5549999999999999,0.445859872611465,0.16549999999999987,false,0.0,52.0,18.0,3.0,3.0,1,1.1
2026_04_DEN_SF,00-0033280,Christian McCaffrey,SF,DEN,rush_yds,bovada,67.5,62.70815625485679,61.864010304579416,Over,-115,0.4425,0.5,-0.17271739130434782,false,0.0,52.0,18.0,3.0,52.0,-1,-1.0
2026_04_DEN_SF,00-0033280,Christian McCaffrey,SF,DEN,rush_yds,bovada,67.5,62.70815625485679,61.864010304579416,Under,-115,0.5575,0.5,0.042282608695652146,false,0.0,52.0,18.0,3.0,52.0,1,0.8695652173913043
2026_04_NYJ_CHI,00-0040735,Luther Burden III,CHI,NYJ,rec_yds,draftkings,46.5,39.907629823855515,50.78367506586843,Over,-115,0.3425,0.5063197809142617,-0.35967391304347823,false,0.0,11.0,63.0,4.0,63.0,1,0.8695652173913043
2026_04_NYJ_CHI,00-0040735,Luther Burden III,CHI,NYJ,rec_yds,draftkings,46.5,39.907629823855515,50.78367506586843,Under,-109,0.6575,0.49368021908573834,0.2607110091743119,false,0.0,11.0,63.0,4.0,63.0,-1,-1.0
2026_04_NYJ_CHI,00-0040735,Luther Burden III,CHI,NYJ,receptions,draftkings,4.5,3.90619086855091,4.313266988468137,Over,-105,0.4,0.4833368048323266,-0.21904761904761905,false,0.0,11.0,63.0,4.0,4.0,-1,-1.0
2026_04_NYJ_CHI,00-0040735,Luther Burden III,CHI,NYJ,receptions,draftkings,4.5,3.90619086855091,4.313266988468137,Under,-121,0.6,0.5166631951676735,0.09586776859504131,false,0.0,11.0,63.0,4.0,4.0,1,0.8264462809917356
2026_04_NYJ_CHI,00-0040735,Luther Burden III,CHI,NYJ,rec_yds,fanduel,46.5,39.907629823855515,50.78367506586843,Over,-113,0.3425,0.5,-0.3544026548672566,false,0.0,11.0,63.0,4.0,63.0,1,0.8849557522123894
2026_04_NYJ_CHI,00-0040735,Luther Burden III,CHI,NYJ,rec_yds,fanduel,46.5,39.907629823855515,50.78367506586843,Under,-113,0.6575,0.5,0.23935840707964595,false,0.0,11.0,63.0,4.0,63.0,-1,-1.0
2026_04_NYJ_CHI,00-0040735,Luther Burden III,CHI,NYJ,receptions,fanduel,4.5,3.90619086855091,4.313266988468137,Over,106,0.4,0.45420136260408783,-0.17599999999999993,false,0.0,11.0,63.0,4.0,4.0,-1,-1.0
2026_04_NYJ_CHI,00-0040735,Luther Burden III,CHI,NYJ,receptions,fanduel,4.5,3.90619086855091,4.313266988468137,Under,-140,0.6,0.5457986373959122,0.028571428571428525,false,0.0,11.0,63.0,4.0,4.0,1,0.7142857142857143
2026_04_NYJ_CHI,00-0040735,Luther Burden III,CHI,NYJ,rec_yds,betonlineag,46.5,39.907629823855515,50.78367506586843,Over,-116,0.3425,0.5051597457277305,-0.3622413793103448,false,0.0,11.0,63.0,4.0,63.0,1,0.8620689655172413
2026_04_NYJ_CHI,00-0040735,Luther Burden III,CHI,NYJ,rec_yds,betonlineag,46.5,39.907629823855515,50.78367506586843,Under,-111,0.6575,0.4948402542722695,0.24984234234234226,false,0.0,11.0,63.0,4.0,63.0,-1,-1.0
2026_04_NYJ_CHI,00-0040735,Luther Burden III,CHI,NYJ,receptions,betonlineag,4.5,3.90619086855091,4.313266988468137,Over,-102,0.4,0.47438944435338465,-0.20784313725490194,false,0.0,11.0,63.0,4.0,4.0,-1,-1.0
2026_04_NYJ_CHI,00-0040735,Luther Burden III,CHI,NYJ,receptions,betonlineag,4.5,3.90619086855091,4.313266988468137,Under,-127,0.6,0.5256105556466153,0.07244094488188974,false,0.0,11.0,63.0,4.0,4.0,1,0.7874015748031497
2026_04_NYJ_CHI,00-0040735,Luther Burden III,CHI,NYJ,rec_yds,betrivers,46.5,39.907629823855515,50.78367506586843,Over,-114,0.3425,0.4969864995178399,-0.3570614035087719,false,0.0,11.0,63.0,4.0,63.0,1,0.8771929824561403
2026_04_NYJ_CHI,00-0040735,Luther Burden III,CHI,NYJ,rec_yds,betrivers,46.5,39.907629823855515,50.78367506586843,Under,-117,0.6575,0.5030135004821601,0.21946581196581194,false,0.0,11.0,63.0,4.0,63.0,-1,-1.0
2026_04_NYJ_CHI,00-0040735,Luther Burden III,CHI,NYJ,receptions,betrivers,4.5,3.90619086855091,4.313266988468137,Over,108,0.4,,-0.16799999999999993,false,0.0,11.0,63.0,4.0,4.0,-1,-1.0
2026_04_NYJ_CHI,00-0040735,Luther Burden III,CHI,NYJ,rec_yds,betmgm,45.5,39.907629823855515,50.78367506586843,Over,-111,0.35,0.4928711096627016,-0.3346846846846847,false,0.0,11.0,63.0,4.0,63.0,1,0.9009009009009009
2026_04_NYJ_CHI,00-0040735,Luther Burden III,CHI,NYJ,rec_yds,betmgm,45.5,39.907629823855515,50.78367506586843,Under,-118,0.65,0.5071288903372984,0.20084745762711864,false,0.0,11.0,63.0,4.0,63.0,-1,-1.0
2026_04_NYJ_CHI,00-0040735,Luther Burden III,CHI,NYJ,receptions,betmgm,4.5,3.90619086855091,4.313266988468137,Over,115,0.4,0.43348916277093075,-0.14,false,0.0,11.0,63.0,4.0,4.0,-1,-1.0
2026_04_NYJ_CHI,00-0040735,Luther Burden III,CHI,NYJ,receptions,betmgm,4.5,3.90619086855091,4.313266988468137,Under,-155,0.6,0.5665108372290693,-0.012903225806451646,false,0.0,11.0,63.0,4.0,4.0,1,0.6451612903225806
2026_04_NYJ_CHI,00-0040735,Luther Burden III,CHI,NYJ,rec_yds,bovada,46.5,39.907629823855515,50.78367506586843,Over,-120,0.3425,0.5101214574898786,-0.37208333333333327,false,0.0,11.0,63.0,4.0,63.0,1,0.8333333333333334
2026_04_NYJ_CHI,00-0040735,Luther Burden III,CHI,NYJ,rec_yds,bovada,46.5,39.907629823855515,50.78367506586843,Under,-110,0.6575,0.4898785425101214,0.25522727272727264,false,0.0,11.0,63.0,4.0,63.0,-1,-1.0
2026_04_NYJ_CHI,00-0040735,Luther Burden III,CHI,NYJ,receptions,bovada,4.5,3.90619086855091,4.313266988468137,Over,-105,0.4,0.4796954314720812,-0.21904761904761905,false,0.0,11.0,63.0,4.0,4.0,-1,-1.0
2026_04_NYJ_CHI,00-0040735,Luther Burden III,CHI,NYJ,receptions,bovada,4.5,3.90619086855091,4.313266988468137,Under,-125,0.6,0.5203045685279188,0.07999999999999996,false,0.0,11.0,63.0,4.0,4.0,1,0.8
2026_04_GB_TB,00-0040129,Emeka Egbuka,TB,GB,rec_yds,draftkings,37.5,44.66754698814093,42.58901577492705,Over,-110,0.5775,0.4947698744769875,0.10250000000000004,false,0.0,0.0,13.0,2.0,13.0,-1,-1.0
2026_04_GB_TB,00-0040129,Emeka Egbuka,TB,GB,rec_yds,draftkings,37.5,44.66754698814093,42.58901577492705,Under,-115,0.4225,0.5052301255230125,-0.21010869565217394,false,0.0,0.0,13.0,2.0,13.0,1,0.8695652173913043
2026_04_GB_TB,00-0040129,Emeka Egbuka,TB,GB,receptions,draftkings,3.5,3.0702818258103384,3.5100213278420425,Over,107,0.375,0.45525269405866414,-0.22375,false,0.0,0.0,13.0,2.0,2.0,-1,-1.0
2026_04_GB_TB,00-0040129,Emeka Egbuka,TB,GB,receptions,draftkings,3.5,3.0702818258103384,3.5100213278420425,Under,-137,0.625,0.5447473059413359,0.0812043795620438,false,0.0,0.0,13.0,2.0,2.0,1,0.7299270072992701
2026_04_GB_TB,00-0040129,Emeka Egbuka,TB,GB,rec_yds,fanduel,37.5,44.66754698814093,42.58901577492705,Over,-113,0.5775,0.5,0.08856194690265495,false,0.0,0.0,13.0,2.0,13.0,-1,-1.0
2026_04_GB_TB,00-0040129,Emeka Egbuka,TB,GB,rec_yds,fanduel,37.5,44.66754698814093,42.58901577492705,Under,-113,0.4225,0.5,-0.20360619469026547,false,0.0,0.0,13.0,2.0,13.0,1,0.8849557522123894
2026_04_GB_TB,00-0040129,Emeka Egbuka,TB,GB,receptions,fanduel,3.5,3.0702818258103384,3.5100213278420425,Over,102,0.375,0.46209273182957394,-0.2425,false,0.0,0.0,13.0,2.0,2.0,-1,-1.0
2026_04_GB_TB,00-0040129,Emeka Egbuka,TB,GB,receptions,fanduel,3.5,3.0702818258103384,3.5100213278420425,Under,-136,0.625,0.537907268170426,0.0845588235294118,false,0.0,0.0,13.0,2.0,2.0,1,0.7352941176470589
2026_04_GB_TB,00-0040129,Emeka Egbuka,TB,GB,rec_yds,betonlineag,37.5,44.66754698814093,42.58901577492705,Over,-115,0.5775,0.5030953363598846,0.07967391304347826,false,0.0,0.0,13.0,2.0,13.0,-1,-1.0
2026_04_GB_TB,00-0040129,Emeka Egbuka,TB,GB,rec_yds,betonlineag,37.5,44.66754698814093,42.58901577492705,Under,-112,0.4225,0.49690466364011543,-0.20026785714285716,false,0.0,0.0,13.0,2.0,13.0,1,0.8928571428571429
2026_04_GB_TB,00-0040129,Emeka Egbuka,TB,GB,receptions,betonlineag,3.5,3.0702818258103384,3.5100213278420425,Over,104,0.375,0.46042319749216293,-0.235,false,0.0,0.0,13.0,2.0,2.0,-1,-1.0
2026_04_GB_TB,00-0040129,Emeka Egbuka,TB,GB,receptions,betonlineag,3.5,3.0702818258103384,3.5100213278420425,Under,-135,0.625,0.5395768025078371,0.08796296296296291,false,0.0,0.0,13.0,2.0,2.0,1,0.7407407407407407
2026_04_GB_TB,00-0040129,Emeka Egbuka,TB,GB,rec_yds,betrivers,37.5,44.66754698814093,42.58901577492705,Over,-117,0.5775,0.5030135004821601,0.07108974358974357,false,0.0,0.0,13.0,2.0,13.0,-1,-1.0
2026_04_GB_TB,00-0040129,Emeka Egbuka,TB,GB,rec_yds,betrivers,37.5,44.66754698814093,42.58901577492705,Under,-114,0.4225,0.4969864995178399,-0.20688596491228073,false,0.0,0.0,13.0,2.0,13.0,1,0.8771929824561403
2026_04_GB_TB,00-0040129,Emeka Egbuka,TB,GB,receptions,betrivers,3.5,3.0702818258103384,3.5100213278420425,Over,107,0.375,,-0.22375,false,0.0,0.0,13.0,2.0,2.0,-1,-1.0
2026_04_GB_TB,00-0040129,Emeka Egbuka,TB,GB,rec_yds,bovada,37.5,44.66754698814093,42.58901577492705,Over,-110,0.5775,0.48987854251012153,0.10250000000000004,false,0.0,0.0,13.0,2.0,13.0,-1,-1.0
2026_04_GB_TB,00-0040129,Emeka Egbuka,TB,GB,rec_yds,bovada,37.5,44.66754698814093,42.58901577492705,Under,-120,0.4225,0.5101214574898785,-0.22541666666666665,false,0.0,0.0,13.0,2.0,13.0,1,0.8333333333333334
2026_04_GB_TB,00-0040129,Emeka Egbuka,TB,GB,receptions,bovada,3.5,3.0702818258103384,3.5100213278420425,Over,105,0.375,0.45920859794821695,-0.23124999999999996,false,0.0,0.0,13.0,2.0,2.0,-1,-1.0
2026_04_GB_TB,00-0040129,Emeka Egbuka,TB,GB,receptions,bovada,3.5,3.0702818258103384,3.5100213278420425,Under,-135,0.625,0.540791402051783,0.08796296296296291,false,0.0,0.0,13.0,2.0,2.0,1,0.7407407407407407
2026_04_GB_TB,00-0040129,Emeka Egbuka,TB,GB,rec_yds,betmgm,37.5,44.66754698814093,42.58901577492705,Over,-115,0.5775,0.5,0.07967391304347826,false,0.0,0.0,13.0,2.0,13.0,-1,-1.0
2026_04_GB_TB,00-0040129,Emeka Egbuka,TB,GB,rec_yds,betmgm,37.5,44.66754698814093,42.58901577492705,Under,-115,0.4225,0.5,-0.21010869565217394,false,0.0,0.0,13.0,2.0,13.0,1,0.8695652173913043
2026_04_GB_TB,00-0040129,Emeka Egbuka,TB,GB,receptions,betmgm,3.5,3.0702818258103384,3.5100213278420425,Over,110,0.375,0.4424778761061946,-0.21249999999999997,false,0.0,0.0,13.0,2.0,2.0,-1,-1.0
2026_04_GB_TB,00-0040129,Emeka Egbuka,TB,GB,receptions,betmgm,3.5,3.0702818258103384,3.5100213278420425,Under,-150,0.625,0.5575221238938054,0.04166666666666663,false,0.0,0.0,13.0,2.0,2.0,1,0.6666666666666666
2026_04_DEN_SF,00-0034348,Courtland Sutton,DEN,SF,rec_yds,draftkings,39.5,41.33201389422847,41.15147197760761,Over,-111,0.5,0.4978941161605526,-0.04954954954954954,false,0.0,0.0,4.0,1.0,4.0,-1,-1.0
2026_04_DEN_SF,00-0034348,Courtland Sutton,DEN,SF,rec_yds,draftkings,39.5,41.33201389422847,41.15147197760761,Under,-113,0.5,0.5021058838394474,-0.05752212389380529,false,0.0,0.0,4.0,1.0,4.0,1,0.8849557522123894
2026_04_DEN_SF,00-0034348,Courtland Sutton,DEN,SF,receptions,draftkings,3.5,3.0408165182037434,3.4897475935723126,Over,115,0.37,0.43936417217360246,-0.20450000000000002,false,0.0,0.0,4.0,1.0,1.0,-1,-1.0
2026_04_DEN_SF,00-0034348,Courtland Sutton,DEN,SF,receptions,draftkings,3.5,3.0408165182037434,3.4897475935723126,Under,-146,0.63,0.5606358278263975,0.0615068493150685,false,0.0,0.0,4.0,1.0,1.0,1,0.684931506849315
2026_04_DEN_SF,00-0034348,Courtland Sutton,DEN,SF,rec_yds,fanduel,38.5,41.33201389422847,41.15147197760761,Over,-113,0.5175,0.5,-0.024535398230088545,false,0.0,0.0,4.0,1.0,4.0,-1,-1.0
2026_04_DEN_SF,00-0034348,Courtland Sutton,DEN,SF,rec_yds,fanduel,38.5,41.33201389422847,41.15147197760761,Under,-113,0.48250000000000004,0.5,-0.09050884955752203,false,0.0,0.0,4.0,1.0,4.0,1,0.8849557522123894
2026_04_DEN_SF,00-0034348,Courtland Sutton,DEN,SF,receptions,fanduel,3.5,3.0408165182037434,3.4897475935723126,Over,114,0.37,0.4365299334811531,-0.20820000000000005,false,0.0,0.0,4.0,1.0,1.0,-1,-1.0
2026_04_DEN_SF,00-0034348,Courtland Sutton,DEN,SF,receptions,fanduel,3.5,3.0408165182037434,3.4897475935723126,Under,-152,0.63,0.5634700665188469,0.04447368421052633,false,0.0,0.0,4.0,1.0,1.0,1,0.6578947368421053
2026_04_DEN_SF,00-0034348,Courtland Sutton,DEN,SF,rec_yds,betonlineag,38.5,41.33201389422847,41.15147197760761,Over,-116,0.5175,0.5051597457277305,-0.036379310344827664,false,0.0,0.0,4.0,1.0,4.0,-1,-1.0
2026_04_DEN_SF,00-0034348,Courtland Sutton,DEN,SF,rec_yds,betonlineag,38.5,41.33201389422847,41.15147197760761,Under,-111,0.48250000000000004,0.4948402542722695,-0.08281531531531522,false,0.0,0.0,4.0,1.0,4.0,1,0.9009009009009009
2026_04_DEN_SF,00-0034348,Courtland Sutton,DEN,SF,receptions,betonlineag,3.5,3.0408165182037434,3.4897475935723126,Over,113,0.37,0.4409848065558551,-0.21190000000000003,false,0.0,0.0,4.0,1.0,1.0,-1,-1.0
2026_04_DEN_SF,00-0034348,Courtland Sutton,DEN,SF,receptions,betonlineag,3.5,3.0408165182037434,3.4897475935723126,Under,-147,0.63,0.559015193444145,0.05857142857142855,false,0.0,0.0,4.0,1.0,1.0,1,0.6802721088435374
2026_04_DEN_SF,00-0034348,Courtland Sutton,DEN,SF,rec_yds,betrivers,38.5,41.33201389422847,41.15147197760761,Over,-117,0.5175,0.5030135004821601,-0.040192307692307805,false,0.0,0.0,4.0,1.0,4.0,-1,-1.0
2026_04_DEN_SF,00-0034348,Courtland Sutton,DEN,SF,rec_yds,betrivers,38.5,41.33201389422847,41.15147197760761,Under,-114,0.48250000000000004,0.4969864995178399,-0.0942543859649122,false,0.0,0.0,4.0,1.0,4.0,1,0.8771929824561403
2026_04_DEN_SF,00-0034348,Courtland Sutton,DEN,SF,receptions,betrivers,3.5,3.0408165182037434,3.4897475935723126,Over,112,0.37,,-0.21559999999999996,false,0.0,0.0,4.0,1.0,1.0,-1,-1.0
2026_04_DEN_SF,00-0034348,Courtland Sutton,DEN,SF,rec_yds,bovada,39.5,41.33201389422847,41.15147197760761,Over,-115,0.5,0.5,-0.06521739130434784,false,0.0,0.0,4.0,1.0,4.0,-1,-1.0
2026_04_DEN_SF,00-0034348,Courtland Sutton,DEN,SF,rec_yds,bovada,39.5,41.33201389422847,41.15147197760761,Under,-115,0.5,0.5,-0.06521739130434784,false,0.0,0.0,4.0,1.0,4.0,1,0.8695652173913043
2026_04_DEN_SF,00-0034348,Courtland Sutton,DEN,SF,receptions,bovada,3.5,3.0408165182037434,3.4897475935723126,Over,115,0.37,0.43668122270742354,-0.20450000000000002,false,0.0,0.0,4.0,1.0,1.0,-1,-1.0
2026_04_DEN_SF,00-0034348,Courtland Sutton,DEN,SF,receptions,bovada,3.5,3.0408165182037434,3.4897475935723126,Under,-150,0.63,0.5633187772925765,0.04999999999999999,false,0.0,0.0,4.0,1.0,1.0,1,0.6666666666666666
2026_04_GB_TB,00-0036919,Kenny Gainwell,TB,GB,rec_yds,draftkings,9.5,16.83671445378809,24.373955483076553,Over,-113,0.6225,0.5021058838394474,0.17338495575221247,true,0.0,0.0,0.0,0.0,0.0,-1,-1.0
2026_04_GB_TB,00-0036919,Kenny Gainwell,TB,GB,rec_yds,draftkings,9.5,16.83671445378809,24.373955483076553,Under,-111,0.37749999999999995,0.49789411616055257,-0.28240990990991,true,0.0,0.0,0.0,0.0,0.0,1,0.9009009009009009
2026_04_GB_TB,00-0036919,Kenny Gainwell,TB,GB,receptions,draftkings,1.5,2.5971999901981935,3.6346994804731385,Over,-172,0.68,0.596726366979006,0.07534883720930241,true,0.0,0.0,0.0,0.0,0.0,-1,-1.0
2026_04_GB_TB,00-0036919,Kenny Gainwell,TB,GB,receptions,draftkings,1.5,2.5971999901981935,3.6346994804731385,Under,134,0.31999999999999995,0.40327363302099395,-0.2512000000000001,true,0.0,0.0,0.0,0.0,0.0,1,1.34
2026_04_GB_TB,00-0036919,Kenny Gainwell,TB,GB,rec_yds,fanduel,8.5,16.83671445378809,24.373955483076553,Over,-113,0.65,0.5,0.22522123893805313,true,0.0,0.0,0.0,0.0,0.0,-1,-1.0
2026_04_GB_TB,00-0036919,Kenny Gainwell,TB,GB,rec_yds,fanduel,8.5,16.83671445378809,24.373955483076553,Under,-113,0.35,0.5,-0.34026548672566376,true,0.0,0.0,0.0,0.0,0.0,1,0.8849557522123894
2026_04_GB_TB,00-0036919,Kenny Gainwell,TB,GB,receptions,fanduel,2.5,2.5971999901981935,3.6346994804731385,Over,144,0.5025,0.3831317764804003,0.22609999999999986,true,0.0,0.0,0.0,0.0,0.0,-1,-1.0
2026_04_GB_TB,00-0036919,Kenny Gainwell,TB,GB,receptions,fanduel,2.5,2.5971999901981935,3.6346994804731385,Under,-194,0.49750000000000005,0.6168682235195997,-0.2460567010309278,true,0.0,0.0,0.0,0.0,0.0,1,0.5154639175257731
2026_04_GB_TB,00-0036919,Kenny Gainwell,TB,GB,rec_yds,betonlineag,10.5,16.83671445378809,24.373955483076553,Over,-111,0.5925,0.4948402542722694,0.1262837837837838,true,0.0,0.0,0.0,0.0,0.0,-1,-1.0
2026_04_GB_TB,00-0036919,Kenny Gainwell,TB,GB,rec_yds,betonlineag,10.5,16.83671445378809,24.373955483076553,Under,-116,0.4075,0.5051597457277306,-0.24120689655172423,true,0.0,0.0,0.0,0.0,0.0,1,0.8620689655172413
2026_04_GB_TB,00-0036919,Kenny Gainwell,TB,GB,receptions,betonlineag,1.5,2.5971999901981935,3.6346994804731385,Over,-175,0.68,0.599271402550091,0.06857142857142862,true,0.0,0.0,0.0,0.0,0.0,-1,-1.0
2026_04_GB_TB,00-0036919,Kenny Gainwell,TB,GB,receptions,betonlineag,1.5,2.5971999901981935,3.6346994804731385,Under,135,0.31999999999999995,0.40072859744990896,-0.2480000000000001,true,0.0,0.0,0.0,0.0,0.0,1,1.35
2026_04_GB_TB,00-0036919,Kenny Gainwell,TB,GB,rec_yds,betrivers,8.5,16.83671445378809,24.373955483076553,Over,-115,0.65,0.5,0.2152173913043478,true,0.0,0.0,0.0,0.0,0.0,-1,-1.0
2026_04_GB_TB,00-0036919,Kenny Gainwell,TB,GB,rec_yds,betrivers,8.5,16.83671445378809,24.373955483076553,Under,-115,0.35,0.5,-0.34565217391304354,true,0.0,0.0,0.0,0.0,0.0,1,0.8695652173913043
2026_04_GB_TB,00-0036919,Kenny Gainwell,TB,GB,receptions,betrivers,2.5,2.5971999901981935,3.6346994804731385,Over,138,0.5025,,0.19594999999999985,true,0.0,0.0,0.0,0.0,0.0,-1,-1.0
2026_04_GB_TB,00-0036919,Kenny Gainwell,TB,GB,rec_yds,bovada,9.5,16.83671445378809,24.373955483076553,Over,-115,0.6225,0.5,0.163804347826087,true,0.0,0.0,0.0,0.0,0.0,-1,-1.0
2026_04_GB_TB,00-0036919,Kenny Gainwell,TB,GB,rec_yds,bovada,9.5,16.83671445378809,24.373955483076553,Under,-115,0.37749999999999995,0.5,-0.2942391304347827,true,0.0,0.0,0.0,0.0,0.0,1,0.8695652173913043
2026_04_GB_TB,00-0036919,Kenny Gainwell,TB,GB,receptions,bovada,1.5,2.5971999901981935,3.6346994804731385,Over,-170,0.68,0.5915279878971256,0.08000000000000007,true,0.0,0.0,0.0,0.0,0.0,-1,-1.0
2026_04_GB_TB,00-0036919,Kenny Gainwell,TB,GB,receptions,bovada,1.5,2.5971999901981935,3.6346994804731385,Under,130,0.31999999999999995,0.4084720121028744,-0.2640000000000001,true,0.0,0.0,0.0,0.0,0.0,1,1.3
2026_04_GB_TB,00-0036919,Kenny Gainwell,TB,GB,rec_yds,betmgm,10.5,16.83671445378809,24.373955483076553,Over,-115,0.5925,0.5,0.10771739130434788,true,0.0,0.0,0.0,0.0,0.0,-1,-1.0
2026_04_GB_TB,00-0036919,Kenny Gainwell,TB,GB,rec_yds,betmgm,10.5,16.83671445378809,24.373955483076553,Under,-115,0.4075,0.5,-0.23815217391304355,true,0.0,0.0,0.0,0.0,0.0,1,0.8695652173913043
2026_04_GB_TB,00-0036919,Kenny Gainwell,TB,GB,receptions,betmgm,1.5,2.5971999901981935,3.6346994804731385,Over,-175,0.68,0.5940959409594095,0.06857142857142862,true,0.0,0.0,0.0,0.0,0.0,-1,-1.0
2026_04_GB_TB,00-0036919,Kenny Gainwell,TB,GB,receptions,betmgm,1.5,2.5971999901981935,3.6346994804731385,Under,130,0.31999999999999995,0.40590405904059046,-0.2640000000000001,true,0.0,0.0,0.0,0.0,0.0,1,1.3
2026_04_DET_CAR,00-0039065,Sam LaPorta,DET,CAR,rec_yds,draftkings,47.5,43.511457549367705,52.41124484993481,Over,-114,0.45,0.5042122999157539,-0.15526315789473688,false,0.0,0.0,84.0,8.0,84.0,1,0.8771929824561403
2026_04_DET_CAR,00-0039065,Sam LaPorta,DET,CAR,rec_yds,draftkings,47.5,43.511457549367705,52.41124484993481,Under,-110,0.55,0.4957877000842461,0.050000000000000044,false,0.0,0.0,84.0,8.0,84.0,-1,-1.0
2026_04_DET_CAR,00-0039065,Sam LaPorta,DET,CAR,receptions,draftkings,4.5,3.9433605174224935,4.617782987012845,Over,123,0.4225,0.4233170265684967,-0.057825000000000015,false,0.0,0.0,84.0,8.0,8.0,1,1.23
2026_04_DET_CAR,00-0039065,Sam LaPorta,DET,CAR,receptions,draftkings,4.5,3.9433605174224935,4.617782987012845,Under,-157,0.5775,0.5766829734315033,-0.054665605095541414,false,0.0,0.0,84.0,8.0,8.0,-1,-1.0
2026_04_DET_CAR,00-0039065,Sam LaPorta,DET,CAR,rec_yds,fanduel,47.5,43.511457549367705,52.41124484993481,Over,-113,0.45,0.5,-0.15176991150442481,false,0.0,0.0,84.0,8.0,84.0,1,0.8849557522123894
2026_04_DET_CAR,00-0039065,Sam LaPorta,DET,CAR,rec_yds,fanduel,47.5,43.511457549367705,52.41124484993481,Under,-113,0.55,0.5,0.036725663716814294,false,0.0,0.0,84.0,8.0,84.0,-1,-1.0
2026_04_DET_CAR,00-0039065,Sam LaPorta,DET,CAR,receptions,fanduel,4.5,3.9433605174224935,4.617782987012845,Over,106,0.4225,0.45420136260408783,-0.12965,false,0.0,0.0,84.0,8.0,8.0,1,1.06
2026_04_DET_CAR,00-0039065,Sam LaPorta,DET,CAR,receptions,fanduel,4.5,3.9433605174224935,4.617782987012845,Under,-140,0.5775,0.5457986373959122,-0.009999999999999953,false,0.0,0.0,84.0,8.0,8.0,-1,-1.0
2026_04_DET_CAR,00-0039065,Sam LaPorta,DET,CAR,rec_yds,betonlineag,47.5,43.511457549367705,52.41124484993481,Over,-116,0.45,0.5051597457277305,-0.16206896551724143,false,0.0,0.0,84.0,8.0,84.0,1,0.8620689655172413
2026_04_DET_CAR,00-0039065,Sam LaPorta,DET,CAR,rec_yds,betonlineag,47.5,43.511457549367705,52.41124484993481,Under,-111,0.55,0.4948402542722695,0.045495495495495586,false,0.0,0.0,84.0,8.0,84.0,-1,-1.0
2026_04_DET_CAR,00-0039065,Sam LaPorta,DET,CAR,receptions,betonlineag,4.5,3.9433605174224935,4.617782987012845,Over,110,0.4225,0.4472667034787409,-0.11275000000000002,false,0.0,0.0,84.0,8.0,8.0,1,1.1
2026_04_DET_CAR,00-0039065,Sam LaPorta,DET,CAR,receptions,betonlineag,4.5,3.9433605174224935,4.617782987012845,Under,-143,0.5775,0.552733296521259,-0.018653846153846132,false,0.0,0.0,84.0,8.0,8.0,-1,-1.0
2026_04_DET_CAR,00-0039065,Sam LaPorta,DET,CAR,rec_yds,betrivers,49.5,43.511457549367705,52.41124484993481,Over,-118,0.43,0.5050233081498151,-0.20559322033898314,false,0.0,0.0,84.0,8.0,84.0,1,0.847457627118644
2026_04_DET_CAR,00-0039065,Sam LaPorta,DET,CAR,rec_yds,betrivers,49.5,43.511457549367705,52.41124484993481,Under,-113,0.5700000000000001,0.4949766918501849,0.07442477876106213,false,0.0,0.0,84.0,8.0,84.0,-1,-1.0
2026_04_DET_CAR,00-0039065,Sam LaPorta,DET,CAR,receptions,betrivers,4.5,3.9433605174224935,4.617782987012845,Over,-106,0.4225,,-0.17891509433962266,false,0.0,0.0,84.0,8.0,8.0,1,0.9433962264150944
2026_04_DET_CAR,00-0039065,Sam LaPorta,DET,CAR,rec_yds,bovada,47.5,43.511457549367705,52.41124484993481,Over,-115,0.45,0.5,-0.15869565217391307,false,0.0,0.0,84.0,8.0,84.0,1,0.8695652173913043
2026_04_DET_CAR,00-0039065,Sam LaPorta,DET,CAR,rec_yds,bovada,47.5,43.511457549367705,52.41124484993481,Under,-115,0.55,0.5,0.02826086956521745,false,0.0,0.0,84.0,8.0,84.0,-1,-1.0
2026_04_DET_CAR,00-0039065,Sam LaPorta,DET,CAR,receptions,bovada,4.5,3.9433605174224935,4.617782987012845,Over,120,0.4225,0.4248366013071895,-0.07050000000000001,false,0.0,0.0,84.0,8.0,8.0,1,1.2
2026_04_DET_CAR,00-0039065,Sam LaPorta,DET,CAR,receptions,bovada,4.5,3.9433605174224935,4.617782987012845,Under,-160,0.5775,0.5751633986928105,-0.061562499999999964,false,0.0,0.0,84.0,8.0,8.0,-1,-1.0
2026_04_DET_CAR,00-0039065,Sam LaPorta,DET,CAR,rec_yds,betmgm,43.5,43.511457549367705,52.41124484993481,Over,-115,0.505,0.5,-0.05586956521739128,false,0.0,0.0,84.0,8.0,84.0,1,0.8695652173913043
2026_04_DET_CAR,00-0039065,Sam LaPorta,DET,CAR,rec_yds,betmgm,43.5,43.511457549367705,52.41124484993481,Under,-115,0.495,0.5,-0.0745652173913044,false,0.0,0.0,84.0,8.0,84.0,-1,-1.0
2026_04_DET_CAR,00-0039065,Sam LaPorta,DET,CAR,receptions,betmgm,4.5,3.9433605174224935,4.617782987012845,Over,105,0.4225,0.4554079696394688,-0.13387500000000002,false,0.0,0.0,84.0,8.0,8.0,1,1.05
2026_04_DET_CAR,00-0039065,Sam LaPorta,DET,CAR,receptions,betmgm,4.5,3.9433605174224935,4.617782987012845,Under,-140,0.5775,0.5445920303605312,-0.009999999999999953,false,0.0,0.0,84.0,8.0,8.0,-1,-1.0
2026_04_KC_LV,00-0030506,Travis Kelce,KC,LV,rec_yds,draftkings,49.5,45.74981910506135,54.736154344250146,Over,-110,0.4875,0.495787700084246,-0.06931818181818178,false,0.0,0.0,15.0,2.0,15.0,-1,-1.0
2026_04_KC_LV,00-0030506,Travis Kelce,KC,LV,rec_yds,draftkings,49.5,45.74981910506135,54.736154344250146,Under,-114,0.5125,0.504212299915754,-0.03793859649122816,false,0.0,0.0,15.0,2.0,15.0,1,0.8771929824561403
2026_04_KC_LV,00-0030506,Travis Kelce,KC,LV,receptions,draftkings,4.5,3.8001858666411024,4.357890154162346,Over,105,0.3775,0.45999606840967167,-0.22612500000000002,false,0.0,0.0,15.0,2.0,2.0,-1,-1.0
2026_04_KC_LV,00-0030506,Travis Kelce,KC,LV,receptions,draftkings,4.5,3.8001858666411024,4.357890154162346,Under,-134,0.6225,0.5400039315903283,0.0870522388059703,false,0.0,0.0,15.0,2.0,2.0,1,0.746268656716418
2026_04_KC_LV,00-0030506,Travis Kelce,KC,LV,rec_yds,fanduel,47.5,45.74981910506135,54.736154344250146,Over,-113,0.5025,0.5,-0.05280973451327442,false,0.0,0.0,15.0,2.0,15.0,-1,-1.0
2026_04_KC_LV,00-0030506,Travis Kelce,KC,LV,rec_yds,fanduel,47.5,45.74981910506135,54.736154344250146,Under,-113,0.49750000000000005,0.5,-0.062234513274336156,false,0.0,0.0,15.0,2.0,15.0,1,0.8849557522123894
2026_04_KC_LV,00-0030506,Travis Kelce,KC,LV,receptions,fanduel,4.5,3.8001858666411024,4.357890154162346,Over,106,0.3775,0.45420136260408783,-0.22235000000000005,false,0.0,0.0,15.0,2.0,2.0,-1,-1.0
2026_04_KC_LV,00-0030506,Travis Kelce,KC,LV,receptions,fanduel,4.5,3.8001858666411024,4.357890154162346,Under,-140,0.6225,0.5457986373959122,0.06714285714285723,false,0.0,0.0,15.0,2.0,2.0,1,0.7142857142857143
2026_04_KC_LV,00-0030506,Travis Kelce,KC,LV,rec_yds,betonlineag,47.5,45.74981910506135,54.736154344250146,Over,-122,0.5025,0.516439256945586,-0.08561475409836072,false,0.0,0.0,15.0,2.0,15.0,-1,-1.0
2026_04_KC_LV,00-0030506,Travis Kelce,KC,LV,rec_yds,betonlineag,47.5,45.74981910506135,54.736154344250146,Under,-106,0.49750000000000005,0.483560743054414,-0.03316037735849048,false,0.0,0.0,15.0,2.0,15.0,1,0.9433962264150944
2026_04_KC_LV,00-0030506,Travis Kelce,KC,LV,receptions,betonlineag,4.5,3.8001858666411024,4.357890154162346,Over,104,0.3775,0.46042319749216293,-0.22990000000000005,false,0.0,0.0,15.0,2.0,2.0,-1,-1.0
2026_04_KC_LV,00-0030506,Travis Kelce,KC,LV,receptions,betonlineag,4.5,3.8001858666411024,4.357890154162346,Under,-135,0.6225,0.5395768025078371,0.08361111111111119,false,0.0,0.0,15.0,2.0,2.0,1,0.7407407407407407
2026_04_KC_LV,00-0030506,Travis Kelce,KC,LV,rec_yds,betrivers,46.5,45.74981910506135,54.736154344250146,Over,-115,0.505,0.5,-0.05586956521739128,false,0.0,0.0,15.0,2.0,15.0,-1,-1.0
2026_04_KC_LV,00-0030506,Travis Kelce,KC,LV,rec_yds,betrivers,46.5,45.74981910506135,54.736154344250146,Under,-115,0.495,0.5,-0.0745652173913044,false,0.0,0.0,15.0,2.0,15.0,1,0.8695652173913043
2026_04_KC_LV,00-0030506,Travis Kelce,KC,LV,receptions,betrivers,4.5,3.8001858666411024,4.357890154162346,Over,106,0.3775,,-0.22235000000000005,false,0.0,0.0,15.0,2.0,2.0,-1,-1.0
2026_04_KC_LV,00-0030506,Travis Kelce,KC,LV,rec_yds,betmgm,46.5,45.74981910506135,54.736154344250146,Over,-115,0.505,0.5,-0.05586956521739128,false,0.0,0.0,15.0,2.0,15.0,-1,-1.0
2026_04_KC_LV,00-0030506,Travis Kelce,KC,LV,rec_yds,betmgm,46.5,45.74981910506135,54.736154344250146,Under,-115,0.495,0.5,-0.0745652173913044,false,0.0,0.0,15.0,2.0,15.0,1,0.8695652173913043
2026_04_KC_LV,00-0030506,Travis Kelce,KC,LV,receptions,betmgm,4.5,3.8001858666411024,4.357890154162346,Over,105,0.3775,0.4554079696394688,-0.22612500000000002,false,0.0,0.0,15.0,2.0,2.0,-1,-1.0
2026_04_KC_LV,00-0030506,Travis Kelce,KC,LV,receptions,betmgm,4.5,3.8001858666411024,4.357890154162346,Under,-140,0.6225,0.5445920303605312,0.06714285714285723,false,0.0,0.0,15.0,2.0,2.0,1,0.7142857142857143
2026_04_KC_LV,00-0030506,Travis Kelce,KC,LV,rec_yds,bovada,49.5,45.74981910506135,54.736154344250146,Over,-115,0.4875,0.5,-0.08858695652173909,false,0.0,0.0,15.0,2.0,15.0,-1,-1.0
2026_04_KC_LV,00-0030506,Travis Kelce,KC,LV,rec_yds,bovada,49.5,45.74981910506135,54.736154344250146,Under,-115,0.5125,0.5,-0.04184782608695664,false,0.0,0.0,15.0,2.0,15.0,1,0.8695652173913043
2026_04_KC_LV,00-0030506,Travis Kelce,KC,LV,receptions,bovada,4.5,3.8001858666411024,4.357890154162346,Over,105,0.3775,0.45920859794821695,-0.22612500000000002,false,0.0,0.0,15.0,2.0,2.0,-1,-1.0
2026_04_KC_LV,00-0030506,Travis Kelce,KC,LV,receptions,bovada,4.5,3.8001858666411024,4.357890154162346,Under,-135,0.6225,0.540791402051783,0.08361111111111119,false,0.0,0.0,15.0,2.0,2.0,1,0.7407407407407407
2026_04_LAC_SEA,00-0033908,Cooper Kupp,SEA,LAC,rec_yds,draftkings,24.5,32.63195323268835,38.23835144361881,Over,-111,0.625,0.4978941161605526,0.18806306306306309,true,0.0,0.0,13.0,1.0,13.0,-1,-1.0
2026_04_LAC_SEA,00-0033908,Cooper Kupp,SEA,LAC,rec_yds,draftkings,24.5,32.63195323268835,38.23835144361881,Under,-113,0.375,0.5021058838394474,-0.29314159292035397,true,0.0,0.0,13.0,1.0,13.0,1,0.8849557522123894
2026_04_LAC_SEA,00-0033908,Cooper Kupp,SEA,LAC,receptions,draftkings,2.5,3.0081804186002143,3.2921260691622507,Over,103,0.6075,0.46403712296983757,0.23322500000000013,true,0.0,0.0,13.0,1.0,1.0,-1,-1.0
2026_04_LAC_SEA,00-0033908,Cooper Kupp,SEA,LAC,receptions,draftkings,2.5,3.0081804186002143,3.2921260691622507,Under,-132,0.39249999999999996,0.5359628770301624,-0.31015151515151523,true,0.0,0.0,13.0,1.0,1.0,1,0.7575757575757576
2026_04_LAC_SEA,00-0033908,Cooper Kupp,SEA,LAC,rec_yds,fanduel,21.5,32.63195323268835,38.23835144361881,Over,-113,0.66,0.5,0.24407079646017704,true,0.0,0.0,13.0,1.0,13.0,-1,-1.0
2026_04_LAC_SEA,00-0033908,Cooper Kupp,SEA,LAC,rec_yds,fanduel,21.5,32.63195323268835,38.23835144361881,Under,-113,0.33999999999999997,0.5,-0.3591150442477877,true,0.0,0.0,13.0,1.0,13.0,1,0.8849557522123894
2026_04_LAC_SEA,00-0033908,Cooper Kupp,SEA,LAC,receptions,fanduel,2.5,3.0081804186002143,3.2921260691622507,Over,118,0.6075,0.42825841577584495,0.32435,true,0.0,0.0,13.0,1.0,1.0,-1,-1.0
2026_04_LAC_SEA,00-0033908,Cooper Kupp,SEA,LAC,receptions,fanduel,2.5,3.0081804186002143,3.2921260691622507,Under,-158,0.39249999999999996,0.5717415842241551,-0.3590822784810127,true,0.0,0.0,13.0,1.0,1.0,1,0.6329113924050633
2026_04_LAC_SEA,00-0033908,Cooper Kupp,SEA,LAC,rec_yds,betonlineag,21.5,32.63195323268835,38.23835144361881,Over,-116,0.66,0.5051597457277305,0.22896551724137937,true,0.0,0.0,13.0,1.0,13.0,-1,-1.0
2026_04_LAC_SEA,00-0033908,Cooper Kupp,SEA,LAC,rec_yds,betonlineag,21.5,32.63195323268835,38.23835144361881,Under,-111,0.33999999999999997,0.4948402542722695,-0.35369369369369374,true,0.0,0.0,13.0,1.0,13.0,1,0.9009009009009009
2026_04_LAC_SEA,00-0033908,Cooper Kupp,SEA,LAC,receptions,betonlineag,2.5,3.0081804186002143,3.2921260691622507,Over,117,0.6075,0.43310875842155927,0.3182750000000001,true,0.0,0.0,13.0,1.0,1.0,-1,-1.0
2026_04_LAC_SEA,00-0033908,Cooper Kupp,SEA,LAC,receptions,betonlineag,2.5,3.0081804186002143,3.2921260691622507,Under,-152,0.39249999999999996,0.5668912415784407,-0.3492763157894737,true,0.0,0.0,13.0,1.0,1.0,1,0.6578947368421053
2026_04_LAC_SEA,00-0033908,Cooper Kupp,SEA,LAC,rec_yds,betrivers,22.5,32.63195323268835,38.23835144361881,Over,-117,0.65,0.5030135004821601,0.2055555555555556,true,0.0,0.0,13.0,1.0,13.0,-1,-1.0
2026_04_LAC_SEA,00-0033908,Cooper Kupp,SEA,LAC,rec_yds,betrivers,22.5,32.63195323268835,38.23835144361881,Under,-114,0.35,0.4969864995178399,-0.34298245614035094,true,0.0,0.0,13.0,1.0,13.0,1,0.8771929824561403
2026_04_LAC_SEA,00-0033908,Cooper Kupp,SEA,LAC,receptions,betrivers,2.5,3.0081804186002143,3.2921260691622507,Over,120,0.6075,,0.3365,true,0.0,0.0,13.0,1.0,1.0,-1,-1.0
2026_04_LAC_SEA,00-0033908,Cooper Kupp,SEA,LAC,rec_yds,betmgm,23.5,32.63195323268835,38.23835144361881,Over,-115,0.6425,0.5,0.201195652173913,true,0.0,0.0,13.0,1.0,13.0,-1,-1.0
2026_04_LAC_SEA,00-0033908,Cooper Kupp,SEA,LAC,rec_yds,betmgm,23.5,32.63195323268835,38.23835144361881,Under,-115,0.35750000000000004,0.5,-0.3316304347826086,true,0.0,0.0,13.0,1.0,13.0,1,0.8695652173913043
2026_04_LAC_SEA,00-0033908,Cooper Kupp,SEA,LAC,receptions,betmgm,2.5,3.0081804186002143,3.2921260691622507,Over,120,0.6075,0.4248366013071895,0.3365,true,0.0,0.0,13.0,1.0,1.0,-1,-1.0
2026_04_LAC_SEA,00-0033908,Cooper Kupp,SEA,LAC,receptions,betmgm,2.5,3.0081804186002143,3.2921260691622507,Under,-160,0.39249999999999996,0.5751633986928105,-0.36218750000000005,true,0.0,0.0,13.0,1.0,1.0,1,0.625
2026_04_LAC_SEA,00-0033908,Cooper Kupp,SEA,LAC,rec_yds,bovada,24.5,32.63195323268835,38.23835144361881,Over,-115,0.625,0.5,0.1684782608695652,true,0.0,0.0,13.0,1.0,13.0,-1,-1.0
2026_04_LAC_SEA,00-0033908,Cooper Kupp,SEA,LAC,rec_yds,bovada,24.5,32.63195323268835,38.23835144361881,Under,-115,0.375,0.5,-0.29891304347826086,true,0.0,0.0,13.0,1.0,13.0,1,0.8695652173913043
2026_04_LAC_SEA,00-0033908,Cooper Kupp,SEA,LAC,receptions,bovada,2.5,3.0081804186002143,3.2921260691622507,Over,105,0.6075,0.45920859794821695,0.24537500000000012,true,0.0,0.0,13.0,1.0,1.0,-1,-1.0
2026_04_LAC_SEA,00-0033908,Cooper Kupp,SEA,LAC,receptions,bovada,2.5,3.0081804186002143,3.2921260691622507,Under,-135,0.39249999999999996,0.540791402051783,-0.31675925925925935,true,0.0,0.0,13.0,1.0,1.0,1,0.7407407407407407
2026_04_LAC_SEA,00-0039915,Ladd McConkey,LAC,SEA,rec_yds,draftkings,47.5,37.18204527622614,49.885322476877676,Over,-109,0.345,0.4936802190857383,-0.33848623853211013,false,0.0,0.0,0.0,0.0,0.0,-1,-1.0
2026_04_LAC_SEA,00-0039915,Ladd McConkey,LAC,SEA,rec_yds,draftkings,47.5,37.18204527622614,49.885322476877676,Under,-115,0.655,0.5063197809142617,0.22456521739130442,false,0.0,0.0,0.0,0.0,0.0,1,0.8695652173913043
2026_04_LAC_SEA,00-0039915,Ladd McConkey,LAC,SEA,receptions,draftkings,4.5,3.1956074308331552,3.592500847042615,Over,127,0.3,0.4154752689530971,-0.31899999999999995,false,0.0,0.0,0.0,0.0,0.0,-1,-1.0
2026_04_LAC_SEA,00-0039915,Ladd McConkey,LAC,SEA,receptions,draftkings,4.5,3.1956074308331552,3.592500847042615,Under,-163,0.7,0.5845247310469028,0.12944785276073612,false,0.0,0.0,0.0,0.0,0.0,1,0.6134969325153374
2026_04_LAC_SEA,00-0039915,Ladd McConkey,LAC,SEA,rec_yds,fanduel,47.5,37.18204527622614,49.885322476877676,Over,-113,0.345,0.5,-0.3496902654867257,false,0.0,0.0,0.0,0.0,0.0,-1,-1.0
2026_04_LAC_SEA,00-0039915,Ladd McConkey,LAC,SEA,rec_yds,fanduel,47.5,37.18204527622614,49.885322476877676,Under,-113,0.655,0.5,0.23464601769911508,false,0.0,0.0,0.0,0.0,0.0,1,0.8849557522123894
2026_04_LAC_SEA,00-0039915,Ladd McConkey,LAC,SEA,receptions,fanduel,3.5,3.1956074308331552,3.592500847042615,Over,-172,0.4275,0.5904601300891351,-0.32395348837209303,false,0.0,0.0,0.0,0.0,0.0,-1,-1.0
2026_04_LAC_SEA,00-0039915,Ladd McConkey,LAC,SEA,receptions,fanduel,3.5,3.1956074308331552,3.592500847042615,Under,128,0.5725,0.4095398699108649,0.3053,false,0.0,0.0,0.0,0.0,0.0,1,1.28
2026_04_LAC_SEA,00-0039915,Ladd McConkey,LAC,SEA,rec_yds,betonlineag,47.5,37.18204527622614,49.885322476877676,Over,-115,0.345,0.5030953363598846,-0.35500000000000004,false,0.0,0.0,0.0,0.0,0.0,-1,-1.0
2026_04_LAC_SEA,00-0039915,Ladd McConkey,LAC,SEA,rec_yds,betonlineag,47.5,37.18204527622614,49.885322476877676,Under,-112,0.655,0.49690466364011543,0.23982142857142863,false,0.0,0.0,0.0,0.0,0.0,1,0.8928571428571429
2026_04_LAC_SEA,00-0039915,Ladd McConkey,LAC,SEA,receptions,betonlineag,3.5,3.1956074308331552,3.592500847042615,Over,-159,0.4275,0.5767835550181378,-0.3036320754716981,false,0.0,0.0,0.0,0.0,0.0,-1,-1.0
2026_04_LAC_SEA,00-0039915,Ladd McConkey,LAC,SEA,receptions,betonlineag,3.5,3.1956074308331552,3.592500847042615,Under,122,0.5725,0.42321644498186217,0.27095,false,0.0,0.0,0.0,0.0,0.0,1,1.22
2026_04_LAC_SEA,00-0039915,Ladd McConkey,LAC,SEA,rec_yds,betrivers,46.5,37.18204527622614,49.885322476877676,Over,-117,0.3575,0.5030135004821601,-0.33694444444444455,false,0.0,0.0,0.0,0.0,0.0,-1,-1.0
2026_04_LAC_SEA,00-0039915,Ladd McConkey,LAC,SEA,rec_yds,betrivers,46.5,37.18204527622614,49.885322476877676,Under,-114,0.6425000000000001,0.4969864995178399,0.20609649122807028,false,0.0,0.0,0.0,0.0,0.0,1,0.8771929824561403
2026_04_LAC_SEA,00-0039915,Ladd McConkey,LAC,SEA,receptions,betrivers,3.5,3.1956074308331552,3.592500847042615,Over,-150,0.4275,,-0.28750000000000003,false,0.0,0.0,0.0,0.0,0.0,-1,-1.0
2026_04_LAC_SEA,00-0039915,Ladd McConkey,LAC,SEA,rec_yds,betmgm,45.5,37.18204527622614,49.885322476877676,Over,-115,0.3625,0.5,-0.3222826086956522,false,0.0,0.0,0.0,0.0,0.0,-1,-1.0
2026_04_LAC_SEA,00-0039915,Ladd McConkey,LAC,SEA,rec_yds,betmgm,45.5,37.18204527622614,49.885322476877676,Under,-115,0.6375,0.5,0.19184782608695639,false,0.0,0.0,0.0,0.0,0.0,1,0.8695652173913043
2026_04_LAC_SEA,00-0039915,Ladd McConkey,LAC,SEA,receptions,betmgm,3.5,3.1956074308331552,3.592500847042615,Over,-155,0.4275,0.5665108372290694,-0.2966935483870968,false,0.0,0.0,0.0,0.0,0.0,-1,-1.0
2026_04_LAC_SEA,00-0039915,Ladd McConkey,LAC,SEA,receptions,betmgm,3.5,3.1956074308331552,3.592500847042615,Under,115,0.5725,0.43348916277093064,0.23087499999999994,false,0.0,0.0,0.0,0.0,0.0,1,1.15
2026_04_LAC_SEA,00-0039915,Ladd McConkey,LAC,SEA,rec_yds,bovada,47.5,37.18204527622614,49.885322476877676,Over,-110,0.345,0.48987854251012153,-0.3413636363636364,false,0.0,0.0,0.0,0.0,0.0,-1,-1.0
2026_04_LAC_SEA,00-0039915,Ladd McConkey,LAC,SEA,rec_yds,bovada,47.5,37.18204527622614,49.885322476877676,Under,-120,0.655,0.5101214574898785,0.20083333333333342,false,0.0,0.0,0.0,0.0,0.0,1,0.8333333333333334
2026_04_LAC_SEA,00-0039915,Ladd McConkey,LAC,SEA,receptions,bovada,4.5,3.1956074308331552,3.592500847042615,Over,120,0.3,0.4248366013071895,-0.33999999999999997,false,0.0,0.0,0.0,0.0,0.0,-1,-1.0
2026_04_LAC_SEA,00-0039915,Ladd McConkey,LAC,SEA,receptions,bovada,4.5,3.1956074308331552,3.592500847042615,Under,-160,0.7,0.5751633986928105,0.13749999999999996,false,0.0,0.0,0.0,0.0,0.0,1,0.625
2026_04_ARI_NYG,00-0031503,Jameis Winston,NYG,ARI,pass_yds,draftkings,208.5,153.35369190287022,173.94237340210202,Over,-112,0.2525,0.5,-0.5220535714285715,false,250.0,0.0,0.0,0.0,250.0,1,0.8928571428571429
2026_04_ARI_NYG,00-0031503,Jameis Winston,NYG,ARI,pass_yds,draftkings,208.5,153.35369190287022,173.94237340210202,Under,-112,0.7475,0.5,0.41491071428571447,false,250.0,0.0,0.0,0.0,250.0,-1,-1.0
2026_04_ARI_NYG,00-0031503,Jameis Winston,NYG,ARI,pass_yds,fanduel,208.5,153.35369190287022,173.94237340210202,Over,-113,0.2525,0.5,-0.5240486725663718,false,250.0,0.0,0.0,0.0,250.0,1,0.8849557522123894
2026_04_ARI_NYG,00-0031503,Jameis Winston,NYG,ARI,pass_yds,fanduel,208.5,153.35369190287022,173.94237340210202,Under,-113,0.7475,0.5,0.4090044247787612,false,250.0,0.0,0.0,0.0,250.0,-1,-1.0
2026_04_ARI_NYG,00-0031503,Jameis Winston,NYG,ARI,pass_yds,betrivers,211.5,153.35369190287022,173.94237340210202,Over,-114,0.24,0.4969864995178399,-0.5494736842105263,false,250.0,0.0,0.0,0.0,250.0,1,0.8771929824561403
2026_04_ARI_NYG,00-0031503,Jameis Winston,NYG,ARI,pass_yds,betrivers,211.5,153.35369190287022,173.94237340210202,Under,-117,0.76,0.5030135004821601,0.4095726495726496,false,250.0,0.0,0.0,0.0,250.0,-1,-1.0
2026_04_ARI_NYG,00-0031503,Jameis Winston,NYG,ARI,pass_yds,betonlineag,210.5,153.35369190287022,173.94237340210202,Over,-114,0.2425,0.5,-0.544780701754386,false,250.0,0.0,0.0,0.0,250.0,1,0.8771929824561403
2026_04_ARI_NYG,00-0031503,Jameis Winston,NYG,ARI,pass_yds,betonlineag,210.5,153.35369190287022,173.94237340210202,Under,-114,0.7575000000000001,0.5,0.4219736842105264,false,250.0,0.0,0.0,0.0,250.0,-1,-1.0
2026_04_ARI_NYG,00-0031503,Jameis Winston,NYG,ARI,pass_yds,betmgm,207.5,153.35369190287022,173.94237340210202,Over,-115,0.2575,0.5,-0.518586956521739,false,250.0,0.0,0.0,0.0,250.0,1,0.8695652173913043
2026_04_ARI_NYG,00-0031503,Jameis Winston,NYG,ARI,pass_yds,betmgm,207.5,153.35369190287022,173.94237340210202,Under,-115,0.7424999999999999,0.5,0.38815217391304335,false,250.0,0.0,0.0,0.0,250.0,-1,-1.0
2026_04_ARI_NYG,00-0031503,Jameis Winston,NYG,ARI,pass_yds,bovada,208.5,153.35369190287022,173.94237340210202,Over,-115,0.2525,0.5,-0.5279347826086958,false,250.0,0.0,0.0,0.0,250.0,1,0.8695652173913043
2026_04_ARI_NYG,00-0031503,Jameis Winston,NYG,ARI,pass_yds,bovada,208.5,153.35369190287022,173.94237340210202,Under,-115,0.7475,0.5,0.3975000000000001,false,250.0,0.0,0.0,0.0,250.0,-1,-1.0
2026_04_DAL_HOU,00-0038618,Xavier Hutchinson,HOU,DAL,rec_yds,draftkings,28.5,32.402961177389784,34.94490471645812,Over,-109,0.5575,0.4936802190857383,0.06896788990825686,false,0.0,0.0,46.0,3.0,46.0,1,0.9174311926605505
2026_04_DAL_HOU,00-0038618,Xavier Hutchinson,HOU,DAL,rec_yds,draftkings,28.5,32.402961177389784,34.94490471645812,Under,-115,0.4425,0.5063197809142617,-0.17271739130434782,false,0.0,0.0,46.0,3.0,46.0,-1,-1.0
2026_04_DAL_HOU,00-0038618,Xavier Hutchinson,HOU,DAL,receptions,draftkings,2.5,2.768913001160305,2.665149229105672,Over,-127,0.4975,0.5268295703141123,-0.11076771653543299,false,0.0,0.0,46.0,3.0,3.0,1,0.7874015748031497
2026_04_DAL_HOU,00-0038618,Xavier Hutchinson,HOU,DAL,receptions,draftkings,2.5,2.768913001160305,2.665149229105672,Under,-101,0.5025,0.47317042968588774,0.000024752475247413752,false,0.0,0.0,46.0,3.0,3.0,-1,-1.0
2026_04_DAL_HOU,00-0038618,Xavier Hutchinson,HOU,DAL,rec_yds,fanduel,27.5,32.402961177389784,34.94490471645812,Over,-113,0.575,0.5,0.08384955752212386,false,0.0,0.0,46.0,3.0,46.0,1,0.8849557522123894
2026_04_DAL_HOU,00-0038618,Xavier Hutchinson,HOU,DAL,rec_yds,fanduel,27.5,32.402961177389784,34.94490471645812,Under,-113,0.42500000000000004,0.5,-0.19889380530973438,false,0.0,0.0,46.0,3.0,46.0,-1,-1.0
2026_04_DAL_HOU,00-0038618,Xavier Hutchinson,HOU,DAL,receptions,fanduel,2.5,2.768913001160305,2.665149229105672,Over,-130,0.4975,0.5281576830249397,-0.11980769230769223,false,0.0,0.0,46.0,3.0,3.0,1,0.7692307692307693
2026_04_DAL_HOU,00-0038618,Xavier Hutchinson,HOU,DAL,receptions,fanduel,2.5,2.768913001160305,2.665149229105672,Under,-102,0.5025,0.4718423169750603,-0.004852941176470726,false,0.0,0.0,46.0,3.0,3.0,-1,-1.0
2026_04_DAL_HOU,00-0038618,Xavier Hutchinson,HOU,DAL,rec_yds,betonlineag,28.5,32.402961177389784,34.94490471645812,Over,-114,0.5575,0.5,0.04653508771929821,false,0.0,0.0,46.0,3.0,46.0,1,0.8771929824561403
2026_04_DAL_HOU,00-0038618,Xavier Hutchinson,HOU,DAL,rec_yds,betonlineag,28.5,32.402961177389784,34.94490471645812,Under,-114,0.4425,0.5,-0.1693421052631579,false,0.0,0.0,46.0,3.0,46.0,-1,-1.0
2026_04_DAL_HOU,00-0038618,Xavier Hutchinson,HOU,DAL,receptions,betonlineag,2.5,2.768913001160305,2.665149229105672,Over,-120,0.4975,0.5123152709359606,-0.08791666666666659,false,0.0,0.0,46.0,3.0,3.0,1,0.8333333333333334
2026_04_DAL_HOU,00-0038618,Xavier Hutchinson,HOU,DAL,receptions,betonlineag,2.5,2.768913001160305,2.665149229105672,Under,-108,0.5025,0.48768472906403937,-0.03222222222222232,false,0.0,0.0,46.0,3.0,3.0,-1,-1.0
2026_04_DAL_HOU,00-0038618,Xavier Hutchinson,HOU,DAL,rec_yds,betrivers,27.5,32.402961177389784,34.94490471645812,Over,-114,0.575,0.4969864995178399,0.07938596491228056,false,0.0,0.0,46.0,3.0,46.0,1,0.8771929824561403
2026_04_DAL_HOU,00-0038618,Xavier Hutchinson,HOU,DAL,rec_yds,betrivers,27.5,32.402961177389784,34.94490471645812,Under,-117,0.42500000000000004,0.5030135004821601,-0.21175213675213667,false,0.0,0.0,46.0,3.0,46.0,-1,-1.0
2026_04_DAL_HOU,00-0038618,Xavier Hutchinson,HOU,DAL,receptions,betrivers,2.5,2.768913001160305,2.665149229105672,Over,-124,0.4975,,-0.10129032258064513,false,0.0,0.0,46.0,3.0,3.0,1,0.8064516129032258
2026_04_DAL_HOU,00-0038618,Xavier Hutchinson,HOU,DAL,rec_yds,betmgm,28.5,32.402961177389784,34.94490471645812,Over,-111,0.5575,0.49095295536791317,0.059752252252252225,false,0.0,0.0,46.0,3.0,46.0,1,0.9009009009009009
2026_04_DAL_HOU,00-0038618,Xavier Hutchinson,HOU,DAL,rec_yds,betmgm,28.5,32.402961177389784,34.94490471645812,Under,-120,0.4425,0.5090470446320868,-0.18874999999999997,false,0.0,0.0,46.0,3.0,46.0,-1,-1.0
2026_04_DAL_HOU,00-0038618,Xavier Hutchinson,HOU,DAL,receptions,betmgm,2.5,2.768913001160305,2.665149229105672,Over,-115,0.4975,0.5,-0.06989130434782603,false,0.0,0.0,46.0,3.0,3.0,1,0.8695652173913043
2026_04_DAL_HOU,00-0038618,Xavier Hutchinson,HOU,DAL,receptions,betmgm,2.5,2.768913001160305,2.665149229105672,Under,-115,0.5025,0.5,-0.0605434782608697,false,0.0,0.0,46.0,3.0,3.0,-1,-1.0
2026_04_DAL_HOU,00-0038618,Xavier Hutchinson,HOU,DAL,rec_yds,bovada,28.5,32.402961177389784,34.94490471645812,Over,-110,0.5575,0.48987854251012153,0.06431818181818183,false,0.0,0.0,46.0,3.0,46.0,1,0.9090909090909091
2026_04_DAL_HOU,00-0038618,Xavier Hutchinson,HOU,DAL,rec_yds,bovada,28.5,32.402961177389784,34.94490471645812,Under,-120,0.4425,0.5101214574898785,-0.18874999999999997,false,0.0,0.0,46.0,3.0,46.0,-1,-1.0
2026_04_DAL_HOU,00-0038618,Xavier Hutchinson,HOU,DAL,receptions,bovada,2.5,2.768913001160305,2.665149229105672,Over,-130,0.4975,0.5306122448979592,-0.11980769230769223,false,0.0,0.0,46.0,3.0,3.0,1,0.7692307692307693
2026_04_DAL_HOU,00-0038618,Xavier Hutchinson,HOU,DAL,receptions,bovada,2.5,2.768913001160305,2.665149229105672,Under,100,0.5025,0.4693877551020408,0.004999999999999893,false,0.0,0.0,46.0,3.0,3.0,-1,-1.0
2026_04_MIA_MIN,00-0039880,Malik Washington,MIA,MIN,rec_yds,draftkings,40.5,25.9581207527544,30.774758174867692,Over,-110,0.325,0.495787700084246,-0.3795454545454546,true,0.0,3.0,67.0,5.0,67.0,1,0.9090909090909091
2026_04_MIA_MIN,00-0039880,Malik Washington,MIA,MIN,rec_yds,draftkings,40.5,25.9581207527544,30.774758174867692,Under,-114,0.675,0.504212299915754,0.26710526315789473,true,0.0,3.0,67.0,5.0,67.0,-1,-1.0
2026_04_MIA_MIN,00-0039880,Malik Washington,MIA,MIN,receptions,draftkings,4.5,2.9331304149490536,3.0979191891539855,Over,100,0.1925,0.4710743801652893,-0.615,true,0.0,3.0,67.0,5.0,5.0,1,1.0
2026_04_MIA_MIN,00-0039880,Malik Washington,MIA,MIN,receptions,draftkings,4.5,2.9331304149490536,3.0979191891539855,Under,-128,0.8075,0.5289256198347108,0.438359375,true,0.0,3.0,67.0,5.0,5.0,-1,-1.0
2026_04_MIA_MIN,00-0039880,Malik Washington,MIA,MIN,rec_yds,fanduel,38.5,25.9581207527544,30.774758174867692,Over,-113,0.3475,0.5,-0.3449778761061948,true,0.0,3.0,67.0,5.0,67.0,1,0.8849557522123894
2026_04_MIA_MIN,00-0039880,Malik Washington,MIA,MIN,rec_yds,fanduel,38.5,25.9581207527544,30.774758174867692,Under,-113,0.6525000000000001,0.5,0.22993362831858422,true,0.0,3.0,67.0,5.0,67.0,-1,-1.0
2026_04_MIA_MIN,00-0039880,Malik Washington,MIA,MIN,receptions,fanduel,3.5,2.9331304149490536,3.0979191891539855,Over,-198,0.33,0.6204208488306924,-0.5033333333333332,true,0.0,3.0,67.0,5.0,5.0,1,0.5050505050505051
2026_04_MIA_MIN,00-0039880,Malik Washington,MIA,MIN,receptions,fanduel,3.5,2.9331304149490536,3.0979191891539855,Under,146,0.6699999999999999,0.3795791511693076,0.6481999999999998,true,0.0,3.0,67.0,5.0,5.0,-1,-1.0
2026_04_MIA_MIN,00-0039880,Malik Washington,MIA,MIN,rec_yds,betonlineag,38.5,25.9581207527544,30.774758174867692,Over,-115,0.3475,0.5030953363598846,-0.35032608695652184,true,0.0,3.0,67.0,5.0,67.0,1,0.8695652173913043
2026_04_MIA_MIN,00-0039880,Malik Washington,MIA,MIN,rec_yds,betonlineag,38.5,25.9581207527544,30.774758174867692,Under,-112,0.6525000000000001,0.49690466364011543,0.2350892857142859,true,0.0,3.0,67.0,5.0,67.0,-1,-1.0
2026_04_MIA_MIN,00-0039880,Malik Washington,MIA,MIN,receptions,betonlineag,4.5,2.9331304149490536,3.0979191891539855,Over,110,0.1925,0.4472667034787409,-0.59575,true,0.0,3.0,67.0,5.0,5.0,1,1.1
2026_04_MIA_MIN,00-0039880,Malik Washington,MIA,MIN,receptions,betonlineag,4.5,2.9331304149490536,3.0979191891539855,Under,-143,0.8075,0.552733296521259,0.3721853146853147,true,0.0,3.0,67.0,5.0,5.0,-1,-1.0
2026_04_MIA_MIN,00-0039880,Malik Washington,MIA,MIN,rec_yds,betrivers,40.5,25.9581207527544,30.774758174867692,Over,-114,0.325,0.4969864995178399,-0.38991228070175443,true,0.0,3.0,67.0,5.0,67.0,1,0.8771929824561403
2026_04_MIA_MIN,00-0039880,Malik Washington,MIA,MIN,rec_yds,betrivers,40.5,25.9581207527544,30.774758174867692,Under,-117,0.675,0.5030135004821601,0.251923076923077,true,0.0,3.0,67.0,5.0,67.0,-1,-1.0
2026_04_MIA_MIN,00-0039880,Malik Washington,MIA,MIN,receptions,betrivers,4.5,2.9331304149490536,3.0979191891539855,Over,123,0.1925,,-0.5707249999999999,true,0.0,3.0,67.0,5.0,5.0,1,1.23
2026_04_MIA_MIN,00-0039880,Malik Washington,MIA,MIN,rec_yds,betmgm,39.5,25.9581207527544,30.774758174867692,Over,-115,0.3325,0.5,-0.3783695652173913,true,0.0,3.0,67.0,5.0,67.0,1,0.8695652173913043
2026_04_MIA_MIN,00-0039880,Malik Washington,MIA,MIN,rec_yds,betmgm,39.5,25.9581207527544,30.774758174867692,Under,-115,0.6675,0.5,0.24793478260869561,true,0.0,3.0,67.0,5.0,67.0,-1,-1.0
2026_04_MIA_MIN,00-0039880,Malik Washington,MIA,MIN,receptions,betmgm,3.5,2.9331304149490536,3.0979191891539855,Over,-185,0.33,0.6040291767974991,-0.49162162162162154,true,0.0,3.0,67.0,5.0,5.0,1,0.5405405405405406
2026_04_MIA_MIN,00-0039880,Malik Washington,MIA,MIN,receptions,betmgm,3.5,2.9331304149490536,3.0979191891539855,Under,135,0.6699999999999999,0.3959708232025009,0.5744999999999999,true,0.0,3.0,67.0,5.0,5.0,-1,-1.0
2026_04_MIA_MIN,00-0039880,Malik Washington,MIA,MIN,rec_yds,bovada,40.5,25.9581207527544,30.774758174867692,Over,-115,0.325,0.5,-0.39239130434782615,true,0.0,3.0,67.0,5.0,67.0,1,0.8695652173913043
2026_04_MIA_MIN,00-0039880,Malik Washington,MIA,MIN,rec_yds,bovada,40.5,25.9581207527544,30.774758174867692,Under,-115,0.675,0.5,0.26195652173913053,true,0.0,3.0,67.0,5.0,67.0,-1,-1.0
2026_04_MIA_MIN,00-0039880,Malik Washington,MIA,MIN,receptions,bovada,4.5,2.9331304149490536,3.0979191891539855,Over,100,0.1925,0.4693877551020408,-0.615,true,0.0,3.0,67.0,5.0,5.0,1,1.0
2026_04_MIA_MIN,00-0039880,Malik Washington,MIA,MIN,receptions,bovada,4.5,2.9331304149490536,3.0979191891539855,Under,-130,0.8075,0.5306122448979592,0.42865384615384616,true,0.0,3.0,67.0,5.0,5.0,-1,-1.0
2026_04_ARI_NYG,00-0039847,Theo Johnson,NYG,ARI,rec_yds,draftkings,7.5,26.99150254374952,28.655282282229436,Over,-110,0.8175,0.495787700084246,0.5606818181818182,true,0.0,0.0,11.0,1.0,11.0,1,0.9090909090909091
2026_04_ARI_NYG,00-0039847,Theo Johnson,NYG,ARI,rec_yds,draftkings,7.5,26.99150254374952,28.655282282229436,Under,-114,0.1825,0.504212299915754,-0.6574122807017544,true,0.0,0.0,11.0,1.0,11.0,-1,-1.0
2026_04_ARI_NYG,00-0039847,Theo Johnson,NYG,ARI,receptions,draftkings,0.5,2.1015290386941072,2.1060563558601193,Over,-231,0.865,0.6598779259746399,0.23945887445887443,true,0.0,0.0,11.0,1.0,1.0,1,0.4329004329004329
2026_04_ARI_NYG,00-0039847,Theo Johnson,NYG,ARI,receptions,draftkings,0.5,2.1015290386941072,2.1060563558601193,Under,178,0.135,0.3401220740253601,-0.6247,true,0.0,0.0,11.0,1.0,1.0,-1,-1.0
2026_04_ARI_NYG,00-0039847,Theo Johnson,NYG,ARI,rec_yds,fanduel,8.5,26.99150254374952,28.655282282229436,Over,-113,0.8,0.5,0.5079646017699117,true,0.0,0.0,11.0,1.0,11.0,1,0.8849557522123894
2026_04_ARI_NYG,00-0039847,Theo Johnson,NYG,ARI,rec_yds,fanduel,8.5,26.99150254374952,28.655282282229436,Under,-113,0.19999999999999996,0.5,-0.6230088495575222,true,0.0,0.0,11.0,1.0,11.0,-1,-1.0
2026_04_ARI_NYG,00-0039847,Theo Johnson,NYG,ARI,receptions,fanduel,1.5,2.1015290386941072,2.1060563558601193,Over,182,0.645,0.33175355450236965,0.8189000000000002,true,0.0,0.0,11.0,1.0,1.0,-1,-1.0
2026_04_ARI_NYG,00-0039847,Theo Johnson,NYG,ARI,receptions,fanduel,1.5,2.1015290386941072,2.1060563558601193,Under,-250,0.355,0.6682464454976303,-0.503,true,0.0,0.0,11.0,1.0,1.0,1,0.4
2026_04_ARI_NYG,00-0039847,Theo Johnson,NYG,ARI,rec_yds,betonlineag,8.5,26.99150254374952,28.655282282229436,Over,-115,0.8,0.5030953363598846,0.4956521739130435,true,0.0,0.0,11.0,1.0,11.0,1,0.8695652173913043
2026_04_ARI_NYG,00-0039847,Theo Johnson,NYG,ARI,rec_yds,betonlineag,8.5,26.99150254374952,28.655282282229436,Under,-112,0.19999999999999996,0.49690466364011543,-0.6214285714285714,true,0.0,0.0,11.0,1.0,11.0,-1,-1.0
2026_04_ARI_NYG,00-0039847,Theo Johnson,NYG,ARI,receptions,betonlineag,1.5,2.1015290386941072,2.1060563558601193,Over,178,0.645,0.3381217238205755,0.7931000000000001,true,0.0,0.0,11.0,1.0,1.0,-1,-1.0
2026_04_ARI_NYG,00-0039847,Theo Johnson,NYG,ARI,receptions,betonlineag,1.5,2.1015290386941072,2.1060563558601193,Under,-238,0.355,0.6618782761794245,-0.4958403361344538,true,0.0,0.0,11.0,1.0,1.0,1,0.42016806722689076
2026_04_ARI_NYG,00-0039847,Theo Johnson,NYG,ARI,rec_yds,betmgm,8.5,26.99150254374952,28.655282282229436,Over,-115,0.8,0.5,0.4956521739130435,true,0.0,0.0,11.0,1.0,11.0,1,0.8695652173913043
2026_04_ARI_NYG,00-0039847,Theo Johnson,NYG,ARI,rec_yds,betmgm,8.5,26.99150254374952,28.655282282229436,Under,-115,0.19999999999999996,0.5,-0.6260869565217392,true,0.0,0.0,11.0,1.0,11.0,-1,-1.0
2026_04_ARI_NYG,00-0039847,Theo Johnson,NYG,ARI,receptions,betmgm,1.5,2.1015290386941072,2.1060563558601193,Over,165,0.645,0.35278154681139756,0.7092499999999999,true,0.0,0.0,11.0,1.0,1.0,-1,-1.0
2026_04_ARI_NYG,00-0039847,Theo Johnson,NYG,ARI,receptions,betmgm,1.5,2.1015290386941072,2.1060563558601193,Under,-225,0.355,0.6472184531886025,-0.4872222222222222,true,0.0,0.0,11.0,1.0,1.0,1,0.4444444444444444
2026_04_ARI_NYG,00-0039847,Theo Johnson,NYG,ARI,rec_yds,bovada,7.5,26.99150254374952,28.655282282229436,Over,-115,0.8175,0.5,0.5283695652173913,true,0.0,0.0,11.0,1.0,11.0,1,0.8695652173913043
2026_04_ARI_NYG,00-0039847,Theo Johnson,NYG,ARI,rec_yds,bovada,7.5,26.99150254374952,28.655282282229436,Under,-115,0.1825,0.5,-0.658804347826087,true,0.0,0.0,11.0,1.0,11.0,-1,-1.0
2026_04_ARI_NYG,00-0039847,Theo Johnson,NYG,ARI,receptions,bovada,0.5,2.1015290386941072,2.1060563558601193,Over,-240,0.865,0.66,0.22541666666666665,true,0.0,0.0,11.0,1.0,1.0,1,0.4166666666666667
2026_04_ARI_NYG,00-0039847,Theo Johnson,NYG,ARI,receptions,bovada,0.5,2.1015290386941072,2.1060563558601193,Under,175,0.135,0.33999999999999997,-0.6287499999999999,true,0.0,0.0,11.0,1.0,1.0,-1,-1.0
2026_04_GB_TB,00-0036919,Kenny Gainwell,TB,GB,rec_yds,draftkings,9.5,16.83671445378809,24.373955483076553,Over,-113,0.6225,0.5021058838394474,0.17338495575221247,true,0.0,5.0,22.0,2.0,22.0,1,0.8849557522123894
2026_04_GB_TB,00-0036919,Kenny Gainwell,TB,GB,rec_yds,draftkings,9.5,16.83671445378809,24.373955483076553,Under,-111,0.37749999999999995,0.49789411616055257,-0.28240990990991,true,0.0,5.0,22.0,2.0,22.0,-1,-1.0
2026_04_GB_TB,00-0036919,Kenny Gainwell,TB,GB,receptions,draftkings,1.5,2.5971999901981935,3.6346994804731385,Over,-172,0.68,0.596726366979006,0.07534883720930241,true,0.0,5.0,22.0,2.0,2.0,1,0.5813953488372093
2026_04_GB_TB,00-0036919,Kenny Gainwell,TB,GB,receptions,draftkings,1.5,2.5971999901981935,3.6346994804731385,Under,134,0.31999999999999995,0.40327363302099395,-0.2512000000000001,true,0.0,5.0,22.0,2.0,2.0,-1,-1.0
2026_04_GB_TB,00-0036919,Kenny Gainwell,TB,GB,rec_yds,fanduel,8.5,16.83671445378809,24.373955483076553,Over,-113,0.65,0.5,0.22522123893805313,true,0.0,5.0,22.0,2.0,22.0,1,0.8849557522123894
2026_04_GB_TB,00-0036919,Kenny Gainwell,TB,GB,rec_yds,fanduel,8.5,16.83671445378809,24.373955483076553,Under,-113,0.35,0.5,-0.34026548672566376,true,0.0,5.0,22.0,2.0,22.0,-1,-1.0
2026_04_GB_TB,00-0036919,Kenny Gainwell,TB,GB,receptions,fanduel,2.5,2.5971999901981935,3.6346994804731385,Over,144,0.5025,0.3831317764804003,0.22609999999999986,true,0.0,5.0,22.0,2.0,2.0,-1,-1.0
2026_04_GB_TB,00-0036919,Kenny Gainwell,TB,GB,receptions,fanduel,2.5,2.5971999901981935,3.6346994804731385,Under,-194,0.49750000000000005,0.6168682235195997,-0.2460567010309278,true,0.0,5.0,22.0,2.0,2.0,1,0.5154639175257731
2026_04_GB_TB,00-0036919,Kenny Gainwell,TB,GB,rec_yds,betonlineag,10.5,16.83671445378809,24.373955483076553,Over,-111,0.5925,0.4948402542722694,0.1262837837837838,true,0.0,5.0,22.0,2.0,22.0,1,0.9009009009009009
2026_04_GB_TB,00-0036919,Kenny Gainwell,TB,GB,rec_yds,betonlineag,10.5,16.83671445378809,24.373955483076553,Under,-116,0.4075,0.5051597457277306,-0.24120689655172423,true,0.0,5.0,22.0,2.0,22.0,-1,-1.0
2026_04_GB_TB,00-0036919,Kenny Gainwell,TB,GB,receptions,betonlineag,1.5,2.5971999901981935,3.6346994804731385,Over,-175,0.68,0.599271402550091,0.06857142857142862,true,0.0,5.0,22.0,2.0,2.0,1,0.5714285714285714
2026_04_GB_TB,00-0036919,Kenny Gainwell,TB,GB,receptions,betonlineag,1.5,2.5971999901981935,3.6346994804731385,Under,135,0.31999999999999995,0.40072859744990896,-0.2480000000000001,true,0.0,5.0,22.0,2.0,2.0,-1,-1.0
2026_04_GB_TB,00-0036919,Kenny Gainwell,TB,GB,rec_yds,betrivers,8.5,16.83671445378809,24.373955483076553,Over,-115,0.65,0.5,0.2152173913043478,true,0.0,5.0,22.0,2.0,22.0,1,0.8695652173913043
2026_04_GB_TB,00-0036919,Kenny Gainwell,TB,GB,rec_yds,betrivers,8.5,16.83671445378809,24.373955483076553,Under,-115,0.35,0.5,-0.34565217391304354,true,0.0,5.0,22.0,2.0,22.0,-1,-1.0
2026_04_GB_TB,00-0036919,Kenny Gainwell,TB,GB,receptions,betrivers,2.5,2.5971999901981935,3.6346994804731385,Over,138,0.5025,,0.19594999999999985,true,0.0,5.0,22.0,2.0,2.0,-1,-1.0
2026_04_GB_TB,00-0036919,Kenny Gainwell,TB,GB,rec_yds,bovada,9.5,16.83671445378809,24.373955483076553,Over,-115,0.6225,0.5,0.163804347826087,true,0.0,5.0,22.0,2.0,22.0,1,0.8695652173913043
2026_04_GB_TB,00-0036919,Kenny Gainwell,TB,GB,rec_yds,bovada,9.5,16.83671445378809,24.373955483076553,Under,-115,0.37749999999999995,0.5,-0.2942391304347827,true,0.0,5.0,22.0,2.0,22.0,-1,-1.0
2026_04_GB_TB,00-0036919,Kenny Gainwell,TB,GB,receptions,bovada,1.5,2.5971999901981935,3.6346994804731385,Over,-170,0.68,0.5915279878971256,0.08000000000000007,true,0.0,5.0,22.0,2.0,2.0,1,0.5882352941176471
2026_04_GB_TB,00-0036919,Kenny Gainwell,TB,GB,receptions,bovada,1.5,2.5971999901981935,3.6346994804731385,Under,130,0.31999999999999995,0.4084720121028744,-0.2640000000000001,true,0.0,5.0,22.0,2.0,2.0,-1,-1.0
2026_04_GB_TB,00-0036919,Kenny Gainwell,TB,GB,rec_yds,betmgm,10.5,16.83671445378809,24.373955483076553,Over,-115,0.5925,0.5,0.10771739130434788,true,0.0,5.0,22.0,2.0,22.0,1,0.8695652173913043
2026_04_GB_TB,00-0036919,Kenny Gainwell,TB,GB,rec_yds,betmgm,10.5,16.83671445378809,24.373955483076553,Under,-115,0.4075,0.5,-0.23815217391304355,true,0.0,5.0,22.0,2.0,22.0,-1,-1.0
2026_04_GB_TB,00-0036919,Kenny Gainwell,TB,GB,receptions,betmgm,1.5,2.5971999901981935,3.6346994804731385,Over,-175,0.68,0.5940959409594095,0.06857142857142862,true,0.0,5.0,22.0,2.0,2.0,1,0.5714285714285714
2026_04_GB_TB,00-0036919,Kenny Gainwell,TB,GB,receptions,betmgm,1.5,2.5971999901981935,3.6346994804731385,Under,130,0.31999999999999995,0.40590405904059046,-0.2640000000000001,true,0.0,5.0,22.0,2.0,2.0,-1,-1.0
2026_04_TEN_BAL,00-0040676,Cam Ward,TEN,BAL,pass_yds,draftkings,186.5,162.95838763118854,173.20626156692657,Over,-111,0.3875,0.4978941161605526,-0.2634009009009009,false,222.0,27.0,0.0,0.0,222.0,1,0.9009009009009009
2026_04_TEN_BAL,00-0040676,Cam Ward,TEN,BAL,pass_yds,draftkings,186.5,162.95838763118854,173.20626156692657,Under,-113,0.6125,0.5021058838394474,0.15453539823008866,false,222.0,27.0,0.0,0.0,222.0,-1,-1.0
2026_04_TEN_BAL,00-0040676,Cam Ward,TEN,BAL,pass_yds,fanduel,187.5,162.95838763118854,173.20626156692657,Over,-113,0.385,0.5,-0.27429203539823005,false,222.0,27.0,0.0,0.0,222.0,1,0.8849557522123894
2026_04_TEN_BAL,00-0040676,Cam Ward,TEN,BAL,pass_yds,fanduel,187.5,162.95838763118854,173.20626156692657,Under,-113,0.615,0.5,0.15924778761061953,false,222.0,27.0,0.0,0.0,222.0,-1,-1.0
2026_04_TEN_BAL,00-0040676,Cam Ward,TEN,BAL,pass_yds,betonlineag,187.5,162.95838763118854,173.20626156692657,Over,-115,0.385,0.5030953363598846,-0.2802173913043478,false,222.0,27.0,0.0,0.0,222.0,1,0.8695652173913043
2026_04_TEN_BAL,00-0040676,Cam Ward,TEN,BAL,pass_yds,betonlineag,187.5,162.95838763118854,173.20626156692657,Under,-112,0.615,0.49690466364011543,0.1641071428571429,false,222.0,27.0,0.0,0.0,222.0,-1,-1.0
2026_04_TEN_BAL,00-0040676,Cam Ward,TEN,BAL,pass_yds,betrivers,182.5,162.95838763118854,173.20626156692657,Over,-114,0.4075,0.4969864995178399,-0.2350438596491229,false,222.0,27.0,0.0,0.0,222.0,1,0.8771929824561403
2026_04_TEN_BAL,00-0040676,Cam Ward,TEN,BAL,pass_yds,betrivers,182.5,162.95838763118854,173.20626156692657,Under,-117,0.5925,0.5030135004821601,0.09891025641025641,false,222.0,27.0,0.0,0.0,222.0,-1,-1.0
2026_04_TEN_BAL,00-0040676,Cam Ward,TEN,BAL,pass_yds,betmgm,184.5,162.95838763118854,173.20626156692657,Over,-115,0.395,0.5,-0.26152173913043475,false,222.0,27.0,0.0,0.0,222.0,1,0.8695652173913043
2026_04_TEN_BAL,00-0040676,Cam Ward,TEN,BAL,pass_yds,betmgm,184.5,162.95838763118854,173.20626156692657,Under,-115,0.605,0.5,0.13108695652173907,false,222.0,27.0,0.0,0.0,222.0,-1,-1.0
2026_04_TEN_BAL,00-0040676,Cam Ward,TEN,BAL,pass_yds,bovada,186.5,162.95838763118854,173.20626156692657,Over,-115,0.3875,0.5,-0.2755434782608696,false,222.0,27.0,0.0,0.0,222.0,1,0.8695652173913043
2026_04_TEN_BAL,00-0040676,Cam Ward,TEN,BAL,pass_yds,bovada,186.5,162.95838763118854,173.20626156692657,Under,-115,0.6125,0.5,0.145108695652174,false,222.0,27.0,0.0,0.0,222.0,-1,-1.0
2026_04_MIA_MIN,00-0035228,Kyler Murray,MIN,MIA,pass_yds,draftkings,203.5,196.33593948172486,181.58266116202273,Over,-112,0.4625,0.5,-0.12455357142857137,false,247.0,16.0,0.0,0.0,247.0,1,0.8928571428571429
2026_04_MIA_MIN,00-0035228,Kyler Murray,MIN,MIA,pass_yds,draftkings,203.5,196.33593948172486,181.58266116202273,Under,-112,0.5375,0.5,0.01741071428571428,false,247.0,16.0,0.0,0.0,247.0,-1,-1.0
2026_04_MIA_MIN,00-0035228,Kyler Murray,MIN,MIA,pass_yds,fanduel,207.5,196.33593948172486,181.58266116202273,Over,-113,0.4475,0.5,-0.15648230088495574,false,247.0,16.0,0.0,0.0,247.0,1,0.8849557522123894
2026_04_MIA_MIN,00-0035228,Kyler Murray,MIN,MIA,pass_yds,fanduel,207.5,196.33593948172486,181.58266116202273,Under,-113,0.5525,0.5,0.04143805309734516,false,247.0,16.0,0.0,0.0,247.0,-1,-1.0
2026_04_MIA_MIN,00-0035228,Kyler Murray,MIN,MIA,pass_yds,betonlineag,204.5,196.33593948172486,181.58266116202273,Over,-115,0.46,0.5030953363598846,-0.14,false,247.0,16.0,0.0,0.0,247.0,1,0.8695652173913043
2026_04_MIA_MIN,00-0035228,Kyler Murray,MIN,MIA,pass_yds,betonlineag,204.5,196.33593948172486,181.58266116202273,Under,-112,0.54,0.49690466364011543,0.022142857142857242,false,247.0,16.0,0.0,0.0,247.0,-1,-1.0
2026_04_MIA_MIN,00-0035228,Kyler Murray,MIN,MIA,pass_yds,betrivers,200.5,196.33593948172486,181.58266116202273,Over,-114,0.475,0.4969864995178399,-0.10833333333333339,false,247.0,16.0,0.0,0.0,247.0,1,0.8771929824561403
2026_04_MIA_MIN,00-0035228,Kyler Murray,MIN,MIA,pass_yds,betrivers,200.5,196.33593948172486,181.58266116202273,Under,-117,0.525,0.5030135004821601,-0.026282051282051244,false,247.0,16.0,0.0,0.0,247.0,-1,-1.0
2026_04_MIA_MIN,00-0035228,Kyler Murray,MIN,MIA,pass_yds,betmgm,204.5,196.33593948172486,181.58266116202273,Over,-115,0.46,0.5,-0.14,false,247.0,16.0,0.0,0.0,247.0,1,0.8695652173913043
2026_04_MIA_MIN,00-0035228,Kyler Murray,MIN,MIA,pass_yds,betmgm,204.5,196.33593948172486,181.58266116202273,Under,-115,0.54,0.5,0.009565217391304393,false,247.0,16.0,0.0,0.0,247.0,-1,-1.0
2026_04_MIA_MIN,00-0035228,Kyler Murray,MIN,MIA,pass_yds,bovada,203.5,196.33593948172486,181.58266116202273,Over,-115,0.4625,0.5,-0.1353260869565217,false,247.0,16.0,0.0,0.0,247.0,1,0.8695652173913043
2026_04_MIA_MIN,00-0035228,Kyler Murray,MIN,MIA,pass_yds,bovada,203.5,196.33593948172486,181.58266116202273,Under,-115,0.5375,0.5,0.004891304347826031,false,247.0,16.0,0.0,0.0,247.0,-1,-1.0
2026_04_MIA_MIN,00-0036259,Jauan Jennings,MIN,MIA,rec_yds,draftkings,27.5,30.429966368608763,29.775956539364657,Over,-110,0.5025,0.495787700084246,-0.04068181818181832,false,0.0,0.0,8.0,1.0,8.0,-1,-1.0
2026_04_MIA_MIN,00-0036259,Jauan Jennings,MIN,MIA,rec_yds,draftkings,27.5,30.429966368608763,29.775956539364657,Under,-114,0.49750000000000005,0.504212299915754,-0.0660964912280701,false,0.0,0.0,8.0,1.0,8.0,1,0.8771929824561403
2026_04_MIA_MIN,00-0036259,Jauan Jennings,MIN,MIA,receptions,draftkings,2.5,2.1449906538794004,2.4169048918928486,Over,109,0.455,0.4513606919604918,-0.04904999999999987,false,0.0,0.0,8.0,1.0,1.0,-1,-1.0
2026_04_MIA_MIN,00-0036259,Jauan Jennings,MIN,MIA,receptions,draftkings,2.5,2.1449906538794004,2.4169048918928486,Under,-139,0.5449999999999999,0.5486393080395082,-0.06291366906474832,false,0.0,0.0,8.0,1.0,1.0,1,0.7194244604316546
2026_04_MIA_MIN,00-0036259,Jauan Jennings,MIN,MIA,rec_yds,fanduel,26.5,30.429966368608763,29.775956539364657,Over,-113,0.5175,0.5,-0.024535398230088545,false,0.0,0.0,8.0,1.0,8.0,-1,-1.0
2026_04_MIA_MIN,00-0036259,Jauan Jennings,MIN,MIA,rec_yds,fanduel,26.5,30.429966368608763,29.775956539364657,Under,-113,0.48250000000000004,0.5,-0.09050884955752203,false,0.0,0.0,8.0,1.0,8.0,1,0.8849557522123894
2026_04_MIA_MIN,00-0036259,Jauan Jennings,MIN,MIA,receptions,fanduel,2.5,2.1449906538794004,2.4169048918928486,Over,100,0.455,0.4677419354838709,-0.08999999999999991,false,0.0,0.0,8.0,1.0,1.0,-1,-1.0
2026_04_MIA_MIN,00-0036259,Jauan Jennings,MIN,MIA,receptions,fanduel,2.5,2.1449906538794004,2.4169048918928486,Under,-132,0.5449999999999999,0.5322580645161291,-0.042121212121212226,false,0.0,0.0,8.0,1.0,1.0,1,0.7575757575757576
2026_04_MIA_MIN,00-0036259,Jauan Jennings,MIN,MIA,rec_yds,betonlineag,26.5,30.429966368608763,29.775956539364657,Over,-116,0.5175,0.5051597457277305,-0.036379310344827664,false,0.0,0.0,8.0,1.0,8.0,-1,-1.0
2026_04_MIA_MIN,00-0036259,Jauan Jennings,MIN,MIA,rec_yds,betonlineag,26.5,30.429966368608763,29.775956539364657,Under,-111,0.48250000000000004,0.4948402542722695,-0.08281531531531522,false,0.0,0.0,8.0,1.0,8.0,1,0.9009009009009009
2026_04_MIA_MIN,00-0036259,Jauan Jennings,MIN,MIA,receptions,betonlineag,2.5,2.1449906538794004,2.4169048918928486,Over,-102,0.455,0.47438944435338465,-0.09892156862745094,false,0.0,0.0,8.0,1.0,1.0,-1,-1.0
2026_04_MIA_MIN,00-0036259,Jauan Jennings,MIN,MIA,receptions,betonlineag,2.5,2.1449906538794004,2.4169048918928486,Under,-127,0.5449999999999999,0.5256105556466153,-0.025866141732283576,false,0.0,0.0,8.0,1.0,1.0,1,0.7874015748031497
2026_04_MIA_MIN,00-0036259,Jauan Jennings,MIN,MIA,rec_yds,betrivers,26.5,30.429966368608763,29.775956539364657,Over,-114,0.5175,0.4969864995178399,-0.028552631578947496,false,0.0,0.0,8.0,1.0,8.0,-1,-1.0
2026_04_MIA_MIN,00-0036259,Jauan Jennings,MIN,MIA,rec_yds,betrivers,26.5,30.429966368608763,29.775956539364657,Under,-117,0.48250000000000004,0.5030135004821601,-0.10510683760683753,false,0.0,0.0,8.0,1.0,8.0,1,0.8547008547008547
2026_04_MIA_MIN,00-0036259,Jauan Jennings,MIN,MIA,receptions,betrivers,2.5,2.1449906538794004,2.4169048918928486,Over,102,0.455,,-0.08089999999999992,false,0.0,0.0,8.0,1.0,1.0,-1,-1.0
2026_04_MIA_MIN,00-0036259,Jauan Jennings,MIN,MIA,rec_yds,betmgm,28.5,30.429966368608763,29.775956539364657,Over,-115,0.4925,0.5,-0.0792391304347827,false,0.0,0.0,8.0,1.0,8.0,-1,-1.0
2026_04_MIA_MIN,00-0036259,Jauan Jennings,MIN,MIA,rec_yds,betmgm,28.5,30.429966368608763,29.775956539364657,Under,-115,0.5075000000000001,0.5,-0.05119565217391292,false,0.0,0.0,8.0,1.0,8.0,1,0.8695652173913043
2026_04_MIA_MIN,00-0036259,Jauan Jennings,MIN,MIA,receptions,betmgm,2.5,2.1449906538794004,2.4169048918928486,Over,-120,0.455,0.5101214574898786,-0.16583333333333322,false,0.0,0.0,8.0,1.0,1.0,-1,-1.0
2026_04_MIA_MIN,00-0036259,Jauan Jennings,MIN,MIA,receptions,betmgm,2.5,2.1449906538794004,2.4169048918928486,Under,-110,0.5449999999999999,0.4898785425101214,0.0404545454545453,false,0.0,0.0,8.0,1.0,1.0,1,0.9090909090909091
2026_04_MIA_MIN,00-0036259,Jauan Jennings,MIN,MIA,rec_yds,bovada,27.5,30.429966368608763,29.775956539364657,Over,-115,0.5025,0.5,-0.0605434782608697,false,0.0,0.0,8.0,1.0,8.0,-1,-1.0
2026_04_MIA_MIN,00-0036259,Jauan Jennings,MIN,MIA,rec_yds,bovada,27.5,30.429966368608763,29.775956539364657,Under,-115,0.49750000000000005,0.5,-0.06989130434782598,false,0.0,0.0,8.0,1.0,8.0,1,0.8695652173913043
2026_04_MIA_MIN,00-0036259,Jauan Jennings,MIN,MIA,receptions,bovada,2.5,2.1449906538794004,2.4169048918928486,Over,110,0.455,0.4458598726114649,-0.04449999999999987,false,0.0,0.0,8.0,1.0,1.0,-1,-1.0
2026_04_MIA_MIN,00-0036259,Jauan Jennings,MIN,MIA,receptions,bovada,2.5,2.1449906538794004,2.4169048918928486,Under,-145,0.5449999999999999,0.5541401273885351,-0.07913793103448286,false,0.0,0.0,8.0,1.0,1.0,1,0.6896551724137931
2026_04_DAL_HOU,00-0036358,CeeDee Lamb,DAL,HOU,rec_yds,draftkings,76.5,56.16137519991726,85.05709432863608,Over,-113,0.315,0.5021058838394474,-0.4062389380530974,false,0.0,-6.0,189.0,17.0,189.0,1,0.8849557522123894
2026_04_DAL_HOU,00-0036358,CeeDee Lamb,DAL,HOU,rec_yds,draftkings,76.5,56.16137519991726,85.05709432863608,Under,-111,0.685,0.49789411616055257,0.3021171171171172,false,0.0,-6.0,189.0,17.0,189.0,-1,-1.0
2026_04_DAL_HOU,00-0036358,CeeDee Lamb,DAL,HOU,receptions,draftkings,6.5,4.914494953985859,5.86035014077109,Over,120,0.2975,0.42910447761194026,-0.34550000000000003,false,0.0,-6.0,189.0,17.0,17.0,1,1.2
2026_04_DAL_HOU,00-0036358,CeeDee Lamb,DAL,HOU,receptions,draftkings,6.5,4.914494953985859,5.86035014077109,Under,-153,0.7025,0.5708955223880597,0.16165032679738567,false,0.0,-6.0,189.0,17.0,17.0,-1,-1.0
2026_04_DAL_HOU,00-0036358,CeeDee Lamb,DAL,HOU,rec_yds,fanduel,76.5,56.16137519991726,85.05709432863608,Over,-113,0.315,0.5,-0.4062389380530974,false,0.0,-6.0,189.0,17.0,189.0,1,0.8849557522123894
2026_04_DAL_HOU,00-0036358,CeeDee Lamb,DAL,HOU,rec_yds,fanduel,76.5,56.16137519991726,85.05709432863608,Under,-113,0.685,0.5,0.29119469026548683,false,0.0,-6.0,189.0,17.0,189.0,-1,-1.0
2026_04_DAL_HOU,00-0036358,CeeDee Lamb,DAL,HOU,receptions,fanduel,5.5,4.914494953985859,5.86035014077109,Over,-130,0.4075,0.5281576830249397,-0.27903846153846157,false,0.0,-6.0,189.0,17.0,17.0,1,0.7692307692307693
2026_04_DAL_HOU,00-0036358,CeeDee Lamb,DAL,HOU,receptions,fanduel,5.5,4.914494953985859,5.86035014077109,Under,-102,0.5925,0.4718423169750603,0.17338235294117654,false,0.0,-6.0,189.0,17.0,17.0,-1,-1.0
2026_04_DAL_HOU,00-0036358,CeeDee Lamb,DAL,HOU,rec_yds,betonlineag,76.5,56.16137519991726,85.05709432863608,Over,-114,0.315,0.5,-0.40868421052631587,false,0.0,-6.0,189.0,17.0,189.0,1,0.8771929824561403
2026_04_DAL_HOU,00-0036358,CeeDee Lamb,DAL,HOU,rec_yds,betonlineag,76.5,56.16137519991726,85.05709432863608,Under,-114,0.685,0.5,0.2858771929824562,false,0.0,-6.0,189.0,17.0,189.0,-1,-1.0
2026_04_DAL_HOU,00-0036358,CeeDee Lamb,DAL,HOU,receptions,betonlineag,5.5,4.914494953985859,5.86035014077109,Over,-139,0.4075,0.5462570956657111,-0.2993345323741008,false,0.0,-6.0,189.0,17.0,17.0,1,0.7194244604316546
2026_04_DAL_HOU,00-0036358,CeeDee Lamb,DAL,HOU,receptions,betonlineag,5.5,4.914494953985859,5.86035014077109,Under,107,0.5925,0.4537429043342889,0.2264750000000001,false,0.0,-6.0,189.0,17.0,17.0,-1,-1.0
2026_04_DAL_HOU,00-0036358,CeeDee Lamb,DAL,HOU,rec_yds,betrivers,74.5,56.16137519991726,85.05709432863608,Over,-118,0.3325,0.5050233081498151,-0.3857203389830508,false,0.0,-6.0,189.0,17.0,189.0,1,0.847457627118644
2026_04_DAL_HOU,00-0036358,CeeDee Lamb,DAL,HOU,rec_yds,betrivers,74.5,56.16137519991726,85.05709432863608,Under,-113,0.6675,0.4949766918501849,0.25820796460176987,false,0.0,-6.0,189.0,17.0,189.0,-1,-1.0
2026_04_DAL_HOU,00-0036358,CeeDee Lamb,DAL,HOU,receptions,betrivers,5.5,4.914494953985859,5.86035014077109,Over,-136,0.4075,,-0.29286764705882357,false,0.0,-6.0,189.0,17.0,17.0,1,0.7352941176470589
2026_04_DAL_HOU,00-0036358,CeeDee Lamb,DAL,HOU,rec_yds,betmgm,77.5,56.16137519991726,85.05709432863608,Over,-115,0.315,0.5,-0.4110869565217392,false,0.0,-6.0,189.0,17.0,189.0,1,0.8695652173913043
2026_04_DAL_HOU,00-0036358,CeeDee Lamb,DAL,HOU,rec_yds,betmgm,77.5,56.16137519991726,85.05709432863608,Under,-115,0.685,0.5,0.28065217391304353,false,0.0,-6.0,189.0,17.0,189.0,-1,-1.0
2026_04_DAL_HOU,00-0036358,CeeDee Lamb,DAL,HOU,receptions,betmgm,5.5,4.914494953985859,5.86035014077109,Over,-155,0.4075,0.5665108372290694,-0.32959677419354844,false,0.0,-6.0,189.0,17.0,17.0,1,0.6451612903225806
2026_04_DAL_HOU,00-0036358,CeeDee Lamb,DAL,HOU,receptions,betmgm,5.5,4.914494953985859,5.86035014077109,Under,115,0.5925,0.43348916277093064,0.273875,false,0.0,-6.0,189.0,17.0,17.0,-1,-1.0
2026_04_DAL_HOU,00-0036358,CeeDee Lamb,DAL,HOU,rec_yds,bovada,76.5,56.16137519991726,85.05709432863608,Over,-115,0.315,0.5,-0.4110869565217392,false,0.0,-6.0,189.0,17.0,189.0,1,0.8695652173913043
2026_04_DAL_HOU,00-0036358,CeeDee Lamb,DAL,HOU,rec_yds,bovada,76.5,56.16137519991726,85.05709432863608,Under,-115,0.685,0.5,0.28065217391304353,false,0.0,-6.0,189.0,17.0,189.0,-1,-1.0
2026_04_DAL_HOU,00-0036358,CeeDee Lamb,DAL,HOU,receptions,bovada,6.5,4.914494953985859,5.86035014077109,Over,120,0.2975,0.4248366013071895,-0.34550000000000003,false,0.0,-6.0,189.0,17.0,17.0,1,1.2
2026_04_DAL_HOU,00-0036358,CeeDee Lamb,DAL,HOU,receptions,bovada,6.5,4.914494953985859,5.86035014077109,Under,-160,0.7025,0.5751633986928105,0.14156250000000004,false,0.0,-6.0,189.0,17.0,17.0,-1,-1.0
2026_04_MIA_MIN,00-0033293,Aaron Jones,MIN,MIA,rec_yds,draftkings,19.5,16.42699464426932,14.660935214589227,Over,-111,0.395,0.4978941161605526,-0.2491441441441441,true,0.0,94.0,34.0,4.0,34.0,1,0.9009009009009009
2026_04_MIA_MIN,00-0033293,Aaron Jones,MIN,MIA,rec_yds,draftkings,19.5,16.42699464426932,14.660935214589227,Under,-113,0.605,0.5021058838394474,0.1403982300884956,true,0.0,94.0,34.0,4.0,34.0,-1,-1.0
2026_04_MIA_MIN,00-0033293,Aaron Jones,MIN,MIA,receptions,draftkings,3.5,1.9229170033074607,2.2939462605641476,Over,127,0.18,0.41604471686727856,-0.5914,true,0.0,94.0,34.0,4.0,4.0,1,1.27
2026_04_MIA_MIN,00-0033293,Aaron Jones,MIN,MIA,receptions,draftkings,3.5,1.9229170033074607,2.2939462605641476,Under,-162,0.8200000000000001,0.5839552831327215,0.32617283950617293,true,0.0,94.0,34.0,4.0,4.0,-1,-1.0
2026_04_MIA_MIN,00-0033293,Aaron Jones,MIN,MIA,rush_yds,draftkings,66.5,70.85352454895443,58.89738901151887,Over,-113,0.515,0.5021058838394474,-0.029247787610619413,true,0.0,94.0,34.0,4.0,94.0,1,0.8849557522123894
2026_04_MIA_MIN,00-0033293,Aaron Jones,MIN,MIA,rush_yds,draftkings,66.5,70.85352454895443,58.89738901151887,Under,-111,0.485,0.49789411616055257,-0.0780630630630631,true,0.0,94.0,34.0,4.0,94.0,-1,-1.0
2026_04_MIA_MIN,00-0033293,Aaron Jones,MIN,MIA,rec_yds,fanduel,19.5,16.42699464426932,14.660935214589227,Over,-113,0.395,0.5,-0.25544247787610613,true,0.0,94.0,34.0,4.0,34.0,1,0.8849557522123894
2026_04_MIA_MIN,00-0033293,Aaron Jones,MIN,MIA,rec_yds,fanduel,19.5,16.42699464426932,14.660935214589227,Under,-113,0.605,0.5,0.1403982300884956,true,0.0,94.0,34.0,4.0,34.0,-1,-1.0
2026_04_MIA_MIN,00-0033293,Aaron Jones,MIN,MIA,receptions,fanduel,3.5,1.9229170033074607,2.2939462605641476,Over,116,0.18,0.43297422610118635,-0.6112000000000001,true,0.0,94.0,34.0,4.0,4.0,1,1.16
2026_04_MIA_MIN,00-0033293,Aaron Jones,MIN,MIA,receptions,fanduel,3.5,1.9229170033074607,2.2939462605641476,Under,-154,0.8200000000000001,0.5670257738988136,0.3524675324675326,true,0.0,94.0,34.0,4.0,4.0,-1,-1.0
2026_04_MIA_MIN,00-0033293,Aaron Jones,MIN,MIA,rush_yds,fanduel,65.5,70.85352454895443,58.89738901151887,Over,-113,0.5275,0.5,-0.005685840707964629,true,0.0,94.0,34.0,4.0,94.0,1,0.8849557522123894
2026_04_MIA_MIN,00-0033293,Aaron Jones,MIN,MIA,rush_yds,fanduel,65.5,70.85352454895443,58.89738901151887,Under,-113,0.47250000000000003,0.5,-0.10935840707964595,true,0.0,94.0,34.0,4.0,94.0,-1,-1.0
2026_04_MIA_MIN,00-0033293,Aaron Jones,MIN,MIA,rec_yds,betonlineag,19.5,16.42699464426932,14.660935214589227,Over,-116,0.395,0.5051597457277305,-0.26448275862068965,true,0.0,94.0,34.0,4.0,34.0,1,0.8620689655172413
2026_04_MIA_MIN,00-0033293,Aaron Jones,MIN,MIA,rec_yds,betonlineag,19.5,16.42699464426932,14.660935214589227,Under,-111,0.605,0.4948402542722695,0.150045045045045,true,0.0,94.0,34.0,4.0,34.0,-1,-1.0
2026_04_MIA_MIN,00-0033293,Aaron Jones,MIN,MIA,receptions,betonlineag,3.5,1.9229170033074607,2.2939462605641476,Over,117,0.18,0.43310875842155927,-0.6094,true,0.0,94.0,34.0,4.0,4.0,1,1.17
2026_04_MIA_MIN,00-0033293,Aaron Jones,MIN,MIA,receptions,betonlineag,3.5,1.9229170033074607,2.2939462605641476,Under,-152,0.8200000000000001,0.5668912415784407,0.3594736842105265,true,0.0,94.0,34.0,4.0,4.0,-1,-1.0
2026_04_MIA_MIN,00-0033293,Aaron Jones,MIN,MIA,rush_yds,betonlineag,65.5,70.85352454895443,58.89738901151887,Over,-115,0.5275,0.5030953363598846,-0.013804347826087027,true,0.0,94.0,34.0,4.0,94.0,1,0.8695652173913043
2026_04_MIA_MIN,00-0033293,Aaron Jones,MIN,MIA,rush_yds,betonlineag,65.5,70.85352454895443,58.89738901151887,Under,-112,0.47250000000000003,0.49690466364011543,-0.10562499999999991,true,0.0,94.0,34.0,4.0,94.0,-1,-1.0
2026_04_MIA_MIN,00-0033293,Aaron Jones,MIN,MIA,rec_yds,betrivers,18.5,16.42699464426932,14.660935214589227,Over,-110,0.4225,0.48987854251012153,-0.19340909090909097,true,0.0,94.0,34.0,4.0,34.0,1,0.9090909090909091
2026_04_MIA_MIN,00-0033293,Aaron Jones,MIN,MIA,rec_yds,betrivers,18.5,16.42699464426932,14.660935214589227,Under,-120,0.5775,0.5101214574898785,0.058750000000000024,true,0.0,94.0,34.0,4.0,34.0,-1,-1.0
2026_04_MIA_MIN,00-0033293,Aaron Jones,MIN,MIA,receptions,betrivers,3.5,1.9229170033074607,2.2939462605641476,Over,125,0.18,,-0.5950000000000001,true,0.0,94.0,34.0,4.0,4.0,1,1.25
2026_04_MIA_MIN,00-0033293,Aaron Jones,MIN,MIA,rush_yds,betrivers,65.5,70.85352454895443,58.89738901151887,Over,-113,0.5275,0.4949766918501849,-0.005685840707964629,true,0.0,94.0,34.0,4.0,94.0,1,0.8849557522123894
2026_04_MIA_MIN,00-0033293,Aaron Jones,MIN,MIA,rush_yds,betrivers,65.5,70.85352454895443,58.89738901151887,Under,-118,0.47250000000000003,0.5050233081498151,-0.12707627118644066,true,0.0,94.0,34.0,4.0,94.0,-1,-1.0
2026_04_MIA_MIN,00-0033293,Aaron Jones,MIN,MIA,rec_yds,betmgm,21.5,16.42699464426932,14.660935214589227,Over,-115,0.36,0.5,-0.3269565217391305,true,0.0,94.0,34.0,4.0,34.0,1,0.8695652173913043
2026_04_MIA_MIN,00-0033293,Aaron Jones,MIN,MIA,rec_yds,betmgm,21.5,16.42699464426932,14.660935214589227,Under,-115,0.64,0.5,0.1965217391304348,true,0.0,94.0,34.0,4.0,34.0,-1,-1.0
2026_04_MIA_MIN,00-0033293,Aaron Jones,MIN,MIA,receptions,betmgm,3.5,1.9229170033074607,2.2939462605641476,Over,110,0.18,0.4424778761061946,-0.6220000000000001,true,0.0,94.0,34.0,4.0,4.0,1,1.1
2026_04_MIA_MIN,00-0033293,Aaron Jones,MIN,MIA,receptions,betmgm,3.5,1.9229170033074607,2.2939462605641476,Under,-150,0.8200000000000001,0.5575221238938054,0.3666666666666667,true,0.0,94.0,34.0,4.0,4.0,-1,-1.0
2026_04_MIA_MIN,00-0033293,Aaron Jones,MIN,MIA,rush_yds,betmgm,66.5,70.85352454895443,58.89738901151887,Over,-115,0.515,0.5,-0.037173913043478224,true,0.0,94.0,34.0,4.0,94.0,1,0.8695652173913043
2026_04_MIA_MIN,00-0033293,Aaron Jones,MIN,MIA,rush_yds,betmgm,66.5,70.85352454895443,58.89738901151887,Under,-115,0.485,0.5,-0.09326086956521745,true,0.0,94.0,34.0,4.0,94.0,-1,-1.0
2026_04_MIA_MIN,00-0033293,Aaron Jones,MIN,MIA,rec_yds,bovada,19.5,16.42699464426932,14.660935214589227,Over,-115,0.395,0.5,-0.26152173913043475,true,0.0,94.0,34.0,4.0,34.0,1,0.8695652173913043
2026_04_MIA_MIN,00-0033293,Aaron Jones,MIN,MIA,rec_yds,bovada,19.5,16.42699464426932,14.660935214589227,Under,-115,0.605,0.5,0.13108695652173907,true,0.0,94.0,34.0,4.0,34.0,-1,-1.0
2026_04_MIA_MIN,00-0033293,Aaron Jones,MIN,MIA,receptions,bovada,3.5,1.9229170033074607,2.2939462605641476,Over,125,0.18,0.4165029469548133,-0.5950000000000001,true,0.0,94.0,34.0,4.0,4.0,1,1.25
2026_04_MIA_MIN,00-0033293,Aaron Jones,MIN,MIA,receptions,bovada,3.5,1.9229170033074607,2.2939462605641476,Under,-165,0.8200000000000001,0.5834970530451866,0.31696969696969707,true,0.0,94.0,34.0,4.0,4.0,-1,-1.0
2026_04_MIA_MIN,00-0033293,Aaron Jones,MIN,MIA,rush_yds,bovada,66.5,70.85352454895443,58.89738901151887,Over,-115,0.515,0.5,-0.037173913043478224,true,0.0,94.0,34.0,4.0,94.0,1,0.8695652173913043
2026_04_MIA_MIN,00-0033293,Aaron Jones,MIN,MIA,rush_yds,bovada,66.5,70.85352454895443,58.89738901151887,Under,-115,0.485,0.5,-0.09326086956521745,true,0.0,94.0,34.0,4.0,94.0,-1,-1.0
2026_04_IND_WAS,00-0041040,Antonio Williams,WAS,IND,rec_yds,draftkings,25.5,20.78174539215995,31.56838581458743,Over,-114,0.3825,0.5042122999157539,-0.28197368421052627,false,0.0,0.0,21.0,3.0,21.0,-1,-1.0
2026_04_IND_WAS,00-0041040,Antonio Williams,WAS,IND,rec_yds,draftkings,25.5,20.78174539215995,31.56838581458743,Under,-110,0.6174999999999999,0.4957877000842461,0.17886363636363622,false,0.0,0.0,21.0,3.0,21.0,1,0.9090909090909091
2026_04_IND_WAS,00-0041040,Antonio Williams,WAS,IND,receptions,draftkings,2.5,1.9274399629404881,2.885049901341315,Over,-114,0.3275,0.5020774472328402,-0.385219298245614,false,0.0,0.0,21.0,3.0,3.0,1,0.8771929824561403
2026_04_IND_WAS,00-0041040,Antonio Williams,WAS,IND,receptions,draftkings,2.5,1.9274399629404881,2.885049901341315,Under,-112,0.6725,0.4979225527671598,0.2729464285714286,false,0.0,0.0,21.0,3.0,3.0,-1,-1.0
2026_04_IND_WAS,00-0041040,Antonio Williams,WAS,IND,rec_yds,fanduel,27.5,20.78174539215995,31.56838581458743,Over,-113,0.3525,0.5,-0.3355530973451327,false,0.0,0.0,21.0,3.0,21.0,-1,-1.0
2026_04_IND_WAS,00-0041040,Antonio Williams,WAS,IND,rec_yds,fanduel,27.5,20.78174539215995,31.56838581458743,Under,-113,0.6475,0.5,0.22050884955752204,false,0.0,0.0,21.0,3.0,21.0,1,0.8849557522123894
2026_04_IND_WAS,00-0041040,Antonio Williams,WAS,IND,receptions,fanduel,2.5,1.9274399629404881,2.885049901341315,Over,-136,0.3275,0.5379072681704261,-0.4316911764705882,false,0.0,0.0,21.0,3.0,3.0,1,0.7352941176470589
2026_04_IND_WAS,00-0041040,Antonio Williams,WAS,IND,receptions,fanduel,2.5,1.9274399629404881,2.885049901341315,Under,102,0.6725,0.4620927318295739,0.35844999999999994,false,0.0,0.0,21.0,3.0,3.0,-1,-1.0
2026_04_IND_WAS,00-0041040,Antonio Williams,WAS,IND,rec_yds,betmgm,27.5,20.78174539215995,31.56838581458743,Over,-120,0.3525,0.5090470446320868,-0.35374999999999995,false,0.0,0.0,21.0,3.0,21.0,-1,-1.0
2026_04_IND_WAS,00-0041040,Antonio Williams,WAS,IND,rec_yds,betmgm,27.5,20.78174539215995,31.56838581458743,Under,-111,0.6475,0.49095295536791317,0.23083333333333322,false,0.0,0.0,21.0,3.0,21.0,1,0.9009009009009009
2026_04_IND_WAS,00-0041040,Antonio Williams,WAS,IND,receptions,betmgm,2.5,1.9274399629404881,2.885049901341315,Over,-115,0.3275,0.5,-0.3877173913043478,false,0.0,0.0,21.0,3.0,3.0,1,0.8695652173913043
2026_04_IND_WAS,00-0041040,Antonio Williams,WAS,IND,receptions,betmgm,2.5,1.9274399629404881,2.885049901341315,Under,-115,0.6725,0.5,0.2572826086956521,false,0.0,0.0,21.0,3.0,3.0,-1,-1.0
2026_04_IND_WAS,00-0041040,Antonio Williams,WAS,IND,rec_yds,bovada,25.5,20.78174539215995,31.56838581458743,Over,-115,0.3825,0.5,-0.284891304347826,false,0.0,0.0,21.0,3.0,21.0,-1,-1.0
2026_04_IND_WAS,00-0041040,Antonio Williams,WAS,IND,rec_yds,bovada,25.5,20.78174539215995,31.56838581458743,Under,-115,0.6174999999999999,0.5,0.15445652173913027,false,0.0,0.0,21.0,3.0,21.0,1,0.8695652173913043
2026_04_IND_WAS,00-0041040,Antonio Williams,WAS,IND,receptions,bovada,2.5,1.9274399629404881,2.885049901341315,Over,-115,0.3275,0.5,-0.3877173913043478,false,0.0,0.0,21.0,3.0,3.0,1,0.8695652173913043
2026_04_IND_WAS,00-0041040,Antonio Williams,WAS,IND,receptions,bovada,2.5,1.9274399629404881,2.885049901341315,Under,-115,0.6725,0.5,0.2572826086956521,false,0.0,0.0,21.0,3.0,3.0,-1,-1.0
2026_04_IND_WAS,00-0041040,Antonio Williams,WAS,IND,rec_yds,betonlineag,27.5,20.78174539215995,31.56838581458743,Over,-114,0.3525,0.5,-0.33828947368421053,false,0.0,0.0,21.0,3.0,21.0,-1,-1.0
2026_04_IND_WAS,00-0041040,Antonio Williams,WAS,IND,rec_yds,betonlineag,27.5,20.78174539215995,31.56838581458743,Under,-114,0.6475,0.5,0.21548245614035078,false,0.0,0.0,21.0,3.0,21.0,1,0.8771929824561403
2026_04_IND_WAS,00-0041040,Antonio Williams,WAS,IND,receptions,betonlineag,2.5,1.9274399629404881,2.885049901341315,Over,-114,0.3275,0.5,-0.385219298245614,false,0.0,0.0,21.0,3.0,3.0,1,0.8771929824561403
2026_04_IND_WAS,00-0041040,Antonio Williams,WAS,IND,receptions,betonlineag,2.5,1.9274399629404881,2.885049901341315,Under,-114,0.6725,0.5,0.2624122807017544,false,0.0,0.0,21.0,3.0,3.0,-1,-1.0
2026_04_IND_WAS,00-0041040,Antonio Williams,WAS,IND,rec_yds,betrivers,24.5,20.78174539215995,31.56838581458743,Over,-115,0.39,0.5,-0.2708695652173913,false,0.0,0.0,21.0,3.0,21.0,-1,-1.0
2026_04_IND_WAS,00-0041040,Antonio Williams,WAS,IND,rec_yds,betrivers,24.5,20.78174539215995,31.56838581458743,Under,-115,0.61,0.5,0.14043478260869557,false,0.0,0.0,21.0,3.0,21.0,1,0.8695652173913043
2026_04_IND_WAS,00-0041040,Antonio Williams,WAS,IND,receptions,betrivers,2.5,1.9274399629404881,2.885049901341315,Over,-112,0.3275,,-0.3800892857142857,false,0.0,0.0,21.0,3.0,3.0,1,0.8928571428571429
2026_04_KC_LV,00-0029604,Kirk Cousins,LV,KC,pass_yds,draftkings,222.5,214.8802196050637,207.8015252551221,Over,-111,0.5025,0.4978941161605526,-0.04479729729729737,false,365.0,0.0,0.0,0.0,365.0,1,0.9009009009009009
2026_04_KC_LV,00-0029604,Kirk Cousins,LV,KC,pass_yds,draftkings,222.5,214.8802196050637,207.8015252551221,Under,-113,0.49750000000000005,0.5021058838394474,-0.062234513274336156,false,365.0,0.0,0.0,0.0,365.0,-1,-1.0
2026_04_KC_LV,00-0029604,Kirk Cousins,LV,KC,pass_yds,fanduel,223.5,214.8802196050637,207.8015252551221,Over,-113,0.5,0.5,-0.05752212389380529,false,365.0,0.0,0.0,0.0,365.0,1,0.8849557522123894
2026_04_KC_LV,00-0029604,Kirk Cousins,LV,KC,pass_yds,fanduel,223.5,214.8802196050637,207.8015252551221,Under,-113,0.5,0.5,-0.05752212389380529,false,365.0,0.0,0.0,0.0,365.0,-1,-1.0
2026_04_KC_LV,00-0029604,Kirk Cousins,LV,KC,pass_yds,betonlineag,222.5,214.8802196050637,207.8015252551221,Over,-114,0.5025,0.5,-0.0567105263157896,false,365.0,0.0,0.0,0.0,365.0,1,0.8771929824561403
2026_04_KC_LV,00-0029604,Kirk Cousins,LV,KC,pass_yds,betonlineag,222.5,214.8802196050637,207.8015252551221,Under,-114,0.49750000000000005,0.5,-0.0660964912280701,false,365.0,0.0,0.0,0.0,365.0,-1,-1.0
2026_04_KC_LV,00-0029604,Kirk Cousins,LV,KC,pass_yds,betrivers,226.5,214.8802196050637,207.8015252551221,Over,-115,0.485,0.5,-0.09326086956521745,false,365.0,0.0,0.0,0.0,365.0,1,0.8695652173913043
2026_04_KC_LV,00-0029604,Kirk Cousins,LV,KC,pass_yds,betrivers,226.5,214.8802196050637,207.8015252551221,Under,-115,0.515,0.5,-0.037173913043478224,false,365.0,0.0,0.0,0.0,365.0,-1,-1.0
2026_04_KC_LV,00-0029604,Kirk Cousins,LV,KC,pass_yds,betmgm,229.5,214.8802196050637,207.8015252551221,Over,-115,0.4775,0.5,-0.10728260869565215,false,365.0,0.0,0.0,0.0,365.0,1,0.8695652173913043
2026_04_KC_LV,00-0029604,Kirk Cousins,LV,KC,pass_yds,betmgm,229.5,214.8802196050637,207.8015252551221,Under,-115,0.5225,0.5,-0.023152173913043583,false,365.0,0.0,0.0,0.0,365.0,-1,-1.0
2026_04_KC_LV,00-0029604,Kirk Cousins,LV,KC,pass_yds,bovada,222.5,214.8802196050637,207.8015252551221,Over,-115,0.5025,0.5,-0.0605434782608697,false,365.0,0.0,0.0,0.0,365.0,1,0.8695652173913043
2026_04_KC_LV,00-0029604,Kirk Cousins,LV,KC,pass_yds,bovada,222.5,214.8802196050637,207.8015252551221,Under,-115,0.49750000000000005,0.5,-0.06989130434782598,false,365.0,0.0,0.0,0.0,365.0,-1,-1.0
2026_04_DEN_SF,00-0033881,Evan Engram,DEN,SF,rec_yds,draftkings,17.5,15.939792143263636,22.57693854433718,Over,-108,0.4425,0.49157113958192844,-0.14777777777777779,false,0.0,0.0,6.0,1.0,6.0,-1,-1.0
2026_04_DEN_SF,00-0033881,Evan Engram,DEN,SF,rec_yds,draftkings,17.5,15.939792143263636,22.57693854433718,Under,-116,0.5575,0.5084288604180716,0.03810344827586204,false,0.0,0.0,6.0,1.0,6.0,1,0.8620689655172413
2026_04_DEN_SF,00-0033881,Evan Engram,DEN,SF,receptions,draftkings,2.5,1.8179819099267205,2.1799808972049446,Over,116,0.305,0.4368658399098083,-0.3412000000000001,false,0.0,0.0,6.0,1.0,1.0,-1,-1.0
2026_04_DEN_SF,00-0033881,Evan Engram,DEN,SF,receptions,draftkings,2.5,1.8179819099267205,2.1799808972049446,Under,-148,0.6950000000000001,0.5631341600901917,0.1645945945945947,false,0.0,0.0,6.0,1.0,1.0,1,0.6756756756756757
2026_04_DEN_SF,00-0033881,Evan Engram,DEN,SF,rec_yds,fanduel,17.5,15.939792143263636,22.57693854433718,Over,-113,0.4425,0.5,-0.1659070796460177,false,0.0,0.0,6.0,1.0,6.0,-1,-1.0
2026_04_DEN_SF,00-0033881,Evan Engram,DEN,SF,rec_yds,fanduel,17.5,15.939792143263636,22.57693854433718,Under,-113,0.5575,0.5,0.05086283185840712,false,0.0,0.0,6.0,1.0,6.0,1,0.8849557522123894
2026_04_DEN_SF,00-0033881,Evan Engram,DEN,SF,receptions,fanduel,2.5,1.8179819099267205,2.1799808972049446,Over,110,0.305,0.4451682953311618,-0.35950000000000004,false,0.0,0.0,6.0,1.0,1.0,-1,-1.0
2026_04_DEN_SF,00-0033881,Evan Engram,DEN,SF,receptions,fanduel,2.5,1.8179819099267205,2.1799808972049446,Under,-146,0.6950000000000001,0.5548317046688382,0.17102739726027405,false,0.0,0.0,6.0,1.0,1.0,1,0.684931506849315
2026_04_DEN_SF,00-0033881,Evan Engram,DEN,SF,rec_yds,betonlineag,17.5,15.939792143263636,22.57693854433718,Over,-111,0.4425,0.4948402542722694,-0.1588513513513513,false,0.0,0.0,6.0,1.0,6.0,-1,-1.0
2026_04_DEN_SF,00-0033881,Evan Engram,DEN,SF,rec_yds,betonlineag,17.5,15.939792143263636,22.57693854433718,Under,-116,0.5575,0.5051597457277306,0.03810344827586204,false,0.0,0.0,6.0,1.0,6.0,1,0.8620689655172413
2026_04_DEN_SF,00-0033881,Evan Engram,DEN,SF,receptions,betonlineag,2.5,1.8179819099267205,2.1799808972049446,Over,115,0.305,0.43734082725915513,-0.3442500000000001,false,0.0,0.0,6.0,1.0,1.0,-1,-1.0
2026_04_DEN_SF,00-0033881,Evan Engram,DEN,SF,receptions,betonlineag,2.5,1.8179819099267205,2.1799808972049446,Under,-149,0.6950000000000001,0.5626591727408449,0.16144295302013434,false,0.0,0.0,6.0,1.0,1.0,1,0.6711409395973155
2026_04_DEN_SF,00-0033881,Evan Engram,DEN,SF,rec_yds,betrivers,15.5,15.939792143263636,22.57693854433718,Over,-121,0.4825,0.5110619469026548,-0.11873966942148767,false,0.0,0.0,6.0,1.0,6.0,-1,-1.0
2026_04_DEN_SF,00-0033881,Evan Engram,DEN,SF,rec_yds,betrivers,15.5,15.939792143263636,22.57693854433718,Under,-110,0.5175000000000001,0.48893805309734517,-0.012045454545454415,false,0.0,0.0,6.0,1.0,6.0,1,0.9090909090909091
2026_04_DEN_SF,00-0033881,Evan Engram,DEN,SF,receptions,betrivers,2.5,1.8179819099267205,2.1799808972049446,Over,117,0.305,,-0.3381500000000001,false,0.0,0.0,6.0,1.0,1.0,-1,-1.0
2026_04_DEN_SF,00-0033881,Evan Engram,DEN,SF,rec_yds,bovada,17.5,15.939792143263636,22.57693854433718,Over,-110,0.4425,0.48987854251012153,-0.1552272727272727,false,0.0,0.0,6.0,1.0,6.0,-1,-1.0
2026_04_DEN_SF,00-0033881,Evan Engram,DEN,SF,rec_yds,bovada,17.5,15.939792143263636,22.57693854433718,Under,-120,0.5575,0.5101214574898785,0.022083333333333344,false,0.0,0.0,6.0,1.0,6.0,1,0.8333333333333334
2026_04_DEN_SF,00-0033881,Evan Engram,DEN,SF,receptions,bovada,2.5,1.8179819099267205,2.1799808972049446,Over,115,0.305,0.43668122270742354,-0.3442500000000001,false,0.0,0.0,6.0,1.0,1.0,-1,-1.0
2026_04_DEN_SF,00-0033881,Evan Engram,DEN,SF,receptions,bovada,2.5,1.8179819099267205,2.1799808972049446,Under,-150,0.6950000000000001,0.5633187772925765,0.15833333333333344,false,0.0,0.0,6.0,1.0,1.0,1,0.6666666666666666
2026_04_TEN_BAL,00-0040584,Gunnar Helm,TEN,BAL,rec_yds,draftkings,19.5,16.06610288042153,19.47441346358427,Over,-114,0.405,0.5042122999157539,-0.23973684210526314,false,0.0,0.0,5.0,1.0,5.0,-1,-1.0
2026_04_TEN_BAL,00-0040584,Gunnar Helm,TEN,BAL,rec_yds,draftkings,19.5,16.06610288042153,19.47441346358427,Under,-110,0.595,0.4957877000842461,0.13590909090909087,false,0.0,0.0,5.0,1.0,5.0,1,0.9090909090909091
2026_04_TEN_BAL,00-0040584,Gunnar Helm,TEN,BAL,receptions,draftkings,2.5,2.779321447142497,2.6792522663159164,Over,-139,0.4875,0.5486393080395082,-0.16178057553956832,false,0.0,0.0,5.0,1.0,1.0,-1,-1.0
2026_04_TEN_BAL,00-0040584,Gunnar Helm,TEN,BAL,receptions,draftkings,2.5,2.779321447142497,2.6792522663159164,Under,109,0.5125,0.4513606919604918,0.071125,false,0.0,0.0,5.0,1.0,1.0,1,1.09
2026_04_TEN_BAL,00-0040584,Gunnar Helm,TEN,BAL,rec_yds,fanduel,18.5,16.06610288042153,19.47441346358427,Over,-113,0.425,0.5,-0.19889380530973444,false,0.0,0.0,5.0,1.0,5.0,-1,-1.0
2026_04_TEN_BAL,00-0040584,Gunnar Helm,TEN,BAL,rec_yds,fanduel,18.5,16.06610288042153,19.47441346358427,Under,-113,0.575,0.5,0.08384955752212386,false,0.0,0.0,5.0,1.0,5.0,1,0.8849557522123894
2026_04_TEN_BAL,00-0040584,Gunnar Helm,TEN,BAL,receptions,fanduel,2.5,2.779321447142497,2.6792522663159164,Over,-148,0.4875,0.5585303332383936,-0.18310810810810807,false,0.0,0.0,5.0,1.0,1.0,-1,-1.0
2026_04_TEN_BAL,00-0040584,Gunnar Helm,TEN,BAL,receptions,fanduel,2.5,2.779321447142497,2.6792522663159164,Under,112,0.5125,0.44146966676160637,0.08649999999999991,false,0.0,0.0,5.0,1.0,1.0,1,1.12
2026_04_TEN_BAL,00-0040584,Gunnar Helm,TEN,BAL,rec_yds,betonlineag,19.5,16.06610288042153,19.47441346358427,Over,-118,0.405,0.5082034454470877,-0.2517796610169491,false,0.0,0.0,5.0,1.0,5.0,-1,-1.0
2026_04_TEN_BAL,00-0040584,Gunnar Helm,TEN,BAL,rec_yds,betonlineag,19.5,16.06610288042153,19.47441346358427,Under,-110,0.595,0.49179655455291227,0.13590909090909087,false,0.0,0.0,5.0,1.0,5.0,1,0.9090909090909091
2026_04_TEN_BAL,00-0040584,Gunnar Helm,TEN,BAL,receptions,betonlineag,2.5,2.779321447142497,2.6792522663159164,Over,-130,0.4875,0.5306122448979592,-0.13749999999999996,false,0.0,0.0,5.0,1.0,1.0,-1,-1.0
2026_04_TEN_BAL,00-0040584,Gunnar Helm,TEN,BAL,receptions,betonlineag,2.5,2.779321447142497,2.6792522663159164,Under,100,0.5125,0.4693877551020408,0.02499999999999991,false,0.0,0.0,5.0,1.0,1.0,1,1.0
2026_04_TEN_BAL,00-0040584,Gunnar Helm,TEN,BAL,rec_yds,betrivers,17.5,16.06610288042153,19.47441346358427,Over,-121,0.4375,0.5110619469026548,-0.20092975206611569,false,0.0,0.0,5.0,1.0,5.0,-1,-1.0
2026_04_TEN_BAL,00-0040584,Gunnar Helm,TEN,BAL,rec_yds,betrivers,17.5,16.06610288042153,19.47441346358427,Under,-110,0.5625,0.48893805309734517,0.07386363636363635,false,0.0,0.0,5.0,1.0,5.0,1,0.9090909090909091
2026_04_TEN_BAL,00-0040584,Gunnar Helm,TEN,BAL,receptions,betrivers,2.5,2.779321447142497,2.6792522663159164,Over,-141,0.4875,,-0.1667553191489361,false,0.0,0.0,5.0,1.0,1.0,-1,-1.0
2026_04_TEN_BAL,00-0040584,Gunnar Helm,TEN,BAL,rec_yds,betmgm,20.5,16.06610288042153,19.47441346358427,Over,-115,0.3875,0.5,-0.2755434782608696,false,0.0,0.0,5.0,1.0,5.0,-1,-1.0
2026_04_TEN_BAL,00-0040584,Gunnar Helm,TEN,BAL,rec_yds,betmgm,20.5,16.06610288042153,19.47441346358427,Under,-115,0.6125,0.5,0.145108695652174,false,0.0,0.0,5.0,1.0,5.0,1,0.8695652173913043
2026_04_TEN_BAL,00-0040584,Gunnar Helm,TEN,BAL,receptions,betmgm,2.5,2.779321447142497,2.6792522663159164,Over,-135,0.4875,0.5346534653465347,-0.15138888888888885,false,0.0,0.0,5.0,1.0,1.0,-1,-1.0
2026_04_TEN_BAL,00-0040584,Gunnar Helm,TEN,BAL,receptions,betmgm,2.5,2.779321447142497,2.6792522663159164,Under,100,0.5125,0.4653465346534653,0.02499999999999991,false,0.0,0.0,5.0,1.0,1.0,1,1.0
2026_04_TEN_BAL,00-0040584,Gunnar Helm,TEN,BAL,rec_yds,bovada,19.5,16.06610288042153,19.47441346358427,Over,-115,0.405,0.5,-0.2428260869565217,false,0.0,0.0,5.0,1.0,5.0,-1,-1.0
2026_04_TEN_BAL,00-0040584,Gunnar Helm,TEN,BAL,rec_yds,bovada,19.5,16.06610288042153,19.47441346358427,Under,-115,0.595,0.5,0.11239130434782607,false,0.0,0.0,5.0,1.0,5.0,1,0.8695652173913043
2026_04_TEN_BAL,00-0040584,Gunnar Helm,TEN,BAL,receptions,bovada,2.5,2.779321447142497,2.6792522663159164,Over,-145,0.4875,0.554140127388535,-0.1762931034482758,false,0.0,0.0,5.0,1.0,1.0,-1,-1.0
2026_04_TEN_BAL,00-0040584,Gunnar Helm,TEN,BAL,receptions,bovada,2.5,2.779321447142497,2.6792522663159164,Under,110,0.5125,0.445859872611465,0.07624999999999993,false,0.0,0.0,5.0,1.0,1.0,1,1.1
2026_04_DET_CAR,00-0040124,Tetairoa McMillan,CAR,DET,rec_yds,draftkings,71.5,55.94617284817207,60.12865296281391,Over,-113,0.3425,0.5021058838394474,-0.3544026548672566,false,0.0,0.0,192.0,14.0,192.0,1,0.8849557522123894
2026_04_DET_CAR,00-0040124,Tetairoa McMillan,CAR,DET,rec_yds,draftkings,71.5,55.94617284817207,60.12865296281391,Under,-111,0.6575,0.49789411616055257,0.24984234234234226,false,0.0,0.0,192.0,14.0,192.0,-1,-1.0
2026_04_DET_CAR,00-0040124,Tetairoa McMillan,CAR,DET,receptions,draftkings,4.5,3.4039200607651567,3.8395566287710956,Over,-154,0.31,0.5715249662618084,-0.48870129870129864,false,0.0,0.0,192.0,14.0,14.0,1,0.6493506493506493
2026_04_DET_CAR,00-0040124,Tetairoa McMillan,CAR,DET,receptions,draftkings,4.5,3.4039200607651567,3.8395566287710956,Under,120,0.69,0.4284750337381916,0.5179999999999999,false,0.0,0.0,192.0,14.0,14.0,-1,-1.0
2026_04_DET_CAR,00-0040124,Tetairoa McMillan,CAR,DET,rec_yds,fanduel,70.5,55.94617284817207,60.12865296281391,Over,-113,0.3475,0.5,-0.3449778761061948,false,0.0,0.0,192.0,14.0,192.0,1,0.8849557522123894
2026_04_DET_CAR,00-0040124,Tetairoa McMillan,CAR,DET,rec_yds,fanduel,70.5,55.94617284817207,60.12865296281391,Under,-113,0.6525000000000001,0.5,0.22993362831858422,false,0.0,0.0,192.0,14.0,192.0,-1,-1.0
2026_04_DET_CAR,00-0040124,Tetairoa McMillan,CAR,DET,receptions,fanduel,4.5,3.4039200607651567,3.8395566287710956,Over,-172,0.31,0.5904601300891351,-0.5097674418604651,false,0.0,0.0,192.0,14.0,14.0,1,0.5813953488372093
2026_04_DET_CAR,00-0040124,Tetairoa McMillan,CAR,DET,receptions,fanduel,4.5,3.4039200607651567,3.8395566287710956,Under,128,0.69,0.4095398699108649,0.5731999999999999,false,0.0,0.0,192.0,14.0,14.0,-1,-1.0
2026_04_DET_CAR,00-0040124,Tetairoa McMillan,CAR,DET,rec_yds,betonlineag,69.5,55.94617284817207,60.12865296281391,Over,-114,0.35,0.5,-0.34298245614035094,false,0.0,0.0,192.0,14.0,192.0,1,0.8771929824561403
2026_04_DET_CAR,00-0040124,Tetairoa McMillan,CAR,DET,rec_yds,betonlineag,69.5,55.94617284817207,60.12865296281391,Under,-114,0.65,0.5,0.22017543859649125,false,0.0,0.0,192.0,14.0,192.0,-1,-1.0
2026_04_DET_CAR,00-0040124,Tetairoa McMillan,CAR,DET,receptions,betonlineag,4.5,3.4039200607651567,3.8395566287710956,Over,-164,0.31,0.5829383886255923,-0.5009756097560976,false,0.0,0.0,192.0,14.0,14.0,1,0.6097560975609756
2026_04_DET_CAR,00-0040124,Tetairoa McMillan,CAR,DET,receptions,betonlineag,4.5,3.4039200607651567,3.8395566287710956,Under,125,0.69,0.41706161137440767,0.5524999999999999,false,0.0,0.0,192.0,14.0,14.0,-1,-1.0
2026_04_DET_CAR,00-0040124,Tetairoa McMillan,CAR,DET,rec_yds,betrivers,69.5,55.94617284817207,60.12865296281391,Over,-117,0.35,0.5030135004821601,-0.3508547008547009,false,0.0,0.0,192.0,14.0,192.0,1,0.8547008547008547
2026_04_DET_CAR,00-0040124,Tetairoa McMillan,CAR,DET,rec_yds,betrivers,69.5,55.94617284817207,60.12865296281391,Under,-114,0.65,0.4969864995178399,0.22017543859649125,false,0.0,0.0,192.0,14.0,192.0,-1,-1.0
2026_04_DET_CAR,00-0040124,Tetairoa McMillan,CAR,DET,receptions,betrivers,4.5,3.4039200607651567,3.8395566287710956,Over,-139,0.31,,-0.466978417266187,false,0.0,0.0,192.0,14.0,14.0,1,0.7194244604316546
2026_04_DET_CAR,00-0040124,Tetairoa McMillan,CAR,DET,rec_yds,bovada,71.5,55.94617284817207,60.12865296281391,Over,-115,0.3425,0.5,-0.35967391304347823,false,0.0,0.0,192.0,14.0,192.0,1,0.8695652173913043
2026_04_DET_CAR,00-0040124,Tetairoa McMillan,CAR,DET,rec_yds,bovada,71.5,55.94617284817207,60.12865296281391,Under,-115,0.6575,0.5,0.2292391304347825,false,0.0,0.0,192.0,14.0,192.0,-1,-1.0
2026_04_DET_CAR,00-0040124,Tetairoa McMillan,CAR,DET,receptions,bovada,4.5,3.4039200607651567,3.8395566287710956,Over,-160,0.31,0.5751633986928104,-0.49624999999999997,false,0.0,0.0,192.0,14.0,14.0,1,0.625
2026_04_DET_CAR,00-0040124,Tetairoa McMillan,CAR,DET,receptions,bovada,4.5,3.4039200607651567,3.8395566287710956,Under,120,0.69,0.4248366013071896,0.5179999999999999,false,0.0,0.0,192.0,14.0,14.0,-1,-1.0
2026_04_DET_CAR,00-0040124,Tetairoa McMillan,CAR,DET,rec_yds,betmgm,74.5,55.94617284817207,60.12865296281391,Over,-115,0.3125,0.5,-0.4157608695652174,false,0.0,0.0,192.0,14.0,192.0,1,0.8695652173913043
2026_04_DET_CAR,00-0040124,Tetairoa McMillan,CAR,DET,rec_yds,betmgm,74.5,55.94617284817207,60.12865296281391,Under,-115,0.6875,0.5,0.28532608695652173,false,0.0,0.0,192.0,14.0,192.0,-1,-1.0
2026_04_DET_CAR,00-0040124,Tetairoa McMillan,CAR,DET,receptions,betmgm,4.5,3.4039200607651567,3.8395566287710956,Over,-155,0.31,0.5665108372290694,-0.49,false,0.0,0.0,192.0,14.0,14.0,1,0.6451612903225806
2026_04_DET_CAR,00-0040124,Tetairoa McMillan,CAR,DET,receptions,betmgm,4.5,3.4039200607651567,3.8395566287710956,Under,115,0.69,0.43348916277093064,0.4834999999999998,false,0.0,0.0,192.0,14.0,14.0,-1,-1.0
2026_04_ARI_NYG,00-0033307,Kendrick Bourne,ARI,NYG,rec_yds,draftkings,21.5,17.75121267703335,26.806983573417753,Over,-111,0.3825,0.4978941161605526,-0.2729054054054053,false,0.0,0.0,0.0,0.0,0.0,-1,-1.0
2026_04_ARI_NYG,00-0033307,Kendrick Bourne,ARI,NYG,rec_yds,draftkings,21.5,17.75121267703335,26.806983573417753,Under,-113,0.6174999999999999,0.5021058838394474,0.1639601769911504,false,0.0,0.0,0.0,0.0,0.0,1,0.8849557522123894
2026_04_ARI_NYG,00-0033307,Kendrick Bourne,ARI,NYG,receptions,draftkings,2.5,1.9720296108785749,2.4342248260010737,Over,132,0.2975,0.4074434444174167,-0.3098,false,0.0,0.0,0.0,0.0,0.0,-1,-1.0
2026_04_ARI_NYG,00-0033307,Kendrick Bourne,ARI,NYG,receptions,draftkings,2.5,1.9720296108785749,2.4342248260010737,Under,-168,0.7025,0.5925565555825834,0.12065476190476193,false,0.0,0.0,0.0,0.0,0.0,1,0.5952380952380952
2026_04_ARI_NYG,00-0033307,Kendrick Bourne,ARI,NYG,rec_yds,fanduel,19.5,17.75121267703335,26.806983573417753,Over,-113,0.42,0.5,-0.2083185840707965,false,0.0,0.0,0.0,0.0,0.0,-1,-1.0
2026_04_ARI_NYG,00-0033307,Kendrick Bourne,ARI,NYG,rec_yds,fanduel,19.5,17.75121267703335,26.806983573417753,Under,-113,0.5800000000000001,0.5,0.09327433628318604,false,0.0,0.0,0.0,0.0,0.0,1,0.8849557522123894
2026_04_ARI_NYG,00-0033307,Kendrick Bourne,ARI,NYG,receptions,fanduel,2.5,1.9720296108785749,2.4342248260010737,Over,134,0.2975,0.3993154592127781,-0.30385,false,0.0,0.0,0.0,0.0,0.0,-1,-1.0
2026_04_ARI_NYG,00-0033307,Kendrick Bourne,ARI,NYG,receptions,fanduel,2.5,1.9720296108785749,2.4342248260010737,Under,-180,0.7025,0.6006845407872219,0.09277777777777779,false,0.0,0.0,0.0,0.0,0.0,1,0.5555555555555556
2026_04_ARI_NYG,00-0033307,Kendrick Bourne,ARI,NYG,rec_yds,betrivers,19.5,17.75121267703335,26.806983573417753,Over,-115,0.42,0.5,-0.21478260869565224,false,0.0,0.0,0.0,0.0,0.0,-1,-1.0
2026_04_ARI_NYG,00-0033307,Kendrick Bourne,ARI,NYG,rec_yds,betrivers,19.5,17.75121267703335,26.806983573417753,Under,-115,0.5800000000000001,0.5,0.08434782608695668,false,0.0,0.0,0.0,0.0,0.0,1,0.8695652173913043
2026_04_ARI_NYG,00-0033307,Kendrick Bourne,ARI,NYG,receptions,betrivers,2.5,1.9720296108785749,2.4342248260010737,Over,145,0.2975,,-0.27112500000000006,false,0.0,0.0,0.0,0.0,0.0,-1,-1.0
2026_04_ARI_NYG,00-0033307,Kendrick Bourne,ARI,NYG,rec_yds,betonlineag,20.5,17.75121267703335,26.806983573417753,Over,-116,0.3925,0.5051597457277305,-0.2691379310344827,false,0.0,0.0,0.0,0.0,0.0,-1,-1.0
2026_04_ARI_NYG,00-0033307,Kendrick Bourne,ARI,NYG,rec_yds,betonlineag,20.5,17.75121267703335,26.806983573417753,Under,-111,0.6074999999999999,0.4948402542722695,0.1547972972972972,false,0.0,0.0,0.0,0.0,0.0,1,0.9009009009009009
2026_04_ARI_NYG,00-0033307,Kendrick Bourne,ARI,NYG,receptions,betonlineag,2.5,1.9720296108785749,2.4342248260010737,Over,134,0.2975,0.40175310445580714,-0.30385,false,0.0,0.0,0.0,0.0,0.0,-1,-1.0
2026_04_ARI_NYG,00-0033307,Kendrick Bourne,ARI,NYG,receptions,betonlineag,2.5,1.9720296108785749,2.4342248260010737,Under,-175,0.7025,0.5982468955441929,0.10392857142857143,false,0.0,0.0,0.0,0.0,0.0,1,0.5714285714285714
2026_04_ARI_NYG,00-0033307,Kendrick Bourne,ARI,NYG,rec_yds,betmgm,20.5,17.75121267703335,26.806983573417753,Over,-120,0.3925,0.5090470446320868,-0.2804166666666666,false,0.0,0.0,0.0,0.0,0.0,-1,-1.0
2026_04_ARI_NYG,00-0033307,Kendrick Bourne,ARI,NYG,rec_yds,betmgm,20.5,17.75121267703335,26.806983573417753,Under,-111,0.6074999999999999,0.49095295536791317,0.1547972972972972,false,0.0,0.0,0.0,0.0,0.0,1,0.9009009009009009
2026_04_ARI_NYG,00-0033307,Kendrick Bourne,ARI,NYG,receptions,betmgm,2.5,1.9720296108785749,2.4342248260010737,Over,130,0.2975,0.40590405904059046,-0.31575000000000003,false,0.0,0.0,0.0,0.0,0.0,-1,-1.0
2026_04_ARI_NYG,00-0033307,Kendrick Bourne,ARI,NYG,receptions,betmgm,2.5,1.9720296108785749,2.4342248260010737,Under,-175,0.7025,0.5940959409594095,0.10392857142857143,false,0.0,0.0,0.0,0.0,0.0,1,0.5714285714285714
2026_04_ARI_NYG,00-0033307,Kendrick Bourne,ARI,NYG,rec_yds,bovada,21.5,17.75121267703335,26.806983573417753,Over,-115,0.3825,0.5,-0.284891304347826,false,0.0,0.0,0.0,0.0,0.0,-1,-1.0
2026_04_ARI_NYG,00-0033307,Kendrick Bourne,ARI,NYG,rec_yds,bovada,21.5,17.75121267703335,26.806983573417753,Under,-115,0.6174999999999999,0.5,0.15445652173913027,false,0.0,0.0,0.0,0.0,0.0,1,0.8695652173913043
2026_04_ARI_NYG,00-0033307,Kendrick Bourne,ARI,NYG,receptions,bovada,2.5,1.9720296108785749,2.4342248260010737,Over,130,0.2975,0.40847201210287454,-0.31575000000000003,false,0.0,0.0,0.0,0.0,0.0,-1,-1.0
2026_04_ARI_NYG,00-0033307,Kendrick Bourne,ARI,NYG,receptions,bovada,2.5,1.9720296108785749,2.4342248260010737,Under,-170,0.7025,0.5915279878971255,0.1157352941176471,false,0.0,0.0,0.0,0.0,0.0,1,0.5882352941176471
2026_04_KC_LV,00-0038563,Tre Tucker,LV,KC,rec_yds,draftkings,37.5,36.51029838060775,45.982507354734416,Over,-110,0.435,0.495787700084246,-0.1695454545454545,false,0.0,0.0,44.0,4.0,44.0,1,0.9090909090909091
2026_04_KC_LV,00-0038563,Tre Tucker,LV,KC,rec_yds,draftkings,37.5,36.51029838060775,45.982507354734416,Under,-114,0.565,0.504212299915754,0.060614035087719176,false,0.0,0.0,44.0,4.0,44.0,-1,-1.0
2026_04_KC_LV,00-0038563,Tre Tucker,LV,KC,receptions,draftkings,3.5,2.9690774431892315,3.3186116773578678,Over,128,0.345,0.41384499623777277,-0.21340000000000003,false,0.0,0.0,44.0,4.0,4.0,1,1.28
2026_04_KC_LV,00-0038563,Tre Tucker,LV,KC,receptions,draftkings,3.5,2.9690774431892315,3.3186116773578678,Under,-164,0.655,0.5861550037622272,0.05439024390243907,false,0.0,0.0,44.0,4.0,4.0,-1,-1.0
2026_04_KC_LV,00-0038563,Tre Tucker,LV,KC,rec_yds,fanduel,38.5,36.51029838060775,45.982507354734416,Over,-113,0.42,0.5,-0.2083185840707965,false,0.0,0.0,44.0,4.0,44.0,1,0.8849557522123894
2026_04_KC_LV,00-0038563,Tre Tucker,LV,KC,rec_yds,fanduel,38.5,36.51029838060775,45.982507354734416,Under,-113,0.5800000000000001,0.5,0.09327433628318604,false,0.0,0.0,44.0,4.0,44.0,-1,-1.0
2026_04_KC_LV,00-0038563,Tre Tucker,LV,KC,receptions,fanduel,3.5,2.9690774431892315,3.3186116773578678,Over,118,0.345,0.42825841577584495,-0.24790000000000006,false,0.0,0.0,44.0,4.0,4.0,1,1.18
2026_04_KC_LV,00-0038563,Tre Tucker,LV,KC,receptions,fanduel,3.5,2.9690774431892315,3.3186116773578678,Under,-158,0.655,0.5717415842241551,0.06955696202531653,false,0.0,0.0,44.0,4.0,4.0,-1,-1.0
2026_04_KC_LV,00-0038563,Tre Tucker,LV,KC,rec_yds,betonlineag,37.5,36.51029838060775,45.982507354734416,Over,-114,0.435,0.5,-0.18342105263157893,false,0.0,0.0,44.0,4.0,44.0,1,0.8771929824561403
2026_04_KC_LV,00-0038563,Tre Tucker,LV,KC,rec_yds,betonlineag,37.5,36.51029838060775,45.982507354734416,Under,-114,0.565,0.5,0.060614035087719176,false,0.0,0.0,44.0,4.0,44.0,-1,-1.0
2026_04_KC_LV,00-0038563,Tre Tucker,LV,KC,receptions,betonlineag,3.5,2.9690774431892315,3.3186116773578678,Over,120,0.345,0.42723631508678234,-0.24100000000000005,false,0.0,0.0,44.0,4.0,4.0,1,1.2
2026_04_KC_LV,00-0038563,Tre Tucker,LV,KC,receptions,betonlineag,3.5,2.9690774431892315,3.3186116773578678,Under,-156,0.655,0.5727636849132176,0.07487179487179496,false,0.0,0.0,44.0,4.0,4.0,-1,-1.0
2026_04_KC_LV,00-0038563,Tre Tucker,LV,KC,rec_yds,betrivers,39.5,36.51029838060775,45.982507354734416,Over,-114,0.415,0.4969864995178399,-0.22096491228070175,false,0.0,0.0,44.0,4.0,44.0,1,0.8771929824561403
2026_04_KC_LV,00-0038563,Tre Tucker,LV,KC,rec_yds,betrivers,39.5,36.51029838060775,45.982507354734416,Under,-117,0.585,0.5030135004821601,0.08499999999999991,false,0.0,0.0,44.0,4.0,44.0,-1,-1.0
2026_04_KC_LV,00-0038563,Tre Tucker,LV,KC,receptions,betrivers,3.5,2.9690774431892315,3.3186116773578678,Over,120,0.345,,-0.24100000000000005,false,0.0,0.0,44.0,4.0,4.0,1,1.2
2026_04_KC_LV,00-0038563,Tre Tucker,LV,KC,rec_yds,betmgm,37.5,36.51029838060775,45.982507354734416,Over,-115,0.435,0.5,-0.18673913043478257,false,0.0,0.0,44.0,4.0,44.0,1,0.8695652173913043
2026_04_KC_LV,00-0038563,Tre Tucker,LV,KC,rec_yds,betmgm,37.5,36.51029838060775,45.982507354734416,Under,-115,0.565,0.5,0.05630434782608684,false,0.0,0.0,44.0,4.0,44.0,-1,-1.0
2026_04_KC_LV,00-0038563,Tre Tucker,LV,KC,receptions,betmgm,3.5,2.9690774431892315,3.3186116773578678,Over,110,0.345,0.4424778761061946,-0.2755,false,0.0,0.0,44.0,4.0,4.0,1,1.1
2026_04_KC_LV,00-0038563,Tre Tucker,LV,KC,receptions,betmgm,3.5,2.9690774431892315,3.3186116773578678,Under,-150,0.655,0.5575221238938054,0.09166666666666667,false,0.0,0.0,44.0,4.0,4.0,-1,-1.0
2026_04_KC_LV,00-0038563,Tre Tucker,LV,KC,rec_yds,bovada,37.5,36.51029838060775,45.982507354734416,Over,-115,0.435,0.5,-0.18673913043478257,false,0.0,0.0,44.0,4.0,44.0,1,0.8695652173913043
2026_04_KC_LV,00-0038563,Tre Tucker,LV,KC,rec_yds,bovada,37.5,36.51029838060775,45.982507354734416,Under,-115,0.565,0.5,0.05630434782608684,false,0.0,0.0,44.0,4.0,44.0,-1,-1.0
2026_04_KC_LV,00-0038563,Tre Tucker,LV,KC,receptions,bovada,3.5,2.9690774431892315,3.3186116773578678,Over,130,0.345,0.40847201210287454,-0.20650000000000007,false,0.0,0.0,44.0,4.0,4.0,1,1.3
2026_04_KC_LV,00-0038563,Tre Tucker,LV,KC,receptions,bovada,3.5,2.9690774431892315,3.3186116773578678,Under,-170,0.655,0.5915279878971255,0.04029411764705887,false,0.0,0.0,44.0,4.0,4.0,-1,-1.0
2026_04_DAL_HOU,00-0033077,Dak Prescott,DAL,HOU,pass_yds,draftkings,266.5,257.59763167064006,251.94277346787447,Over,-112,0.395,0.5,-0.25232142857142853,false,335.0,7.0,0.0,0.0,335.0,1,0.8928571428571429
2026_04_DAL_HOU,00-0033077,Dak Prescott,DAL,HOU,pass_yds,draftkings,266.5,257.59763167064006,251.94277346787447,Under,-112,0.605,0.5,0.14517857142857138,false,335.0,7.0,0.0,0.0,335.0,-1,-1.0
2026_04_DAL_HOU,00-0033077,Dak Prescott,DAL,HOU,pass_yds,fanduel,266.5,257.59763167064006,251.94277346787447,Over,-113,0.395,0.5,-0.25544247787610613,false,335.0,7.0,0.0,0.0,335.0,1,0.8849557522123894
2026_04_DAL_HOU,00-0033077,Dak Prescott,DAL,HOU,pass_yds,fanduel,266.5,257.59763167064006,251.94277346787447,Under,-113,0.605,0.5,0.1403982300884956,false,335.0,7.0,0.0,0.0,335.0,-1,-1.0
2026_04_DAL_HOU,00-0033077,Dak Prescott,DAL,HOU,pass_yds,betonlineag,266.5,257.59763167064006,251.94277346787447,Over,-114,0.395,0.5,-0.2585087719298245,false,335.0,7.0,0.0,0.0,335.0,1,0.8771929824561403
2026_04_DAL_HOU,00-0033077,Dak Prescott,DAL,HOU,pass_yds,betonlineag,266.5,257.59763167064006,251.94277346787447,Under,-114,0.605,0.5,0.13570175438596488,false,335.0,7.0,0.0,0.0,335.0,-1,-1.0
2026_04_DAL_HOU,00-0033077,Dak Prescott,DAL,HOU,pass_yds,betrivers,270.5,257.59763167064006,251.94277346787447,Over,-114,0.38,0.4969864995178399,-0.2866666666666667,false,335.0,7.0,0.0,0.0,335.0,1,0.8771929824561403
2026_04_DAL_HOU,00-0033077,Dak Prescott,DAL,HOU,pass_yds,betrivers,270.5,257.59763167064006,251.94277346787447,Under,-117,0.62,0.5030135004821601,0.14991452991452991,false,335.0,7.0,0.0,0.0,335.0,-1,-1.0
2026_04_DAL_HOU,00-0033077,Dak Prescott,DAL,HOU,pass_yds,betmgm,262.5,257.59763167064006,251.94277346787447,Over,-115,0.4175,0.5,-0.2194565217391305,false,335.0,7.0,0.0,0.0,335.0,1,0.8695652173913043
2026_04_DAL_HOU,00-0033077,Dak Prescott,DAL,HOU,pass_yds,betmgm,262.5,257.59763167064006,251.94277346787447,Under,-115,0.5825,0.5,0.08902173913043476,false,335.0,7.0,0.0,0.0,335.0,-1,-1.0
2026_04_DAL_HOU,00-0033077,Dak Prescott,DAL,HOU,pass_yds,bovada,266.5,257.59763167064006,251.94277346787447,Over,-115,0.395,0.5,-0.26152173913043475,false,335.0,7.0,0.0,0.0,335.0,1,0.8695652173913043
2026_04_DAL_HOU,00-0033077,Dak Prescott,DAL,HOU,pass_yds,bovada,266.5,257.59763167064006,251.94277346787447,Under,-115,0.605,0.5,0.13108695652173907,false,335.0,7.0,0.0,0.0,335.0,-1,-1.0
2026_04_NYJ_CHI,00-0032464,Kalif Raymond,CHI,NYJ,rec_yds,draftkings,31.5,26.871343347269974,44.91065438169217,Over,-114,0.435,0.5042122999157539,-0.18342105263157893,false,0.0,0.0,6.0,2.0,6.0,-1,-1.0
2026_04_NYJ_CHI,00-0032464,Kalif Raymond,CHI,NYJ,rec_yds,draftkings,31.5,26.871343347269974,44.91065438169217,Under,-110,0.565,0.4957877000842461,0.0786363636363635,false,0.0,0.0,6.0,2.0,6.0,1,0.9090909090909091
2026_04_NYJ_CHI,00-0032464,Kalif Raymond,CHI,NYJ,receptions,draftkings,3.5,2.6039667142781546,3.646966693152012,Over,111,0.34,0.4468077249732284,-0.28259999999999985,false,0.0,0.0,6.0,2.0,2.0,-1,-1.0
2026_04_NYJ_CHI,00-0032464,Kalif Raymond,CHI,NYJ,receptions,draftkings,3.5,2.6039667142781546,3.646966693152012,Under,-142,0.6599999999999999,0.5531922750267716,0.12478873239436605,false,0.0,0.0,6.0,2.0,2.0,1,0.704225352112676
2026_04_NYJ_CHI,00-0032464,Kalif Raymond,CHI,NYJ,rec_yds,fanduel,31.5,26.871343347269974,44.91065438169217,Over,-113,0.435,0.5,-0.18004424778761052,false,0.0,0.0,6.0,2.0,6.0,-1,-1.0
2026_04_NYJ_CHI,00-0032464,Kalif Raymond,CHI,NYJ,rec_yds,fanduel,31.5,26.871343347269974,44.91065438169217,Under,-113,0.565,0.5,0.06499999999999995,false,0.0,0.0,6.0,2.0,6.0,1,0.8849557522123894
2026_04_NYJ_CHI,00-0032464,Kalif Raymond,CHI,NYJ,receptions,fanduel,3.5,2.6039667142781546,3.646966693152012,Over,114,0.34,0.4365299334811531,-0.2723999999999999,false,0.0,0.0,6.0,2.0,2.0,-1,-1.0
2026_04_NYJ_CHI,00-0032464,Kalif Raymond,CHI,NYJ,receptions,fanduel,3.5,2.6039667142781546,3.646966693152012,Under,-152,0.6599999999999999,0.5634700665188469,0.09421052631578936,false,0.0,0.0,6.0,2.0,2.0,1,0.6578947368421053
2026_04_NYJ_CHI,00-0032464,Kalif Raymond,CHI,NYJ,rec_yds,betonlineag,31.5,26.871343347269974,44.91065438169217,Over,-114,0.435,0.5,-0.18342105263157893,false,0.0,0.0,6.0,2.0,6.0,-1,-1.0
2026_04_NYJ_CHI,00-0032464,Kalif Raymond,CHI,NYJ,rec_yds,betonlineag,31.5,26.871343347269974,44.91065438169217,Under,-114,0.565,0.5,0.060614035087719176,false,0.0,0.0,6.0,2.0,6.0,1,0.8771929824561403
2026_04_NYJ_CHI,00-0032464,Kalif Raymond,CHI,NYJ,receptions,betonlineag,3.5,2.6039667142781546,3.646966693152012,Over,113,0.34,0.4409848065558551,-0.27579999999999993,false,0.0,0.0,6.0,2.0,2.0,-1,-1.0
2026_04_NYJ_CHI,00-0032464,Kalif Raymond,CHI,NYJ,receptions,betonlineag,3.5,2.6039667142781546,3.646966693152012,Under,-147,0.6599999999999999,0.559015193444145,0.10897959183673456,false,0.0,0.0,6.0,2.0,2.0,1,0.6802721088435374
2026_04_NYJ_CHI,00-0032464,Kalif Raymond,CHI,NYJ,rec_yds,betrivers,30.5,26.871343347269974,44.91065438169217,Over,-117,0.4475,0.5040451438048622,-0.17002136752136754,false,0.0,0.0,6.0,2.0,6.0,-1,-1.0
2026_04_NYJ_CHI,00-0032464,Kalif Raymond,CHI,NYJ,rec_yds,betrivers,30.5,26.871343347269974,44.91065438169217,Under,-113,0.5525,0.4959548561951378,0.04143805309734516,false,0.0,0.0,6.0,2.0,6.0,1,0.8849557522123894
2026_04_NYJ_CHI,00-0032464,Kalif Raymond,CHI,NYJ,receptions,betrivers,3.5,2.6039667142781546,3.646966693152012,Over,110,0.34,,-0.28599999999999987,false,0.0,0.0,6.0,2.0,2.0,-1,-1.0
2026_04_NYJ_CHI,00-0032464,Kalif Raymond,CHI,NYJ,rec_yds,betmgm,30.5,26.871343347269974,44.91065438169217,Over,-115,0.4475,0.5,-0.16336956521739132,false,0.0,0.0,6.0,2.0,6.0,-1,-1.0
2026_04_NYJ_CHI,00-0032464,Kalif Raymond,CHI,NYJ,rec_yds,betmgm,30.5,26.871343347269974,44.91065438169217,Under,-115,0.5525,0.5,0.032934782608695645,false,0.0,0.0,6.0,2.0,6.0,1,0.8695652173913043
2026_04_NYJ_CHI,00-0032464,Kalif Raymond,CHI,NYJ,receptions,betmgm,3.5,2.6039667142781546,3.646966693152012,Over,105,0.34,0.4518211157215307,-0.3029999999999999,false,0.0,0.0,6.0,2.0,2.0,-1,-1.0
2026_04_NYJ_CHI,00-0032464,Kalif Raymond,CHI,NYJ,receptions,betmgm,3.5,2.6039667142781546,3.646966693152012,Under,-145,0.6599999999999999,0.5481788842784693,0.11517241379310333,false,0.0,0.0,6.0,2.0,2.0,1,0.6896551724137931
2026_04_NYJ_CHI,00-0032464,Kalif Raymond,CHI,NYJ,rec_yds,bovada,31.5,26.871343347269974,44.91065438169217,Over,-115,0.435,0.5,-0.18673913043478257,false,0.0,0.0,6.0,2.0,6.0,-1,-1.0
2026_04_NYJ_CHI,00-0032464,Kalif Raymond,CHI,NYJ,rec_yds,bovada,31.5,26.871343347269974,44.91065438169217,Under,-115,0.565,0.5,0.05630434782608684,false,0.0,0.0,6.0,2.0,6.0,1,0.8695652173913043
2026_04_NYJ_CHI,00-0032464,Kalif Raymond,CHI,NYJ,receptions,bovada,3.5,2.6039667142781546,3.646966693152012,Over,110,0.34,0.4458598726114649,-0.28599999999999987,false,0.0,0.0,6.0,2.0,2.0,-1,-1.0
2026_04_NYJ_CHI,00-0032464,Kalif Raymond,CHI,NYJ,receptions,bovada,3.5,2.6039667142781546,3.646966693152012,Under,-145,0.6599999999999999,0.5541401273885351,0.11517241379310333,false,0.0,0.0,6.0,2.0,2.0,1,0.6896551724137931
2026_04_NYJ_CHI,00-0037740,Garrett Wilson,NYJ,CHI,rec_yds,draftkings,75.5,62.84434533549126,64.05531107067858,Over,-111,0.345,0.4978941161605526,-0.3441891891891892,false,0.0,0.0,27.0,3.0,27.0,-1,-1.0
2026_04_NYJ_CHI,00-0037740,Garrett Wilson,NYJ,CHI,rec_yds,draftkings,75.5,62.84434533549126,64.05531107067858,Under,-113,0.655,0.5021058838394474,0.23464601769911508,false,0.0,0.0,27.0,3.0,27.0,1,0.8849557522123894
2026_04_NYJ_CHI,00-0037740,Garrett Wilson,NYJ,CHI,receptions,draftkings,6.5,5.160161113451831,5.757722763261328,Over,-106,0.3025,0.48542880932556204,-0.41212264150943395,false,0.0,0.0,27.0,3.0,3.0,-1,-1.0
2026_04_NYJ_CHI,00-0037740,Garrett Wilson,NYJ,CHI,receptions,draftkings,6.5,5.160161113451831,5.757722763261328,Under,-120,0.6975,0.5145711906744379,0.27875000000000005,false,0.0,0.0,27.0,3.0,3.0,1,0.8333333333333334
2026_04_NYJ_CHI,00-0037740,Garrett Wilson,NYJ,CHI,rec_yds,fanduel,75.5,62.84434533549126,64.05531107067858,Over,-113,0.345,0.5,-0.3496902654867257,false,0.0,0.0,27.0,3.0,27.0,-1,-1.0
2026_04_NYJ_CHI,00-0037740,Garrett Wilson,NYJ,CHI,rec_yds,fanduel,75.5,62.84434533549126,64.05531107067858,Under,-113,0.655,0.5,0.23464601769911508,false,0.0,0.0,27.0,3.0,27.0,1,0.8849557522123894
2026_04_NYJ_CHI,00-0037740,Garrett Wilson,NYJ,CHI,receptions,fanduel,6.5,5.160161113451831,5.757722763261328,Over,-102,0.3025,0.4718423169750603,-0.4009313725490196,false,0.0,0.0,27.0,3.0,3.0,-1,-1.0
2026_04_NYJ_CHI,00-0037740,Garrett Wilson,NYJ,CHI,receptions,fanduel,6.5,5.160161113451831,5.757722763261328,Under,-130,0.6975,0.5281576830249397,0.23403846153846153,false,0.0,0.0,27.0,3.0,3.0,1,0.7692307692307693
2026_04_NYJ_CHI,00-0037740,Garrett Wilson,NYJ,CHI,rec_yds,betonlineag,77.5,62.84434533549126,64.05531107067858,Over,-114,0.3225,0.5,-0.39460526315789474,false,0.0,0.0,27.0,3.0,27.0,-1,-1.0
2026_04_NYJ_CHI,00-0037740,Garrett Wilson,NYJ,CHI,rec_yds,betonlineag,77.5,62.84434533549126,64.05531107067858,Under,-114,0.6775,0.5,0.271798245614035,false,0.0,0.0,27.0,3.0,27.0,1,0.8771929824561403
2026_04_NYJ_CHI,00-0037740,Garrett Wilson,NYJ,CHI,receptions,betonlineag,6.5,5.160161113451831,5.757722763261328,Over,-101,0.3025,0.4723111001722865,-0.3979950495049505,false,0.0,0.0,27.0,3.0,3.0,-1,-1.0
2026_04_NYJ_CHI,00-0037740,Garrett Wilson,NYJ,CHI,receptions,betonlineag,6.5,5.160161113451831,5.757722763261328,Under,-128,0.6975,0.5276888998277135,0.242421875,false,0.0,0.0,27.0,3.0,3.0,1,0.78125
2026_04_NYJ_CHI,00-0037740,Garrett Wilson,NYJ,CHI,rec_yds,betrivers,75.5,62.84434533549126,64.05531107067858,Over,-118,0.345,0.5050233081498151,-0.3626271186440679,false,0.0,0.0,27.0,3.0,27.0,-1,-1.0
2026_04_NYJ_CHI,00-0037740,Garrett Wilson,NYJ,CHI,rec_yds,betrivers,75.5,62.84434533549126,64.05531107067858,Under,-113,0.655,0.4949766918501849,0.23464601769911508,false,0.0,0.0,27.0,3.0,27.0,1,0.8849557522123894
2026_04_NYJ_CHI,00-0037740,Garrett Wilson,NYJ,CHI,receptions,betrivers,6.5,5.160161113451831,5.757722763261328,Over,-103,0.3025,,-0.4038106796116505,false,0.0,0.0,27.0,3.0,3.0,-1,-1.0
2026_04_NYJ_CHI,00-0037740,Garrett Wilson,NYJ,CHI,rec_yds,betmgm,77.5,62.84434533549126,64.05531107067858,Over,100,0.3225,0.4653465346534653,-0.355,false,0.0,0.0,27.0,3.0,27.0,-1,-1.0
2026_04_NYJ_CHI,00-0037740,Garrett Wilson,NYJ,CHI,rec_yds,betmgm,77.5,62.84434533549126,64.05531107067858,Under,-135,0.6775,0.5346534653465347,0.17935185185185176,false,0.0,0.0,27.0,3.0,27.0,1,0.7407407407407407
2026_04_NYJ_CHI,00-0037740,Garrett Wilson,NYJ,CHI,receptions,betmgm,6.5,5.160161113451831,5.757722763261328,Over,105,0.3025,0.4554079696394688,-0.379875,false,0.0,0.0,27.0,3.0,3.0,-1,-1.0
2026_04_NYJ_CHI,00-0037740,Garrett Wilson,NYJ,CHI,receptions,betmgm,6.5,5.160161113451831,5.757722763261328,Under,-140,0.6975,0.5445920303605312,0.19571428571428573,false,0.0,0.0,27.0,3.0,3.0,1,0.7142857142857143
2026_04_NYJ_CHI,00-0037740,Garrett Wilson,NYJ,CHI,rec_yds,bovada,75.5,62.84434533549126,64.05531107067858,Over,-115,0.345,0.5,-0.35500000000000004,false,0.0,0.0,27.0,3.0,27.0,-1,-1.0
2026_04_NYJ_CHI,00-0037740,Garrett Wilson,NYJ,CHI,rec_yds,bovada,75.5,62.84434533549126,64.05531107067858,Under,-115,0.655,0.5,0.22456521739130442,false,0.0,0.0,27.0,3.0,27.0,1,0.8695652173913043
2026_04_NYJ_CHI,00-0037740,Garrett Wilson,NYJ,CHI,receptions,bovada,6.5,5.160161113451831,5.757722763261328,Over,-110,0.3025,0.48987854251012153,-0.42250000000000004,false,0.0,0.0,27.0,3.0,3.0,-1,-1.0
2026_04_NYJ_CHI,00-0037740,Garrett Wilson,NYJ,CHI,receptions,bovada,6.5,5.160161113451831,5.757722763261328,Under,-120,0.6975,0.5101214574898785,0.27875000000000005,false,0.0,0.0,27.0,3.0,3.0,1,0.8333333333333334
2026_04_IND_WAS,00-0032268,Marcus Mariota,WAS,IND,pass_yds,draftkings,206.5,204.1071103091887,150.26934493293086,Over,-113,0.47,0.5021058838394474,-0.11407079646017704,true,46.0,35.0,0.0,0.0,46.0,-1,-1.0
2026_04_IND_WAS,00-0032268,Marcus Mariota,WAS,IND,pass_yds,draftkings,206.5,204.1071103091887,150.26934493293086,Under,-111,0.53,0.49789411616055257,0.007477477477477512,true,46.0,35.0,0.0,0.0,46.0,1,0.9009009009009009
2026_04_IND_WAS,00-0032268,Marcus Mariota,WAS,IND,pass_yds,fanduel,203.5,204.1071103091887,150.26934493293086,Over,-113,0.48,0.5,-0.09522123893805312,true,46.0,35.0,0.0,0.0,46.0,-1,-1.0
2026_04_IND_WAS,00-0032268,Marcus Mariota,WAS,IND,pass_yds,fanduel,203.5,204.1071103091887,150.26934493293086,Under,-113,0.52,0.5,-0.019823008849557455,true,46.0,35.0,0.0,0.0,46.0,1,0.8849557522123894
2026_04_IND_WAS,00-0032268,Marcus Mariota,WAS,IND,pass_yds,betmgm,207.5,204.1071103091887,150.26934493293086,Over,-115,0.4675,0.5,-0.1259782608695652,true,46.0,35.0,0.0,0.0,46.0,-1,-1.0
2026_04_IND_WAS,00-0032268,Marcus Mariota,WAS,IND,pass_yds,betmgm,207.5,204.1071103091887,150.26934493293086,Under,-115,0.5325,0.5,-0.00445652173913047,true,46.0,35.0,0.0,0.0,46.0,1,0.8695652173913043
2026_04_IND_WAS,00-0032268,Marcus Mariota,WAS,IND,pass_yds,bovada,206.5,204.1071103091887,150.26934493293086,Over,-115,0.47,0.5,-0.12130434782608701,true,46.0,35.0,0.0,0.0,46.0,-1,-1.0
2026_04_IND_WAS,00-0032268,Marcus Mariota,WAS,IND,pass_yds,bovada,206.5,204.1071103091887,150.26934493293086,Under,-115,0.53,0.5,-0.009130434782608665,true,46.0,35.0,0.0,0.0,46.0,1,0.8695652173913043
2026_04_IND_WAS,00-0032268,Marcus Mariota,WAS,IND,pass_yds,betonlineag,205.5,204.1071103091887,150.26934493293086,Over,-114,0.4725,0.5,-0.11302631578947381,true,46.0,35.0,0.0,0.0,46.0,-1,-1.0
2026_04_IND_WAS,00-0032268,Marcus Mariota,WAS,IND,pass_yds,betonlineag,205.5,204.1071103091887,150.26934493293086,Under,-114,0.5275000000000001,0.5,-0.009780701754385834,true,46.0,35.0,0.0,0.0,46.0,1,0.8771929824561403
2026_04_IND_WAS,00-0032268,Marcus Mariota,WAS,IND,pass_yds,betrivers,197.5,204.1071103091887,150.26934493293086,Over,-115,0.51,0.5,-0.04652173913043478,true,46.0,35.0,0.0,0.0,46.0,-1,-1.0
2026_04_IND_WAS,00-0032268,Marcus Mariota,WAS,IND,pass_yds,betrivers,197.5,204.1071103091887,150.26934493293086,Under,-115,0.49,0.5,-0.0839130434782609,true,46.0,35.0,0.0,0.0,46.0,1,0.8695652173913043
2026_04_IND_WAS,00-0038997,Josh Downs,IND,WAS,rec_yds,draftkings,68.5,48.02579304309434,49.661280189790304,Over,-111,0.34,0.4978941161605526,-0.3536936936936936,true,0.0,0.0,16.0,3.0,16.0,-1,-1.0
2026_04_IND_WAS,00-0038997,Josh Downs,IND,WAS,rec_yds,draftkings,68.5,48.02579304309434,49.661280189790304,Under,-113,0.6599999999999999,0.5021058838394474,0.24407079646017682,true,0.0,0.0,16.0,3.0,16.0,1,0.8849557522123894
2026_04_IND_WAS,00-0038997,Josh Downs,IND,WAS,receptions,draftkings,6.5,4.117083443414979,4.06491378831661,Over,-120,0.1675,0.5145711906744379,-0.6929166666666666,true,0.0,0.0,16.0,3.0,3.0,-1,-1.0
2026_04_IND_WAS,00-0038997,Josh Downs,IND,WAS,receptions,draftkings,6.5,4.117083443414979,4.06491378831661,Under,-106,0.8325,0.4854288093255621,0.6178773584905661,true,0.0,0.0,16.0,3.0,3.0,1,0.9433962264150944
2026_04_IND_WAS,00-0038997,Josh Downs,IND,WAS,rec_yds,fanduel,70.5,48.02579304309434,49.661280189790304,Over,-113,0.325,0.5,-0.3873893805309735,true,0.0,0.0,16.0,3.0,16.0,-1,-1.0
2026_04_IND_WAS,00-0038997,Josh Downs,IND,WAS,rec_yds,fanduel,70.5,48.02579304309434,49.661280189790304,Under,-113,0.675,0.5,0.2723451327433629,true,0.0,0.0,16.0,3.0,16.0,1,0.8849557522123894
2026_04_IND_WAS,00-0038997,Josh Downs,IND,WAS,receptions,fanduel,6.5,4.117083443414979,4.06491378831661,Over,-130,0.1675,0.5281576830249397,-0.7036538461538462,true,0.0,0.0,16.0,3.0,3.0,-1,-1.0
2026_04_IND_WAS,00-0038997,Josh Downs,IND,WAS,receptions,fanduel,6.5,4.117083443414979,4.06491378831661,Under,-102,0.8325,0.4718423169750603,0.6486764705882353,true,0.0,0.0,16.0,3.0,3.0,1,0.9803921568627451
2026_04_IND_WAS,00-0038997,Josh Downs,IND,WAS,rec_yds,betmgm,71.5,48.02579304309434,49.661280189790304,Over,-115,0.32,0.5,-0.40173913043478254,true,0.0,0.0,16.0,3.0,16.0,-1,-1.0
2026_04_IND_WAS,00-0038997,Josh Downs,IND,WAS,rec_yds,betmgm,71.5,48.02579304309434,49.661280189790304,Under,-115,0.6799999999999999,0.5,0.2713043478260868,true,0.0,0.0,16.0,3.0,16.0,1,0.8695652173913043
2026_04_IND_WAS,00-0038997,Josh Downs,IND,WAS,receptions,betmgm,6.5,4.117083443414979,4.06491378831661,Over,-115,0.1675,0.5,-0.6868478260869566,true,0.0,0.0,16.0,3.0,3.0,-1,-1.0
2026_04_IND_WAS,00-0038997,Josh Downs,IND,WAS,receptions,betmgm,6.5,4.117083443414979,4.06491378831661,Under,-115,0.8325,0.5,0.5564130434782609,true,0.0,0.0,16.0,3.0,3.0,1,0.8695652173913043
2026_04_IND_WAS,00-0038997,Josh Downs,IND,WAS,rec_yds,bovada,68.5,48.02579304309434,49.661280189790304,Over,-115,0.34,0.5,-0.36434782608695643,true,0.0,0.0,16.0,3.0,16.0,-1,-1.0
2026_04_IND_WAS,00-0038997,Josh Downs,IND,WAS,rec_yds,bovada,68.5,48.02579304309434,49.661280189790304,Under,-115,0.6599999999999999,0.5,0.2339130434782607,true,0.0,0.0,16.0,3.0,16.0,1,0.8695652173913043
2026_04_IND_WAS,00-0038997,Josh Downs,IND,WAS,receptions,bovada,6.5,4.117083443414979,4.06491378831661,Over,-120,0.1675,0.5101214574898786,-0.6929166666666666,true,0.0,0.0,16.0,3.0,3.0,-1,-1.0
2026_04_IND_WAS,00-0038997,Josh Downs,IND,WAS,receptions,bovada,6.5,4.117083443414979,4.06491378831661,Under,-110,0.8325,0.4898785425101214,0.5893181818181819,true,0.0,0.0,16.0,3.0,3.0,1,0.9090909090909091
2026_04_IND_WAS,00-0038997,Josh Downs,IND,WAS,rec_yds,betonlineag,72.5,48.02579304309434,49.661280189790304,Over,-114,0.3175,0.5,-0.40399122807017546,true,0.0,0.0,16.0,3.0,16.0,-1,-1.0
2026_04_IND_WAS,00-0038997,Josh Downs,IND,WAS,rec_yds,betonlineag,72.5,48.02579304309434,49.661280189790304,Under,-114,0.6825,0.5,0.2811842105263157,true,0.0,0.0,16.0,3.0,16.0,1,0.8771929824561403
2026_04_IND_WAS,00-0038997,Josh Downs,IND,WAS,receptions,betonlineag,6.5,4.117083443414979,4.06491378831661,Over,-123,0.1675,0.5185070943861814,-0.6963211382113821,true,0.0,0.0,16.0,3.0,3.0,-1,-1.0
2026_04_IND_WAS,00-0038997,Josh Downs,IND,WAS,receptions,betonlineag,6.5,4.117083443414979,4.06491378831661,Under,-105,0.8325,0.48149290561381863,0.6253571428571428,true,0.0,0.0,16.0,3.0,3.0,1,0.9523809523809523
2026_04_IND_WAS,00-0038997,Josh Downs,IND,WAS,rec_yds,betrivers,70.5,48.02579304309434,49.661280189790304,Over,-115,0.325,0.5,-0.39239130434782615,true,0.0,0.0,16.0,3.0,16.0,-1,-1.0
2026_04_IND_WAS,00-0038997,Josh Downs,IND,WAS,rec_yds,betrivers,70.5,48.02579304309434,49.661280189790304,Under,-115,0.675,0.5,0.26195652173913053,true,0.0,0.0,16.0,3.0,16.0,1,0.8695652173913043
2026_04_IND_WAS,00-0038997,Josh Downs,IND,WAS,receptions,betrivers,6.5,4.117083443414979,4.06491378831661,Over,-127,0.1675,,-0.7006102362204725,true,0.0,0.0,16.0,3.0,3.0,-1,-1.0
2026_04_IND_WAS,00-0036223,Jonathan Taylor,IND,WAS,rec_yds,draftkings,19.5,20.007424473843106,19.62978014218951,Over,-111,0.4525,0.4978941161605526,-0.13984234234234233,false,0.0,95.0,2.0,1.0,2.0,-1,-1.0
2026_04_IND_WAS,00-0036223,Jonathan Taylor,IND,WAS,rec_yds,draftkings,19.5,20.007424473843106,19.62978014218951,Under,-113,0.5475,0.5021058838394474,0.032013274336283204,false,0.0,95.0,2.0,1.0,2.0,1,0.8849557522123894
2026_04_IND_WAS,00-0036223,Jonathan Taylor,IND,WAS,receptions,draftkings,2.5,3.017969062250399,2.6319643646244977,Over,-131,0.5975,0.5351457951824201,0.05360687022900773,false,0.0,95.0,2.0,1.0,1.0,-1,-1.0
2026_04_IND_WAS,00-0036223,Jonathan Taylor,IND,WAS,receptions,draftkings,2.5,3.017969062250399,2.6319643646244977,Under,103,0.40249999999999997,0.4648542048175799,-0.18292500000000006,false,0.0,95.0,2.0,1.0,1.0,1,1.03
2026_04_IND_WAS,00-0036223,Jonathan Taylor,IND,WAS,rush_yds,draftkings,93.5,72.3991273837218,80.94226478443127,Over,-111,0.2775,0.4978941161605526,-0.4724999999999999,false,0.0,95.0,2.0,1.0,95.0,1,0.9009009009009009
2026_04_IND_WAS,00-0036223,Jonathan Taylor,IND,WAS,rush_yds,draftkings,93.5,72.3991273837218,80.94226478443127,Under,-113,0.7224999999999999,0.5021058838394474,0.3618805309734512,false,0.0,95.0,2.0,1.0,95.0,-1,-1.0
2026_04_IND_WAS,00-0036223,Jonathan Taylor,IND,WAS,rec_yds,fanduel,19.5,20.007424473843106,19.62978014218951,Over,-113,0.4525,0.5,-0.14705752212389378,false,0.0,95.0,2.0,1.0,2.0,-1,-1.0
2026_04_IND_WAS,00-0036223,Jonathan Taylor,IND,WAS,rec_yds,fanduel,19.5,20.007424473843106,19.62978014218951,Under,-113,0.5475,0.5,0.032013274336283204,false,0.0,95.0,2.0,1.0,2.0,1,0.8849557522123894
2026_04_IND_WAS,00-0036223,Jonathan Taylor,IND,WAS,receptions,fanduel,2.5,3.017969062250399,2.6319643646244977,Over,-130,0.5975,0.5281576830249397,0.05711538461538468,false,0.0,95.0,2.0,1.0,1.0,-1,-1.0
2026_04_IND_WAS,00-0036223,Jonathan Taylor,IND,WAS,receptions,fanduel,2.5,3.017969062250399,2.6319643646244977,Under,-102,0.40249999999999997,0.4718423169750603,-0.2028921568627452,false,0.0,95.0,2.0,1.0,1.0,1,0.9803921568627451
2026_04_IND_WAS,00-0036223,Jonathan Taylor,IND,WAS,rush_yds,fanduel,89.5,72.3991273837218,80.94226478443127,Over,-113,0.3075,0.5,-0.42037610619469024,false,0.0,95.0,2.0,1.0,95.0,1,0.8849557522123894
2026_04_IND_WAS,00-0036223,Jonathan Taylor,IND,WAS,rush_yds,fanduel,89.5,72.3991273837218,80.94226478443127,Under,-113,0.6925,0.5,0.30533185840707966,false,0.0,95.0,2.0,1.0,95.0,-1,-1.0
2026_04_IND_WAS,00-0036223,Jonathan Taylor,IND,WAS,rec_yds,betmgm,17.5,20.007424473843106,19.62978014218951,Over,-115,0.4875,0.5,-0.08858695652173909,false,0.0,95.0,2.0,1.0,2.0,-1,-1.0
2026_04_IND_WAS,00-0036223,Jonathan Taylor,IND,WAS,rec_yds,betmgm,17.5,20.007424473843106,19.62978014218951,Under,-115,0.5125,0.5,-0.04184782608695664,false,0.0,95.0,2.0,1.0,2.0,1,0.8695652173913043
2026_04_IND_WAS,00-0036223,Jonathan Taylor,IND,WAS,receptions,betmgm,2.5,3.017969062250399,2.6319643646244977,Over,-120,0.5975,0.5101214574898786,0.09541666666666676,false,0.0,95.0,2.0,1.0,1.0,-1,-1.0
2026_04_IND_WAS,00-0036223,Jonathan Taylor,IND,WAS,receptions,betmgm,2.5,3.017969062250399,2.6319643646244977,Under,-110,0.40249999999999997,0.4898785425101214,-0.23159090909090918,false,0.0,95.0,2.0,1.0,1.0,1,0.9090909090909091
2026_04_IND_WAS,00-0036223,Jonathan Taylor,IND,WAS,rush_yds,betmgm,91.5,72.3991273837218,80.94226478443127,Over,-115,0.29,0.5,-0.4578260869565217,false,0.0,95.0,2.0,1.0,95.0,1,0.8695652173913043
2026_04_IND_WAS,00-0036223,Jonathan Taylor,IND,WAS,rush_yds,betmgm,91.5,72.3991273837218,80.94226478443127,Under,-115,0.71,0.5,0.32739130434782604,false,0.0,95.0,2.0,1.0,95.0,-1,-1.0
2026_04_IND_WAS,00-0036223,Jonathan Taylor,IND,WAS,rec_yds,bovada,19.5,20.007424473843106,19.62978014218951,Over,-115,0.4525,0.5,-0.15402173913043476,false,0.0,95.0,2.0,1.0,2.0,-1,-1.0
2026_04_IND_WAS,00-0036223,Jonathan Taylor,IND,WAS,rec_yds,bovada,19.5,20.007424473843106,19.62978014218951,Under,-115,0.5475,0.5,0.02358695652173909,false,0.0,95.0,2.0,1.0,2.0,1,0.8695652173913043
2026_04_IND_WAS,00-0036223,Jonathan Taylor,IND,WAS,receptions,bovada,2.5,3.017969062250399,2.6319643646244977,Over,-135,0.5975,0.5407914020517831,0.040092592592592624,false,0.0,95.0,2.0,1.0,1.0,-1,-1.0
2026_04_IND_WAS,00-0036223,Jonathan Taylor,IND,WAS,receptions,bovada,2.5,3.017969062250399,2.6319643646244977,Under,105,0.40249999999999997,0.4592085979482169,-0.17487500000000006,false,0.0,95.0,2.0,1.0,1.0,1,1.05
2026_04_IND_WAS,00-0036223,Jonathan Taylor,IND,WAS,rush_yds,bovada,93.5,72.3991273837218,80.94226478443127,Over,-110,0.2775,0.48987854251012153,-0.47022727272727266,false,0.0,95.0,2.0,1.0,95.0,1,0.9090909090909091
2026_04_IND_WAS,00-0036223,Jonathan Taylor,IND,WAS,rush_yds,bovada,93.5,72.3991273837218,80.94226478443127,Under,-120,0.7224999999999999,0.5101214574898785,0.3245833333333332,false,0.0,95.0,2.0,1.0,95.0,-1,-1.0
2026_04_IND_WAS,00-0036223,Jonathan Taylor,IND,WAS,rec_yds,betonlineag,19.5,20.007424473843106,19.62978014218951,Over,-115,0.4525,0.5030953363598846,-0.15402173913043476,false,0.0,95.0,2.0,1.0,2.0,-1,-1.0
2026_04_IND_WAS,00-0036223,Jonathan Taylor,IND,WAS,rec_yds,betonlineag,19.5,20.007424473843106,19.62978014218951,Under,-112,0.5475,0.49690466364011543,0.03633928571428574,false,0.0,95.0,2.0,1.0,2.0,1,0.8928571428571429
2026_04_IND_WAS,00-0036223,Jonathan Taylor,IND,WAS,receptions,betonlineag,2.5,3.017969062250399,2.6319643646244977,Over,-116,0.5975,0.5051597457277305,0.11258620689655174,false,0.0,95.0,2.0,1.0,1.0,-1,-1.0
2026_04_IND_WAS,00-0036223,Jonathan Taylor,IND,WAS,receptions,betonlineag,2.5,3.017969062250399,2.6319643646244977,Under,-111,0.40249999999999997,0.4948402542722695,-0.23488738738738746,false,0.0,95.0,2.0,1.0,1.0,1,0.9009009009009009
2026_04_IND_WAS,00-0036223,Jonathan Taylor,IND,WAS,rush_yds,betonlineag,90.5,72.3991273837218,80.94226478443127,Over,-115,0.295,0.5030953363598846,-0.4484782608695653,false,0.0,95.0,2.0,1.0,95.0,1,0.8695652173913043
2026_04_IND_WAS,00-0036223,Jonathan Taylor,IND,WAS,rush_yds,betonlineag,90.5,72.3991273837218,80.94226478443127,Under,-112,0.7050000000000001,0.49690466364011543,0.3344642857142859,false,0.0,95.0,2.0,1.0,95.0,-1,-1.0
2026_04_IND_WAS,00-0036223,Jonathan Taylor,IND,WAS,rec_yds,betrivers,18.5,20.007424473843106,19.62978014218951,Over,-117,0.4725,0.5030135004821601,-0.12365384615384628,false,0.0,95.0,2.0,1.0,2.0,-1,-1.0
2026_04_IND_WAS,00-0036223,Jonathan Taylor,IND,WAS,rec_yds,betrivers,18.5,20.007424473843106,19.62978014218951,Under,-114,0.5275000000000001,0.4969864995178399,-0.009780701754385834,false,0.0,95.0,2.0,1.0,2.0,1,0.8771929824561403
2026_04_IND_WAS,00-0036223,Jonathan Taylor,IND,WAS,receptions,betrivers,2.5,3.017969062250399,2.6319643646244977,Over,-139,0.5975,,0.027356115107913692,false,0.0,95.0,2.0,1.0,1.0,-1,-1.0
2026_04_IND_WAS,00-0036223,Jonathan Taylor,IND,WAS,rush_yds,betrivers,91.5,72.3991273837218,80.94226478443127,Over,-117,0.29,0.5030135004821601,-0.4621367521367521,false,0.0,95.0,2.0,1.0,95.0,1,0.8547008547008547
2026_04_IND_WAS,00-0036223,Jonathan Taylor,IND,WAS,rush_yds,betrivers,91.5,72.3991273837218,80.94226478443127,Under,-114,0.71,0.4969864995178399,0.33280701754385955,false,0.0,95.0,2.0,1.0,95.0,-1,-1.0
2026_04_DET_CAR,00-0036555,Chuba Hubbard,CAR,DET,rush_yds,draftkings,66.5,39.509566629093285,45.69564087795096,Over,-112,0.225,0.5,-0.5741071428571429,true,0.0,122.0,7.0,1.0,122.0,1,0.8928571428571429
2026_04_DET_CAR,00-0036555,Chuba Hubbard,CAR,DET,rush_yds,draftkings,66.5,39.509566629093285,45.69564087795096,Under,-112,0.775,0.5,0.46696428571428583,true,0.0,122.0,7.0,1.0,122.0,-1,-1.0
2026_04_DET_CAR,00-0036555,Chuba Hubbard,CAR,DET,rush_yds,fanduel,66.5,39.509566629093285,45.69564087795096,Over,-113,0.225,0.5,-0.5758849557522124,true,0.0,122.0,7.0,1.0,122.0,1,0.8849557522123894
2026_04_DET_CAR,00-0036555,Chuba Hubbard,CAR,DET,rush_yds,fanduel,66.5,39.509566629093285,45.69564087795096,Under,-113,0.775,0.5,0.46084070796460186,true,0.0,122.0,7.0,1.0,122.0,-1,-1.0
2026_04_DET_CAR,00-0036555,Chuba Hubbard,CAR,DET,rush_yds,betonlineag,66.5,39.509566629093285,45.69564087795096,Over,-114,0.225,0.5,-0.5776315789473685,true,0.0,122.0,7.0,1.0,122.0,1,0.8771929824561403
2026_04_DET_CAR,00-0036555,Chuba Hubbard,CAR,DET,rush_yds,betonlineag,66.5,39.509566629093285,45.69564087795096,Under,-114,0.775,0.5,0.4548245614035088,true,0.0,122.0,7.0,1.0,122.0,-1,-1.0
2026_04_DET_CAR,00-0036555,Chuba Hubbard,CAR,DET,rush_yds,betrivers,69.5,39.509566629093285,45.69564087795096,Over,-115,0.2025,0.5,-0.6214130434782609,true,0.0,122.0,7.0,1.0,122.0,1,0.8695652173913043
2026_04_DET_CAR,00-0036555,Chuba Hubbard,CAR,DET,rush_yds,betrivers,69.5,39.509566629093285,45.69564087795096,Under,-115,0.7975,0.5,0.4909782608695652,true,0.0,122.0,7.0,1.0,122.0,-1,-1.0
2026_04_DET_CAR,00-0036555,Chuba Hubbard,CAR,DET,rush_yds,bovada,66.5,39.509566629093285,45.69564087795096,Over,-115,0.225,0.5,-0.5793478260869566,true,0.0,122.0,7.0,1.0,122.0,1,0.8695652173913043
2026_04_DET_CAR,00-0036555,Chuba Hubbard,CAR,DET,rush_yds,bovada,66.5,39.509566629093285,45.69564087795096,Under,-115,0.775,0.5,0.4489130434782609,true,0.0,122.0,7.0,1.0,122.0,-1,-1.0
2026_04_DET_CAR,00-0036555,Chuba Hubbard,CAR,DET,rush_yds,betmgm,65.5,39.509566629093285,45.69564087795096,Over,-120,0.23,0.5101214574898786,-0.5783333333333334,true,0.0,122.0,7.0,1.0,122.0,1,0.8333333333333334
2026_04_DET_CAR,00-0036555,Chuba Hubbard,CAR,DET,rush_yds,betmgm,65.5,39.509566629093285,45.69564087795096,Under,-110,0.77,0.4898785425101214,0.47,true,0.0,122.0,7.0,1.0,122.0,-1,-1.0
2026_04_DAL_HOU,00-0034383,Dalton Schultz,HOU,DAL,rec_yds,draftkings,40.5,38.481584499087006,52.19508150168909,Over,-113,0.4225,0.5021058838394474,-0.20360619469026547,false,0.0,0.0,9.0,2.0,9.0,-1,-1.0
2026_04_DAL_HOU,00-0034383,Dalton Schultz,HOU,DAL,rec_yds,draftkings,40.5,38.481584499087006,52.19508150168909,Under,-111,0.5775,0.49789411616055257,0.0977702702702703,false,0.0,0.0,9.0,2.0,9.0,1,0.9009009009009009
2026_04_DAL_HOU,00-0034383,Dalton Schultz,HOU,DAL,receptions,draftkings,4.5,4.029034008458142,4.9111445635935125,Over,-109,0.4375,0.4916850288945246,-0.16112385321100914,false,0.0,0.0,9.0,2.0,2.0,-1,-1.0
2026_04_DAL_HOU,00-0034383,Dalton Schultz,HOU,DAL,receptions,draftkings,4.5,4.029034008458142,4.9111445635935125,Under,-117,0.5625,0.5083149711054754,0.043269230769230727,false,0.0,0.0,9.0,2.0,2.0,1,0.8547008547008547
2026_04_DAL_HOU,00-0034383,Dalton Schultz,HOU,DAL,rec_yds,fanduel,40.5,38.481584499087006,52.19508150168909,Over,-113,0.4225,0.5,-0.20360619469026547,false,0.0,0.0,9.0,2.0,9.0,-1,-1.0
2026_04_DAL_HOU,00-0034383,Dalton Schultz,HOU,DAL,rec_yds,fanduel,40.5,38.481584499087006,52.19508150168909,Under,-113,0.5775,0.5,0.08856194690265495,false,0.0,0.0,9.0,2.0,9.0,1,0.8849557522123894
2026_04_DAL_HOU,00-0034383,Dalton Schultz,HOU,DAL,receptions,fanduel,4.5,4.029034008458142,4.9111445635935125,Over,-110,0.4375,0.48987854251012153,-0.1647727272727273,false,0.0,0.0,9.0,2.0,2.0,-1,-1.0
2026_04_DAL_HOU,00-0034383,Dalton Schultz,HOU,DAL,receptions,fanduel,4.5,4.029034008458142,4.9111445635935125,Under,-120,0.5625,0.5101214574898785,0.03125,false,0.0,0.0,9.0,2.0,2.0,1,0.8333333333333334
2026_04_DAL_HOU,00-0034383,Dalton Schultz,HOU,DAL,rec_yds,betonlineag,38.5,38.481584499087006,52.19508150168909,Over,-114,0.45,0.5,-0.15526315789473688,false,0.0,0.0,9.0,2.0,9.0,-1,-1.0
2026_04_DAL_HOU,00-0034383,Dalton Schultz,HOU,DAL,rec_yds,betonlineag,38.5,38.481584499087006,52.19508150168909,Under,-114,0.55,0.5,0.03245614035087724,false,0.0,0.0,9.0,2.0,9.0,1,0.8771929824561403
2026_04_DAL_HOU,00-0034383,Dalton Schultz,HOU,DAL,receptions,betonlineag,4.5,4.029034008458142,4.9111445635935125,Over,100,0.4375,0.4693877551020408,-0.125,false,0.0,0.0,9.0,2.0,2.0,-1,-1.0
2026_04_DAL_HOU,00-0034383,Dalton Schultz,HOU,DAL,receptions,betonlineag,4.5,4.029034008458142,4.9111445635935125,Under,-130,0.5625,0.5306122448979592,-0.004807692307692291,false,0.0,0.0,9.0,2.0,2.0,1,0.7692307692307693
2026_04_DAL_HOU,00-0034383,Dalton Schultz,HOU,DAL,rec_yds,betrivers,39.5,38.481584499087006,52.19508150168909,Over,-113,0.44,0.4949766918501849,-0.17061946902654873,false,0.0,0.0,9.0,2.0,9.0,-1,-1.0
2026_04_DAL_HOU,00-0034383,Dalton Schultz,HOU,DAL,rec_yds,betrivers,39.5,38.481584499087006,52.19508150168909,Under,-118,0.56,0.5050233081498151,0.034576271186440743,false,0.0,0.0,9.0,2.0,9.0,1,0.847457627118644
2026_04_DAL_HOU,00-0034383,Dalton Schultz,HOU,DAL,receptions,betrivers,4.5,4.029034008458142,4.9111445635935125,Over,107,0.4375,,-0.09437499999999999,false,0.0,0.0,9.0,2.0,2.0,-1,-1.0
2026_04_DAL_HOU,00-0034383,Dalton Schultz,HOU,DAL,rec_yds,betmgm,41.5,38.481584499087006,52.19508150168909,Over,-115,0.4125,0.5,-0.228804347826087,false,0.0,0.0,9.0,2.0,9.0,-1,-1.0
2026_04_DAL_HOU,00-0034383,Dalton Schultz,HOU,DAL,rec_yds,betmgm,41.5,38.481584499087006,52.19508150168909,Under,-115,0.5875,0.5,0.09836956521739137,false,0.0,0.0,9.0,2.0,9.0,1,0.8695652173913043
2026_04_DAL_HOU,00-0034383,Dalton Schultz,HOU,DAL,receptions,betmgm,4.5,4.029034008458142,4.9111445635935125,Over,110,0.4375,0.4424778761061946,-0.08124999999999993,false,0.0,0.0,9.0,2.0,2.0,-1,-1.0
2026_04_DAL_HOU,00-0034383,Dalton Schultz,HOU,DAL,receptions,betmgm,4.5,4.029034008458142,4.9111445635935125,Under,-150,0.5625,0.5575221238938054,-0.0625,false,0.0,0.0,9.0,2.0,2.0,1,0.6666666666666666
2026_04_DAL_HOU,00-0034383,Dalton Schultz,HOU,DAL,rec_yds,bovada,40.5,38.481584499087006,52.19508150168909,Over,-115,0.4225,0.5,-0.21010869565217394,false,0.0,0.0,9.0,2.0,9.0,-1,-1.0
2026_04_DAL_HOU,00-0034383,Dalton Schultz,HOU,DAL,rec_yds,bovada,40.5,38.481584499087006,52.19508150168909,Under,-115,0.5775,0.5,0.07967391304347826,false,0.0,0.0,9.0,2.0,9.0,1,0.8695652173913043
2026_04_DAL_HOU,00-0034383,Dalton Schultz,HOU,DAL,receptions,bovada,4.5,4.029034008458142,4.9111445635935125,Over,-110,0.4375,0.48987854251012153,-0.1647727272727273,false,0.0,0.0,9.0,2.0,2.0,-1,-1.0
2026_04_DAL_HOU,00-0034383,Dalton Schultz,HOU,DAL,receptions,bovada,4.5,4.029034008458142,4.9111445635935125,Under,-120,0.5625,0.5101214574898785,0.03125,false,0.0,0.0,9.0,2.0,2.0,1,0.8333333333333334
2026_04_TEN_BAL,00-0034753,Mark Andrews,BAL,TEN,rec_yds,draftkings,38.5,31.418491879641174,29.824881984319124,Over,-110,0.4025,0.495787700084246,-0.23159090909090901,false,0.0,0.0,27.0,5.0,27.0,-1,-1.0
2026_04_TEN_BAL,00-0034753,Mark Andrews,BAL,TEN,rec_yds,draftkings,38.5,31.418491879641174,29.824881984319124,Under,-114,0.5974999999999999,0.504212299915754,0.12162280701754369,false,0.0,0.0,27.0,5.0,27.0,1,0.8771929824561403
2026_04_TEN_BAL,00-0034753,Mark Andrews,BAL,TEN,receptions,draftkings,3.5,2.934412184838099,3.292881229561313,Over,-155,0.3375,0.5732574679943101,-0.444758064516129,false,0.0,0.0,27.0,5.0,5.0,1,0.6451612903225806
2026_04_TEN_BAL,00-0034753,Mark Andrews,BAL,TEN,receptions,draftkings,3.5,2.934412184838099,3.292881229561313,Under,121,0.6625,0.4267425320056899,0.4641249999999999,false,0.0,0.0,27.0,5.0,5.0,-1,-1.0
2026_04_TEN_BAL,00-0034753,Mark Andrews,BAL,TEN,rec_yds,fanduel,37.5,31.418491879641174,29.824881984319124,Over,-113,0.41,0.5,-0.22716814159292043,false,0.0,0.0,27.0,5.0,27.0,-1,-1.0
2026_04_TEN_BAL,00-0034753,Mark Andrews,BAL,TEN,rec_yds,fanduel,37.5,31.418491879641174,29.824881984319124,Under,-113,0.5900000000000001,0.5,0.11212389380530996,false,0.0,0.0,27.0,5.0,27.0,1,0.8849557522123894
2026_04_TEN_BAL,00-0034753,Mark Andrews,BAL,TEN,receptions,fanduel,3.5,2.934412184838099,3.292881229561313,Over,-166,0.3375,0.5829675153643546,-0.45918674698795175,false,0.0,0.0,27.0,5.0,5.0,1,0.6024096385542169
2026_04_TEN_BAL,00-0034753,Mark Andrews,BAL,TEN,receptions,fanduel,3.5,2.934412184838099,3.292881229561313,Under,124,0.6625,0.41703248463564535,0.484,false,0.0,0.0,27.0,5.0,5.0,-1,-1.0
2026_04_TEN_BAL,00-0034753,Mark Andrews,BAL,TEN,rec_yds,betonlineag,36.5,31.418491879641174,29.824881984319124,Over,-114,0.4125,0.5,-0.22565789473684217,false,0.0,0.0,27.0,5.0,27.0,-1,-1.0
2026_04_TEN_BAL,00-0034753,Mark Andrews,BAL,TEN,rec_yds,betonlineag,36.5,31.418491879641174,29.824881984319124,Under,-114,0.5875,0.5,0.10285087719298247,false,0.0,0.0,27.0,5.0,27.0,1,0.8771929824561403
2026_04_TEN_BAL,00-0034753,Mark Andrews,BAL,TEN,receptions,betonlineag,3.5,2.934412184838099,3.292881229561313,Over,-143,0.3375,0.552733296521259,-0.42648601398601393,false,0.0,0.0,27.0,5.0,5.0,1,0.6993006993006993
2026_04_TEN_BAL,00-0034753,Mark Andrews,BAL,TEN,receptions,betonlineag,3.5,2.934412184838099,3.292881229561313,Under,110,0.6625,0.447266703478741,0.39125,false,0.0,0.0,27.0,5.0,5.0,-1,-1.0
2026_04_TEN_BAL,00-0034753,Mark Andrews,BAL,TEN,rec_yds,betrivers,38.5,31.418491879641174,29.824881984319124,Over,-117,0.4025,0.5040451438048622,-0.2534829059829059,false,0.0,0.0,27.0,5.0,27.0,-1,-1.0
2026_04_TEN_BAL,00-0034753,Mark Andrews,BAL,TEN,rec_yds,betrivers,38.5,31.418491879641174,29.824881984319124,Under,-113,0.5974999999999999,0.4959548561951378,0.12626106194690256,false,0.0,0.0,27.0,5.0,27.0,1,0.8849557522123894
2026_04_TEN_BAL,00-0034753,Mark Andrews,BAL,TEN,receptions,betrivers,3.5,2.934412184838099,3.292881229561313,Over,-165,0.3375,,-0.4579545454545454,false,0.0,0.0,27.0,5.0,5.0,1,0.6060606060606061
2026_04_TEN_BAL,00-0034753,Mark Andrews,BAL,TEN,rec_yds,betmgm,36.5,31.418491879641174,29.824881984319124,Over,-115,0.4125,0.5,-0.228804347826087,false,0.0,0.0,27.0,5.0,27.0,-1,-1.0
2026_04_TEN_BAL,00-0034753,Mark Andrews,BAL,TEN,rec_yds,betmgm,36.5,31.418491879641174,29.824881984319124,Under,-115,0.5875,0.5,0.09836956521739137,false,0.0,0.0,27.0,5.0,27.0,1,0.8695652173913043
2026_04_TEN_BAL,00-0034753,Mark Andrews,BAL,TEN,receptions,betmgm,3.5,2.934412184838099,3.292881229561313,Over,-155,0.3375,0.5665108372290694,-0.444758064516129,false,0.0,0.0,27.0,5.0,5.0,1,0.6451612903225806
2026_04_TEN_BAL,00-0034753,Mark Andrews,BAL,TEN,receptions,betmgm,3.5,2.934412184838099,3.292881229561313,Under,115,0.6625,0.43348916277093064,0.42437499999999995,false,0.0,0.0,27.0,5.0,5.0,-1,-1.0
2026_04_TEN_BAL,00-0034753,Mark Andrews,BAL,TEN,rec_yds,bovada,38.5,31.418491879641174,29.824881984319124,Over,-115,0.4025,0.5,-0.2474999999999999,false,0.0,0.0,27.0,5.0,27.0,-1,-1.0
2026_04_TEN_BAL,00-0034753,Mark Andrews,BAL,TEN,rec_yds,bovada,38.5,31.418491879641174,29.824881984319124,Under,-115,0.5974999999999999,0.5,0.11706521739130415,false,0.0,0.0,27.0,5.0,27.0,1,0.8695652173913043
2026_04_TEN_BAL,00-0034753,Mark Andrews,BAL,TEN,receptions,bovada,3.5,2.934412184838099,3.292881229561313,Over,-160,0.3375,0.5751633986928104,-0.4515625,false,0.0,0.0,27.0,5.0,5.0,1,0.625
2026_04_TEN_BAL,00-0034753,Mark Andrews,BAL,TEN,receptions,bovada,3.5,2.934412184838099,3.292881229561313,Under,120,0.6625,0.4248366013071896,0.4574999999999999,false,0.0,0.0,27.0,5.0,5.0,-1,-1.0
2026_04_LA_PHI,00-0039738,Blake Corum,LA,PHI,rush_yds,draftkings,39.5,35.71463963416413,46.35505723663194,Over,-110,0.4175,0.495787700084246,-0.2029545454545455,false,0.0,14.0,7.0,1.0,14.0,-1,-1.0
2026_04_LA_PHI,00-0039738,Blake Corum,LA,PHI,rush_yds,draftkings,39.5,35.71463963416413,46.35505723663194,Under,-114,0.5825,0.504212299915754,0.09346491228070175,false,0.0,14.0,7.0,1.0,14.0,1,0.8771929824561403
2026_04_LA_PHI,00-0039738,Blake Corum,LA,PHI,rush_yds,fanduel,39.5,35.71463963416413,46.35505723663194,Over,-113,0.4175,0.5,-0.21303097345132743,false,0.0,14.0,7.0,1.0,14.0,-1,-1.0
2026_04_LA_PHI,00-0039738,Blake Corum,LA,PHI,rush_yds,fanduel,39.5,35.71463963416413,46.35505723663194,Under,-113,0.5825,0.5,0.09798672566371691,false,0.0,14.0,7.0,1.0,14.0,1,0.8849557522123894
2026_04_LA_PHI,00-0039738,Blake Corum,LA,PHI,rush_yds,betonlineag,39.5,35.71463963416413,46.35505723663194,Over,-115,0.4175,0.5030953363598846,-0.2194565217391305,false,0.0,14.0,7.0,1.0,14.0,-1,-1.0
2026_04_LA_PHI,00-0039738,Blake Corum,LA,PHI,rush_yds,betonlineag,39.5,35.71463963416413,46.35505723663194,Under,-112,0.5825,0.49690466364011543,0.10258928571428583,false,0.0,14.0,7.0,1.0,14.0,1,0.8928571428571429
2026_04_LA_PHI,00-0039738,Blake Corum,LA,PHI,rush_yds,betrivers,40.5,35.71463963416413,46.35505723663194,Over,-117,0.3975,0.5030135004821601,-0.2627564102564103,false,0.0,14.0,7.0,1.0,14.0,-1,-1.0
2026_04_LA_PHI,00-0039738,Blake Corum,LA,PHI,rush_yds,betrivers,40.5,35.71463963416413,46.35505723663194,Under,-114,0.6025,0.4969864995178399,0.13100877192982463,false,0.0,14.0,7.0,1.0,14.0,1,0.8771929824561403
2026_04_LA_PHI,00-0039738,Blake Corum,LA,PHI,rush_yds,betmgm,43.5,35.71463963416413,46.35505723663194,Over,-115,0.3625,0.5,-0.3222826086956522,false,0.0,14.0,7.0,1.0,14.0,-1,-1.0
2026_04_LA_PHI,00-0039738,Blake Corum,LA,PHI,rush_yds,betmgm,43.5,35.71463963416413,46.35505723663194,Under,-115,0.6375,0.5,0.19184782608695639,false,0.0,14.0,7.0,1.0,14.0,1,0.8695652173913043
2026_04_LA_PHI,00-0039738,Blake Corum,LA,PHI,rush_yds,bovada,39.5,35.71463963416413,46.35505723663194,Over,-115,0.4175,0.5,-0.2194565217391305,false,0.0,14.0,7.0,1.0,14.0,-1,-1.0
2026_04_LA_PHI,00-0039738,Blake Corum,LA,PHI,rush_yds,bovada,39.5,35.71463963416413,46.35505723663194,Under,-115,0.5825,0.5,0.08902173913043476,false,0.0,14.0,7.0,1.0,14.0,1,0.8695652173913043
2026_04_DEN_SF,00-0039732,Bo Nix,DEN,SF,pass_yds,draftkings,222.5,232.3979172599384,225.58949895330153,Over,-111,0.5125,0.4978941161605526,-0.025788288288288386,false,214.0,10.0,0.0,0.0,214.0,-1,-1.0
2026_04_DEN_SF,00-0039732,Bo Nix,DEN,SF,pass_yds,draftkings,222.5,232.3979172599384,225.58949895330153,Under,-113,0.48750000000000004,0.5021058838394474,-0.08108407079646007,false,214.0,10.0,0.0,0.0,214.0,1,0.8849557522123894
2026_04_DEN_SF,00-0039732,Bo Nix,DEN,SF,pass_yds,fanduel,221.5,232.3979172599384,225.58949895330153,Over,-113,0.5175,0.5,-0.024535398230088545,false,214.0,10.0,0.0,0.0,214.0,-1,-1.0
2026_04_DEN_SF,00-0039732,Bo Nix,DEN,SF,pass_yds,fanduel,221.5,232.3979172599384,225.58949895330153,Under,-113,0.48250000000000004,0.5,-0.09050884955752203,false,214.0,10.0,0.0,0.0,214.0,1,0.8849557522123894
2026_04_DEN_SF,00-0039732,Bo Nix,DEN,SF,pass_yds,betonlineag,222.5,232.3979172599384,225.58949895330153,Over,-114,0.5125,0.5,-0.03793859649122816,false,214.0,10.0,0.0,0.0,214.0,-1,-1.0
2026_04_DEN_SF,00-0039732,Bo Nix,DEN,SF,pass_yds,betonlineag,222.5,232.3979172599384,225.58949895330153,Under,-114,0.48750000000000004,0.5,-0.08486842105263154,false,214.0,10.0,0.0,0.0,214.0,1,0.8771929824561403
2026_04_DEN_SF,00-0039732,Bo Nix,DEN,SF,pass_yds,betrivers,224.5,232.3979172599384,225.58949895330153,Over,-115,0.505,0.5,-0.05586956521739128,false,214.0,10.0,0.0,0.0,214.0,-1,-1.0
2026_04_DEN_SF,00-0039732,Bo Nix,DEN,SF,pass_yds,betrivers,224.5,232.3979172599384,225.58949895330153,Under,-115,0.495,0.5,-0.0745652173913044,false,214.0,10.0,0.0,0.0,214.0,1,0.8695652173913043
2026_04_DEN_SF,00-0039732,Bo Nix,DEN,SF,pass_yds,bovada,222.5,232.3979172599384,225.58949895330153,Over,-115,0.5125,0.5,-0.04184782608695664,false,214.0,10.0,0.0,0.0,214.0,-1,-1.0
2026_04_DEN_SF,00-0039732,Bo Nix,DEN,SF,pass_yds,bovada,222.5,232.3979172599384,225.58949895330153,Under,-115,0.48750000000000004,0.5,-0.08858695652173904,false,214.0,10.0,0.0,0.0,214.0,1,0.8695652173913043
2026_04_LA_PHI,00-0037840,Kyren Williams,LA,PHI,rec_yds,draftkings,13.5,18.19510489432009,26.980447237629413,Over,-107,0.545,0.48945992664108945,0.054345794392523405,true,0.0,80.0,67.0,10.0,67.0,1,0.9345794392523364
2026_04_LA_PHI,00-0037840,Kyren Williams,LA,PHI,rec_yds,draftkings,13.5,18.19510489432009,26.980447237629413,Under,-117,0.45499999999999996,0.5105400733589105,-0.1561111111111112,true,0.0,80.0,67.0,10.0,67.0,-1,-1.0
2026_04_LA_PHI,00-0037840,Kyren Williams,LA,PHI,receptions,draftkings,2.5,2.7431895986535824,2.9533260497524427,Over,132,0.5175,0.4069099050039329,0.2005999999999999,true,0.0,80.0,67.0,10.0,10.0,1,1.32
2026_04_LA_PHI,00-0037840,Kyren Williams,LA,PHI,receptions,draftkings,2.5,2.7431895986535824,2.9533260497524427,Under,-169,0.48250000000000004,0.5930900949960671,-0.2319970414201183,true,0.0,80.0,67.0,10.0,10.0,-1,-1.0
2026_04_LA_PHI,00-0037840,Kyren Williams,LA,PHI,rush_yds,draftkings,59.5,68.09024809380635,70.89351444378549,Over,-113,0.5725,0.5021058838394474,0.079137168141593,true,0.0,80.0,67.0,10.0,80.0,1,0.8849557522123894
2026_04_LA_PHI,00-0037840,Kyren Williams,LA,PHI,rush_yds,draftkings,59.5,68.09024809380635,70.89351444378549,Under,-111,0.4275,0.49789411616055257,-0.18736486486486487,true,0.0,80.0,67.0,10.0,80.0,-1,-1.0
2026_04_LA_PHI,00-0037840,Kyren Williams,LA,PHI,rec_yds,fanduel,13.5,18.19510489432009,26.980447237629413,Over,-113,0.545,0.5,0.027300884955752336,true,0.0,80.0,67.0,10.0,67.0,1,0.8849557522123894
2026_04_LA_PHI,00-0037840,Kyren Williams,LA,PHI,rec_yds,fanduel,13.5,18.19510489432009,26.980447237629413,Under,-113,0.45499999999999996,0.5,-0.1423451327433629,true,0.0,80.0,67.0,10.0,67.0,-1,-1.0
2026_04_LA_PHI,00-0037840,Kyren Williams,LA,PHI,receptions,fanduel,2.5,2.7431895986535824,2.9533260497524427,Over,118,0.5175,0.42825841577584495,0.12814999999999988,true,0.0,80.0,67.0,10.0,10.0,1,1.18
2026_04_LA_PHI,00-0037840,Kyren Williams,LA,PHI,receptions,fanduel,2.5,2.7431895986535824,2.9533260497524427,Under,-158,0.48250000000000004,0.5717415842241551,-0.21212025316455685,true,0.0,80.0,67.0,10.0,10.0,-1,-1.0
2026_04_LA_PHI,00-0037840,Kyren Williams,LA,PHI,rush_yds,fanduel,56.5,68.09024809380635,70.89351444378549,Over,-113,0.595,0.5,0.1215486725663717,true,0.0,80.0,67.0,10.0,80.0,1,0.8849557522123894
2026_04_LA_PHI,00-0037840,Kyren Williams,LA,PHI,rush_yds,fanduel,56.5,68.09024809380635,70.89351444378549,Under,-113,0.405,0.5,-0.23659292035398222,true,0.0,80.0,67.0,10.0,80.0,-1,-1.0
2026_04_LA_PHI,00-0037840,Kyren Williams,LA,PHI,rec_yds,betonlineag,13.5,18.19510489432009,26.980447237629413,Over,-114,0.545,0.5,0.02307017543859652,true,0.0,80.0,67.0,10.0,67.0,1,0.8771929824561403
2026_04_LA_PHI,00-0037840,Kyren Williams,LA,PHI,rec_yds,betonlineag,13.5,18.19510489432009,26.980447237629413,Under,-114,0.45499999999999996,0.5,-0.14587719298245622,true,0.0,80.0,67.0,10.0,67.0,-1,-1.0
2026_04_LA_PHI,00-0037840,Kyren Williams,LA,PHI,receptions,betonlineag,2.5,2.7431895986535824,2.9533260497524427,Over,132,0.5175,0.4053409632808775,0.2005999999999999,true,0.0,80.0,67.0,10.0,10.0,1,1.32
2026_04_LA_PHI,00-0037840,Kyren Williams,LA,PHI,receptions,betonlineag,2.5,2.7431895986535824,2.9533260497524427,Under,-172,0.48250000000000004,0.5946590367191225,-0.23697674418604642,true,0.0,80.0,67.0,10.0,10.0,-1,-1.0
2026_04_LA_PHI,00-0037840,Kyren Williams,LA,PHI,rush_yds,betonlineag,60.5,68.09024809380635,70.89351444378549,Over,-114,0.5575,0.5,0.04653508771929821,true,0.0,80.0,67.0,10.0,80.0,1,0.8771929824561403
2026_04_LA_PHI,00-0037840,Kyren Williams,LA,PHI,rush_yds,betonlineag,60.5,68.09024809380635,70.89351444378549,Under,-114,0.4425,0.5,-0.1693421052631579,true,0.0,80.0,67.0,10.0,80.0,-1,-1.0
2026_04_LA_PHI,00-0037840,Kyren Williams,LA,PHI,rec_yds,betrivers,13.5,18.19510489432009,26.980447237629413,Over,-114,0.545,0.4989820846905537,0.02307017543859652,true,0.0,80.0,67.0,10.0,67.0,1,0.8771929824561403
2026_04_LA_PHI,00-0037840,Kyren Williams,LA,PHI,rec_yds,betrivers,13.5,18.19510489432009,26.980447237629413,Under,-115,0.45499999999999996,0.5010179153094463,-0.14934782608695663,true,0.0,80.0,67.0,10.0,67.0,-1,-1.0
2026_04_LA_PHI,00-0037840,Kyren Williams,LA,PHI,receptions,betrivers,2.5,2.7431895986535824,2.9533260497524427,Over,125,0.5175,,0.16437499999999994,true,0.0,80.0,67.0,10.0,10.0,1,1.25
2026_04_LA_PHI,00-0037840,Kyren Williams,LA,PHI,rush_yds,betrivers,58.5,68.09024809380635,70.89351444378549,Over,-117,0.58,0.5030135004821601,0.07572649572649565,true,0.0,80.0,67.0,10.0,80.0,1,0.8547008547008547
2026_04_LA_PHI,00-0037840,Kyren Williams,LA,PHI,rush_yds,betrivers,58.5,68.09024809380635,70.89351444378549,Under,-114,0.42000000000000004,0.4969864995178399,-0.21157894736842098,true,0.0,80.0,67.0,10.0,80.0,-1,-1.0
2026_04_LA_PHI,00-0037840,Kyren Williams,LA,PHI,rec_yds,betmgm,13.5,18.19510489432009,26.980447237629413,Over,-115,0.545,0.5,0.01891304347826095,true,0.0,80.0,67.0,10.0,67.0,1,0.8695652173913043
2026_04_LA_PHI,00-0037840,Kyren Williams,LA,PHI,rec_yds,betmgm,13.5,18.19510489432009,26.980447237629413,Under,-115,0.45499999999999996,0.5,-0.14934782608695663,true,0.0,80.0,67.0,10.0,67.0,-1,-1.0
2026_04_LA_PHI,00-0037840,Kyren Williams,LA,PHI,receptions,betmgm,2.5,2.7431895986535824,2.9533260497524427,Over,145,0.5175,0.379746835443038,0.26787499999999986,true,0.0,80.0,67.0,10.0,10.0,1,1.45
2026_04_LA_PHI,00-0037840,Kyren Williams,LA,PHI,receptions,betmgm,2.5,2.7431895986535824,2.9533260497524427,Under,-200,0.48250000000000004,0.620253164556962,-0.27624999999999994,true,0.0,80.0,67.0,10.0,10.0,-1,-1.0
2026_04_LA_PHI,00-0037840,Kyren Williams,LA,PHI,rush_yds,betmgm,60.5,68.09024809380635,70.89351444378549,Over,-115,0.5575,0.5,0.042282608695652146,true,0.0,80.0,67.0,10.0,80.0,1,0.8695652173913043
2026_04_LA_PHI,00-0037840,Kyren Williams,LA,PHI,rush_yds,betmgm,60.5,68.09024809380635,70.89351444378549,Under,-115,0.4425,0.5,-0.17271739130434782,true,0.0,80.0,67.0,10.0,80.0,-1,-1.0
2026_04_LA_PHI,00-0037840,Kyren Williams,LA,PHI,rec_yds,bovada,13.5,18.19510489432009,26.980447237629413,Over,-110,0.545,0.48987854251012153,0.04045454545454552,true,0.0,80.0,67.0,10.0,67.0,1,0.9090909090909091
2026_04_LA_PHI,00-0037840,Kyren Williams,LA,PHI,rec_yds,bovada,13.5,18.19510489432009,26.980447237629413,Under,-120,0.45499999999999996,0.5101214574898785,-0.1658333333333334,true,0.0,80.0,67.0,10.0,67.0,-1,-1.0
2026_04_LA_PHI,00-0037840,Kyren Williams,LA,PHI,receptions,bovada,2.5,2.7431895986535824,2.9533260497524427,Over,130,0.5175,0.40847201210287454,0.19024999999999992,true,0.0,80.0,67.0,10.0,10.0,1,1.3
2026_04_LA_PHI,00-0037840,Kyren Williams,LA,PHI,receptions,bovada,2.5,2.7431895986535824,2.9533260497524427,Under,-170,0.48250000000000004,0.5915279878971255,-0.2336764705882352,true,0.0,80.0,67.0,10.0,10.0,-1,-1.0
2026_04_LA_PHI,00-0037840,Kyren Williams,LA,PHI,rush_yds,bovada,59.5,68.09024809380635,70.89351444378549,Over,-115,0.5725,0.5,0.07032608695652176,true,0.0,80.0,67.0,10.0,80.0,1,0.8695652173913043
2026_04_LA_PHI,00-0037840,Kyren Williams,LA,PHI,rush_yds,bovada,59.5,68.09024809380635,70.89351444378549,Under,-115,0.4275,0.5,-0.20076086956521744,true,0.0,80.0,67.0,10.0,80.0,-1,-1.0
2026_04_IND_WAS,00-0031588,Stefon Diggs,WAS,IND,rec_yds,draftkings,56.5,37.23718424875085,45.016986111906945,Over,-114,0.27,0.5042122999157539,-0.4931578947368421,false,0.0,0.0,35.0,5.0,35.0,-1,-1.0
2026_04_IND_WAS,00-0031588,Stefon Diggs,WAS,IND,rec_yds,draftkings,56.5,37.23718424875085,45.016986111906945,Under,-110,0.73,0.4957877000842461,0.39363636363636356,false,0.0,0.0,35.0,5.0,35.0,1,0.9090909090909091
2026_04_IND_WAS,00-0031588,Stefon Diggs,WAS,IND,receptions,draftkings,5.5,3.9650814496931295,4.280342742760977,Over,-118,0.2775,0.510397604391948,-0.48733050847457615,false,0.0,0.0,35.0,5.0,5.0,-1,-1.0
2026_04_IND_WAS,00-0031588,Stefon Diggs,WAS,IND,receptions,draftkings,5.5,3.9650814496931295,4.280342742760977,Under,-108,0.7224999999999999,0.48960239560805197,0.3914814814814813,false,0.0,0.0,35.0,5.0,5.0,1,0.9259259259259259
2026_04_IND_WAS,00-0031588,Stefon Diggs,WAS,IND,rec_yds,fanduel,56.5,37.23718424875085,45.016986111906945,Over,-113,0.27,0.5,-0.4910619469026548,false,0.0,0.0,35.0,5.0,35.0,-1,-1.0
2026_04_IND_WAS,00-0031588,Stefon Diggs,WAS,IND,rec_yds,fanduel,56.5,37.23718424875085,45.016986111906945,Under,-113,0.73,0.5,0.37601769911504423,false,0.0,0.0,35.0,5.0,35.0,1,0.8849557522123894
2026_04_IND_WAS,00-0031588,Stefon Diggs,WAS,IND,receptions,fanduel,5.5,3.9650814496931295,4.280342742760977,Over,-114,0.2775,0.5,-0.47907894736842094,false,0.0,0.0,35.0,5.0,5.0,-1,-1.0
2026_04_IND_WAS,00-0031588,Stefon Diggs,WAS,IND,receptions,fanduel,5.5,3.9650814496931295,4.280342742760977,Under,-114,0.7224999999999999,0.5,0.35627192982456124,false,0.0,0.0,35.0,5.0,5.0,1,0.8771929824561403
2026_04_IND_WAS,00-0031588,Stefon Diggs,WAS,IND,rec_yds,betmgm,58.5,37.23718424875085,45.016986111906945,Over,-115,0.25,0.5,-0.532608695652174,false,0.0,0.0,35.0,5.0,35.0,-1,-1.0
2026_04_IND_WAS,00-0031588,Stefon Diggs,WAS,IND,rec_yds,betmgm,58.5,37.23718424875085,45.016986111906945,Under,-115,0.75,0.5,0.40217391304347827,false,0.0,0.0,35.0,5.0,35.0,1,0.8695652173913043
2026_04_IND_WAS,00-0031588,Stefon Diggs,WAS,IND,receptions,betmgm,5.5,3.9650814496931295,4.280342742760977,Over,-105,0.2775,0.4796954314720812,-0.45821428571428563,false,0.0,0.0,35.0,5.0,5.0,-1,-1.0
2026_04_IND_WAS,00-0031588,Stefon Diggs,WAS,IND,receptions,betmgm,5.5,3.9650814496931295,4.280342742760977,Under,-125,0.7224999999999999,0.5203045685279188,0.3004999999999999,false,0.0,0.0,35.0,5.0,5.0,1,0.8
2026_04_IND_WAS,00-0031588,Stefon Diggs,WAS,IND,rec_yds,bovada,56.5,37.23718424875085,45.016986111906945,Over,-115,0.27,0.5,-0.49521739130434783,false,0.0,0.0,35.0,5.0,35.0,-1,-1.0
2026_04_IND_WAS,00-0031588,Stefon Diggs,WAS,IND,rec_yds,bovada,56.5,37.23718424875085,45.016986111906945,Under,-115,0.73,0.5,0.36478260869565216,false,0.0,0.0,35.0,5.0,35.0,1,0.8695652173913043
2026_04_IND_WAS,00-0031588,Stefon Diggs,WAS,IND,receptions,bovada,5.5,3.9650814496931295,4.280342742760977,Over,-120,0.2775,0.5101214574898786,-0.49124999999999985,false,0.0,0.0,35.0,5.0,5.0,-1,-1.0
2026_04_IND_WAS,00-0031588,Stefon Diggs,WAS,IND,receptions,bovada,5.5,3.9650814496931295,4.280342742760977,Under,-110,0.7224999999999999,0.4898785425101214,0.37931818181818167,false,0.0,0.0,35.0,5.0,5.0,1,0.9090909090909091
2026_04_IND_WAS,00-0031588,Stefon Diggs,WAS,IND,rec_yds,betonlineag,53.5,37.23718424875085,45.016986111906945,Over,-114,0.2975,0.5,-0.4415350877192983,false,0.0,0.0,35.0,5.0,35.0,-1,-1.0
2026_04_IND_WAS,00-0031588,Stefon Diggs,WAS,IND,rec_yds,betonlineag,53.5,37.23718424875085,45.016986111906945,Under,-114,0.7025,0.5,0.3187280701754386,false,0.0,0.0,35.0,5.0,35.0,1,0.8771929824561403
2026_04_IND_WAS,00-0031588,Stefon Diggs,WAS,IND,receptions,betonlineag,5.5,3.9650814496931295,4.280342742760977,Over,-114,0.2775,0.5,-0.47907894736842094,false,0.0,0.0,35.0,5.0,5.0,-1,-1.0
2026_04_IND_WAS,00-0031588,Stefon Diggs,WAS,IND,receptions,betonlineag,5.5,3.9650814496931295,4.280342742760977,Under,-114,0.7224999999999999,0.5,0.35627192982456124,false,0.0,0.0,35.0,5.0,5.0,1,0.8771929824561403
2026_04_IND_WAS,00-0031588,Stefon Diggs,WAS,IND,rec_yds,betrivers,55.5,37.23718424875085,45.016986111906945,Over,-115,0.2775,0.5,-0.4811956521739129,false,0.0,0.0,35.0,5.0,35.0,-1,-1.0
2026_04_IND_WAS,00-0031588,Stefon Diggs,WAS,IND,rec_yds,betrivers,55.5,37.23718424875085,45.016986111906945,Under,-115,0.7224999999999999,0.5,0.35076086956521724,false,0.0,0.0,35.0,5.0,35.0,1,0.8695652173913043
2026_04_IND_WAS,00-0031588,Stefon Diggs,WAS,IND,receptions,betrivers,5.5,3.9650814496931295,4.280342742760977,Over,-112,0.2775,,-0.4747321428571427,false,0.0,0.0,35.0,5.0,5.0,-1,-1.0
2026_04_IND_WAS,00-0040242,Jacory Croskey-Merritt,WAS,IND,rush_yds,draftkings,59.5,34.86860636602828,47.72568611116998,Over,-113,0.215,0.5021058838394474,-0.5947345132743362,false,0.0,15.0,35.0,2.0,15.0,-1,-1.0
2026_04_IND_WAS,00-0040242,Jacory Croskey-Merritt,WAS,IND,rush_yds,draftkings,59.5,34.86860636602828,47.72568611116998,Under,-111,0.785,0.49789411616055257,0.49220720720720723,false,0.0,15.0,35.0,2.0,15.0,1,0.9009009009009009
2026_04_IND_WAS,00-0040242,Jacory Croskey-Merritt,WAS,IND,rush_yds,fanduel,60.5,34.86860636602828,47.72568611116998,Over,-113,0.2025,0.5,-0.6182964601769911,false,0.0,15.0,35.0,2.0,15.0,-1,-1.0
2026_04_IND_WAS,00-0040242,Jacory Croskey-Merritt,WAS,IND,rush_yds,fanduel,60.5,34.86860636602828,47.72568611116998,Under,-113,0.7975,0.5,0.5032522123893806,false,0.0,15.0,35.0,2.0,15.0,1,0.8849557522123894
2026_04_IND_WAS,00-0040242,Jacory Croskey-Merritt,WAS,IND,rush_yds,betmgm,59.5,34.86860636602828,47.72568611116998,Over,-115,0.215,0.5,-0.5980434782608696,false,0.0,15.0,35.0,2.0,15.0,-1,-1.0
2026_04_IND_WAS,00-0040242,Jacory Croskey-Merritt,WAS,IND,rush_yds,betmgm,59.5,34.86860636602828,47.72568611116998,Under,-115,0.785,0.5,0.467608695652174,false,0.0,15.0,35.0,2.0,15.0,1,0.8695652173913043
2026_04_IND_WAS,00-0040242,Jacory Croskey-Merritt,WAS,IND,rush_yds,bovada,59.5,34.86860636602828,47.72568611116998,Over,-115,0.215,0.5,-0.5980434782608696,false,0.0,15.0,35.0,2.0,15.0,-1,-1.0
2026_04_IND_WAS,00-0040242,Jacory Croskey-Merritt,WAS,IND,rush_yds,bovada,59.5,34.86860636602828,47.72568611116998,Under,-115,0.785,0.5,0.467608695652174,false,0.0,15.0,35.0,2.0,15.0,1,0.8695652173913043
2026_04_IND_WAS,00-0040242,Jacory Croskey-Merritt,WAS,IND,rush_yds,betonlineag,60.5,34.86860636602828,47.72568611116998,Over,-116,0.2025,0.5051597457277305,-0.6229310344827585,false,0.0,15.0,35.0,2.0,15.0,-1,-1.0
2026_04_IND_WAS,00-0040242,Jacory Croskey-Merritt,WAS,IND,rush_yds,betonlineag,60.5,34.86860636602828,47.72568611116998,Under,-111,0.7975,0.4948402542722695,0.5159684684684684,false,0.0,15.0,35.0,2.0,15.0,1,0.9009009009009009
2026_04_IND_WAS,00-0040242,Jacory Croskey-Merritt,WAS,IND,rush_yds,betrivers,64.5,34.86860636602828,47.72568611116998,Over,-115,0.1775,0.5,-0.6681521739130435,false,0.0,15.0,35.0,2.0,15.0,-1,-1.0
2026_04_IND_WAS,00-0040242,Jacory Croskey-Merritt,WAS,IND,rush_yds,betrivers,64.5,34.86860636602828,47.72568611116998,Under,-115,0.8225,0.5,0.5377173913043478,false,0.0,15.0,35.0,2.0,15.0,1,0.8695652173913043
2026_04_JAX_CIN,00-0036900,Ja'Marr Chase,CIN,JAX,rec_yds,draftkings,85.5,75.7679072910443,80.77542554148054,Over,-113,0.4275,0.5021058838394474,-0.19418141592920352,false,0.0,0.0,27.0,3.0,27.0,-1,-1.0
2026_04_JAX_CIN,00-0036900,Ja'Marr Chase,CIN,JAX,rec_yds,draftkings,85.5,75.7679072910443,80.77542554148054,Under,-111,0.5725,0.49789411616055257,0.08826576576576584,false,0.0,0.0,27.0,3.0,27.0,1,0.9009009009009009
2026_04_JAX_CIN,00-0036900,Ja'Marr Chase,CIN,JAX,receptions,draftkings,7.5,6.443315508535637,7.257900614040525,Over,110,0.37,0.44943820224719105,-0.22299999999999998,false,0.0,0.0,27.0,3.0,3.0,-1,-1.0
2026_04_JAX_CIN,00-0036900,Ja'Marr Chase,CIN,JAX,receptions,draftkings,7.5,6.443315508535637,7.257900614040525,Under,-140,0.63,0.550561797752809,0.08000000000000002,false,0.0,0.0,27.0,3.0,3.0,1,0.7142857142857143
2026_04_JAX_CIN,00-0036900,Ja'Marr Chase,CIN,JAX,rec_yds,fanduel,81.5,75.7679072910443,80.77542554148054,Over,-113,0.465,0.5,-0.12349557522123883,false,0.0,0.0,27.0,3.0,27.0,-1,-1.0
2026_04_JAX_CIN,00-0036900,Ja'Marr Chase,CIN,JAX,rec_yds,fanduel,81.5,75.7679072910443,80.77542554148054,Under,-113,0.5349999999999999,0.5,0.008451327433628197,false,0.0,0.0,27.0,3.0,27.0,1,0.8849557522123894
2026_04_JAX_CIN,00-0036900,Ja'Marr Chase,CIN,JAX,receptions,fanduel,7.5,6.443315508535637,7.257900614040525,Over,120,0.37,0.4248366013071895,-0.186,false,0.0,0.0,27.0,3.0,3.0,-1,-1.0
2026_04_JAX_CIN,00-0036900,Ja'Marr Chase,CIN,JAX,receptions,fanduel,7.5,6.443315508535637,7.257900614040525,Under,-160,0.63,0.5751633986928105,0.023749999999999993,false,0.0,0.0,27.0,3.0,3.0,1,0.625
2026_04_JAX_CIN,00-0036900,Ja'Marr Chase,CIN,JAX,rec_yds,betonlineag,85.5,75.7679072910443,80.77542554148054,Over,-114,0.4275,0.5,-0.19750000000000006,false,0.0,0.0,27.0,3.0,27.0,-1,-1.0
2026_04_JAX_CIN,00-0036900,Ja'Marr Chase,CIN,JAX,rec_yds,betonlineag,85.5,75.7679072910443,80.77542554148054,Under,-114,0.5725,0.5,0.07469298245614031,false,0.0,0.0,27.0,3.0,27.0,1,0.8771929824561403
2026_04_JAX_CIN,00-0036900,Ja'Marr Chase,CIN,JAX,receptions,betonlineag,7.5,6.443315508535637,7.257900614040525,Over,115,0.37,0.43734082725915513,-0.20450000000000002,false,0.0,0.0,27.0,3.0,3.0,-1,-1.0
2026_04_JAX_CIN,00-0036900,Ja'Marr Chase,CIN,JAX,receptions,betonlineag,7.5,6.443315508535637,7.257900614040525,Under,-149,0.63,0.5626591727408449,0.05281879194630873,false,0.0,0.0,27.0,3.0,3.0,1,0.6711409395973155
2026_04_JAX_CIN,00-0036900,Ja'Marr Chase,CIN,JAX,rec_yds,betrivers,82.5,75.7679072910443,80.77542554148054,Over,-114,0.46,0.4969864995178399,-0.1364912280701755,false,0.0,0.0,27.0,3.0,27.0,-1,-1.0
2026_04_JAX_CIN,00-0036900,Ja'Marr Chase,CIN,JAX,rec_yds,betrivers,82.5,75.7679072910443,80.77542554148054,Under,-117,0.54,0.5030135004821601,0.0015384615384615996,false,0.0,0.0,27.0,3.0,27.0,1,0.8547008547008547
2026_04_JAX_CIN,00-0036900,Ja'Marr Chase,CIN,JAX,receptions,betrivers,6.5,6.443315508535637,7.257900614040525,Over,-137,0.5075,,-0.12206204379562052,false,0.0,0.0,27.0,3.0,3.0,-1,-1.0
2026_04_JAX_CIN,00-0036900,Ja'Marr Chase,CIN,JAX,rec_yds,betmgm,82.5,75.7679072910443,80.77542554148054,Over,-115,0.46,0.5,-0.14,false,0.0,0.0,27.0,3.0,27.0,-1,-1.0
2026_04_JAX_CIN,00-0036900,Ja'Marr Chase,CIN,JAX,rec_yds,betmgm,82.5,75.7679072910443,80.77542554148054,Under,-115,0.54,0.5,0.009565217391304393,false,0.0,0.0,27.0,3.0,27.0,1,0.8695652173913043
2026_04_JAX_CIN,00-0036900,Ja'Marr Chase,CIN,JAX,receptions,betmgm,7.5,6.443315508535637,7.257900614040525,Over,110,0.37,0.4424778761061946,-0.22299999999999998,false,0.0,0.0,27.0,3.0,3.0,-1,-1.0
2026_04_JAX_CIN,00-0036900,Ja'Marr Chase,CIN,JAX,receptions,betmgm,7.5,6.443315508535637,7.257900614040525,Under,-150,0.63,0.5575221238938054,0.04999999999999999,false,0.0,0.0,27.0,3.0,3.0,1,0.6666666666666666
2026_04_JAX_CIN,00-0036900,Ja'Marr Chase,CIN,JAX,rec_yds,bovada,85.5,75.7679072910443,80.77542554148054,Over,-115,0.4275,0.5,-0.20076086956521744,false,0.0,0.0,27.0,3.0,27.0,-1,-1.0
2026_04_JAX_CIN,00-0036900,Ja'Marr Chase,CIN,JAX,rec_yds,bovada,85.5,75.7679072910443,80.77542554148054,Under,-115,0.5725,0.5,0.07032608695652176,false,0.0,0.0,27.0,3.0,27.0,1,0.8695652173913043
2026_04_JAX_CIN,00-0036900,Ja'Marr Chase,CIN,JAX,receptions,bovada,7.5,6.443315508535637,7.257900614040525,Over,110,0.37,0.4458598726114649,-0.22299999999999998,false,0.0,0.0,27.0,3.0,3.0,-1,-1.0
2026_04_JAX_CIN,00-0036900,Ja'Marr Chase,CIN,JAX,receptions,bovada,7.5,6.443315508535637,7.257900614040525,Under,-145,0.63,0.5541401273885351,0.0644827586206897,false,0.0,0.0,27.0,3.0,3.0,1,0.6896551724137931
2026_04_DAL_HOU,00-0039163,C.J. Stroud,HOU,DAL,pass_yds,draftkings,245.5,234.38189556013015,234.51126909537476,Over,-112,0.405,0.5,-0.23339285714285707,false,347.0,12.0,0.0,0.0,347.0,1,0.8928571428571429
2026_04_DAL_HOU,00-0039163,C.J. Stroud,HOU,DAL,pass_yds,draftkings,245.5,234.38189556013015,234.51126909537476,Under,-112,0.595,0.5,0.12624999999999997,false,347.0,12.0,0.0,0.0,347.0,-1,-1.0
2026_04_DAL_HOU,00-0039163,C.J. Stroud,HOU,DAL,pass_yds,fanduel,244.5,234.38189556013015,234.51126909537476,Over,-113,0.4125,0.5,-0.2224557522123894,false,347.0,12.0,0.0,0.0,347.0,1,0.8849557522123894
2026_04_DAL_HOU,00-0039163,C.J. Stroud,HOU,DAL,pass_yds,fanduel,244.5,234.38189556013015,234.51126909537476,Under,-113,0.5875,0.5,0.10741150442477887,false,347.0,12.0,0.0,0.0,347.0,-1,-1.0
2026_04_DAL_HOU,00-0039163,C.J. Stroud,HOU,DAL,pass_yds,betonlineag,246.5,234.38189556013015,234.51126909537476,Over,-116,0.4025,0.5051597457277305,-0.25051724137931025,false,347.0,12.0,0.0,0.0,347.0,1,0.8620689655172413
2026_04_DAL_HOU,00-0039163,C.J. Stroud,HOU,DAL,pass_yds,betonlineag,246.5,234.38189556013015,234.51126909537476,Under,-111,0.5974999999999999,0.4948402542722695,0.13578828828828815,false,347.0,12.0,0.0,0.0,347.0,-1,-1.0
2026_04_DAL_HOU,00-0039163,C.J. Stroud,HOU,DAL,pass_yds,betrivers,242.5,234.38189556013015,234.51126909537476,Over,-115,0.425,0.5,-0.20543478260869563,false,347.0,12.0,0.0,0.0,347.0,1,0.8695652173913043
2026_04_DAL_HOU,00-0039163,C.J. Stroud,HOU,DAL,pass_yds,betrivers,242.5,234.38189556013015,234.51126909537476,Under,-115,0.575,0.5,0.0749999999999999,false,347.0,12.0,0.0,0.0,347.0,-1,-1.0
2026_04_DAL_HOU,00-0039163,C.J. Stroud,HOU,DAL,pass_yds,betmgm,248.5,234.38189556013015,234.51126909537476,Over,-115,0.385,0.5,-0.2802173913043478,false,347.0,12.0,0.0,0.0,347.0,1,0.8695652173913043
2026_04_DAL_HOU,00-0039163,C.J. Stroud,HOU,DAL,pass_yds,betmgm,248.5,234.38189556013015,234.51126909537476,Under,-115,0.615,0.5,0.1497826086956522,false,347.0,12.0,0.0,0.0,347.0,-1,-1.0
2026_04_DAL_HOU,00-0039163,C.J. Stroud,HOU,DAL,pass_yds,bovada,245.5,234.38189556013015,234.51126909537476,Over,-115,0.405,0.5,-0.2428260869565217,false,347.0,12.0,0.0,0.0,347.0,1,0.8695652173913043
2026_04_DAL_HOU,00-0039163,C.J. Stroud,HOU,DAL,pass_yds,bovada,245.5,234.38189556013015,234.51126909537476,Under,-115,0.595,0.5,0.11239130434782607,false,347.0,12.0,0.0,0.0,347.0,-1,-1.0
2026_04_JAX_CIN,00-0034829,Mike Gesicki,CIN,JAX,rec_yds,draftkings,27.5,23.654283432367546,38.27397897842776,Over,-115,0.4225,0.5063197809142617,-0.21010869565217394,false,0.0,0.0,40.0,3.0,40.0,1,0.8695652173913043
2026_04_JAX_CIN,00-0034829,Mike Gesicki,CIN,JAX,rec_yds,draftkings,27.5,23.654283432367546,38.27397897842776,Under,-109,0.5775,0.49368021908573834,0.10731651376146789,false,0.0,0.0,40.0,3.0,40.0,-1,-1.0
2026_04_JAX_CIN,00-0034829,Mike Gesicki,CIN,JAX,receptions,draftkings,2.5,2.146786321951734,3.0697486972718977,Over,-127,0.46,0.528066528066528,-0.1777952755905512,false,0.0,0.0,40.0,3.0,3.0,1,0.7874015748031497
2026_04_JAX_CIN,00-0034829,Mike Gesicki,CIN,JAX,receptions,draftkings,2.5,2.146786321951734,3.0697486972718977,Under,100,0.54,0.471933471933472,0.08000000000000007,false,0.0,0.0,40.0,3.0,3.0,-1,-1.0
2026_04_JAX_CIN,00-0034829,Mike Gesicki,CIN,JAX,rec_yds,fanduel,27.5,23.654283432367546,38.27397897842776,Over,-113,0.4225,0.5,-0.20360619469026547,false,0.0,0.0,40.0,3.0,40.0,1,0.8849557522123894
2026_04_JAX_CIN,00-0034829,Mike Gesicki,CIN,JAX,rec_yds,fanduel,27.5,23.654283432367546,38.27397897842776,Under,-113,0.5775,0.5,0.08856194690265495,false,0.0,0.0,40.0,3.0,40.0,-1,-1.0
2026_04_JAX_CIN,00-0034829,Mike Gesicki,CIN,JAX,receptions,fanduel,2.5,2.146786321951734,3.0697486972718977,Over,-130,0.46,0.5281576830249397,-0.18615384615384617,false,0.0,0.0,40.0,3.0,3.0,1,0.7692307692307693
2026_04_JAX_CIN,00-0034829,Mike Gesicki,CIN,JAX,receptions,fanduel,2.5,2.146786321951734,3.0697486972718977,Under,-102,0.54,0.4718423169750603,0.0694117647058824,false,0.0,0.0,40.0,3.0,3.0,-1,-1.0
2026_04_JAX_CIN,00-0034829,Mike Gesicki,CIN,JAX,rec_yds,betonlineag,27.5,23.654283432367546,38.27397897842776,Over,-114,0.4225,0.5,-0.20688596491228073,false,0.0,0.0,40.0,3.0,40.0,1,0.8771929824561403
2026_04_JAX_CIN,00-0034829,Mike Gesicki,CIN,JAX,rec_yds,betonlineag,27.5,23.654283432367546,38.27397897842776,Under,-114,0.5775,0.5,0.08407894736842103,false,0.0,0.0,40.0,3.0,40.0,-1,-1.0
2026_04_JAX_CIN,00-0034829,Mike Gesicki,CIN,JAX,receptions,betonlineag,2.5,2.146786321951734,3.0697486972718977,Over,-128,0.46,0.5276888998277135,-0.18062500000000004,false,0.0,0.0,40.0,3.0,3.0,1,0.78125
2026_04_JAX_CIN,00-0034829,Mike Gesicki,CIN,JAX,receptions,betonlineag,2.5,2.146786321951734,3.0697486972718977,Under,-101,0.54,0.4723111001722865,0.07465346534653472,false,0.0,0.0,40.0,3.0,3.0,-1,-1.0
2026_04_JAX_CIN,00-0034829,Mike Gesicki,CIN,JAX,rec_yds,betrivers,28.5,23.654283432367546,38.27397897842776,Over,-118,0.4075,0.5050233081498151,-0.2471610169491526,false,0.0,0.0,40.0,3.0,40.0,1,0.847457627118644
2026_04_JAX_CIN,00-0034829,Mike Gesicki,CIN,JAX,rec_yds,betrivers,28.5,23.654283432367546,38.27397897842776,Under,-113,0.5925,0.4949766918501849,0.11683628318584083,false,0.0,0.0,40.0,3.0,40.0,-1,-1.0
2026_04_JAX_CIN,00-0034829,Mike Gesicki,CIN,JAX,receptions,betrivers,2.5,2.146786321951734,3.0697486972718977,Over,-143,0.46,,-0.21832167832167837,false,0.0,0.0,40.0,3.0,3.0,1,0.6993006993006993
2026_04_JAX_CIN,00-0034829,Mike Gesicki,CIN,JAX,rec_yds,betmgm,27.5,23.654283432367546,38.27397897842776,Over,-115,0.4225,0.5,-0.21010869565217394,false,0.0,0.0,40.0,3.0,40.0,1,0.8695652173913043
2026_04_JAX_CIN,00-0034829,Mike Gesicki,CIN,JAX,rec_yds,betmgm,27.5,23.654283432367546,38.27397897842776,Under,-115,0.5775,0.5,0.07967391304347826,false,0.0,0.0,40.0,3.0,40.0,-1,-1.0
2026_04_JAX_CIN,00-0034829,Mike Gesicki,CIN,JAX,receptions,betmgm,2.5,2.146786321951734,3.0697486972718977,Over,-140,0.46,0.5445920303605313,-0.21142857142857147,false,0.0,0.0,40.0,3.0,3.0,1,0.7142857142857143
2026_04_JAX_CIN,00-0034829,Mike Gesicki,CIN,JAX,receptions,betmgm,2.5,2.146786321951734,3.0697486972718977,Under,105,0.54,0.4554079696394687,0.1070000000000001,false,0.0,0.0,40.0,3.0,3.0,-1,-1.0
2026_04_JAX_CIN,00-0034829,Mike Gesicki,CIN,JAX,rec_yds,bovada,27.5,23.654283432367546,38.27397897842776,Over,-120,0.4225,0.5101214574898786,-0.22541666666666665,false,0.0,0.0,40.0,3.0,40.0,1,0.8333333333333334
2026_04_JAX_CIN,00-0034829,Mike Gesicki,CIN,JAX,rec_yds,bovada,27.5,23.654283432367546,38.27397897842776,Under,-110,0.5775,0.4898785425101214,0.10250000000000004,false,0.0,0.0,40.0,3.0,40.0,-1,-1.0
2026_04_JAX_CIN,00-0034829,Mike Gesicki,CIN,JAX,receptions,bovada,2.5,2.146786321951734,3.0697486972718977,Over,-130,0.46,0.5306122448979592,-0.18615384615384617,false,0.0,0.0,40.0,3.0,3.0,1,0.7692307692307693
2026_04_JAX_CIN,00-0034829,Mike Gesicki,CIN,JAX,receptions,bovada,2.5,2.146786321951734,3.0697486972718977,Under,100,0.54,0.4693877551020408,0.08000000000000007,false,0.0,0.0,40.0,3.0,3.0,-1,-1.0
2026_04_GB_TB,00-0036264,Jordan Love,GB,TB,pass_yds,draftkings,236.5,235.49880593280244,245.47375910799155,Over,-113,0.45,0.5021058838394474,-0.15176991150442481,false,197.0,-8.0,0.0,0.0,197.0,-1,-1.0
2026_04_GB_TB,00-0036264,Jordan Love,GB,TB,pass_yds,draftkings,236.5,235.49880593280244,245.47375910799155,Under,-111,0.55,0.49789411616055257,0.045495495495495586,false,197.0,-8.0,0.0,0.0,197.0,1,0.9009009009009009
2026_04_GB_TB,00-0036264,Jordan Love,GB,TB,pass_yds,fanduel,238.5,235.49880593280244,245.47375910799155,Over,-113,0.45,0.5,-0.15176991150442481,false,197.0,-8.0,0.0,0.0,197.0,-1,-1.0
2026_04_GB_TB,00-0036264,Jordan Love,GB,TB,pass_yds,fanduel,238.5,235.49880593280244,245.47375910799155,Under,-113,0.55,0.5,0.036725663716814294,false,197.0,-8.0,0.0,0.0,197.0,1,0.8849557522123894
2026_04_GB_TB,00-0036264,Jordan Love,GB,TB,pass_yds,betonlineag,238.5,235.49880593280244,245.47375910799155,Over,-114,0.45,0.5,-0.15526315789473688,false,197.0,-8.0,0.0,0.0,197.0,-1,-1.0
2026_04_GB_TB,00-0036264,Jordan Love,GB,TB,pass_yds,betonlineag,238.5,235.49880593280244,245.47375910799155,Under,-114,0.55,0.5,0.03245614035087724,false,197.0,-8.0,0.0,0.0,197.0,1,0.8771929824561403
2026_04_GB_TB,00-0036264,Jordan Love,GB,TB,pass_yds,betrivers,235.5,235.49880593280244,245.47375910799155,Over,-115,0.4525,0.5,-0.15402173913043476,false,197.0,-8.0,0.0,0.0,197.0,-1,-1.0
2026_04_GB_TB,00-0036264,Jordan Love,GB,TB,pass_yds,betrivers,235.5,235.49880593280244,245.47375910799155,Under,-115,0.5475,0.5,0.02358695652173909,false,197.0,-8.0,0.0,0.0,197.0,1,0.8695652173913043
2026_04_GB_TB,00-0036264,Jordan Love,GB,TB,pass_yds,bovada,236.5,235.49880593280244,245.47375910799155,Over,-115,0.45,0.5,-0.15869565217391307,false,197.0,-8.0,0.0,0.0,197.0,-1,-1.0
2026_04_GB_TB,00-0036264,Jordan Love,GB,TB,pass_yds,bovada,236.5,235.49880593280244,245.47375910799155,Under,-115,0.55,0.5,0.02826086956521745,false,197.0,-8.0,0.0,0.0,197.0,1,0.8695652173913043
2026_04_GB_TB,00-0036264,Jordan Love,GB,TB,pass_yds,betmgm,241.5,235.49880593280244,245.47375910799155,Over,-115,0.43,0.5,-0.1960869565217392,false,197.0,-8.0,0.0,0.0,197.0,-1,-1.0
2026_04_GB_TB,00-0036264,Jordan Love,GB,TB,pass_yds,betmgm,241.5,235.49880593280244,245.47375910799155,Under,-115,0.5700000000000001,0.5,0.06565217391304357,false,197.0,-8.0,0.0,0.0,197.0,1,0.8695652173913043
2026_04_MIA_MIN,00-0040198,Ollie Gordon II,MIA,MIN,rush_yds,draftkings,24.5,16.70276882250918,14.090467203683733,Over,-115,0.3625,0.5063197809142617,-0.3222826086956522,true,0.0,100.0,0.0,2.0,100.0,1,0.8695652173913043
2026_04_MIA_MIN,00-0040198,Ollie Gordon II,MIA,MIN,rush_yds,draftkings,24.5,16.70276882250918,14.090467203683733,Under,-109,0.6375,0.49368021908573834,0.22236238532110086,true,0.0,100.0,0.0,2.0,100.0,-1,-1.0
2026_04_MIA_MIN,00-0040198,Ollie Gordon II,MIA,MIN,rush_yds,fanduel,23.5,16.70276882250918,14.090467203683733,Over,-113,0.3725,0.5,-0.2978539823008849,true,0.0,100.0,0.0,2.0,100.0,1,0.8849557522123894
2026_04_MIA_MIN,00-0040198,Ollie Gordon II,MIA,MIN,rush_yds,fanduel,23.5,16.70276882250918,14.090467203683733,Under,-113,0.6275,0.5,0.1828097345132743,true,0.0,100.0,0.0,2.0,100.0,-1,-1.0
2026_04_MIA_MIN,00-0040198,Ollie Gordon II,MIA,MIN,rush_yds,betonlineag,26.5,16.70276882250918,14.090467203683733,Over,-114,0.34,0.5,-0.3617543859649122,true,0.0,100.0,0.0,2.0,100.0,1,0.8771929824561403
2026_04_MIA_MIN,00-0040198,Ollie Gordon II,MIA,MIN,rush_yds,betonlineag,26.5,16.70276882250918,14.090467203683733,Under,-114,0.6599999999999999,0.5,0.23894736842105246,true,0.0,100.0,0.0,2.0,100.0,-1,-1.0
2026_04_MIA_MIN,00-0040198,Ollie Gordon II,MIA,MIN,rush_yds,betrivers,23.5,16.70276882250918,14.090467203683733,Over,-118,0.3725,0.5060689431946916,-0.31182203389830504,true,0.0,100.0,0.0,2.0,100.0,1,0.847457627118644
2026_04_MIA_MIN,00-0040198,Ollie Gordon II,MIA,MIN,rush_yds,betrivers,23.5,16.70276882250918,14.090467203683733,Under,-112,0.6275,0.49393105680530835,0.18776785714285704,true,0.0,100.0,0.0,2.0,100.0,-1,-1.0
2026_04_MIA_MIN,00-0040198,Ollie Gordon II,MIA,MIN,rush_yds,betmgm,24.5,16.70276882250918,14.090467203683733,Over,-115,0.3625,0.5,-0.3222826086956522,true,0.0,100.0,0.0,2.0,100.0,1,0.8695652173913043
2026_04_MIA_MIN,00-0040198,Ollie Gordon II,MIA,MIN,rush_yds,betmgm,24.5,16.70276882250918,14.090467203683733,Under,-115,0.6375,0.5,0.19184782608695639,true,0.0,100.0,0.0,2.0,100.0,-1,-1.0
2026_04_MIA_MIN,00-0040198,Ollie Gordon II,MIA,MIN,rush_yds,bovada,24.5,16.70276882250918,14.090467203683733,Over,-120,0.3625,0.5101214574898786,-0.33541666666666664,true,0.0,100.0,0.0,2.0,100.0,1,0.8333333333333334
2026_04_MIA_MIN,00-0040198,Ollie Gordon II,MIA,MIN,rush_yds,bovada,24.5,16.70276882250918,14.090467203683733,Under,-110,0.6375,0.4898785425101214,0.21704545454545443,true,0.0,100.0,0.0,2.0,100.0,-1,-1.0
2026_04_DEN_SF,00-0036613,Jaylen Waddle,DEN,SF,rec_yds,draftkings,57.5,44.59091722179261,49.08943069139091,Over,-110,0.3825,0.495787700084246,-0.2697727272727272,false,0.0,0.0,35.0,5.0,35.0,-1,-1.0
2026_04_DEN_SF,00-0036613,Jaylen Waddle,DEN,SF,rec_yds,draftkings,57.5,44.59091722179261,49.08943069139091,Under,-114,0.6174999999999999,0.504212299915754,0.15916666666666657,false,0.0,0.0,35.0,5.0,35.0,1,0.8771929824561403
2026_04_DEN_SF,00-0036613,Jaylen Waddle,DEN,SF,receptions,draftkings,4.5,3.056260911168126,3.538166820489953,Over,-103,0.2175,0.47823563551944287,-0.5713349514563106,false,0.0,0.0,35.0,5.0,5.0,1,0.970873786407767
2026_04_DEN_SF,00-0036613,Jaylen Waddle,DEN,SF,receptions,draftkings,4.5,3.056260911168126,3.538166820489953,Under,-124,0.7825,0.5217643644805572,0.4135483870967741,false,0.0,0.0,35.0,5.0,5.0,-1,-1.0
2026_04_DEN_SF,00-0036613,Jaylen Waddle,DEN,SF,rec_yds,fanduel,56.5,44.59091722179261,49.08943069139091,Over,-113,0.3825,0.5,-0.279004424778761,false,0.0,0.0,35.0,5.0,35.0,-1,-1.0
2026_04_DEN_SF,00-0036613,Jaylen Waddle,DEN,SF,rec_yds,fanduel,56.5,44.59091722179261,49.08943069139091,Under,-113,0.6174999999999999,0.5,0.1639601769911504,false,0.0,0.0,35.0,5.0,35.0,1,0.8849557522123894
2026_04_DEN_SF,00-0036613,Jaylen Waddle,DEN,SF,receptions,fanduel,4.5,3.056260911168126,3.538166820489953,Over,-106,0.2175,0.4808467741935484,-0.5773113207547169,false,0.0,0.0,35.0,5.0,5.0,1,0.9433962264150944
2026_04_DEN_SF,00-0036613,Jaylen Waddle,DEN,SF,receptions,fanduel,4.5,3.056260911168126,3.538166820489953,Under,-125,0.7825,0.5191532258064516,0.4085,false,0.0,0.0,35.0,5.0,5.0,-1,-1.0
2026_04_DEN_SF,00-0036613,Jaylen Waddle,DEN,SF,rec_yds,betonlineag,56.5,44.59091722179261,49.08943069139091,Over,-116,0.3825,0.5051597457277305,-0.28775862068965513,false,0.0,0.0,35.0,5.0,35.0,-1,-1.0
2026_04_DEN_SF,00-0036613,Jaylen Waddle,DEN,SF,rec_yds,betonlineag,56.5,44.59091722179261,49.08943069139091,Under,-111,0.6174999999999999,0.4948402542722695,0.17380630630630622,false,0.0,0.0,35.0,5.0,35.0,1,0.9009009009009009
2026_04_DEN_SF,00-0036613,Jaylen Waddle,DEN,SF,receptions,betonlineag,4.5,3.056260911168126,3.538166820489953,Over,-111,0.2175,0.4948402542722694,-0.586554054054054,false,0.0,0.0,35.0,5.0,5.0,1,0.9009009009009009
2026_04_DEN_SF,00-0036613,Jaylen Waddle,DEN,SF,receptions,betonlineag,4.5,3.056260911168126,3.538166820489953,Under,-116,0.7825,0.5051597457277306,0.4570689655172413,false,0.0,0.0,35.0,5.0,5.0,-1,-1.0
2026_04_DEN_SF,00-0036613,Jaylen Waddle,DEN,SF,rec_yds,betrivers,58.5,44.59091722179261,49.08943069139091,Over,-115,0.37,0.5,-0.3082608695652174,false,0.0,0.0,35.0,5.0,35.0,-1,-1.0
2026_04_DEN_SF,00-0036613,Jaylen Waddle,DEN,SF,rec_yds,betrivers,58.5,44.59091722179261,49.08943069139091,Under,-115,0.63,0.5,0.1778260869565217,false,0.0,0.0,35.0,5.0,35.0,1,0.8695652173913043
2026_04_DEN_SF,00-0036613,Jaylen Waddle,DEN,SF,receptions,betrivers,4.5,3.056260911168126,3.538166820489953,Over,102,0.2175,,-0.56065,false,0.0,0.0,35.0,5.0,5.0,1,1.02
2026_04_DEN_SF,00-0036613,Jaylen Waddle,DEN,SF,rec_yds,bovada,57.5,44.59091722179261,49.08943069139091,Over,-115,0.3825,0.5,-0.284891304347826,false,0.0,0.0,35.0,5.0,35.0,-1,-1.0
2026_04_DEN_SF,00-0036613,Jaylen Waddle,DEN,SF,rec_yds,bovada,57.5,44.59091722179261,49.08943069139091,Under,-115,0.6174999999999999,0.5,0.15445652173913027,false,0.0,0.0,35.0,5.0,35.0,1,0.8695652173913043
2026_04_DEN_SF,00-0036613,Jaylen Waddle,DEN,SF,receptions,bovada,4.5,3.056260911168126,3.538166820489953,Over,-105,0.2175,0.4796954314720812,-0.5753571428571429,false,0.0,0.0,35.0,5.0,5.0,1,0.9523809523809523
2026_04_DEN_SF,00-0036613,Jaylen Waddle,DEN,SF,receptions,bovada,4.5,3.056260911168126,3.538166820489953,Under,-125,0.7825,0.5203045685279188,0.4085,false,0.0,0.0,35.0,5.0,5.0,-1,-1.0
2026_04_JAX_CIN,00-0036971,Trevor Lawrence,JAX,CIN,pass_yds,draftkings,255.5,236.69939512540705,225.82087046237464,Over,-112,0.3625,0.5,-0.31383928571428565,false,227.0,0.0,0.0,0.0,227.0,-1,-1.0
2026_04_JAX_CIN,00-0036971,Trevor Lawrence,JAX,CIN,pass_yds,draftkings,255.5,236.69939512540705,225.82087046237464,Under,-112,0.6375,0.5,0.20669642857142856,false,227.0,0.0,0.0,0.0,227.0,1,0.8928571428571429
2026_04_JAX_CIN,00-0036971,Trevor Lawrence,JAX,CIN,pass_yds,fanduel,260.5,236.69939512540705,225.82087046237464,Over,-113,0.335,0.5,-0.3685398230088496,false,227.0,0.0,0.0,0.0,227.0,-1,-1.0
2026_04_JAX_CIN,00-0036971,Trevor Lawrence,JAX,CIN,pass_yds,fanduel,260.5,236.69939512540705,225.82087046237464,Under,-113,0.665,0.5,0.253495575221239,false,227.0,0.0,0.0,0.0,227.0,1,0.8849557522123894
2026_04_JAX_CIN,00-0036971,Trevor Lawrence,JAX,CIN,pass_yds,betonlineag,260.5,236.69939512540705,225.82087046237464,Over,-116,0.335,0.5051597457277305,-0.3762068965517242,false,227.0,0.0,0.0,0.0,227.0,-1,-1.0
2026_04_JAX_CIN,00-0036971,Trevor Lawrence,JAX,CIN,pass_yds,betonlineag,260.5,236.69939512540705,225.82087046237464,Under,-111,0.665,0.4948402542722695,0.2640990990990991,false,227.0,0.0,0.0,0.0,227.0,1,0.9009009009009009
2026_04_JAX_CIN,00-0036971,Trevor Lawrence,JAX,CIN,pass_yds,betrivers,261.5,236.69939512540705,225.82087046237464,Over,-115,0.33,0.5,-0.3830434782608695,false,227.0,0.0,0.0,0.0,227.0,-1,-1.0
2026_04_JAX_CIN,00-0036971,Trevor Lawrence,JAX,CIN,pass_yds,betrivers,261.5,236.69939512540705,225.82087046237464,Under,-115,0.6699999999999999,0.5,0.2526086956521738,false,227.0,0.0,0.0,0.0,227.0,1,0.8695652173913043
2026_04_JAX_CIN,00-0036971,Trevor Lawrence,JAX,CIN,pass_yds,betmgm,261.5,236.69939512540705,225.82087046237464,Over,-115,0.33,0.5,-0.3830434782608695,false,227.0,0.0,0.0,0.0,227.0,-1,-1.0
2026_04_JAX_CIN,00-0036971,Trevor Lawrence,JAX,CIN,pass_yds,betmgm,261.5,236.69939512540705,225.82087046237464,Under,-115,0.6699999999999999,0.5,0.2526086956521738,false,227.0,0.0,0.0,0.0,227.0,1,0.8695652173913043
2026_04_JAX_CIN,00-0036971,Trevor Lawrence,JAX,CIN,pass_yds,bovada,255.5,236.69939512540705,225.82087046237464,Over,-115,0.3625,0.5,-0.3222826086956522,false,227.0,0.0,0.0,0.0,227.0,-1,-1.0
2026_04_JAX_CIN,00-0036971,Trevor Lawrence,JAX,CIN,pass_yds,bovada,255.5,236.69939512540705,225.82087046237464,Under,-115,0.6375,0.5,0.19184782608695639,false,227.0,0.0,0.0,0.0,227.0,1,0.8695652173913043
2026_04_TEN_BAL,00-0039064,Zay Flowers,BAL,TEN,rec_yds,draftkings,71.5,60.41832864920773,86.57843263817468,Over,-111,0.3525,0.4978941161605526,-0.3299324324324324,false,0.0,0.0,118.0,8.0,118.0,1,0.9009009009009009
2026_04_TEN_BAL,00-0039064,Zay Flowers,BAL,TEN,rec_yds,draftkings,71.5,60.41832864920773,86.57843263817468,Under,-113,0.6475,0.5021058838394474,0.22050884955752204,false,0.0,0.0,118.0,8.0,118.0,-1,-1.0
2026_04_TEN_BAL,00-0039064,Zay Flowers,BAL,TEN,receptions,draftkings,5.5,4.028273047859689,4.782299859812926,Over,122,0.295,0.4250232434586267,-0.3451000000000001,false,0.0,0.0,118.0,8.0,8.0,1,1.22
2026_04_TEN_BAL,00-0039064,Zay Flowers,BAL,TEN,receptions,draftkings,5.5,4.028273047859689,4.782299859812926,Under,-156,0.7050000000000001,0.5749767565413733,0.15692307692307705,false,0.0,0.0,118.0,8.0,8.0,-1,-1.0
2026_04_TEN_BAL,00-0039064,Zay Flowers,BAL,TEN,rec_yds,fanduel,71.5,60.41832864920773,86.57843263817468,Over,-113,0.3525,0.5,-0.3355530973451327,false,0.0,0.0,118.0,8.0,118.0,1,0.8849557522123894
2026_04_TEN_BAL,00-0039064,Zay Flowers,BAL,TEN,rec_yds,fanduel,71.5,60.41832864920773,86.57843263817468,Under,-113,0.6475,0.5,0.22050884955752204,false,0.0,0.0,118.0,8.0,118.0,-1,-1.0
2026_04_TEN_BAL,00-0039064,Zay Flowers,BAL,TEN,receptions,fanduel,5.5,4.028273047859689,4.782299859812926,Over,112,0.295,0.4414696667616063,-0.37460000000000004,false,0.0,0.0,118.0,8.0,8.0,1,1.12
2026_04_TEN_BAL,00-0039064,Zay Flowers,BAL,TEN,receptions,fanduel,5.5,4.028273047859689,4.782299859812926,Under,-148,0.7050000000000001,0.5585303332383937,0.18135135135135144,false,0.0,0.0,118.0,8.0,8.0,-1,-1.0
2026_04_TEN_BAL,00-0039064,Zay Flowers,BAL,TEN,rec_yds,betonlineag,72.5,60.41832864920773,86.57843263817468,Over,-114,0.3525,0.5,-0.33828947368421053,false,0.0,0.0,118.0,8.0,118.0,1,0.8771929824561403
2026_04_TEN_BAL,00-0039064,Zay Flowers,BAL,TEN,rec_yds,betonlineag,72.5,60.41832864920773,86.57843263817468,Under,-114,0.6475,0.5,0.21548245614035078,false,0.0,0.0,118.0,8.0,118.0,-1,-1.0
2026_04_TEN_BAL,00-0039064,Zay Flowers,BAL,TEN,receptions,betonlineag,5.5,4.028273047859689,4.782299859812926,Over,128,0.295,0.4121896998888477,-0.3274000000000001,false,0.0,0.0,118.0,8.0,8.0,1,1.28
2026_04_TEN_BAL,00-0039064,Zay Flowers,BAL,TEN,receptions,betonlineag,5.5,4.028273047859689,4.782299859812926,Under,-167,0.7050000000000001,0.5878103001111523,0.12715568862275456,false,0.0,0.0,118.0,8.0,8.0,-1,-1.0
2026_04_TEN_BAL,00-0039064,Zay Flowers,BAL,TEN,rec_yds,betrivers,69.5,60.41832864920773,86.57843263817468,Over,-114,0.375,0.4969864995178399,-0.2960526315789474,false,0.0,0.0,118.0,8.0,118.0,1,0.8771929824561403
2026_04_TEN_BAL,00-0039064,Zay Flowers,BAL,TEN,rec_yds,betrivers,69.5,60.41832864920773,86.57843263817468,Under,-117,0.625,0.5030135004821601,0.15918803418803418,false,0.0,0.0,118.0,8.0,118.0,-1,-1.0
2026_04_TEN_BAL,00-0039064,Zay Flowers,BAL,TEN,receptions,betrivers,5.5,4.028273047859689,4.782299859812926,Over,115,0.295,,-0.36575000000000013,false,0.0,0.0,118.0,8.0,8.0,1,1.15
2026_04_TEN_BAL,00-0039064,Zay Flowers,BAL,TEN,rec_yds,betmgm,71.5,60.41832864920773,86.57843263817468,Over,-115,0.3525,0.5,-0.34097826086956523,false,0.0,0.0,118.0,8.0,118.0,1,0.8695652173913043
2026_04_TEN_BAL,00-0039064,Zay Flowers,BAL,TEN,rec_yds,betmgm,71.5,60.41832864920773,86.57843263817468,Under,-115,0.6475,0.5,0.2105434782608695,false,0.0,0.0,118.0,8.0,118.0,-1,-1.0
2026_04_TEN_BAL,00-0039064,Zay Flowers,BAL,TEN,receptions,betmgm,5.5,4.028273047859689,4.782299859812926,Over,105,0.295,0.4554079696394688,-0.3952500000000001,false,0.0,0.0,118.0,8.0,8.0,1,1.05
2026_04_TEN_BAL,00-0039064,Zay Flowers,BAL,TEN,receptions,betmgm,5.5,4.028273047859689,4.782299859812926,Under,-140,0.7050000000000001,0.5445920303605312,0.20857142857142874,false,0.0,0.0,118.0,8.0,8.0,-1,-1.0
2026_04_TEN_BAL,00-0039064,Zay Flowers,BAL,TEN,rec_yds,bovada,71.5,60.41832864920773,86.57843263817468,Over,-115,0.3525,0.5,-0.34097826086956523,false,0.0,0.0,118.0,8.0,118.0,1,0.8695652173913043
2026_04_TEN_BAL,00-0039064,Zay Flowers,BAL,TEN,rec_yds,bovada,71.5,60.41832864920773,86.57843263817468,Under,-115,0.6475,0.5,0.2105434782608695,false,0.0,0.0,118.0,8.0,118.0,-1,-1.0
2026_04_TEN_BAL,00-0039064,Zay Flowers,BAL,TEN,receptions,bovada,5.5,4.028273047859689,4.782299859812926,Over,120,0.295,0.4248366013071895,-0.3510000000000001,false,0.0,0.0,118.0,8.0,8.0,1,1.2
2026_04_TEN_BAL,00-0039064,Zay Flowers,BAL,TEN,receptions,bovada,5.5,4.028273047859689,4.782299859812926,Under,-160,0.7050000000000001,0.5751633986928105,0.14562500000000012,false,0.0,0.0,118.0,8.0,8.0,-1,-1.0
2026_04_ARI_NYG,00-0033119,Jacoby Brissett,ARI,NYG,pass_yds,draftkings,231.5,222.8388833076312,230.38906644493494,Over,-111,0.465,0.4978941161605526,-0.11608108108108095,false,166.0,18.0,0.0,0.0,166.0,-1,-1.0
2026_04_ARI_NYG,00-0033119,Jacoby Brissett,ARI,NYG,pass_yds,draftkings,231.5,222.8388833076312,230.38906644493494,Under,-113,0.5349999999999999,0.5021058838394474,0.008451327433628197,false,166.0,18.0,0.0,0.0,166.0,1,0.8849557522123894
2026_04_ARI_NYG,00-0033119,Jacoby Brissett,ARI,NYG,pass_yds,fanduel,230.5,222.8388833076312,230.38906644493494,Over,-113,0.465,0.5,-0.12349557522123883,false,166.0,18.0,0.0,0.0,166.0,-1,-1.0
2026_04_ARI_NYG,00-0033119,Jacoby Brissett,ARI,NYG,pass_yds,fanduel,230.5,222.8388833076312,230.38906644493494,Under,-113,0.5349999999999999,0.5,0.008451327433628197,false,166.0,18.0,0.0,0.0,166.0,1,0.8849557522123894
2026_04_ARI_NYG,00-0033119,Jacoby Brissett,ARI,NYG,pass_yds,betrivers,233.5,222.8388833076312,230.38906644493494,Over,-115,0.4625,0.5,-0.1353260869565217,false,166.0,18.0,0.0,0.0,166.0,-1,-1.0
2026_04_ARI_NYG,00-0033119,Jacoby Brissett,ARI,NYG,pass_yds,betrivers,233.5,222.8388833076312,230.38906644493494,Under,-115,0.5375,0.5,0.004891304347826031,false,166.0,18.0,0.0,0.0,166.0,1,0.8695652173913043
2026_04_ARI_NYG,00-0033119,Jacoby Brissett,ARI,NYG,pass_yds,betonlineag,231.5,222.8388833076312,230.38906644493494,Over,-114,0.465,0.5,-0.12710526315789467,false,166.0,18.0,0.0,0.0,166.0,-1,-1.0
2026_04_ARI_NYG,00-0033119,Jacoby Brissett,ARI,NYG,pass_yds,betonlineag,231.5,222.8388833076312,230.38906644493494,Under,-114,0.5349999999999999,0.5,0.004298245614034912,false,166.0,18.0,0.0,0.0,166.0,1,0.8771929824561403
2026_04_ARI_NYG,00-0033119,Jacoby Brissett,ARI,NYG,pass_yds,betmgm,232.5,222.8388833076312,230.38906644493494,Over,-115,0.4625,0.5,-0.1353260869565217,false,166.0,18.0,0.0,0.0,166.0,-1,-1.0
2026_04_ARI_NYG,00-0033119,Jacoby Brissett,ARI,NYG,pass_yds,betmgm,232.5,222.8388833076312,230.38906644493494,Under,-115,0.5375,0.5,0.004891304347826031,false,166.0,18.0,0.0,0.0,166.0,1,0.8695652173913043
2026_04_ARI_NYG,00-0033119,Jacoby Brissett,ARI,NYG,pass_yds,bovada,231.5,222.8388833076312,230.38906644493494,Over,-115,0.465,0.5,-0.1306521739130434,false,166.0,18.0,0.0,0.0,166.0,-1,-1.0
2026_04_ARI_NYG,00-0033119,Jacoby Brissett,ARI,NYG,pass_yds,bovada,231.5,222.8388833076312,230.38906644493494,Under,-115,0.5349999999999999,0.5,0.0002173913043476694,false,166.0,18.0,0.0,0.0,166.0,1,0.8695652173913043
2026_04_KC_LV,00-0033873,Patrick Mahomes,KC,LV,pass_yds,draftkings,239.5,270.3822368007656,257.510478366701,Over,-113,0.595,0.5021058838394474,0.1215486725663717,false,225.0,0.0,0.0,0.0,225.0,-1,-1.0
2026_04_KC_LV,00-0033873,Patrick Mahomes,KC,LV,pass_yds,draftkings,239.5,270.3822368007656,257.510478366701,Under,-111,0.405,0.49789411616055257,-0.23013513513513506,false,225.0,0.0,0.0,0.0,225.0,1,0.9009009009009009
2026_04_KC_LV,00-0033873,Patrick Mahomes,KC,LV,pass_yds,fanduel,236.5,270.3822368007656,257.510478366701,Over,-113,0.6275,0.5,0.1828097345132743,false,225.0,0.0,0.0,0.0,225.0,-1,-1.0
2026_04_KC_LV,00-0033873,Patrick Mahomes,KC,LV,pass_yds,fanduel,236.5,270.3822368007656,257.510478366701,Under,-113,0.37250000000000005,0.5,-0.29785398230088483,false,225.0,0.0,0.0,0.0,225.0,1,0.8849557522123894
2026_04_KC_LV,00-0033873,Patrick Mahomes,KC,LV,pass_yds,betonlineag,236.5,270.3822368007656,257.510478366701,Over,-116,0.6275,0.5051597457277305,0.16844827586206879,false,225.0,0.0,0.0,0.0,225.0,-1,-1.0
2026_04_KC_LV,00-0033873,Patrick Mahomes,KC,LV,pass_yds,betonlineag,236.5,270.3822368007656,257.510478366701,Under,-111,0.37250000000000005,0.4948402542722695,-0.2919144144144143,false,225.0,0.0,0.0,0.0,225.0,1,0.9009009009009009
2026_04_KC_LV,00-0033873,Patrick Mahomes,KC,LV,pass_yds,betrivers,233.5,270.3822368007656,257.510478366701,Over,-115,0.64,0.5,0.1965217391304348,false,225.0,0.0,0.0,0.0,225.0,-1,-1.0
2026_04_KC_LV,00-0033873,Patrick Mahomes,KC,LV,pass_yds,betrivers,233.5,270.3822368007656,257.510478366701,Under,-115,0.36,0.5,-0.3269565217391305,false,225.0,0.0,0.0,0.0,225.0,1,0.8695652173913043
2026_04_KC_LV,00-0033873,Patrick Mahomes,KC,LV,pass_yds,betmgm,236.5,270.3822368007656,257.510478366701,Over,-115,0.6275,0.5,0.17315217391304338,false,225.0,0.0,0.0,0.0,225.0,-1,-1.0
2026_04_KC_LV,00-0033873,Patrick Mahomes,KC,LV,pass_yds,betmgm,236.5,270.3822368007656,257.510478366701,Under,-115,0.37250000000000005,0.5,-0.30358695652173906,false,225.0,0.0,0.0,0.0,225.0,1,0.8695652173913043
2026_04_KC_LV,00-0033873,Patrick Mahomes,KC,LV,pass_yds,bovada,239.5,270.3822368007656,257.510478366701,Over,-115,0.595,0.5,0.11239130434782607,false,225.0,0.0,0.0,0.0,225.0,-1,-1.0
2026_04_KC_LV,00-0033873,Patrick Mahomes,KC,LV,pass_yds,bovada,239.5,270.3822368007656,257.510478366701,Under,-115,0.405,0.5,-0.2428260869565217,false,225.0,0.0,0.0,0.0,225.0,1,0.8695652173913043
2026_04_NE_BUF,00-0036875,Rhamondre Stevenson,NE,BUF,rec_yds,draftkings,17.5,16.631519350356164,24.127589469027786,Over,-113,0.4425,0.5021058838394474,-0.1659070796460177,false,0.0,47.0,27.0,3.0,27.0,1,0.8849557522123894
2026_04_NE_BUF,00-0036875,Rhamondre Stevenson,NE,BUF,rec_yds,draftkings,17.5,16.631519350356164,24.127589469027786,Under,-111,0.5575,0.49789411616055257,0.059752252252252225,false,0.0,47.0,27.0,3.0,27.0,-1,-1.0
2026_04_NE_BUF,00-0036875,Rhamondre Stevenson,NE,BUF,receptions,draftkings,2.5,2.7974317206933157,2.7994889892512353,Over,-102,0.4775,0.47614107883817425,-0.054362745098039233,false,0.0,47.0,27.0,3.0,3.0,1,0.9803921568627451
2026_04_NE_BUF,00-0036875,Rhamondre Stevenson,NE,BUF,receptions,draftkings,2.5,2.7974317206933157,2.7994889892512353,Under,-125,0.5225,0.5238589211618258,-0.05950000000000005,false,0.0,47.0,27.0,3.0,3.0,-1,-1.0
2026_04_NE_BUF,00-0036875,Rhamondre Stevenson,NE,BUF,rush_yds,draftkings,32.5,35.0483356119867,46.949859951800704,Over,-113,0.4925,0.5021058838394474,-0.07165929203539828,false,0.0,47.0,27.0,3.0,47.0,1,0.8849557522123894
2026_04_NE_BUF,00-0036875,Rhamondre Stevenson,NE,BUF,rush_yds,draftkings,32.5,35.0483356119867,46.949859951800704,Under,-111,0.5075000000000001,0.49789411616055257,-0.03529279279279268,false,0.0,47.0,27.0,3.0,47.0,-1,-1.0
2026_04_NE_BUF,00-0036875,Rhamondre Stevenson,NE,BUF,rec_yds,fanduel,17.5,16.631519350356164,24.127589469027786,Over,-113,0.4425,0.5,-0.1659070796460177,false,0.0,47.0,27.0,3.0,27.0,1,0.8849557522123894
2026_04_NE_BUF,00-0036875,Rhamondre Stevenson,NE,BUF,rec_yds,fanduel,17.5,16.631519350356164,24.127589469027786,Under,-113,0.5575,0.5,0.05086283185840712,false,0.0,47.0,27.0,3.0,27.0,-1,-1.0
2026_04_NE_BUF,00-0036875,Rhamondre Stevenson,NE,BUF,receptions,fanduel,2.5,2.7974317206933157,2.7994889892512353,Over,-118,0.4775,0.5060689431946916,-0.11783898305084745,false,0.0,47.0,27.0,3.0,3.0,1,0.847457627118644
2026_04_NE_BUF,00-0036875,Rhamondre Stevenson,NE,BUF,receptions,fanduel,2.5,2.7974317206933157,2.7994889892512353,Under,-112,0.5225,0.49393105680530835,-0.010982142857142885,false,0.0,47.0,27.0,3.0,3.0,-1,-1.0
2026_04_NE_BUF,00-0036875,Rhamondre Stevenson,NE,BUF,rush_yds,fanduel,32.5,35.0483356119867,46.949859951800704,Over,-113,0.4925,0.5,-0.07165929203539828,false,0.0,47.0,27.0,3.0,47.0,1,0.8849557522123894
2026_04_NE_BUF,00-0036875,Rhamondre Stevenson,NE,BUF,rush_yds,fanduel,32.5,35.0483356119867,46.949859951800704,Under,-113,0.5075000000000001,0.5,-0.04338495575221224,false,0.0,47.0,27.0,3.0,47.0,-1,-1.0
2026_04_NE_BUF,00-0036875,Rhamondre Stevenson,NE,BUF,rec_yds,betonlineag,17.5,16.631519350356164,24.127589469027786,Over,-115,0.4425,0.5030953363598846,-0.17271739130434782,false,0.0,47.0,27.0,3.0,27.0,1,0.8695652173913043
2026_04_NE_BUF,00-0036875,Rhamondre Stevenson,NE,BUF,rec_yds,betonlineag,17.5,16.631519350356164,24.127589469027786,Under,-112,0.5575,0.49690466364011543,0.055267857142857146,false,0.0,47.0,27.0,3.0,27.0,-1,-1.0
2026_04_NE_BUF,00-0036875,Rhamondre Stevenson,NE,BUF,receptions,betonlineag,2.5,2.7974317206933157,2.7994889892512353,Over,-108,0.4775,0.48768472906403937,-0.08037037037037037,false,0.0,47.0,27.0,3.0,3.0,1,0.9259259259259259
2026_04_NE_BUF,00-0036875,Rhamondre Stevenson,NE,BUF,receptions,betonlineag,2.5,2.7974317206933157,2.7994889892512353,Under,-120,0.5225,0.5123152709359606,-0.04208333333333336,false,0.0,47.0,27.0,3.0,3.0,-1,-1.0
2026_04_NE_BUF,00-0036875,Rhamondre Stevenson,NE,BUF,rush_yds,betonlineag,32.5,35.0483356119867,46.949859951800704,Over,-116,0.4925,0.5051597457277305,-0.08293103448275874,false,0.0,47.0,27.0,3.0,47.0,1,0.8620689655172413
2026_04_NE_BUF,00-0036875,Rhamondre Stevenson,NE,BUF,rush_yds,betonlineag,32.5,35.0483356119867,46.949859951800704,Under,-111,0.5075000000000001,0.4948402542722695,-0.03529279279279268,false,0.0,47.0,27.0,3.0,47.0,-1,-1.0
2026_04_NE_BUF,00-0036875,Rhamondre Stevenson,NE,BUF,rec_yds,betrivers,18.5,16.631519350356164,24.127589469027786,Over,-110,0.4325,0.48987854251012153,-0.17431818181818182,false,0.0,47.0,27.0,3.0,27.0,1,0.9090909090909091
2026_04_NE_BUF,00-0036875,Rhamondre Stevenson,NE,BUF,rec_yds,betrivers,18.5,16.631519350356164,24.127589469027786,Under,-120,0.5675,0.5101214574898785,0.04041666666666671,false,0.0,47.0,27.0,3.0,27.0,-1,-1.0
2026_04_NE_BUF,00-0036875,Rhamondre Stevenson,NE,BUF,receptions,betrivers,2.5,2.7974317206933157,2.7994889892512353,Over,-130,0.4775,,-0.15519230769230763,false,0.0,47.0,27.0,3.0,3.0,1,0.7692307692307693
2026_04_NE_BUF,00-0036875,Rhamondre Stevenson,NE,BUF,rush_yds,betrivers,33.5,35.0483356119867,46.949859951800704,Over,-118,0.4775,0.5060689431946916,-0.11783898305084745,false,0.0,47.0,27.0,3.0,47.0,1,0.847457627118644
2026_04_NE_BUF,00-0036875,Rhamondre Stevenson,NE,BUF,rush_yds,betrivers,33.5,35.0483356119867,46.949859951800704,Under,-112,0.5225,0.49393105680530835,-0.010982142857142885,false,0.0,47.0,27.0,3.0,47.0,-1,-1.0
2026_04_NE_BUF,00-0036875,Rhamondre Stevenson,NE,BUF,rec_yds,betmgm,18.5,16.631519350356164,24.127589469027786,Over,-115,0.4325,0.5,-0.19141304347826088,false,0.0,47.0,27.0,3.0,27.0,1,0.8695652173913043
2026_04_NE_BUF,00-0036875,Rhamondre Stevenson,NE,BUF,rec_yds,betmgm,18.5,16.631519350356164,24.127589469027786,Under,-115,0.5675,0.5,0.060978260869565204,false,0.0,47.0,27.0,3.0,27.0,-1,-1.0
2026_04_NE_BUF,00-0036875,Rhamondre Stevenson,NE,BUF,receptions,betmgm,2.5,2.7974317206933157,2.7994889892512353,Over,-115,0.4775,0.5,-0.10728260869565215,false,0.0,47.0,27.0,3.0,3.0,1,0.8695652173913043
2026_04_NE_BUF,00-0036875,Rhamondre Stevenson,NE,BUF,receptions,betmgm,2.5,2.7974317206933157,2.7994889892512353,Under,-115,0.5225,0.5,-0.023152173913043583,false,0.0,47.0,27.0,3.0,3.0,-1,-1.0
2026_04_NE_BUF,00-0036875,Rhamondre Stevenson,NE,BUF,rush_yds,betmgm,31.5,35.0483356119867,46.949859951800704,Over,-115,0.5075,0.5,-0.05119565217391314,false,0.0,47.0,27.0,3.0,47.0,1,0.8695652173913043
2026_04_NE_BUF,00-0036875,Rhamondre Stevenson,NE,BUF,rush_yds,betmgm,31.5,35.0483356119867,46.949859951800704,Under,-115,0.49250000000000005,0.5,-0.07923913043478253,false,0.0,47.0,27.0,3.0,47.0,-1,-1.0
2026_04_NE_BUF,00-0036875,Rhamondre Stevenson,NE,BUF,rec_yds,bovada,17.5,16.631519350356164,24.127589469027786,Over,-115,0.4425,0.5,-0.17271739130434782,false,0.0,47.0,27.0,3.0,27.0,1,0.8695652173913043
2026_04_NE_BUF,00-0036875,Rhamondre Stevenson,NE,BUF,rec_yds,bovada,17.5,16.631519350356164,24.127589469027786,Under,-115,0.5575,0.5,0.042282608695652146,false,0.0,47.0,27.0,3.0,27.0,-1,-1.0
2026_04_NE_BUF,00-0036875,Rhamondre Stevenson,NE,BUF,receptions,bovada,2.5,2.7974317206933157,2.7994889892512353,Over,-105,0.4775,0.4796954314720812,-0.06773809523809526,false,0.0,47.0,27.0,3.0,3.0,1,0.9523809523809523
2026_04_NE_BUF,00-0036875,Rhamondre Stevenson,NE,BUF,receptions,bovada,2.5,2.7974317206933157,2.7994889892512353,Under,-125,0.5225,0.5203045685279188,-0.05950000000000005,false,0.0,47.0,27.0,3.0,3.0,-1,-1.0
2026_04_NE_BUF,00-0036875,Rhamondre Stevenson,NE,BUF,rush_yds,bovada,32.5,35.0483356119867,46.949859951800704,Over,-115,0.4925,0.5,-0.0792391304347827,false,0.0,47.0,27.0,3.0,47.0,1,0.8695652173913043
2026_04_NE_BUF,00-0036875,Rhamondre Stevenson,NE,BUF,rush_yds,bovada,32.5,35.0483356119867,46.949859951800704,Under,-115,0.5075000000000001,0.5,-0.05119565217391292,false,0.0,47.0,27.0,3.0,47.0,-1,-1.0
2026_04_ARI_NYG,00-0037263,Tyler Allgeier,ARI,NYG,rush_yds,draftkings,18.5,19.953137540205784,26.32341268663367,Over,-112,0.53,0.5,0.0032142857142857806,false,0.0,42.0,7.0,2.0,42.0,1,0.8928571428571429
2026_04_ARI_NYG,00-0037263,Tyler Allgeier,ARI,NYG,rush_yds,draftkings,18.5,19.953137540205784,26.32341268663367,Under,-112,0.47,0.5,-0.11035714285714288,false,0.0,42.0,7.0,2.0,42.0,-1,-1.0
2026_04_ARI_NYG,00-0037263,Tyler Allgeier,ARI,NYG,rush_yds,fanduel,18.5,19.953137540205784,26.32341268663367,Over,-113,0.53,0.5,-0.0009734513274335388,false,0.0,42.0,7.0,2.0,42.0,1,0.8849557522123894
2026_04_ARI_NYG,00-0037263,Tyler Allgeier,ARI,NYG,rush_yds,fanduel,18.5,19.953137540205784,26.32341268663367,Under,-113,0.47,0.5,-0.11407079646017704,false,0.0,42.0,7.0,2.0,42.0,-1,-1.0
2026_04_ARI_NYG,00-0037263,Tyler Allgeier,ARI,NYG,rush_yds,betrivers,19.5,19.953137540205784,26.32341268663367,Over,-113,0.5125,0.4959548561951377,-0.033960176991150504,false,0.0,42.0,7.0,2.0,42.0,1,0.8849557522123894
2026_04_ARI_NYG,00-0037263,Tyler Allgeier,ARI,NYG,rush_yds,betrivers,19.5,19.953137540205784,26.32341268663367,Under,-117,0.48750000000000004,0.5040451438048623,-0.09583333333333327,false,0.0,42.0,7.0,2.0,42.0,-1,-1.0
2026_04_ARI_NYG,00-0037263,Tyler Allgeier,ARI,NYG,rush_yds,betonlineag,18.5,19.953137540205784,26.32341268663367,Over,-120,0.53,0.5123152709359606,-0.028333333333333266,false,0.0,42.0,7.0,2.0,42.0,1,0.8333333333333334
2026_04_ARI_NYG,00-0037263,Tyler Allgeier,ARI,NYG,rush_yds,betonlineag,18.5,19.953137540205784,26.32341268663367,Under,-108,0.47,0.48768472906403937,-0.09481481481481485,false,0.0,42.0,7.0,2.0,42.0,-1,-1.0
2026_04_ARI_NYG,00-0037263,Tyler Allgeier,ARI,NYG,rush_yds,betmgm,17.5,19.953137540205784,26.32341268663367,Over,-120,0.55,0.5090470446320868,0.008333333333333415,false,0.0,42.0,7.0,2.0,42.0,1,0.8333333333333334
2026_04_ARI_NYG,00-0037263,Tyler Allgeier,ARI,NYG,rush_yds,betmgm,17.5,19.953137540205784,26.32341268663367,Under,-111,0.44999999999999996,0.49095295536791317,-0.14459459459459467,false,0.0,42.0,7.0,2.0,42.0,-1,-1.0
2026_04_ARI_NYG,00-0037263,Tyler Allgeier,ARI,NYG,rush_yds,bovada,18.5,19.953137540205784,26.32341268663367,Over,-115,0.53,0.5,-0.009130434782608665,false,0.0,42.0,7.0,2.0,42.0,1,0.8695652173913043
2026_04_ARI_NYG,00-0037263,Tyler Allgeier,ARI,NYG,rush_yds,bovada,18.5,19.953137540205784,26.32341268663367,Under,-115,0.47,0.5,-0.12130434782608701,false,0.0,42.0,7.0,2.0,42.0,-1,-1.0
2026_04_DAL_HOU,00-0038608,Kayshon Boutte,HOU,DAL,rec_yds,draftkings,22.5,25.31819050165603,31.776177856666155,Over,-115,0.5375,0.5063197809142617,0.004891304347826031,false,0.0,0.0,36.0,3.0,36.0,1,0.8695652173913043
2026_04_DAL_HOU,00-0038608,Kayshon Boutte,HOU,DAL,rec_yds,draftkings,22.5,25.31819050165603,31.776177856666155,Under,-109,0.4625,0.49368021908573834,-0.11318807339449533,false,0.0,0.0,36.0,3.0,36.0,-1,-1.0
2026_04_DAL_HOU,00-0038608,Kayshon Boutte,HOU,DAL,receptions,draftkings,2.5,2.0468411103573283,2.0791517459011506,Over,143,0.41,0.3889018675534912,-0.0037000000000001476,false,0.0,0.0,36.0,3.0,3.0,1,1.43
2026_04_DAL_HOU,00-0038608,Kayshon Boutte,HOU,DAL,receptions,draftkings,2.5,2.0468411103573283,2.0791517459011506,Under,-183,0.5900000000000001,0.6110981324465088,-0.08759562841530039,false,0.0,0.0,36.0,3.0,3.0,-1,-1.0
2026_04_DAL_HOU,00-0038608,Kayshon Boutte,HOU,DAL,rec_yds,fanduel,23.5,25.31819050165603,31.776177856666155,Over,-113,0.515,0.5,-0.029247787610619413,false,0.0,0.0,36.0,3.0,36.0,1,0.8849557522123894
2026_04_DAL_HOU,00-0038608,Kayshon Boutte,HOU,DAL,rec_yds,fanduel,23.5,25.31819050165603,31.776177856666155,Under,-113,0.485,0.5,-0.08579646017699116,false,0.0,0.0,36.0,3.0,36.0,-1,-1.0
2026_04_DAL_HOU,00-0038608,Kayshon Boutte,HOU,DAL,receptions,fanduel,2.5,2.0468411103573283,2.0791517459011506,Over,154,0.41,0.3675598766895897,0.04139999999999988,false,0.0,0.0,36.0,3.0,3.0,1,1.54
2026_04_DAL_HOU,00-0038608,Kayshon Boutte,HOU,DAL,receptions,fanduel,2.5,2.0468411103573283,2.0791517459011506,Under,-210,0.5900000000000001,0.6324401233104102,-0.12904761904761897,false,0.0,0.0,36.0,3.0,3.0,-1,-1.0
2026_04_DAL_HOU,00-0038608,Kayshon Boutte,HOU,DAL,rec_yds,betonlineag,23.5,25.31819050165603,31.776177856666155,Over,-116,0.515,0.5051597457277305,-0.041034482758620705,false,0.0,0.0,36.0,3.0,36.0,1,0.8620689655172413
2026_04_DAL_HOU,00-0038608,Kayshon Boutte,HOU,DAL,rec_yds,betonlineag,23.5,25.31819050165603,31.776177856666155,Under,-111,0.485,0.4948402542722695,-0.0780630630630631,false,0.0,0.0,36.0,3.0,36.0,-1,-1.0
2026_04_DAL_HOU,00-0038608,Kayshon Boutte,HOU,DAL,receptions,betonlineag,2.5,2.0468411103573283,2.0791517459011506,Over,146,0.41,0.38203893657106974,0.00859999999999983,false,0.0,0.0,36.0,3.0,3.0,1,1.46
2026_04_DAL_HOU,00-0038608,Kayshon Boutte,HOU,DAL,receptions,betonlineag,2.5,2.0468411103573283,2.0791517459011506,Under,-192,0.5900000000000001,0.6179610634289303,-0.10270833333333318,false,0.0,0.0,36.0,3.0,3.0,-1,-1.0
2026_04_DAL_HOU,00-0038608,Kayshon Boutte,HOU,DAL,rec_yds,betrivers,25.5,25.31819050165603,31.776177856666155,Over,-114,0.4925,0.4969864995178399,-0.07548245614035098,false,0.0,0.0,36.0,3.0,36.0,1,0.8771929824561403
2026_04_DAL_HOU,00-0038608,Kayshon Boutte,HOU,DAL,rec_yds,betrivers,25.5,25.31819050165603,31.776177856666155,Under,-117,0.5075000000000001,0.5030135004821601,-0.058739316239316164,false,0.0,0.0,36.0,3.0,36.0,-1,-1.0
2026_04_DAL_HOU,00-0038608,Kayshon Boutte,HOU,DAL,receptions,betrivers,2.5,2.0468411103573283,2.0791517459011506,Over,138,0.41,,-0.02420000000000011,false,0.0,0.0,36.0,3.0,3.0,1,1.38
2026_04_DAL_HOU,00-0038608,Kayshon Boutte,HOU,DAL,rec_yds,betmgm,24.5,25.31819050165603,31.776177856666155,Over,-115,0.5025,0.5,-0.0605434782608697,false,0.0,0.0,36.0,3.0,36.0,1,0.8695652173913043
2026_04_DAL_HOU,00-0038608,Kayshon Boutte,HOU,DAL,rec_yds,betmgm,24.5,25.31819050165603,31.776177856666155,Under,-115,0.49750000000000005,0.5,-0.06989130434782598,false,0.0,0.0,36.0,3.0,36.0,-1,-1.0
2026_04_DAL_HOU,00-0038608,Kayshon Boutte,HOU,DAL,receptions,betmgm,1.5,2.0468411103573283,2.0791517459011506,Over,-175,0.6275,0.5940959409594095,-0.013928571428571512,false,0.0,0.0,36.0,3.0,3.0,1,0.5714285714285714
2026_04_DAL_HOU,00-0038608,Kayshon Boutte,HOU,DAL,receptions,betmgm,1.5,2.0468411103573283,2.0791517459011506,Under,130,0.37250000000000005,0.40590405904059046,-0.14324999999999988,false,0.0,0.0,36.0,3.0,3.0,-1,-1.0
2026_04_DAL_HOU,00-0038608,Kayshon Boutte,HOU,DAL,rec_yds,bovada,22.5,25.31819050165603,31.776177856666155,Over,-120,0.5375,0.5101214574898786,-0.014583333333333337,false,0.0,0.0,36.0,3.0,36.0,1,0.8333333333333334
2026_04_DAL_HOU,00-0038608,Kayshon Boutte,HOU,DAL,rec_yds,bovada,22.5,25.31819050165603,31.776177856666155,Under,-110,0.4625,0.4898785425101214,-0.11704545454545451,false,0.0,0.0,36.0,3.0,36.0,-1,-1.0
2026_04_DAL_HOU,00-0038608,Kayshon Boutte,HOU,DAL,receptions,bovada,2.5,2.0468411103573283,2.0791517459011506,Over,140,0.41,0.39094650205761317,-0.016000000000000125,false,0.0,0.0,36.0,3.0,3.0,1,1.4
2026_04_DAL_HOU,00-0038608,Kayshon Boutte,HOU,DAL,receptions,bovada,2.5,2.0468411103573283,2.0791517459011506,Under,-185,0.5900000000000001,0.6090534979423868,-0.09108108108108093,false,0.0,0.0,36.0,3.0,3.0,-1,-1.0
2026_04_LA_PHI,00-0026498,Matthew Stafford,LA,PHI,pass_yds,draftkings,246.5,248.1575097021358,301.4832087038211,Over,-113,0.485,0.5021058838394474,-0.08579646017699116,false,317.0,10.0,0.0,0.0,317.0,1,0.8849557522123894
2026_04_LA_PHI,00-0026498,Matthew Stafford,LA,PHI,pass_yds,draftkings,246.5,248.1575097021358,301.4832087038211,Under,-111,0.515,0.49789411616055257,-0.021036036036035988,false,317.0,10.0,0.0,0.0,317.0,-1,-1.0
2026_04_LA_PHI,00-0026498,Matthew Stafford,LA,PHI,pass_yds,fanduel,249.5,248.1575097021358,301.4832087038211,Over,-113,0.4625,0.5,-0.12820796460176986,false,317.0,10.0,0.0,0.0,317.0,1,0.8849557522123894
2026_04_LA_PHI,00-0026498,Matthew Stafford,LA,PHI,pass_yds,fanduel,249.5,248.1575097021358,301.4832087038211,Under,-113,0.5375,0.5,0.013163716814159288,false,317.0,10.0,0.0,0.0,317.0,-1,-1.0
2026_04_LA_PHI,00-0026498,Matthew Stafford,LA,PHI,pass_yds,betonlineag,249.5,248.1575097021358,301.4832087038211,Over,-115,0.4625,0.5030953363598846,-0.1353260869565217,false,317.0,10.0,0.0,0.0,317.0,1,0.8695652173913043
2026_04_LA_PHI,00-0026498,Matthew Stafford,LA,PHI,pass_yds,betonlineag,249.5,248.1575097021358,301.4832087038211,Under,-112,0.5375,0.49690466364011543,0.01741071428571428,false,317.0,10.0,0.0,0.0,317.0,-1,-1.0
2026_04_LA_PHI,00-0026498,Matthew Stafford,LA,PHI,pass_yds,betrivers,248.5,248.1575097021358,301.4832087038211,Over,-114,0.465,0.4969864995178399,-0.12710526315789467,false,317.0,10.0,0.0,0.0,317.0,1,0.8771929824561403
2026_04_LA_PHI,00-0026498,Matthew Stafford,LA,PHI,pass_yds,betrivers,248.5,248.1575097021358,301.4832087038211,Under,-117,0.5349999999999999,0.5030135004821601,-0.007735042735042885,false,317.0,10.0,0.0,0.0,317.0,-1,-1.0
2026_04_LA_PHI,00-0026498,Matthew Stafford,LA,PHI,pass_yds,betmgm,247.5,248.1575097021358,301.4832087038211,Over,-115,0.4675,0.5,-0.1259782608695652,false,317.0,10.0,0.0,0.0,317.0,1,0.8695652173913043
2026_04_LA_PHI,00-0026498,Matthew Stafford,LA,PHI,pass_yds,betmgm,247.5,248.1575097021358,301.4832087038211,Under,-115,0.5325,0.5,-0.00445652173913047,false,317.0,10.0,0.0,0.0,317.0,-1,-1.0
2026_04_LA_PHI,00-0026498,Matthew Stafford,LA,PHI,pass_yds,bovada,246.5,248.1575097021358,301.4832087038211,Over,-115,0.485,0.5,-0.09326086956521745,false,317.0,10.0,0.0,0.0,317.0,1,0.8695652173913043
2026_04_LA_PHI,00-0026498,Matthew Stafford,LA,PHI,pass_yds,bovada,246.5,248.1575097021358,301.4832087038211,Under,-115,0.515,0.5,-0.037173913043478224,false,317.0,10.0,0.0,0.0,317.0,-1,-1.0
2026_04_TEN_BAL,00-0039032,Tyjae Spears,TEN,BAL,rec_yds,draftkings,12.5,12.650272992635852,16.872967325345748,Over,-114,0.535,0.5042122999157539,0.004298245614035134,false,0.0,7.0,-1.0,1.0,-1.0,-1,-1.0
2026_04_TEN_BAL,00-0039032,Tyjae Spears,TEN,BAL,rec_yds,draftkings,12.5,12.650272992635852,16.872967325345748,Under,-110,0.46499999999999997,0.4957877000842461,-0.11227272727272736,false,0.0,7.0,-1.0,1.0,-1.0,1,0.9090909090909091
2026_04_TEN_BAL,00-0039032,Tyjae Spears,TEN,BAL,receptions,draftkings,2.5,2.4280835240658356,2.696743305708095,Over,130,0.47,0.41007525725694977,0.08099999999999996,false,0.0,7.0,-1.0,1.0,1.0,-1,-1.0
2026_04_TEN_BAL,00-0039032,Tyjae Spears,TEN,BAL,receptions,draftkings,2.5,2.4280835240658356,2.696743305708095,Under,-167,0.53,0.5899247427430503,-0.15263473053892213,false,0.0,7.0,-1.0,1.0,1.0,1,0.5988023952095808
2026_04_TEN_BAL,00-0039032,Tyjae Spears,TEN,BAL,rec_yds,fanduel,12.5,12.650272992635852,16.872967325345748,Over,-113,0.535,0.5,0.00845132743362842,false,0.0,7.0,-1.0,1.0,-1.0,-1,-1.0
2026_04_TEN_BAL,00-0039032,Tyjae Spears,TEN,BAL,rec_yds,fanduel,12.5,12.650272992635852,16.872967325345748,Under,-113,0.46499999999999997,0.5,-0.123495575221239,false,0.0,7.0,-1.0,1.0,-1.0,1,0.8849557522123894
2026_04_TEN_BAL,00-0039032,Tyjae Spears,TEN,BAL,receptions,fanduel,2.5,2.4280835240658356,2.696743305708095,Over,120,0.47,0.4248366013071895,0.03399999999999992,false,0.0,7.0,-1.0,1.0,1.0,-1,-1.0
2026_04_TEN_BAL,00-0039032,Tyjae Spears,TEN,BAL,receptions,fanduel,2.5,2.4280835240658356,2.696743305708095,Under,-160,0.53,0.5751633986928105,-0.13874999999999993,false,0.0,7.0,-1.0,1.0,1.0,1,0.625
2026_04_TEN_BAL,00-0039032,Tyjae Spears,TEN,BAL,rec_yds,betonlineag,12.5,12.650272992635852,16.872967325345748,Over,-118,0.535,0.5082034454470877,-0.01161016949152538,false,0.0,7.0,-1.0,1.0,-1.0,-1,-1.0
2026_04_TEN_BAL,00-0039032,Tyjae Spears,TEN,BAL,rec_yds,betonlineag,12.5,12.650272992635852,16.872967325345748,Under,-110,0.46499999999999997,0.49179655455291227,-0.11227272727272736,false,0.0,7.0,-1.0,1.0,-1.0,1,0.9090909090909091
2026_04_TEN_BAL,00-0039032,Tyjae Spears,TEN,BAL,receptions,betonlineag,2.5,2.4280835240658356,2.696743305708095,Over,124,0.47,0.4198571520494176,0.05279999999999996,false,0.0,7.0,-1.0,1.0,1.0,-1,-1.0
2026_04_TEN_BAL,00-0039032,Tyjae Spears,TEN,BAL,receptions,betonlineag,2.5,2.4280835240658356,2.696743305708095,Under,-161,0.53,0.5801428479505824,-0.14080745341614903,false,0.0,7.0,-1.0,1.0,1.0,1,0.6211180124223602
2026_04_TEN_BAL,00-0039032,Tyjae Spears,TEN,BAL,rec_yds,betrivers,12.5,12.650272992635852,16.872967325345748,Over,-110,0.535,0.48893805309734506,0.021363636363636418,false,0.0,7.0,-1.0,1.0,-1.0,-1,-1.0
2026_04_TEN_BAL,00-0039032,Tyjae Spears,TEN,BAL,rec_yds,betrivers,12.5,12.650272992635852,16.872967325345748,Under,-121,0.46499999999999997,0.5110619469026549,-0.150702479338843,false,0.0,7.0,-1.0,1.0,-1.0,1,0.8264462809917356
2026_04_TEN_BAL,00-0039032,Tyjae Spears,TEN,BAL,receptions,betrivers,2.5,2.4280835240658356,2.696743305708095,Over,125,0.47,,0.057499999999999885,false,0.0,7.0,-1.0,1.0,1.0,-1,-1.0
2026_04_TEN_BAL,00-0039032,Tyjae Spears,TEN,BAL,rec_yds,betmgm,12.5,12.650272992635852,16.872967325345748,Over,-115,0.535,0.5,0.00021739130434789145,false,0.0,7.0,-1.0,1.0,-1.0,-1,-1.0
2026_04_TEN_BAL,00-0039032,Tyjae Spears,TEN,BAL,rec_yds,betmgm,12.5,12.650272992635852,16.872967325345748,Under,-115,0.46499999999999997,0.5,-0.13065217391304357,false,0.0,7.0,-1.0,1.0,-1.0,1,0.8695652173913043
2026_04_TEN_BAL,00-0039032,Tyjae Spears,TEN,BAL,receptions,betmgm,2.5,2.4280835240658356,2.696743305708095,Over,115,0.47,0.43348916277093075,0.010499999999999954,false,0.0,7.0,-1.0,1.0,1.0,-1,-1.0
2026_04_TEN_BAL,00-0039032,Tyjae Spears,TEN,BAL,receptions,betmgm,2.5,2.4280835240658356,2.696743305708095,Under,-155,0.53,0.5665108372290693,-0.12806451612903225,false,0.0,7.0,-1.0,1.0,1.0,1,0.6451612903225806
2026_04_TEN_BAL,00-0039032,Tyjae Spears,TEN,BAL,rec_yds,bovada,12.5,12.650272992635852,16.872967325345748,Over,-115,0.535,0.5,0.00021739130434789145,false,0.0,7.0,-1.0,1.0,-1.0,-1,-1.0
2026_04_TEN_BAL,00-0039032,Tyjae Spears,TEN,BAL,rec_yds,bovada,12.5,12.650272992635852,16.872967325345748,Under,-115,0.46499999999999997,0.5,-0.13065217391304357,false,0.0,7.0,-1.0,1.0,-1.0,1,0.8695652173913043
2026_04_TEN_BAL,00-0039032,Tyjae Spears,TEN,BAL,receptions,bovada,2.5,2.4280835240658356,2.696743305708095,Over,130,0.47,0.40847201210287454,0.08099999999999996,false,0.0,7.0,-1.0,1.0,1.0,-1,-1.0
2026_04_TEN_BAL,00-0039032,Tyjae Spears,TEN,BAL,receptions,bovada,2.5,2.4280835240658356,2.696743305708095,Under,-170,0.53,0.5915279878971255,-0.15823529411764703,false,0.0,7.0,-1.0,1.0,1.0,1,0.5882352941176471
2026_04_JAX_CIN,00-0038935,Brenton Strange,JAX,CIN,rec_yds,draftkings,35.5,28.676363113175178,32.378301736420056,Over,-110,0.385,0.4947698744769875,-0.265,false,0.0,0.0,95.0,7.0,95.0,1,0.9090909090909091
2026_04_JAX_CIN,00-0038935,Brenton Strange,JAX,CIN,rec_yds,draftkings,35.5,28.676363113175178,32.378301736420056,Under,-115,0.615,0.5052301255230125,0.1497826086956522,false,0.0,0.0,95.0,7.0,95.0,-1,-1.0
2026_04_JAX_CIN,00-0038935,Brenton Strange,JAX,CIN,receptions,draftkings,3.5,3.021684538129486,3.0352278859222883,Over,-105,0.405,0.4833368048323266,-0.20928571428571424,false,0.0,0.0,95.0,7.0,7.0,1,0.9523809523809523
2026_04_JAX_CIN,00-0038935,Brenton Strange,JAX,CIN,receptions,draftkings,3.5,3.021684538129486,3.0352278859222883,Under,-121,0.595,0.5166631951676735,0.08673553719008259,false,0.0,0.0,95.0,7.0,7.0,-1,-1.0
2026_04_JAX_CIN,00-0038935,Brenton Strange,JAX,CIN,rec_yds,fanduel,37.5,28.676363113175178,32.378301736420056,Over,-113,0.35,0.5,-0.34026548672566376,false,0.0,0.0,95.0,7.0,95.0,1,0.8849557522123894
2026_04_JAX_CIN,00-0038935,Brenton Strange,JAX,CIN,rec_yds,fanduel,37.5,28.676363113175178,32.378301736420056,Under,-113,0.65,0.5,0.22522123893805313,false,0.0,0.0,95.0,7.0,95.0,-1,-1.0
2026_04_JAX_CIN,00-0038935,Brenton Strange,JAX,CIN,receptions,fanduel,3.5,3.021684538129486,3.0352278859222883,Over,102,0.405,0.46209273182957394,-0.18189999999999995,false,0.0,0.0,95.0,7.0,7.0,1,1.02
2026_04_JAX_CIN,00-0038935,Brenton Strange,JAX,CIN,receptions,fanduel,3.5,3.021684538129486,3.0352278859222883,Under,-136,0.595,0.537907268170426,0.03249999999999997,false,0.0,0.0,95.0,7.0,7.0,-1,-1.0
2026_04_JAX_CIN,00-0038935,Brenton Strange,JAX,CIN,rec_yds,betonlineag,37.5,28.676363113175178,32.378301736420056,Over,-114,0.35,0.5,-0.34298245614035094,false,0.0,0.0,95.0,7.0,95.0,1,0.8771929824561403
2026_04_JAX_CIN,00-0038935,Brenton Strange,JAX,CIN,rec_yds,betonlineag,37.5,28.676363113175178,32.378301736420056,Under,-114,0.65,0.5,0.22017543859649125,false,0.0,0.0,95.0,7.0,95.0,-1,-1.0
2026_04_JAX_CIN,00-0038935,Brenton Strange,JAX,CIN,receptions,betonlineag,3.5,3.021684538129486,3.0352278859222883,Over,-102,0.405,0.47438944435338465,-0.19794117647058818,false,0.0,0.0,95.0,7.0,7.0,1,0.9803921568627451
2026_04_JAX_CIN,00-0038935,Brenton Strange,JAX,CIN,receptions,betonlineag,3.5,3.021684538129486,3.0352278859222883,Under,-127,0.595,0.5256105556466153,0.06350393700787399,false,0.0,0.0,95.0,7.0,7.0,-1,-1.0
2026_04_JAX_CIN,00-0038935,Brenton Strange,JAX,CIN,rec_yds,betrivers,34.5,28.676363113175178,32.378301736420056,Over,-118,0.4,0.5050233081498151,-0.26101694915254237,false,0.0,0.0,95.0,7.0,95.0,1,0.847457627118644
2026_04_JAX_CIN,00-0038935,Brenton Strange,JAX,CIN,rec_yds,betrivers,34.5,28.676363113175178,32.378301736420056,Under,-113,0.6,0.4949766918501849,0.13097345132743365,false,0.0,0.0,95.0,7.0,95.0,-1,-1.0
2026_04_JAX_CIN,00-0038935,Brenton Strange,JAX,CIN,receptions,betrivers,3.5,3.021684538129486,3.0352278859222883,Over,105,0.405,,-0.1697499999999999,false,0.0,0.0,95.0,7.0,7.0,1,1.05
2026_04_JAX_CIN,00-0038935,Brenton Strange,JAX,CIN,rec_yds,betmgm,36.5,28.676363113175178,32.378301736420056,Over,-115,0.365,0.5,-0.3176086956521739,false,0.0,0.0,95.0,7.0,95.0,1,0.8695652173913043
2026_04_JAX_CIN,00-0038935,Brenton Strange,JAX,CIN,rec_yds,betmgm,36.5,28.676363113175178,32.378301736420056,Under,-115,0.635,0.5,0.1871739130434783,false,0.0,0.0,95.0,7.0,95.0,-1,-1.0
2026_04_JAX_CIN,00-0038935,Brenton Strange,JAX,CIN,receptions,betmgm,3.5,3.021684538129486,3.0352278859222883,Over,-110,0.405,0.48987854251012153,-0.22681818181818175,false,0.0,0.0,95.0,7.0,7.0,1,0.9090909090909091
2026_04_JAX_CIN,00-0038935,Brenton Strange,JAX,CIN,receptions,betmgm,3.5,3.021684538129486,3.0352278859222883,Under,-120,0.595,0.5101214574898785,0.09083333333333332,false,0.0,0.0,95.0,7.0,7.0,-1,-1.0
2026_04_JAX_CIN,00-0038935,Brenton Strange,JAX,CIN,rec_yds,bovada,35.5,28.676363113175178,32.378301736420056,Over,-110,0.385,0.48987854251012153,-0.265,false,0.0,0.0,95.0,7.0,95.0,1,0.9090909090909091
2026_04_JAX_CIN,00-0038935,Brenton Strange,JAX,CIN,rec_yds,bovada,35.5,28.676363113175178,32.378301736420056,Under,-120,0.615,0.5101214574898785,0.12750000000000006,false,0.0,0.0,95.0,7.0,95.0,-1,-1.0
2026_04_JAX_CIN,00-0038935,Brenton Strange,JAX,CIN,receptions,bovada,3.5,3.021684538129486,3.0352278859222883,Over,-105,0.405,0.4796954314720812,-0.20928571428571424,false,0.0,0.0,95.0,7.0,7.0,1,0.9523809523809523
2026_04_JAX_CIN,00-0038935,Brenton Strange,JAX,CIN,receptions,bovada,3.5,3.021684538129486,3.0352278859222883,Under,-125,0.595,0.5203045685279188,0.07099999999999995,false,0.0,0.0,95.0,7.0,7.0,-1,-1.0
2026_04_KC_LV,00-0037291,Jalen Nailor,LV,KC,rec_yds,draftkings,19.5,15.34848096170912,21.683087023284696,Over,-108,0.415,0.49157113958192844,-0.20074074074074072,false,0.0,0.0,0.0,0.0,0.0,-1,-1.0
2026_04_KC_LV,00-0037291,Jalen Nailor,LV,KC,rec_yds,draftkings,19.5,15.34848096170912,21.683087023284696,Under,-116,0.585,0.5084288604180716,0.08931034482758615,false,0.0,0.0,0.0,0.0,0.0,1,0.8620689655172413
2026_04_KC_LV,00-0037291,Jalen Nailor,LV,KC,receptions,draftkings,1.5,1.4597952535214664,1.584669194887426,Over,-156,0.4875,0.5749767565413734,-0.19999999999999996,false,0.0,0.0,0.0,0.0,0.0,-1,-1.0
2026_04_KC_LV,00-0037291,Jalen Nailor,LV,KC,receptions,draftkings,1.5,1.4597952535214664,1.584669194887426,Under,122,0.5125,0.42502324345862663,0.13774999999999993,false,0.0,0.0,0.0,0.0,0.0,1,1.22
2026_04_KC_LV,00-0037291,Jalen Nailor,LV,KC,rec_yds,fanduel,19.5,15.34848096170912,21.683087023284696,Over,-113,0.415,0.5,-0.21774336283185836,false,0.0,0.0,0.0,0.0,0.0,-1,-1.0
2026_04_KC_LV,00-0037291,Jalen Nailor,LV,KC,rec_yds,fanduel,19.5,15.34848096170912,21.683087023284696,Under,-113,0.585,0.5,0.10269911504424778,false,0.0,0.0,0.0,0.0,0.0,1,0.8849557522123894
2026_04_KC_LV,00-0037291,Jalen Nailor,LV,KC,receptions,fanduel,1.5,1.4597952535214664,1.584669194887426,Over,-172,0.4875,0.5904601300891351,-0.22906976744186042,false,0.0,0.0,0.0,0.0,0.0,-1,-1.0
2026_04_KC_LV,00-0037291,Jalen Nailor,LV,KC,receptions,fanduel,1.5,1.4597952535214664,1.584669194887426,Under,128,0.5125,0.4095398699108649,0.16849999999999987,false,0.0,0.0,0.0,0.0,0.0,1,1.28
2026_04_KC_LV,00-0037291,Jalen Nailor,LV,KC,rec_yds,betonlineag,19.5,15.34848096170912,21.683087023284696,Over,-114,0.415,0.5,-0.22096491228070175,false,0.0,0.0,0.0,0.0,0.0,-1,-1.0
2026_04_KC_LV,00-0037291,Jalen Nailor,LV,KC,rec_yds,betonlineag,19.5,15.34848096170912,21.683087023284696,Under,-114,0.585,0.5,0.098157894736842,false,0.0,0.0,0.0,0.0,0.0,1,0.8771929824561403
2026_04_KC_LV,00-0037291,Jalen Nailor,LV,KC,receptions,betonlineag,1.5,1.4597952535214664,1.584669194887426,Over,-143,0.4875,0.552733296521259,-0.17159090909090907,false,0.0,0.0,0.0,0.0,0.0,-1,-1.0
2026_04_KC_LV,00-0037291,Jalen Nailor,LV,KC,receptions,betonlineag,1.5,1.4597952535214664,1.584669194887426,Under,110,0.5125,0.447266703478741,0.07624999999999993,false,0.0,0.0,0.0,0.0,0.0,1,1.1
2026_04_KC_LV,00-0037291,Jalen Nailor,LV,KC,rec_yds,betrivers,19.5,15.34848096170912,21.683087023284696,Over,-114,0.415,0.4989820846905537,-0.22096491228070175,false,0.0,0.0,0.0,0.0,0.0,-1,-1.0
2026_04_KC_LV,00-0037291,Jalen Nailor,LV,KC,rec_yds,betrivers,19.5,15.34848096170912,21.683087023284696,Under,-115,0.585,0.5010179153094463,0.09369565217391296,false,0.0,0.0,0.0,0.0,0.0,1,0.8695652173913043
2026_04_KC_LV,00-0037291,Jalen Nailor,LV,KC,receptions,betrivers,1.5,1.4597952535214664,1.584669194887426,Over,-180,0.4875,,-0.24166666666666664,false,0.0,0.0,0.0,0.0,0.0,-1,-1.0
2026_04_KC_LV,00-0037291,Jalen Nailor,LV,KC,rec_yds,betmgm,21.5,15.34848096170912,21.683087023284696,Over,-120,0.3875,0.5090470446320868,-0.28958333333333336,false,0.0,0.0,0.0,0.0,0.0,-1,-1.0
2026_04_KC_LV,00-0037291,Jalen Nailor,LV,KC,rec_yds,betmgm,21.5,15.34848096170912,21.683087023284696,Under,-111,0.6125,0.49095295536791317,0.16430180180180187,false,0.0,0.0,0.0,0.0,0.0,1,0.9009009009009009
2026_04_KC_LV,00-0037291,Jalen Nailor,LV,KC,receptions,betmgm,1.5,1.4597952535214664,1.584669194887426,Over,-190,0.4875,0.611260053619303,-0.25592105263157894,false,0.0,0.0,0.0,0.0,0.0,-1,-1.0
2026_04_KC_LV,00-0037291,Jalen Nailor,LV,KC,receptions,betmgm,1.5,1.4597952535214664,1.584669194887426,Under,140,0.5125,0.388739946380697,0.22999999999999987,false,0.0,0.0,0.0,0.0,0.0,1,1.4
2026_04_KC_LV,00-0037291,Jalen Nailor,LV,KC,rec_yds,bovada,19.5,15.34848096170912,21.683087023284696,Over,-110,0.415,0.48987854251012153,-0.2077272727272727,false,0.0,0.0,0.0,0.0,0.0,-1,-1.0
2026_04_KC_LV,00-0037291,Jalen Nailor,LV,KC,rec_yds,bovada,19.5,15.34848096170912,21.683087023284696,Under,-120,0.585,0.5101214574898785,0.07249999999999995,false,0.0,0.0,0.0,0.0,0.0,1,0.8333333333333334
2026_04_KC_LV,00-0037291,Jalen Nailor,LV,KC,receptions,bovada,1.5,1.4597952535214664,1.584669194887426,Over,-160,0.4875,0.5751633986928104,-0.20781249999999996,false,0.0,0.0,0.0,0.0,0.0,-1,-1.0
2026_04_KC_LV,00-0037291,Jalen Nailor,LV,KC,receptions,bovada,1.5,1.4597952535214664,1.584669194887426,Under,120,0.5125,0.4248366013071896,0.12749999999999984,false,0.0,0.0,0.0,0.0,0.0,1,1.2
2026_04_DEN_SF,00-0039868,Troy Franklin,DEN,SF,rec_yds,draftkings,5.5,19.04762865013393,28.399205138604955,Over,-104,0.7575,0.4831081081081081,0.48586538461538453,true,0.0,0.0,0.0,0.0,0.0,-1,-1.0
2026_04_DEN_SF,00-0039868,Troy Franklin,DEN,SF,rec_yds,draftkings,5.5,19.04762865013393,28.399205138604955,Under,-120,0.24250000000000005,0.5168918918918919,-0.5554166666666666,true,0.0,0.0,0.0,0.0,0.0,1,0.8333333333333334
2026_04_DEN_SF,00-0039868,Troy Franklin,DEN,SF,receptions,draftkings,0.5,1.8745013397706682,2.2475314341745976,Over,-188,0.8075,0.6162456028141988,0.23702127659574468,true,0.0,0.0,0.0,0.0,0.0,-1,-1.0
2026_04_DEN_SF,00-0039868,Troy Franklin,DEN,SF,receptions,draftkings,0.5,1.8745013397706682,2.2475314341745976,Under,146,0.1925,0.3837543971858012,-0.52645,true,0.0,0.0,0.0,0.0,0.0,1,1.46
2026_04_DEN_SF,00-0039868,Troy Franklin,DEN,SF,rec_yds,fanduel,5.5,19.04762865013393,28.399205138604955,Over,-113,0.7575,0.5,0.4278539823008849,true,0.0,0.0,0.0,0.0,0.0,-1,-1.0
2026_04_DEN_SF,00-0039868,Troy Franklin,DEN,SF,rec_yds,fanduel,5.5,19.04762865013393,28.399205138604955,Under,-113,0.24250000000000005,0.5,-0.5428982300884955,true,0.0,0.0,0.0,0.0,0.0,1,0.8849557522123894
2026_04_DEN_SF,00-0039868,Troy Franklin,DEN,SF,receptions,fanduel,0.5,1.8745013397706682,2.2475314341745976,Over,-205,0.8075,0.6287731256085686,0.20140243902439026,true,0.0,0.0,0.0,0.0,0.0,-1,-1.0
2026_04_DEN_SF,00-0039868,Troy Franklin,DEN,SF,receptions,fanduel,0.5,1.8745013397706682,2.2475314341745976,Under,152,0.1925,0.3712268743914314,-0.5148999999999999,true,0.0,0.0,0.0,0.0,0.0,1,1.52
2026_04_DEN_SF,00-0039868,Troy Franklin,DEN,SF,rec_yds,betonlineag,5.5,19.04762865013393,28.399205138604955,Over,-112,0.7575,0.4969046636401156,0.43383928571428565,true,0.0,0.0,0.0,0.0,0.0,-1,-1.0
2026_04_DEN_SF,00-0039868,Troy Franklin,DEN,SF,rec_yds,betonlineag,5.5,19.04762865013393,28.399205138604955,Under,-115,0.24250000000000005,0.5030953363598845,-0.5466304347826086,true,0.0,0.0,0.0,0.0,0.0,1,0.8695652173913043
2026_04_DEN_SF,00-0039868,Troy Franklin,DEN,SF,receptions,betonlineag,0.5,1.8745013397706682,2.2475314341745976,Over,-189,0.8075,0.6147488535779034,0.2347486772486772,true,0.0,0.0,0.0,0.0,0.0,-1,-1.0
2026_04_DEN_SF,00-0039868,Troy Franklin,DEN,SF,receptions,betonlineag,0.5,1.8745013397706682,2.2475314341745976,Under,144,0.1925,0.38525114642209657,-0.5303,true,0.0,0.0,0.0,0.0,0.0,1,1.44
2026_04_DEN_SF,00-0039868,Troy Franklin,DEN,SF,rec_yds,bovada,5.5,19.04762865013393,28.399205138604955,Over,-105,0.7575,0.4796954314720812,0.47892857142857126,true,0.0,0.0,0.0,0.0,0.0,-1,-1.0
2026_04_DEN_SF,00-0039868,Troy Franklin,DEN,SF,rec_yds,bovada,5.5,19.04762865013393,28.399205138604955,Under,-125,0.24250000000000005,0.5203045685279188,-0.5634999999999999,true,0.0,0.0,0.0,0.0,0.0,1,0.8
2026_04_DEN_SF,00-0039868,Troy Franklin,DEN,SF,receptions,bovada,0.5,1.8745013397706682,2.2475314341745976,Over,-190,0.8075,0.6161482461945732,0.23249999999999998,true,0.0,0.0,0.0,0.0,0.0,-1,-1.0
2026_04_DEN_SF,00-0039868,Troy Franklin,DEN,SF,receptions,bovada,0.5,1.8745013397706682,2.2475314341745976,Under,145,0.1925,0.3838517538054268,-0.528375,true,0.0,0.0,0.0,0.0,0.0,1,1.45
2026_04_JAX_CIN,00-0040719,Bhayshul Tuten,JAX,CIN,rush_yds,draftkings,56.5,32.210370966877214,43.08204216818615,Over,-115,0.2125,0.5063197809142617,-0.6027173913043478,false,0.0,73.0,18.0,2.0,73.0,1,0.8695652173913043
2026_04_JAX_CIN,00-0040719,Bhayshul Tuten,JAX,CIN,rush_yds,draftkings,56.5,32.210370966877214,43.08204216818615,Under,-109,0.7875,0.49368021908573834,0.5099770642201835,false,0.0,73.0,18.0,2.0,73.0,-1,-1.0
2026_04_JAX_CIN,00-0040719,Bhayshul Tuten,JAX,CIN,rush_yds,fanduel,55.5,32.210370966877214,43.08204216818615,Over,-113,0.23,0.5,-0.5664601769911505,false,0.0,73.0,18.0,2.0,73.0,1,0.8849557522123894
2026_04_JAX_CIN,00-0040719,Bhayshul Tuten,JAX,CIN,rush_yds,fanduel,55.5,32.210370966877214,43.08204216818615,Under,-113,0.77,0.5,0.4514159292035399,false,0.0,73.0,18.0,2.0,73.0,-1,-1.0
2026_04_JAX_CIN,00-0040719,Bhayshul Tuten,JAX,CIN,rush_yds,betonlineag,55.5,32.210370966877214,43.08204216818615,Over,-114,0.23,0.5,-0.5682456140350878,false,0.0,73.0,18.0,2.0,73.0,1,0.8771929824561403
2026_04_JAX_CIN,00-0040719,Bhayshul Tuten,JAX,CIN,rush_yds,betonlineag,55.5,32.210370966877214,43.08204216818615,Under,-114,0.77,0.5,0.4454385964912281,false,0.0,73.0,18.0,2.0,73.0,-1,-1.0
2026_04_JAX_CIN,00-0040719,Bhayshul Tuten,JAX,CIN,rush_yds,betrivers,55.5,32.210370966877214,43.08204216818615,Over,-115,0.23,0.5,-0.5700000000000001,false,0.0,73.0,18.0,2.0,73.0,1,0.8695652173913043
2026_04_JAX_CIN,00-0040719,Bhayshul Tuten,JAX,CIN,rush_yds,betrivers,55.5,32.210370966877214,43.08204216818615,Under,-115,0.77,0.5,0.4395652173913044,false,0.0,73.0,18.0,2.0,73.0,-1,-1.0
2026_04_JAX_CIN,00-0040719,Bhayshul Tuten,JAX,CIN,rush_yds,betmgm,52.5,32.210370966877214,43.08204216818615,Over,-135,0.25,0.5346534653465347,-0.5648148148148149,false,0.0,73.0,18.0,2.0,73.0,1,0.7407407407407407
2026_04_JAX_CIN,00-0040719,Bhayshul Tuten,JAX,CIN,rush_yds,betmgm,52.5,32.210370966877214,43.08204216818615,Under,100,0.75,0.4653465346534653,0.5,false,0.0,73.0,18.0,2.0,73.0,-1,-1.0
2026_04_JAX_CIN,00-0040719,Bhayshul Tuten,JAX,CIN,rush_yds,bovada,56.5,32.210370966877214,43.08204216818615,Over,-120,0.2125,0.5101214574898786,-0.6104166666666666,false,0.0,73.0,18.0,2.0,73.0,1,0.8333333333333334
2026_04_JAX_CIN,00-0040719,Bhayshul Tuten,JAX,CIN,rush_yds,bovada,56.5,32.210370966877214,43.08204216818615,Under,-110,0.7875,0.4898785425101214,0.5034090909090908,false,0.0,73.0,18.0,2.0,73.0,-1,-1.0
2026_04_LAC_SEA,00-0036355,Justin Herbert,LAC,SEA,pass_yds,draftkings,200.5,212.2306330350947,211.40402849370207,Over,-111,0.5675,0.4978941161605526,0.07876126126126126,false,189.0,40.0,0.0,0.0,189.0,-1,-1.0
2026_04_LAC_SEA,00-0036355,Justin Herbert,LAC,SEA,pass_yds,draftkings,200.5,212.2306330350947,211.40402849370207,Under,-113,0.4325,0.5021058838394474,-0.18475663716814156,false,189.0,40.0,0.0,0.0,189.0,1,0.8849557522123894
2026_04_LAC_SEA,00-0036355,Justin Herbert,LAC,SEA,pass_yds,fanduel,199.5,212.2306330350947,211.40402849370207,Over,-113,0.58,0.5,0.09327433628318582,false,189.0,40.0,0.0,0.0,189.0,-1,-1.0
2026_04_LAC_SEA,00-0036355,Justin Herbert,LAC,SEA,pass_yds,fanduel,199.5,212.2306330350947,211.40402849370207,Under,-113,0.42000000000000004,0.5,-0.20831858407079634,false,189.0,40.0,0.0,0.0,189.0,1,0.8849557522123894
2026_04_LAC_SEA,00-0036355,Justin Herbert,LAC,SEA,pass_yds,betonlineag,199.5,212.2306330350947,211.40402849370207,Over,-115,0.58,0.5030953363598846,0.08434782608695646,false,189.0,40.0,0.0,0.0,189.0,-1,-1.0
2026_04_LAC_SEA,00-0036355,Justin Herbert,LAC,SEA,pass_yds,betonlineag,199.5,212.2306330350947,211.40402849370207,Under,-112,0.42000000000000004,0.49690466364011543,-0.2049999999999999,false,189.0,40.0,0.0,0.0,189.0,1,0.8928571428571429
2026_04_LAC_SEA,00-0036355,Justin Herbert,LAC,SEA,pass_yds,betrivers,197.5,212.2306330350947,211.40402849370207,Over,-117,0.5975,0.5030135004821601,0.10818376068376068,false,189.0,40.0,0.0,0.0,189.0,-1,-1.0
2026_04_LAC_SEA,00-0036355,Justin Herbert,LAC,SEA,pass_yds,betrivers,197.5,212.2306330350947,211.40402849370207,Under,-114,0.40249999999999997,0.4969864995178399,-0.2444298245614036,false,189.0,40.0,0.0,0.0,189.0,1,0.8771929824561403
2026_04_LAC_SEA,00-0036355,Justin Herbert,LAC,SEA,pass_yds,betmgm,200.5,212.2306330350947,211.40402849370207,Over,-115,0.5675,0.5,0.060978260869565204,false,189.0,40.0,0.0,0.0,189.0,-1,-1.0
2026_04_LAC_SEA,00-0036355,Justin Herbert,LAC,SEA,pass_yds,betmgm,200.5,212.2306330350947,211.40402849370207,Under,-115,0.4325,0.5,-0.19141304347826088,false,189.0,40.0,0.0,0.0,189.0,1,0.8695652173913043
2026_04_LAC_SEA,00-0036355,Justin Herbert,LAC,SEA,pass_yds,bovada,200.5,212.2306330350947,211.40402849370207,Over,-115,0.5675,0.5,0.060978260869565204,false,189.0,40.0,0.0,0.0,189.0,-1,-1.0
2026_04_LAC_SEA,00-0036355,Justin Herbert,LAC,SEA,pass_yds,bovada,200.5,212.2306330350947,211.40402849370207,Under,-115,0.4325,0.5,-0.19141304347826088,false,189.0,40.0,0.0,0.0,189.0,1,0.8695652173913043
2026_04_KC_LV,00-0040122,Ashton Jeanty,LV,KC,rec_yds,draftkings,19.5,24.097541622942437,26.212715084860218,Over,-112,0.535,0.5,0.012678571428571539,false,0.0,58.0,68.0,6.0,68.0,1,0.8928571428571429
2026_04_KC_LV,00-0040122,Ashton Jeanty,LV,KC,rec_yds,draftkings,19.5,24.097541622942437,26.212715084860218,Under,-112,0.46499999999999997,0.5,-0.11982142857142863,false,0.0,58.0,68.0,6.0,68.0,-1,-1.0
2026_04_KC_LV,00-0040122,Ashton Jeanty,LV,KC,receptions,draftkings,3.5,3.0655986154880557,3.63259260076211,Over,122,0.3725,0.4256384576865298,-0.17304999999999998,false,0.0,58.0,68.0,6.0,6.0,1,1.22
2026_04_KC_LV,00-0040122,Ashton Jeanty,LV,KC,receptions,draftkings,3.5,3.0655986154880557,3.63259260076211,Under,-155,0.6275,0.5743615423134703,0.03233870967741925,false,0.0,58.0,68.0,6.0,6.0,-1,-1.0
2026_04_KC_LV,00-0040122,Ashton Jeanty,LV,KC,rush_yds,draftkings,59.5,63.40423505456285,63.73369569195081,Over,-114,0.54,0.5042122999157539,0.013684210526315854,false,0.0,58.0,68.0,6.0,58.0,-1,-1.0
2026_04_KC_LV,00-0040122,Ashton Jeanty,LV,KC,rush_yds,draftkings,59.5,63.40423505456285,63.73369569195081,Under,-110,0.45999999999999996,0.4957877000842461,-0.12181818181818188,false,0.0,58.0,68.0,6.0,58.0,1,0.9090909090909091
2026_04_KC_LV,00-0040122,Ashton Jeanty,LV,KC,rec_yds,fanduel,19.5,24.097541622942437,26.212715084860218,Over,-113,0.535,0.5,0.00845132743362842,false,0.0,58.0,68.0,6.0,68.0,1,0.8849557522123894
2026_04_KC_LV,00-0040122,Ashton Jeanty,LV,KC,rec_yds,fanduel,19.5,24.097541622942437,26.212715084860218,Under,-113,0.46499999999999997,0.5,-0.123495575221239,false,0.0,58.0,68.0,6.0,68.0,-1,-1.0
2026_04_KC_LV,00-0040122,Ashton Jeanty,LV,KC,receptions,fanduel,3.5,3.0655986154880557,3.63259260076211,Over,120,0.3725,0.4248366013071895,-0.18049999999999994,false,0.0,58.0,68.0,6.0,6.0,1,1.2
2026_04_KC_LV,00-0040122,Ashton Jeanty,LV,KC,receptions,fanduel,3.5,3.0655986154880557,3.63259260076211,Under,-160,0.6275,0.5751633986928105,0.019687499999999913,false,0.0,58.0,68.0,6.0,6.0,-1,-1.0
2026_04_KC_LV,00-0040122,Ashton Jeanty,LV,KC,rush_yds,fanduel,57.5,63.40423505456285,63.73369569195081,Over,-113,0.565,0.5,0.06499999999999995,false,0.0,58.0,68.0,6.0,58.0,1,0.8849557522123894
2026_04_KC_LV,00-0040122,Ashton Jeanty,LV,KC,rush_yds,fanduel,57.5,63.40423505456285,63.73369569195081,Under,-113,0.43500000000000005,0.5,-0.18004424778761052,false,0.0,58.0,68.0,6.0,58.0,-1,-1.0
2026_04_KC_LV,00-0040122,Ashton Jeanty,LV,KC,rec_yds,betonlineag,19.5,24.097541622942437,26.212715084860218,Over,-115,0.535,0.5030953363598846,0.00021739130434789145,false,0.0,58.0,68.0,6.0,68.0,1,0.8695652173913043
2026_04_KC_LV,00-0040122,Ashton Jeanty,LV,KC,rec_yds,betonlineag,19.5,24.097541622942437,26.212715084860218,Under,-112,0.46499999999999997,0.49690466364011543,-0.11982142857142863,false,0.0,58.0,68.0,6.0,68.0,-1,-1.0
2026_04_KC_LV,00-0040122,Ashton Jeanty,LV,KC,receptions,betonlineag,3.5,3.0655986154880557,3.63259260076211,Over,110,0.3725,0.4472667034787409,-0.21774999999999994,false,0.0,58.0,68.0,6.0,6.0,1,1.1
2026_04_KC_LV,00-0040122,Ashton Jeanty,LV,KC,receptions,betonlineag,3.5,3.0655986154880557,3.63259260076211,Under,-143,0.6275,0.552733296521259,0.06631118881118869,false,0.0,58.0,68.0,6.0,6.0,-1,-1.0
2026_04_KC_LV,00-0040122,Ashton Jeanty,LV,KC,rush_yds,betonlineag,57.5,63.40423505456285,63.73369569195081,Over,-114,0.565,0.5,0.060614035087719176,false,0.0,58.0,68.0,6.0,58.0,1,0.8771929824561403
2026_04_KC_LV,00-0040122,Ashton Jeanty,LV,KC,rush_yds,betonlineag,57.5,63.40423505456285,63.73369569195081,Under,-114,0.43500000000000005,0.5,-0.18342105263157887,false,0.0,58.0,68.0,6.0,58.0,-1,-1.0
2026_04_KC_LV,00-0040122,Ashton Jeanty,LV,KC,rec_yds,betrivers,18.5,24.097541622942437,26.212715084860218,Over,-118,0.555,0.5060689431946916,0.02533898305084753,false,0.0,58.0,68.0,6.0,68.0,1,0.847457627118644
2026_04_KC_LV,00-0040122,Ashton Jeanty,LV,KC,rec_yds,betrivers,18.5,24.097541622942437,26.212715084860218,Under,-112,0.44499999999999995,0.49393105680530835,-0.1576785714285715,false,0.0,58.0,68.0,6.0,68.0,-1,-1.0
2026_04_KC_LV,00-0040122,Ashton Jeanty,LV,KC,receptions,betrivers,3.5,3.0655986154880557,3.63259260076211,Over,108,0.3725,,-0.2251999999999999,false,0.0,58.0,68.0,6.0,6.0,1,1.08
2026_04_KC_LV,00-0040122,Ashton Jeanty,LV,KC,rush_yds,betrivers,57.5,63.40423505456285,63.73369569195081,Over,-118,0.565,0.5050233081498151,0.04381355932203379,false,0.0,58.0,68.0,6.0,58.0,1,0.847457627118644
2026_04_KC_LV,00-0040122,Ashton Jeanty,LV,KC,rush_yds,betrivers,57.5,63.40423505456285,63.73369569195081,Under,-113,0.43500000000000005,0.4949766918501849,-0.18004424778761052,false,0.0,58.0,68.0,6.0,58.0,-1,-1.0
2026_04_KC_LV,00-0040122,Ashton Jeanty,LV,KC,rec_yds,betmgm,22.5,24.097541622942437,26.212715084860218,Over,-110,0.475,0.48987854251012153,-0.09318181818181825,false,0.0,58.0,68.0,6.0,68.0,1,0.9090909090909091
2026_04_KC_LV,00-0040122,Ashton Jeanty,LV,KC,rec_yds,betmgm,22.5,24.097541622942437,26.212715084860218,Under,-120,0.525,0.5101214574898785,-0.03749999999999992,false,0.0,58.0,68.0,6.0,68.0,-1,-1.0
2026_04_KC_LV,00-0040122,Ashton Jeanty,LV,KC,receptions,betmgm,3.5,3.0655986154880557,3.63259260076211,Over,100,0.3725,0.4653465346534653,-0.25499999999999995,false,0.0,58.0,68.0,6.0,6.0,1,1.0
2026_04_KC_LV,00-0040122,Ashton Jeanty,LV,KC,receptions,betmgm,3.5,3.0655986154880557,3.63259260076211,Under,-135,0.6275,0.5346534653465347,0.09231481481481468,false,0.0,58.0,68.0,6.0,6.0,-1,-1.0
2026_04_KC_LV,00-0040122,Ashton Jeanty,LV,KC,rush_yds,betmgm,57.5,63.40423505456285,63.73369569195081,Over,-115,0.565,0.5,0.05630434782608684,false,0.0,58.0,68.0,6.0,58.0,1,0.8695652173913043
2026_04_KC_LV,00-0040122,Ashton Jeanty,LV,KC,rush_yds,betmgm,57.5,63.40423505456285,63.73369569195081,Under,-115,0.43500000000000005,0.5,-0.18673913043478252,false,0.0,58.0,68.0,6.0,58.0,-1,-1.0
2026_04_KC_LV,00-0040122,Ashton Jeanty,LV,KC,rec_yds,bovada,19.5,24.097541622942437,26.212715084860218,Over,-115,0.535,0.5,0.00021739130434789145,false,0.0,58.0,68.0,6.0,68.0,1,0.8695652173913043
2026_04_KC_LV,00-0040122,Ashton Jeanty,LV,KC,rec_yds,bovada,19.5,24.097541622942437,26.212715084860218,Under,-115,0.46499999999999997,0.5,-0.13065217391304357,false,0.0,58.0,68.0,6.0,68.0,-1,-1.0
2026_04_KC_LV,00-0040122,Ashton Jeanty,LV,KC,receptions,bovada,3.5,3.0655986154880557,3.63259260076211,Over,120,0.3725,0.4248366013071895,-0.18049999999999994,false,0.0,58.0,68.0,6.0,6.0,1,1.2
2026_04_KC_LV,00-0040122,Ashton Jeanty,LV,KC,receptions,bovada,3.5,3.0655986154880557,3.63259260076211,Under,-160,0.6275,0.5751633986928105,0.019687499999999913,false,0.0,58.0,68.0,6.0,6.0,-1,-1.0
2026_04_KC_LV,00-0040122,Ashton Jeanty,LV,KC,rush_yds,bovada,59.5,63.40423505456285,63.73369569195081,Over,-115,0.54,0.5,0.009565217391304393,false,0.0,58.0,68.0,6.0,58.0,-1,-1.0
2026_04_KC_LV,00-0040122,Ashton Jeanty,LV,KC,rush_yds,bovada,59.5,63.40423505456285,63.73369569195081,Under,-115,0.45999999999999996,0.5,-0.14000000000000007,false,0.0,58.0,68.0,6.0,58.0,1,0.8695652173913043
2026_04_TEN_BAL,00-0032764,Derrick Henry,BAL,TEN,rush_yds,draftkings,98.5,95.61642711773516,107.81217596969148,Over,-114,0.4275,0.5042122999157539,-0.19750000000000006,false,0.0,73.0,6.0,2.0,73.0,-1,-1.0
2026_04_TEN_BAL,00-0032764,Derrick Henry,BAL,TEN,rush_yds,draftkings,98.5,95.61642711773516,107.81217596969148,Under,-110,0.5725,0.4957877000842461,0.0929545454545454,false,0.0,73.0,6.0,2.0,73.0,1,0.9090909090909091
2026_04_TEN_BAL,00-0032764,Derrick Henry,BAL,TEN,rush_yds,fanduel,97.5,95.61642711773516,107.81217596969148,Over,-113,0.435,0.5,-0.18004424778761052,false,0.0,73.0,6.0,2.0,73.0,-1,-1.0
2026_04_TEN_BAL,00-0032764,Derrick Henry,BAL,TEN,rush_yds,fanduel,97.5,95.61642711773516,107.81217596969148,Under,-113,0.565,0.5,0.06499999999999995,false,0.0,73.0,6.0,2.0,73.0,1,0.8849557522123894
2026_04_TEN_BAL,00-0032764,Derrick Henry,BAL,TEN,rush_yds,betonlineag,97.5,95.61642711773516,107.81217596969148,Over,-114,0.435,0.5,-0.18342105263157893,false,0.0,73.0,6.0,2.0,73.0,-1,-1.0
2026_04_TEN_BAL,00-0032764,Derrick Henry,BAL,TEN,rush_yds,betonlineag,97.5,95.61642711773516,107.81217596969148,Under,-114,0.565,0.5,0.060614035087719176,false,0.0,73.0,6.0,2.0,73.0,1,0.8771929824561403
2026_04_TEN_BAL,00-0032764,Derrick Henry,BAL,TEN,rush_yds,betrivers,97.5,95.61642711773516,107.81217596969148,Over,-114,0.435,0.4969864995178399,-0.18342105263157893,false,0.0,73.0,6.0,2.0,73.0,-1,-1.0
2026_04_TEN_BAL,00-0032764,Derrick Henry,BAL,TEN,rush_yds,betrivers,97.5,95.61642711773516,107.81217596969148,Under,-117,0.565,0.5030135004821601,0.0479059829059828,false,0.0,73.0,6.0,2.0,73.0,1,0.8547008547008547
2026_04_TEN_BAL,00-0032764,Derrick Henry,BAL,TEN,rush_yds,betmgm,97.5,95.61642711773516,107.81217596969148,Over,-115,0.435,0.5,-0.18673913043478257,false,0.0,73.0,6.0,2.0,73.0,-1,-1.0
2026_04_TEN_BAL,00-0032764,Derrick Henry,BAL,TEN,rush_yds,betmgm,97.5,95.61642711773516,107.81217596969148,Under,-115,0.565,0.5,0.05630434782608684,false,0.0,73.0,6.0,2.0,73.0,1,0.8695652173913043
2026_04_TEN_BAL,00-0032764,Derrick Henry,BAL,TEN,rush_yds,bovada,98.5,95.61642711773516,107.81217596969148,Over,-115,0.4275,0.5,-0.20076086956521744,false,0.0,73.0,6.0,2.0,73.0,-1,-1.0
2026_04_TEN_BAL,00-0032764,Derrick Henry,BAL,TEN,rush_yds,bovada,98.5,95.61642711773516,107.81217596969148,Under,-115,0.5725,0.5,0.07032608695652176,false,0.0,73.0,6.0,2.0,73.0,1,0.8695652173913043
2026_04_JAX_CIN,00-0038611,Chris Rodriguez Jr.,JAX,CIN,rush_yds,draftkings,19.5,23.633501035115803,37.47110475531689,Over,-113,0.56,0.5021058838394474,0.055575221238938155,true,0.0,35.0,0.0,0.0,35.0,1,0.8849557522123894
2026_04_JAX_CIN,00-0038611,Chris Rodriguez Jr.,JAX,CIN,rush_yds,draftkings,19.5,23.633501035115803,37.47110475531689,Under,-111,0.43999999999999995,0.49789411616055257,-0.1636036036036037,true,0.0,35.0,0.0,0.0,35.0,-1,-1.0
2026_04_JAX_CIN,00-0038611,Chris Rodriguez Jr.,JAX,CIN,rush_yds,fanduel,20.5,23.633501035115803,37.47110475531689,Over,-113,0.525,0.5,-0.010398230088495497,true,0.0,35.0,0.0,0.0,35.0,1,0.8849557522123894
2026_04_JAX_CIN,00-0038611,Chris Rodriguez Jr.,JAX,CIN,rush_yds,fanduel,20.5,23.633501035115803,37.47110475531689,Under,-113,0.475,0.5,-0.10464601769911508,true,0.0,35.0,0.0,0.0,35.0,-1,-1.0
2026_04_JAX_CIN,00-0038611,Chris Rodriguez Jr.,JAX,CIN,rush_yds,betonlineag,19.5,23.633501035115803,37.47110475531689,Over,-116,0.56,0.5051597457277305,0.04275862068965525,true,0.0,35.0,0.0,0.0,35.0,1,0.8620689655172413
2026_04_JAX_CIN,00-0038611,Chris Rodriguez Jr.,JAX,CIN,rush_yds,betonlineag,19.5,23.633501035115803,37.47110475531689,Under,-111,0.43999999999999995,0.4948402542722695,-0.1636036036036037,true,0.0,35.0,0.0,0.0,35.0,-1,-1.0
2026_04_JAX_CIN,00-0038611,Chris Rodriguez Jr.,JAX,CIN,rush_yds,betrivers,20.5,23.633501035115803,37.47110475531689,Over,-115,0.525,0.5,-0.018478260869565166,true,0.0,35.0,0.0,0.0,35.0,1,0.8695652173913043
2026_04_JAX_CIN,00-0038611,Chris Rodriguez Jr.,JAX,CIN,rush_yds,betrivers,20.5,23.633501035115803,37.47110475531689,Under,-115,0.475,0.5,-0.11195652173913051,true,0.0,35.0,0.0,0.0,35.0,-1,-1.0
2026_04_JAX_CIN,00-0038611,Chris Rodriguez Jr.,JAX,CIN,rush_yds,betmgm,19.5,23.633501035115803,37.47110475531689,Over,-115,0.56,0.5,0.04695652173913051,true,0.0,35.0,0.0,0.0,35.0,1,0.8695652173913043
2026_04_JAX_CIN,00-0038611,Chris Rodriguez Jr.,JAX,CIN,rush_yds,betmgm,19.5,23.633501035115803,37.47110475531689,Under,-115,0.43999999999999995,0.5,-0.17739130434782618,true,0.0,35.0,0.0,0.0,35.0,-1,-1.0
2026_04_JAX_CIN,00-0038611,Chris Rodriguez Jr.,JAX,CIN,rush_yds,bovada,19.5,23.633501035115803,37.47110475531689,Over,-115,0.56,0.5,0.04695652173913051,true,0.0,35.0,0.0,0.0,35.0,1,0.8695652173913043
2026_04_JAX_CIN,00-0038611,Chris Rodriguez Jr.,JAX,CIN,rush_yds,bovada,19.5,23.633501035115803,37.47110475531689,Under,-115,0.43999999999999995,0.5,-0.17739130434782618,true,0.0,35.0,0.0,0.0,35.0,-1,-1.0
2026_04_NE_BUF,00-0033090,Hunter Henry,NE,BUF,rec_yds,draftkings,29.5,28.94696364625671,30.852954513754998,Over,-115,0.49,0.5063197809142617,-0.0839130434782609,false,0.0,0.0,62.0,5.0,62.0,1,0.8695652173913043
2026_04_NE_BUF,00-0033090,Hunter Henry,NE,BUF,rec_yds,draftkings,29.5,28.94696364625671,30.852954513754998,Under,-109,0.51,0.49368021908573834,-0.02211009174311923,false,0.0,0.0,62.0,5.0,62.0,-1,-1.0
2026_04_NE_BUF,00-0033090,Hunter Henry,NE,BUF,receptions,draftkings,3.5,2.9819072244660503,2.71860961112653,Over,121,0.365,0.4273648080223441,-0.19335000000000002,false,0.0,0.0,62.0,5.0,5.0,1,1.21
2026_04_NE_BUF,00-0033090,Hunter Henry,NE,BUF,receptions,draftkings,3.5,2.9819072244660503,2.71860961112653,Under,-154,0.635,0.5726351919776559,0.047337662337662345,false,0.0,0.0,62.0,5.0,5.0,-1,-1.0
2026_04_NE_BUF,00-0033090,Hunter Henry,NE,BUF,rec_yds,fanduel,30.5,28.94696364625671,30.852954513754998,Over,-113,0.4625,0.5,-0.12820796460176986,false,0.0,0.0,62.0,5.0,62.0,1,0.8849557522123894
2026_04_NE_BUF,00-0033090,Hunter Henry,NE,BUF,rec_yds,fanduel,30.5,28.94696364625671,30.852954513754998,Under,-113,0.5375,0.5,0.013163716814159288,false,0.0,0.0,62.0,5.0,62.0,-1,-1.0
2026_04_NE_BUF,00-0033090,Hunter Henry,NE,BUF,receptions,fanduel,3.5,2.9819072244660503,2.71860961112653,Over,112,0.365,0.4414696667616063,-0.22619999999999996,false,0.0,0.0,62.0,5.0,5.0,1,1.12
2026_04_NE_BUF,00-0033090,Hunter Henry,NE,BUF,receptions,fanduel,3.5,2.9819072244660503,2.71860961112653,Under,-148,0.635,0.5585303332383937,0.06405405405405407,false,0.0,0.0,62.0,5.0,5.0,-1,-1.0
2026_04_NE_BUF,00-0033090,Hunter Henry,NE,BUF,rec_yds,betonlineag,30.5,28.94696364625671,30.852954513754998,Over,-116,0.4625,0.5051597457277305,-0.13879310344827583,false,0.0,0.0,62.0,5.0,62.0,1,0.8620689655172413
2026_04_NE_BUF,00-0033090,Hunter Henry,NE,BUF,rec_yds,betonlineag,30.5,28.94696364625671,30.852954513754998,Under,-111,0.5375,0.4948402542722695,0.021734234234234207,false,0.0,0.0,62.0,5.0,62.0,-1,-1.0
2026_04_NE_BUF,00-0033090,Hunter Henry,NE,BUF,receptions,betonlineag,3.5,2.9819072244660503,2.71860961112653,Over,110,0.365,0.4472667034787409,-0.23349999999999999,false,0.0,0.0,62.0,5.0,5.0,1,1.1
2026_04_NE_BUF,00-0033090,Hunter Henry,NE,BUF,receptions,betonlineag,3.5,2.9819072244660503,2.71860961112653,Under,-143,0.635,0.552733296521259,0.07905594405594407,false,0.0,0.0,62.0,5.0,5.0,-1,-1.0
2026_04_NE_BUF,00-0033090,Hunter Henry,NE,BUF,rec_yds,betrivers,32.5,28.94696364625671,30.852954513754998,Over,-117,0.4275,0.5030135004821601,-0.20711538461538465,false,0.0,0.0,62.0,5.0,62.0,1,0.8547008547008547
2026_04_NE_BUF,00-0033090,Hunter Henry,NE,BUF,rec_yds,betrivers,32.5,28.94696364625671,30.852954513754998,Under,-114,0.5725,0.4969864995178399,0.07469298245614031,false,0.0,0.0,62.0,5.0,62.0,-1,-1.0
2026_04_NE_BUF,00-0033090,Hunter Henry,NE,BUF,receptions,betrivers,3.5,2.9819072244660503,2.71860961112653,Over,-112,0.365,,-0.30910714285714286,false,0.0,0.0,62.0,5.0,5.0,1,0.8928571428571429
2026_04_NE_BUF,00-0033090,Hunter Henry,NE,BUF,rec_yds,betmgm,33.5,28.94696364625671,30.852954513754998,Over,-111,0.4175,0.49095295536791317,-0.2063738738738739,false,0.0,0.0,62.0,5.0,62.0,1,0.9009009009009009
2026_04_NE_BUF,00-0033090,Hunter Henry,NE,BUF,rec_yds,betmgm,33.5,28.94696364625671,30.852954513754998,Under,-120,0.5825,0.5090470446320868,0.06791666666666674,false,0.0,0.0,62.0,5.0,62.0,-1,-1.0
2026_04_NE_BUF,00-0033090,Hunter Henry,NE,BUF,receptions,betmgm,3.5,2.9819072244660503,2.71860961112653,Over,105,0.365,0.4554079696394688,-0.25175000000000003,false,0.0,0.0,62.0,5.0,5.0,1,1.05
2026_04_NE_BUF,00-0033090,Hunter Henry,NE,BUF,receptions,betmgm,3.5,2.9819072244660503,2.71860961112653,Under,-140,0.635,0.5445920303605312,0.08857142857142858,false,0.0,0.0,62.0,5.0,5.0,-1,-1.0
2026_04_NE_BUF,00-0033090,Hunter Henry,NE,BUF,rec_yds,bovada,29.5,28.94696364625671,30.852954513754998,Over,-120,0.49,0.5101214574898786,-0.10166666666666668,false,0.0,0.0,62.0,5.0,62.0,1,0.8333333333333334
2026_04_NE_BUF,00-0033090,Hunter Henry,NE,BUF,rec_yds,bovada,29.5,28.94696364625671,30.852954513754998,Under,-110,0.51,0.4898785425101214,-0.026363636363636367,false,0.0,0.0,62.0,5.0,62.0,-1,-1.0
2026_04_NE_BUF,00-0033090,Hunter Henry,NE,BUF,receptions,bovada,3.5,2.9819072244660503,2.71860961112653,Over,120,0.365,0.4248366013071895,-0.197,false,0.0,0.0,62.0,5.0,5.0,1,1.2
2026_04_NE_BUF,00-0033090,Hunter Henry,NE,BUF,receptions,bovada,3.5,2.9819072244660503,2.71860961112653,Under,-160,0.635,0.5751633986928105,0.03187499999999999,false,0.0,0.0,62.0,5.0,5.0,-1,-1.0
2026_04_NYJ_CHI,00-0039451,Isaiah Williams,NYJ,CHI,rec_yds,draftkings,23.5,21.110270125045346,20.12581841628256,Over,-108,0.4125,0.49157113958192844,-0.2055555555555556,false,0.0,0.0,73.0,2.0,73.0,1,0.9259259259259259
2026_04_NYJ_CHI,00-0039451,Isaiah Williams,NYJ,CHI,rec_yds,draftkings,23.5,21.110270125045346,20.12581841628256,Under,-116,0.5875,0.5084288604180716,0.09396551724137936,false,0.0,0.0,73.0,2.0,73.0,-1,-1.0
2026_04_NYJ_CHI,00-0039451,Isaiah Williams,NYJ,CHI,receptions,draftkings,2.5,2.992298229459611,2.71083430276239,Over,-133,0.6025,0.5379917512690355,0.055507518796992505,false,0.0,0.0,73.0,2.0,2.0,-1,-1.0
2026_04_NYJ_CHI,00-0039451,Isaiah Williams,NYJ,CHI,receptions,draftkings,2.5,2.992298229459611,2.71083430276239,Under,104,0.39749999999999996,0.46200824873096447,-0.18910000000000005,false,0.0,0.0,73.0,2.0,2.0,1,1.04
2026_04_NYJ_CHI,00-0039451,Isaiah Williams,NYJ,CHI,rec_yds,fanduel,22.5,21.110270125045346,20.12581841628256,Over,-113,0.4275,0.5,-0.19418141592920352,false,0.0,0.0,73.0,2.0,73.0,1,0.8849557522123894
2026_04_NYJ_CHI,00-0039451,Isaiah Williams,NYJ,CHI,rec_yds,fanduel,22.5,21.110270125045346,20.12581841628256,Under,-113,0.5725,0.5,0.079137168141593,false,0.0,0.0,73.0,2.0,73.0,-1,-1.0
2026_04_NYJ_CHI,00-0039451,Isaiah Williams,NYJ,CHI,receptions,fanduel,2.5,2.992298229459611,2.71083430276239,Over,-130,0.6025,0.5281576830249397,0.06596153846153857,false,0.0,0.0,73.0,2.0,2.0,-1,-1.0
2026_04_NYJ_CHI,00-0039451,Isaiah Williams,NYJ,CHI,receptions,fanduel,2.5,2.992298229459611,2.71083430276239,Under,-102,0.39749999999999996,0.4718423169750603,-0.2127941176470589,false,0.0,0.0,73.0,2.0,2.0,1,0.9803921568627451
2026_04_NYJ_CHI,00-0039451,Isaiah Williams,NYJ,CHI,rec_yds,betonlineag,22.5,21.110270125045346,20.12581841628256,Over,-118,0.4275,0.5082034454470877,-0.2102118644067797,false,0.0,0.0,73.0,2.0,73.0,1,0.847457627118644
2026_04_NYJ_CHI,00-0039451,Isaiah Williams,NYJ,CHI,rec_yds,betonlineag,22.5,21.110270125045346,20.12581841628256,Under,-110,0.5725,0.49179655455291227,0.0929545454545454,false,0.0,0.0,73.0,2.0,73.0,-1,-1.0
2026_04_NYJ_CHI,00-0039451,Isaiah Williams,NYJ,CHI,receptions,betonlineag,2.5,2.992298229459611,2.71083430276239,Over,-125,0.6025,0.5226570545829042,0.08450000000000008,false,0.0,0.0,73.0,2.0,2.0,-1,-1.0
2026_04_NYJ_CHI,00-0039451,Isaiah Williams,NYJ,CHI,receptions,betonlineag,2.5,2.992298229459611,2.71083430276239,Under,-103,0.39749999999999996,0.47734294541709577,-0.21657766990291266,false,0.0,0.0,73.0,2.0,2.0,1,0.970873786407767
2026_04_NYJ_CHI,00-0039451,Isaiah Williams,NYJ,CHI,rec_yds,betrivers,23.5,21.110270125045346,20.12581841628256,Over,-117,0.4125,0.5030135004821601,-0.2349358974358975,false,0.0,0.0,73.0,2.0,73.0,1,0.8547008547008547
2026_04_NYJ_CHI,00-0039451,Isaiah Williams,NYJ,CHI,rec_yds,betrivers,23.5,21.110270125045346,20.12581841628256,Under,-114,0.5875,0.4969864995178399,0.10285087719298247,false,0.0,0.0,73.0,2.0,73.0,-1,-1.0
2026_04_NYJ_CHI,00-0039451,Isaiah Williams,NYJ,CHI,receptions,betrivers,2.5,2.992298229459611,2.71083430276239,Over,-121,0.6025,,0.10043388429752076,false,0.0,0.0,73.0,2.0,2.0,-1,-1.0
2026_04_NYJ_CHI,00-0039451,Isaiah Williams,NYJ,CHI,rec_yds,betmgm,23.5,21.110270125045346,20.12581841628256,Over,-115,0.4125,0.5,-0.228804347826087,false,0.0,0.0,73.0,2.0,73.0,1,0.8695652173913043
2026_04_NYJ_CHI,00-0039451,Isaiah Williams,NYJ,CHI,rec_yds,betmgm,23.5,21.110270125045346,20.12581841628256,Under,-115,0.5875,0.5,0.09836956521739137,false,0.0,0.0,73.0,2.0,73.0,-1,-1.0
2026_04_NYJ_CHI,00-0039451,Isaiah Williams,NYJ,CHI,receptions,betmgm,2.5,2.992298229459611,2.71083430276239,Over,-125,0.6025,0.5203045685279188,0.08450000000000008,false,0.0,0.0,73.0,2.0,2.0,-1,-1.0
2026_04_NYJ_CHI,00-0039451,Isaiah Williams,NYJ,CHI,receptions,betmgm,2.5,2.992298229459611,2.71083430276239,Under,-105,0.39749999999999996,0.47969543147208116,-0.22392857142857153,false,0.0,0.0,73.0,2.0,2.0,1,0.9523809523809523
2026_04_NYJ_CHI,00-0039451,Isaiah Williams,NYJ,CHI,rec_yds,bovada,23.5,21.110270125045346,20.12581841628256,Over,-110,0.4125,0.48987854251012153,-0.21250000000000008,false,0.0,0.0,73.0,2.0,73.0,1,0.9090909090909091
2026_04_NYJ_CHI,00-0039451,Isaiah Williams,NYJ,CHI,rec_yds,bovada,23.5,21.110270125045346,20.12581841628256,Under,-120,0.5875,0.5101214574898785,0.07708333333333339,false,0.0,0.0,73.0,2.0,73.0,-1,-1.0
2026_04_NYJ_CHI,00-0039451,Isaiah Williams,NYJ,CHI,receptions,bovada,2.5,2.992298229459611,2.71083430276239,Over,-135,0.6025,0.5407914020517831,0.04879629629629634,false,0.0,0.0,73.0,2.0,2.0,-1,-1.0
2026_04_NYJ_CHI,00-0039451,Isaiah Williams,NYJ,CHI,receptions,bovada,2.5,2.992298229459611,2.71083430276239,Under,105,0.39749999999999996,0.4592085979482169,-0.18512500000000004,false,0.0,0.0,73.0,2.0,2.0,1,1.05
2026_04_DET_CAR,00-0037240,Jameson Williams,DET,CAR,rec_yds,draftkings,49.5,54.877576908085345,60.78712415912301,Over,-110,0.5775,0.495787700084246,0.10250000000000004,false,0.0,0.0,102.0,6.0,102.0,1,0.9090909090909091
2026_04_DET_CAR,00-0037240,Jameson Williams,DET,CAR,rec_yds,draftkings,49.5,54.877576908085345,60.78712415912301,Under,-114,0.4225,0.504212299915754,-0.20688596491228073,false,0.0,0.0,102.0,6.0,102.0,-1,-1.0
2026_04_DET_CAR,00-0037240,Jameson Williams,DET,CAR,receptions,draftkings,3.5,4.050162716105098,4.040694700697304,Over,104,0.6025,0.46281519310564956,0.22910000000000008,false,0.0,0.0,102.0,6.0,6.0,1,1.04
2026_04_DET_CAR,00-0037240,Jameson Williams,DET,CAR,receptions,draftkings,3.5,4.050162716105098,4.040694700697304,Under,-132,0.39749999999999996,0.5371848068943504,-0.30136363636363644,false,0.0,0.0,102.0,6.0,6.0,-1,-1.0
2026_04_DET_CAR,00-0037240,Jameson Williams,DET,CAR,rec_yds,fanduel,50.5,54.877576908085345,60.78712415912301,Over,-113,0.545,0.5,0.027300884955752336,false,0.0,0.0,102.0,6.0,102.0,1,0.8849557522123894
2026_04_DET_CAR,00-0037240,Jameson Williams,DET,CAR,rec_yds,fanduel,50.5,54.877576908085345,60.78712415912301,Under,-113,0.45499999999999996,0.5,-0.1423451327433629,false,0.0,0.0,102.0,6.0,102.0,-1,-1.0
2026_04_DET_CAR,00-0037240,Jameson Williams,DET,CAR,receptions,fanduel,3.5,4.050162716105098,4.040694700697304,Over,-102,0.6025,0.4718423169750603,0.19318627450980397,false,0.0,0.0,102.0,6.0,6.0,1,0.9803921568627451
2026_04_DET_CAR,00-0037240,Jameson Williams,DET,CAR,receptions,fanduel,3.5,4.050162716105098,4.040694700697304,Under,-130,0.39749999999999996,0.5281576830249397,-0.2967307692307693,false,0.0,0.0,102.0,6.0,6.0,-1,-1.0
2026_04_DET_CAR,00-0037240,Jameson Williams,DET,CAR,rec_yds,betonlineag,51.5,54.877576908085345,60.78712415912301,Over,-118,0.5325,0.5082034454470877,-0.016228813559322097,false,0.0,0.0,102.0,6.0,102.0,1,0.847457627118644
2026_04_DET_CAR,00-0037240,Jameson Williams,DET,CAR,rec_yds,betonlineag,51.5,54.877576908085345,60.78712415912301,Under,-110,0.4675,0.49179655455291227,-0.10749999999999998,false,0.0,0.0,102.0,6.0,102.0,-1,-1.0
2026_04_DET_CAR,00-0037240,Jameson Williams,DET,CAR,receptions,betonlineag,3.5,4.050162716105098,4.040694700697304,Over,-105,0.6025,0.48149290561381863,0.1763095238095238,false,0.0,0.0,102.0,6.0,6.0,1,0.9523809523809523
2026_04_DET_CAR,00-0037240,Jameson Williams,DET,CAR,receptions,betonlineag,3.5,4.050162716105098,4.040694700697304,Under,-123,0.39749999999999996,0.5185070943861814,-0.279329268292683,false,0.0,0.0,102.0,6.0,6.0,-1,-1.0
2026_04_DET_CAR,00-0037240,Jameson Williams,DET,CAR,rec_yds,betrivers,51.5,54.877576908085345,60.78712415912301,Over,-117,0.5325,0.5030135004821601,-0.012371794871794961,false,0.0,0.0,102.0,6.0,102.0,1,0.8547008547008547
2026_04_DET_CAR,00-0037240,Jameson Williams,DET,CAR,rec_yds,betrivers,51.5,54.877576908085345,60.78712415912301,Under,-114,0.4675,0.4969864995178399,-0.12241228070175436,false,0.0,0.0,102.0,6.0,102.0,-1,-1.0
2026_04_DET_CAR,00-0037240,Jameson Williams,DET,CAR,receptions,betrivers,3.5,4.050162716105098,4.040694700697304,Over,-109,0.6025,,0.15525229357798176,false,0.0,0.0,102.0,6.0,6.0,1,0.9174311926605505
2026_04_DET_CAR,00-0037240,Jameson Williams,DET,CAR,rec_yds,bovada,49.5,54.877576908085345,60.78712415912301,Over,-115,0.5775,0.5,0.07967391304347826,false,0.0,0.0,102.0,6.0,102.0,1,0.8695652173913043
2026_04_DET_CAR,00-0037240,Jameson Williams,DET,CAR,rec_yds,bovada,49.5,54.877576908085345,60.78712415912301,Under,-115,0.4225,0.5,-0.21010869565217394,false,0.0,0.0,102.0,6.0,102.0,-1,-1.0
2026_04_DET_CAR,00-0037240,Jameson Williams,DET,CAR,receptions,bovada,3.5,4.050162716105098,4.040694700697304,Over,105,0.6025,0.45920859794821695,0.23512500000000014,false,0.0,0.0,102.0,6.0,6.0,1,1.05
2026_04_DET_CAR,00-0037240,Jameson Williams,DET,CAR,receptions,bovada,3.5,4.050162716105098,4.040694700697304,Under,-135,0.39749999999999996,0.540791402051783,-0.30805555555555564,false,0.0,0.0,102.0,6.0,6.0,-1,-1.0
2026_04_DET_CAR,00-0037240,Jameson Williams,DET,CAR,rec_yds,betmgm,49.5,54.877576908085345,60.78712415912301,Over,-115,0.5775,0.5,0.07967391304347826,false,0.0,0.0,102.0,6.0,102.0,1,0.8695652173913043
2026_04_DET_CAR,00-0037240,Jameson Williams,DET,CAR,rec_yds,betmgm,49.5,54.877576908085345,60.78712415912301,Under,-115,0.4225,0.5,-0.21010869565217394,false,0.0,0.0,102.0,6.0,102.0,-1,-1.0
2026_04_GB_TB,00-0038124,Christian Watson,GB,TB,rec_yds,draftkings,67.5,56.10231855140857,70.08671555732958,Over,-111,0.3775,0.4978941161605526,-0.28240990990990994,false,0.0,0.0,47.0,3.0,47.0,-1,-1.0
2026_04_GB_TB,00-0038124,Christian Watson,GB,TB,rec_yds,draftkings,67.5,56.10231855140857,70.08671555732958,Under,-113,0.6225,0.5021058838394474,0.17338495575221247,false,0.0,0.0,47.0,3.0,47.0,1,0.8849557522123894
2026_04_GB_TB,00-0038124,Christian Watson,GB,TB,receptions,draftkings,4.5,4.038779789815276,4.254476956380815,Over,-139,0.44,0.5486393080395082,-0.24345323741007202,false,0.0,0.0,47.0,3.0,3.0,-1,-1.0
2026_04_GB_TB,00-0038124,Christian Watson,GB,TB,receptions,draftkings,4.5,4.038779789815276,4.254476956380815,Under,109,0.56,0.4513606919604918,0.1704000000000001,false,0.0,0.0,47.0,3.0,3.0,1,1.09
2026_04_GB_TB,00-0038124,Christian Watson,GB,TB,rec_yds,fanduel,67.5,56.10231855140857,70.08671555732958,Over,-113,0.3775,0.5,-0.28842920353982304,false,0.0,0.0,47.0,3.0,47.0,-1,-1.0
2026_04_GB_TB,00-0038124,Christian Watson,GB,TB,rec_yds,fanduel,67.5,56.10231855140857,70.08671555732958,Under,-113,0.6225,0.5,0.17338495575221247,false,0.0,0.0,47.0,3.0,47.0,1,0.8849557522123894
2026_04_GB_TB,00-0038124,Christian Watson,GB,TB,receptions,fanduel,4.5,4.038779789815276,4.254476956380815,Over,-154,0.44,0.5670257738988136,-0.27428571428571435,false,0.0,0.0,47.0,3.0,3.0,-1,-1.0
2026_04_GB_TB,00-0038124,Christian Watson,GB,TB,receptions,fanduel,4.5,4.038779789815276,4.254476956380815,Under,116,0.56,0.4329742261011864,0.20960000000000012,false,0.0,0.0,47.0,3.0,3.0,1,1.16
2026_04_GB_TB,00-0038124,Christian Watson,GB,TB,rec_yds,betonlineag,66.5,56.10231855140857,70.08671555732958,Over,-114,0.3825,0.5,-0.28197368421052627,false,0.0,0.0,47.0,3.0,47.0,-1,-1.0
2026_04_GB_TB,00-0038124,Christian Watson,GB,TB,rec_yds,betonlineag,66.5,56.10231855140857,70.08671555732958,Under,-114,0.6174999999999999,0.5,0.15916666666666657,false,0.0,0.0,47.0,3.0,47.0,1,0.8771929824561403
2026_04_GB_TB,00-0038124,Christian Watson,GB,TB,receptions,betonlineag,4.5,4.038779789815276,4.254476956380815,Over,-147,0.44,0.5601695217066135,-0.2606802721088436,false,0.0,0.0,47.0,3.0,3.0,-1,-1.0
2026_04_GB_TB,00-0038124,Christian Watson,GB,TB,receptions,betonlineag,4.5,4.038779789815276,4.254476956380815,Under,114,0.56,0.4398304782933865,0.19840000000000002,false,0.0,0.0,47.0,3.0,3.0,1,1.14
2026_04_GB_TB,00-0038124,Christian Watson,GB,TB,rec_yds,betrivers,64.5,56.10231855140857,70.08671555732958,Over,-117,0.4,0.5030135004821601,-0.2581196581196581,false,0.0,0.0,47.0,3.0,47.0,-1,-1.0
2026_04_GB_TB,00-0038124,Christian Watson,GB,TB,rec_yds,betrivers,64.5,56.10231855140857,70.08671555732958,Under,-114,0.6,0.4969864995178399,0.12631578947368416,false,0.0,0.0,47.0,3.0,47.0,1,0.8771929824561403
2026_04_GB_TB,00-0038124,Christian Watson,GB,TB,receptions,betrivers,4.5,4.038779789815276,4.254476956380815,Over,-132,0.44,,-0.22666666666666674,false,0.0,0.0,47.0,3.0,3.0,-1,-1.0
2026_04_GB_TB,00-0038124,Christian Watson,GB,TB,rec_yds,bovada,67.5,56.10231855140857,70.08671555732958,Over,-115,0.3775,0.5,-0.29423913043478267,false,0.0,0.0,47.0,3.0,47.0,-1,-1.0
2026_04_GB_TB,00-0038124,Christian Watson,GB,TB,rec_yds,bovada,67.5,56.10231855140857,70.08671555732958,Under,-115,0.6225,0.5,0.163804347826087,false,0.0,0.0,47.0,3.0,47.0,1,0.8695652173913043
2026_04_GB_TB,00-0038124,Christian Watson,GB,TB,receptions,bovada,4.5,4.038779789815276,4.254476956380815,Over,-145,0.44,0.554140127388535,-0.2565517241379311,false,0.0,0.0,47.0,3.0,3.0,-1,-1.0
2026_04_GB_TB,00-0038124,Christian Watson,GB,TB,receptions,bovada,4.5,4.038779789815276,4.254476956380815,Under,110,0.56,0.445859872611465,0.17600000000000016,false,0.0,0.0,47.0,3.0,3.0,1,1.1
2026_04_GB_TB,00-0038124,Christian Watson,GB,TB,rec_yds,betmgm,64.5,56.10231855140857,70.08671555732958,Over,-115,0.4,0.5,-0.25217391304347825,false,0.0,0.0,47.0,3.0,47.0,-1,-1.0
2026_04_GB_TB,00-0038124,Christian Watson,GB,TB,rec_yds,betmgm,64.5,56.10231855140857,70.08671555732958,Under,-115,0.6,0.5,0.12173913043478257,false,0.0,0.0,47.0,3.0,47.0,1,0.8695652173913043
2026_04_GB_TB,00-0038124,Christian Watson,GB,TB,receptions,betmgm,4.5,4.038779789815276,4.254476956380815,Over,-135,0.44,0.5346534653465347,-0.23407407407407416,false,0.0,0.0,47.0,3.0,3.0,-1,-1.0
2026_04_GB_TB,00-0038124,Christian Watson,GB,TB,receptions,betmgm,4.5,4.038779789815276,4.254476956380815,Under,100,0.56,0.4653465346534653,0.1200000000000001,false,0.0,0.0,47.0,3.0,3.0,1,1.0
2026_04_LAC_SEA,00-0040666,Omarion Hampton,LAC,SEA,rush_yds,draftkings,45.5,36.76776111681687,55.67716926423581,Over,-114,0.3775,0.5042122999157539,-0.2913596491228071,false,0.0,45.0,8.0,2.0,45.0,-1,-1.0
2026_04_LAC_SEA,00-0040666,Omarion Hampton,LAC,SEA,rush_yds,draftkings,45.5,36.76776111681687,55.67716926423581,Under,-110,0.6225,0.4957877000842461,0.18840909090909097,false,0.0,45.0,8.0,2.0,45.0,1,0.9090909090909091
2026_04_LAC_SEA,00-0040666,Omarion Hampton,LAC,SEA,rush_yds,fanduel,45.5,36.76776111681687,55.67716926423581,Over,-113,0.3775,0.5,-0.28842920353982304,false,0.0,45.0,8.0,2.0,45.0,-1,-1.0
2026_04_LAC_SEA,00-0040666,Omarion Hampton,LAC,SEA,rush_yds,fanduel,45.5,36.76776111681687,55.67716926423581,Under,-113,0.6225,0.5,0.17338495575221247,false,0.0,45.0,8.0,2.0,45.0,1,0.8849557522123894
2026_04_LAC_SEA,00-0040666,Omarion Hampton,LAC,SEA,rush_yds,betonlineag,45.5,36.76776111681687,55.67716926423581,Over,-114,0.3775,0.5,-0.2913596491228071,false,0.0,45.0,8.0,2.0,45.0,-1,-1.0
2026_04_LAC_SEA,00-0040666,Omarion Hampton,LAC,SEA,rush_yds,betonlineag,45.5,36.76776111681687,55.67716926423581,Under,-114,0.6225,0.5,0.1685526315789474,false,0.0,45.0,8.0,2.0,45.0,1,0.8771929824561403
2026_04_LAC_SEA,00-0040666,Omarion Hampton,LAC,SEA,rush_yds,betrivers,43.5,36.76776111681687,55.67716926423581,Over,-117,0.4025,0.5030135004821601,-0.2534829059829059,false,0.0,45.0,8.0,2.0,45.0,1,0.8547008547008547
2026_04_LAC_SEA,00-0040666,Omarion Hampton,LAC,SEA,rush_yds,betrivers,43.5,36.76776111681687,55.67716926423581,Under,-114,0.5974999999999999,0.4969864995178399,0.12162280701754369,false,0.0,45.0,8.0,2.0,45.0,-1,-1.0
2026_04_LAC_SEA,00-0040666,Omarion Hampton,LAC,SEA,rush_yds,betmgm,44.5,36.76776111681687,55.67716926423581,Over,-120,0.3875,0.5090470446320868,-0.28958333333333336,false,0.0,45.0,8.0,2.0,45.0,1,0.8333333333333334
2026_04_LAC_SEA,00-0040666,Omarion Hampton,LAC,SEA,rush_yds,betmgm,44.5,36.76776111681687,55.67716926423581,Under,-111,0.6125,0.49095295536791317,0.16430180180180187,false,0.0,45.0,8.0,2.0,45.0,-1,-1.0
2026_04_LAC_SEA,00-0040666,Omarion Hampton,LAC,SEA,rush_yds,bovada,45.5,36.76776111681687,55.67716926423581,Over,-115,0.3775,0.5,-0.29423913043478267,false,0.0,45.0,8.0,2.0,45.0,-1,-1.0
2026_04_LAC_SEA,00-0040666,Omarion Hampton,LAC,SEA,rush_yds,bovada,45.5,36.76776111681687,55.67716926423581,Under,-115,0.6225,0.5,0.163804347826087,false,0.0,45.0,8.0,2.0,45.0,1,0.8695652173913043
2026_04_KC_LV,00-0039067,Rashee Rice,KC,LV,rec_yds,draftkings,56.5,52.73428318762262,67.98999410865851,Over,-113,0.46,0.5021058838394474,-0.1329203539823009,false,0.0,0.0,0.0,0.0,0.0,-1,-1.0
2026_04_KC_LV,00-0039067,Rashee Rice,KC,LV,rec_yds,draftkings,56.5,52.73428318762262,67.98999410865851,Under,-111,0.54,0.49789411616055257,0.02648648648648655,false,0.0,0.0,0.0,0.0,0.0,1,0.9009009009009009
2026_04_KC_LV,00-0039067,Rashee Rice,KC,LV,receptions,draftkings,4.5,4.798050056955949,5.658939819122861,Over,-136,0.5725,0.543978976657907,-0.006544117647058756,false,0.0,0.0,0.0,0.0,0.0,-1,-1.0
2026_04_KC_LV,00-0039067,Rashee Rice,KC,LV,receptions,draftkings,4.5,4.798050056955949,5.658939819122861,Under,107,0.4275,0.45602102334209305,-0.11507499999999998,false,0.0,0.0,0.0,0.0,0.0,1,1.07
2026_04_KC_LV,00-0039067,Rashee Rice,KC,LV,rec_yds,fanduel,55.5,52.73428318762262,67.98999410865851,Over,-113,0.46,0.5,-0.1329203539823009,false,0.0,0.0,0.0,0.0,0.0,-1,-1.0
2026_04_KC_LV,00-0039067,Rashee Rice,KC,LV,rec_yds,fanduel,55.5,52.73428318762262,67.98999410865851,Under,-113,0.54,0.5,0.017876106194690378,false,0.0,0.0,0.0,0.0,0.0,1,0.8849557522123894
2026_04_KC_LV,00-0039067,Rashee Rice,KC,LV,receptions,fanduel,4.5,4.798050056955949,5.658939819122861,Over,-130,0.5725,0.5281576830249397,0.012884615384615439,false,0.0,0.0,0.0,0.0,0.0,-1,-1.0
2026_04_KC_LV,00-0039067,Rashee Rice,KC,LV,receptions,fanduel,4.5,4.798050056955949,5.658939819122861,Under,-102,0.4275,0.4718423169750603,-0.15338235294117653,false,0.0,0.0,0.0,0.0,0.0,1,0.9803921568627451
2026_04_KC_LV,00-0039067,Rashee Rice,KC,LV,rec_yds,betonlineag,57.5,52.73428318762262,67.98999410865851,Over,-114,0.4575,0.5,-0.1411842105263158,false,0.0,0.0,0.0,0.0,0.0,-1,-1.0
2026_04_KC_LV,00-0039067,Rashee Rice,KC,LV,rec_yds,betonlineag,57.5,52.73428318762262,67.98999410865851,Under,-114,0.5425,0.5,0.018377192982456103,false,0.0,0.0,0.0,0.0,0.0,1,0.8771929824561403
2026_04_KC_LV,00-0039067,Rashee Rice,KC,LV,receptions,betonlineag,4.5,4.798050056955949,5.658939819122861,Over,-130,0.5725,0.5306122448979592,0.012884615384615439,false,0.0,0.0,0.0,0.0,0.0,-1,-1.0
2026_04_KC_LV,00-0039067,Rashee Rice,KC,LV,receptions,betonlineag,4.5,4.798050056955949,5.658939819122861,Under,100,0.4275,0.4693877551020408,-0.14500000000000002,false,0.0,0.0,0.0,0.0,0.0,1,1.0
2026_04_KC_LV,00-0039067,Rashee Rice,KC,LV,rec_yds,betrivers,54.5,52.73428318762262,67.98999410865851,Over,-115,0.47,0.5,-0.12130434782608701,false,0.0,0.0,0.0,0.0,0.0,-1,-1.0
2026_04_KC_LV,00-0039067,Rashee Rice,KC,LV,rec_yds,betrivers,54.5,52.73428318762262,67.98999410865851,Under,-115,0.53,0.5,-0.009130434782608665,false,0.0,0.0,0.0,0.0,0.0,1,0.8695652173913043
2026_04_KC_LV,00-0039067,Rashee Rice,KC,LV,receptions,betrivers,4.5,4.798050056955949,5.658939819122861,Over,-125,0.5725,,0.030500000000000027,false,0.0,0.0,0.0,0.0,0.0,-1,-1.0
2026_04_KC_LV,00-0039067,Rashee Rice,KC,LV,rec_yds,betmgm,55.5,52.73428318762262,67.98999410865851,Over,-115,0.46,0.5,-0.14,false,0.0,0.0,0.0,0.0,0.0,-1,-1.0
2026_04_KC_LV,00-0039067,Rashee Rice,KC,LV,rec_yds,betmgm,55.5,52.73428318762262,67.98999410865851,Under,-115,0.54,0.5,0.009565217391304393,false,0.0,0.0,0.0,0.0,0.0,1,0.8695652173913043
2026_04_KC_LV,00-0039067,Rashee Rice,KC,LV,receptions,betmgm,4.5,4.798050056955949,5.658939819122861,Over,-155,0.5725,0.5665108372290694,-0.0581451612903226,false,0.0,0.0,0.0,0.0,0.0,-1,-1.0
2026_04_KC_LV,00-0039067,Rashee Rice,KC,LV,receptions,betmgm,4.5,4.798050056955949,5.658939819122861,Under,115,0.4275,0.43348916277093064,-0.08087500000000003,false,0.0,0.0,0.0,0.0,0.0,1,1.15
2026_04_KC_LV,00-0039067,Rashee Rice,KC,LV,rec_yds,bovada,56.5,52.73428318762262,67.98999410865851,Over,-115,0.46,0.5,-0.14,false,0.0,0.0,0.0,0.0,0.0,-1,-1.0
2026_04_KC_LV,00-0039067,Rashee Rice,KC,LV,rec_yds,bovada,56.5,52.73428318762262,67.98999410865851,Under,-115,0.54,0.5,0.009565217391304393,false,0.0,0.0,0.0,0.0,0.0,1,0.8695652173913043
2026_04_KC_LV,00-0039067,Rashee Rice,KC,LV,receptions,bovada,4.5,4.798050056955949,5.658939819122861,Over,-135,0.5725,0.5407914020517831,-0.0034259259259259434,false,0.0,0.0,0.0,0.0,0.0,-1,-1.0
2026_04_KC_LV,00-0039067,Rashee Rice,KC,LV,receptions,bovada,4.5,4.798050056955949,5.658939819122861,Under,105,0.4275,0.4592085979482169,-0.12362499999999998,false,0.0,0.0,0.0,0.0,0.0,1,1.05
2026_04_DET_CAR,00-0033106,Jared Goff,DET,CAR,pass_yds,draftkings,257.5,257.55198540405445,280.7758016256247,Over,-112,0.4425,0.5,-0.16241071428571424,false,412.0,0.0,0.0,0.0,412.0,1,0.8928571428571429
2026_04_DET_CAR,00-0033106,Jared Goff,DET,CAR,pass_yds,draftkings,257.5,257.55198540405445,280.7758016256247,Under,-112,0.5575,0.5,0.055267857142857146,false,412.0,0.0,0.0,0.0,412.0,-1,-1.0
2026_04_DET_CAR,00-0033106,Jared Goff,DET,CAR,pass_yds,fanduel,257.5,257.55198540405445,280.7758016256247,Over,-113,0.4425,0.5,-0.1659070796460177,false,412.0,0.0,0.0,0.0,412.0,1,0.8849557522123894
2026_04_DET_CAR,00-0033106,Jared Goff,DET,CAR,pass_yds,fanduel,257.5,257.55198540405445,280.7758016256247,Under,-113,0.5575,0.5,0.05086283185840712,false,412.0,0.0,0.0,0.0,412.0,-1,-1.0
2026_04_DET_CAR,00-0033106,Jared Goff,DET,CAR,pass_yds,betonlineag,257.5,257.55198540405445,280.7758016256247,Over,-115,0.4425,0.5030953363598846,-0.17271739130434782,false,412.0,0.0,0.0,0.0,412.0,1,0.8695652173913043
2026_04_DET_CAR,00-0033106,Jared Goff,DET,CAR,pass_yds,betonlineag,257.5,257.55198540405445,280.7758016256247,Under,-112,0.5575,0.49690466364011543,0.055267857142857146,false,412.0,0.0,0.0,0.0,412.0,-1,-1.0
2026_04_DET_CAR,00-0033106,Jared Goff,DET,CAR,pass_yds,betrivers,259.5,257.55198540405445,280.7758016256247,Over,-117,0.4375,0.5030135004821601,-0.18856837606837606,false,412.0,0.0,0.0,0.0,412.0,1,0.8547008547008547
2026_04_DET_CAR,00-0033106,Jared Goff,DET,CAR,pass_yds,betrivers,259.5,257.55198540405445,280.7758016256247,Under,-114,0.5625,0.4969864995178399,0.05592105263157893,false,412.0,0.0,0.0,0.0,412.0,-1,-1.0
2026_04_DET_CAR,00-0033106,Jared Goff,DET,CAR,pass_yds,bovada,257.5,257.55198540405445,280.7758016256247,Over,-115,0.4425,0.5,-0.17271739130434782,false,412.0,0.0,0.0,0.0,412.0,1,0.8695652173913043
2026_04_DET_CAR,00-0033106,Jared Goff,DET,CAR,pass_yds,bovada,257.5,257.55198540405445,280.7758016256247,Under,-115,0.5575,0.5,0.042282608695652146,false,412.0,0.0,0.0,0.0,412.0,-1,-1.0
2026_04_DET_CAR,00-0033106,Jared Goff,DET,CAR,pass_yds,betmgm,262.5,257.55198540405445,280.7758016256247,Over,110,0.42,0.4424778761061946,-0.11800000000000005,false,412.0,0.0,0.0,0.0,412.0,1,1.1
2026_04_DET_CAR,00-0033106,Jared Goff,DET,CAR,pass_yds,betmgm,262.5,257.55198540405445,280.7758016256247,Under,-150,0.5800000000000001,0.5575221238938054,-0.033333333333333215,false,412.0,0.0,0.0,0.0,412.0,-1,-1.0
2026_04_ARI_NYG,00-0041042,Malachi Fields,NYG,ARI,rec_yds,draftkings,22.5,23.146053506562694,24.29532351990771,Over,-112,0.4875,0.5,-0.0772321428571428,false,0.0,0.0,52.0,2.0,52.0,1,0.8928571428571429
2026_04_ARI_NYG,00-0041042,Malachi Fields,NYG,ARI,rec_yds,draftkings,22.5,23.146053506562694,24.29532351990771,Under,-112,0.5125,0.5,-0.029910714285714346,false,0.0,0.0,52.0,2.0,52.0,-1,-1.0
2026_04_ARI_NYG,00-0041042,Malachi Fields,NYG,ARI,receptions,draftkings,1.5,2.0234384179925993,2.0,Over,-180,0.5925,0.6067415730337078,-0.07833333333333325,false,0.0,0.0,52.0,2.0,2.0,1,0.5555555555555556
2026_04_ARI_NYG,00-0041042,Malachi Fields,NYG,ARI,receptions,draftkings,1.5,2.0234384179925993,2.0,Under,140,0.4075,0.3932584269662922,-0.02200000000000013,false,0.0,0.0,52.0,2.0,2.0,-1,-1.0
2026_04_ARI_NYG,00-0041042,Malachi Fields,NYG,ARI,rec_yds,fanduel,23.5,23.146053506562694,24.29532351990771,Over,-113,0.48,0.5,-0.09522123893805312,false,0.0,0.0,52.0,2.0,52.0,1,0.8849557522123894
2026_04_ARI_NYG,00-0041042,Malachi Fields,NYG,ARI,rec_yds,fanduel,23.5,23.146053506562694,24.29532351990771,Under,-113,0.52,0.5,-0.019823008849557455,false,0.0,0.0,52.0,2.0,52.0,-1,-1.0
2026_04_ARI_NYG,00-0041042,Malachi Fields,NYG,ARI,receptions,fanduel,1.5,2.0234384179925993,2.0,Over,-172,0.5925,0.5904601300891351,-0.0630232558139534,false,0.0,0.0,52.0,2.0,2.0,1,0.5813953488372093
2026_04_ARI_NYG,00-0041042,Malachi Fields,NYG,ARI,receptions,fanduel,1.5,2.0234384179925993,2.0,Under,128,0.4075,0.4095398699108649,-0.07090000000000007,false,0.0,0.0,52.0,2.0,2.0,-1,-1.0
2026_04_ARI_NYG,00-0041042,Malachi Fields,NYG,ARI,rec_yds,betrivers,25.5,23.146053506562694,24.29532351990771,Over,-118,0.45,0.5050233081498151,-0.16864406779661023,false,0.0,0.0,52.0,2.0,52.0,1,0.847457627118644
2026_04_ARI_NYG,00-0041042,Malachi Fields,NYG,ARI,rec_yds,betrivers,25.5,23.146053506562694,24.29532351990771,Under,-113,0.55,0.4949766918501849,0.036725663716814294,false,0.0,0.0,52.0,2.0,52.0,-1,-1.0
2026_04_ARI_NYG,00-0041042,Malachi Fields,NYG,ARI,receptions,betrivers,2.5,2.0234384179925993,2.0,Over,135,0.4025,,-0.05412499999999987,false,0.0,0.0,52.0,2.0,2.0,-1,-1.0
2026_04_ARI_NYG,00-0041042,Malachi Fields,NYG,ARI,rec_yds,betonlineag,23.5,23.146053506562694,24.29532351990771,Over,-114,0.48,0.5,-0.09894736842105267,false,0.0,0.0,52.0,2.0,52.0,1,0.8771929824561403
2026_04_ARI_NYG,00-0041042,Malachi Fields,NYG,ARI,rec_yds,betonlineag,23.5,23.146053506562694,24.29532351990771,Under,-114,0.52,0.5,-0.023859649122807025,false,0.0,0.0,52.0,2.0,52.0,-1,-1.0
2026_04_ARI_NYG,00-0041042,Malachi Fields,NYG,ARI,receptions,betonlineag,1.5,2.0234384179925993,2.0,Over,-175,0.5925,0.5982468955441927,-0.0689285714285714,false,0.0,0.0,52.0,2.0,2.0,1,0.5714285714285714
2026_04_ARI_NYG,00-0041042,Malachi Fields,NYG,ARI,receptions,betonlineag,1.5,2.0234384179925993,2.0,Under,134,0.4075,0.40175310445580725,-0.04644999999999999,false,0.0,0.0,52.0,2.0,2.0,-1,-1.0
2026_04_ARI_NYG,00-0041042,Malachi Fields,NYG,ARI,rec_yds,betmgm,25.5,23.146053506562694,24.29532351990771,Over,-120,0.45,0.5090470446320868,-0.17500000000000004,false,0.0,0.0,52.0,2.0,52.0,1,0.8333333333333334
2026_04_ARI_NYG,00-0041042,Malachi Fields,NYG,ARI,rec_yds,betmgm,25.5,23.146053506562694,24.29532351990771,Under,-111,0.55,0.49095295536791317,0.045495495495495586,false,0.0,0.0,52.0,2.0,52.0,-1,-1.0
2026_04_ARI_NYG,00-0041042,Malachi Fields,NYG,ARI,receptions,betmgm,1.5,2.0234384179925993,2.0,Over,-200,0.5925,0.6202531645569621,-0.11124999999999996,false,0.0,0.0,52.0,2.0,2.0,1,0.5
2026_04_ARI_NYG,00-0041042,Malachi Fields,NYG,ARI,receptions,betmgm,1.5,2.0234384179925993,2.0,Under,145,0.4075,0.3797468354430379,-0.0016250000000000986,false,0.0,0.0,52.0,2.0,2.0,-1,-1.0
2026_04_ARI_NYG,00-0041042,Malachi Fields,NYG,ARI,rec_yds,bovada,22.5,23.146053506562694,24.29532351990771,Over,-115,0.4875,0.5,-0.08858695652173909,false,0.0,0.0,52.0,2.0,52.0,1,0.8695652173913043
2026_04_ARI_NYG,00-0041042,Malachi Fields,NYG,ARI,rec_yds,bovada,22.5,23.146053506562694,24.29532351990771,Under,-115,0.5125,0.5,-0.04184782608695664,false,0.0,0.0,52.0,2.0,52.0,-1,-1.0
2026_04_ARI_NYG,00-0041042,Malachi Fields,NYG,ARI,receptions,bovada,1.5,2.0234384179925993,2.0,Over,-185,0.5925,0.6090534979423868,-0.08722972972972964,false,0.0,0.0,52.0,2.0,2.0,1,0.5405405405405406
2026_04_ARI_NYG,00-0041042,Malachi Fields,NYG,ARI,receptions,bovada,1.5,2.0234384179925993,2.0,Under,140,0.4075,0.39094650205761317,-0.02200000000000013,false,0.0,0.0,52.0,2.0,2.0,-1,-1.0
2026_04_MIA_MIN,00-0041525,Chris Bell,MIA,MIN,rec_yds,draftkings,34.5,26.76322924947134,33.23295263050073,Over,-114,0.4,0.5042122999157539,-0.24912280701754386,true,0.0,0.0,0.0,0.0,0.0,-1,-1.0
2026_04_MIA_MIN,00-0041525,Chris Bell,MIA,MIN,rec_yds,draftkings,34.5,26.76322924947134,33.23295263050073,Under,-110,0.6,0.4957877000842461,0.1454545454545454,true,0.0,0.0,0.0,0.0,0.0,1,0.9090909090909091
2026_04_MIA_MIN,00-0041525,Chris Bell,MIA,MIN,receptions,draftkings,2.5,2.060806107846392,1.8473708305243508,Over,-119,0.3925,0.5124828361003619,-0.2776680672268907,true,0.0,0.0,0.0,0.0,0.0,-1,-1.0
2026_04_MIA_MIN,00-0041525,Chris Bell,MIA,MIN,receptions,draftkings,2.5,2.060806107846392,1.8473708305243508,Under,-107,0.6074999999999999,0.48751716389963806,0.17525700934579425,true,0.0,0.0,0.0,0.0,0.0,1,0.9345794392523364
2026_04_MIA_MIN,00-0041525,Chris Bell,MIA,MIN,rec_yds,fanduel,34.5,26.76322924947134,33.23295263050073,Over,-113,0.4,0.5,-0.24601769911504417,true,0.0,0.0,0.0,0.0,0.0,-1,-1.0
2026_04_MIA_MIN,00-0041525,Chris Bell,MIA,MIN,rec_yds,fanduel,34.5,26.76322924947134,33.23295263050073,Under,-113,0.6,0.5,0.13097345132743365,true,0.0,0.0,0.0,0.0,0.0,1,0.8849557522123894
2026_04_MIA_MIN,00-0041525,Chris Bell,MIA,MIN,receptions,fanduel,2.5,2.060806107846392,1.8473708305243508,Over,-114,0.3925,0.5,-0.2632017543859648,true,0.0,0.0,0.0,0.0,0.0,-1,-1.0
2026_04_MIA_MIN,00-0041525,Chris Bell,MIA,MIN,receptions,fanduel,2.5,2.060806107846392,1.8473708305243508,Under,-114,0.6074999999999999,0.5,0.14039473684210513,true,0.0,0.0,0.0,0.0,0.0,1,0.8771929824561403
2026_04_MIA_MIN,00-0041525,Chris Bell,MIA,MIN,rec_yds,betonlineag,34.5,26.76322924947134,33.23295263050073,Over,-115,0.4,0.5030953363598846,-0.25217391304347825,true,0.0,0.0,0.0,0.0,0.0,-1,-1.0
2026_04_MIA_MIN,00-0041525,Chris Bell,MIA,MIN,rec_yds,betonlineag,34.5,26.76322924947134,33.23295263050073,Under,-112,0.6,0.49690466364011543,0.13571428571428568,true,0.0,0.0,0.0,0.0,0.0,1,0.8928571428571429
2026_04_MIA_MIN,00-0041525,Chris Bell,MIA,MIN,receptions,betonlineag,2.5,2.060806107846392,1.8473708305243508,Over,-111,0.3925,0.4948402542722694,-0.25389639639639633,true,0.0,0.0,0.0,0.0,0.0,-1,-1.0
2026_04_MIA_MIN,00-0041525,Chris Bell,MIA,MIN,receptions,betonlineag,2.5,2.060806107846392,1.8473708305243508,Under,-116,0.6074999999999999,0.5051597457277306,0.13120689655172402,true,0.0,0.0,0.0,0.0,0.0,1,0.8620689655172413
2026_04_MIA_MIN,00-0041525,Chris Bell,MIA,MIN,rec_yds,betrivers,32.5,26.76322924947134,33.23295263050073,Over,-118,0.4275,0.5050233081498151,-0.2102118644067797,true,0.0,0.0,0.0,0.0,0.0,-1,-1.0
2026_04_MIA_MIN,00-0041525,Chris Bell,MIA,MIN,rec_yds,betrivers,32.5,26.76322924947134,33.23295263050073,Under,-113,0.5725,0.4949766918501849,0.079137168141593,true,0.0,0.0,0.0,0.0,0.0,1,0.8849557522123894
2026_04_MIA_MIN,00-0041525,Chris Bell,MIA,MIN,receptions,betrivers,2.5,2.060806107846392,1.8473708305243508,Over,-106,0.3925,,-0.2372169811320754,true,0.0,0.0,0.0,0.0,0.0,-1,-1.0
2026_04_MIA_MIN,00-0041525,Chris Bell,MIA,MIN,rec_yds,betmgm,33.5,26.76322924947134,33.23295263050073,Over,-120,0.41,0.5090470446320868,-0.2483333333333334,true,0.0,0.0,0.0,0.0,0.0,-1,-1.0
2026_04_MIA_MIN,00-0041525,Chris Bell,MIA,MIN,rec_yds,betmgm,33.5,26.76322924947134,33.23295263050073,Under,-111,0.5900000000000001,0.49095295536791317,0.12153153153153173,true,0.0,0.0,0.0,0.0,0.0,1,0.9009009009009009
2026_04_MIA_MIN,00-0041525,Chris Bell,MIA,MIN,receptions,betmgm,2.5,2.060806107846392,1.8473708305243508,Over,-120,0.3925,0.5101214574898786,-0.2804166666666666,true,0.0,0.0,0.0,0.0,0.0,-1,-1.0
2026_04_MIA_MIN,00-0041525,Chris Bell,MIA,MIN,receptions,betmgm,2.5,2.060806107846392,1.8473708305243508,Under,-110,0.6074999999999999,0.4898785425101214,0.15977272727272707,true,0.0,0.0,0.0,0.0,0.0,1,0.9090909090909091
2026_04_MIA_MIN,00-0041525,Chris Bell,MIA,MIN,rec_yds,bovada,34.5,26.76322924947134,33.23295263050073,Over,-115,0.4,0.5,-0.25217391304347825,true,0.0,0.0,0.0,0.0,0.0,-1,-1.0
2026_04_MIA_MIN,00-0041525,Chris Bell,MIA,MIN,rec_yds,bovada,34.5,26.76322924947134,33.23295263050073,Under,-115,0.6,0.5,0.12173913043478257,true,0.0,0.0,0.0,0.0,0.0,1,0.8695652173913043
2026_04_MIA_MIN,00-0041525,Chris Bell,MIA,MIN,receptions,bovada,2.5,2.060806107846392,1.8473708305243508,Over,-120,0.3925,0.5101214574898786,-0.2804166666666666,true,0.0,0.0,0.0,0.0,0.0,-1,-1.0
2026_04_MIA_MIN,00-0041525,Chris Bell,MIA,MIN,receptions,bovada,2.5,2.060806107846392,1.8473708305243508,Under,-110,0.6074999999999999,0.4898785425101214,0.15977272727272707,true,0.0,0.0,0.0,0.0,0.0,1,0.9090909090909091
2026_04_JAX_CIN,00-0036410,Tee Higgins,CIN,JAX,rec_yds,draftkings,63.5,61.75667320772152,71.3534402134996,Over,-113,0.4325,0.5021058838394474,-0.18475663716814156,false,0.0,0.0,157.0,11.0,157.0,1,0.8849557522123894
2026_04_JAX_CIN,00-0036410,Tee Higgins,CIN,JAX,rec_yds,draftkings,63.5,61.75667320772152,71.3534402134996,Under,-111,0.5675,0.49789411616055257,0.07876126126126126,false,0.0,0.0,157.0,11.0,157.0,-1,-1.0
2026_04_JAX_CIN,00-0036410,Tee Higgins,CIN,JAX,receptions,draftkings,4.5,4.10727890867908,4.66608470639915,Over,-109,0.435,0.4916850288945246,-0.1659174311926605,false,0.0,0.0,157.0,11.0,11.0,1,0.9174311926605505
2026_04_JAX_CIN,00-0036410,Tee Higgins,CIN,JAX,receptions,draftkings,4.5,4.10727890867908,4.66608470639915,Under,-117,0.565,0.5083149711054754,0.0479059829059828,false,0.0,0.0,157.0,11.0,11.0,-1,-1.0
2026_04_JAX_CIN,00-0036410,Tee Higgins,CIN,JAX,rec_yds,fanduel,62.5,61.75667320772152,71.3534402134996,Over,-113,0.44,0.5,-0.17061946902654873,false,0.0,0.0,157.0,11.0,157.0,1,0.8849557522123894
2026_04_JAX_CIN,00-0036410,Tee Higgins,CIN,JAX,rec_yds,fanduel,62.5,61.75667320772152,71.3534402134996,Under,-113,0.56,0.5,0.055575221238938155,false,0.0,0.0,157.0,11.0,157.0,-1,-1.0
2026_04_JAX_CIN,00-0036410,Tee Higgins,CIN,JAX,receptions,fanduel,4.5,4.10727890867908,4.66608470639915,Over,-102,0.435,0.4718423169750603,-0.13852941176470585,false,0.0,0.0,157.0,11.0,11.0,1,0.9803921568627451
2026_04_JAX_CIN,00-0036410,Tee Higgins,CIN,JAX,receptions,fanduel,4.5,4.10727890867908,4.66608470639915,Under,-130,0.565,0.5281576830249397,-0.00038461538461542766,false,0.0,0.0,157.0,11.0,11.0,-1,-1.0
2026_04_JAX_CIN,00-0036410,Tee Higgins,CIN,JAX,rec_yds,betonlineag,62.5,61.75667320772152,71.3534402134996,Over,-114,0.44,0.5,-0.17403508771929832,false,0.0,0.0,157.0,11.0,157.0,1,0.8771929824561403
2026_04_JAX_CIN,00-0036410,Tee Higgins,CIN,JAX,rec_yds,betonlineag,62.5,61.75667320772152,71.3534402134996,Under,-114,0.56,0.5,0.05122807017543868,false,0.0,0.0,157.0,11.0,157.0,-1,-1.0
2026_04_JAX_CIN,00-0036410,Tee Higgins,CIN,JAX,receptions,betonlineag,4.5,4.10727890867908,4.66608470639915,Over,-109,0.435,0.48974190636412124,-0.1659174311926605,false,0.0,0.0,157.0,11.0,11.0,1,0.9174311926605505
2026_04_JAX_CIN,00-0036410,Tee Higgins,CIN,JAX,receptions,betonlineag,4.5,4.10727890867908,4.66608470639915,Under,-119,0.565,0.5102580936358787,0.03978991596638648,false,0.0,0.0,157.0,11.0,11.0,-1,-1.0
2026_04_JAX_CIN,00-0036410,Tee Higgins,CIN,JAX,rec_yds,betrivers,60.5,61.75667320772152,71.3534402134996,Over,-118,0.46,0.5050233081498151,-0.15016949152542375,false,0.0,0.0,157.0,11.0,157.0,1,0.847457627118644
2026_04_JAX_CIN,00-0036410,Tee Higgins,CIN,JAX,rec_yds,betrivers,60.5,61.75667320772152,71.3534402134996,Under,-113,0.54,0.4949766918501849,0.017876106194690378,false,0.0,0.0,157.0,11.0,157.0,-1,-1.0
2026_04_JAX_CIN,00-0036410,Tee Higgins,CIN,JAX,receptions,betrivers,4.5,4.10727890867908,4.66608470639915,Over,-110,0.435,,-0.1695454545454545,false,0.0,0.0,157.0,11.0,11.0,1,0.9090909090909091
2026_04_JAX_CIN,00-0036410,Tee Higgins,CIN,JAX,rec_yds,betmgm,61.5,61.75667320772152,71.3534402134996,Over,-115,0.4475,0.5,-0.16336956521739132,false,0.0,0.0,157.0,11.0,157.0,1,0.8695652173913043
2026_04_JAX_CIN,00-0036410,Tee Higgins,CIN,JAX,rec_yds,betmgm,61.5,61.75667320772152,71.3534402134996,Under,-115,0.5525,0.5,0.032934782608695645,false,0.0,0.0,157.0,11.0,157.0,-1,-1.0
2026_04_JAX_CIN,00-0036410,Tee Higgins,CIN,JAX,receptions,betmgm,4.5,4.10727890867908,4.66608470639915,Over,-115,0.435,0.5,-0.18673913043478257,false,0.0,0.0,157.0,11.0,11.0,1,0.8695652173913043
2026_04_JAX_CIN,00-0036410,Tee Higgins,CIN,JAX,receptions,betmgm,4.5,4.10727890867908,4.66608470639915,Under,-115,0.565,0.5,0.05630434782608684,false,0.0,0.0,157.0,11.0,11.0,-1,-1.0
2026_04_JAX_CIN,00-0036410,Tee Higgins,CIN,JAX,rec_yds,bovada,63.5,61.75667320772152,71.3534402134996,Over,-115,0.4325,0.5,-0.19141304347826088,false,0.0,0.0,157.0,11.0,157.0,1,0.8695652173913043
2026_04_JAX_CIN,00-0036410,Tee Higgins,CIN,JAX,rec_yds,bovada,63.5,61.75667320772152,71.3534402134996,Under,-115,0.5675,0.5,0.060978260869565204,false,0.0,0.0,157.0,11.0,157.0,-1,-1.0
2026_04_JAX_CIN,00-0036410,Tee Higgins,CIN,JAX,receptions,bovada,4.5,4.10727890867908,4.66608470639915,Over,-110,0.435,0.48987854251012153,-0.1695454545454545,false,0.0,0.0,157.0,11.0,11.0,1,0.9090909090909091
2026_04_JAX_CIN,00-0036410,Tee Higgins,CIN,JAX,receptions,bovada,4.5,4.10727890867908,4.66608470639915,Under,-120,0.565,0.5101214574898785,0.03583333333333327,false,0.0,0.0,157.0,11.0,11.0,-1,-1.0
2026_04_GB_TB,00-0038996,Tucker Kraft,GB,TB,rec_yds,draftkings,39.5,36.420795842091565,47.46068326070601,Over,-114,0.4125,0.5042122999157539,-0.22565789473684217,false,0.0,3.0,42.0,6.0,42.0,1,0.8771929824561403
2026_04_GB_TB,00-0038996,Tucker Kraft,GB,TB,rec_yds,draftkings,39.5,36.420795842091565,47.46068326070601,Under,-110,0.5875,0.4957877000842461,0.12159090909090908,false,0.0,3.0,42.0,6.0,42.0,-1,-1.0
2026_04_GB_TB,00-0038996,Tucker Kraft,GB,TB,receptions,draftkings,3.5,3.0617426179861003,3.5386712946124557,Over,-145,0.3725,0.5576419608197165,-0.370603448275862,false,0.0,3.0,42.0,6.0,6.0,1,0.6896551724137931
2026_04_GB_TB,00-0038996,Tucker Kraft,GB,TB,receptions,draftkings,3.5,3.0617426179861003,3.5386712946124557,Under,113,0.6275,0.4423580391802835,0.33657499999999985,false,0.0,3.0,42.0,6.0,6.0,-1,-1.0
2026_04_GB_TB,00-0038996,Tucker Kraft,GB,TB,rec_yds,fanduel,40.5,36.420795842091565,47.46068326070601,Over,-113,0.395,0.5,-0.25544247787610613,false,0.0,3.0,42.0,6.0,42.0,1,0.8849557522123894
2026_04_GB_TB,00-0038996,Tucker Kraft,GB,TB,rec_yds,fanduel,40.5,36.420795842091565,47.46068326070601,Under,-113,0.605,0.5,0.1403982300884956,false,0.0,3.0,42.0,6.0,42.0,-1,-1.0
2026_04_GB_TB,00-0038996,Tucker Kraft,GB,TB,receptions,fanduel,3.5,3.0617426179861003,3.5386712946124557,Over,-158,0.3725,0.571741584224155,-0.39174050632911384,false,0.0,3.0,42.0,6.0,6.0,1,0.6329113924050633
2026_04_GB_TB,00-0038996,Tucker Kraft,GB,TB,receptions,fanduel,3.5,3.0617426179861003,3.5386712946124557,Under,118,0.6275,0.428258415775845,0.3679499999999999,false,0.0,3.0,42.0,6.0,6.0,-1,-1.0
2026_04_GB_TB,00-0038996,Tucker Kraft,GB,TB,rec_yds,betonlineag,41.5,36.420795842091565,47.46068326070601,Over,-114,0.3875,0.5,-0.27258771929824566,false,0.0,3.0,42.0,6.0,42.0,1,0.8771929824561403
2026_04_GB_TB,00-0038996,Tucker Kraft,GB,TB,rec_yds,betonlineag,41.5,36.420795842091565,47.46068326070601,Under,-114,0.6125,0.5,0.14978070175438607,false,0.0,3.0,42.0,6.0,42.0,-1,-1.0
2026_04_GB_TB,00-0038996,Tucker Kraft,GB,TB,receptions,betonlineag,3.5,3.0617426179861003,3.5386712946124557,Over,-159,0.3725,0.5767835550181378,-0.3932232704402515,false,0.0,3.0,42.0,6.0,6.0,1,0.6289308176100629
2026_04_GB_TB,00-0038996,Tucker Kraft,GB,TB,receptions,betonlineag,3.5,3.0617426179861003,3.5386712946124557,Under,122,0.6275,0.42321644498186217,0.3930499999999999,false,0.0,3.0,42.0,6.0,6.0,-1,-1.0
2026_04_GB_TB,00-0038996,Tucker Kraft,GB,TB,rec_yds,betrivers,41.5,36.420795842091565,47.46068326070601,Over,-113,0.3875,0.4949766918501849,-0.2695796460176991,false,0.0,3.0,42.0,6.0,42.0,1,0.8849557522123894
2026_04_GB_TB,00-0038996,Tucker Kraft,GB,TB,rec_yds,betrivers,41.5,36.420795842091565,47.46068326070601,Under,-118,0.6125,0.5050233081498151,0.1315677966101696,false,0.0,3.0,42.0,6.0,42.0,-1,-1.0
2026_04_GB_TB,00-0038996,Tucker Kraft,GB,TB,receptions,betrivers,3.5,3.0617426179861003,3.5386712946124557,Over,-159,0.3725,,-0.3932232704402515,false,0.0,3.0,42.0,6.0,6.0,1,0.6289308176100629
2026_04_GB_TB,00-0038996,Tucker Kraft,GB,TB,rec_yds,bovada,39.5,36.420795842091565,47.46068326070601,Over,-115,0.4125,0.5,-0.228804347826087,false,0.0,3.0,42.0,6.0,42.0,1,0.8695652173913043
2026_04_GB_TB,00-0038996,Tucker Kraft,GB,TB,rec_yds,bovada,39.5,36.420795842091565,47.46068326070601,Under,-115,0.5875,0.5,0.09836956521739137,false,0.0,3.0,42.0,6.0,42.0,-1,-1.0
2026_04_GB_TB,00-0038996,Tucker Kraft,GB,TB,receptions,bovada,3.5,3.0617426179861003,3.5386712946124557,Over,-150,0.3725,0.5633187772925765,-0.37916666666666665,false,0.0,3.0,42.0,6.0,6.0,1,0.6666666666666666
2026_04_GB_TB,00-0038996,Tucker Kraft,GB,TB,receptions,bovada,3.5,3.0617426179861003,3.5386712946124557,Under,115,0.6275,0.4366812227074235,0.3491249999999998,false,0.0,3.0,42.0,6.0,6.0,-1,-1.0
2026_04_GB_TB,00-0038996,Tucker Kraft,GB,TB,rec_yds,betmgm,41.5,36.420795842091565,47.46068326070601,Over,-115,0.3875,0.5,-0.2755434782608696,false,0.0,3.0,42.0,6.0,42.0,1,0.8695652173913043
2026_04_GB_TB,00-0038996,Tucker Kraft,GB,TB,rec_yds,betmgm,41.5,36.420795842091565,47.46068326070601,Under,-115,0.6125,0.5,0.145108695652174,false,0.0,3.0,42.0,6.0,42.0,-1,-1.0
2026_04_GB_TB,00-0038996,Tucker Kraft,GB,TB,receptions,betmgm,3.5,3.0617426179861003,3.5386712946124557,Over,-150,0.3725,0.5575221238938053,-0.37916666666666665,false,0.0,3.0,42.0,6.0,6.0,1,0.6666666666666666
2026_04_GB_TB,00-0038996,Tucker Kraft,GB,TB,receptions,betmgm,3.5,3.0617426179861003,3.5386712946124557,Under,110,0.6275,0.4424778761061947,0.31775,false,0.0,3.0,42.0,6.0,6.0,-1,-1.0
2026_04_DEN_SF,00-0041052,Kaelon Black,SF,DEN,rush_yds,draftkings,24.5,23.813812439064293,32.96085000042404,Over,-111,0.465,0.4978941161605526,-0.11608108108108095,false,0.0,13.0,0.0,0.0,13.0,-1,-1.0
2026_04_DEN_SF,00-0041052,Kaelon Black,SF,DEN,rush_yds,draftkings,24.5,23.813812439064293,32.96085000042404,Under,-113,0.5349999999999999,0.5021058838394474,0.008451327433628197,false,0.0,13.0,0.0,0.0,13.0,1,0.8849557522123894
2026_04_DEN_SF,00-0041052,Kaelon Black,SF,DEN,rush_yds,fanduel,22.5,23.813812439064293,32.96085000042404,Over,-113,0.49,0.5,-0.0763716814159292,false,0.0,13.0,0.0,0.0,13.0,-1,-1.0
2026_04_DEN_SF,00-0041052,Kaelon Black,SF,DEN,rush_yds,fanduel,22.5,23.813812439064293,32.96085000042404,Under,-113,0.51,0.5,-0.03867256637168137,false,0.0,13.0,0.0,0.0,13.0,1,0.8849557522123894
2026_04_DEN_SF,00-0041052,Kaelon Black,SF,DEN,rush_yds,betonlineag,22.5,23.813812439064293,32.96085000042404,Over,-115,0.49,0.5030953363598846,-0.0839130434782609,false,0.0,13.0,0.0,0.0,13.0,-1,-1.0
2026_04_DEN_SF,00-0041052,Kaelon Black,SF,DEN,rush_yds,betonlineag,22.5,23.813812439064293,32.96085000042404,Under,-112,0.51,0.49690466364011543,-0.034642857142857086,false,0.0,13.0,0.0,0.0,13.0,1,0.8928571428571429
2026_04_DEN_SF,00-0041052,Kaelon Black,SF,DEN,rush_yds,betrivers,23.5,23.813812439064293,32.96085000042404,Over,-114,0.475,0.4969864995178399,-0.10833333333333339,false,0.0,13.0,0.0,0.0,13.0,-1,-1.0
2026_04_DEN_SF,00-0041052,Kaelon Black,SF,DEN,rush_yds,betrivers,23.5,23.813812439064293,32.96085000042404,Under,-117,0.525,0.5030135004821601,-0.026282051282051244,false,0.0,13.0,0.0,0.0,13.0,1,0.8547008547008547
2026_04_DEN_SF,00-0041052,Kaelon Black,SF,DEN,rush_yds,bovada,24.5,23.813812439064293,32.96085000042404,Over,-115,0.465,0.5,-0.1306521739130434,false,0.0,13.0,0.0,0.0,13.0,-1,-1.0
2026_04_DEN_SF,00-0041052,Kaelon Black,SF,DEN,rush_yds,bovada,24.5,23.813812439064293,32.96085000042404,Under,-115,0.5349999999999999,0.5,0.0002173913043476694,false,0.0,13.0,0.0,0.0,13.0,1,0.8695652173913043
2026_04_ARI_NYG,00-0037744,Trey McBride,ARI,NYG,rec_yds,draftkings,62.5,65.82651971174425,72.50447189844394,Over,-109,0.5525,0.4936802190857383,0.059380733944954134,false,0.0,0.0,31.0,7.0,31.0,-1,-1.0
2026_04_ARI_NYG,00-0037744,Trey McBride,ARI,NYG,rec_yds,draftkings,62.5,65.82651971174425,72.50447189844394,Under,-115,0.4475,0.5063197809142617,-0.16336956521739132,false,0.0,0.0,31.0,7.0,31.0,1,0.8695652173913043
2026_04_ARI_NYG,00-0037744,Trey McBride,ARI,NYG,receptions,draftkings,6.5,6.604574329179387,8.12817727091938,Over,-144,0.53,0.5569436374201047,-0.1019444444444444,false,0.0,0.0,31.0,7.0,7.0,1,0.6944444444444444
2026_04_ARI_NYG,00-0037744,Trey McBride,ARI,NYG,receptions,draftkings,6.5,6.604574329179387,8.12817727091938,Under,113,0.47,0.44305636257989534,0.0010999999999998789,false,0.0,0.0,31.0,7.0,7.0,-1,-1.0
2026_04_ARI_NYG,00-0037744,Trey McBride,ARI,NYG,rec_yds,fanduel,63.5,65.82651971174425,72.50447189844394,Over,-113,0.5375,0.5,0.013163716814159288,false,0.0,0.0,31.0,7.0,31.0,-1,-1.0
2026_04_ARI_NYG,00-0037744,Trey McBride,ARI,NYG,rec_yds,fanduel,63.5,65.82651971174425,72.50447189844394,Under,-113,0.4625,0.5,-0.12820796460176986,false,0.0,0.0,31.0,7.0,31.0,1,0.8849557522123894
2026_04_ARI_NYG,00-0037744,Trey McBride,ARI,NYG,receptions,fanduel,7.5,6.604574329179387,8.12817727091938,Over,124,0.3925,0.41703248463564524,-0.12079999999999991,false,0.0,0.0,31.0,7.0,7.0,-1,-1.0
2026_04_ARI_NYG,00-0037744,Trey McBride,ARI,NYG,receptions,fanduel,7.5,6.604574329179387,8.12817727091938,Under,-166,0.6074999999999999,0.5829675153643548,-0.026536144578313325,false,0.0,0.0,31.0,7.0,7.0,1,0.6024096385542169
2026_04_ARI_NYG,00-0037744,Trey McBride,ARI,NYG,rec_yds,betrivers,64.5,65.82651971174425,72.50447189844394,Over,-113,0.5275,0.4949766918501849,-0.005685840707964629,false,0.0,0.0,31.0,7.0,31.0,-1,-1.0
2026_04_ARI_NYG,00-0037744,Trey McBride,ARI,NYG,rec_yds,betrivers,64.5,65.82651971174425,72.50447189844394,Under,-118,0.47250000000000003,0.5050233081498151,-0.12707627118644066,false,0.0,0.0,31.0,7.0,31.0,1,0.847457627118644
2026_04_ARI_NYG,00-0037744,Trey McBride,ARI,NYG,receptions,betrivers,7.5,6.604574329179387,8.12817727091938,Over,115,0.3925,,-0.15612499999999996,false,0.0,0.0,31.0,7.0,7.0,-1,-1.0
2026_04_ARI_NYG,00-0037744,Trey McBride,ARI,NYG,rec_yds,betonlineag,63.5,65.82651971174425,72.50447189844394,Over,-116,0.5375,0.5051597457277305,0.0008620689655171598,false,0.0,0.0,31.0,7.0,31.0,-1,-1.0
2026_04_ARI_NYG,00-0037744,Trey McBride,ARI,NYG,rec_yds,betonlineag,63.5,65.82651971174425,72.50447189844394,Under,-111,0.4625,0.4948402542722695,-0.12083333333333329,false,0.0,0.0,31.0,7.0,31.0,1,0.9009009009009009
2026_04_ARI_NYG,00-0037744,Trey McBride,ARI,NYG,receptions,betonlineag,6.5,6.604574329179387,8.12817727091938,Over,-128,0.53,0.5276888998277135,-0.05593749999999997,false,0.0,0.0,31.0,7.0,7.0,1,0.78125
2026_04_ARI_NYG,00-0037744,Trey McBride,ARI,NYG,receptions,betonlineag,6.5,6.604574329179387,8.12817727091938,Under,-101,0.47,0.4723111001722865,-0.06465346534653471,false,0.0,0.0,31.0,7.0,7.0,-1,-1.0
2026_04_ARI_NYG,00-0037744,Trey McBride,ARI,NYG,rec_yds,betmgm,64.5,65.82651971174425,72.50447189844394,Over,-115,0.5275,0.5,-0.013804347826087027,false,0.0,0.0,31.0,7.0,31.0,-1,-1.0
2026_04_ARI_NYG,00-0037744,Trey McBride,ARI,NYG,rec_yds,betmgm,64.5,65.82651971174425,72.50447189844394,Under,-115,0.47250000000000003,0.5,-0.11663043478260865,false,0.0,0.0,31.0,7.0,31.0,1,0.8695652173913043
2026_04_ARI_NYG,00-0037744,Trey McBride,ARI,NYG,receptions,betmgm,6.5,6.604574329179387,8.12817727091938,Over,-130,0.53,0.5246062992125985,-0.06230769230769223,false,0.0,0.0,31.0,7.0,7.0,1,0.7692307692307693
2026_04_ARI_NYG,00-0037744,Trey McBride,ARI,NYG,receptions,betmgm,6.5,6.604574329179387,8.12817727091938,Under,-105,0.47,0.4753937007874015,-0.08238095238095244,false,0.0,0.0,31.0,7.0,7.0,-1,-1.0
2026_04_ARI_NYG,00-0037744,Trey McBride,ARI,NYG,rec_yds,bovada,62.5,65.82651971174425,72.50447189844394,Over,-110,0.5525,0.48987854251012153,0.054772727272727195,false,0.0,0.0,31.0,7.0,31.0,-1,-1.0
2026_04_ARI_NYG,00-0037744,Trey McBride,ARI,NYG,rec_yds,bovada,62.5,65.82651971174425,72.50447189844394,Under,-120,0.4475,0.5101214574898785,-0.17958333333333332,false,0.0,0.0,31.0,7.0,31.0,1,0.8333333333333334
2026_04_ARI_NYG,00-0037744,Trey McBride,ARI,NYG,receptions,bovada,6.5,6.604574329179387,8.12817727091938,Over,-130,0.53,0.5306122448979592,-0.06230769230769223,false,0.0,0.0,31.0,7.0,7.0,1,0.7692307692307693
2026_04_ARI_NYG,00-0037744,Trey McBride,ARI,NYG,receptions,bovada,6.5,6.604574329179387,8.12817727091938,Under,100,0.47,0.4693877551020408,-0.06000000000000005,false,0.0,0.0,31.0,7.0,7.0,-1,-1.0
2026_04_NE_BUF,00-0034857,Josh Allen,BUF,NE,pass_yds,draftkings,246.5,277.39972281038195,243.9976619807886,Over,-112,0.61,0.5,0.1546428571428572,false,253.0,4.0,0.0,0.0,253.0,1,0.8928571428571429
2026_04_NE_BUF,00-0034857,Josh Allen,BUF,NE,pass_yds,draftkings,246.5,277.39972281038195,243.9976619807886,Under,-112,0.39,0.5,-0.26178571428571423,false,253.0,4.0,0.0,0.0,253.0,-1,-1.0
2026_04_NE_BUF,00-0034857,Josh Allen,BUF,NE,pass_yds,fanduel,242.5,277.39972281038195,243.9976619807886,Over,-113,0.6475,0.5,0.22050884955752204,false,253.0,4.0,0.0,0.0,253.0,1,0.8849557522123894
2026_04_NE_BUF,00-0034857,Josh Allen,BUF,NE,pass_yds,fanduel,242.5,277.39972281038195,243.9976619807886,Under,-113,0.35250000000000004,0.5,-0.33555309734513267,false,253.0,4.0,0.0,0.0,253.0,-1,-1.0
2026_04_NE_BUF,00-0034857,Josh Allen,BUF,NE,pass_yds,betonlineag,242.5,277.39972281038195,243.9976619807886,Over,-114,0.6475,0.5,0.21548245614035078,false,253.0,4.0,0.0,0.0,253.0,1,0.8771929824561403
2026_04_NE_BUF,00-0034857,Josh Allen,BUF,NE,pass_yds,betonlineag,242.5,277.39972281038195,243.9976619807886,Under,-114,0.35250000000000004,0.5,-0.3382894736842105,false,253.0,4.0,0.0,0.0,253.0,-1,-1.0
2026_04_NE_BUF,00-0034857,Josh Allen,BUF,NE,pass_yds,betrivers,240.5,277.39972281038195,243.9976619807886,Over,-114,0.655,0.4989820846905537,0.22956140350877197,false,253.0,4.0,0.0,0.0,253.0,1,0.8771929824561403
2026_04_NE_BUF,00-0034857,Josh Allen,BUF,NE,pass_yds,betrivers,240.5,277.39972281038195,243.9976619807886,Under,-115,0.345,0.5010179153094463,-0.35500000000000004,false,253.0,4.0,0.0,0.0,253.0,-1,-1.0
2026_04_NE_BUF,00-0034857,Josh Allen,BUF,NE,pass_yds,betmgm,241.5,277.39972281038195,243.9976619807886,Over,-115,0.6475,0.5,0.2105434782608695,false,253.0,4.0,0.0,0.0,253.0,1,0.8695652173913043
2026_04_NE_BUF,00-0034857,Josh Allen,BUF,NE,pass_yds,betmgm,241.5,277.39972281038195,243.9976619807886,Under,-115,0.35250000000000004,0.5,-0.3409782608695652,false,253.0,4.0,0.0,0.0,253.0,-1,-1.0
2026_04_NE_BUF,00-0034857,Josh Allen,BUF,NE,pass_yds,bovada,246.5,277.39972281038195,243.9976619807886,Over,-115,0.61,0.5,0.14043478260869557,false,253.0,4.0,0.0,0.0,253.0,1,0.8695652173913043
2026_04_NE_BUF,00-0034857,Josh Allen,BUF,NE,pass_yds,bovada,246.5,277.39972281038195,243.9976619807886,Under,-115,0.39,0.5,-0.2708695652173913,false,253.0,4.0,0.0,0.0,253.0,-1,-1.0
2026_04_DEN_SF,00-0037834,Brock Purdy,SF,DEN,pass_yds,draftkings,234.5,221.94663323121188,243.8651921431779,Over,-113,0.4575,0.5021058838394474,-0.13763274336283182,false,218.0,29.0,0.0,0.0,218.0,-1,-1.0
2026_04_DEN_SF,00-0037834,Brock Purdy,SF,DEN,pass_yds,draftkings,234.5,221.94663323121188,243.8651921431779,Under,-111,0.5425,0.49789411616055257,0.031238738738738725,false,218.0,29.0,0.0,0.0,218.0,1,0.9009009009009009
2026_04_DEN_SF,00-0037834,Brock Purdy,SF,DEN,pass_yds,fanduel,233.5,221.94663323121188,243.8651921431779,Over,-113,0.46,0.5,-0.1329203539823009,false,218.0,29.0,0.0,0.0,218.0,-1,-1.0
2026_04_DEN_SF,00-0037834,Brock Purdy,SF,DEN,pass_yds,fanduel,233.5,221.94663323121188,243.8651921431779,Under,-113,0.54,0.5,0.017876106194690378,false,218.0,29.0,0.0,0.0,218.0,1,0.8849557522123894
2026_04_DEN_SF,00-0037834,Brock Purdy,SF,DEN,pass_yds,betonlineag,234.5,221.94663323121188,243.8651921431779,Over,-116,0.4575,0.5051597457277305,-0.14810344827586208,false,218.0,29.0,0.0,0.0,218.0,-1,-1.0
2026_04_DEN_SF,00-0037834,Brock Purdy,SF,DEN,pass_yds,betonlineag,234.5,221.94663323121188,243.8651921431779,Under,-111,0.5425,0.4948402542722695,0.031238738738738725,false,218.0,29.0,0.0,0.0,218.0,1,0.9009009009009009
2026_04_DEN_SF,00-0037834,Brock Purdy,SF,DEN,pass_yds,betrivers,232.5,221.94663323121188,243.8651921431779,Over,-114,0.4625,0.4969864995178399,-0.13179824561403508,false,218.0,29.0,0.0,0.0,218.0,-1,-1.0
2026_04_DEN_SF,00-0037834,Brock Purdy,SF,DEN,pass_yds,betrivers,232.5,221.94663323121188,243.8651921431779,Under,-117,0.5375,0.5030135004821601,-0.003098290598290643,false,218.0,29.0,0.0,0.0,218.0,1,0.8547008547008547
2026_04_DEN_SF,00-0037834,Brock Purdy,SF,DEN,pass_yds,bovada,234.5,221.94663323121188,243.8651921431779,Over,-115,0.4575,0.5,-0.14467391304347826,false,218.0,29.0,0.0,0.0,218.0,-1,-1.0
2026_04_DEN_SF,00-0037834,Brock Purdy,SF,DEN,pass_yds,bovada,234.5,221.94663323121188,243.8651921431779,Under,-115,0.5425,0.5,0.014239130434782588,false,218.0,29.0,0.0,0.0,218.0,1,0.8695652173913043
2026_04_LA_PHI,00-0036389,Jalen Hurts,PHI,LA,pass_yds,draftkings,184.5,208.00125891047819,194.3398706474221,Over,-112,0.61,0.5,0.1546428571428572,false,93.0,18.0,0.0,0.0,93.0,-1,-1.0
2026_04_LA_PHI,00-0036389,Jalen Hurts,PHI,LA,pass_yds,draftkings,184.5,208.00125891047819,194.3398706474221,Under,-112,0.39,0.5,-0.26178571428571423,false,93.0,18.0,0.0,0.0,93.0,1,0.8928571428571429
2026_04_LA_PHI,00-0036389,Jalen Hurts,PHI,LA,pass_yds,fanduel,187.5,208.00125891047819,194.3398706474221,Over,-113,0.6025,0.5,0.13568584070796474,false,93.0,18.0,0.0,0.0,93.0,-1,-1.0
2026_04_LA_PHI,00-0036389,Jalen Hurts,PHI,LA,pass_yds,fanduel,187.5,208.00125891047819,194.3398706474221,Under,-113,0.39749999999999996,0.5,-0.25073008849557527,false,93.0,18.0,0.0,0.0,93.0,1,0.8849557522123894
2026_04_LA_PHI,00-0036389,Jalen Hurts,PHI,LA,pass_yds,betonlineag,184.5,208.00125891047819,194.3398706474221,Over,-114,0.61,0.5,0.1450877192982456,false,93.0,18.0,0.0,0.0,93.0,-1,-1.0
2026_04_LA_PHI,00-0036389,Jalen Hurts,PHI,LA,pass_yds,betonlineag,184.5,208.00125891047819,194.3398706474221,Under,-114,0.39,0.5,-0.26789473684210524,false,93.0,18.0,0.0,0.0,93.0,1,0.8771929824561403
2026_04_LA_PHI,00-0036389,Jalen Hurts,PHI,LA,pass_yds,betrivers,190.5,208.00125891047819,194.3398706474221,Over,-115,0.59,0.5,0.10304347826086946,false,93.0,18.0,0.0,0.0,93.0,-1,-1.0
2026_04_LA_PHI,00-0036389,Jalen Hurts,PHI,LA,pass_yds,betrivers,190.5,208.00125891047819,194.3398706474221,Under,-115,0.41000000000000003,0.5,-0.2334782608695652,false,93.0,18.0,0.0,0.0,93.0,1,0.8695652173913043
2026_04_LA_PHI,00-0036389,Jalen Hurts,PHI,LA,pass_yds,betmgm,188.5,208.00125891047819,194.3398706474221,Over,-115,0.5975,0.5,0.11706521739130438,false,93.0,18.0,0.0,0.0,93.0,-1,-1.0
2026_04_LA_PHI,00-0036389,Jalen Hurts,PHI,LA,pass_yds,betmgm,188.5,208.00125891047819,194.3398706474221,Under,-115,0.40249999999999997,0.5,-0.24750000000000005,false,93.0,18.0,0.0,0.0,93.0,1,0.8695652173913043
2026_04_LA_PHI,00-0036389,Jalen Hurts,PHI,LA,pass_yds,bovada,184.5,208.00125891047819,194.3398706474221,Over,-115,0.61,0.5,0.14043478260869557,false,93.0,18.0,0.0,0.0,93.0,-1,-1.0
2026_04_LA_PHI,00-0036389,Jalen Hurts,PHI,LA,pass_yds,bovada,184.5,208.00125891047819,194.3398706474221,Under,-115,0.39,0.5,-0.2708695652173913,false,93.0,18.0,0.0,0.0,93.0,1,0.8695652173913043
2026_04_DEN_SF,00-0033288,George Kittle,SF,DEN,rec_yds,draftkings,64.5,44.28257409181106,59.01515884629708,Over,-110,0.3375,0.495787700084246,-0.35568181818181815,false,0.0,0.0,70.0,4.0,70.0,1,0.9090909090909091
2026_04_DEN_SF,00-0033288,George Kittle,SF,DEN,rec_yds,draftkings,64.5,44.28257409181106,59.01515884629708,Under,-114,0.6625,0.504212299915754,0.24364035087719293,false,0.0,0.0,70.0,4.0,70.0,-1,-1.0
2026_04_DEN_SF,00-0033288,George Kittle,SF,DEN,receptions,draftkings,4.5,3.686088204845562,4.606993094128247,Over,-144,0.36,0.5557821147684242,-0.39,false,0.0,0.0,70.0,4.0,4.0,-1,-1.0
2026_04_DEN_SF,00-0033288,George Kittle,SF,DEN,receptions,draftkings,4.5,3.686088204845562,4.606993094128247,Under,112,0.64,0.4442178852315758,0.3568000000000001,false,0.0,0.0,70.0,4.0,4.0,1,1.12
2026_04_DEN_SF,00-0033288,George Kittle,SF,DEN,rec_yds,fanduel,64.5,44.28257409181106,59.01515884629708,Over,-113,0.3375,0.5,-0.36382743362831854,false,0.0,0.0,70.0,4.0,70.0,1,0.8849557522123894
2026_04_DEN_SF,00-0033288,George Kittle,SF,DEN,rec_yds,fanduel,64.5,44.28257409181106,59.01515884629708,Under,-113,0.6625,0.5,0.2487831858407079,false,0.0,0.0,70.0,4.0,70.0,-1,-1.0
2026_04_DEN_SF,00-0033288,George Kittle,SF,DEN,receptions,fanduel,4.5,3.686088204845562,4.606993094128247,Over,-148,0.36,0.5585303332383936,-0.3967567567567568,false,0.0,0.0,70.0,4.0,4.0,-1,-1.0
2026_04_DEN_SF,00-0033288,George Kittle,SF,DEN,receptions,fanduel,4.5,3.686088204845562,4.606993094128247,Under,112,0.64,0.44146966676160637,0.3568000000000001,false,0.0,0.0,70.0,4.0,4.0,1,1.12
2026_04_DEN_SF,00-0033288,George Kittle,SF,DEN,rec_yds,betonlineag,64.5,44.28257409181106,59.01515884629708,Over,-114,0.3375,0.5,-0.36644736842105263,false,0.0,0.0,70.0,4.0,70.0,1,0.8771929824561403
2026_04_DEN_SF,00-0033288,George Kittle,SF,DEN,rec_yds,betonlineag,64.5,44.28257409181106,59.01515884629708,Under,-114,0.6625,0.5,0.24364035087719293,false,0.0,0.0,70.0,4.0,70.0,-1,-1.0
2026_04_DEN_SF,00-0033288,George Kittle,SF,DEN,receptions,betonlineag,4.5,3.686088204845562,4.606993094128247,Over,-145,0.36,0.556480811006517,-0.3917241379310345,false,0.0,0.0,70.0,4.0,4.0,-1,-1.0
2026_04_DEN_SF,00-0033288,George Kittle,SF,DEN,receptions,betonlineag,4.5,3.686088204845562,4.606993094128247,Under,112,0.64,0.44351918899348297,0.3568000000000001,false,0.0,0.0,70.0,4.0,4.0,1,1.12
2026_04_DEN_SF,00-0033288,George Kittle,SF,DEN,rec_yds,betrivers,63.5,44.28257409181106,59.01515884629708,Over,-115,0.3425,0.5,-0.35967391304347823,false,0.0,0.0,70.0,4.0,70.0,1,0.8695652173913043
2026_04_DEN_SF,00-0033288,George Kittle,SF,DEN,rec_yds,betrivers,63.5,44.28257409181106,59.01515884629708,Under,-115,0.6575,0.5,0.2292391304347825,false,0.0,0.0,70.0,4.0,70.0,-1,-1.0
2026_04_DEN_SF,00-0033288,George Kittle,SF,DEN,receptions,betrivers,4.5,3.686088204845562,4.606993094128247,Over,-139,0.36,,-0.38100719424460433,false,0.0,0.0,70.0,4.0,4.0,-1,-1.0
2026_04_DEN_SF,00-0033288,George Kittle,SF,DEN,rec_yds,bovada,64.5,44.28257409181106,59.01515884629708,Over,-115,0.3375,0.5,-0.36902173913043473,false,0.0,0.0,70.0,4.0,70.0,1,0.8695652173913043
2026_04_DEN_SF,00-0033288,George Kittle,SF,DEN,rec_yds,bovada,64.5,44.28257409181106,59.01515884629708,Under,-115,0.6625,0.5,0.2385869565217391,false,0.0,0.0,70.0,4.0,70.0,-1,-1.0
2026_04_DEN_SF,00-0033288,George Kittle,SF,DEN,receptions,bovada,4.5,3.686088204845562,4.606993094128247,Over,-145,0.36,0.554140127388535,-0.3917241379310345,false,0.0,0.0,70.0,4.0,4.0,-1,-1.0
2026_04_DEN_SF,00-0033288,George Kittle,SF,DEN,receptions,bovada,4.5,3.686088204845562,4.606993094128247,Under,110,0.64,0.445859872611465,0.3440000000000001,false,0.0,0.0,70.0,4.0,4.0,1,1.1
2026_04_GB_TB,00-0039811,MarShawn Lloyd,GB,TB,rush_yds,draftkings,23.5,7.172311730722056,20.015209504849615,Over,-108,0.115,0.49157113958192844,-0.7785185185185185,false,0.0,13.0,36.0,5.0,13.0,-1,-1.0
2026_04_GB_TB,00-0039811,MarShawn Lloyd,GB,TB,rush_yds,draftkings,23.5,7.172311730722056,20.015209504849615,Under,-116,0.885,0.5084288604180716,0.6479310344827586,false,0.0,13.0,36.0,5.0,13.0,1,0.8620689655172413
2026_04_GB_TB,00-0039811,MarShawn Lloyd,GB,TB,rush_yds,fanduel,23.5,7.172311730722056,20.015209504849615,Over,-113,0.115,0.5,-0.7832300884955752,false,0.0,13.0,36.0,5.0,13.0,-1,-1.0
2026_04_GB_TB,00-0039811,MarShawn Lloyd,GB,TB,rush_yds,fanduel,23.5,7.172311730722056,20.015209504849615,Under,-113,0.885,0.5,0.6681858407079646,false,0.0,13.0,36.0,5.0,13.0,1,0.8849557522123894
2026_04_GB_TB,00-0039811,MarShawn Lloyd,GB,TB,rush_yds,betonlineag,23.5,7.172311730722056,20.015209504849615,Over,-110,0.115,0.49179655455291227,-0.7804545454545455,false,0.0,13.0,36.0,5.0,13.0,-1,-1.0
2026_04_GB_TB,00-0039811,MarShawn Lloyd,GB,TB,rush_yds,betonlineag,23.5,7.172311730722056,20.015209504849615,Under,-118,0.885,0.5082034454470877,0.635,false,0.0,13.0,36.0,5.0,13.0,1,0.847457627118644
2026_04_GB_TB,00-0039811,MarShawn Lloyd,GB,TB,rush_yds,betrivers,22.5,7.172311730722056,20.015209504849615,Over,-110,0.1275,0.48893805309734506,-0.7565909090909091,false,0.0,13.0,36.0,5.0,13.0,-1,-1.0
2026_04_GB_TB,00-0039811,MarShawn Lloyd,GB,TB,rush_yds,betrivers,22.5,7.172311730722056,20.015209504849615,Under,-121,0.8725,0.5110619469026549,0.5935743801652894,false,0.0,13.0,36.0,5.0,13.0,1,0.8264462809917356
2026_04_GB_TB,00-0039811,MarShawn Lloyd,GB,TB,rush_yds,bovada,23.5,7.172311730722056,20.015209504849615,Over,-110,0.115,0.48987854251012153,-0.7804545454545455,false,0.0,13.0,36.0,5.0,13.0,-1,-1.0
2026_04_GB_TB,00-0039811,MarShawn Lloyd,GB,TB,rush_yds,bovada,23.5,7.172311730722056,20.015209504849615,Under,-120,0.885,0.5101214574898785,0.6225,false,0.0,13.0,36.0,5.0,13.0,1,0.8333333333333334
2026_04_GB_TB,00-0038129,Cade Otton,TB,GB,rec_yds,draftkings,24.5,37.0442450795967,41.448468615472024,Over,-116,0.625,0.5084288604180714,0.1637931034482758,true,0.0,0.0,37.0,4.0,37.0,1,0.8620689655172413
2026_04_GB_TB,00-0038129,Cade Otton,TB,GB,rec_yds,draftkings,24.5,37.0442450795967,41.448468615472024,Under,-108,0.375,0.49157113958192855,-0.2777777777777778,true,0.0,0.0,37.0,4.0,37.0,-1,-1.0
2026_04_GB_TB,00-0038129,Cade Otton,TB,GB,receptions,draftkings,2.5,3.192374836202568,3.9392438219004284,Over,-162,0.6375,0.5839552831327214,0.031018518518518445,true,0.0,0.0,37.0,4.0,4.0,1,0.6172839506172839
2026_04_GB_TB,00-0038129,Cade Otton,TB,GB,receptions,draftkings,2.5,3.192374836202568,3.9392438219004284,Under,127,0.36250000000000004,0.4160447168672786,-0.17712499999999987,true,0.0,0.0,37.0,4.0,4.0,-1,-1.0
2026_04_GB_TB,00-0038129,Cade Otton,TB,GB,rec_yds,fanduel,24.5,37.0442450795967,41.448468615472024,Over,-113,0.625,0.5,0.17809734513274345,true,0.0,0.0,37.0,4.0,37.0,1,0.8849557522123894
2026_04_GB_TB,00-0038129,Cade Otton,TB,GB,rec_yds,fanduel,24.5,37.0442450795967,41.448468615472024,Under,-113,0.375,0.5,-0.29314159292035397,true,0.0,0.0,37.0,4.0,37.0,-1,-1.0
2026_04_GB_TB,00-0038129,Cade Otton,TB,GB,receptions,fanduel,2.5,3.192374836202568,3.9392438219004284,Over,-160,0.6375,0.5751633986928104,0.035937499999999956,true,0.0,0.0,37.0,4.0,4.0,1,0.625
2026_04_GB_TB,00-0038129,Cade Otton,TB,GB,receptions,fanduel,2.5,3.192374836202568,3.9392438219004284,Under,120,0.36250000000000004,0.4248366013071896,-0.2024999999999999,true,0.0,0.0,37.0,4.0,4.0,-1,-1.0
2026_04_GB_TB,00-0038129,Cade Otton,TB,GB,rec_yds,betonlineag,24.5,37.0442450795967,41.448468615472024,Over,-118,0.625,0.5082034454470877,0.15466101694915246,true,0.0,0.0,37.0,4.0,37.0,1,0.847457627118644
2026_04_GB_TB,00-0038129,Cade Otton,TB,GB,rec_yds,betonlineag,24.5,37.0442450795967,41.448468615472024,Under,-110,0.375,0.49179655455291227,-0.2840909090909091,true,0.0,0.0,37.0,4.0,37.0,-1,-1.0
2026_04_GB_TB,00-0038129,Cade Otton,TB,GB,receptions,betonlineag,2.5,3.192374836202568,3.9392438219004284,Over,-164,0.6375,0.5829383886255923,0.026219512195121863,true,0.0,0.0,37.0,4.0,4.0,1,0.6097560975609756
2026_04_GB_TB,00-0038129,Cade Otton,TB,GB,receptions,betonlineag,2.5,3.192374836202568,3.9392438219004284,Under,125,0.36250000000000004,0.41706161137440767,-0.1843749999999999,true,0.0,0.0,37.0,4.0,4.0,-1,-1.0
2026_04_GB_TB,00-0038129,Cade Otton,TB,GB,rec_yds,betrivers,25.5,37.0442450795967,41.448468615472024,Over,-113,0.61,0.4949766918501849,0.14982300884955757,true,0.0,0.0,37.0,4.0,37.0,1,0.8849557522123894
2026_04_GB_TB,00-0038129,Cade Otton,TB,GB,rec_yds,betrivers,25.5,37.0442450795967,41.448468615472024,Under,-118,0.39,0.5050233081498151,-0.2794915254237288,true,0.0,0.0,37.0,4.0,37.0,-1,-1.0
2026_04_GB_TB,00-0038129,Cade Otton,TB,GB,receptions,betrivers,2.5,3.192374836202568,3.9392438219004284,Over,-162,0.6375,,0.031018518518518445,true,0.0,0.0,37.0,4.0,4.0,1,0.6172839506172839
2026_04_GB_TB,00-0038129,Cade Otton,TB,GB,rec_yds,bovada,24.5,37.0442450795967,41.448468615472024,Over,-120,0.625,0.5101214574898786,0.14583333333333337,true,0.0,0.0,37.0,4.0,37.0,1,0.8333333333333334
2026_04_GB_TB,00-0038129,Cade Otton,TB,GB,rec_yds,bovada,24.5,37.0442450795967,41.448468615472024,Under,-110,0.375,0.4898785425101214,-0.2840909090909091,true,0.0,0.0,37.0,4.0,37.0,-1,-1.0
2026_04_GB_TB,00-0038129,Cade Otton,TB,GB,receptions,bovada,2.5,3.192374836202568,3.9392438219004284,Over,-165,0.6375,0.5834970530451867,0.02386363636363631,true,0.0,0.0,37.0,4.0,4.0,1,0.6060606060606061
2026_04_GB_TB,00-0038129,Cade Otton,TB,GB,receptions,bovada,2.5,3.192374836202568,3.9392438219004284,Under,125,0.36250000000000004,0.41650294695481327,-0.1843749999999999,true,0.0,0.0,37.0,4.0,4.0,-1,-1.0
2026_04_GB_TB,00-0038129,Cade Otton,TB,GB,rec_yds,betmgm,25.5,37.0442450795967,41.448468615472024,Over,-115,0.61,0.5,0.14043478260869557,true,0.0,0.0,37.0,4.0,37.0,1,0.8695652173913043
2026_04_GB_TB,00-0038129,Cade Otton,TB,GB,rec_yds,betmgm,25.5,37.0442450795967,41.448468615472024,Under,-115,0.39,0.5,-0.2708695652173913,true,0.0,0.0,37.0,4.0,37.0,-1,-1.0
2026_04_GB_TB,00-0038129,Cade Otton,TB,GB,receptions,betmgm,2.5,3.192374836202568,3.9392438219004284,Over,-155,0.6375,0.5665108372290694,0.048790322580645085,true,0.0,0.0,37.0,4.0,4.0,1,0.6451612903225806
2026_04_GB_TB,00-0038129,Cade Otton,TB,GB,receptions,betmgm,2.5,3.192374836202568,3.9392438219004284,Under,115,0.36250000000000004,0.43348916277093064,-0.22062499999999996,true,0.0,0.0,37.0,4.0,4.0,-1,-1.0
2026_04_DAL_HOU,00-0040583,Woody Marks,HOU,DAL,rush_yds,draftkings,33.5,43.22330052955954,40.2047090417723,Over,-113,0.6225,0.5021058838394474,0.17338495575221247,false,0.0,22.0,0.0,0.0,22.0,-1,-1.0
2026_04_DAL_HOU,00-0040583,Woody Marks,HOU,DAL,rush_yds,draftkings,33.5,43.22330052955954,40.2047090417723,Under,-111,0.37749999999999995,0.49789411616055257,-0.28240990990991,false,0.0,22.0,0.0,0.0,22.0,1,0.9009009009009009
2026_04_DAL_HOU,00-0040583,Woody Marks,HOU,DAL,rush_yds,fanduel,33.5,43.22330052955954,40.2047090417723,Over,-113,0.6225,0.5,0.17338495575221247,false,0.0,22.0,0.0,0.0,22.0,-1,-1.0
2026_04_DAL_HOU,00-0040583,Woody Marks,HOU,DAL,rush_yds,fanduel,33.5,43.22330052955954,40.2047090417723,Under,-113,0.37749999999999995,0.5,-0.2884292035398231,false,0.0,22.0,0.0,0.0,22.0,1,0.8849557522123894
2026_04_DAL_HOU,00-0040583,Woody Marks,HOU,DAL,rush_yds,betonlineag,33.5,43.22330052955954,40.2047090417723,Over,-114,0.6225,0.5,0.1685526315789474,false,0.0,22.0,0.0,0.0,22.0,-1,-1.0
2026_04_DAL_HOU,00-0040583,Woody Marks,HOU,DAL,rush_yds,betonlineag,33.5,43.22330052955954,40.2047090417723,Under,-114,0.37749999999999995,0.5,-0.29135964912280715,false,0.0,22.0,0.0,0.0,22.0,1,0.8771929824561403
2026_04_DAL_HOU,00-0040583,Woody Marks,HOU,DAL,rush_yds,betrivers,34.5,43.22330052955954,40.2047090417723,Over,-120,0.6075,0.5079872204472844,0.11375000000000013,false,0.0,22.0,0.0,0.0,22.0,-1,-1.0
2026_04_DAL_HOU,00-0040583,Woody Marks,HOU,DAL,rush_yds,betrivers,34.5,43.22330052955954,40.2047090417723,Under,-112,0.39249999999999996,0.4920127795527156,-0.2570535714285715,false,0.0,22.0,0.0,0.0,22.0,1,0.8928571428571429
2026_04_DAL_HOU,00-0040583,Woody Marks,HOU,DAL,rush_yds,betmgm,34.5,43.22330052955954,40.2047090417723,Over,-111,0.6075,0.49095295536791317,0.1547972972972974,false,0.0,22.0,0.0,0.0,22.0,-1,-1.0
2026_04_DAL_HOU,00-0040583,Woody Marks,HOU,DAL,rush_yds,betmgm,34.5,43.22330052955954,40.2047090417723,Under,-120,0.39249999999999996,0.5090470446320868,-0.2804166666666667,false,0.0,22.0,0.0,0.0,22.0,1,0.8333333333333334
2026_04_DAL_HOU,00-0040583,Woody Marks,HOU,DAL,rush_yds,bovada,33.5,43.22330052955954,40.2047090417723,Over,-115,0.6225,0.5,0.163804347826087,false,0.0,22.0,0.0,0.0,22.0,-1,-1.0
2026_04_DAL_HOU,00-0040583,Woody Marks,HOU,DAL,rush_yds,bovada,33.5,43.22330052955954,40.2047090417723,Under,-115,0.37749999999999995,0.5,-0.2942391304347827,false,0.0,22.0,0.0,0.0,22.0,1,0.8695652173913043
2026_04_KC_LV,00-0038134,Kenneth Walker III,KC,LV,rec_yds,draftkings,21.5,18.828192465683088,26.64190326282352,Over,-111,0.4325,0.4978941161605526,-0.17786036036036035,false,0.0,177.0,2.0,1.0,2.0,-1,-1.0
2026_04_KC_LV,00-0038134,Kenneth Walker III,KC,LV,rec_yds,draftkings,21.5,18.828192465683088,26.64190326282352,Under,-113,0.5675,0.5021058838394474,0.06971238938053104,false,0.0,177.0,2.0,1.0,2.0,1,0.8849557522123894
2026_04_KC_LV,00-0038134,Kenneth Walker III,KC,LV,receptions,draftkings,2.5,2.79184158736684,2.999545875208788,Over,-163,0.49,0.5855918315895626,-0.20938650306748469,false,0.0,177.0,2.0,1.0,1.0,-1,-1.0
2026_04_KC_LV,00-0038134,Kenneth Walker III,KC,LV,receptions,draftkings,2.5,2.79184158736684,2.999545875208788,Under,128,0.51,0.41440816841043737,0.16280000000000006,false,0.0,177.0,2.0,1.0,1.0,1,1.28
2026_04_KC_LV,00-0038134,Kenneth Walker III,KC,LV,rush_yds,draftkings,88.5,81.35755372098882,93.8818694775153,Over,-110,0.3875,0.495787700084246,-0.26022727272727275,false,0.0,177.0,2.0,1.0,177.0,1,0.9090909090909091
2026_04_KC_LV,00-0038134,Kenneth Walker III,KC,LV,rush_yds,draftkings,88.5,81.35755372098882,93.8818694775153,Under,-114,0.6125,0.504212299915754,0.14978070175438607,false,0.0,177.0,2.0,1.0,177.0,-1,-1.0
2026_04_KC_LV,00-0038134,Kenneth Walker III,KC,LV,rec_yds,fanduel,20.5,18.828192465683088,26.64190326282352,Over,-113,0.4475,0.5,-0.15648230088495574,false,0.0,177.0,2.0,1.0,2.0,-1,-1.0
2026_04_KC_LV,00-0038134,Kenneth Walker III,KC,LV,rec_yds,fanduel,20.5,18.828192465683088,26.64190326282352,Under,-113,0.5525,0.5,0.04143805309734516,false,0.0,177.0,2.0,1.0,2.0,1,0.8849557522123894
2026_04_KC_LV,00-0038134,Kenneth Walker III,KC,LV,receptions,fanduel,2.5,2.79184158736684,2.999545875208788,Over,-154,0.49,0.5670257738988136,-0.19181818181818183,false,0.0,177.0,2.0,1.0,1.0,-1,-1.0
2026_04_KC_LV,00-0038134,Kenneth Walker III,KC,LV,receptions,fanduel,2.5,2.79184158736684,2.999545875208788,Under,116,0.51,0.4329742261011864,0.10160000000000002,false,0.0,177.0,2.0,1.0,1.0,1,1.16
2026_04_KC_LV,00-0038134,Kenneth Walker III,KC,LV,rush_yds,fanduel,86.5,81.35755372098882,93.8818694775153,Over,-113,0.405,0.5,-0.23659292035398222,false,0.0,177.0,2.0,1.0,177.0,1,0.8849557522123894
2026_04_KC_LV,00-0038134,Kenneth Walker III,KC,LV,rush_yds,fanduel,86.5,81.35755372098882,93.8818694775153,Under,-113,0.595,0.5,0.1215486725663717,false,0.0,177.0,2.0,1.0,177.0,-1,-1.0
2026_04_KC_LV,00-0038134,Kenneth Walker III,KC,LV,rec_yds,betonlineag,20.5,18.828192465683088,26.64190326282352,Over,-118,0.4475,0.5082034454470877,-0.17326271186440678,false,0.0,177.0,2.0,1.0,2.0,-1,-1.0
2026_04_KC_LV,00-0038134,Kenneth Walker III,KC,LV,rec_yds,betonlineag,20.5,18.828192465683088,26.64190326282352,Under,-110,0.5525,0.49179655455291227,0.054772727272727195,false,0.0,177.0,2.0,1.0,2.0,1,0.9090909090909091
2026_04_KC_LV,00-0038134,Kenneth Walker III,KC,LV,receptions,betonlineag,2.5,2.79184158736684,2.999545875208788,Over,-169,0.49,0.5909989356849628,-0.22005917159763316,false,0.0,177.0,2.0,1.0,1.0,-1,-1.0
2026_04_KC_LV,00-0038134,Kenneth Walker III,KC,LV,receptions,betonlineag,2.5,2.79184158736684,2.999545875208788,Under,130,0.51,0.40900106431503724,0.17300000000000004,false,0.0,177.0,2.0,1.0,1.0,1,1.3
2026_04_KC_LV,00-0038134,Kenneth Walker III,KC,LV,rush_yds,betonlineag,86.5,81.35755372098882,93.8818694775153,Over,-114,0.405,0.5,-0.23973684210526314,false,0.0,177.0,2.0,1.0,177.0,1,0.8771929824561403
2026_04_KC_LV,00-0038134,Kenneth Walker III,KC,LV,rush_yds,betonlineag,86.5,81.35755372098882,93.8818694775153,Under,-114,0.595,0.5,0.11692982456140344,false,0.0,177.0,2.0,1.0,177.0,-1,-1.0
2026_04_KC_LV,00-0038134,Kenneth Walker III,KC,LV,rec_yds,betrivers,20.5,18.828192465683088,26.64190326282352,Over,-112,0.4475,0.4920127795527157,-0.15294642857142854,false,0.0,177.0,2.0,1.0,2.0,-1,-1.0
2026_04_KC_LV,00-0038134,Kenneth Walker III,KC,LV,rec_yds,betrivers,20.5,18.828192465683088,26.64190326282352,Under,-120,0.5525,0.5079872204472843,0.012916666666666687,false,0.0,177.0,2.0,1.0,2.0,1,0.8333333333333334
2026_04_KC_LV,00-0038134,Kenneth Walker III,KC,LV,receptions,betrivers,2.5,2.79184158736684,2.999545875208788,Over,-157,0.49,,-0.19789808917197454,false,0.0,177.0,2.0,1.0,1.0,-1,-1.0
2026_04_KC_LV,00-0038134,Kenneth Walker III,KC,LV,rush_yds,betrivers,86.5,81.35755372098882,93.8818694775153,Over,-114,0.405,0.4969864995178399,-0.23973684210526314,false,0.0,177.0,2.0,1.0,177.0,1,0.8771929824561403
2026_04_KC_LV,00-0038134,Kenneth Walker III,KC,LV,rush_yds,betrivers,86.5,81.35755372098882,93.8818694775153,Under,-117,0.595,0.5030135004821601,0.10354700854700849,false,0.0,177.0,2.0,1.0,177.0,-1,-1.0
2026_04_KC_LV,00-0038134,Kenneth Walker III,KC,LV,rec_yds,betmgm,23.5,18.828192465683088,26.64190326282352,Over,-115,0.395,0.5,-0.26152173913043475,false,0.0,177.0,2.0,1.0,2.0,-1,-1.0
2026_04_KC_LV,00-0038134,Kenneth Walker III,KC,LV,rec_yds,betmgm,23.5,18.828192465683088,26.64190326282352,Under,-115,0.605,0.5,0.13108695652173907,false,0.0,177.0,2.0,1.0,2.0,1,0.8695652173913043
2026_04_KC_LV,00-0038134,Kenneth Walker III,KC,LV,receptions,betmgm,3.5,2.79184158736684,2.999545875208788,Over,130,0.285,0.40590405904059046,-0.3445000000000001,false,0.0,177.0,2.0,1.0,1.0,-1,-1.0
2026_04_KC_LV,00-0038134,Kenneth Walker III,KC,LV,receptions,betmgm,3.5,2.79184158736684,2.999545875208788,Under,-175,0.7150000000000001,0.5940959409594095,0.12357142857142867,false,0.0,177.0,2.0,1.0,1.0,1,0.5714285714285714
2026_04_KC_LV,00-0038134,Kenneth Walker III,KC,LV,rush_yds,betmgm,86.5,81.35755372098882,93.8818694775153,Over,-115,0.405,0.5,-0.2428260869565217,false,0.0,177.0,2.0,1.0,177.0,1,0.8695652173913043
2026_04_KC_LV,00-0038134,Kenneth Walker III,KC,LV,rush_yds,betmgm,86.5,81.35755372098882,93.8818694775153,Under,-115,0.595,0.5,0.11239130434782607,false,0.0,177.0,2.0,1.0,177.0,-1,-1.0
2026_04_KC_LV,00-0038134,Kenneth Walker III,KC,LV,rec_yds,bovada,21.5,18.828192465683088,26.64190326282352,Over,-115,0.4325,0.5,-0.19141304347826088,false,0.0,177.0,2.0,1.0,2.0,-1,-1.0
2026_04_KC_LV,00-0038134,Kenneth Walker III,KC,LV,rec_yds,bovada,21.5,18.828192465683088,26.64190326282352,Under,-115,0.5675,0.5,0.060978260869565204,false,0.0,177.0,2.0,1.0,2.0,1,0.8695652173913043
2026_04_KC_LV,00-0038134,Kenneth Walker III,KC,LV,receptions,bovada,2.5,2.79184158736684,2.999545875208788,Over,-165,0.49,0.5834970530451867,-0.21303030303030301,false,0.0,177.0,2.0,1.0,1.0,-1,-1.0
2026_04_KC_LV,00-0038134,Kenneth Walker III,KC,LV,receptions,bovada,2.5,2.79184158736684,2.999545875208788,Under,125,0.51,0.41650294695481327,0.14749999999999996,false,0.0,177.0,2.0,1.0,1.0,1,1.25
2026_04_KC_LV,00-0038134,Kenneth Walker III,KC,LV,rush_yds,bovada,88.5,81.35755372098882,93.8818694775153,Over,-115,0.3875,0.5,-0.2755434782608696,false,0.0,177.0,2.0,1.0,177.0,1,0.8695652173913043
2026_04_KC_LV,00-0038134,Kenneth Walker III,KC,LV,rush_yds,bovada,88.5,81.35755372098882,93.8818694775153,Under,-115,0.6125,0.5,0.145108695652174,false,0.0,177.0,2.0,1.0,177.0,-1,-1.0
2026_04_JAX_CIN,00-0038606,Parker Washington,JAX,CIN,rec_yds,draftkings,76.5,61.63907585701949,74.07996488826598,Over,-110,0.3125,0.495787700084246,-0.40340909090909094,false,0.0,3.0,7.0,1.0,7.0,-1,-1.0
2026_04_JAX_CIN,00-0038606,Parker Washington,JAX,CIN,rec_yds,draftkings,76.5,61.63907585701949,74.07996488826598,Under,-114,0.6875,0.504212299915754,0.2905701754385964,false,0.0,3.0,7.0,1.0,7.0,1,0.8771929824561403
2026_04_JAX_CIN,00-0038606,Parker Washington,JAX,CIN,receptions,draftkings,5.5,4.086791823688336,4.820748580025425,Over,107,0.3125,0.45525269405866414,-0.35312499999999997,false,0.0,3.0,7.0,1.0,1.0,-1,-1.0
2026_04_JAX_CIN,00-0038606,Parker Washington,JAX,CIN,receptions,draftkings,5.5,4.086791823688336,4.820748580025425,Under,-137,0.6875,0.5447473059413359,0.18932481751824815,false,0.0,3.0,7.0,1.0,1.0,1,0.7299270072992701
2026_04_JAX_CIN,00-0038606,Parker Washington,JAX,CIN,rec_yds,fanduel,75.5,61.63907585701949,74.07996488826598,Over,-113,0.3275,0.5,-0.38267699115044246,false,0.0,3.0,7.0,1.0,7.0,-1,-1.0
2026_04_JAX_CIN,00-0038606,Parker Washington,JAX,CIN,rec_yds,fanduel,75.5,61.63907585701949,74.07996488826598,Under,-113,0.6725,0.5,0.2676327433628318,false,0.0,3.0,7.0,1.0,7.0,1,0.8849557522123894
2026_04_JAX_CIN,00-0038606,Parker Washington,JAX,CIN,receptions,fanduel,5.5,4.086791823688336,4.820748580025425,Over,106,0.3125,0.45420136260408783,-0.35624999999999996,false,0.0,3.0,7.0,1.0,1.0,-1,-1.0
2026_04_JAX_CIN,00-0038606,Parker Washington,JAX,CIN,receptions,fanduel,5.5,4.086791823688336,4.820748580025425,Under,-140,0.6875,0.5457986373959122,0.1785714285714286,false,0.0,3.0,7.0,1.0,1.0,1,0.7142857142857143
2026_04_JAX_CIN,00-0038606,Parker Washington,JAX,CIN,rec_yds,betonlineag,76.5,61.63907585701949,74.07996488826598,Over,-114,0.3125,0.5,-0.4133771929824562,false,0.0,3.0,7.0,1.0,7.0,-1,-1.0
2026_04_JAX_CIN,00-0038606,Parker Washington,JAX,CIN,rec_yds,betonlineag,76.5,61.63907585701949,74.07996488826598,Under,-114,0.6875,0.5,0.2905701754385964,false,0.0,3.0,7.0,1.0,7.0,1,0.8771929824561403
2026_04_JAX_CIN,00-0038606,Parker Washington,JAX,CIN,receptions,betonlineag,5.5,4.086791823688336,4.820748580025425,Over,115,0.3125,0.43734082725915513,-0.328125,false,0.0,3.0,7.0,1.0,1.0,-1,-1.0
2026_04_JAX_CIN,00-0038606,Parker Washington,JAX,CIN,receptions,betonlineag,5.5,4.086791823688336,4.820748580025425,Under,-149,0.6875,0.5626591727408449,0.1489093959731544,false,0.0,3.0,7.0,1.0,1.0,1,0.6711409395973155
2026_04_JAX_CIN,00-0038606,Parker Washington,JAX,CIN,rec_yds,betrivers,74.5,61.63907585701949,74.07996488826598,Over,-114,0.3425,0.4969864995178399,-0.3570614035087719,false,0.0,3.0,7.0,1.0,7.0,-1,-1.0
2026_04_JAX_CIN,00-0038606,Parker Washington,JAX,CIN,rec_yds,betrivers,74.5,61.63907585701949,74.07996488826598,Under,-117,0.6575,0.5030135004821601,0.21946581196581194,false,0.0,3.0,7.0,1.0,7.0,1,0.8547008547008547
2026_04_JAX_CIN,00-0038606,Parker Washington,JAX,CIN,receptions,betrivers,5.5,4.086791823688336,4.820748580025425,Over,104,0.3125,,-0.3625,false,0.0,3.0,7.0,1.0,1.0,-1,-1.0
2026_04_JAX_CIN,00-0038606,Parker Washington,JAX,CIN,rec_yds,betmgm,77.5,61.63907585701949,74.07996488826598,Over,-115,0.3025,0.5,-0.43445652173913046,false,0.0,3.0,7.0,1.0,7.0,-1,-1.0
2026_04_JAX_CIN,00-0038606,Parker Washington,JAX,CIN,rec_yds,betmgm,77.5,61.63907585701949,74.07996488826598,Under,-115,0.6975,0.5,0.30402173913043473,false,0.0,3.0,7.0,1.0,7.0,1,0.8695652173913043
2026_04_JAX_CIN,00-0038606,Parker Washington,JAX,CIN,receptions,betmgm,5.5,4.086791823688336,4.820748580025425,Over,100,0.3125,0.4653465346534653,-0.375,false,0.0,3.0,7.0,1.0,1.0,-1,-1.0
2026_04_JAX_CIN,00-0038606,Parker Washington,JAX,CIN,receptions,betmgm,5.5,4.086791823688336,4.820748580025425,Under,-135,0.6875,0.5346534653465347,0.1967592592592592,false,0.0,3.0,7.0,1.0,1.0,1,0.7407407407407407
2026_04_JAX_CIN,00-0038606,Parker Washington,JAX,CIN,rec_yds,bovada,76.5,61.63907585701949,74.07996488826598,Over,-115,0.3125,0.5,-0.4157608695652174,false,0.0,3.0,7.0,1.0,7.0,-1,-1.0
2026_04_JAX_CIN,00-0038606,Parker Washington,JAX,CIN,rec_yds,bovada,76.5,61.63907585701949,74.07996488826598,Under,-115,0.6875,0.5,0.28532608695652173,false,0.0,3.0,7.0,1.0,7.0,1,0.8695652173913043
2026_04_JAX_CIN,00-0038606,Parker Washington,JAX,CIN,receptions,bovada,5.5,4.086791823688336,4.820748580025425,Over,105,0.3125,0.45920859794821695,-0.359375,false,0.0,3.0,7.0,1.0,1.0,-1,-1.0
2026_04_JAX_CIN,00-0038606,Parker Washington,JAX,CIN,receptions,bovada,5.5,4.086791823688336,4.820748580025425,Under,-135,0.6875,0.540791402051783,0.1967592592592592,false,0.0,3.0,7.0,1.0,1.0,1,0.7407407407407407
2026_04_DAL_HOU,00-0035685,David Montgomery,HOU,DAL,rush_yds,draftkings,44.5,31.050214776592668,34.824858183732665,Over,-111,0.3125,0.4978941161605526,-0.40596846846846846,false,0.0,24.0,19.0,0.0,24.0,-1,-1.0
2026_04_DAL_HOU,00-0035685,David Montgomery,HOU,DAL,rush_yds,draftkings,44.5,31.050214776592668,34.824858183732665,Under,-113,0.6875,0.5021058838394474,0.2959070796460177,false,0.0,24.0,19.0,0.0,24.0,1,0.8849557522123894
2026_04_DAL_HOU,00-0035685,David Montgomery,HOU,DAL,rush_yds,fanduel,44.5,31.050214776592668,34.824858183732665,Over,-113,0.3125,0.5,-0.4109513274336283,false,0.0,24.0,19.0,0.0,24.0,-1,-1.0
2026_04_DAL_HOU,00-0035685,David Montgomery,HOU,DAL,rush_yds,fanduel,44.5,31.050214776592668,34.824858183732665,Under,-113,0.6875,0.5,0.2959070796460177,false,0.0,24.0,19.0,0.0,24.0,1,0.8849557522123894
2026_04_DAL_HOU,00-0035685,David Montgomery,HOU,DAL,rush_yds,betonlineag,43.5,31.050214776592668,34.824858183732665,Over,-125,0.3175,0.5226570545829042,-0.4285,false,0.0,24.0,19.0,0.0,24.0,-1,-1.0
2026_04_DAL_HOU,00-0035685,David Montgomery,HOU,DAL,rush_yds,betonlineag,43.5,31.050214776592668,34.824858183732665,Under,-103,0.6825,0.47734294541709577,0.345121359223301,false,0.0,24.0,19.0,0.0,24.0,1,0.970873786407767
2026_04_DAL_HOU,00-0035685,David Montgomery,HOU,DAL,rush_yds,betrivers,44.5,31.050214776592668,34.824858183732665,Over,-118,0.3125,0.5050233081498151,-0.42266949152542377,false,0.0,24.0,19.0,0.0,24.0,-1,-1.0
2026_04_DAL_HOU,00-0035685,David Montgomery,HOU,DAL,rush_yds,betrivers,44.5,31.050214776592668,34.824858183732665,Under,-113,0.6875,0.4949766918501849,0.2959070796460177,false,0.0,24.0,19.0,0.0,24.0,1,0.8849557522123894
2026_04_DAL_HOU,00-0035685,David Montgomery,HOU,DAL,rush_yds,betmgm,44.5,31.050214776592668,34.824858183732665,Over,-111,0.3125,0.49095295536791317,-0.40596846846846846,false,0.0,24.0,19.0,0.0,24.0,-1,-1.0
2026_04_DAL_HOU,00-0035685,David Montgomery,HOU,DAL,rush_yds,betmgm,44.5,31.050214776592668,34.824858183732665,Under,-120,0.6875,0.5090470446320868,0.26041666666666674,false,0.0,24.0,19.0,0.0,24.0,1,0.8333333333333334
2026_04_DAL_HOU,00-0035685,David Montgomery,HOU,DAL,rush_yds,bovada,44.5,31.050214776592668,34.824858183732665,Over,-115,0.3125,0.5,-0.4157608695652174,false,0.0,24.0,19.0,0.0,24.0,-1,-1.0
2026_04_DAL_HOU,00-0035685,David Montgomery,HOU,DAL,rush_yds,bovada,44.5,31.050214776592668,34.824858183732665,Under,-115,0.6875,0.5,0.28532608695652173,false,0.0,24.0,19.0,0.0,24.0,1,0.8695652173913043
2026_04_NE_BUF,00-0038621,DeMario Douglas,NE,BUF,rec_yds,draftkings,28.5,15.568432624806599,24.01269889654303,Over,-112,0.295,0.5,-0.4416071428571429,false,0.0,0.0,15.0,2.0,15.0,-1,-1.0
2026_04_NE_BUF,00-0038621,DeMario Douglas,NE,BUF,rec_yds,draftkings,28.5,15.568432624806599,24.01269889654303,Under,-112,0.7050000000000001,0.5,0.3344642857142859,false,0.0,0.0,15.0,2.0,15.0,1,0.8928571428571429
2026_04_NE_BUF,00-0038621,DeMario Douglas,NE,BUF,receptions,draftkings,2.5,1.7697048463017202,2.0637222864090665,Over,-136,0.32,0.543978976657907,-0.44470588235294106,false,0.0,0.0,15.0,2.0,2.0,-1,-1.0
2026_04_NE_BUF,00-0038621,DeMario Douglas,NE,BUF,receptions,draftkings,2.5,1.7697048463017202,2.0637222864090665,Under,107,0.6799999999999999,0.45602102334209305,0.40759999999999996,false,0.0,0.0,15.0,2.0,2.0,1,1.07
2026_04_NE_BUF,00-0038621,DeMario Douglas,NE,BUF,rec_yds,fanduel,30.5,15.568432624806599,24.01269889654303,Over,-113,0.275,0.5,-0.48163716814159285,false,0.0,0.0,15.0,2.0,15.0,-1,-1.0
2026_04_NE_BUF,00-0038621,DeMario Douglas,NE,BUF,rec_yds,fanduel,30.5,15.568432624806599,24.01269889654303,Under,-113,0.725,0.5,0.3665929203539823,false,0.0,0.0,15.0,2.0,15.0,1,0.8849557522123894
2026_04_NE_BUF,00-0038621,DeMario Douglas,NE,BUF,receptions,fanduel,2.5,1.7697048463017202,2.0637222864090665,Over,-148,0.32,0.5585303332383936,-0.4637837837837837,false,0.0,0.0,15.0,2.0,2.0,-1,-1.0
2026_04_NE_BUF,00-0038621,DeMario Douglas,NE,BUF,receptions,fanduel,2.5,1.7697048463017202,2.0637222864090665,Under,112,0.6799999999999999,0.44146966676160637,0.4416,false,0.0,0.0,15.0,2.0,2.0,1,1.12
2026_04_NE_BUF,00-0038621,DeMario Douglas,NE,BUF,rec_yds,betonlineag,29.5,15.568432624806599,24.01269889654303,Over,-112,0.2825,0.4969046636401156,-0.4652678571428572,false,0.0,0.0,15.0,2.0,15.0,-1,-1.0
2026_04_NE_BUF,00-0038621,DeMario Douglas,NE,BUF,rec_yds,betonlineag,29.5,15.568432624806599,24.01269889654303,Under,-115,0.7175,0.5030953363598845,0.34141304347826085,false,0.0,0.0,15.0,2.0,15.0,1,0.8695652173913043
2026_04_NE_BUF,00-0038621,DeMario Douglas,NE,BUF,receptions,betonlineag,2.5,1.7697048463017202,2.0637222864090665,Over,-149,0.32,0.5626591727408448,-0.465234899328859,false,0.0,0.0,15.0,2.0,2.0,-1,-1.0
2026_04_NE_BUF,00-0038621,DeMario Douglas,NE,BUF,receptions,betonlineag,2.5,1.7697048463017202,2.0637222864090665,Under,115,0.6799999999999999,0.43734082725915524,0.46199999999999986,false,0.0,0.0,15.0,2.0,2.0,1,1.15
2026_04_NE_BUF,00-0038621,DeMario Douglas,NE,BUF,rec_yds,betrivers,28.5,15.568432624806599,24.01269889654303,Over,-114,0.295,0.4969864995178399,-0.4462280701754387,false,0.0,0.0,15.0,2.0,15.0,-1,-1.0
2026_04_NE_BUF,00-0038621,DeMario Douglas,NE,BUF,rec_yds,betrivers,28.5,15.568432624806599,24.01269889654303,Under,-117,0.7050000000000001,0.5030135004821601,0.3075641025641027,false,0.0,0.0,15.0,2.0,15.0,1,0.8547008547008547
2026_04_NE_BUF,00-0038621,DeMario Douglas,NE,BUF,receptions,betrivers,2.5,1.7697048463017202,2.0637222864090665,Over,-143,0.32,,-0.4562237762237762,false,0.0,0.0,15.0,2.0,2.0,-1,-1.0
2026_04_NE_BUF,00-0038621,DeMario Douglas,NE,BUF,rec_yds,betmgm,29.5,15.568432624806599,24.01269889654303,Over,-115,0.2825,0.5,-0.4718478260869566,false,0.0,0.0,15.0,2.0,15.0,-1,-1.0
2026_04_NE_BUF,00-0038621,DeMario Douglas,NE,BUF,rec_yds,betmgm,29.5,15.568432624806599,24.01269889654303,Under,-115,0.7175,0.5,0.34141304347826085,false,0.0,0.0,15.0,2.0,15.0,1,0.8695652173913043
2026_04_NE_BUF,00-0038621,DeMario Douglas,NE,BUF,receptions,betmgm,2.5,1.7697048463017202,2.0637222864090665,Over,-155,0.32,0.5665108372290694,-0.47354838709677416,false,0.0,0.0,15.0,2.0,2.0,-1,-1.0
2026_04_NE_BUF,00-0038621,DeMario Douglas,NE,BUF,receptions,betmgm,2.5,1.7697048463017202,2.0637222864090665,Under,115,0.6799999999999999,0.43348916277093064,0.46199999999999986,false,0.0,0.0,15.0,2.0,2.0,1,1.15
2026_04_NE_BUF,00-0038621,DeMario Douglas,NE,BUF,rec_yds,bovada,28.5,15.568432624806599,24.01269889654303,Over,-115,0.295,0.5,-0.4484782608695653,false,0.0,0.0,15.0,2.0,15.0,-1,-1.0
2026_04_NE_BUF,00-0038621,DeMario Douglas,NE,BUF,rec_yds,bovada,28.5,15.568432624806599,24.01269889654303,Under,-115,0.7050000000000001,0.5,0.31804347826086965,false,0.0,0.0,15.0,2.0,15.0,1,0.8695652173913043
2026_04_NE_BUF,00-0038621,DeMario Douglas,NE,BUF,receptions,bovada,2.5,1.7697048463017202,2.0637222864090665,Over,-135,0.32,0.5407914020517831,-0.4429629629629629,false,0.0,0.0,15.0,2.0,2.0,-1,-1.0
2026_04_NE_BUF,00-0038621,DeMario Douglas,NE,BUF,receptions,bovada,2.5,1.7697048463017202,2.0637222864090665,Under,105,0.6799999999999999,0.4592085979482169,0.3939999999999999,false,0.0,0.0,15.0,2.0,2.0,1,1.05
2026_04_LAC_SEA,00-0040727,Tre Harris,LAC,SEA,rec_yds,draftkings,37.5,27.695037715439543,36.16305442781835,Over,-109,0.335,0.4936802190857383,-0.3576605504587156,false,0.0,0.0,60.0,3.0,60.0,1,0.9174311926605505
2026_04_LAC_SEA,00-0040727,Tre Harris,LAC,SEA,rec_yds,draftkings,37.5,27.695037715439543,36.16305442781835,Under,-115,0.665,0.5063197809142617,0.24326086956521742,false,0.0,0.0,60.0,3.0,60.0,-1,-1.0
2026_04_LAC_SEA,00-0040727,Tre Harris,LAC,SEA,receptions,draftkings,3.5,2.8400440034737477,2.6758300233230385,Over,119,0.27,0.4308576118178088,-0.40869999999999995,false,0.0,0.0,60.0,3.0,3.0,-1,-1.0
2026_04_LAC_SEA,00-0040727,Tre Harris,LAC,SEA,receptions,draftkings,3.5,2.8400440034737477,2.6758300233230385,Under,-152,0.73,0.5691423881821912,0.21026315789473687,false,0.0,0.0,60.0,3.0,3.0,1,0.6578947368421053
2026_04_LAC_SEA,00-0040727,Tre Harris,LAC,SEA,rec_yds,fanduel,36.5,27.695037715439543,36.16305442781835,Over,-113,0.3475,0.5,-0.3449778761061948,false,0.0,0.0,60.0,3.0,60.0,1,0.8849557522123894
2026_04_LAC_SEA,00-0040727,Tre Harris,LAC,SEA,rec_yds,fanduel,36.5,27.695037715439543,36.16305442781835,Under,-113,0.6525000000000001,0.5,0.22993362831858422,false,0.0,0.0,60.0,3.0,60.0,-1,-1.0
2026_04_LAC_SEA,00-0040727,Tre Harris,LAC,SEA,receptions,fanduel,3.5,2.8400440034737477,2.6758300233230385,Over,120,0.27,0.4248366013071895,-0.40599999999999997,false,0.0,0.0,60.0,3.0,3.0,-1,-1.0
2026_04_LAC_SEA,00-0040727,Tre Harris,LAC,SEA,receptions,fanduel,3.5,2.8400440034737477,2.6758300233230385,Under,-160,0.73,0.5751633986928105,0.18624999999999997,false,0.0,0.0,60.0,3.0,3.0,1,0.625
2026_04_LAC_SEA,00-0040727,Tre Harris,LAC,SEA,rec_yds,betonlineag,36.5,27.695037715439543,36.16305442781835,Over,-116,0.3475,0.5051597457277305,-0.35293103448275875,false,0.0,0.0,60.0,3.0,60.0,1,0.8620689655172413
2026_04_LAC_SEA,00-0040727,Tre Harris,LAC,SEA,rec_yds,betonlineag,36.5,27.695037715439543,36.16305442781835,Under,-111,0.6525000000000001,0.4948402542722695,0.24033783783783802,false,0.0,0.0,60.0,3.0,60.0,-1,-1.0
2026_04_LAC_SEA,00-0040727,Tre Harris,LAC,SEA,receptions,betonlineag,3.5,2.8400440034737477,2.6758300233230385,Over,117,0.27,0.43310875842155927,-0.41409999999999997,false,0.0,0.0,60.0,3.0,3.0,-1,-1.0
2026_04_LAC_SEA,00-0040727,Tre Harris,LAC,SEA,receptions,betonlineag,3.5,2.8400440034737477,2.6758300233230385,Under,-152,0.73,0.5668912415784407,0.21026315789473687,false,0.0,0.0,60.0,3.0,3.0,1,0.6578947368421053
2026_04_LAC_SEA,00-0040727,Tre Harris,LAC,SEA,rec_yds,betrivers,34.5,27.695037715439543,36.16305442781835,Over,-113,0.3725,0.4949766918501849,-0.2978539823008849,false,0.0,0.0,60.0,3.0,60.0,1,0.8849557522123894
2026_04_LAC_SEA,00-0040727,Tre Harris,LAC,SEA,rec_yds,betrivers,34.5,27.695037715439543,36.16305442781835,Under,-118,0.6275,0.5050233081498151,0.15927966101694901,false,0.0,0.0,60.0,3.0,60.0,-1,-1.0
2026_04_LAC_SEA,00-0040727,Tre Harris,LAC,SEA,receptions,betrivers,3.5,2.8400440034737477,2.6758300233230385,Over,115,0.27,,-0.4195,false,0.0,0.0,60.0,3.0,3.0,-1,-1.0
2026_04_LAC_SEA,00-0040727,Tre Harris,LAC,SEA,rec_yds,betmgm,34.5,27.695037715439543,36.16305442781835,Over,-111,0.3725,0.4928711096627016,-0.29191441441441435,false,0.0,0.0,60.0,3.0,60.0,1,0.9009009009009009
2026_04_LAC_SEA,00-0040727,Tre Harris,LAC,SEA,rec_yds,betmgm,34.5,27.695037715439543,36.16305442781835,Under,-118,0.6275,0.5071288903372984,0.15927966101694901,false,0.0,0.0,60.0,3.0,60.0,-1,-1.0
2026_04_LAC_SEA,00-0040727,Tre Harris,LAC,SEA,receptions,betmgm,3.5,2.8400440034737477,2.6758300233230385,Over,120,0.27,0.4248366013071895,-0.40599999999999997,false,0.0,0.0,60.0,3.0,3.0,-1,-1.0
2026_04_LAC_SEA,00-0040727,Tre Harris,LAC,SEA,receptions,betmgm,3.5,2.8400440034737477,2.6758300233230385,Under,-160,0.73,0.5751633986928105,0.18624999999999997,false,0.0,0.0,60.0,3.0,3.0,1,0.625
2026_04_LAC_SEA,00-0040727,Tre Harris,LAC,SEA,rec_yds,bovada,37.5,27.695037715439543,36.16305442781835,Over,-110,0.335,0.48987854251012153,-0.36045454545454547,false,0.0,0.0,60.0,3.0,60.0,1,0.9090909090909091
2026_04_LAC_SEA,00-0040727,Tre Harris,LAC,SEA,rec_yds,bovada,37.5,27.695037715439543,36.16305442781835,Under,-120,0.665,0.5101214574898785,0.21916666666666673,false,0.0,0.0,60.0,3.0,60.0,-1,-1.0
2026_04_LAC_SEA,00-0040727,Tre Harris,LAC,SEA,receptions,bovada,3.5,2.8400440034737477,2.6758300233230385,Over,120,0.27,0.4248366013071895,-0.40599999999999997,false,0.0,0.0,60.0,3.0,3.0,-1,-1.0
2026_04_LAC_SEA,00-0040727,Tre Harris,LAC,SEA,receptions,bovada,3.5,2.8400440034737477,2.6758300233230385,Under,-160,0.73,0.5751633986928105,0.18624999999999997,false,0.0,0.0,60.0,3.0,3.0,1,0.625
2026_04_LAC_SEA,00-0038544,Quentin Johnston,LAC,SEA,rec_yds,draftkings,35.5,38.217265355997206,38.93996141634014,Over,-109,0.4975,0.4936802190857383,-0.046077981651376054,false,0.0,-4.0,44.0,1.0,44.0,1,0.9174311926605505
2026_04_LAC_SEA,00-0038544,Quentin Johnston,LAC,SEA,rec_yds,draftkings,35.5,38.217265355997206,38.93996141634014,Under,-115,0.5025,0.5063197809142617,-0.0605434782608697,false,0.0,-4.0,44.0,1.0,44.0,-1,-1.0
2026_04_LAC_SEA,00-0038544,Quentin Johnston,LAC,SEA,receptions,draftkings,3.5,3.005929789124638,2.963754648252437,Over,135,0.39,0.40173644323449337,-0.08349999999999991,false,0.0,-4.0,44.0,1.0,1.0,-1,-1.0
2026_04_LAC_SEA,00-0038544,Quentin Johnston,LAC,SEA,receptions,draftkings,3.5,3.005929789124638,2.963754648252437,Under,-173,0.61,0.5982635567655066,-0.037398843930635806,false,0.0,-4.0,44.0,1.0,1.0,1,0.5780346820809249
2026_04_LAC_SEA,00-0038544,Quentin Johnston,LAC,SEA,rec_yds,fanduel,34.5,38.217265355997206,38.93996141634014,Over,-113,0.5025,0.5,-0.05280973451327442,false,0.0,-4.0,44.0,1.0,44.0,1,0.8849557522123894
2026_04_LAC_SEA,00-0038544,Quentin Johnston,LAC,SEA,rec_yds,fanduel,34.5,38.217265355997206,38.93996141634014,Under,-113,0.49750000000000005,0.5,-0.062234513274336156,false,0.0,-4.0,44.0,1.0,44.0,-1,-1.0
2026_04_LAC_SEA,00-0038544,Quentin Johnston,LAC,SEA,receptions,fanduel,2.5,3.005929789124638,2.963754648252437,Over,-178,0.6025,0.5976612249623713,-0.05901685393258421,false,0.0,-4.0,44.0,1.0,1.0,-1,-1.0
2026_04_LAC_SEA,00-0038544,Quentin Johnston,LAC,SEA,receptions,fanduel,2.5,3.005929789124638,2.963754648252437,Under,132,0.39749999999999996,0.4023387750376287,-0.07780000000000009,false,0.0,-4.0,44.0,1.0,1.0,1,1.32
2026_04_LAC_SEA,00-0038544,Quentin Johnston,LAC,SEA,rec_yds,betonlineag,34.5,38.217265355997206,38.93996141634014,Over,-116,0.5025,0.5051597457277305,-0.06431034482758635,false,0.0,-4.0,44.0,1.0,44.0,1,0.8620689655172413
2026_04_LAC_SEA,00-0038544,Quentin Johnston,LAC,SEA,rec_yds,betonlineag,34.5,38.217265355997206,38.93996141634014,Under,-111,0.49750000000000005,0.4948402542722695,-0.05430180180180172,false,0.0,-4.0,44.0,1.0,44.0,-1,-1.0
2026_04_LAC_SEA,00-0038544,Quentin Johnston,LAC,SEA,receptions,betonlineag,3.5,3.005929789124638,2.963754648252437,Over,122,0.39,0.4232164449818621,-0.13419999999999999,false,0.0,-4.0,44.0,1.0,1.0,-1,-1.0
2026_04_LAC_SEA,00-0038544,Quentin Johnston,LAC,SEA,receptions,betonlineag,3.5,3.005929789124638,2.963754648252437,Under,-159,0.61,0.5767835550181379,-0.006352201257861678,false,0.0,-4.0,44.0,1.0,1.0,1,0.6289308176100629
2026_04_LAC_SEA,00-0038544,Quentin Johnston,LAC,SEA,rec_yds,betrivers,35.5,38.217265355997206,38.93996141634014,Over,-114,0.4975,0.4969864995178399,-0.06609649122807015,false,0.0,-4.0,44.0,1.0,44.0,1,0.8771929824561403
2026_04_LAC_SEA,00-0038544,Quentin Johnston,LAC,SEA,rec_yds,betrivers,35.5,38.217265355997206,38.93996141634014,Under,-117,0.5025,0.5030135004821601,-0.06801282051282065,false,0.0,-4.0,44.0,1.0,44.0,-1,-1.0
2026_04_LAC_SEA,00-0038544,Quentin Johnston,LAC,SEA,receptions,betrivers,2.5,3.005929789124638,2.963754648252437,Over,-182,0.6025,,-0.06645604395604388,false,0.0,-4.0,44.0,1.0,1.0,-1,-1.0
2026_04_LAC_SEA,00-0038544,Quentin Johnston,LAC,SEA,rec_yds,betmgm,35.5,38.217265355997206,38.93996141634014,Over,-120,0.4975,0.5090470446320868,-0.08791666666666659,false,0.0,-4.0,44.0,1.0,44.0,1,0.8333333333333334
2026_04_LAC_SEA,00-0038544,Quentin Johnston,LAC,SEA,rec_yds,betmgm,35.5,38.217265355997206,38.93996141634014,Under,-111,0.5025,0.49095295536791317,-0.04479729729729737,false,0.0,-4.0,44.0,1.0,44.0,-1,-1.0
2026_04_LAC_SEA,00-0038544,Quentin Johnston,LAC,SEA,rec_yds,bovada,35.5,38.217265355997206,38.93996141634014,Over,-110,0.4975,0.48987854251012153,-0.050227272727272676,false,0.0,-4.0,44.0,1.0,44.0,1,0.9090909090909091
2026_04_LAC_SEA,00-0038544,Quentin Johnston,LAC,SEA,rec_yds,bovada,35.5,38.217265355997206,38.93996141634014,Under,-120,0.5025,0.5101214574898785,-0.0787500000000001,false,0.0,-4.0,44.0,1.0,44.0,-1,-1.0
2026_04_LAC_SEA,00-0038544,Quentin Johnston,LAC,SEA,receptions,bovada,3.5,3.005929789124638,2.963754648252437,Over,135,0.39,0.3982930298719773,-0.08349999999999991,false,0.0,-4.0,44.0,1.0,1.0,-1,-1.0
2026_04_LAC_SEA,00-0038544,Quentin Johnston,LAC,SEA,receptions,bovada,3.5,3.005929789124638,2.963754648252437,Under,-180,0.61,0.6017069701280227,-0.05111111111111111,false,0.0,-4.0,44.0,1.0,1.0,1,0.5555555555555556
2026_04_NE_BUF,00-0039901,Keon Coleman,BUF,NE,rec_yds,draftkings,13.5,23.42509075271912,30.661714596640252,Over,-115,0.6325,0.5063197809142617,0.18249999999999988,true,0.0,0.0,116.0,6.0,116.0,1,0.8695652173913043
2026_04_NE_BUF,00-0039901,Keon Coleman,BUF,NE,rec_yds,draftkings,13.5,23.42509075271912,30.661714596640252,Under,-109,0.36750000000000005,0.49368021908573834,-0.29534403669724757,true,0.0,0.0,116.0,6.0,116.0,-1,-1.0
2026_04_NE_BUF,00-0039901,Keon Coleman,BUF,NE,receptions,draftkings,1.5,1.7941192736572278,2.307882313352912,Over,103,0.5175,0.46485420481757994,0.05052499999999993,true,0.0,0.0,116.0,6.0,6.0,1,1.03
2026_04_NE_BUF,00-0039901,Keon Coleman,BUF,NE,receptions,draftkings,1.5,1.7941192736572278,2.307882313352912,Under,-131,0.48250000000000004,0.5351457951824201,-0.14917938931297703,true,0.0,0.0,116.0,6.0,6.0,-1,-1.0
2026_04_NE_BUF,00-0039901,Keon Coleman,BUF,NE,rec_yds,fanduel,12.5,23.42509075271912,30.661714596640252,Over,-113,0.655,0.5,0.23464601769911508,true,0.0,0.0,116.0,6.0,116.0,1,0.8849557522123894
2026_04_NE_BUF,00-0039901,Keon Coleman,BUF,NE,rec_yds,fanduel,12.5,23.42509075271912,30.661714596640252,Under,-113,0.345,0.5,-0.3496902654867257,true,0.0,0.0,116.0,6.0,116.0,-1,-1.0
2026_04_NE_BUF,00-0039901,Keon Coleman,BUF,NE,receptions,fanduel,1.5,1.7941192736572278,2.307882313352912,Over,-102,0.5175,0.4718423169750603,0.024852941176470522,true,0.0,0.0,116.0,6.0,6.0,1,0.9803921568627451
2026_04_NE_BUF,00-0039901,Keon Coleman,BUF,NE,receptions,fanduel,1.5,1.7941192736572278,2.307882313352912,Under,-130,0.48250000000000004,0.5281576830249397,-0.14634615384615374,true,0.0,0.0,116.0,6.0,6.0,-1,-1.0
2026_04_NE_BUF,00-0039901,Keon Coleman,BUF,NE,rec_yds,betonlineag,13.5,23.42509075271912,30.661714596640252,Over,-119,0.6325,0.5102580936358786,0.16401260504201676,true,0.0,0.0,116.0,6.0,116.0,1,0.8403361344537815
2026_04_NE_BUF,00-0039901,Keon Coleman,BUF,NE,rec_yds,betonlineag,13.5,23.42509075271912,30.661714596640252,Under,-109,0.36750000000000005,0.4897419063641214,-0.29534403669724757,true,0.0,0.0,116.0,6.0,116.0,-1,-1.0
2026_04_NE_BUF,00-0039901,Keon Coleman,BUF,NE,receptions,betonlineag,1.5,1.7941192736572278,2.307882313352912,Over,-108,0.5175,0.48768472906403937,-0.0033333333333334103,true,0.0,0.0,116.0,6.0,6.0,1,0.9259259259259259
2026_04_NE_BUF,00-0039901,Keon Coleman,BUF,NE,receptions,betonlineag,1.5,1.7941192736572278,2.307882313352912,Under,-120,0.48250000000000004,0.5123152709359606,-0.11541666666666656,true,0.0,0.0,116.0,6.0,6.0,-1,-1.0
2026_04_NE_BUF,00-0039901,Keon Coleman,BUF,NE,rec_yds,betrivers,14.5,23.42509075271912,30.661714596640252,Over,-113,0.61,0.4959548561951377,0.14982300884955757,true,0.0,0.0,116.0,6.0,116.0,1,0.8849557522123894
2026_04_NE_BUF,00-0039901,Keon Coleman,BUF,NE,rec_yds,betrivers,14.5,23.42509075271912,30.661714596640252,Under,-117,0.39,0.5040451438048623,-0.27666666666666667,true,0.0,0.0,116.0,6.0,116.0,-1,-1.0
2026_04_NE_BUF,00-0039901,Keon Coleman,BUF,NE,receptions,betrivers,1.5,1.7941192736572278,2.307882313352912,Over,106,0.5175,,0.06604999999999994,true,0.0,0.0,116.0,6.0,6.0,1,1.06
2026_04_NE_BUF,00-0039901,Keon Coleman,BUF,NE,rec_yds,betmgm,14.5,23.42509075271912,30.661714596640252,Over,-120,0.61,0.5090470446320868,0.11833333333333329,true,0.0,0.0,116.0,6.0,116.0,1,0.8333333333333334
2026_04_NE_BUF,00-0039901,Keon Coleman,BUF,NE,rec_yds,betmgm,14.5,23.42509075271912,30.661714596640252,Under,-111,0.39,0.49095295536791317,-0.2586486486486486,true,0.0,0.0,116.0,6.0,116.0,-1,-1.0
2026_04_NE_BUF,00-0039901,Keon Coleman,BUF,NE,receptions,betmgm,1.5,1.7941192736572278,2.307882313352912,Over,110,0.5175,0.4424778761061946,0.08675,true,0.0,0.0,116.0,6.0,6.0,1,1.1
2026_04_NE_BUF,00-0039901,Keon Coleman,BUF,NE,receptions,betmgm,1.5,1.7941192736572278,2.307882313352912,Under,-150,0.48250000000000004,0.5575221238938054,-0.1958333333333333,true,0.0,0.0,116.0,6.0,6.0,-1,-1.0
2026_04_NE_BUF,00-0039901,Keon Coleman,BUF,NE,rec_yds,bovada,13.5,23.42509075271912,30.661714596640252,Over,-120,0.6325,0.5101214574898786,0.1595833333333333,true,0.0,0.0,116.0,6.0,116.0,1,0.8333333333333334
2026_04_NE_BUF,00-0039901,Keon Coleman,BUF,NE,rec_yds,bovada,13.5,23.42509075271912,30.661714596640252,Under,-110,0.36750000000000005,0.4898785425101214,-0.29840909090909085,true,0.0,0.0,116.0,6.0,116.0,-1,-1.0
2026_04_NE_BUF,00-0039901,Keon Coleman,BUF,NE,receptions,bovada,1.5,1.7941192736572278,2.307882313352912,Over,105,0.5175,0.45920859794821695,0.0608749999999999,true,0.0,0.0,116.0,6.0,6.0,1,1.05
2026_04_NE_BUF,00-0039901,Keon Coleman,BUF,NE,receptions,bovada,1.5,1.7941192736572278,2.307882313352912,Under,-135,0.48250000000000004,0.540791402051783,-0.16009259259259256,true,0.0,0.0,116.0,6.0,6.0,-1,-1.0
2026_04_DAL_HOU,00-0036554,Nico Collins,HOU,DAL,rec_yds,draftkings,74.5,58.47087829850862,69.5182570314839,Over,-110,0.3475,0.495787700084246,-0.3365909090909092,false,0.0,0.0,118.0,7.0,118.0,1,0.9090909090909091
2026_04_DAL_HOU,00-0036554,Nico Collins,HOU,DAL,rec_yds,draftkings,74.5,58.47087829850862,69.5182570314839,Under,-114,0.6525000000000001,0.504212299915754,0.22486842105263172,false,0.0,0.0,118.0,7.0,118.0,-1,-1.0
2026_04_DAL_HOU,00-0036554,Nico Collins,HOU,DAL,receptions,draftkings,5.5,4.021964858957534,4.657557680512696,Over,-114,0.28,0.5020774472328402,-0.4743859649122807,false,0.0,0.0,118.0,7.0,7.0,1,0.8771929824561403
2026_04_DAL_HOU,00-0036554,Nico Collins,HOU,DAL,receptions,draftkings,5.5,4.021964858957534,4.657557680512696,Under,-112,0.72,0.4979225527671598,0.3628571428571429,false,0.0,0.0,118.0,7.0,7.0,-1,-1.0
2026_04_DAL_HOU,00-0036554,Nico Collins,HOU,DAL,rec_yds,fanduel,72.5,58.47087829850862,69.5182570314839,Over,-113,0.37,0.5,-0.3025663716814159,false,0.0,0.0,118.0,7.0,118.0,1,0.8849557522123894
2026_04_DAL_HOU,00-0036554,Nico Collins,HOU,DAL,rec_yds,fanduel,72.5,58.47087829850862,69.5182570314839,Under,-113,0.63,0.5,0.1875221238938053,false,0.0,0.0,118.0,7.0,118.0,-1,-1.0
2026_04_DAL_HOU,00-0036554,Nico Collins,HOU,DAL,receptions,fanduel,5.5,4.021964858957534,4.657557680512696,Over,102,0.28,0.46209273182957394,-0.43439999999999995,false,0.0,0.0,118.0,7.0,7.0,1,1.02
2026_04_DAL_HOU,00-0036554,Nico Collins,HOU,DAL,receptions,fanduel,5.5,4.021964858957534,4.657557680512696,Under,-136,0.72,0.537907268170426,0.24941176470588233,false,0.0,0.0,118.0,7.0,7.0,-1,-1.0
2026_04_DAL_HOU,00-0036554,Nico Collins,HOU,DAL,rec_yds,betonlineag,72.5,58.47087829850862,69.5182570314839,Over,-115,0.37,0.5030953363598846,-0.3082608695652174,false,0.0,0.0,118.0,7.0,118.0,1,0.8695652173913043
2026_04_DAL_HOU,00-0036554,Nico Collins,HOU,DAL,rec_yds,betonlineag,72.5,58.47087829850862,69.5182570314839,Under,-112,0.63,0.49690466364011543,0.1925,false,0.0,0.0,118.0,7.0,118.0,-1,-1.0
2026_04_DAL_HOU,00-0036554,Nico Collins,HOU,DAL,receptions,betonlineag,5.5,4.021964858957534,4.657557680512696,Over,102,0.28,0.46526552222043954,-0.43439999999999995,false,0.0,0.0,118.0,7.0,7.0,1,1.02
2026_04_DAL_HOU,00-0036554,Nico Collins,HOU,DAL,receptions,betonlineag,5.5,4.021964858957534,4.657557680512696,Under,-132,0.72,0.5347344777795604,0.2654545454545454,false,0.0,0.0,118.0,7.0,7.0,-1,-1.0
2026_04_DAL_HOU,00-0036554,Nico Collins,HOU,DAL,rec_yds,betrivers,74.5,58.47087829850862,69.5182570314839,Over,-114,0.3475,0.4969864995178399,-0.34767543859649136,false,0.0,0.0,118.0,7.0,118.0,1,0.8771929824561403
2026_04_DAL_HOU,00-0036554,Nico Collins,HOU,DAL,rec_yds,betrivers,74.5,58.47087829850862,69.5182570314839,Under,-117,0.6525000000000001,0.5030135004821601,0.2101923076923078,false,0.0,0.0,118.0,7.0,118.0,-1,-1.0
2026_04_DAL_HOU,00-0036554,Nico Collins,HOU,DAL,receptions,betrivers,5.5,4.021964858957534,4.657557680512696,Over,-109,0.28,,-0.46311926605504583,false,0.0,0.0,118.0,7.0,7.0,1,0.9174311926605505
2026_04_DAL_HOU,00-0036554,Nico Collins,HOU,DAL,rec_yds,betmgm,71.5,58.47087829850862,69.5182570314839,Over,-115,0.37,0.5,-0.3082608695652174,false,0.0,0.0,118.0,7.0,118.0,1,0.8695652173913043
2026_04_DAL_HOU,00-0036554,Nico Collins,HOU,DAL,rec_yds,betmgm,71.5,58.47087829850862,69.5182570314839,Under,-115,0.63,0.5,0.1778260869565217,false,0.0,0.0,118.0,7.0,118.0,-1,-1.0
2026_04_DAL_HOU,00-0036554,Nico Collins,HOU,DAL,receptions,betmgm,5.5,4.021964858957534,4.657557680512696,Over,-105,0.28,0.4796954314720812,-0.4533333333333333,false,0.0,0.0,118.0,7.0,7.0,1,0.9523809523809523
2026_04_DAL_HOU,00-0036554,Nico Collins,HOU,DAL,receptions,betmgm,5.5,4.021964858957534,4.657557680512696,Under,-125,0.72,0.5203045685279188,0.29599999999999993,false,0.0,0.0,118.0,7.0,7.0,-1,-1.0
2026_04_DAL_HOU,00-0036554,Nico Collins,HOU,DAL,rec_yds,bovada,74.5,58.47087829850862,69.5182570314839,Over,-115,0.3475,0.5,-0.35032608695652184,false,0.0,0.0,118.0,7.0,118.0,1,0.8695652173913043
2026_04_DAL_HOU,00-0036554,Nico Collins,HOU,DAL,rec_yds,bovada,74.5,58.47087829850862,69.5182570314839,Under,-115,0.6525000000000001,0.5,0.21989130434782622,false,0.0,0.0,118.0,7.0,118.0,-1,-1.0
2026_04_DAL_HOU,00-0036554,Nico Collins,HOU,DAL,receptions,bovada,5.5,4.021964858957534,4.657557680512696,Over,-115,0.28,0.5,-0.4765217391304347,false,0.0,0.0,118.0,7.0,7.0,1,0.8695652173913043
2026_04_DAL_HOU,00-0036554,Nico Collins,HOU,DAL,receptions,bovada,5.5,4.021964858957534,4.657557680512696,Under,-115,0.72,0.5,0.34608695652173904,false,0.0,0.0,118.0,7.0,7.0,-1,-1.0
2026_04_MIA_MIN,00-0038994,Jordan Addison,MIN,MIA,rec_yds,draftkings,62.5,37.54488446444786,36.61367085685367,Over,-112,0.22,0.5,-0.5835714285714286,true,0.0,-1.0,52.0,4.0,52.0,-1,-1.0
2026_04_MIA_MIN,00-0038994,Jordan Addison,MIN,MIA,rec_yds,draftkings,62.5,37.54488446444786,36.61367085685367,Under,-112,0.78,0.5,0.47642857142857153,true,0.0,-1.0,52.0,4.0,52.0,1,0.8928571428571429
2026_04_MIA_MIN,00-0038994,Jordan Addison,MIN,MIA,receptions,draftkings,4.5,2.8014110237583205,2.458080445251098,Over,104,0.165,0.4620082487309644,-0.6634,true,0.0,-1.0,52.0,4.0,4.0,-1,-1.0
2026_04_MIA_MIN,00-0038994,Jordan Addison,MIN,MIA,receptions,draftkings,4.5,2.8014110237583205,2.458080445251098,Under,-133,0.835,0.5379917512690355,0.46281954887218035,true,0.0,-1.0,52.0,4.0,4.0,1,0.7518796992481203
2026_04_MIA_MIN,00-0038994,Jordan Addison,MIN,MIA,rec_yds,fanduel,62.5,37.54488446444786,36.61367085685367,Over,-113,0.22,0.5,-0.5853097345132744,true,0.0,-1.0,52.0,4.0,52.0,-1,-1.0
2026_04_MIA_MIN,00-0038994,Jordan Addison,MIN,MIA,rec_yds,fanduel,62.5,37.54488446444786,36.61367085685367,Under,-113,0.78,0.5,0.4702654867256638,true,0.0,-1.0,52.0,4.0,52.0,1,0.8849557522123894
2026_04_MIA_MIN,00-0038994,Jordan Addison,MIN,MIA,receptions,fanduel,4.5,2.8014110237583205,2.458080445251098,Over,-108,0.165,0.48581617766250607,-0.6822222222222222,true,0.0,-1.0,52.0,4.0,4.0,-1,-1.0
2026_04_MIA_MIN,00-0038994,Jordan Addison,MIN,MIA,receptions,fanduel,4.5,2.8014110237583205,2.458080445251098,Under,-122,0.835,0.5141838223374939,0.5194262295081967,true,0.0,-1.0,52.0,4.0,4.0,1,0.819672131147541
2026_04_MIA_MIN,00-0038994,Jordan Addison,MIN,MIA,rec_yds,betonlineag,62.5,37.54488446444786,36.61367085685367,Over,-115,0.22,0.5030953363598846,-0.5886956521739131,true,0.0,-1.0,52.0,4.0,52.0,-1,-1.0
2026_04_MIA_MIN,00-0038994,Jordan Addison,MIN,MIA,rec_yds,betonlineag,62.5,37.54488446444786,36.61367085685367,Under,-112,0.78,0.49690466364011543,0.47642857142857153,true,0.0,-1.0,52.0,4.0,52.0,1,0.8928571428571429
2026_04_MIA_MIN,00-0038994,Jordan Addison,MIN,MIA,receptions,betonlineag,4.5,2.8014110237583205,2.458080445251098,Over,-103,0.165,0.4773429454170958,-0.6748058252427184,true,0.0,-1.0,52.0,4.0,4.0,-1,-1.0
2026_04_MIA_MIN,00-0038994,Jordan Addison,MIN,MIA,receptions,betonlineag,4.5,2.8014110237583205,2.458080445251098,Under,-125,0.835,0.5226570545829041,0.503,true,0.0,-1.0,52.0,4.0,4.0,1,0.8
2026_04_MIA_MIN,00-0038994,Jordan Addison,MIN,MIA,rec_yds,betrivers,63.5,37.54488446444786,36.61367085685367,Over,-114,0.2125,0.4969864995178399,-0.6010964912280702,true,0.0,-1.0,52.0,4.0,52.0,-1,-1.0
2026_04_MIA_MIN,00-0038994,Jordan Addison,MIN,MIA,rec_yds,betrivers,63.5,37.54488446444786,36.61367085685367,Under,-117,0.7875,0.5030135004821601,0.460576923076923,true,0.0,-1.0,52.0,4.0,52.0,1,0.8547008547008547
2026_04_MIA_MIN,00-0038994,Jordan Addison,MIN,MIA,receptions,betrivers,4.5,2.8014110237583205,2.458080445251098,Over,-104,0.165,,-0.6763461538461538,true,0.0,-1.0,52.0,4.0,4.0,-1,-1.0
2026_04_MIA_MIN,00-0038994,Jordan Addison,MIN,MIA,rec_yds,betmgm,62.5,37.54488446444786,36.61367085685367,Over,-115,0.22,0.5,-0.5886956521739131,true,0.0,-1.0,52.0,4.0,52.0,-1,-1.0
2026_04_MIA_MIN,00-0038994,Jordan Addison,MIN,MIA,rec_yds,betmgm,62.5,37.54488446444786,36.61367085685367,Under,-115,0.78,0.5,0.4582608695652174,true,0.0,-1.0,52.0,4.0,52.0,1,0.8695652173913043
2026_04_MIA_MIN,00-0038994,Jordan Addison,MIN,MIA,receptions,betmgm,4.5,2.8014110237583205,2.458080445251098,Over,-115,0.165,0.5,-0.6915217391304347,true,0.0,-1.0,52.0,4.0,4.0,-1,-1.0
2026_04_MIA_MIN,00-0038994,Jordan Addison,MIN,MIA,receptions,betmgm,4.5,2.8014110237583205,2.458080445251098,Under,-115,0.835,0.5,0.561086956521739,true,0.0,-1.0,52.0,4.0,4.0,1,0.8695652173913043
2026_04_MIA_MIN,00-0038994,Jordan Addison,MIN,MIA,rec_yds,bovada,62.5,37.54488446444786,36.61367085685367,Over,-115,0.22,0.5,-0.5886956521739131,true,0.0,-1.0,52.0,4.0,52.0,-1,-1.0
2026_04_MIA_MIN,00-0038994,Jordan Addison,MIN,MIA,rec_yds,bovada,62.5,37.54488446444786,36.61367085685367,Under,-115,0.78,0.5,0.4582608695652174,true,0.0,-1.0,52.0,4.0,52.0,1,0.8695652173913043
2026_04_MIA_MIN,00-0038994,Jordan Addison,MIN,MIA,receptions,bovada,4.5,2.8014110237583205,2.458080445251098,Over,105,0.165,0.45920859794821695,-0.66175,true,0.0,-1.0,52.0,4.0,4.0,-1,-1.0
2026_04_MIA_MIN,00-0038994,Jordan Addison,MIN,MIA,receptions,bovada,4.5,2.8014110237583205,2.458080445251098,Under,-135,0.835,0.540791402051783,0.45351851851851843,true,0.0,-1.0,52.0,4.0,4.0,1,0.7407407407407407
2026_04_DET_CAR,00-0036963,Amon-Ra St. Brown,DET,CAR,rec_yds,draftkings,79.5,77.45283097477284,83.27615220961887,Over,-113,0.4925,0.5021058838394474,-0.07165929203539828,false,0.0,0.0,75.0,8.0,75.0,-1,-1.0
2026_04_DET_CAR,00-0036963,Amon-Ra St. Brown,DET,CAR,rec_yds,draftkings,79.5,77.45283097477284,83.27615220961887,Under,-111,0.5075000000000001,0.49789411616055257,-0.03529279279279268,false,0.0,0.0,75.0,8.0,75.0,1,0.9009009009009009
2026_04_DET_CAR,00-0036963,Amon-Ra St. Brown,DET,CAR,receptions,draftkings,7.5,6.430671858601095,7.344074555513237,Over,111,0.3675,0.4468077249732284,-0.22457500000000002,false,0.0,0.0,75.0,8.0,8.0,1,1.11
2026_04_DET_CAR,00-0036963,Amon-Ra St. Brown,DET,CAR,receptions,draftkings,7.5,6.430671858601095,7.344074555513237,Under,-142,0.6325000000000001,0.5531922750267716,0.07792253521126769,false,0.0,0.0,75.0,8.0,8.0,-1,-1.0
2026_04_DET_CAR,00-0036963,Amon-Ra St. Brown,DET,CAR,rec_yds,fanduel,75.5,77.45283097477284,83.27615220961887,Over,-113,0.5225,0.5,-0.015110619469026587,false,0.0,0.0,75.0,8.0,75.0,-1,-1.0
2026_04_DET_CAR,00-0036963,Amon-Ra St. Brown,DET,CAR,rec_yds,fanduel,75.5,77.45283097477284,83.27615220961887,Under,-113,0.47750000000000004,0.5,-0.09993362831858399,false,0.0,0.0,75.0,8.0,75.0,1,0.8849557522123894
2026_04_DET_CAR,00-0036963,Amon-Ra St. Brown,DET,CAR,receptions,fanduel,6.5,6.430671858601095,7.344074555513237,Over,-148,0.5075,0.5585303332383936,-0.14959459459459468,false,0.0,0.0,75.0,8.0,8.0,1,0.6756756756756757
2026_04_DET_CAR,00-0036963,Amon-Ra St. Brown,DET,CAR,receptions,fanduel,6.5,6.430671858601095,7.344074555513237,Under,112,0.49250000000000005,0.44146966676160637,0.04410000000000014,false,0.0,0.0,75.0,8.0,8.0,-1,-1.0
2026_04_DET_CAR,00-0036963,Amon-Ra St. Brown,DET,CAR,rec_yds,betonlineag,77.5,77.45283097477284,83.27615220961887,Over,-116,0.5025,0.5051597457277305,-0.06431034482758635,false,0.0,0.0,75.0,8.0,75.0,-1,-1.0
2026_04_DET_CAR,00-0036963,Amon-Ra St. Brown,DET,CAR,rec_yds,betonlineag,77.5,77.45283097477284,83.27615220961887,Under,-111,0.49750000000000005,0.4948402542722695,-0.05430180180180172,false,0.0,0.0,75.0,8.0,75.0,1,0.9009009009009009
2026_04_DET_CAR,00-0036963,Amon-Ra St. Brown,DET,CAR,receptions,betonlineag,6.5,6.430671858601095,7.344074555513237,Over,-145,0.5075,0.5553135493238951,-0.14250000000000007,false,0.0,0.0,75.0,8.0,8.0,1,0.6896551724137931
2026_04_DET_CAR,00-0036963,Amon-Ra St. Brown,DET,CAR,receptions,betonlineag,6.5,6.430671858601095,7.344074555513237,Under,111,0.49250000000000005,0.4446864506761049,0.03917500000000018,false,0.0,0.0,75.0,8.0,8.0,-1,-1.0
2026_04_DET_CAR,00-0036963,Amon-Ra St. Brown,DET,CAR,rec_yds,betrivers,77.5,77.45283097477284,83.27615220961887,Over,-118,0.5025,0.5050233081498151,-0.07165254237288149,false,0.0,0.0,75.0,8.0,75.0,-1,-1.0
2026_04_DET_CAR,00-0036963,Amon-Ra St. Brown,DET,CAR,rec_yds,betrivers,77.5,77.45283097477284,83.27615220961887,Under,-113,0.49750000000000005,0.4949766918501849,-0.062234513274336156,false,0.0,0.0,75.0,8.0,75.0,1,0.8849557522123894
2026_04_DET_CAR,00-0036963,Amon-Ra St. Brown,DET,CAR,receptions,betrivers,6.5,6.430671858601095,7.344074555513237,Over,-157,0.5075,,-0.16925159235668802,false,0.0,0.0,75.0,8.0,8.0,1,0.6369426751592356
2026_04_DET_CAR,00-0036963,Amon-Ra St. Brown,DET,CAR,rec_yds,bovada,79.5,77.45283097477284,83.27615220961887,Over,-115,0.4925,0.5,-0.0792391304347827,false,0.0,0.0,75.0,8.0,75.0,-1,-1.0
2026_04_DET_CAR,00-0036963,Amon-Ra St. Brown,DET,CAR,rec_yds,bovada,79.5,77.45283097477284,83.27615220961887,Under,-115,0.5075000000000001,0.5,-0.05119565217391292,false,0.0,0.0,75.0,8.0,75.0,1,0.8695652173913043
2026_04_DET_CAR,00-0036963,Amon-Ra St. Brown,DET,CAR,receptions,bovada,7.5,6.430671858601095,7.344074555513237,Over,110,0.3675,0.4458598726114649,-0.22825000000000006,false,0.0,0.0,75.0,8.0,8.0,1,1.1
2026_04_DET_CAR,00-0036963,Amon-Ra St. Brown,DET,CAR,receptions,bovada,7.5,6.430671858601095,7.344074555513237,Under,-145,0.6325000000000001,0.5541401273885351,0.0687068965517243,false,0.0,0.0,75.0,8.0,8.0,-1,-1.0
2026_04_DET_CAR,00-0036963,Amon-Ra St. Brown,DET,CAR,rec_yds,betmgm,78.5,77.45283097477284,83.27615220961887,Over,-115,0.4975,0.5,-0.06989130434782603,false,0.0,0.0,75.0,8.0,75.0,-1,-1.0
2026_04_DET_CAR,00-0036963,Amon-Ra St. Brown,DET,CAR,rec_yds,betmgm,78.5,77.45283097477284,83.27615220961887,Under,-115,0.5025,0.5,-0.0605434782608697,false,0.0,0.0,75.0,8.0,75.0,1,0.8695652173913043
2026_04_DET_CAR,00-0036963,Amon-Ra St. Brown,DET,CAR,receptions,betmgm,6.5,6.430671858601095,7.344074555513237,Over,-155,0.5075,0.5665108372290694,-0.1650806451612904,false,0.0,0.0,75.0,8.0,8.0,1,0.6451612903225806
2026_04_DET_CAR,00-0036963,Amon-Ra St. Brown,DET,CAR,receptions,betmgm,6.5,6.430671858601095,7.344074555513237,Under,115,0.49250000000000005,0.43348916277093064,0.05887500000000001,false,0.0,0.0,75.0,8.0,8.0,-1,-1.0
2026_04_NE_BUF,00-0038933,Dalton Kincaid,BUF,NE,rec_yds,draftkings,47.5,34.93485607963807,60.526909840791134,Over,-110,0.3475,0.495787700084246,-0.3365909090909092,false,0.0,0.0,7.0,1.0,7.0,-1,-1.0
2026_04_NE_BUF,00-0038933,Dalton Kincaid,BUF,NE,rec_yds,draftkings,47.5,34.93485607963807,60.526909840791134,Under,-114,0.6525000000000001,0.504212299915754,0.22486842105263172,false,0.0,0.0,7.0,1.0,7.0,1,0.8771929824561403
2026_04_NE_BUF,00-0038933,Dalton Kincaid,BUF,NE,receptions,draftkings,4.5,2.7266436621187022,3.8265693793834092,Over,119,0.185,0.4315013151334903,-0.59485,false,0.0,0.0,7.0,1.0,1.0,-1,-1.0
2026_04_NE_BUF,00-0038933,Dalton Kincaid,BUF,NE,receptions,draftkings,4.5,2.7266436621187022,3.8265693793834092,Under,-151,0.815,0.5684986848665097,0.35473509933774827,false,0.0,0.0,7.0,1.0,1.0,1,0.6622516556291391
2026_04_NE_BUF,00-0038933,Dalton Kincaid,BUF,NE,rec_yds,fanduel,47.5,34.93485607963807,60.526909840791134,Over,-113,0.3475,0.5,-0.3449778761061948,false,0.0,0.0,7.0,1.0,7.0,-1,-1.0
2026_04_NE_BUF,00-0038933,Dalton Kincaid,BUF,NE,rec_yds,fanduel,47.5,34.93485607963807,60.526909840791134,Under,-113,0.6525000000000001,0.5,0.22993362831858422,false,0.0,0.0,7.0,1.0,7.0,1,0.8849557522123894
2026_04_NE_BUF,00-0038933,Dalton Kincaid,BUF,NE,receptions,fanduel,4.5,2.7266436621187022,3.8265693793834092,Over,112,0.185,0.4414696667616063,-0.6077999999999999,false,0.0,0.0,7.0,1.0,1.0,-1,-1.0
2026_04_NE_BUF,00-0038933,Dalton Kincaid,BUF,NE,receptions,fanduel,4.5,2.7266436621187022,3.8265693793834092,Under,-148,0.815,0.5585303332383937,0.3656756756756756,false,0.0,0.0,7.0,1.0,1.0,1,0.6756756756756757
2026_04_NE_BUF,00-0038933,Dalton Kincaid,BUF,NE,rec_yds,betonlineag,47.5,34.93485607963807,60.526909840791134,Over,-116,0.3475,0.5051597457277305,-0.35293103448275875,false,0.0,0.0,7.0,1.0,7.0,-1,-1.0
2026_04_NE_BUF,00-0038933,Dalton Kincaid,BUF,NE,rec_yds,betonlineag,47.5,34.93485607963807,60.526909840791134,Under,-111,0.6525000000000001,0.4948402542722695,0.24033783783783802,false,0.0,0.0,7.0,1.0,7.0,1,0.9009009009009009
2026_04_NE_BUF,00-0038933,Dalton Kincaid,BUF,NE,receptions,betonlineag,4.5,2.7266436621187022,3.8265693793834092,Over,125,0.185,0.4170616113744075,-0.58375,false,0.0,0.0,7.0,1.0,1.0,-1,-1.0
2026_04_NE_BUF,00-0038933,Dalton Kincaid,BUF,NE,receptions,betonlineag,4.5,2.7266436621187022,3.8265693793834092,Under,-164,0.815,0.5829383886255926,0.311951219512195,false,0.0,0.0,7.0,1.0,1.0,1,0.6097560975609756
2026_04_NE_BUF,00-0038933,Dalton Kincaid,BUF,NE,rec_yds,betrivers,49.5,34.93485607963807,60.526909840791134,Over,-117,0.3175,0.5030135004821601,-0.41113247863247865,false,0.0,0.0,7.0,1.0,7.0,-1,-1.0
2026_04_NE_BUF,00-0038933,Dalton Kincaid,BUF,NE,rec_yds,betrivers,49.5,34.93485607963807,60.526909840791134,Under,-114,0.6825,0.4969864995178399,0.2811842105263157,false,0.0,0.0,7.0,1.0,7.0,1,0.8771929824561403
2026_04_NE_BUF,00-0038933,Dalton Kincaid,BUF,NE,receptions,betrivers,4.5,2.7266436621187022,3.8265693793834092,Over,112,0.185,,-0.6077999999999999,false,0.0,0.0,7.0,1.0,1.0,-1,-1.0
2026_04_NE_BUF,00-0038933,Dalton Kincaid,BUF,NE,rec_yds,betmgm,50.5,34.93485607963807,60.526909840791134,Over,-115,0.3125,0.5,-0.4157608695652174,false,0.0,0.0,7.0,1.0,7.0,-1,-1.0
2026_04_NE_BUF,00-0038933,Dalton Kincaid,BUF,NE,rec_yds,betmgm,50.5,34.93485607963807,60.526909840791134,Under,-115,0.6875,0.5,0.28532608695652173,false,0.0,0.0,7.0,1.0,7.0,1,0.8695652173913043
2026_04_NE_BUF,00-0038933,Dalton Kincaid,BUF,NE,receptions,betmgm,4.5,2.7266436621187022,3.8265693793834092,Over,110,0.185,0.4424778761061946,-0.6114999999999999,false,0.0,0.0,7.0,1.0,1.0,-1,-1.0
2026_04_NE_BUF,00-0038933,Dalton Kincaid,BUF,NE,receptions,betmgm,4.5,2.7266436621187022,3.8265693793834092,Under,-150,0.815,0.5575221238938054,0.35833333333333317,false,0.0,0.0,7.0,1.0,1.0,1,0.6666666666666666
2026_04_NE_BUF,00-0038933,Dalton Kincaid,BUF,NE,rec_yds,bovada,47.5,34.93485607963807,60.526909840791134,Over,-115,0.3475,0.5,-0.35032608695652184,false,0.0,0.0,7.0,1.0,7.0,-1,-1.0
2026_04_NE_BUF,00-0038933,Dalton Kincaid,BUF,NE,rec_yds,bovada,47.5,34.93485607963807,60.526909840791134,Under,-115,0.6525000000000001,0.5,0.21989130434782622,false,0.0,0.0,7.0,1.0,7.0,1,0.8695652173913043
2026_04_NE_BUF,00-0038933,Dalton Kincaid,BUF,NE,receptions,bovada,4.5,2.7266436621187022,3.8265693793834092,Over,115,0.185,0.43668122270742354,-0.60225,false,0.0,0.0,7.0,1.0,1.0,-1,-1.0
2026_04_NE_BUF,00-0038933,Dalton Kincaid,BUF,NE,receptions,bovada,4.5,2.7266436621187022,3.8265693793834092,Under,-150,0.815,0.5633187772925765,0.35833333333333317,false,0.0,0.0,7.0,1.0,1.0,1,0.6666666666666666
2026_04_LA_PHI,00-0039075,Puka Nacua,LA,PHI,rec_yds,draftkings,66.5,74.06236197263553,105.73902962263016,Over,-114,0.5875,0.5031375502008032,0.10285087719298247,true,0.0,2.0,125.0,9.0,125.0,1,0.8771929824561403
2026_04_LA_PHI,00-0039075,Puka Nacua,LA,PHI,rec_yds,draftkings,66.5,74.06236197263553,105.73902962263016,Under,-111,0.4125,0.4968624497991968,-0.21587837837837842,true,0.0,2.0,125.0,9.0,125.0,-1,-1.0
2026_04_LA_PHI,00-0039075,Puka Nacua,LA,PHI,receptions,draftkings,6.5,6.025707771297069,7.500607283933112,Over,111,0.4275,0.44753115076785943,-0.09797499999999998,true,0.0,2.0,125.0,9.0,9.0,1,1.11
2026_04_LA_PHI,00-0039075,Puka Nacua,LA,PHI,receptions,draftkings,6.5,6.025707771297069,7.500607283933112,Under,-141,0.5725,0.5524688492321406,-0.021471631205673747,true,0.0,2.0,125.0,9.0,9.0,-1,-1.0
2026_04_LA_PHI,00-0039075,Puka Nacua,LA,PHI,rec_yds,fanduel,66.5,74.06236197263553,105.73902962263016,Over,-113,0.5875,0.5,0.10741150442477887,true,0.0,2.0,125.0,9.0,125.0,1,0.8849557522123894
2026_04_LA_PHI,00-0039075,Puka Nacua,LA,PHI,rec_yds,fanduel,66.5,74.06236197263553,105.73902962263016,Under,-113,0.4125,0.5,-0.2224557522123894,true,0.0,2.0,125.0,9.0,125.0,-1,-1.0
2026_04_LA_PHI,00-0039075,Puka Nacua,LA,PHI,receptions,fanduel,5.5,6.025707771297069,7.500607283933112,Over,-172,0.58,0.5904601300891351,-0.08279069767441866,true,0.0,2.0,125.0,9.0,9.0,1,0.5813953488372093
2026_04_LA_PHI,00-0039075,Puka Nacua,LA,PHI,receptions,fanduel,5.5,6.025707771297069,7.500607283933112,Under,128,0.42000000000000004,0.4095398699108649,-0.04239999999999988,true,0.0,2.0,125.0,9.0,9.0,-1,-1.0
2026_04_LA_PHI,00-0039075,Puka Nacua,LA,PHI,rec_yds,betonlineag,66.5,74.06236197263553,105.73902962263016,Over,-114,0.5875,0.5,0.10285087719298247,true,0.0,2.0,125.0,9.0,125.0,1,0.8771929824561403
2026_04_LA_PHI,00-0039075,Puka Nacua,LA,PHI,rec_yds,betonlineag,66.5,74.06236197263553,105.73902962263016,Under,-114,0.4125,0.5,-0.22565789473684217,true,0.0,2.0,125.0,9.0,125.0,-1,-1.0
2026_04_LA_PHI,00-0039075,Puka Nacua,LA,PHI,receptions,betonlineag,5.5,6.025707771297069,7.500607283933112,Over,-172,0.58,0.5936174027371063,-0.08279069767441866,true,0.0,2.0,125.0,9.0,9.0,1,0.5813953488372093
2026_04_LA_PHI,00-0039075,Puka Nacua,LA,PHI,receptions,betonlineag,5.5,6.025707771297069,7.500607283933112,Under,131,0.42000000000000004,0.4063825972628937,-0.029799999999999938,true,0.0,2.0,125.0,9.0,9.0,-1,-1.0
2026_04_LA_PHI,00-0039075,Puka Nacua,LA,PHI,rec_yds,betrivers,68.5,74.06236197263553,105.73902962263016,Over,-113,0.575,0.4959548561951377,0.08384955752212386,true,0.0,2.0,125.0,9.0,125.0,1,0.8849557522123894
2026_04_LA_PHI,00-0039075,Puka Nacua,LA,PHI,rec_yds,betrivers,68.5,74.06236197263553,105.73902962263016,Under,-117,0.42500000000000004,0.5040451438048623,-0.21175213675213667,true,0.0,2.0,125.0,9.0,125.0,-1,-1.0
2026_04_LA_PHI,00-0039075,Puka Nacua,LA,PHI,receptions,betrivers,5.5,6.025707771297069,7.500607283933112,Over,-159,0.58,,-0.05522012578616359,true,0.0,2.0,125.0,9.0,9.0,1,0.6289308176100629
2026_04_LA_PHI,00-0039075,Puka Nacua,LA,PHI,rec_yds,betmgm,70.5,74.06236197263553,105.73902962263016,Over,105,0.5575,0.4554079696394688,0.14287499999999997,true,0.0,2.0,125.0,9.0,125.0,1,1.05
2026_04_LA_PHI,00-0039075,Puka Nacua,LA,PHI,rec_yds,betmgm,70.5,74.06236197263553,105.73902962263016,Under,-140,0.4425,0.5445920303605312,-0.24142857142857144,true,0.0,2.0,125.0,9.0,125.0,-1,-1.0
2026_04_LA_PHI,00-0039075,Puka Nacua,LA,PHI,rec_yds,bovada,66.5,74.06236197263553,105.73902962263016,Over,-115,0.5875,0.5,0.09836956521739137,true,0.0,2.0,125.0,9.0,125.0,1,0.8695652173913043
2026_04_LA_PHI,00-0039075,Puka Nacua,LA,PHI,rec_yds,bovada,66.5,74.06236197263553,105.73902962263016,Under,-115,0.4125,0.5,-0.228804347826087,true,0.0,2.0,125.0,9.0,125.0,-1,-1.0
2026_04_LA_PHI,00-0039075,Puka Nacua,LA,PHI,receptions,bovada,6.5,6.025707771297069,7.500607283933112,Over,110,0.4275,0.4458598726114649,-0.10225000000000001,true,0.0,2.0,125.0,9.0,9.0,1,1.1
2026_04_LA_PHI,00-0039075,Puka Nacua,LA,PHI,receptions,bovada,6.5,6.025707771297069,7.500607283933112,Under,-145,0.5725,0.5541401273885351,-0.03267241379310343,true,0.0,2.0,125.0,9.0,9.0,-1,-1.0
2026_04_ARI_NYG,00-0036309,Darnell Mooney,NYG,ARI,rec_yds,draftkings,20.5,24.86027891085323,30.747541520578103,Over,-116,0.52,0.5084288604180714,-0.03172413793103446,false,0.0,0.0,0.0,0.0,0.0,-1,-1.0
2026_04_ARI_NYG,00-0036309,Darnell Mooney,NYG,ARI,rec_yds,draftkings,20.5,24.86027891085323,30.747541520578103,Under,-108,0.48,0.49157113958192855,-0.0755555555555556,false,0.0,0.0,0.0,0.0,0.0,1,0.9259259259259259
2026_04_ARI_NYG,00-0036309,Darnell Mooney,NYG,ARI,receptions,draftkings,1.5,1.9551566984521784,2.191565600615354,Over,-142,0.5275,0.5531922750267716,-0.10102112676056346,false,0.0,0.0,0.0,0.0,0.0,-1,-1.0
2026_04_ARI_NYG,00-0036309,Darnell Mooney,NYG,ARI,receptions,draftkings,1.5,1.9551566984521784,2.191565600615354,Under,111,0.47250000000000003,0.4468077249732284,-0.0030249999999998334,false,0.0,0.0,0.0,0.0,0.0,1,1.11
2026_04_ARI_NYG,00-0036309,Darnell Mooney,NYG,ARI,rec_yds,fanduel,18.5,24.86027891085323,30.747541520578103,Over,-113,0.5725,0.5,0.079137168141593,false,0.0,0.0,0.0,0.0,0.0,-1,-1.0
2026_04_ARI_NYG,00-0036309,Darnell Mooney,NYG,ARI,rec_yds,fanduel,18.5,24.86027891085323,30.747541520578103,Under,-113,0.4275,0.5,-0.19418141592920352,false,0.0,0.0,0.0,0.0,0.0,1,0.8849557522123894
2026_04_ARI_NYG,00-0036309,Darnell Mooney,NYG,ARI,receptions,fanduel,1.5,1.9551566984521784,2.191565600615354,Over,-132,0.5275,0.532258064516129,-0.07287878787878793,false,0.0,0.0,0.0,0.0,0.0,-1,-1.0
2026_04_ARI_NYG,00-0036309,Darnell Mooney,NYG,ARI,receptions,fanduel,1.5,1.9551566984521784,2.191565600615354,Under,100,0.47250000000000003,0.467741935483871,-0.05499999999999994,false,0.0,0.0,0.0,0.0,0.0,1,1.0
2026_04_ARI_NYG,00-0036309,Darnell Mooney,NYG,ARI,rec_yds,betrivers,18.5,24.86027891085323,30.747541520578103,Over,-118,0.5725,0.5050233081498151,0.05766949152542372,false,0.0,0.0,0.0,0.0,0.0,-1,-1.0
2026_04_ARI_NYG,00-0036309,Darnell Mooney,NYG,ARI,rec_yds,betrivers,18.5,24.86027891085323,30.747541520578103,Under,-113,0.4275,0.4949766918501849,-0.19418141592920352,false,0.0,0.0,0.0,0.0,0.0,1,0.8849557522123894
2026_04_ARI_NYG,00-0036309,Darnell Mooney,NYG,ARI,receptions,betrivers,1.5,1.9551566984521784,2.191565600615354,Over,-139,0.5275,,-0.09300359712230222,false,0.0,0.0,0.0,0.0,0.0,-1,-1.0
2026_04_ARI_NYG,00-0036309,Darnell Mooney,NYG,ARI,rec_yds,betonlineag,20.5,24.86027891085323,30.747541520578103,Over,-118,0.52,0.5082034454470877,-0.039322033898305075,false,0.0,0.0,0.0,0.0,0.0,-1,-1.0
2026_04_ARI_NYG,00-0036309,Darnell Mooney,NYG,ARI,rec_yds,betonlineag,20.5,24.86027891085323,30.747541520578103,Under,-110,0.48,0.49179655455291227,-0.08363636363636368,false,0.0,0.0,0.0,0.0,0.0,1,0.9090909090909091
2026_04_ARI_NYG,00-0036309,Darnell Mooney,NYG,ARI,receptions,betonlineag,1.5,1.9551566984521784,2.191565600615354,Over,-139,0.5275,0.5462570956657111,-0.09300359712230222,false,0.0,0.0,0.0,0.0,0.0,-1,-1.0
2026_04_ARI_NYG,00-0036309,Darnell Mooney,NYG,ARI,receptions,betonlineag,1.5,1.9551566984521784,2.191565600615354,Under,107,0.47250000000000003,0.4537429043342889,-0.02192499999999986,false,0.0,0.0,0.0,0.0,0.0,1,1.07
2026_04_ARI_NYG,00-0036309,Darnell Mooney,NYG,ARI,rec_yds,betmgm,20.5,24.86027891085323,30.747541520578103,Over,-115,0.52,0.5,-0.027826086956521723,false,0.0,0.0,0.0,0.0,0.0,-1,-1.0
2026_04_ARI_NYG,00-0036309,Darnell Mooney,NYG,ARI,rec_yds,betmgm,20.5,24.86027891085323,30.747541520578103,Under,-115,0.48,0.5,-0.10260869565217395,false,0.0,0.0,0.0,0.0,0.0,1,0.8695652173913043
2026_04_ARI_NYG,00-0036309,Darnell Mooney,NYG,ARI,receptions,betmgm,1.5,1.9551566984521784,2.191565600615354,Over,-135,0.5275,0.5346534653465347,-0.08175925925925931,false,0.0,0.0,0.0,0.0,0.0,-1,-1.0
2026_04_ARI_NYG,00-0036309,Darnell Mooney,NYG,ARI,receptions,betmgm,1.5,1.9551566984521784,2.191565600615354,Under,100,0.47250000000000003,0.4653465346534653,-0.05499999999999994,false,0.0,0.0,0.0,0.0,0.0,1,1.0
2026_04_ARI_NYG,00-0036309,Darnell Mooney,NYG,ARI,rec_yds,bovada,20.5,24.86027891085323,30.747541520578103,Over,-120,0.52,0.5101214574898786,-0.046666666666666634,false,0.0,0.0,0.0,0.0,0.0,-1,-1.0
2026_04_ARI_NYG,00-0036309,Darnell Mooney,NYG,ARI,rec_yds,bovada,20.5,24.86027891085323,30.747541520578103,Under,-110,0.48,0.4898785425101214,-0.08363636363636368,false,0.0,0.0,0.0,0.0,0.0,1,0.9090909090909091
2026_04_ARI_NYG,00-0036309,Darnell Mooney,NYG,ARI,receptions,bovada,1.5,1.9551566984521784,2.191565600615354,Over,-145,0.5275,0.554140127388535,-0.10870689655172416,false,0.0,0.0,0.0,0.0,0.0,-1,-1.0
2026_04_ARI_NYG,00-0036309,Darnell Mooney,NYG,ARI,receptions,bovada,1.5,1.9551566984521784,2.191565600615354,Under,110,0.47250000000000003,0.445859872611465,-0.007749999999999924,false,0.0,0.0,0.0,0.0,0.0,1,1.1
2026_04_DEN_SF,00-0036158,J.K. Dobbins,DEN,SF,rush_yds,draftkings,61.5,55.44292414804033,60.60209019357035,Over,-110,0.4625,0.495787700084246,-0.11704545454545451,false,0.0,40.0,12.0,2.0,40.0,-1,-1.0
2026_04_DEN_SF,00-0036158,J.K. Dobbins,DEN,SF,rush_yds,draftkings,61.5,55.44292414804033,60.60209019357035,Under,-114,0.5375,0.504212299915754,0.008991228070175383,false,0.0,40.0,12.0,2.0,40.0,1,0.8771929824561403
2026_04_DEN_SF,00-0036158,J.K. Dobbins,DEN,SF,rush_yds,fanduel,59.5,55.44292414804033,60.60209019357035,Over,-113,0.48,0.5,-0.09522123893805312,false,0.0,40.0,12.0,2.0,40.0,-1,-1.0
2026_04_DEN_SF,00-0036158,J.K. Dobbins,DEN,SF,rush_yds,fanduel,59.5,55.44292414804033,60.60209019357035,Under,-113,0.52,0.5,-0.019823008849557455,false,0.0,40.0,12.0,2.0,40.0,1,0.8849557522123894
2026_04_DEN_SF,00-0036158,J.K. Dobbins,DEN,SF,rush_yds,betonlineag,59.5,55.44292414804033,60.60209019357035,Over,-114,0.48,0.5,-0.09894736842105267,false,0.0,40.0,12.0,2.0,40.0,-1,-1.0
2026_04_DEN_SF,00-0036158,J.K. Dobbins,DEN,SF,rush_yds,betonlineag,59.5,55.44292414804033,60.60209019357035,Under,-114,0.52,0.5,-0.023859649122807025,false,0.0,40.0,12.0,2.0,40.0,1,0.8771929824561403
2026_04_DEN_SF,00-0036158,J.K. Dobbins,DEN,SF,rush_yds,betrivers,58.5,55.44292414804033,60.60209019357035,Over,-118,0.4925,0.5050233081498151,-0.09012711864406786,false,0.0,40.0,12.0,2.0,40.0,-1,-1.0
2026_04_DEN_SF,00-0036158,J.K. Dobbins,DEN,SF,rush_yds,betrivers,58.5,55.44292414804033,60.60209019357035,Under,-113,0.5075000000000001,0.4949766918501849,-0.04338495575221224,false,0.0,40.0,12.0,2.0,40.0,1,0.8849557522123894
2026_04_DEN_SF,00-0036158,J.K. Dobbins,DEN,SF,rush_yds,bovada,61.5,55.44292414804033,60.60209019357035,Over,-115,0.4625,0.5,-0.1353260869565217,false,0.0,40.0,12.0,2.0,40.0,-1,-1.0
2026_04_DEN_SF,00-0036158,J.K. Dobbins,DEN,SF,rush_yds,bovada,61.5,55.44292414804033,60.60209019357035,Under,-115,0.5375,0.5,0.004891304347826031,false,0.0,40.0,12.0,2.0,40.0,1,0.8695652173913043
2026_04_LAC_SEA,00-0040189,Oronde Gadsden II,LAC,SEA,rec_yds,draftkings,27.5,17.19096860097144,26.053263624006963,Over,-114,0.2925,0.5042122999157539,-0.450921052631579,false,0.0,2.0,36.0,5.0,36.0,1,0.8771929824561403
2026_04_LAC_SEA,00-0040189,Oronde Gadsden II,LAC,SEA,rec_yds,draftkings,27.5,17.19096860097144,26.053263624006963,Under,-110,0.7075,0.4957877000842461,0.3506818181818182,false,0.0,2.0,36.0,5.0,36.0,-1,-1.0
2026_04_LAC_SEA,00-0040189,Oronde Gadsden II,LAC,SEA,receptions,draftkings,2.5,1.8852911319142192,2.0856819869551666,Over,-156,0.315,0.5749767565413734,-0.48307692307692307,false,0.0,2.0,36.0,5.0,5.0,1,0.6410256410256411
2026_04_LAC_SEA,00-0040189,Oronde Gadsden II,LAC,SEA,receptions,draftkings,2.5,1.8852911319142192,2.0856819869551666,Under,122,0.685,0.42502324345862663,0.5207,false,0.0,2.0,36.0,5.0,5.0,-1,-1.0
2026_04_LAC_SEA,00-0040189,Oronde Gadsden II,LAC,SEA,rec_yds,fanduel,27.5,17.19096860097144,26.053263624006963,Over,-113,0.2925,0.5,-0.4486504424778761,false,0.0,2.0,36.0,5.0,36.0,1,0.8849557522123894
2026_04_LAC_SEA,00-0040189,Oronde Gadsden II,LAC,SEA,rec_yds,fanduel,27.5,17.19096860097144,26.053263624006963,Under,-113,0.7075,0.5,0.33360619469026553,false,0.0,2.0,36.0,5.0,36.0,-1,-1.0
2026_04_LAC_SEA,00-0040189,Oronde Gadsden II,LAC,SEA,receptions,fanduel,2.5,1.8852911319142192,2.0856819869551666,Over,-148,0.315,0.5585303332383936,-0.4721621621621622,false,0.0,2.0,36.0,5.0,5.0,1,0.6756756756756757
2026_04_LAC_SEA,00-0040189,Oronde Gadsden II,LAC,SEA,receptions,fanduel,2.5,1.8852911319142192,2.0856819869551666,Under,112,0.685,0.44146966676160637,0.45220000000000016,false,0.0,2.0,36.0,5.0,5.0,-1,-1.0
2026_04_LAC_SEA,00-0040189,Oronde Gadsden II,LAC,SEA,rec_yds,betonlineag,27.5,17.19096860097144,26.053263624006963,Over,-116,0.2925,0.5051597457277305,-0.4553448275862069,false,0.0,2.0,36.0,5.0,36.0,1,0.8620689655172413
2026_04_LAC_SEA,00-0040189,Oronde Gadsden II,LAC,SEA,rec_yds,betonlineag,27.5,17.19096860097144,26.053263624006963,Under,-111,0.7075,0.4948402542722695,0.34488738738738745,false,0.0,2.0,36.0,5.0,36.0,-1,-1.0
2026_04_LAC_SEA,00-0040189,Oronde Gadsden II,LAC,SEA,receptions,betonlineag,2.5,1.8852911319142192,2.0856819869551666,Over,-141,0.315,0.5501129384532099,-0.46159574468085107,false,0.0,2.0,36.0,5.0,5.0,1,0.7092198581560284
2026_04_LAC_SEA,00-0040189,Oronde Gadsden II,LAC,SEA,receptions,betonlineag,2.5,1.8852911319142192,2.0856819869551666,Under,109,0.685,0.44988706154679015,0.4316500000000002,false,0.0,2.0,36.0,5.0,5.0,-1,-1.0
2026_04_LAC_SEA,00-0040189,Oronde Gadsden II,LAC,SEA,rec_yds,betrivers,26.5,17.19096860097144,26.053263624006963,Over,-114,0.305,0.4969864995178399,-0.42745614035087726,false,0.0,2.0,36.0,5.0,36.0,1,0.8771929824561403
2026_04_LAC_SEA,00-0040189,Oronde Gadsden II,LAC,SEA,rec_yds,betrivers,26.5,17.19096860097144,26.053263624006963,Under,-117,0.6950000000000001,0.5030135004821601,0.2890170940170941,false,0.0,2.0,36.0,5.0,36.0,-1,-1.0
2026_04_LAC_SEA,00-0040189,Oronde Gadsden II,LAC,SEA,receptions,betrivers,2.5,1.8852911319142192,2.0856819869551666,Over,-143,0.315,,-0.4647202797202798,false,0.0,2.0,36.0,5.0,5.0,1,0.6993006993006993
2026_04_LAC_SEA,00-0040189,Oronde Gadsden II,LAC,SEA,rec_yds,betmgm,28.5,17.19096860097144,26.053263624006963,Over,-111,0.285,0.49095295536791317,-0.45824324324324334,false,0.0,2.0,36.0,5.0,36.0,1,0.9009009009009009
2026_04_LAC_SEA,00-0040189,Oronde Gadsden II,LAC,SEA,rec_yds,betmgm,28.5,17.19096860097144,26.053263624006963,Under,-120,0.7150000000000001,0.5090470446320868,0.3108333333333335,false,0.0,2.0,36.0,5.0,36.0,-1,-1.0
2026_04_LAC_SEA,00-0040189,Oronde Gadsden II,LAC,SEA,receptions,betmgm,2.5,1.8852911319142192,2.0856819869551666,Over,-135,0.315,0.5346534653465347,-0.45166666666666677,false,0.0,2.0,36.0,5.0,5.0,1,0.7407407407407407
2026_04_LAC_SEA,00-0040189,Oronde Gadsden II,LAC,SEA,receptions,betmgm,2.5,1.8852911319142192,2.0856819869551666,Under,100,0.685,0.4653465346534653,0.3700000000000001,false,0.0,2.0,36.0,5.0,5.0,-1,-1.0
2026_04_LAC_SEA,00-0040189,Oronde Gadsden II,LAC,SEA,rec_yds,bovada,27.5,17.19096860097144,26.053263624006963,Over,-115,0.2925,0.5,-0.4531521739130435,false,0.0,2.0,36.0,5.0,36.0,1,0.8695652173913043
2026_04_LAC_SEA,00-0040189,Oronde Gadsden II,LAC,SEA,rec_yds,bovada,27.5,17.19096860097144,26.053263624006963,Under,-115,0.7075,0.5,0.32271739130434784,false,0.0,2.0,36.0,5.0,36.0,-1,-1.0
2026_04_LAC_SEA,00-0040189,Oronde Gadsden II,LAC,SEA,receptions,bovada,2.5,1.8852911319142192,2.0856819869551666,Over,-160,0.315,0.5751633986928104,-0.48812500000000003,false,0.0,2.0,36.0,5.0,5.0,1,0.625
2026_04_LAC_SEA,00-0040189,Oronde Gadsden II,LAC,SEA,receptions,bovada,2.5,1.8852911319142192,2.0856819869551666,Under,120,0.685,0.4248366013071896,0.5070000000000001,false,0.0,2.0,36.0,5.0,5.0,-1,-1.0
2026_04_GB_TB,00-0040667,Matthew Golden,GB,TB,rec_yds,draftkings,56.5,39.98711705408655,53.603292941629824,Over,-114,0.24,0.5042122999157539,-0.5494736842105263,true,0.0,6.0,21.0,3.0,21.0,-1,-1.0
2026_04_GB_TB,00-0040667,Matthew Golden,GB,TB,rec_yds,draftkings,56.5,39.98711705408655,53.603292941629824,Under,-110,0.76,0.4957877000842461,0.4509090909090909,true,0.0,6.0,21.0,3.0,21.0,1,0.9090909090909091
2026_04_GB_TB,00-0040667,Matthew Golden,GB,TB,receptions,draftkings,4.5,3.0282686887752774,3.2403826011536463,Over,-119,0.2425,0.5124828361003619,-0.5537184873949581,true,0.0,6.0,21.0,3.0,3.0,-1,-1.0
2026_04_GB_TB,00-0040667,Matthew Golden,GB,TB,receptions,draftkings,4.5,3.0282686887752774,3.2403826011536463,Under,-107,0.7575000000000001,0.48751716389963806,0.465443925233645,true,0.0,6.0,21.0,3.0,3.0,1,0.9345794392523364
2026_04_GB_TB,00-0040667,Matthew Golden,GB,TB,rec_yds,fanduel,56.5,39.98711705408655,53.603292941629824,Over,-113,0.24,0.5,-0.5476106194690266,true,0.0,6.0,21.0,3.0,21.0,-1,-1.0
2026_04_GB_TB,00-0040667,Matthew Golden,GB,TB,rec_yds,fanduel,56.5,39.98711705408655,53.603292941629824,Under,-113,0.76,0.5,0.432566371681416,true,0.0,6.0,21.0,3.0,21.0,1,0.8849557522123894
2026_04_GB_TB,00-0040667,Matthew Golden,GB,TB,receptions,fanduel,4.5,3.0282686887752774,3.2403826011536463,Over,-114,0.2425,0.5,-0.544780701754386,true,0.0,6.0,21.0,3.0,3.0,-1,-1.0
2026_04_GB_TB,00-0040667,Matthew Golden,GB,TB,receptions,fanduel,4.5,3.0282686887752774,3.2403826011536463,Under,-114,0.7575000000000001,0.5,0.4219736842105264,true,0.0,6.0,21.0,3.0,3.0,1,0.8771929824561403
2026_04_GB_TB,00-0040667,Matthew Golden,GB,TB,rec_yds,betonlineag,56.5,39.98711705408655,53.603292941629824,Over,-115,0.24,0.5030953363598846,-0.551304347826087,true,0.0,6.0,21.0,3.0,21.0,-1,-1.0
2026_04_GB_TB,00-0040667,Matthew Golden,GB,TB,rec_yds,betonlineag,56.5,39.98711705408655,53.603292941629824,Under,-112,0.76,0.49690466364011543,0.4385714285714286,true,0.0,6.0,21.0,3.0,21.0,1,0.8928571428571429
2026_04_GB_TB,00-0040667,Matthew Golden,GB,TB,receptions,betonlineag,4.5,3.0282686887752774,3.2403826011536463,Over,-119,0.2425,0.5102580936358786,-0.5537184873949581,true,0.0,6.0,21.0,3.0,3.0,-1,-1.0
2026_04_GB_TB,00-0040667,Matthew Golden,GB,TB,receptions,betonlineag,4.5,3.0282686887752774,3.2403826011536463,Under,-109,0.7575000000000001,0.4897419063641214,0.45245412844036714,true,0.0,6.0,21.0,3.0,3.0,1,0.9174311926605505
2026_04_GB_TB,00-0040667,Matthew Golden,GB,TB,rec_yds,betrivers,56.5,39.98711705408655,53.603292941629824,Over,-117,0.24,0.5040451438048622,-0.5548717948717949,true,0.0,6.0,21.0,3.0,21.0,-1,-1.0
2026_04_GB_TB,00-0040667,Matthew Golden,GB,TB,rec_yds,betrivers,56.5,39.98711705408655,53.603292941629824,Under,-113,0.76,0.4959548561951378,0.432566371681416,true,0.0,6.0,21.0,3.0,21.0,1,0.8849557522123894
2026_04_GB_TB,00-0040667,Matthew Golden,GB,TB,receptions,betrivers,4.5,3.0282686887752774,3.2403826011536463,Over,-108,0.2425,,-0.5329629629629631,true,0.0,6.0,21.0,3.0,3.0,-1,-1.0
2026_04_GB_TB,00-0040667,Matthew Golden,GB,TB,rec_yds,bovada,56.5,39.98711705408655,53.603292941629824,Over,-115,0.24,0.5,-0.551304347826087,true,0.0,6.0,21.0,3.0,21.0,-1,-1.0
2026_04_GB_TB,00-0040667,Matthew Golden,GB,TB,rec_yds,bovada,56.5,39.98711705408655,53.603292941629824,Under,-115,0.76,0.5,0.4208695652173913,true,0.0,6.0,21.0,3.0,21.0,1,0.8695652173913043
2026_04_GB_TB,00-0040667,Matthew Golden,GB,TB,receptions,bovada,4.5,3.0282686887752774,3.2403826011536463,Over,-120,0.2425,0.5101214574898786,-0.5554166666666667,true,0.0,6.0,21.0,3.0,3.0,-1,-1.0
2026_04_GB_TB,00-0040667,Matthew Golden,GB,TB,receptions,bovada,4.5,3.0282686887752774,3.2403826011536463,Under,-110,0.7575000000000001,0.4898785425101214,0.4461363636363638,true,0.0,6.0,21.0,3.0,3.0,1,0.9090909090909091
2026_04_GB_TB,00-0040667,Matthew Golden,GB,TB,rec_yds,betmgm,56.5,39.98711705408655,53.603292941629824,Over,-115,0.24,0.5,-0.551304347826087,true,0.0,6.0,21.0,3.0,21.0,-1,-1.0
2026_04_GB_TB,00-0040667,Matthew Golden,GB,TB,rec_yds,betmgm,56.5,39.98711705408655,53.603292941629824,Under,-115,0.76,0.5,0.4208695652173913,true,0.0,6.0,21.0,3.0,21.0,1,0.8695652173913043
2026_04_GB_TB,00-0040667,Matthew Golden,GB,TB,receptions,betmgm,4.5,3.0282686887752774,3.2403826011536463,Over,-111,0.2425,0.49095295536791317,-0.5390315315315316,true,0.0,6.0,21.0,3.0,3.0,-1,-1.0
2026_04_GB_TB,00-0040667,Matthew Golden,GB,TB,receptions,betmgm,4.5,3.0282686887752774,3.2403826011536463,Under,-120,0.7575000000000001,0.5090470446320868,0.38875000000000015,true,0.0,6.0,21.0,3.0,3.0,1,0.8333333333333334
2026_04_TEN_BAL,00-0034796,Lamar Jackson,BAL,TEN,pass_yds,draftkings,216.5,220.00748069143054,211.87556072748842,Over,-111,0.5425,0.4978941161605526,0.031238738738738725,false,222.0,20.0,0.0,0.0,222.0,1,0.9009009009009009
2026_04_TEN_BAL,00-0034796,Lamar Jackson,BAL,TEN,pass_yds,draftkings,216.5,220.00748069143054,211.87556072748842,Under,-113,0.4575,0.5021058838394474,-0.13763274336283182,false,222.0,20.0,0.0,0.0,222.0,-1,-1.0
2026_04_TEN_BAL,00-0034796,Lamar Jackson,BAL,TEN,pass_yds,fanduel,213.5,220.00748069143054,211.87556072748842,Over,-113,0.55,0.5,0.036725663716814294,false,222.0,20.0,0.0,0.0,222.0,1,0.8849557522123894
2026_04_TEN_BAL,00-0034796,Lamar Jackson,BAL,TEN,pass_yds,fanduel,213.5,220.00748069143054,211.87556072748842,Under,-113,0.44999999999999996,0.5,-0.15176991150442487,false,222.0,20.0,0.0,0.0,222.0,-1,-1.0
2026_04_TEN_BAL,00-0034796,Lamar Jackson,BAL,TEN,pass_yds,betonlineag,216.5,220.00748069143054,211.87556072748842,Over,-114,0.5425,0.5,0.018377192982456103,false,222.0,20.0,0.0,0.0,222.0,1,0.8771929824561403
2026_04_TEN_BAL,00-0034796,Lamar Jackson,BAL,TEN,pass_yds,betonlineag,216.5,220.00748069143054,211.87556072748842,Under,-114,0.4575,0.5,-0.1411842105263158,false,222.0,20.0,0.0,0.0,222.0,-1,-1.0
2026_04_TEN_BAL,00-0034796,Lamar Jackson,BAL,TEN,pass_yds,betrivers,209.5,220.00748069143054,211.87556072748842,Over,-114,0.5675,0.4969864995178399,0.06530701754385965,false,222.0,20.0,0.0,0.0,222.0,1,0.8771929824561403
2026_04_TEN_BAL,00-0034796,Lamar Jackson,BAL,TEN,pass_yds,betrivers,209.5,220.00748069143054,211.87556072748842,Under,-117,0.4325,0.5030135004821601,-0.19784188034188038,false,222.0,20.0,0.0,0.0,222.0,-1,-1.0
2026_04_TEN_BAL,00-0034796,Lamar Jackson,BAL,TEN,pass_yds,betmgm,218.5,220.00748069143054,211.87556072748842,Over,-115,0.5325,0.5,-0.00445652173913047,false,222.0,20.0,0.0,0.0,222.0,1,0.8695652173913043
2026_04_TEN_BAL,00-0034796,Lamar Jackson,BAL,TEN,pass_yds,betmgm,218.5,220.00748069143054,211.87556072748842,Under,-115,0.4675,0.5,-0.1259782608695652,false,222.0,20.0,0.0,0.0,222.0,-1,-1.0
2026_04_TEN_BAL,00-0034796,Lamar Jackson,BAL,TEN,pass_yds,bovada,216.5,220.00748069143054,211.87556072748842,Over,-115,0.5425,0.5,0.014239130434782588,false,222.0,20.0,0.0,0.0,222.0,1,0.8695652173913043
2026_04_TEN_BAL,00-0034796,Lamar Jackson,BAL,TEN,pass_yds,bovada,216.5,220.00748069143054,211.87556072748842,Under,-115,0.4575,0.5,-0.14467391304347826,false,222.0,20.0,0.0,0.0,222.0,-1,-1.0
2026_04_ARI_NYG,00-0039849,Marvin Harrison Jr.,ARI,NYG,rec_yds,draftkings,34.5,27.66104004190067,36.30374671182068,Over,-113,0.3775,0.5021058838394474,-0.28842920353982304,false,0.0,0.0,12.0,1.0,12.0,-1,-1.0
2026_04_ARI_NYG,00-0039849,Marvin Harrison Jr.,ARI,NYG,rec_yds,draftkings,34.5,27.66104004190067,36.30374671182068,Under,-111,0.6225,0.49789411616055257,0.1833108108108109,false,0.0,0.0,12.0,1.0,12.0,1,0.9009009009009009
2026_04_ARI_NYG,00-0039849,Marvin Harrison Jr.,ARI,NYG,receptions,draftkings,2.5,2.1245202172676922,2.4350809327765917,Over,-111,0.415,0.4958445875753168,-0.21112612612612608,false,0.0,0.0,12.0,1.0,1.0,-1,-1.0
2026_04_ARI_NYG,00-0039849,Marvin Harrison Jr.,ARI,NYG,receptions,draftkings,2.5,2.1245202172676922,2.4350809327765917,Under,-115,0.585,0.5041554124246832,0.09369565217391296,false,0.0,0.0,12.0,1.0,1.0,1,0.8695652173913043
2026_04_ARI_NYG,00-0039849,Marvin Harrison Jr.,ARI,NYG,rec_yds,fanduel,34.5,27.66104004190067,36.30374671182068,Over,-113,0.3775,0.5,-0.28842920353982304,false,0.0,0.0,12.0,1.0,12.0,-1,-1.0
2026_04_ARI_NYG,00-0039849,Marvin Harrison Jr.,ARI,NYG,rec_yds,fanduel,34.5,27.66104004190067,36.30374671182068,Under,-113,0.6225,0.5,0.17338495575221247,false,0.0,0.0,12.0,1.0,12.0,1,0.8849557522123894
2026_04_ARI_NYG,00-0039849,Marvin Harrison Jr.,ARI,NYG,receptions,fanduel,2.5,2.1245202172676922,2.4350809327765917,Over,-114,0.415,0.5,-0.22096491228070175,false,0.0,0.0,12.0,1.0,1.0,-1,-1.0
2026_04_ARI_NYG,00-0039849,Marvin Harrison Jr.,ARI,NYG,receptions,fanduel,2.5,2.1245202172676922,2.4350809327765917,Under,-114,0.585,0.5,0.098157894736842,false,0.0,0.0,12.0,1.0,1.0,1,0.8771929824561403
2026_04_ARI_NYG,00-0039849,Marvin Harrison Jr.,ARI,NYG,rec_yds,betrivers,32.5,27.66104004190067,36.30374671182068,Over,-118,0.4125,0.5050233081498151,-0.2379237288135594,false,0.0,0.0,12.0,1.0,12.0,-1,-1.0
2026_04_ARI_NYG,00-0039849,Marvin Harrison Jr.,ARI,NYG,rec_yds,betrivers,32.5,27.66104004190067,36.30374671182068,Under,-113,0.5875,0.4949766918501849,0.10741150442477887,false,0.0,0.0,12.0,1.0,12.0,1,0.8849557522123894
2026_04_ARI_NYG,00-0039849,Marvin Harrison Jr.,ARI,NYG,receptions,betrivers,2.5,2.1245202172676922,2.4350809327765917,Over,-125,0.415,,-0.25299999999999995,false,0.0,0.0,12.0,1.0,1.0,-1,-1.0
2026_04_ARI_NYG,00-0039849,Marvin Harrison Jr.,ARI,NYG,rec_yds,betonlineag,34.5,27.66104004190067,36.30374671182068,Over,-115,0.3775,0.5030953363598846,-0.29423913043478267,false,0.0,0.0,12.0,1.0,12.0,-1,-1.0
2026_04_ARI_NYG,00-0039849,Marvin Harrison Jr.,ARI,NYG,rec_yds,betonlineag,34.5,27.66104004190067,36.30374671182068,Under,-112,0.6225,0.49690466364011543,0.17830357142857156,false,0.0,0.0,12.0,1.0,12.0,1,0.8928571428571429
2026_04_ARI_NYG,00-0039849,Marvin Harrison Jr.,ARI,NYG,receptions,betonlineag,2.5,2.1245202172676922,2.4350809327765917,Over,-109,0.415,0.48974190636412124,-0.20426605504587153,false,0.0,0.0,12.0,1.0,1.0,-1,-1.0
2026_04_ARI_NYG,00-0039849,Marvin Harrison Jr.,ARI,NYG,receptions,betonlineag,2.5,2.1245202172676922,2.4350809327765917,Under,-119,0.585,0.5102580936358787,0.07659663865546212,false,0.0,0.0,12.0,1.0,1.0,1,0.8403361344537815
2026_04_ARI_NYG,00-0039849,Marvin Harrison Jr.,ARI,NYG,rec_yds,betmgm,32.5,27.66104004190067,36.30374671182068,Over,-115,0.4125,0.5,-0.228804347826087,false,0.0,0.0,12.0,1.0,12.0,-1,-1.0
2026_04_ARI_NYG,00-0039849,Marvin Harrison Jr.,ARI,NYG,rec_yds,betmgm,32.5,27.66104004190067,36.30374671182068,Under,-115,0.5875,0.5,0.09836956521739137,false,0.0,0.0,12.0,1.0,12.0,1,0.8695652173913043
2026_04_ARI_NYG,00-0039849,Marvin Harrison Jr.,ARI,NYG,receptions,betmgm,2.5,2.1245202172676922,2.4350809327765917,Over,-115,0.415,0.5,-0.2241304347826087,false,0.0,0.0,12.0,1.0,1.0,-1,-1.0
2026_04_ARI_NYG,00-0039849,Marvin Harrison Jr.,ARI,NYG,receptions,betmgm,2.5,2.1245202172676922,2.4350809327765917,Under,-115,0.585,0.5,0.09369565217391296,false,0.0,0.0,12.0,1.0,1.0,1,0.8695652173913043
2026_04_ARI_NYG,00-0039849,Marvin Harrison Jr.,ARI,NYG,rec_yds,bovada,34.5,27.66104004190067,36.30374671182068,Over,-115,0.3775,0.5,-0.29423913043478267,false,0.0,0.0,12.0,1.0,12.0,-1,-1.0
2026_04_ARI_NYG,00-0039849,Marvin Harrison Jr.,ARI,NYG,rec_yds,bovada,34.5,27.66104004190067,36.30374671182068,Under,-115,0.6225,0.5,0.163804347826087,false,0.0,0.0,12.0,1.0,12.0,1,0.8695652173913043
2026_04_ARI_NYG,00-0039849,Marvin Harrison Jr.,ARI,NYG,receptions,bovada,2.5,2.1245202172676922,2.4350809327765917,Over,-110,0.415,0.48987854251012153,-0.2077272727272727,false,0.0,0.0,12.0,1.0,1.0,-1,-1.0
2026_04_ARI_NYG,00-0039849,Marvin Harrison Jr.,ARI,NYG,receptions,bovada,2.5,2.1245202172676922,2.4350809327765917,Under,-120,0.585,0.5101214574898785,0.07249999999999995,false,0.0,0.0,12.0,1.0,1.0,1,0.8333333333333334
2026_04_NYJ_CHI,00-0041032,Kenyon Sadiq,NYJ,CHI,rec_yds,draftkings,43.5,36.59031788119937,52.64690470233312,Over,-114,0.365,0.5042122999157539,-0.3148245614035088,false,0.0,0.0,0.0,0.0,0.0,-1,-1.0
2026_04_NYJ_CHI,00-0041032,Kenyon Sadiq,NYJ,CHI,rec_yds,draftkings,43.5,36.59031788119937,52.64690470233312,Under,-110,0.635,0.4957877000842461,0.21227272727272728,false,0.0,0.0,0.0,0.0,0.0,1,0.9090909090909091
2026_04_NYJ_CHI,00-0041032,Kenyon Sadiq,NYJ,CHI,receptions,draftkings,4.5,3.0590597323122934,4.239835016360958,Over,113,0.2225,0.44305636257989545,-0.5260750000000001,false,0.0,0.0,0.0,0.0,0.0,-1,-1.0
2026_04_NYJ_CHI,00-0041032,Kenyon Sadiq,NYJ,CHI,receptions,draftkings,4.5,3.0590597323122934,4.239835016360958,Under,-144,0.7775,0.5569436374201046,0.31743055555555544,false,0.0,0.0,0.0,0.0,0.0,1,0.6944444444444444
2026_04_NYJ_CHI,00-0041032,Kenyon Sadiq,NYJ,CHI,rec_yds,fanduel,41.5,36.59031788119937,52.64690470233312,Over,-113,0.385,0.5,-0.27429203539823005,false,0.0,0.0,0.0,0.0,0.0,-1,-1.0
2026_04_NYJ_CHI,00-0041032,Kenyon Sadiq,NYJ,CHI,rec_yds,fanduel,41.5,36.59031788119937,52.64690470233312,Under,-113,0.615,0.5,0.15924778761061953,false,0.0,0.0,0.0,0.0,0.0,1,0.8849557522123894
2026_04_NYJ_CHI,00-0041032,Kenyon Sadiq,NYJ,CHI,receptions,fanduel,4.5,3.0590597323122934,4.239835016360958,Over,112,0.2225,0.4414696667616063,-0.5283,false,0.0,0.0,0.0,0.0,0.0,-1,-1.0
2026_04_NYJ_CHI,00-0041032,Kenyon Sadiq,NYJ,CHI,receptions,fanduel,4.5,3.0590597323122934,4.239835016360958,Under,-148,0.7775,0.5585303332383937,0.3028378378378378,false,0.0,0.0,0.0,0.0,0.0,1,0.6756756756756757
2026_04_NYJ_CHI,00-0041032,Kenyon Sadiq,NYJ,CHI,rec_yds,betonlineag,41.5,36.59031788119937,52.64690470233312,Over,-115,0.385,0.5030953363598846,-0.2802173913043478,false,0.0,0.0,0.0,0.0,0.0,-1,-1.0
2026_04_NYJ_CHI,00-0041032,Kenyon Sadiq,NYJ,CHI,rec_yds,betonlineag,41.5,36.59031788119937,52.64690470233312,Under,-112,0.615,0.49690466364011543,0.1641071428571429,false,0.0,0.0,0.0,0.0,0.0,1,0.8928571428571429
2026_04_NYJ_CHI,00-0041032,Kenyon Sadiq,NYJ,CHI,receptions,betonlineag,4.5,3.0590597323122934,4.239835016360958,Over,112,0.2225,0.44351918899348297,-0.5283,false,0.0,0.0,0.0,0.0,0.0,-1,-1.0
2026_04_NYJ_CHI,00-0041032,Kenyon Sadiq,NYJ,CHI,receptions,betonlineag,4.5,3.0590597323122934,4.239835016360958,Under,-145,0.7775,0.556480811006517,0.3137068965517241,false,0.0,0.0,0.0,0.0,0.0,1,0.6896551724137931
2026_04_NYJ_CHI,00-0041032,Kenyon Sadiq,NYJ,CHI,rec_yds,betrivers,43.5,36.59031788119937,52.64690470233312,Over,-115,0.365,0.5,-0.3176086956521739,false,0.0,0.0,0.0,0.0,0.0,-1,-1.0
2026_04_NYJ_CHI,00-0041032,Kenyon Sadiq,NYJ,CHI,rec_yds,betrivers,43.5,36.59031788119937,52.64690470233312,Under,-115,0.635,0.5,0.1871739130434783,false,0.0,0.0,0.0,0.0,0.0,1,0.8695652173913043
2026_04_NYJ_CHI,00-0041032,Kenyon Sadiq,NYJ,CHI,receptions,betrivers,4.5,3.0590597323122934,4.239835016360958,Over,118,0.2225,,-0.51495,false,0.0,0.0,0.0,0.0,0.0,-1,-1.0
2026_04_NYJ_CHI,00-0041032,Kenyon Sadiq,NYJ,CHI,rec_yds,betmgm,41.5,36.59031788119937,52.64690470233312,Over,-115,0.385,0.5,-0.2802173913043478,false,0.0,0.0,0.0,0.0,0.0,-1,-1.0
2026_04_NYJ_CHI,00-0041032,Kenyon Sadiq,NYJ,CHI,rec_yds,betmgm,41.5,36.59031788119937,52.64690470233312,Under,-115,0.615,0.5,0.1497826086956522,false,0.0,0.0,0.0,0.0,0.0,1,0.8695652173913043
2026_04_NYJ_CHI,00-0041032,Kenyon Sadiq,NYJ,CHI,receptions,betmgm,3.5,3.0590597323122934,4.239835016360958,Over,-165,0.38,0.5834970530451867,-0.38969696969696965,false,0.0,0.0,0.0,0.0,0.0,-1,-1.0
2026_04_NYJ_CHI,00-0041032,Kenyon Sadiq,NYJ,CHI,receptions,betmgm,3.5,3.0590597323122934,4.239835016360958,Under,125,0.62,0.41650294695481327,0.395,false,0.0,0.0,0.0,0.0,0.0,1,1.25
2026_04_NYJ_CHI,00-0041032,Kenyon Sadiq,NYJ,CHI,rec_yds,bovada,43.5,36.59031788119937,52.64690470233312,Over,-115,0.365,0.5,-0.3176086956521739,false,0.0,0.0,0.0,0.0,0.0,-1,-1.0
2026_04_NYJ_CHI,00-0041032,Kenyon Sadiq,NYJ,CHI,rec_yds,bovada,43.5,36.59031788119937,52.64690470233312,Under,-115,0.635,0.5,0.1871739130434783,false,0.0,0.0,0.0,0.0,0.0,1,0.8695652173913043
2026_04_NYJ_CHI,00-0041032,Kenyon Sadiq,NYJ,CHI,receptions,bovada,4.5,3.0590597323122934,4.239835016360958,Over,110,0.2225,0.4458598726114649,-0.53275,false,0.0,0.0,0.0,0.0,0.0,-1,-1.0
2026_04_NYJ_CHI,00-0041032,Kenyon Sadiq,NYJ,CHI,receptions,bovada,4.5,3.0590597323122934,4.239835016360958,Under,-145,0.7775,0.5541401273885351,0.3137068965517241,false,0.0,0.0,0.0,0.0,0.0,1,0.6896551724137931
2026_04_IND_WAS,00-0040128,Tyler Warren,IND,WAS,rec_yds,draftkings,57.5,40.011037383119955,35.20096330616974,Over,-110,0.24,0.495787700084246,-0.5418181818181819,true,0.0,0.0,41.0,5.0,41.0,-1,-1.0
2026_04_IND_WAS,00-0040128,Tyler Warren,IND,WAS,rec_yds,draftkings,57.5,40.011037383119955,35.20096330616974,Under,-114,0.76,0.504212299915754,0.42666666666666664,true,0.0,0.0,41.0,5.0,41.0,1,0.8771929824561403
2026_04_IND_WAS,00-0040128,Tyler Warren,IND,WAS,receptions,draftkings,5.5,4.6903695184672225,5.119247537484939,Over,-142,0.3875,0.5531922750267716,-0.3396126760563381,true,0.0,0.0,41.0,5.0,5.0,-1,-1.0
2026_04_IND_WAS,00-0040128,Tyler Warren,IND,WAS,receptions,draftkings,5.5,4.6903695184672225,5.119247537484939,Under,111,0.6125,0.4468077249732284,0.29237500000000016,true,0.0,0.0,41.0,5.0,5.0,1,1.11
2026_04_IND_WAS,00-0040128,Tyler Warren,IND,WAS,rec_yds,fanduel,57.5,40.011037383119955,35.20096330616974,Over,-113,0.24,0.5,-0.5476106194690266,true,0.0,0.0,41.0,5.0,41.0,-1,-1.0
2026_04_IND_WAS,00-0040128,Tyler Warren,IND,WAS,rec_yds,fanduel,57.5,40.011037383119955,35.20096330616974,Under,-113,0.76,0.5,0.432566371681416,true,0.0,0.0,41.0,5.0,41.0,1,0.8849557522123894
2026_04_IND_WAS,00-0040128,Tyler Warren,IND,WAS,receptions,fanduel,5.5,4.6903695184672225,5.119247537484939,Over,-144,0.3875,0.5510744774801296,-0.34340277777777783,true,0.0,0.0,41.0,5.0,5.0,-1,-1.0
2026_04_IND_WAS,00-0040128,Tyler Warren,IND,WAS,receptions,fanduel,5.5,4.6903695184672225,5.119247537484939,Under,108,0.6125,0.4489255225198704,0.27400000000000013,true,0.0,0.0,41.0,5.0,5.0,1,1.08
2026_04_IND_WAS,00-0040128,Tyler Warren,IND,WAS,rec_yds,betmgm,54.5,40.011037383119955,35.20096330616974,Over,-125,0.265,0.5203045685279188,-0.5229999999999999,true,0.0,0.0,41.0,5.0,41.0,-1,-1.0
2026_04_IND_WAS,00-0040128,Tyler Warren,IND,WAS,rec_yds,betmgm,54.5,40.011037383119955,35.20096330616974,Under,-105,0.735,0.47969543147208116,0.43499999999999994,true,0.0,0.0,41.0,5.0,41.0,1,0.9523809523809523
2026_04_IND_WAS,00-0040128,Tyler Warren,IND,WAS,receptions,betmgm,5.5,4.6903695184672225,5.119247537484939,Over,-118,0.3875,0.5071288903372982,-0.28411016949152545,true,0.0,0.0,41.0,5.0,5.0,-1,-1.0
2026_04_IND_WAS,00-0040128,Tyler Warren,IND,WAS,receptions,betmgm,5.5,4.6903695184672225,5.119247537484939,Under,-111,0.6125,0.49287110966270176,0.16430180180180187,true,0.0,0.0,41.0,5.0,5.0,1,0.9009009009009009
2026_04_IND_WAS,00-0040128,Tyler Warren,IND,WAS,rec_yds,bovada,57.5,40.011037383119955,35.20096330616974,Over,-115,0.24,0.5,-0.551304347826087,true,0.0,0.0,41.0,5.0,41.0,-1,-1.0
2026_04_IND_WAS,00-0040128,Tyler Warren,IND,WAS,rec_yds,bovada,57.5,40.011037383119955,35.20096330616974,Under,-115,0.76,0.5,0.4208695652173913,true,0.0,0.0,41.0,5.0,41.0,1,0.8695652173913043
2026_04_IND_WAS,00-0040128,Tyler Warren,IND,WAS,receptions,bovada,5.5,4.6903695184672225,5.119247537484939,Over,-145,0.3875,0.554140127388535,-0.3452586206896552,true,0.0,0.0,41.0,5.0,5.0,-1,-1.0
2026_04_IND_WAS,00-0040128,Tyler Warren,IND,WAS,receptions,bovada,5.5,4.6903695184672225,5.119247537484939,Under,110,0.6125,0.445859872611465,0.2862500000000001,true,0.0,0.0,41.0,5.0,5.0,1,1.1
2026_04_IND_WAS,00-0040128,Tyler Warren,IND,WAS,rec_yds,betonlineag,57.5,40.011037383119955,35.20096330616974,Over,-114,0.24,0.5,-0.5494736842105263,true,0.0,0.0,41.0,5.0,41.0,-1,-1.0
2026_04_IND_WAS,00-0040128,Tyler Warren,IND,WAS,rec_yds,betonlineag,57.5,40.011037383119955,35.20096330616974,Under,-114,0.76,0.5,0.42666666666666664,true,0.0,0.0,41.0,5.0,41.0,1,0.8771929824561403
2026_04_IND_WAS,00-0040128,Tyler Warren,IND,WAS,receptions,betonlineag,5.5,4.6903695184672225,5.119247537484939,Over,-123,0.3875,0.519675254742772,-0.29745934959349596,true,0.0,0.0,41.0,5.0,5.0,-1,-1.0
2026_04_IND_WAS,00-0040128,Tyler Warren,IND,WAS,receptions,betonlineag,5.5,4.6903695184672225,5.119247537484939,Under,-104,0.6125,0.480324745257228,0.20144230769230775,true,0.0,0.0,41.0,5.0,5.0,1,0.9615384615384616
2026_04_IND_WAS,00-0040128,Tyler Warren,IND,WAS,rec_yds,betrivers,52.5,40.011037383119955,35.20096330616974,Over,-115,0.2825,0.5,-0.4718478260869566,true,0.0,0.0,41.0,5.0,41.0,-1,-1.0
2026_04_IND_WAS,00-0040128,Tyler Warren,IND,WAS,rec_yds,betrivers,52.5,40.011037383119955,35.20096330616974,Under,-115,0.7175,0.5,0.34141304347826085,true,0.0,0.0,41.0,5.0,41.0,1,0.8695652173913043
2026_04_IND_WAS,00-0040128,Tyler Warren,IND,WAS,receptions,betrivers,5.5,4.6903695184672225,5.119247537484939,Over,-139,0.3875,,-0.33372302158273387,true,0.0,0.0,41.0,5.0,5.0,-1,-1.0
2026_04_NYJ_CHI,00-0040236,Kyle Monangai,CHI,NYJ,rush_yds,draftkings,39.5,48.46343811523472,47.5338038288148,Over,-114,0.6675,0.5042122999157539,0.25302631578947365,false,0.0,146.0,4.0,1.0,146.0,1,0.8771929824561403
2026_04_NYJ_CHI,00-0040236,Kyle Monangai,CHI,NYJ,rush_yds,draftkings,39.5,48.46343811523472,47.5338038288148,Under,-110,0.3325,0.4957877000842461,-0.3652272727272727,false,0.0,146.0,4.0,1.0,146.0,-1,-1.0
2026_04_NYJ_CHI,00-0040236,Kyle Monangai,CHI,NYJ,rush_yds,fanduel,39.5,48.46343811523472,47.5338038288148,Over,-113,0.6675,0.5,0.25820796460176987,false,0.0,146.0,4.0,1.0,146.0,1,0.8849557522123894
2026_04_NYJ_CHI,00-0040236,Kyle Monangai,CHI,NYJ,rush_yds,fanduel,39.5,48.46343811523472,47.5338038288148,Under,-113,0.3325,0.5,-0.3732522123893805,false,0.0,146.0,4.0,1.0,146.0,-1,-1.0
2026_04_NYJ_CHI,00-0040236,Kyle Monangai,CHI,NYJ,rush_yds,betonlineag,39.5,48.46343811523472,47.5338038288148,Over,-116,0.6675,0.5051597457277305,0.24293103448275855,false,0.0,146.0,4.0,1.0,146.0,1,0.8620689655172413
2026_04_NYJ_CHI,00-0040236,Kyle Monangai,CHI,NYJ,rush_yds,betonlineag,39.5,48.46343811523472,47.5338038288148,Under,-111,0.3325,0.4948402542722695,-0.36795045045045044,false,0.0,146.0,4.0,1.0,146.0,-1,-1.0
2026_04_NYJ_CHI,00-0040236,Kyle Monangai,CHI,NYJ,rush_yds,betrivers,39.5,48.46343811523472,47.5338038288148,Over,-118,0.6675,0.5050233081498151,0.23317796610169483,false,0.0,146.0,4.0,1.0,146.0,1,0.847457627118644
2026_04_NYJ_CHI,00-0040236,Kyle Monangai,CHI,NYJ,rush_yds,betrivers,39.5,48.46343811523472,47.5338038288148,Under,-113,0.3325,0.4949766918501849,-0.3732522123893805,false,0.0,146.0,4.0,1.0,146.0,-1,-1.0
2026_04_NYJ_CHI,00-0040236,Kyle Monangai,CHI,NYJ,rush_yds,betmgm,40.5,48.46343811523472,47.5338038288148,Over,-115,0.65,0.5,0.2152173913043478,false,0.0,146.0,4.0,1.0,146.0,1,0.8695652173913043
2026_04_NYJ_CHI,00-0040236,Kyle Monangai,CHI,NYJ,rush_yds,betmgm,40.5,48.46343811523472,47.5338038288148,Under,-115,0.35,0.5,-0.34565217391304354,false,0.0,146.0,4.0,1.0,146.0,-1,-1.0
2026_04_NYJ_CHI,00-0040236,Kyle Monangai,CHI,NYJ,rush_yds,bovada,39.5,48.46343811523472,47.5338038288148,Over,-115,0.6675,0.5,0.24793478260869561,false,0.0,146.0,4.0,1.0,146.0,1,0.8695652173913043
2026_04_NYJ_CHI,00-0040236,Kyle Monangai,CHI,NYJ,rush_yds,bovada,39.5,48.46343811523472,47.5338038288148,Under,-115,0.3325,0.5,-0.3783695652173913,false,0.0,146.0,4.0,1.0,146.0,-1,-1.0
2026_04_DAL_HOU,00-0037247,George Pickens,DAL,HOU,rec_yds,draftkings,68.5,54.38411949636284,65.66967976239754,Over,-111,0.3575,0.4978941161605526,-0.320427927927928,false,0.0,0.0,75.0,2.0,75.0,1,0.9009009009009009
2026_04_DAL_HOU,00-0037247,George Pickens,DAL,HOU,rec_yds,draftkings,68.5,54.38411949636284,65.66967976239754,Under,-113,0.6425000000000001,0.5021058838394474,0.2110840707964603,false,0.0,0.0,75.0,2.0,75.0,-1,-1.0
2026_04_DAL_HOU,00-0037247,George Pickens,DAL,HOU,receptions,draftkings,4.5,4.7349364428226925,5.128095953180868,Over,-144,0.565,0.5569436374201047,-0.042638888888889004,false,0.0,0.0,75.0,2.0,2.0,-1,-1.0
2026_04_DAL_HOU,00-0037247,George Pickens,DAL,HOU,receptions,draftkings,4.5,4.7349364428226925,5.128095953180868,Under,113,0.43500000000000005,0.44305636257989534,-0.07344999999999996,false,0.0,0.0,75.0,2.0,2.0,1,1.13
2026_04_DAL_HOU,00-0037247,George Pickens,DAL,HOU,rec_yds,fanduel,68.5,54.38411949636284,65.66967976239754,Over,-113,0.3575,0.5,-0.3261283185840709,false,0.0,0.0,75.0,2.0,75.0,1,0.8849557522123894
2026_04_DAL_HOU,00-0037247,George Pickens,DAL,HOU,rec_yds,fanduel,68.5,54.38411949636284,65.66967976239754,Under,-113,0.6425000000000001,0.5,0.2110840707964603,false,0.0,0.0,75.0,2.0,75.0,-1,-1.0
2026_04_DAL_HOU,00-0037247,George Pickens,DAL,HOU,receptions,fanduel,4.5,4.7349364428226925,5.128095953180868,Over,-144,0.565,0.5510744774801296,-0.042638888888889004,false,0.0,0.0,75.0,2.0,2.0,-1,-1.0
2026_04_DAL_HOU,00-0037247,George Pickens,DAL,HOU,receptions,fanduel,4.5,4.7349364428226925,5.128095953180868,Under,108,0.43500000000000005,0.4489255225198704,-0.09519999999999984,false,0.0,0.0,75.0,2.0,2.0,1,1.08
2026_04_DAL_HOU,00-0037247,George Pickens,DAL,HOU,rec_yds,betonlineag,68.5,54.38411949636284,65.66967976239754,Over,-115,0.3575,0.5030953363598846,-0.3316304347826088,false,0.0,0.0,75.0,2.0,75.0,1,0.8695652173913043
2026_04_DAL_HOU,00-0037247,George Pickens,DAL,HOU,rec_yds,betonlineag,68.5,54.38411949636284,65.66967976239754,Under,-112,0.6425000000000001,0.49690466364011543,0.21616071428571448,false,0.0,0.0,75.0,2.0,75.0,-1,-1.0
2026_04_DAL_HOU,00-0037247,George Pickens,DAL,HOU,receptions,betonlineag,4.5,4.7349364428226925,5.128095953180868,Over,-145,0.565,0.556480811006517,-0.04534482758620695,false,0.0,0.0,75.0,2.0,2.0,-1,-1.0
2026_04_DAL_HOU,00-0037247,George Pickens,DAL,HOU,receptions,betonlineag,4.5,4.7349364428226925,5.128095953180868,Under,112,0.43500000000000005,0.44351918899348297,-0.07779999999999981,false,0.0,0.0,75.0,2.0,2.0,1,1.12
2026_04_DAL_HOU,00-0037247,George Pickens,DAL,HOU,rec_yds,betrivers,68.5,54.38411949636284,65.66967976239754,Over,-114,0.3575,0.4969864995178399,-0.3289035087719299,false,0.0,0.0,75.0,2.0,75.0,1,0.8771929824561403
2026_04_DAL_HOU,00-0037247,George Pickens,DAL,HOU,rec_yds,betrivers,68.5,54.38411949636284,65.66967976239754,Under,-117,0.6425000000000001,0.5030135004821601,0.19164529914529926,false,0.0,0.0,75.0,2.0,75.0,-1,-1.0
2026_04_DAL_HOU,00-0037247,George Pickens,DAL,HOU,receptions,betrivers,4.5,4.7349364428226925,5.128095953180868,Over,-143,0.565,,-0.039895104895105005,false,0.0,0.0,75.0,2.0,2.0,-1,-1.0
2026_04_DAL_HOU,00-0037247,George Pickens,DAL,HOU,rec_yds,betmgm,66.5,54.38411949636284,65.66967976239754,Over,-115,0.3725,0.5,-0.3035869565217391,false,0.0,0.0,75.0,2.0,75.0,1,0.8695652173913043
2026_04_DAL_HOU,00-0037247,George Pickens,DAL,HOU,rec_yds,betmgm,66.5,54.38411949636284,65.66967976239754,Under,-115,0.6275,0.5,0.17315217391304338,false,0.0,0.0,75.0,2.0,75.0,-1,-1.0
2026_04_DAL_HOU,00-0037247,George Pickens,DAL,HOU,receptions,betmgm,5.5,4.7349364428226925,5.128095953180868,Over,130,0.395,0.40590405904059046,-0.09149999999999991,false,0.0,0.0,75.0,2.0,2.0,-1,-1.0
2026_04_DAL_HOU,00-0037247,George Pickens,DAL,HOU,receptions,betmgm,5.5,4.7349364428226925,5.128095953180868,Under,-175,0.605,0.5940959409594095,-0.04928571428571432,false,0.0,0.0,75.0,2.0,2.0,1,0.5714285714285714
2026_04_DAL_HOU,00-0037247,George Pickens,DAL,HOU,rec_yds,bovada,68.5,54.38411949636284,65.66967976239754,Over,-115,0.3575,0.5,-0.3316304347826088,false,0.0,0.0,75.0,2.0,75.0,1,0.8695652173913043
2026_04_DAL_HOU,00-0037247,George Pickens,DAL,HOU,rec_yds,bovada,68.5,54.38411949636284,65.66967976239754,Under,-115,0.6425000000000001,0.5,0.2011956521739131,false,0.0,0.0,75.0,2.0,75.0,-1,-1.0
2026_04_DAL_HOU,00-0037247,George Pickens,DAL,HOU,receptions,bovada,4.5,4.7349364428226925,5.128095953180868,Over,-145,0.565,0.554140127388535,-0.04534482758620695,false,0.0,0.0,75.0,2.0,2.0,-1,-1.0
2026_04_DAL_HOU,00-0037247,George Pickens,DAL,HOU,receptions,bovada,4.5,4.7349364428226925,5.128095953180868,Under,110,0.43500000000000005,0.445859872611465,-0.08649999999999985,false,0.0,0.0,75.0,2.0,2.0,1,1.1
2026_04_DET_CAR,00-0031610,Darren Waller,CAR,DET,rec_yds,draftkings,30.5,25.6270885124518,35.17969558031205,Over,-113,0.4425,0.5021058838394474,-0.1659070796460177,false,0.0,0.0,36.0,3.0,36.0,1,0.8849557522123894
2026_04_DET_CAR,00-0031610,Darren Waller,CAR,DET,rec_yds,draftkings,30.5,25.6270885124518,35.17969558031205,Under,-111,0.5575,0.49789411616055257,0.059752252252252225,false,0.0,0.0,36.0,3.0,36.0,-1,-1.0
2026_04_DET_CAR,00-0031610,Darren Waller,CAR,DET,receptions,draftkings,3.5,2.5647895592117744,3.1773556842111,Over,126,0.295,0.4176935633581922,-0.3333000000000001,false,0.0,0.0,36.0,3.0,3.0,-1,-1.0
2026_04_DET_CAR,00-0031610,Darren Waller,CAR,DET,receptions,draftkings,3.5,2.5647895592117744,3.1773556842111,Under,-161,0.7050000000000001,0.5823064366418078,0.14288819875776404,false,0.0,0.0,36.0,3.0,3.0,1,0.6211180124223602
2026_04_DET_CAR,00-0031610,Darren Waller,CAR,DET,rec_yds,fanduel,30.5,25.6270885124518,35.17969558031205,Over,-113,0.4425,0.5,-0.1659070796460177,false,0.0,0.0,36.0,3.0,36.0,1,0.8849557522123894
2026_04_DET_CAR,00-0031610,Darren Waller,CAR,DET,rec_yds,fanduel,30.5,25.6270885124518,35.17969558031205,Under,-113,0.5575,0.5,0.05086283185840712,false,0.0,0.0,36.0,3.0,36.0,-1,-1.0
2026_04_DET_CAR,00-0031610,Darren Waller,CAR,DET,receptions,fanduel,3.5,2.5647895592117744,3.1773556842111,Over,130,0.295,0.40640759418570166,-0.32150000000000006,false,0.0,0.0,36.0,3.0,3.0,-1,-1.0
2026_04_DET_CAR,00-0031610,Darren Waller,CAR,DET,receptions,fanduel,3.5,2.5647895592117744,3.1773556842111,Under,-174,0.7050000000000001,0.5935924058142983,0.11017241379310355,false,0.0,0.0,36.0,3.0,3.0,1,0.5747126436781609
2026_04_DET_CAR,00-0031610,Darren Waller,CAR,DET,rec_yds,betonlineag,31.5,25.6270885124518,35.17969558031205,Over,-114,0.4325,0.5,-0.18811403508771934,false,0.0,0.0,36.0,3.0,36.0,1,0.8771929824561403
2026_04_DET_CAR,00-0031610,Darren Waller,CAR,DET,rec_yds,betonlineag,31.5,25.6270885124518,35.17969558031205,Under,-114,0.5675,0.5,0.06530701754385965,false,0.0,0.0,36.0,3.0,36.0,-1,-1.0
2026_04_DET_CAR,00-0031610,Darren Waller,CAR,DET,receptions,betonlineag,2.5,2.5647895592117744,3.1773556842111,Over,-167,0.4775,0.5878103001111523,-0.23657185628742516,false,0.0,0.0,36.0,3.0,3.0,1,0.5988023952095808
2026_04_DET_CAR,00-0031610,Darren Waller,CAR,DET,receptions,betonlineag,2.5,2.5647895592117744,3.1773556842111,Under,128,0.5225,0.4121896998888477,0.19129999999999991,false,0.0,0.0,36.0,3.0,3.0,-1,-1.0
2026_04_DET_CAR,00-0031610,Darren Waller,CAR,DET,rec_yds,betrivers,30.5,25.6270885124518,35.17969558031205,Over,-118,0.4425,0.5050233081498151,-0.1825,false,0.0,0.0,36.0,3.0,36.0,1,0.847457627118644
2026_04_DET_CAR,00-0031610,Darren Waller,CAR,DET,rec_yds,betrivers,30.5,25.6270885124518,35.17969558031205,Under,-113,0.5575,0.4949766918501849,0.05086283185840712,false,0.0,0.0,36.0,3.0,36.0,-1,-1.0
2026_04_DET_CAR,00-0031610,Darren Waller,CAR,DET,receptions,betrivers,3.5,2.5647895592117744,3.1773556842111,Over,130,0.295,,-0.32150000000000006,false,0.0,0.0,36.0,3.0,3.0,-1,-1.0
2026_04_DET_CAR,00-0031610,Darren Waller,CAR,DET,rec_yds,bovada,30.5,25.6270885124518,35.17969558031205,Over,-115,0.4425,0.5,-0.17271739130434782,false,0.0,0.0,36.0,3.0,36.0,1,0.8695652173913043
2026_04_DET_CAR,00-0031610,Darren Waller,CAR,DET,rec_yds,bovada,30.5,25.6270885124518,35.17969558031205,Under,-115,0.5575,0.5,0.042282608695652146,false,0.0,0.0,36.0,3.0,36.0,-1,-1.0
2026_04_DET_CAR,00-0031610,Darren Waller,CAR,DET,receptions,bovada,3.5,2.5647895592117744,3.1773556842111,Over,125,0.295,0.4165029469548133,-0.3362500000000001,false,0.0,0.0,36.0,3.0,3.0,-1,-1.0
2026_04_DET_CAR,00-0031610,Darren Waller,CAR,DET,receptions,bovada,3.5,2.5647895592117744,3.1773556842111,Under,-165,0.7050000000000001,0.5834970530451866,0.13227272727272738,false,0.0,0.0,36.0,3.0,3.0,1,0.6060606060606061
2026_04_DET_CAR,00-0031610,Darren Waller,CAR,DET,rec_yds,betmgm,32.5,25.6270885124518,35.17969558031205,Over,-115,0.4275,0.5,-0.20076086956521744,false,0.0,0.0,36.0,3.0,36.0,1,0.8695652173913043
2026_04_DET_CAR,00-0031610,Darren Waller,CAR,DET,rec_yds,betmgm,32.5,25.6270885124518,35.17969558031205,Under,-115,0.5725,0.5,0.07032608695652176,false,0.0,0.0,36.0,3.0,36.0,-1,-1.0
2026_04_DET_CAR,00-0031610,Darren Waller,CAR,DET,receptions,betmgm,3.5,2.5647895592117744,3.1773556842111,Over,125,0.295,0.4165029469548133,-0.3362500000000001,false,0.0,0.0,36.0,3.0,3.0,-1,-1.0
2026_04_DET_CAR,00-0031610,Darren Waller,CAR,DET,receptions,betmgm,3.5,2.5647895592117744,3.1773556842111,Under,-165,0.7050000000000001,0.5834970530451866,0.13227272727272738,false,0.0,0.0,36.0,3.0,3.0,1,0.6060606060606061
2026_04_GB_TB,00-0039361,Bucky Irving,TB,GB,rec_yds,draftkings,12.5,14.827029384612484,20.427843797250638,Over,-112,0.5575,0.5,0.055267857142857146,true,0.0,61.0,0.0,0.0,0.0,-1,-1.0
2026_04_GB_TB,00-0039361,Bucky Irving,TB,GB,rec_yds,draftkings,12.5,14.827029384612484,20.427843797250638,Under,-112,0.4425,0.5,-0.16241071428571424,true,0.0,61.0,0.0,0.0,0.0,1,0.8928571428571429
2026_04_GB_TB,00-0039361,Bucky Irving,TB,GB,receptions,draftkings,2.5,2.847651223293055,3.1554495946001406,Over,-126,0.4675,0.5259594617046021,-0.16146825396825393,true,0.0,61.0,0.0,0.0,0.0,-1,-1.0
2026_04_GB_TB,00-0039361,Bucky Irving,TB,GB,receptions,draftkings,2.5,2.847651223293055,3.1554495946001406,Under,-101,0.5325,0.47404053829539794,0.059727722772277225,true,0.0,61.0,0.0,0.0,0.0,1,0.9900990099009901
2026_04_GB_TB,00-0039361,Bucky Irving,TB,GB,rush_yds,draftkings,56.5,54.08080631377972,61.60670580551925,Over,-110,0.49,0.495787700084246,-0.06454545454545457,true,0.0,61.0,0.0,0.0,61.0,1,0.9090909090909091
2026_04_GB_TB,00-0039361,Bucky Irving,TB,GB,rush_yds,draftkings,56.5,54.08080631377972,61.60670580551925,Under,-114,0.51,0.504212299915754,-0.04263157894736841,true,0.0,61.0,0.0,0.0,61.0,-1,-1.0
2026_04_GB_TB,00-0039361,Bucky Irving,TB,GB,rec_yds,fanduel,11.5,14.827029384612484,20.427843797250638,Over,-113,0.58,0.5,0.09327433628318582,true,0.0,61.0,0.0,0.0,0.0,-1,-1.0
2026_04_GB_TB,00-0039361,Bucky Irving,TB,GB,rec_yds,fanduel,11.5,14.827029384612484,20.427843797250638,Under,-113,0.42000000000000004,0.5,-0.20831858407079634,true,0.0,61.0,0.0,0.0,0.0,1,0.8849557522123894
2026_04_GB_TB,00-0039361,Bucky Irving,TB,GB,receptions,fanduel,2.5,2.847651223293055,3.1554495946001406,Over,-120,0.4675,0.5101214574898786,-0.14291666666666658,true,0.0,61.0,0.0,0.0,0.0,-1,-1.0
2026_04_GB_TB,00-0039361,Bucky Irving,TB,GB,receptions,fanduel,2.5,2.847651223293055,3.1554495946001406,Under,-110,0.5325,0.4898785425101214,0.016590909090909045,true,0.0,61.0,0.0,0.0,0.0,1,0.9090909090909091
2026_04_GB_TB,00-0039361,Bucky Irving,TB,GB,rush_yds,fanduel,55.5,54.08080631377972,61.60670580551925,Over,-113,0.5,0.5,-0.05752212389380529,true,0.0,61.0,0.0,0.0,61.0,1,0.8849557522123894
2026_04_GB_TB,00-0039361,Bucky Irving,TB,GB,rush_yds,fanduel,55.5,54.08080631377972,61.60670580551925,Under,-113,0.5,0.5,-0.05752212389380529,true,0.0,61.0,0.0,0.0,61.0,-1,-1.0
2026_04_GB_TB,00-0039361,Bucky Irving,TB,GB,rec_yds,betonlineag,12.5,14.827029384612484,20.427843797250638,Over,-115,0.5575,0.5030953363598846,0.042282608695652146,true,0.0,61.0,0.0,0.0,0.0,-1,-1.0
2026_04_GB_TB,00-0039361,Bucky Irving,TB,GB,rec_yds,betonlineag,12.5,14.827029384612484,20.427843797250638,Under,-112,0.4425,0.49690466364011543,-0.16241071428571424,true,0.0,61.0,0.0,0.0,0.0,1,0.8928571428571429
2026_04_GB_TB,00-0039361,Bucky Irving,TB,GB,receptions,betonlineag,2.5,2.847651223293055,3.1554495946001406,Over,-118,0.4675,0.5082034454470877,-0.13631355932203387,true,0.0,61.0,0.0,0.0,0.0,-1,-1.0
2026_04_GB_TB,00-0039361,Bucky Irving,TB,GB,receptions,betonlineag,2.5,2.847651223293055,3.1554495946001406,Under,-110,0.5325,0.49179655455291227,0.016590909090909045,true,0.0,61.0,0.0,0.0,0.0,1,0.9090909090909091
2026_04_GB_TB,00-0039361,Bucky Irving,TB,GB,rush_yds,betonlineag,54.5,54.08080631377972,61.60670580551925,Over,-114,0.51,0.5,-0.04263157894736841,true,0.0,61.0,0.0,0.0,61.0,1,0.8771929824561403
2026_04_GB_TB,00-0039361,Bucky Irving,TB,GB,rush_yds,betonlineag,54.5,54.08080631377972,61.60670580551925,Under,-114,0.49,0.5,-0.08017543859649129,true,0.0,61.0,0.0,0.0,61.0,-1,-1.0
2026_04_GB_TB,00-0039361,Bucky Irving,TB,GB,rec_yds,betrivers,13.5,14.827029384612484,20.427843797250638,Over,-115,0.53,0.5,-0.009130434782608665,true,0.0,61.0,0.0,0.0,0.0,-1,-1.0
2026_04_GB_TB,00-0039361,Bucky Irving,TB,GB,rec_yds,betrivers,13.5,14.827029384612484,20.427843797250638,Under,-115,0.47,0.5,-0.12130434782608701,true,0.0,61.0,0.0,0.0,0.0,1,0.8695652173913043
2026_04_GB_TB,00-0039361,Bucky Irving,TB,GB,receptions,betrivers,2.5,2.847651223293055,3.1554495946001406,Over,-108,0.4675,,-0.09962962962962957,true,0.0,61.0,0.0,0.0,0.0,-1,-1.0
2026_04_GB_TB,00-0039361,Bucky Irving,TB,GB,rush_yds,betrivers,55.5,54.08080631377972,61.60670580551925,Over,-115,0.5,0.5,-0.06521739130434784,true,0.0,61.0,0.0,0.0,61.0,1,0.8695652173913043
2026_04_GB_TB,00-0039361,Bucky Irving,TB,GB,rush_yds,betrivers,55.5,54.08080631377972,61.60670580551925,Under,-115,0.5,0.5,-0.06521739130434784,true,0.0,61.0,0.0,0.0,61.0,-1,-1.0
2026_04_GB_TB,00-0039361,Bucky Irving,TB,GB,rec_yds,bovada,12.5,14.827029384612484,20.427843797250638,Over,-115,0.5575,0.5,0.042282608695652146,true,0.0,61.0,0.0,0.0,0.0,-1,-1.0
2026_04_GB_TB,00-0039361,Bucky Irving,TB,GB,rec_yds,bovada,12.5,14.827029384612484,20.427843797250638,Under,-115,0.4425,0.5,-0.17271739130434782,true,0.0,61.0,0.0,0.0,0.0,1,0.8695652173913043
2026_04_GB_TB,00-0039361,Bucky Irving,TB,GB,receptions,bovada,2.5,2.847651223293055,3.1554495946001406,Over,-130,0.4675,0.5306122448979592,-0.1728846153846153,true,0.0,61.0,0.0,0.0,0.0,-1,-1.0
2026_04_GB_TB,00-0039361,Bucky Irving,TB,GB,receptions,bovada,2.5,2.847651223293055,3.1554495946001406,Under,100,0.5325,0.4693877551020408,0.06499999999999995,true,0.0,61.0,0.0,0.0,0.0,1,1.0
2026_04_GB_TB,00-0039361,Bucky Irving,TB,GB,rush_yds,bovada,56.5,54.08080631377972,61.60670580551925,Over,-115,0.49,0.5,-0.0839130434782609,true,0.0,61.0,0.0,0.0,61.0,1,0.8695652173913043
2026_04_GB_TB,00-0039361,Bucky Irving,TB,GB,rush_yds,bovada,56.5,54.08080631377972,61.60670580551925,Under,-115,0.51,0.5,-0.04652173913043478,true,0.0,61.0,0.0,0.0,61.0,-1,-1.0
2026_04_GB_TB,00-0039361,Bucky Irving,TB,GB,rec_yds,betmgm,13.5,14.827029384612484,20.427843797250638,Over,-115,0.53,0.5,-0.009130434782608665,true,0.0,61.0,0.0,0.0,0.0,-1,-1.0
2026_04_GB_TB,00-0039361,Bucky Irving,TB,GB,rec_yds,betmgm,13.5,14.827029384612484,20.427843797250638,Under,-115,0.47,0.5,-0.12130434782608701,true,0.0,61.0,0.0,0.0,0.0,1,0.8695652173913043
2026_04_GB_TB,00-0039361,Bucky Irving,TB,GB,receptions,betmgm,2.5,2.847651223293055,3.1554495946001406,Over,-110,0.4675,0.48987854251012153,-0.10749999999999998,true,0.0,61.0,0.0,0.0,0.0,-1,-1.0
2026_04_GB_TB,00-0039361,Bucky Irving,TB,GB,receptions,betmgm,2.5,2.847651223293055,3.1554495946001406,Under,-120,0.5325,0.5101214574898785,-0.02375000000000005,true,0.0,61.0,0.0,0.0,0.0,1,0.8333333333333334
2026_04_GB_TB,00-0039361,Bucky Irving,TB,GB,rush_yds,betmgm,54.5,54.08080631377972,61.60670580551925,Over,-115,0.51,0.5,-0.04652173913043478,true,0.0,61.0,0.0,0.0,61.0,1,0.8695652173913043
2026_04_GB_TB,00-0039361,Bucky Irving,TB,GB,rush_yds,betmgm,54.5,54.08080631377972,61.60670580551925,Under,-115,0.49,0.5,-0.0839130434782609,true,0.0,61.0,0.0,0.0,61.0,-1,-1.0
2026_04_TEN_BAL,00-0034837,Calvin Ridley,TEN,BAL,rec_yds,draftkings,7.5,22.478140206108318,39.75329802241518,Over,-111,0.7675,0.4978941161605526,0.45894144144144133,true,0.0,0.0,13.0,1.0,13.0,1,0.9009009009009009
2026_04_TEN_BAL,00-0034837,Calvin Ridley,TEN,BAL,rec_yds,draftkings,7.5,22.478140206108318,39.75329802241518,Under,-113,0.23250000000000004,0.5021058838394474,-0.5617477876106194,true,0.0,0.0,13.0,1.0,13.0,-1,-1.0
2026_04_TEN_BAL,00-0034837,Calvin Ridley,TEN,BAL,receptions,draftkings,0.5,1.7173788392382958,2.206837552999765,Over,-239,0.795,0.6669155793114291,0.12763598326359837,true,0.0,0.0,13.0,1.0,1.0,1,0.41841004184100417
2026_04_TEN_BAL,00-0034837,Calvin Ridley,TEN,BAL,receptions,draftkings,0.5,1.7173788392382958,2.206837552999765,Under,184,0.20499999999999996,0.3330844206885709,-0.4178000000000001,true,0.0,0.0,13.0,1.0,1.0,-1,-1.0
2026_04_TEN_BAL,00-0034837,Calvin Ridley,TEN,BAL,rec_yds,fanduel,5.5,22.478140206108318,39.75329802241518,Over,-113,0.8075,0.5,0.5221017699115045,true,0.0,0.0,13.0,1.0,13.0,1,0.8849557522123894
2026_04_TEN_BAL,00-0034837,Calvin Ridley,TEN,BAL,rec_yds,fanduel,5.5,22.478140206108318,39.75329802241518,Under,-113,0.1925,0.5,-0.637146017699115,true,0.0,0.0,13.0,1.0,13.0,-1,-1.0
2026_04_TEN_BAL,00-0034837,Calvin Ridley,TEN,BAL,receptions,fanduel,1.5,1.7173788392382958,2.206837552999765,Over,182,0.52,0.33175355450236965,0.46640000000000004,true,0.0,0.0,13.0,1.0,1.0,-1,-1.0
2026_04_TEN_BAL,00-0034837,Calvin Ridley,TEN,BAL,receptions,fanduel,1.5,1.7173788392382958,2.206837552999765,Under,-250,0.48,0.6682464454976303,-0.328,true,0.0,0.0,13.0,1.0,1.0,1,0.4
2026_04_TEN_BAL,00-0034837,Calvin Ridley,TEN,BAL,rec_yds,betonlineag,7.5,22.478140206108318,39.75329802241518,Over,-116,0.7675,0.5051597457277305,0.4291379310344826,true,0.0,0.0,13.0,1.0,13.0,1,0.8620689655172413
2026_04_TEN_BAL,00-0034837,Calvin Ridley,TEN,BAL,rec_yds,betonlineag,7.5,22.478140206108318,39.75329802241518,Under,-111,0.23250000000000004,0.4948402542722695,-0.5580405405405404,true,0.0,0.0,13.0,1.0,13.0,-1,-1.0
2026_04_TEN_BAL,00-0034837,Calvin Ridley,TEN,BAL,receptions,betonlineag,1.5,1.7173788392382958,2.206837552999765,Over,186,0.52,0.32863849765258213,0.4872000000000001,true,0.0,0.0,13.0,1.0,1.0,-1,-1.0
2026_04_TEN_BAL,00-0034837,Calvin Ridley,TEN,BAL,receptions,betonlineag,1.5,1.7173788392382958,2.206837552999765,Under,-250,0.48,0.6713615023474179,-0.328,true,0.0,0.0,13.0,1.0,1.0,1,0.4
2026_04_TEN_BAL,00-0034837,Calvin Ridley,TEN,BAL,rec_yds,betrivers,7.5,22.478140206108318,39.75329802241518,Over,-117,0.7675,0.5030135004821601,0.42348290598290583,true,0.0,0.0,13.0,1.0,13.0,1,0.8547008547008547
2026_04_TEN_BAL,00-0034837,Calvin Ridley,TEN,BAL,rec_yds,betrivers,7.5,22.478140206108318,39.75329802241518,Under,-114,0.23250000000000004,0.4969864995178399,-0.5635526315789473,true,0.0,0.0,13.0,1.0,13.0,-1,-1.0
2026_04_TEN_BAL,00-0034837,Calvin Ridley,TEN,BAL,receptions,betrivers,1.5,1.7173788392382958,2.206837552999765,Over,180,0.52,,0.45600000000000007,true,0.0,0.0,13.0,1.0,1.0,-1,-1.0
2026_04_TEN_BAL,00-0034837,Calvin Ridley,TEN,BAL,rec_yds,bovada,7.5,22.478140206108318,39.75329802241518,Over,-115,0.7675,0.5,0.43489130434782597,true,0.0,0.0,13.0,1.0,13.0,1,0.8695652173913043
2026_04_TEN_BAL,00-0034837,Calvin Ridley,TEN,BAL,rec_yds,bovada,7.5,22.478140206108318,39.75329802241518,Under,-115,0.23250000000000004,0.5,-0.5653260869565216,true,0.0,0.0,13.0,1.0,13.0,-1,-1.0
2026_04_KC_LV,00-0039894,Xavier Worthy,KC,LV,rec_yds,draftkings,35.5,35.075280489888755,31.512544118749,Over,-109,0.465,0.4936802190857383,-0.1083944954128439,false,0.0,0.0,70.0,4.0,70.0,1,0.9174311926605505
2026_04_KC_LV,00-0039894,Xavier Worthy,KC,LV,rec_yds,draftkings,35.5,35.075280489888755,31.512544118749,Under,-115,0.5349999999999999,0.5063197809142617,0.0002173913043476694,false,0.0,0.0,70.0,4.0,70.0,-1,-1.0
2026_04_KC_LV,00-0039894,Xavier Worthy,KC,LV,receptions,draftkings,3.5,2.9698892250790605,2.966437440243925,Over,132,0.3425,0.4069099050039329,-0.20539999999999992,false,0.0,0.0,70.0,4.0,4.0,1,1.32
2026_04_KC_LV,00-0039894,Xavier Worthy,KC,LV,receptions,draftkings,3.5,2.9698892250790605,2.966437440243925,Under,-169,0.6575,0.5930900949960671,0.046553254437869784,false,0.0,0.0,70.0,4.0,4.0,-1,-1.0
2026_04_KC_LV,00-0039894,Xavier Worthy,KC,LV,rec_yds,fanduel,33.5,35.075280489888755,31.512544118749,Over,-113,0.5,0.5,-0.05752212389380529,false,0.0,0.0,70.0,4.0,70.0,1,0.8849557522123894
2026_04_KC_LV,00-0039894,Xavier Worthy,KC,LV,rec_yds,fanduel,33.5,35.075280489888755,31.512544118749,Under,-113,0.5,0.5,-0.05752212389380529,false,0.0,0.0,70.0,4.0,70.0,-1,-1.0
2026_04_KC_LV,00-0039894,Xavier Worthy,KC,LV,receptions,fanduel,3.5,2.9698892250790605,2.966437440243925,Over,134,0.3425,0.3993154592127781,-0.1985499999999999,false,0.0,0.0,70.0,4.0,4.0,1,1.34
2026_04_KC_LV,00-0039894,Xavier Worthy,KC,LV,receptions,fanduel,3.5,2.9698892250790605,2.966437440243925,Under,-180,0.6575,0.6006845407872219,0.02277777777777773,false,0.0,0.0,70.0,4.0,4.0,-1,-1.0
2026_04_KC_LV,00-0039894,Xavier Worthy,KC,LV,rec_yds,betonlineag,33.5,35.075280489888755,31.512544118749,Over,-118,0.5,0.5082034454470877,-0.07627118644067798,false,0.0,0.0,70.0,4.0,70.0,1,0.847457627118644
2026_04_KC_LV,00-0039894,Xavier Worthy,KC,LV,rec_yds,betonlineag,33.5,35.075280489888755,31.512544118749,Under,-110,0.5,0.49179655455291227,-0.04545454545454547,false,0.0,0.0,70.0,4.0,70.0,-1,-1.0
2026_04_KC_LV,00-0039894,Xavier Worthy,KC,LV,receptions,betonlineag,3.5,2.9698892250790605,2.966437440243925,Over,130,0.3425,0.40900106431503724,-0.21224999999999994,false,0.0,0.0,70.0,4.0,4.0,1,1.3
2026_04_KC_LV,00-0039894,Xavier Worthy,KC,LV,receptions,betonlineag,3.5,2.9698892250790605,2.966437440243925,Under,-169,0.6575,0.5909989356849628,0.046553254437869784,false,0.0,0.0,70.0,4.0,4.0,-1,-1.0
2026_04_KC_LV,00-0039894,Xavier Worthy,KC,LV,rec_yds,betrivers,33.5,35.075280489888755,31.512544118749,Over,-114,0.5,0.4969864995178399,-0.06140350877192985,false,0.0,0.0,70.0,4.0,70.0,1,0.8771929824561403
2026_04_KC_LV,00-0039894,Xavier Worthy,KC,LV,rec_yds,betrivers,33.5,35.075280489888755,31.512544118749,Under,-117,0.5,0.5030135004821601,-0.07264957264957267,false,0.0,0.0,70.0,4.0,70.0,-1,-1.0
2026_04_KC_LV,00-0039894,Xavier Worthy,KC,LV,receptions,betrivers,2.5,2.9698892250790605,2.966437440243925,Over,-175,0.585,,-0.0807142857142858,false,0.0,0.0,70.0,4.0,4.0,1,0.5714285714285714
2026_04_KC_LV,00-0039894,Xavier Worthy,KC,LV,rec_yds,betmgm,35.5,35.075280489888755,31.512544118749,Over,-111,0.465,0.49095295536791317,-0.11608108108108095,false,0.0,0.0,70.0,4.0,70.0,1,0.9009009009009009
2026_04_KC_LV,00-0039894,Xavier Worthy,KC,LV,rec_yds,betmgm,35.5,35.075280489888755,31.512544118749,Under,-120,0.5349999999999999,0.5090470446320868,-0.019166666666666776,false,0.0,0.0,70.0,4.0,70.0,-1,-1.0
2026_04_KC_LV,00-0039894,Xavier Worthy,KC,LV,receptions,betmgm,3.5,2.9698892250790605,2.966437440243925,Over,125,0.3425,0.4165029469548133,-0.22937499999999994,false,0.0,0.0,70.0,4.0,4.0,1,1.25
2026_04_KC_LV,00-0039894,Xavier Worthy,KC,LV,receptions,betmgm,3.5,2.9698892250790605,2.966437440243925,Under,-165,0.6575,0.5834970530451866,0.05598484848484847,false,0.0,0.0,70.0,4.0,4.0,-1,-1.0
2026_04_KC_LV,00-0039894,Xavier Worthy,KC,LV,rec_yds,bovada,35.5,35.075280489888755,31.512544118749,Over,-110,0.465,0.48987854251012153,-0.11227272727272719,false,0.0,0.0,70.0,4.0,70.0,1,0.9090909090909091
2026_04_KC_LV,00-0039894,Xavier Worthy,KC,LV,rec_yds,bovada,35.5,35.075280489888755,31.512544118749,Under,-120,0.5349999999999999,0.5101214574898785,-0.019166666666666776,false,0.0,0.0,70.0,4.0,70.0,-1,-1.0
2026_04_KC_LV,00-0039894,Xavier Worthy,KC,LV,receptions,bovada,3.5,2.9698892250790605,2.966437440243925,Over,130,0.3425,0.40847201210287454,-0.21224999999999994,false,0.0,0.0,70.0,4.0,4.0,1,1.3
2026_04_KC_LV,00-0039894,Xavier Worthy,KC,LV,receptions,bovada,3.5,2.9698892250790605,2.966437440243925,Under,-170,0.6575,0.5915279878971255,0.04426470588235293,false,0.0,0.0,70.0,4.0,4.0,-1,-1.0
2026_04_IND_WAS,00-0037809,Chig Okonkwo,WAS,IND,rec_yds,draftkings,29.5,26.925448761146995,29.53703296159157,Over,-113,0.455,0.5021058838394474,-0.14234513274336275,false,0.0,0.0,5.0,2.0,5.0,-1,-1.0
2026_04_IND_WAS,00-0037809,Chig Okonkwo,WAS,IND,rec_yds,draftkings,29.5,26.925448761146995,29.53703296159157,Under,-111,0.5449999999999999,0.49789411616055257,0.035990990990990845,false,0.0,0.0,5.0,2.0,5.0,1,0.9009009009009009
2026_04_IND_WAS,00-0037809,Chig Okonkwo,WAS,IND,receptions,draftkings,3.5,3.0881765619233983,3.124826839200436,Over,104,0.3975,0.46281519310564956,-0.1891,false,0.0,0.0,5.0,2.0,2.0,-1,-1.0
2026_04_IND_WAS,00-0037809,Chig Okonkwo,WAS,IND,receptions,draftkings,3.5,3.0881765619233983,3.124826839200436,Under,-132,0.6025,0.5371848068943504,0.058939393939394014,false,0.0,0.0,5.0,2.0,2.0,1,0.7575757575757576
2026_04_IND_WAS,00-0037809,Chig Okonkwo,WAS,IND,rec_yds,fanduel,29.5,26.925448761146995,29.53703296159157,Over,-113,0.455,0.5,-0.14234513274336275,false,0.0,0.0,5.0,2.0,5.0,-1,-1.0
2026_04_IND_WAS,00-0037809,Chig Okonkwo,WAS,IND,rec_yds,fanduel,29.5,26.925448761146995,29.53703296159157,Under,-113,0.5449999999999999,0.5,0.027300884955752114,false,0.0,0.0,5.0,2.0,5.0,1,0.8849557522123894
2026_04_IND_WAS,00-0037809,Chig Okonkwo,WAS,IND,receptions,fanduel,3.5,3.0881765619233983,3.124826839200436,Over,106,0.3975,0.45420136260408783,-0.18114999999999998,false,0.0,0.0,5.0,2.0,2.0,-1,-1.0
2026_04_IND_WAS,00-0037809,Chig Okonkwo,WAS,IND,receptions,fanduel,3.5,3.0881765619233983,3.124826839200436,Under,-140,0.6025,0.5457986373959122,0.03285714285714292,false,0.0,0.0,5.0,2.0,2.0,1,0.7142857142857143
2026_04_IND_WAS,00-0037809,Chig Okonkwo,WAS,IND,rec_yds,betmgm,28.5,26.925448761146995,29.53703296159157,Over,-115,0.465,0.5,-0.1306521739130434,false,0.0,0.0,5.0,2.0,5.0,-1,-1.0
2026_04_IND_WAS,00-0037809,Chig Okonkwo,WAS,IND,rec_yds,betmgm,28.5,26.925448761146995,29.53703296159157,Under,-115,0.5349999999999999,0.5,0.0002173913043476694,false,0.0,0.0,5.0,2.0,5.0,1,0.8695652173913043
2026_04_IND_WAS,00-0037809,Chig Okonkwo,WAS,IND,receptions,betmgm,3.5,3.0881765619233983,3.124826839200436,Over,115,0.3975,0.43348916277093075,-0.14537500000000003,false,0.0,0.0,5.0,2.0,2.0,-1,-1.0
2026_04_IND_WAS,00-0037809,Chig Okonkwo,WAS,IND,receptions,betmgm,3.5,3.0881765619233983,3.124826839200436,Under,-155,0.6025,0.5665108372290693,-0.008790322580645105,false,0.0,0.0,5.0,2.0,2.0,1,0.6451612903225806
2026_04_IND_WAS,00-0037809,Chig Okonkwo,WAS,IND,rec_yds,bovada,29.5,26.925448761146995,29.53703296159157,Over,-115,0.455,0.5,-0.14934782608695646,false,0.0,0.0,5.0,2.0,5.0,-1,-1.0
2026_04_IND_WAS,00-0037809,Chig Okonkwo,WAS,IND,rec_yds,bovada,29.5,26.925448761146995,29.53703296159157,Under,-115,0.5449999999999999,0.5,0.018913043478260727,false,0.0,0.0,5.0,2.0,5.0,1,0.8695652173913043
2026_04_IND_WAS,00-0037809,Chig Okonkwo,WAS,IND,receptions,bovada,3.5,3.0881765619233983,3.124826839200436,Over,105,0.3975,0.45920859794821695,-0.18512499999999998,false,0.0,0.0,5.0,2.0,2.0,-1,-1.0
2026_04_IND_WAS,00-0037809,Chig Okonkwo,WAS,IND,receptions,bovada,3.5,3.0881765619233983,3.124826839200436,Under,-135,0.6025,0.540791402051783,0.04879629629629634,false,0.0,0.0,5.0,2.0,2.0,1,0.7407407407407407
2026_04_IND_WAS,00-0037809,Chig Okonkwo,WAS,IND,rec_yds,betonlineag,29.5,26.925448761146995,29.53703296159157,Over,-115,0.455,0.5030953363598846,-0.14934782608695646,false,0.0,0.0,5.0,2.0,5.0,-1,-1.0
2026_04_IND_WAS,00-0037809,Chig Okonkwo,WAS,IND,rec_yds,betonlineag,29.5,26.925448761146995,29.53703296159157,Under,-112,0.5449999999999999,0.49690466364011543,0.03160714285714272,false,0.0,0.0,5.0,2.0,5.0,1,0.8928571428571429
2026_04_IND_WAS,00-0037809,Chig Okonkwo,WAS,IND,receptions,betonlineag,3.5,3.0881765619233983,3.124826839200436,Over,107,0.3975,0.4537429043342889,-0.17717499999999997,false,0.0,0.0,5.0,2.0,2.0,-1,-1.0
2026_04_IND_WAS,00-0037809,Chig Okonkwo,WAS,IND,receptions,betonlineag,3.5,3.0881765619233983,3.124826839200436,Under,-139,0.6025,0.5462570956657111,0.035953237410072,false,0.0,0.0,5.0,2.0,2.0,1,0.7194244604316546
2026_04_IND_WAS,00-0037809,Chig Okonkwo,WAS,IND,rec_yds,betrivers,28.5,26.925448761146995,29.53703296159157,Over,-118,0.465,0.5050233081498151,-0.14093220338983042,false,0.0,0.0,5.0,2.0,5.0,-1,-1.0
2026_04_IND_WAS,00-0037809,Chig Okonkwo,WAS,IND,rec_yds,betrivers,28.5,26.925448761146995,29.53703296159157,Under,-113,0.5349999999999999,0.4949766918501849,0.008451327433628197,false,0.0,0.0,5.0,2.0,5.0,1,0.8849557522123894
2026_04_IND_WAS,00-0037809,Chig Okonkwo,WAS,IND,receptions,betrivers,3.5,3.0881765619233983,3.124826839200436,Over,102,0.3975,,-0.19705,false,0.0,0.0,5.0,2.0,2.0,-1,-1.0
2026_04_MIA_MIN,00-0037252,Greg Dulcich,MIA,MIN,rec_yds,draftkings,30.5,22.458161651687988,33.77464662144145,Over,-115,0.36,0.5063197809142617,-0.3269565217391305,false,0.0,0.0,0.0,0.0,0.0,-1,-1.0
2026_04_MIA_MIN,00-0037252,Greg Dulcich,MIA,MIN,rec_yds,draftkings,30.5,22.458161651687988,33.77464662144145,Under,-109,0.64,0.49368021908573834,0.22715596330275234,false,0.0,0.0,0.0,0.0,0.0,1,0.9174311926605505
2026_04_MIA_MIN,00-0037252,Greg Dulcich,MIA,MIN,receptions,draftkings,2.5,2.8192845828544946,2.950398739487147,Over,-165,0.4425,0.5877731974799719,-0.2893181818181818,false,0.0,0.0,0.0,0.0,0.0,-1,-1.0
2026_04_MIA_MIN,00-0037252,Greg Dulcich,MIA,MIN,receptions,draftkings,2.5,2.8192845828544946,2.950398739487147,Under,129,0.5575,0.4122268025200281,0.276675,false,0.0,0.0,0.0,0.0,0.0,1,1.29
2026_04_MIA_MIN,00-0037252,Greg Dulcich,MIA,MIN,rec_yds,fanduel,29.5,22.458161651687988,33.77464662144145,Over,-113,0.37,0.5,-0.3025663716814159,false,0.0,0.0,0.0,0.0,0.0,-1,-1.0
2026_04_MIA_MIN,00-0037252,Greg Dulcich,MIA,MIN,rec_yds,fanduel,29.5,22.458161651687988,33.77464662144145,Under,-113,0.63,0.5,0.1875221238938053,false,0.0,0.0,0.0,0.0,0.0,1,0.8849557522123894
2026_04_MIA_MIN,00-0037252,Greg Dulcich,MIA,MIN,receptions,fanduel,2.5,2.8192845828544946,2.950398739487147,Over,-172,0.4425,0.5904601300891351,-0.30023255813953487,false,0.0,0.0,0.0,0.0,0.0,-1,-1.0
2026_04_MIA_MIN,00-0037252,Greg Dulcich,MIA,MIN,receptions,fanduel,2.5,2.8192845828544946,2.950398739487147,Under,128,0.5575,0.4095398699108649,0.2711,false,0.0,0.0,0.0,0.0,0.0,1,1.28
2026_04_MIA_MIN,00-0037252,Greg Dulcich,MIA,MIN,rec_yds,betonlineag,29.5,22.458161651687988,33.77464662144145,Over,-114,0.37,0.5,-0.3054385964912281,false,0.0,0.0,0.0,0.0,0.0,-1,-1.0
2026_04_MIA_MIN,00-0037252,Greg Dulcich,MIA,MIN,rec_yds,betonlineag,29.5,22.458161651687988,33.77464662144145,Under,-114,0.63,0.5,0.18263157894736837,false,0.0,0.0,0.0,0.0,0.0,1,0.8771929824561403
2026_04_MIA_MIN,00-0037252,Greg Dulcich,MIA,MIN,receptions,betonlineag,2.5,2.8192845828544946,2.950398739487147,Over,-167,0.4425,0.5867448807441689,-0.2925299401197605,false,0.0,0.0,0.0,0.0,0.0,-1,-1.0
2026_04_MIA_MIN,00-0037252,Greg Dulcich,MIA,MIN,receptions,betonlineag,2.5,2.8192845828544946,2.950398739487147,Under,127,0.5575,0.41325511925583114,0.265525,false,0.0,0.0,0.0,0.0,0.0,1,1.27
2026_04_MIA_MIN,00-0037252,Greg Dulcich,MIA,MIN,rec_yds,betrivers,27.5,22.458161651687988,33.77464662144145,Over,-117,0.4075,0.5030135004821601,-0.24420940170940175,false,0.0,0.0,0.0,0.0,0.0,-1,-1.0
2026_04_MIA_MIN,00-0037252,Greg Dulcich,MIA,MIN,rec_yds,betrivers,27.5,22.458161651687988,33.77464662144145,Under,-114,0.5925,0.4969864995178399,0.11223684210526319,false,0.0,0.0,0.0,0.0,0.0,1,0.8771929824561403
2026_04_MIA_MIN,00-0037252,Greg Dulcich,MIA,MIN,receptions,betrivers,2.5,2.8192845828544946,2.950398739487147,Over,-175,0.4425,,-0.30464285714285716,false,0.0,0.0,0.0,0.0,0.0,-1,-1.0
2026_04_MIA_MIN,00-0037252,Greg Dulcich,MIA,MIN,rec_yds,betmgm,26.5,22.458161651687988,33.77464662144145,Over,-145,0.4175,0.5481788842784694,-0.2945689655172414,false,0.0,0.0,0.0,0.0,0.0,-1,-1.0
2026_04_MIA_MIN,00-0037252,Greg Dulcich,MIA,MIN,rec_yds,betmgm,26.5,22.458161651687988,33.77464662144145,Under,105,0.5825,0.4518211157215306,0.1941250000000001,false,0.0,0.0,0.0,0.0,0.0,1,1.05
2026_04_MIA_MIN,00-0037252,Greg Dulcich,MIA,MIN,receptions,betmgm,2.5,2.8192845828544946,2.950398739487147,Over,-160,0.4425,0.5751633986928104,-0.2809375,false,0.0,0.0,0.0,0.0,0.0,-1,-1.0
2026_04_MIA_MIN,00-0037252,Greg Dulcich,MIA,MIN,receptions,betmgm,2.5,2.8192845828544946,2.950398739487147,Under,120,0.5575,0.4248366013071896,0.22649999999999992,false,0.0,0.0,0.0,0.0,0.0,1,1.2
2026_04_MIA_MIN,00-0037252,Greg Dulcich,MIA,MIN,rec_yds,bovada,30.5,22.458161651687988,33.77464662144145,Over,-120,0.36,0.5101214574898786,-0.34,false,0.0,0.0,0.0,0.0,0.0,-1,-1.0
2026_04_MIA_MIN,00-0037252,Greg Dulcich,MIA,MIN,rec_yds,bovada,30.5,22.458161651687988,33.77464662144145,Under,-110,0.64,0.4898785425101214,0.2218181818181818,false,0.0,0.0,0.0,0.0,0.0,1,0.9090909090909091
2026_04_MIA_MIN,00-0037252,Greg Dulcich,MIA,MIN,receptions,bovada,2.5,2.8192845828544946,2.950398739487147,Over,-170,0.4425,0.5915279878971256,-0.29720588235294115,false,0.0,0.0,0.0,0.0,0.0,-1,-1.0
2026_04_MIA_MIN,00-0037252,Greg Dulcich,MIA,MIN,receptions,bovada,2.5,2.8192845828544946,2.950398739487147,Under,130,0.5575,0.4084720121028744,0.28225,false,0.0,0.0,0.0,0.0,0.0,1,1.3
2026_04_TEN_BAL,00-0041438,Carnell Tate,TEN,BAL,rec_yds,draftkings,44.5,45.257136370154754,42.21904471989196,Over,-115,0.5125,0.5063197809142617,-0.04184782608695664,false,0.0,0.0,145.0,9.0,145.0,1,0.8695652173913043
2026_04_TEN_BAL,00-0041438,Carnell Tate,TEN,BAL,rec_yds,draftkings,44.5,45.257136370154754,42.21904471989196,Under,-109,0.48750000000000004,0.49368021908573834,-0.06525229357798157,false,0.0,0.0,145.0,9.0,145.0,-1,-1.0
2026_04_TEN_BAL,00-0041438,Carnell Tate,TEN,BAL,receptions,draftkings,4.5,4.058325280521651,4.4549066446877434,Over,102,0.45,0.46691027202598456,-0.09100000000000003,false,0.0,0.0,145.0,9.0,9.0,1,1.02
2026_04_TEN_BAL,00-0041438,Carnell Tate,TEN,BAL,receptions,draftkings,4.5,4.058325280521651,4.4549066446877434,Under,-130,0.55,0.5330897279740154,-0.026923076923076827,false,0.0,0.0,145.0,9.0,9.0,-1,-1.0
2026_04_TEN_BAL,00-0041438,Carnell Tate,TEN,BAL,rec_yds,fanduel,43.5,45.257136370154754,42.21904471989196,Over,-113,0.525,0.5,-0.010398230088495497,false,0.0,0.0,145.0,9.0,145.0,1,0.8849557522123894
2026_04_TEN_BAL,00-0041438,Carnell Tate,TEN,BAL,rec_yds,fanduel,43.5,45.257136370154754,42.21904471989196,Under,-113,0.475,0.5,-0.10464601769911508,false,0.0,0.0,145.0,9.0,145.0,-1,-1.0
2026_04_TEN_BAL,00-0041438,Carnell Tate,TEN,BAL,receptions,fanduel,4.5,4.058325280521651,4.4549066446877434,Over,102,0.45,0.46209273182957394,-0.09100000000000003,false,0.0,0.0,145.0,9.0,9.0,1,1.02
2026_04_TEN_BAL,00-0041438,Carnell Tate,TEN,BAL,receptions,fanduel,4.5,4.058325280521651,4.4549066446877434,Under,-136,0.55,0.537907268170426,-0.04558823529411754,false,0.0,0.0,145.0,9.0,9.0,-1,-1.0
2026_04_TEN_BAL,00-0041438,Carnell Tate,TEN,BAL,rec_yds,betonlineag,43.5,45.257136370154754,42.21904471989196,Over,-114,0.525,0.5,-0.014473684210526305,false,0.0,0.0,145.0,9.0,145.0,1,0.8771929824561403
2026_04_TEN_BAL,00-0041438,Carnell Tate,TEN,BAL,rec_yds,betonlineag,43.5,45.257136370154754,42.21904471989196,Under,-114,0.475,0.5,-0.10833333333333339,false,0.0,0.0,145.0,9.0,145.0,-1,-1.0
2026_04_TEN_BAL,00-0041438,Carnell Tate,TEN,BAL,receptions,betonlineag,4.5,4.058325280521651,4.4549066446877434,Over,103,0.45,0.46322988528598974,-0.08650000000000002,false,0.0,0.0,145.0,9.0,9.0,1,1.03
2026_04_TEN_BAL,00-0041438,Carnell Tate,TEN,BAL,receptions,betonlineag,4.5,4.058325280521651,4.4549066446877434,Under,-133,0.55,0.5367701147140103,-0.03646616541353376,false,0.0,0.0,145.0,9.0,9.0,-1,-1.0
2026_04_TEN_BAL,00-0041438,Carnell Tate,TEN,BAL,rec_yds,betrivers,43.5,45.257136370154754,42.21904471989196,Over,-117,0.525,0.5030135004821601,-0.026282051282051244,false,0.0,0.0,145.0,9.0,145.0,1,0.8547008547008547
2026_04_TEN_BAL,00-0041438,Carnell Tate,TEN,BAL,rec_yds,betrivers,43.5,45.257136370154754,42.21904471989196,Under,-114,0.475,0.4969864995178399,-0.10833333333333339,false,0.0,0.0,145.0,9.0,145.0,-1,-1.0
2026_04_TEN_BAL,00-0041438,Carnell Tate,TEN,BAL,receptions,betrivers,4.5,4.058325280521651,4.4549066446877434,Over,104,0.45,,-0.08200000000000002,false,0.0,0.0,145.0,9.0,9.0,1,1.04
2026_04_TEN_BAL,00-0041438,Carnell Tate,TEN,BAL,rec_yds,betmgm,43.5,45.257136370154754,42.21904471989196,Over,-115,0.525,0.5,-0.018478260869565166,false,0.0,0.0,145.0,9.0,145.0,1,0.8695652173913043
2026_04_TEN_BAL,00-0041438,Carnell Tate,TEN,BAL,rec_yds,betmgm,43.5,45.257136370154754,42.21904471989196,Under,-115,0.475,0.5,-0.11195652173913051,false,0.0,0.0,145.0,9.0,145.0,-1,-1.0
2026_04_TEN_BAL,00-0041438,Carnell Tate,TEN,BAL,receptions,betmgm,4.5,4.058325280521651,4.4549066446877434,Over,110,0.45,0.4424778761061946,-0.05499999999999999,false,0.0,0.0,145.0,9.0,9.0,1,1.1
2026_04_TEN_BAL,00-0041438,Carnell Tate,TEN,BAL,receptions,betmgm,4.5,4.058325280521651,4.4549066446877434,Under,-150,0.55,0.5575221238938054,-0.08333333333333326,false,0.0,0.0,145.0,9.0,9.0,-1,-1.0
2026_04_TEN_BAL,00-0041438,Carnell Tate,TEN,BAL,rec_yds,bovada,44.5,45.257136370154754,42.21904471989196,Over,-120,0.5125,0.5101214574898786,-0.06041666666666673,false,0.0,0.0,145.0,9.0,145.0,1,0.8333333333333334
2026_04_TEN_BAL,00-0041438,Carnell Tate,TEN,BAL,rec_yds,bovada,44.5,45.257136370154754,42.21904471989196,Under,-110,0.48750000000000004,0.4898785425101214,-0.06931818181818172,false,0.0,0.0,145.0,9.0,145.0,-1,-1.0
2026_04_TEN_BAL,00-0041438,Carnell Tate,TEN,BAL,receptions,bovada,4.5,4.058325280521651,4.4549066446877434,Over,100,0.45,0.4693877551020408,-0.10000000000000003,false,0.0,0.0,145.0,9.0,9.0,1,1.0
2026_04_TEN_BAL,00-0041438,Carnell Tate,TEN,BAL,receptions,bovada,4.5,4.058325280521651,4.4549066446877434,Under,-130,0.55,0.5306122448979592,-0.026923076923076827,false,0.0,0.0,145.0,9.0,9.0,-1,-1.0
2026_04_MIA_MIN,00-0035229,T.J. Hockenson,MIN,MIA,rec_yds,draftkings,38.5,32.81216649181468,27.91283038404964,Over,-114,0.43,0.5042122999157539,-0.19280701754385976,true,0.0,0.0,119.0,13.0,119.0,1,0.8771929824561403
2026_04_MIA_MIN,00-0035229,T.J. Hockenson,MIN,MIA,rec_yds,draftkings,38.5,32.81216649181468,27.91283038404964,Under,-110,0.5700000000000001,0.4957877000842461,0.08818181818181825,true,0.0,0.0,119.0,13.0,119.0,-1,-1.0
2026_04_MIA_MIN,00-0035229,T.J. Hockenson,MIN,MIA,receptions,draftkings,4.5,3.009631002833431,3.0921285410977917,Over,106,0.24,0.45722256664600125,-0.5056,true,0.0,0.0,119.0,13.0,13.0,1,1.06
2026_04_MIA_MIN,00-0035229,T.J. Hockenson,MIN,MIA,receptions,draftkings,4.5,3.009631002833431,3.0921285410977917,Under,-136,0.76,0.5427774333539988,0.31882352941176473,true,0.0,0.0,119.0,13.0,13.0,-1,-1.0
2026_04_MIA_MIN,00-0035229,T.J. Hockenson,MIN,MIA,rec_yds,fanduel,38.5,32.81216649181468,27.91283038404964,Over,-113,0.43,0.5,-0.1894690265486726,true,0.0,0.0,119.0,13.0,119.0,1,0.8849557522123894
2026_04_MIA_MIN,00-0035229,T.J. Hockenson,MIN,MIA,rec_yds,fanduel,38.5,32.81216649181468,27.91283038404964,Under,-113,0.5700000000000001,0.5,0.07442477876106213,true,0.0,0.0,119.0,13.0,119.0,-1,-1.0
2026_04_MIA_MIN,00-0035229,T.J. Hockenson,MIN,MIA,receptions,fanduel,4.5,3.009631002833431,3.0921285410977917,Over,-102,0.24,0.4718423169750603,-0.5247058823529412,true,0.0,0.0,119.0,13.0,13.0,1,0.9803921568627451
2026_04_MIA_MIN,00-0035229,T.J. Hockenson,MIN,MIA,receptions,fanduel,4.5,3.009631002833431,3.0921285410977917,Under,-130,0.76,0.5281576830249397,0.34461538461538466,true,0.0,0.0,119.0,13.0,13.0,-1,-1.0
2026_04_MIA_MIN,00-0035229,T.J. Hockenson,MIN,MIA,rec_yds,betonlineag,38.5,32.81216649181468,27.91283038404964,Over,-116,0.43,0.5051597457277305,-0.1993103448275863,true,0.0,0.0,119.0,13.0,119.0,1,0.8620689655172413
2026_04_MIA_MIN,00-0035229,T.J. Hockenson,MIN,MIA,rec_yds,betonlineag,38.5,32.81216649181468,27.91283038404964,Under,-111,0.5700000000000001,0.4948402542722695,0.08351351351351366,true,0.0,0.0,119.0,13.0,119.0,-1,-1.0
2026_04_MIA_MIN,00-0035229,T.J. Hockenson,MIN,MIA,receptions,betonlineag,4.5,3.009631002833431,3.0921285410977917,Over,109,0.24,0.4498870615467902,-0.4984,true,0.0,0.0,119.0,13.0,13.0,1,1.09
2026_04_MIA_MIN,00-0035229,T.J. Hockenson,MIN,MIA,receptions,betonlineag,4.5,3.009631002833431,3.0921285410977917,Under,-141,0.76,0.5501129384532097,0.29900709219858157,true,0.0,0.0,119.0,13.0,13.0,-1,-1.0
2026_04_MIA_MIN,00-0035229,T.J. Hockenson,MIN,MIA,rec_yds,betrivers,37.5,32.81216649181468,27.91283038404964,Over,-118,0.4375,0.5050233081498151,-0.1917372881355932,true,0.0,0.0,119.0,13.0,119.0,1,0.847457627118644
2026_04_MIA_MIN,00-0035229,T.J. Hockenson,MIN,MIA,rec_yds,betrivers,37.5,32.81216649181468,27.91283038404964,Under,-113,0.5625,0.4949766918501849,0.06028761061946908,true,0.0,0.0,119.0,13.0,119.0,-1,-1.0
2026_04_MIA_MIN,00-0035229,T.J. Hockenson,MIN,MIA,receptions,betrivers,4.5,3.009631002833431,3.0921285410977917,Over,100,0.24,,-0.52,true,0.0,0.0,119.0,13.0,13.0,1,1.0
2026_04_MIA_MIN,00-0035229,T.J. Hockenson,MIN,MIA,rec_yds,betmgm,37.5,32.81216649181468,27.91283038404964,Over,-115,0.4375,0.5,-0.18206521739130438,true,0.0,0.0,119.0,13.0,119.0,1,0.8695652173913043
2026_04_MIA_MIN,00-0035229,T.J. Hockenson,MIN,MIA,rec_yds,betmgm,37.5,32.81216649181468,27.91283038404964,Under,-115,0.5625,0.5,0.0516304347826087,true,0.0,0.0,119.0,13.0,119.0,-1,-1.0
2026_04_MIA_MIN,00-0035229,T.J. Hockenson,MIN,MIA,receptions,betmgm,4.5,3.009631002833431,3.0921285410977917,Over,105,0.24,0.4554079696394688,-0.508,true,0.0,0.0,119.0,13.0,13.0,1,1.05
2026_04_MIA_MIN,00-0035229,T.J. Hockenson,MIN,MIA,receptions,betmgm,4.5,3.009631002833431,3.0921285410977917,Under,-140,0.76,0.5445920303605312,0.30285714285714294,true,0.0,0.0,119.0,13.0,13.0,-1,-1.0
2026_04_MIA_MIN,00-0035229,T.J. Hockenson,MIN,MIA,rec_yds,bovada,38.5,32.81216649181468,27.91283038404964,Over,-115,0.43,0.5,-0.1960869565217392,true,0.0,0.0,119.0,13.0,119.0,1,0.8695652173913043
2026_04_MIA_MIN,00-0035229,T.J. Hockenson,MIN,MIA,rec_yds,bovada,38.5,32.81216649181468,27.91283038404964,Under,-115,0.5700000000000001,0.5,0.06565217391304357,true,0.0,0.0,119.0,13.0,119.0,-1,-1.0
2026_04_MIA_MIN,00-0035229,T.J. Hockenson,MIN,MIA,receptions,bovada,4.5,3.009631002833431,3.0921285410977917,Over,105,0.24,0.45920859794821695,-0.508,true,0.0,0.0,119.0,13.0,13.0,1,1.05
2026_04_MIA_MIN,00-0035229,T.J. Hockenson,MIN,MIA,receptions,bovada,4.5,3.009631002833431,3.0921285410977917,Under,-135,0.76,0.540791402051783,0.3229629629629629,true,0.0,0.0,119.0,13.0,13.0,-1,-1.0
2026_04_LA_PHI,00-0031381,Davante Adams,LA,PHI,rec_yds,draftkings,66.5,54.720203917754006,85.54099178107808,Over,-114,0.365,0.5042122999157539,-0.3148245614035088,false,0.0,0.0,32.0,4.0,32.0,-1,-1.0
2026_04_LA_PHI,00-0031381,Davante Adams,LA,PHI,rec_yds,draftkings,66.5,54.720203917754006,85.54099178107808,Under,-110,0.635,0.4957877000842461,0.21227272727272728,false,0.0,0.0,32.0,4.0,32.0,1,0.9090909090909091
2026_04_LA_PHI,00-0031381,Davante Adams,LA,PHI,receptions,draftkings,4.5,4.294284430337185,4.931352216647879,Over,-139,0.5075,0.5486393080395082,-0.12739208633093535,false,0.0,0.0,32.0,4.0,4.0,-1,-1.0
2026_04_LA_PHI,00-0031381,Davante Adams,LA,PHI,receptions,draftkings,4.5,4.294284430337185,4.931352216647879,Under,109,0.49250000000000005,0.4513606919604918,0.029325000000000156,false,0.0,0.0,32.0,4.0,4.0,1,1.09
2026_04_LA_PHI,00-0031381,Davante Adams,LA,PHI,rec_yds,fanduel,68.5,54.720203917754006,85.54099178107808,Over,-113,0.3525,0.5,-0.3355530973451327,false,0.0,0.0,32.0,4.0,32.0,-1,-1.0
2026_04_LA_PHI,00-0031381,Davante Adams,LA,PHI,rec_yds,fanduel,68.5,54.720203917754006,85.54099178107808,Under,-113,0.6475,0.5,0.22050884955752204,false,0.0,0.0,32.0,4.0,32.0,1,0.8849557522123894
2026_04_LA_PHI,00-0031381,Davante Adams,LA,PHI,receptions,fanduel,4.5,4.294284430337185,4.931352216647879,Over,-148,0.5075,0.5585303332383936,-0.14959459459459468,false,0.0,0.0,32.0,4.0,4.0,-1,-1.0
2026_04_LA_PHI,00-0031381,Davante Adams,LA,PHI,receptions,fanduel,4.5,4.294284430337185,4.931352216647879,Under,112,0.49250000000000005,0.44146966676160637,0.04410000000000014,false,0.0,0.0,32.0,4.0,4.0,1,1.12
2026_04_LA_PHI,00-0031381,Davante Adams,LA,PHI,rec_yds,betonlineag,66.5,54.720203917754006,85.54099178107808,Over,-115,0.365,0.5030953363598846,-0.3176086956521739,false,0.0,0.0,32.0,4.0,32.0,-1,-1.0
2026_04_LA_PHI,00-0031381,Davante Adams,LA,PHI,rec_yds,betonlineag,66.5,54.720203917754006,85.54099178107808,Under,-112,0.635,0.49690466364011543,0.2019642857142857,false,0.0,0.0,32.0,4.0,32.0,1,0.8928571428571429
2026_04_LA_PHI,00-0031381,Davante Adams,LA,PHI,receptions,betonlineag,4.5,4.294284430337185,4.931352216647879,Over,-133,0.5075,0.5367701147140101,-0.11092105263157903,false,0.0,0.0,32.0,4.0,4.0,-1,-1.0
2026_04_LA_PHI,00-0031381,Davante Adams,LA,PHI,receptions,betonlineag,4.5,4.294284430337185,4.931352216647879,Under,103,0.49250000000000005,0.46322988528598985,-0.0002249999999999197,false,0.0,0.0,32.0,4.0,4.0,1,1.03
2026_04_LA_PHI,00-0031381,Davante Adams,LA,PHI,rec_yds,betrivers,67.5,54.720203917754006,85.54099178107808,Over,-115,0.3625,0.5010179153094463,-0.3222826086956522,false,0.0,0.0,32.0,4.0,32.0,-1,-1.0
2026_04_LA_PHI,00-0031381,Davante Adams,LA,PHI,rec_yds,betrivers,67.5,54.720203917754006,85.54099178107808,Under,-114,0.6375,0.4989820846905537,0.19671052631578934,false,0.0,0.0,32.0,4.0,32.0,1,0.8771929824561403
2026_04_LA_PHI,00-0031381,Davante Adams,LA,PHI,receptions,betrivers,4.5,4.294284430337185,4.931352216647879,Over,-137,0.5075,,-0.12206204379562052,false,0.0,0.0,32.0,4.0,4.0,-1,-1.0
2026_04_LA_PHI,00-0031381,Davante Adams,LA,PHI,rec_yds,betmgm,64.5,54.720203917754006,85.54099178107808,Over,-115,0.3825,0.5,-0.284891304347826,false,0.0,0.0,32.0,4.0,32.0,-1,-1.0
2026_04_LA_PHI,00-0031381,Davante Adams,LA,PHI,rec_yds,betmgm,64.5,54.720203917754006,85.54099178107808,Under,-115,0.6174999999999999,0.5,0.15445652173913027,false,0.0,0.0,32.0,4.0,32.0,1,0.8695652173913043
2026_04_LA_PHI,00-0031381,Davante Adams,LA,PHI,receptions,betmgm,4.5,4.294284430337185,4.931352216647879,Over,-130,0.5075,0.5246062992125985,-0.10211538461538466,false,0.0,0.0,32.0,4.0,4.0,-1,-1.0
2026_04_LA_PHI,00-0031381,Davante Adams,LA,PHI,receptions,betmgm,4.5,4.294284430337185,4.931352216647879,Under,-105,0.49250000000000005,0.4753937007874015,-0.038452380952380905,false,0.0,0.0,32.0,4.0,4.0,1,0.9523809523809523
2026_04_LA_PHI,00-0031381,Davante Adams,LA,PHI,rec_yds,bovada,66.5,54.720203917754006,85.54099178107808,Over,-115,0.365,0.5,-0.3176086956521739,false,0.0,0.0,32.0,4.0,32.0,-1,-1.0
2026_04_LA_PHI,00-0031381,Davante Adams,LA,PHI,rec_yds,bovada,66.5,54.720203917754006,85.54099178107808,Under,-115,0.635,0.5,0.1871739130434783,false,0.0,0.0,32.0,4.0,32.0,1,0.8695652173913043
2026_04_LA_PHI,00-0031381,Davante Adams,LA,PHI,receptions,bovada,4.5,4.294284430337185,4.931352216647879,Over,-145,0.5075,0.554140127388535,-0.14250000000000007,false,0.0,0.0,32.0,4.0,4.0,-1,-1.0
2026_04_LA_PHI,00-0031381,Davante Adams,LA,PHI,receptions,bovada,4.5,4.294284430337185,4.931352216647879,Under,110,0.49250000000000005,0.445859872611465,0.034250000000000114,false,0.0,0.0,32.0,4.0,4.0,1,1.1
2026_04_IND_WAS,00-0035710,Daniel Jones,IND,WAS,pass_yds,draftkings,219.5,202.71751364596577,208.7675233128753,Over,-111,0.4125,0.4978941161605526,-0.21587837837837842,false,143.0,2.0,0.0,0.0,143.0,-1,-1.0
2026_04_IND_WAS,00-0035710,Daniel Jones,IND,WAS,pass_yds,draftkings,219.5,202.71751364596577,208.7675233128753,Under,-113,0.5875,0.5021058838394474,0.10741150442477887,false,143.0,2.0,0.0,0.0,143.0,1,0.8849557522123894
2026_04_IND_WAS,00-0035710,Daniel Jones,IND,WAS,pass_yds,fanduel,219.5,202.71751364596577,208.7675233128753,Over,-113,0.4125,0.5,-0.2224557522123894,false,143.0,2.0,0.0,0.0,143.0,-1,-1.0
2026_04_IND_WAS,00-0035710,Daniel Jones,IND,WAS,pass_yds,fanduel,219.5,202.71751364596577,208.7675233128753,Under,-113,0.5875,0.5,0.10741150442477887,false,143.0,2.0,0.0,0.0,143.0,1,0.8849557522123894
2026_04_IND_WAS,00-0035710,Daniel Jones,IND,WAS,pass_yds,betmgm,218.5,202.71751364596577,208.7675233128753,Over,-140,0.42,0.5445920303605313,-0.2800000000000001,false,143.0,2.0,0.0,0.0,143.0,-1,-1.0
2026_04_IND_WAS,00-0035710,Daniel Jones,IND,WAS,pass_yds,betmgm,218.5,202.71751364596577,208.7675233128753,Under,105,0.5800000000000001,0.4554079696394687,0.18900000000000017,false,143.0,2.0,0.0,0.0,143.0,1,1.05
2026_04_IND_WAS,00-0035710,Daniel Jones,IND,WAS,pass_yds,bovada,219.5,202.71751364596577,208.7675233128753,Over,-115,0.4125,0.5,-0.228804347826087,false,143.0,2.0,0.0,0.0,143.0,-1,-1.0
2026_04_IND_WAS,00-0035710,Daniel Jones,IND,WAS,pass_yds,bovada,219.5,202.71751364596577,208.7675233128753,Under,-115,0.5875,0.5,0.09836956521739137,false,143.0,2.0,0.0,0.0,143.0,1,0.8695652173913043
2026_04_IND_WAS,00-0035710,Daniel Jones,IND,WAS,pass_yds,betonlineag,219.5,202.71751364596577,208.7675233128753,Over,-119,0.4125,0.5102580936358786,-0.24086134453781516,false,143.0,2.0,0.0,0.0,143.0,-1,-1.0
2026_04_IND_WAS,00-0035710,Daniel Jones,IND,WAS,pass_yds,betonlineag,219.5,202.71751364596577,208.7675233128753,Under,-109,0.5875,0.4897419063641214,0.12649082568807346,false,143.0,2.0,0.0,0.0,143.0,1,0.9174311926605505
2026_04_IND_WAS,00-0035710,Daniel Jones,IND,WAS,pass_yds,betrivers,220.5,202.71751364596577,208.7675233128753,Over,-115,0.4025,0.5,-0.2474999999999999,false,143.0,2.0,0.0,0.0,143.0,-1,-1.0
2026_04_IND_WAS,00-0035710,Daniel Jones,IND,WAS,pass_yds,betrivers,220.5,202.71751364596577,208.7675233128753,Under,-115,0.5974999999999999,0.5,0.11706521739130415,false,143.0,2.0,0.0,0.0,143.0,1,0.8695652173913043
2026_04_NYJ_CHI,00-0030565,Geno Smith,NYJ,CHI,pass_yds,draftkings,227.5,238.19935645093625,222.7330845953512,Over,-112,0.515,0.5,-0.025178571428571384,false,119.0,0.0,0.0,0.0,119.0,-1,-1.0
2026_04_NYJ_CHI,00-0030565,Geno Smith,NYJ,CHI,pass_yds,draftkings,227.5,238.19935645093625,222.7330845953512,Under,-112,0.485,0.5,-0.08196428571428571,false,119.0,0.0,0.0,0.0,119.0,1,0.8928571428571429
2026_04_NYJ_CHI,00-0030565,Geno Smith,NYJ,CHI,pass_yds,fanduel,227.5,238.19935645093625,222.7330845953512,Over,-113,0.515,0.5,-0.029247787610619413,false,119.0,0.0,0.0,0.0,119.0,-1,-1.0
2026_04_NYJ_CHI,00-0030565,Geno Smith,NYJ,CHI,pass_yds,fanduel,227.5,238.19935645093625,222.7330845953512,Under,-113,0.485,0.5,-0.08579646017699116,false,119.0,0.0,0.0,0.0,119.0,1,0.8849557522123894
2026_04_NYJ_CHI,00-0030565,Geno Smith,NYJ,CHI,pass_yds,betonlineag,227.5,238.19935645093625,222.7330845953512,Over,-115,0.515,0.5030953363598846,-0.037173913043478224,false,119.0,0.0,0.0,0.0,119.0,-1,-1.0
2026_04_NYJ_CHI,00-0030565,Geno Smith,NYJ,CHI,pass_yds,betonlineag,227.5,238.19935645093625,222.7330845953512,Under,-112,0.485,0.49690466364011543,-0.08196428571428571,false,119.0,0.0,0.0,0.0,119.0,1,0.8928571428571429
2026_04_NYJ_CHI,00-0030565,Geno Smith,NYJ,CHI,pass_yds,betrivers,225.5,238.19935645093625,222.7330845953512,Over,-115,0.5275,0.5,-0.013804347826087027,false,119.0,0.0,0.0,0.0,119.0,-1,-1.0
2026_04_NYJ_CHI,00-0030565,Geno Smith,NYJ,CHI,pass_yds,betrivers,225.5,238.19935645093625,222.7330845953512,Under,-115,0.47250000000000003,0.5,-0.11663043478260865,false,119.0,0.0,0.0,0.0,119.0,1,0.8695652173913043
2026_04_NYJ_CHI,00-0030565,Geno Smith,NYJ,CHI,pass_yds,betmgm,223.5,238.19935645093625,222.7330845953512,Over,-115,0.535,0.5,0.00021739130434789145,false,119.0,0.0,0.0,0.0,119.0,-1,-1.0
2026_04_NYJ_CHI,00-0030565,Geno Smith,NYJ,CHI,pass_yds,betmgm,223.5,238.19935645093625,222.7330845953512,Under,-115,0.46499999999999997,0.5,-0.13065217391304357,false,119.0,0.0,0.0,0.0,119.0,1,0.8695652173913043
2026_04_NYJ_CHI,00-0030565,Geno Smith,NYJ,CHI,pass_yds,bovada,227.5,238.19935645093625,222.7330845953512,Over,-115,0.515,0.5,-0.037173913043478224,false,119.0,0.0,0.0,0.0,119.0,-1,-1.0
2026_04_NYJ_CHI,00-0030565,Geno Smith,NYJ,CHI,pass_yds,bovada,227.5,238.19935645093625,222.7330845953512,Under,-115,0.485,0.5,-0.09326086956521745,false,119.0,0.0,0.0,0.0,119.0,1,0.8695652173913043
2026_04_DAL_HOU,00-0038041,Jake Ferguson,DAL,HOU,rec_yds,draftkings,24.5,17.911655111524233,25.271365995391307,Over,-110,0.3575,0.495787700084246,-0.3175000000000001,false,0.0,0.0,11.0,3.0,11.0,-1,-1.0
2026_04_DAL_HOU,00-0038041,Jake Ferguson,DAL,HOU,rec_yds,draftkings,24.5,17.911655111524233,25.271365995391307,Under,-114,0.6425000000000001,0.504212299915754,0.20609649122807028,false,0.0,0.0,11.0,3.0,11.0,1,0.8771929824561403
2026_04_DAL_HOU,00-0038041,Jake Ferguson,DAL,HOU,receptions,draftkings,3.5,2.8432009691171616,3.1888223184794438,Over,-108,0.27,0.48960239560805185,-0.48,false,0.0,0.0,11.0,3.0,3.0,-1,-1.0
2026_04_DAL_HOU,00-0038041,Jake Ferguson,DAL,HOU,receptions,draftkings,3.5,2.8432009691171616,3.1888223184794438,Under,-118,0.73,0.5103976043919481,0.34864406779661006,false,0.0,0.0,11.0,3.0,3.0,1,0.847457627118644
2026_04_DAL_HOU,00-0038041,Jake Ferguson,DAL,HOU,rec_yds,fanduel,23.5,17.911655111524233,25.271365995391307,Over,-113,0.375,0.5,-0.29314159292035397,false,0.0,0.0,11.0,3.0,11.0,-1,-1.0
2026_04_DAL_HOU,00-0038041,Jake Ferguson,DAL,HOU,rec_yds,fanduel,23.5,17.911655111524233,25.271365995391307,Under,-113,0.625,0.5,0.17809734513274345,false,0.0,0.0,11.0,3.0,11.0,1,0.8849557522123894
2026_04_DAL_HOU,00-0038041,Jake Ferguson,DAL,HOU,receptions,fanduel,3.5,2.8432009691171616,3.1888223184794438,Over,100,0.27,0.4677419354838709,-0.45999999999999996,false,0.0,0.0,11.0,3.0,3.0,-1,-1.0
2026_04_DAL_HOU,00-0038041,Jake Ferguson,DAL,HOU,receptions,fanduel,3.5,2.8432009691171616,3.1888223184794438,Under,-132,0.73,0.5322580645161291,0.28303030303030297,false,0.0,0.0,11.0,3.0,3.0,1,0.7575757575757576
2026_04_DAL_HOU,00-0038041,Jake Ferguson,DAL,HOU,rec_yds,betonlineag,24.5,17.911655111524233,25.271365995391307,Over,-114,0.3575,0.5,-0.3289035087719299,false,0.0,0.0,11.0,3.0,11.0,-1,-1.0
2026_04_DAL_HOU,00-0038041,Jake Ferguson,DAL,HOU,rec_yds,betonlineag,24.5,17.911655111524233,25.271365995391307,Under,-114,0.6425000000000001,0.5,0.20609649122807028,false,0.0,0.0,11.0,3.0,11.0,1,0.8771929824561403
2026_04_DAL_HOU,00-0038041,Jake Ferguson,DAL,HOU,receptions,betonlineag,3.5,2.8432009691171616,3.1888223184794438,Over,-103,0.27,0.4773429454170958,-0.4678640776699029,false,0.0,0.0,11.0,3.0,3.0,-1,-1.0
2026_04_DAL_HOU,00-0038041,Jake Ferguson,DAL,HOU,receptions,betonlineag,3.5,2.8432009691171616,3.1888223184794438,Under,-125,0.73,0.5226570545829041,0.31399999999999995,false,0.0,0.0,11.0,3.0,3.0,1,0.8
2026_04_DAL_HOU,00-0038041,Jake Ferguson,DAL,HOU,rec_yds,betrivers,25.5,17.911655111524233,25.271365995391307,Over,-110,0.3475,0.48893805309734506,-0.3365909090909092,false,0.0,0.0,11.0,3.0,11.0,-1,-1.0
2026_04_DAL_HOU,00-0038041,Jake Ferguson,DAL,HOU,rec_yds,betrivers,25.5,17.911655111524233,25.271365995391307,Under,-121,0.6525000000000001,0.5110619469026549,0.19175619834710755,false,0.0,0.0,11.0,3.0,11.0,1,0.8264462809917356
2026_04_DAL_HOU,00-0038041,Jake Ferguson,DAL,HOU,receptions,betrivers,3.5,2.8432009691171616,3.1888223184794438,Over,102,0.27,,-0.45459999999999995,false,0.0,0.0,11.0,3.0,3.0,-1,-1.0
2026_04_DAL_HOU,00-0038041,Jake Ferguson,DAL,HOU,rec_yds,betmgm,25.5,17.911655111524233,25.271365995391307,Over,-115,0.3475,0.5,-0.35032608695652184,false,0.0,0.0,11.0,3.0,11.0,-1,-1.0
2026_04_DAL_HOU,00-0038041,Jake Ferguson,DAL,HOU,rec_yds,betmgm,25.5,17.911655111524233,25.271365995391307,Under,-115,0.6525000000000001,0.5,0.21989130434782622,false,0.0,0.0,11.0,3.0,11.0,1,0.8695652173913043
2026_04_DAL_HOU,00-0038041,Jake Ferguson,DAL,HOU,receptions,betmgm,3.5,2.8432009691171616,3.1888223184794438,Over,110,0.27,0.4424778761061946,-0.43299999999999994,false,0.0,0.0,11.0,3.0,3.0,-1,-1.0
2026_04_DAL_HOU,00-0038041,Jake Ferguson,DAL,HOU,receptions,betmgm,3.5,2.8432009691171616,3.1888223184794438,Under,-150,0.73,0.5575221238938054,0.21666666666666662,false,0.0,0.0,11.0,3.0,3.0,1,0.6666666666666666
2026_04_DAL_HOU,00-0038041,Jake Ferguson,DAL,HOU,rec_yds,bovada,24.5,17.911655111524233,25.271365995391307,Over,-115,0.3575,0.5,-0.3316304347826088,false,0.0,0.0,11.0,3.0,11.0,-1,-1.0
2026_04_DAL_HOU,00-0038041,Jake Ferguson,DAL,HOU,rec_yds,bovada,24.5,17.911655111524233,25.271365995391307,Under,-115,0.6425000000000001,0.5,0.2011956521739131,false,0.0,0.0,11.0,3.0,11.0,1,0.8695652173913043
2026_04_DAL_HOU,00-0038041,Jake Ferguson,DAL,HOU,receptions,bovada,3.5,2.8432009691171616,3.1888223184794438,Over,-110,0.27,0.48987854251012153,-0.4845454545454545,false,0.0,0.0,11.0,3.0,3.0,-1,-1.0
2026_04_DAL_HOU,00-0038041,Jake Ferguson,DAL,HOU,receptions,bovada,3.5,2.8432009691171616,3.1888223184794438,Under,-120,0.73,0.5101214574898785,0.3383333333333334,false,0.0,0.0,11.0,3.0,3.0,1,0.8333333333333334
2026_04_NYJ_CHI,00-0036275,D'Andre Swift,CHI,NYJ,rush_yds,draftkings,65.5,60.192425372442855,72.07184152257493,Over,-109,0.4525,0.4936802190857383,-0.1323623853211009,false,0.0,58.0,16.0,2.0,58.0,-1,-1.0
2026_04_NYJ_CHI,00-0036275,D'Andre Swift,CHI,NYJ,rush_yds,draftkings,65.5,60.192425372442855,72.07184152257493,Under,-115,0.5475,0.5063197809142617,0.02358695652173909,false,0.0,58.0,16.0,2.0,58.0,1,0.8695652173913043
2026_04_NYJ_CHI,00-0036275,D'Andre Swift,CHI,NYJ,rush_yds,fanduel,63.5,60.192425372442855,72.07184152257493,Over,-113,0.485,0.5,-0.08579646017699116,false,0.0,58.0,16.0,2.0,58.0,-1,-1.0
2026_04_NYJ_CHI,00-0036275,D'Andre Swift,CHI,NYJ,rush_yds,fanduel,63.5,60.192425372442855,72.07184152257493,Under,-113,0.515,0.5,-0.029247787610619413,false,0.0,58.0,16.0,2.0,58.0,1,0.8849557522123894
2026_04_NYJ_CHI,00-0036275,D'Andre Swift,CHI,NYJ,rush_yds,betonlineag,63.5,60.192425372442855,72.07184152257493,Over,-118,0.485,0.5082034454470877,-0.10398305084745768,false,0.0,58.0,16.0,2.0,58.0,-1,-1.0
2026_04_NYJ_CHI,00-0036275,D'Andre Swift,CHI,NYJ,rush_yds,betonlineag,63.5,60.192425372442855,72.07184152257493,Under,-110,0.515,0.49179655455291227,-0.016818181818181788,false,0.0,58.0,16.0,2.0,58.0,1,0.9090909090909091
2026_04_NYJ_CHI,00-0036275,D'Andre Swift,CHI,NYJ,rush_yds,betrivers,63.5,60.192425372442855,72.07184152257493,Over,-115,0.485,0.5,-0.09326086956521745,false,0.0,58.0,16.0,2.0,58.0,-1,-1.0
2026_04_NYJ_CHI,00-0036275,D'Andre Swift,CHI,NYJ,rush_yds,betrivers,63.5,60.192425372442855,72.07184152257493,Under,-115,0.515,0.5,-0.037173913043478224,false,0.0,58.0,16.0,2.0,58.0,1,0.8695652173913043
2026_04_NYJ_CHI,00-0036275,D'Andre Swift,CHI,NYJ,rush_yds,betmgm,61.5,60.192425372442855,72.07184152257493,Over,-115,0.5025,0.5,-0.0605434782608697,false,0.0,58.0,16.0,2.0,58.0,-1,-1.0
2026_04_NYJ_CHI,00-0036275,D'Andre Swift,CHI,NYJ,rush_yds,betmgm,61.5,60.192425372442855,72.07184152257493,Under,-115,0.49750000000000005,0.5,-0.06989130434782598,false,0.0,58.0,16.0,2.0,58.0,1,0.8695652173913043
2026_04_NYJ_CHI,00-0036275,D'Andre Swift,CHI,NYJ,rush_yds,bovada,65.5,60.192425372442855,72.07184152257493,Over,-110,0.4525,0.48987854251012153,-0.1361363636363636,false,0.0,58.0,16.0,2.0,58.0,-1,-1.0
2026_04_NYJ_CHI,00-0036275,D'Andre Swift,CHI,NYJ,rush_yds,bovada,65.5,60.192425372442855,72.07184152257493,Under,-120,0.5475,0.5101214574898785,0.0037499999999999756,false,0.0,58.0,16.0,2.0,58.0,1,0.8333333333333334
2026_04_LA_PHI,00-0030061,Zach Ertz,PHI,LA,rec_yds,draftkings,22.5,37.519033145606244,37.8010084083475,Over,-109,0.675,0.4936802190857383,0.29426605504587167,true,0.0,0.0,13.0,2.0,13.0,-1,-1.0
2026_04_LA_PHI,00-0030061,Zach Ertz,PHI,LA,rec_yds,draftkings,22.5,37.519033145606244,37.8010084083475,Under,-115,0.32499999999999996,0.5063197809142617,-0.39239130434782615,true,0.0,0.0,13.0,2.0,13.0,1,0.8695652173913043
2026_04_LA_PHI,00-0030061,Zach Ertz,PHI,LA,receptions,draftkings,2.5,3.264879520364314,3.7273123722561796,Over,-108,0.6325,0.48960239560805185,0.2181481481481481,true,0.0,0.0,13.0,2.0,2.0,-1,-1.0
2026_04_LA_PHI,00-0030061,Zach Ertz,PHI,LA,receptions,draftkings,2.5,3.264879520364314,3.7273123722561796,Under,-118,0.36750000000000005,0.5103976043919481,-0.32105932203389825,true,0.0,0.0,13.0,2.0,2.0,1,0.847457627118644
2026_04_LA_PHI,00-0030061,Zach Ertz,PHI,LA,rec_yds,fanduel,21.5,37.519033145606244,37.8010084083475,Over,-113,0.68,0.5,0.2817699115044249,true,0.0,0.0,13.0,2.0,13.0,-1,-1.0
2026_04_LA_PHI,00-0030061,Zach Ertz,PHI,LA,rec_yds,fanduel,21.5,37.519033145606244,37.8010084083475,Under,-113,0.31999999999999995,0.5,-0.39681415929203545,true,0.0,0.0,13.0,2.0,13.0,1,0.8849557522123894
2026_04_LA_PHI,00-0030061,Zach Ertz,PHI,LA,receptions,fanduel,2.5,3.264879520364314,3.7273123722561796,Over,106,0.6325,0.45420136260408783,0.30294999999999994,true,0.0,0.0,13.0,2.0,2.0,-1,-1.0
2026_04_LA_PHI,00-0030061,Zach Ertz,PHI,LA,receptions,fanduel,2.5,3.264879520364314,3.7273123722561796,Under,-140,0.36750000000000005,0.5457986373959122,-0.3699999999999999,true,0.0,0.0,13.0,2.0,2.0,1,0.7142857142857143
2026_04_LA_PHI,00-0030061,Zach Ertz,PHI,LA,rec_yds,betonlineag,20.5,37.519033145606244,37.8010084083475,Over,-114,0.6925,0.5,0.29995614035087714,true,0.0,0.0,13.0,2.0,13.0,-1,-1.0
2026_04_LA_PHI,00-0030061,Zach Ertz,PHI,LA,rec_yds,betonlineag,20.5,37.519033145606244,37.8010084083475,Under,-114,0.3075,0.5,-0.42276315789473684,true,0.0,0.0,13.0,2.0,13.0,1,0.8771929824561403
2026_04_LA_PHI,00-0030061,Zach Ertz,PHI,LA,receptions,betonlineag,2.5,3.264879520364314,3.7273123722561796,Over,-105,0.6325,0.48149290561381863,0.2348809523809523,true,0.0,0.0,13.0,2.0,2.0,-1,-1.0
2026_04_LA_PHI,00-0030061,Zach Ertz,PHI,LA,receptions,betonlineag,2.5,3.264879520364314,3.7273123722561796,Under,-123,0.36750000000000005,0.5185070943861814,-0.33371951219512186,true,0.0,0.0,13.0,2.0,2.0,1,0.8130081300813008
2026_04_LA_PHI,00-0030061,Zach Ertz,PHI,LA,rec_yds,betrivers,19.5,37.519033145606244,37.8010084083475,Over,-113,0.7125,0.4949766918501849,0.3430309734513275,true,0.0,0.0,13.0,2.0,13.0,-1,-1.0
2026_04_LA_PHI,00-0030061,Zach Ertz,PHI,LA,rec_yds,betrivers,19.5,37.519033145606244,37.8010084083475,Under,-118,0.2875,0.5050233081498151,-0.4688559322033899,true,0.0,0.0,13.0,2.0,13.0,1,0.847457627118644
2026_04_LA_PHI,00-0030061,Zach Ertz,PHI,LA,receptions,betrivers,2.5,3.264879520364314,3.7273123722561796,Over,106,0.6325,,0.30294999999999994,true,0.0,0.0,13.0,2.0,2.0,-1,-1.0
2026_04_LA_PHI,00-0030061,Zach Ertz,PHI,LA,rec_yds,betmgm,19.5,37.519033145606244,37.8010084083475,Over,-120,0.7125,0.5101214574898786,0.30625,true,0.0,0.0,13.0,2.0,13.0,-1,-1.0
2026_04_LA_PHI,00-0030061,Zach Ertz,PHI,LA,rec_yds,betmgm,19.5,37.519033145606244,37.8010084083475,Under,-110,0.2875,0.4898785425101214,-0.45113636363636367,true,0.0,0.0,13.0,2.0,13.0,1,0.9090909090909091
2026_04_LA_PHI,00-0030061,Zach Ertz,PHI,LA,receptions,betmgm,2.5,3.264879520364314,3.7273123722561796,Over,-105,0.6325,0.4796954314720812,0.2348809523809523,true,0.0,0.0,13.0,2.0,2.0,-1,-1.0
2026_04_LA_PHI,00-0030061,Zach Ertz,PHI,LA,receptions,betmgm,2.5,3.264879520364314,3.7273123722561796,Under,-125,0.36750000000000005,0.5203045685279188,-0.3384999999999999,true,0.0,0.0,13.0,2.0,2.0,1,0.8
2026_04_LA_PHI,00-0030061,Zach Ertz,PHI,LA,rec_yds,bovada,22.5,37.519033145606244,37.8010084083475,Over,-110,0.675,0.48987854251012153,0.2886363636363637,true,0.0,0.0,13.0,2.0,13.0,-1,-1.0
2026_04_LA_PHI,00-0030061,Zach Ertz,PHI,LA,rec_yds,bovada,22.5,37.519033145606244,37.8010084083475,Under,-120,0.32499999999999996,0.5101214574898785,-0.40416666666666673,true,0.0,0.0,13.0,2.0,13.0,1,0.8333333333333334
2026_04_LA_PHI,00-0030061,Zach Ertz,PHI,LA,receptions,bovada,2.5,3.264879520364314,3.7273123722561796,Over,-110,0.6325,0.48987854251012153,0.2074999999999999,true,0.0,0.0,13.0,2.0,2.0,-1,-1.0
2026_04_LA_PHI,00-0030061,Zach Ertz,PHI,LA,receptions,bovada,2.5,3.264879520364314,3.7273123722561796,Under,-120,0.36750000000000005,0.5101214574898785,-0.3262499999999999,true,0.0,0.0,13.0,2.0,2.0,1,0.8333333333333334
2026_04_ARI_NYG,00-0038559,Michael Wilson,ARI,NYG,rec_yds,draftkings,58.5,60.1085453260596,67.99818155912376,Over,-114,0.485,0.5042122999157539,-0.08956140350877195,false,0.0,0.0,95.0,7.0,95.0,1,0.8771929824561403
2026_04_ARI_NYG,00-0038559,Michael Wilson,ARI,NYG,rec_yds,draftkings,58.5,60.1085453260596,67.99818155912376,Under,-110,0.515,0.4957877000842461,-0.016818181818181788,false,0.0,0.0,95.0,7.0,95.0,-1,-1.0
2026_04_ARI_NYG,00-0038559,Michael Wilson,ARI,NYG,receptions,draftkings,4.5,4.927312137096308,5.68716642943785,Over,-160,0.565,0.5806451612903226,-0.08187500000000009,false,0.0,0.0,95.0,7.0,7.0,1,0.625
2026_04_ARI_NYG,00-0038559,Michael Wilson,ARI,NYG,receptions,draftkings,4.5,4.927312137096308,5.68716642943785,Under,125,0.43500000000000005,0.4193548387096774,-0.02124999999999988,false,0.0,0.0,95.0,7.0,7.0,-1,-1.0
2026_04_ARI_NYG,00-0038559,Michael Wilson,ARI,NYG,rec_yds,fanduel,56.5,60.1085453260596,67.99818155912376,Over,-113,0.52,0.5,-0.019823008849557455,false,0.0,0.0,95.0,7.0,95.0,1,0.8849557522123894
2026_04_ARI_NYG,00-0038559,Michael Wilson,ARI,NYG,rec_yds,fanduel,56.5,60.1085453260596,67.99818155912376,Under,-113,0.48,0.5,-0.09522123893805312,false,0.0,0.0,95.0,7.0,95.0,-1,-1.0
2026_04_ARI_NYG,00-0038559,Michael Wilson,ARI,NYG,receptions,fanduel,5.5,4.927312137096308,5.68716642943785,Over,120,0.4275,0.4248366013071895,-0.0595,false,0.0,0.0,95.0,7.0,7.0,1,1.2
2026_04_ARI_NYG,00-0038559,Michael Wilson,ARI,NYG,receptions,fanduel,5.5,4.927312137096308,5.68716642943785,Under,-160,0.5725,0.5751633986928105,-0.06968750000000001,false,0.0,0.0,95.0,7.0,7.0,-1,-1.0
2026_04_ARI_NYG,00-0038559,Michael Wilson,ARI,NYG,rec_yds,betrivers,56.5,60.1085453260596,67.99818155912376,Over,-115,0.52,0.5,-0.027826086956521723,false,0.0,0.0,95.0,7.0,95.0,1,0.8695652173913043
2026_04_ARI_NYG,00-0038559,Michael Wilson,ARI,NYG,rec_yds,betrivers,56.5,60.1085453260596,67.99818155912376,Under,-115,0.48,0.5,-0.10260869565217395,false,0.0,0.0,95.0,7.0,95.0,-1,-1.0
2026_04_ARI_NYG,00-0038559,Michael Wilson,ARI,NYG,receptions,betrivers,4.5,4.927312137096308,5.68716642943785,Over,-162,0.565,,-0.08623456790123468,false,0.0,0.0,95.0,7.0,7.0,1,0.6172839506172839
2026_04_ARI_NYG,00-0038559,Michael Wilson,ARI,NYG,rec_yds,betonlineag,56.5,60.1085453260596,67.99818155912376,Over,-116,0.52,0.5051597457277305,-0.03172413793103446,false,0.0,0.0,95.0,7.0,95.0,1,0.8620689655172413
2026_04_ARI_NYG,00-0038559,Michael Wilson,ARI,NYG,rec_yds,betonlineag,56.5,60.1085453260596,67.99818155912376,Under,-111,0.48,0.4948402542722695,-0.08756756756756762,false,0.0,0.0,95.0,7.0,95.0,-1,-1.0
2026_04_ARI_NYG,00-0038559,Michael Wilson,ARI,NYG,receptions,betonlineag,5.5,4.927312137096308,5.68716642943785,Over,120,0.4275,0.42723631508678234,-0.0595,false,0.0,0.0,95.0,7.0,7.0,1,1.2
2026_04_ARI_NYG,00-0038559,Michael Wilson,ARI,NYG,receptions,betonlineag,5.5,4.927312137096308,5.68716642943785,Under,-156,0.5725,0.5727636849132176,-0.060512820512820475,false,0.0,0.0,95.0,7.0,7.0,-1,-1.0
2026_04_ARI_NYG,00-0038559,Michael Wilson,ARI,NYG,rec_yds,betmgm,58.5,60.1085453260596,67.99818155912376,Over,-115,0.485,0.5,-0.09326086956521745,false,0.0,0.0,95.0,7.0,95.0,1,0.8695652173913043
2026_04_ARI_NYG,00-0038559,Michael Wilson,ARI,NYG,rec_yds,betmgm,58.5,60.1085453260596,67.99818155912376,Under,-115,0.515,0.5,-0.037173913043478224,false,0.0,0.0,95.0,7.0,95.0,-1,-1.0
2026_04_ARI_NYG,00-0038559,Michael Wilson,ARI,NYG,receptions,betmgm,5.5,4.927312137096308,5.68716642943785,Over,120,0.4275,0.4248366013071895,-0.0595,false,0.0,0.0,95.0,7.0,7.0,1,1.2
2026_04_ARI_NYG,00-0038559,Michael Wilson,ARI,NYG,receptions,betmgm,5.5,4.927312137096308,5.68716642943785,Under,-160,0.5725,0.5751633986928105,-0.06968750000000001,false,0.0,0.0,95.0,7.0,7.0,-1,-1.0
2026_04_ARI_NYG,00-0038559,Michael Wilson,ARI,NYG,rec_yds,bovada,58.5,60.1085453260596,67.99818155912376,Over,-115,0.485,0.5,-0.09326086956521745,false,0.0,0.0,95.0,7.0,95.0,1,0.8695652173913043
2026_04_ARI_NYG,00-0038559,Michael Wilson,ARI,NYG,rec_yds,bovada,58.5,60.1085453260596,67.99818155912376,Under,-115,0.515,0.5,-0.037173913043478224,false,0.0,0.0,95.0,7.0,95.0,-1,-1.0
2026_04_ARI_NYG,00-0038559,Michael Wilson,ARI,NYG,receptions,bovada,4.5,4.927312137096308,5.68716642943785,Over,-165,0.565,0.5834970530451867,-0.09257575757575764,false,0.0,0.0,95.0,7.0,7.0,1,0.6060606060606061
2026_04_ARI_NYG,00-0038559,Michael Wilson,ARI,NYG,receptions,bovada,4.5,4.927312137096308,5.68716642943785,Under,125,0.43500000000000005,0.41650294695481327,-0.02124999999999988,false,0.0,0.0,95.0,7.0,7.0,-1,-1.0
2026_04_TEN_BAL,00-0038117,Wan'Dale Robinson,TEN,BAL,rec_yds,draftkings,37.5,44.980561686711646,52.94998398130999,Over,-111,0.5775,0.4978941161605526,0.0977702702702703,true,0.0,1.0,19.0,3.0,19.0,-1,-1.0
2026_04_TEN_BAL,00-0038117,Wan'Dale Robinson,TEN,BAL,rec_yds,draftkings,37.5,44.980561686711646,52.94998398130999,Under,-113,0.4225,0.5021058838394474,-0.20360619469026547,true,0.0,1.0,19.0,3.0,19.0,1,0.8849557522123894
2026_04_TEN_BAL,00-0038117,Wan'Dale Robinson,TEN,BAL,receptions,draftkings,3.5,4.88081569792059,5.582719073540333,Over,-162,0.7175,0.5839552831327214,0.16040123456790123,true,0.0,1.0,19.0,3.0,3.0,-1,-1.0
2026_04_TEN_BAL,00-0038117,Wan'Dale Robinson,TEN,BAL,receptions,draftkings,3.5,4.88081569792059,5.582719073540333,Under,127,0.2825,0.4160447168672786,-0.35872500000000007,true,0.0,1.0,19.0,3.0,3.0,1,1.27
2026_04_TEN_BAL,00-0038117,Wan'Dale Robinson,TEN,BAL,rec_yds,fanduel,37.5,44.980561686711646,52.94998398130999,Over,-113,0.5775,0.5,0.08856194690265495,true,0.0,1.0,19.0,3.0,19.0,-1,-1.0
2026_04_TEN_BAL,00-0038117,Wan'Dale Robinson,TEN,BAL,rec_yds,fanduel,37.5,44.980561686711646,52.94998398130999,Under,-113,0.4225,0.5,-0.20360619469026547,true,0.0,1.0,19.0,3.0,19.0,1,0.8849557522123894
2026_04_TEN_BAL,00-0038117,Wan'Dale Robinson,TEN,BAL,receptions,fanduel,3.5,4.88081569792059,5.582719073540333,Over,-172,0.7175,0.5904601300891351,0.13465116279069772,true,0.0,1.0,19.0,3.0,3.0,-1,-1.0
2026_04_TEN_BAL,00-0038117,Wan'Dale Robinson,TEN,BAL,receptions,fanduel,3.5,4.88081569792059,5.582719073540333,Under,128,0.2825,0.4095398699108649,-0.35590000000000005,true,0.0,1.0,19.0,3.0,3.0,1,1.28
2026_04_TEN_BAL,00-0038117,Wan'Dale Robinson,TEN,BAL,rec_yds,betonlineag,37.5,44.980561686711646,52.94998398130999,Over,-115,0.5775,0.5030953363598846,0.07967391304347826,true,0.0,1.0,19.0,3.0,19.0,-1,-1.0
2026_04_TEN_BAL,00-0038117,Wan'Dale Robinson,TEN,BAL,rec_yds,betonlineag,37.5,44.980561686711646,52.94998398130999,Under,-112,0.4225,0.49690466364011543,-0.20026785714285716,true,0.0,1.0,19.0,3.0,19.0,1,0.8928571428571429
2026_04_TEN_BAL,00-0038117,Wan'Dale Robinson,TEN,BAL,receptions,betonlineag,3.5,4.88081569792059,5.582719073540333,Over,-164,0.7175,0.5829383886255923,0.15500000000000003,true,0.0,1.0,19.0,3.0,3.0,-1,-1.0
2026_04_TEN_BAL,00-0038117,Wan'Dale Robinson,TEN,BAL,receptions,betonlineag,3.5,4.88081569792059,5.582719073540333,Under,125,0.2825,0.41706161137440767,-0.36437500000000006,true,0.0,1.0,19.0,3.0,3.0,1,1.25
2026_04_TEN_BAL,00-0038117,Wan'Dale Robinson,TEN,BAL,rec_yds,betrivers,36.5,44.980561686711646,52.94998398130999,Over,-113,0.595,0.4949766918501849,0.1215486725663717,true,0.0,1.0,19.0,3.0,19.0,-1,-1.0
2026_04_TEN_BAL,00-0038117,Wan'Dale Robinson,TEN,BAL,rec_yds,betrivers,36.5,44.980561686711646,52.94998398130999,Under,-118,0.405,0.5050233081498151,-0.2517796610169491,true,0.0,1.0,19.0,3.0,19.0,1,0.847457627118644
2026_04_TEN_BAL,00-0038117,Wan'Dale Robinson,TEN,BAL,receptions,betrivers,3.5,4.88081569792059,5.582719073540333,Over,-137,0.7175,,0.24122262773722636,true,0.0,1.0,19.0,3.0,3.0,-1,-1.0
2026_04_TEN_BAL,00-0038117,Wan'Dale Robinson,TEN,BAL,rec_yds,betmgm,37.5,44.980561686711646,52.94998398130999,Over,-115,0.5775,0.5,0.07967391304347826,true,0.0,1.0,19.0,3.0,19.0,-1,-1.0
2026_04_TEN_BAL,00-0038117,Wan'Dale Robinson,TEN,BAL,rec_yds,betmgm,37.5,44.980561686711646,52.94998398130999,Under,-115,0.4225,0.5,-0.21010869565217394,true,0.0,1.0,19.0,3.0,19.0,1,0.8695652173913043
2026_04_TEN_BAL,00-0038117,Wan'Dale Robinson,TEN,BAL,receptions,betmgm,3.5,4.88081569792059,5.582719073540333,Over,-160,0.7175,0.5751633986928104,0.16593750000000007,true,0.0,1.0,19.0,3.0,3.0,-1,-1.0
2026_04_TEN_BAL,00-0038117,Wan'Dale Robinson,TEN,BAL,receptions,betmgm,3.5,4.88081569792059,5.582719073540333,Under,120,0.2825,0.4248366013071896,-0.37850000000000006,true,0.0,1.0,19.0,3.0,3.0,1,1.2
2026_04_TEN_BAL,00-0038117,Wan'Dale Robinson,TEN,BAL,rec_yds,bovada,37.5,44.980561686711646,52.94998398130999,Over,-115,0.5775,0.5,0.07967391304347826,true,0.0,1.0,19.0,3.0,19.0,-1,-1.0
2026_04_TEN_BAL,00-0038117,Wan'Dale Robinson,TEN,BAL,rec_yds,bovada,37.5,44.980561686711646,52.94998398130999,Under,-115,0.4225,0.5,-0.21010869565217394,true,0.0,1.0,19.0,3.0,19.0,1,0.8695652173913043
2026_04_TEN_BAL,00-0038117,Wan'Dale Robinson,TEN,BAL,receptions,bovada,3.5,4.88081569792059,5.582719073540333,Over,-165,0.7175,0.5834970530451867,0.1523484848484849,true,0.0,1.0,19.0,3.0,3.0,-1,-1.0
2026_04_TEN_BAL,00-0038117,Wan'Dale Robinson,TEN,BAL,receptions,bovada,3.5,4.88081569792059,5.582719073540333,Under,125,0.2825,0.41650294695481327,-0.36437500000000006,true,0.0,1.0,19.0,3.0,3.0,1,1.25
2026_04_ARI_NYG,00-0041027,Jeremiyah Love,ARI,NYG,rec_yds,draftkings,17.5,15.789245504983851,15.234793947264366,Over,-114,0.4525,0.5042122999157539,-0.15057017543859647,false,0.0,63.0,-8.0,1.0,-8.0,-1,-1.0
2026_04_ARI_NYG,00-0041027,Jeremiyah Love,ARI,NYG,rec_yds,draftkings,17.5,15.789245504983851,15.234793947264366,Under,-110,0.5475,0.4957877000842461,0.04522727272727267,false,0.0,63.0,-8.0,1.0,-8.0,1,0.9090909090909091
2026_04_ARI_NYG,00-0041027,Jeremiyah Love,ARI,NYG,receptions,draftkings,2.5,2.654446396220887,3.507414284495292,Over,-172,0.51,0.5977521443359953,-0.19348837209302322,false,0.0,63.0,-8.0,1.0,1.0,-1,-1.0
2026_04_ARI_NYG,00-0041027,Jeremiyah Love,ARI,NYG,receptions,draftkings,2.5,2.654446396220887,3.507414284495292,Under,135,0.49,0.40224785566400467,0.15149999999999997,false,0.0,63.0,-8.0,1.0,1.0,1,1.35
2026_04_ARI_NYG,00-0041027,Jeremiyah Love,ARI,NYG,rush_yds,draftkings,67.5,66.61153441071576,56.27048438216811,Over,-109,0.4925,0.4936802190857383,-0.05566513761467895,false,0.0,63.0,-8.0,1.0,63.0,-1,-1.0
2026_04_ARI_NYG,00-0041027,Jeremiyah Love,ARI,NYG,rush_yds,draftkings,67.5,66.61153441071576,56.27048438216811,Under,-115,0.5075000000000001,0.5063197809142617,-0.05119565217391292,false,0.0,63.0,-8.0,1.0,63.0,1,0.8695652173913043
2026_04_ARI_NYG,00-0041027,Jeremiyah Love,ARI,NYG,rec_yds,fanduel,16.5,15.789245504983851,15.234793947264366,Over,-113,0.4675,0.5,-0.1187831858407079,false,0.0,63.0,-8.0,1.0,-8.0,-1,-1.0
2026_04_ARI_NYG,00-0041027,Jeremiyah Love,ARI,NYG,rec_yds,fanduel,16.5,15.789245504983851,15.234793947264366,Under,-113,0.5325,0.5,0.0037389380530973293,false,0.0,63.0,-8.0,1.0,-8.0,1,0.8849557522123894
2026_04_ARI_NYG,00-0041027,Jeremiyah Love,ARI,NYG,receptions,fanduel,3.5,2.654446396220887,3.507414284495292,Over,136,0.32,0.3963346076006296,-0.2447999999999999,false,0.0,63.0,-8.0,1.0,1.0,-1,-1.0
2026_04_ARI_NYG,00-0041027,Jeremiyah Love,ARI,NYG,receptions,fanduel,3.5,2.654446396220887,3.507414284495292,Under,-182,0.6799999999999999,0.6036653923993704,0.05362637362637357,false,0.0,63.0,-8.0,1.0,1.0,1,0.5494505494505495
2026_04_ARI_NYG,00-0041027,Jeremiyah Love,ARI,NYG,rush_yds,fanduel,66.5,66.61153441071576,56.27048438216811,Over,-113,0.495,0.5,-0.06694690265486725,false,0.0,63.0,-8.0,1.0,63.0,-1,-1.0
2026_04_ARI_NYG,00-0041027,Jeremiyah Love,ARI,NYG,rush_yds,fanduel,66.5,66.61153441071576,56.27048438216811,Under,-113,0.505,0.5,-0.04809734513274333,false,0.0,63.0,-8.0,1.0,63.0,1,0.8849557522123894
2026_04_ARI_NYG,00-0041027,Jeremiyah Love,ARI,NYG,rec_yds,betrivers,15.5,15.789245504983851,15.234793947264366,Over,-117,0.4925,0.5030135004821601,-0.08655982905982917,false,0.0,63.0,-8.0,1.0,-8.0,-1,-1.0
2026_04_ARI_NYG,00-0041027,Jeremiyah Love,ARI,NYG,rec_yds,betrivers,15.5,15.789245504983851,15.234793947264366,Under,-114,0.5075000000000001,0.4969864995178399,-0.04732456140350866,false,0.0,63.0,-8.0,1.0,-8.0,1,0.8771929824561403
2026_04_ARI_NYG,00-0041027,Jeremiyah Love,ARI,NYG,receptions,betrivers,2.5,2.654446396220887,3.507414284495292,Over,-167,0.51,,-0.1846107784431138,false,0.0,63.0,-8.0,1.0,1.0,-1,-1.0
2026_04_ARI_NYG,00-0041027,Jeremiyah Love,ARI,NYG,rush_yds,betrivers,67.5,66.61153441071576,56.27048438216811,Over,-115,0.4925,0.5,-0.0792391304347827,false,0.0,63.0,-8.0,1.0,63.0,-1,-1.0
2026_04_ARI_NYG,00-0041027,Jeremiyah Love,ARI,NYG,rush_yds,betrivers,67.5,66.61153441071576,56.27048438216811,Under,-115,0.5075000000000001,0.5,-0.05119565217391292,false,0.0,63.0,-8.0,1.0,63.0,1,0.8695652173913043
2026_04_ARI_NYG,00-0041027,Jeremiyah Love,ARI,NYG,rec_yds,betonlineag,18.5,15.789245504983851,15.234793947264366,Over,-114,0.435,0.5,-0.18342105263157893,false,0.0,63.0,-8.0,1.0,-8.0,-1,-1.0
2026_04_ARI_NYG,00-0041027,Jeremiyah Love,ARI,NYG,rec_yds,betonlineag,18.5,15.789245504983851,15.234793947264366,Under,-114,0.565,0.5,0.060614035087719176,false,0.0,63.0,-8.0,1.0,-8.0,1,0.8771929824561403
2026_04_ARI_NYG,00-0041027,Jeremiyah Love,ARI,NYG,receptions,betonlineag,2.5,2.654446396220887,3.507414284495292,Over,-164,0.51,0.5840161351317281,-0.17902439024390243,false,0.0,63.0,-8.0,1.0,1.0,-1,-1.0
2026_04_ARI_NYG,00-0041027,Jeremiyah Love,ARI,NYG,receptions,betonlineag,2.5,2.654446396220887,3.507414284495292,Under,126,0.49,0.4159838648682719,0.10739999999999994,false,0.0,63.0,-8.0,1.0,1.0,1,1.26
2026_04_ARI_NYG,00-0041027,Jeremiyah Love,ARI,NYG,rush_yds,betonlineag,67.5,66.61153441071576,56.27048438216811,Over,-114,0.4925,0.5,-0.07548245614035098,false,0.0,63.0,-8.0,1.0,63.0,-1,-1.0
2026_04_ARI_NYG,00-0041027,Jeremiyah Love,ARI,NYG,rush_yds,betonlineag,67.5,66.61153441071576,56.27048438216811,Under,-114,0.5075000000000001,0.5,-0.04732456140350866,false,0.0,63.0,-8.0,1.0,63.0,1,0.8771929824561403
2026_04_ARI_NYG,00-0041027,Jeremiyah Love,ARI,NYG,rec_yds,betmgm,17.5,15.789245504983851,15.234793947264366,Over,-105,0.4525,0.4796954314720812,-0.11654761904761907,false,0.0,63.0,-8.0,1.0,-8.0,-1,-1.0
2026_04_ARI_NYG,00-0041027,Jeremiyah Love,ARI,NYG,rec_yds,betmgm,17.5,15.789245504983851,15.234793947264366,Under,-125,0.5475,0.5203045685279188,-0.014500000000000013,false,0.0,63.0,-8.0,1.0,-8.0,1,0.8
2026_04_ARI_NYG,00-0041027,Jeremiyah Love,ARI,NYG,receptions,betmgm,2.5,2.654446396220887,3.507414284495292,Over,-155,0.51,0.5665108372290694,-0.16096774193548385,false,0.0,63.0,-8.0,1.0,1.0,-1,-1.0
2026_04_ARI_NYG,00-0041027,Jeremiyah Love,ARI,NYG,receptions,betmgm,2.5,2.654446396220887,3.507414284495292,Under,115,0.49,0.43348916277093064,0.05349999999999999,false,0.0,63.0,-8.0,1.0,1.0,1,1.15
2026_04_ARI_NYG,00-0041027,Jeremiyah Love,ARI,NYG,rush_yds,betmgm,65.5,66.61153441071576,56.27048438216811,Over,-115,0.4975,0.5,-0.06989130434782603,false,0.0,63.0,-8.0,1.0,63.0,-1,-1.0
2026_04_ARI_NYG,00-0041027,Jeremiyah Love,ARI,NYG,rush_yds,betmgm,65.5,66.61153441071576,56.27048438216811,Under,-115,0.5025,0.5,-0.0605434782608697,false,0.0,63.0,-8.0,1.0,63.0,1,0.8695652173913043
2026_04_ARI_NYG,00-0041027,Jeremiyah Love,ARI,NYG,rec_yds,bovada,17.5,15.789245504983851,15.234793947264366,Over,-115,0.4525,0.5,-0.15402173913043476,false,0.0,63.0,-8.0,1.0,-8.0,-1,-1.0
2026_04_ARI_NYG,00-0041027,Jeremiyah Love,ARI,NYG,rec_yds,bovada,17.5,15.789245504983851,15.234793947264366,Under,-115,0.5475,0.5,0.02358695652173909,false,0.0,63.0,-8.0,1.0,-8.0,1,0.8695652173913043
2026_04_ARI_NYG,00-0041027,Jeremiyah Love,ARI,NYG,receptions,bovada,2.5,2.654446396220887,3.507414284495292,Over,-170,0.51,0.5915279878971256,-0.19,false,0.0,63.0,-8.0,1.0,1.0,-1,-1.0
2026_04_ARI_NYG,00-0041027,Jeremiyah Love,ARI,NYG,receptions,bovada,2.5,2.654446396220887,3.507414284495292,Under,130,0.49,0.4084720121028744,0.127,false,0.0,63.0,-8.0,1.0,1.0,1,1.3
2026_04_ARI_NYG,00-0041027,Jeremiyah Love,ARI,NYG,rush_yds,bovada,67.5,66.61153441071576,56.27048438216811,Over,-110,0.4925,0.48987854251012153,-0.059772727272727366,false,0.0,63.0,-8.0,1.0,63.0,-1,-1.0
2026_04_ARI_NYG,00-0041027,Jeremiyah Love,ARI,NYG,rush_yds,bovada,67.5,66.61153441071576,56.27048438216811,Under,-120,0.5075000000000001,0.5101214574898785,-0.06958333333333322,false,0.0,63.0,-8.0,1.0,63.0,1,0.8333333333333334
2026_04_LAC_SEA,00-0034869,Sam Darnold,SEA,LAC,pass_yds,draftkings,234.5,234.94837742869257,222.2240426095587,Over,-113,0.465,0.5021058838394474,-0.12349557522123883,false,168.0,6.0,0.0,0.0,168.0,-1,-1.0
2026_04_LAC_SEA,00-0034869,Sam Darnold,SEA,LAC,pass_yds,draftkings,234.5,234.94837742869257,222.2240426095587,Under,-111,0.5349999999999999,0.49789411616055257,0.016981981981981864,false,168.0,6.0,0.0,0.0,168.0,1,0.9009009009009009
2026_04_LAC_SEA,00-0034869,Sam Darnold,SEA,LAC,pass_yds,fanduel,233.5,234.94837742869257,222.2240426095587,Over,-113,0.4725,0.5,-0.10935840707964611,false,168.0,6.0,0.0,0.0,168.0,-1,-1.0
2026_04_LAC_SEA,00-0034869,Sam Darnold,SEA,LAC,pass_yds,fanduel,233.5,234.94837742869257,222.2240426095587,Under,-113,0.5275000000000001,0.5,-0.005685840707964407,false,168.0,6.0,0.0,0.0,168.0,1,0.8849557522123894
2026_04_LAC_SEA,00-0034869,Sam Darnold,SEA,LAC,pass_yds,betonlineag,233.5,234.94837742869257,222.2240426095587,Over,-116,0.4725,0.5051597457277305,-0.12017241379310356,false,168.0,6.0,0.0,0.0,168.0,-1,-1.0
2026_04_LAC_SEA,00-0034869,Sam Darnold,SEA,LAC,pass_yds,betonlineag,233.5,234.94837742869257,222.2240426095587,Under,-111,0.5275000000000001,0.4948402542722695,0.0027252252252253917,false,168.0,6.0,0.0,0.0,168.0,1,0.9009009009009009
2026_04_LAC_SEA,00-0034869,Sam Darnold,SEA,LAC,pass_yds,betrivers,233.5,234.94837742869257,222.2240426095587,Over,-115,0.4725,0.5,-0.11663043478260882,false,168.0,6.0,0.0,0.0,168.0,-1,-1.0
2026_04_LAC_SEA,00-0034869,Sam Darnold,SEA,LAC,pass_yds,betrivers,233.5,234.94837742869257,222.2240426095587,Under,-115,0.5275000000000001,0.5,-0.013804347826086805,false,168.0,6.0,0.0,0.0,168.0,1,0.8695652173913043
2026_04_LAC_SEA,00-0034869,Sam Darnold,SEA,LAC,pass_yds,betmgm,235.5,234.94837742869257,222.2240426095587,Over,-115,0.4575,0.5,-0.14467391304347826,false,168.0,6.0,0.0,0.0,168.0,-1,-1.0
2026_04_LAC_SEA,00-0034869,Sam Darnold,SEA,LAC,pass_yds,betmgm,235.5,234.94837742869257,222.2240426095587,Under,-115,0.5425,0.5,0.014239130434782588,false,168.0,6.0,0.0,0.0,168.0,1,0.8695652173913043
2026_04_LAC_SEA,00-0034869,Sam Darnold,SEA,LAC,pass_yds,bovada,234.5,234.94837742869257,222.2240426095587,Over,-115,0.465,0.5,-0.1306521739130434,false,168.0,6.0,0.0,0.0,168.0,-1,-1.0
2026_04_LAC_SEA,00-0034869,Sam Darnold,SEA,LAC,pass_yds,bovada,234.5,234.94837742869257,222.2240426095587,Under,-115,0.5349999999999999,0.5,0.0002173913043476694,false,168.0,6.0,0.0,0.0,168.0,1,0.8695652173913043
2026_04_TEN_BAL,00-0040170,Elic Ayomanor,TEN,BAL,rec_yds,draftkings,19.5,26.26103447769967,32.42591087669064,Over,-111,0.6075,0.4978941161605526,0.1547972972972974,true,0.0,0.0,22.0,1.0,22.0,1,0.9009009009009009
2026_04_TEN_BAL,00-0040170,Elic Ayomanor,TEN,BAL,rec_yds,draftkings,19.5,26.26103447769967,32.42591087669064,Under,-113,0.39249999999999996,0.5021058838394474,-0.2601548672566372,true,0.0,0.0,22.0,1.0,22.0,-1,-1.0
2026_04_TEN_BAL,00-0040170,Elic Ayomanor,TEN,BAL,receptions,draftkings,1.5,1.937838753380267,2.0357576572396288,Over,-155,0.56,0.5732574679943101,-0.07870967741935475,true,0.0,0.0,22.0,1.0,1.0,-1,-1.0
2026_04_TEN_BAL,00-0040170,Elic Ayomanor,TEN,BAL,receptions,draftkings,1.5,1.937838753380267,2.0357576572396288,Under,121,0.43999999999999995,0.4267425320056899,-0.02760000000000018,true,0.0,0.0,22.0,1.0,1.0,1,1.21
2026_04_TEN_BAL,00-0040170,Elic Ayomanor,TEN,BAL,rec_yds,fanduel,19.5,26.26103447769967,32.42591087669064,Over,-113,0.6075,0.5,0.1451106194690267,true,0.0,0.0,22.0,1.0,22.0,1,0.8849557522123894
2026_04_TEN_BAL,00-0040170,Elic Ayomanor,TEN,BAL,rec_yds,fanduel,19.5,26.26103447769967,32.42591087669064,Under,-113,0.39249999999999996,0.5,-0.2601548672566372,true,0.0,0.0,22.0,1.0,22.0,-1,-1.0
2026_04_TEN_BAL,00-0040170,Elic Ayomanor,TEN,BAL,receptions,fanduel,1.5,1.937838753380267,2.0357576572396288,Over,-154,0.56,0.5670257738988136,-0.0763636363636363,true,0.0,0.0,22.0,1.0,1.0,-1,-1.0
2026_04_TEN_BAL,00-0040170,Elic Ayomanor,TEN,BAL,receptions,fanduel,1.5,1.937838753380267,2.0357576572396288,Under,116,0.43999999999999995,0.4329742261011864,-0.0496000000000002,true,0.0,0.0,22.0,1.0,1.0,1,1.16
2026_04_TEN_BAL,00-0040170,Elic Ayomanor,TEN,BAL,rec_yds,betonlineag,19.5,26.26103447769967,32.42591087669064,Over,-114,0.6075,0.5,0.14039473684210535,true,0.0,0.0,22.0,1.0,22.0,1,0.8771929824561403
2026_04_TEN_BAL,00-0040170,Elic Ayomanor,TEN,BAL,rec_yds,betonlineag,19.5,26.26103447769967,32.42591087669064,Under,-114,0.39249999999999996,0.5,-0.263201754385965,true,0.0,0.0,22.0,1.0,22.0,-1,-1.0
2026_04_TEN_BAL,00-0040170,Elic Ayomanor,TEN,BAL,receptions,betonlineag,1.5,1.937838753380267,2.0357576572396288,Over,-154,0.56,0.5692871193108593,-0.0763636363636363,true,0.0,0.0,22.0,1.0,1.0,-1,-1.0
2026_04_TEN_BAL,00-0040170,Elic Ayomanor,TEN,BAL,receptions,betonlineag,1.5,1.937838753380267,2.0357576572396288,Under,118,0.43999999999999995,0.4307128806891407,-0.04080000000000017,true,0.0,0.0,22.0,1.0,1.0,1,1.18
2026_04_TEN_BAL,00-0040170,Elic Ayomanor,TEN,BAL,rec_yds,betrivers,18.5,26.26103447769967,32.42591087669064,Over,-115,0.625,0.5010179153094463,0.1684782608695652,true,0.0,0.0,22.0,1.0,22.0,1,0.8695652173913043
2026_04_TEN_BAL,00-0040170,Elic Ayomanor,TEN,BAL,rec_yds,betrivers,18.5,26.26103447769967,32.42591087669064,Under,-114,0.375,0.4989820846905537,-0.2960526315789474,true,0.0,0.0,22.0,1.0,22.0,-1,-1.0
2026_04_TEN_BAL,00-0040170,Elic Ayomanor,TEN,BAL,receptions,betrivers,1.5,1.937838753380267,2.0357576572396288,Over,-157,0.56,,-0.08331210191082794,true,0.0,0.0,22.0,1.0,1.0,-1,-1.0
2026_04_TEN_BAL,00-0040170,Elic Ayomanor,TEN,BAL,rec_yds,betmgm,20.5,26.26103447769967,32.42591087669064,Over,-115,0.585,0.5,0.09369565217391296,true,0.0,0.0,22.0,1.0,22.0,1,0.8695652173913043
2026_04_TEN_BAL,00-0040170,Elic Ayomanor,TEN,BAL,rec_yds,betmgm,20.5,26.26103447769967,32.42591087669064,Under,-115,0.41500000000000004,0.5,-0.22413043478260863,true,0.0,0.0,22.0,1.0,22.0,-1,-1.0
2026_04_TEN_BAL,00-0040170,Elic Ayomanor,TEN,BAL,receptions,betmgm,1.5,1.937838753380267,2.0357576572396288,Over,-140,0.56,0.5445920303605313,-0.039999999999999925,true,0.0,0.0,22.0,1.0,1.0,-1,-1.0
2026_04_TEN_BAL,00-0040170,Elic Ayomanor,TEN,BAL,receptions,betmgm,1.5,1.937838753380267,2.0357576572396288,Under,105,0.43999999999999995,0.4554079696394687,-0.09800000000000009,true,0.0,0.0,22.0,1.0,1.0,1,1.05
2026_04_TEN_BAL,00-0040170,Elic Ayomanor,TEN,BAL,rec_yds,bovada,19.5,26.26103447769967,32.42591087669064,Over,-115,0.6075,0.5,0.1357608695652175,true,0.0,0.0,22.0,1.0,22.0,1,0.8695652173913043
2026_04_TEN_BAL,00-0040170,Elic Ayomanor,TEN,BAL,rec_yds,bovada,19.5,26.26103447769967,32.42591087669064,Under,-115,0.39249999999999996,0.5,-0.2661956521739131,true,0.0,0.0,22.0,1.0,22.0,-1,-1.0
2026_04_TEN_BAL,00-0040170,Elic Ayomanor,TEN,BAL,receptions,bovada,1.5,1.937838753380267,2.0357576572396288,Over,-160,0.56,0.5751633986928104,-0.08999999999999991,true,0.0,0.0,22.0,1.0,1.0,-1,-1.0
2026_04_TEN_BAL,00-0040170,Elic Ayomanor,TEN,BAL,receptions,bovada,1.5,1.937838753380267,2.0357576572396288,Under,120,0.43999999999999995,0.4248366013071896,-0.03200000000000014,true,0.0,0.0,22.0,1.0,1.0,1,1.2
2026_04_LA_PHI,00-0038393,Dontayvion Wicks,PHI,LA,rec_yds,draftkings,54.5,33.49260375074415,37.790555559971956,Over,-110,0.2475,0.495787700084246,-0.5275,true,0.0,0.0,18.0,3.0,18.0,-1,-1.0
2026_04_LA_PHI,00-0038393,Dontayvion Wicks,PHI,LA,rec_yds,draftkings,54.5,33.49260375074415,37.790555559971956,Under,-114,0.7525,0.504212299915754,0.41258771929824545,true,0.0,0.0,18.0,3.0,18.0,1,0.8771929824561403
2026_04_LA_PHI,00-0038393,Dontayvion Wicks,PHI,LA,receptions,draftkings,3.5,2.2182468681709544,2.54302377230974,Over,-145,0.2475,0.558797046641455,-0.5818103448275862,true,0.0,0.0,18.0,3.0,3.0,-1,-1.0
2026_04_LA_PHI,00-0038393,Dontayvion Wicks,PHI,LA,receptions,draftkings,3.5,2.2182468681709544,2.54302377230974,Under,114,0.7525,0.441202953358545,0.6103499999999998,true,0.0,0.0,18.0,3.0,3.0,1,1.14
2026_04_LA_PHI,00-0038393,Dontayvion Wicks,PHI,LA,rec_yds,fanduel,56.5,33.49260375074415,37.790555559971956,Over,-113,0.2275,0.5,-0.5711725663716813,true,0.0,0.0,18.0,3.0,18.0,-1,-1.0
2026_04_LA_PHI,00-0038393,Dontayvion Wicks,PHI,LA,rec_yds,fanduel,56.5,33.49260375074415,37.790555559971956,Under,-113,0.7725,0.5,0.45612831858407077,true,0.0,0.0,18.0,3.0,18.0,1,0.8849557522123894
2026_04_LA_PHI,00-0038393,Dontayvion Wicks,PHI,LA,receptions,fanduel,3.5,2.2182468681709544,2.54302377230974,Over,-148,0.2475,0.5585303332383936,-0.5852702702702702,true,0.0,0.0,18.0,3.0,3.0,-1,-1.0
2026_04_LA_PHI,00-0038393,Dontayvion Wicks,PHI,LA,receptions,fanduel,3.5,2.2182468681709544,2.54302377230974,Under,112,0.7525,0.44146966676160637,0.5952999999999999,true,0.0,0.0,18.0,3.0,3.0,1,1.12
2026_04_LA_PHI,00-0038393,Dontayvion Wicks,PHI,LA,rec_yds,betonlineag,54.5,33.49260375074415,37.790555559971956,Over,-112,0.2475,0.4969046636401156,-0.531517857142857,true,0.0,0.0,18.0,3.0,18.0,-1,-1.0
2026_04_LA_PHI,00-0038393,Dontayvion Wicks,PHI,LA,rec_yds,betonlineag,54.5,33.49260375074415,37.790555559971956,Under,-115,0.7525,0.5030953363598845,0.40684782608695635,true,0.0,0.0,18.0,3.0,18.0,1,0.8695652173913043
2026_04_LA_PHI,00-0038393,Dontayvion Wicks,PHI,LA,receptions,betonlineag,3.5,2.2182468681709544,2.54302377230974,Over,-154,0.2475,0.5704089571423739,-0.5917857142857142,true,0.0,0.0,18.0,3.0,3.0,-1,-1.0
2026_04_LA_PHI,00-0038393,Dontayvion Wicks,PHI,LA,receptions,betonlineag,3.5,2.2182468681709544,2.54302377230974,Under,119,0.7525,0.42959104285762606,0.6479749999999999,true,0.0,0.0,18.0,3.0,3.0,1,1.19
2026_04_LA_PHI,00-0038393,Dontayvion Wicks,PHI,LA,rec_yds,betrivers,55.5,33.49260375074415,37.790555559971956,Over,-115,0.235,0.5,-0.5606521739130435,true,0.0,0.0,18.0,3.0,18.0,-1,-1.0
2026_04_LA_PHI,00-0038393,Dontayvion Wicks,PHI,LA,rec_yds,betrivers,55.5,33.49260375074415,37.790555559971956,Under,-115,0.765,0.5,0.4302173913043479,true,0.0,0.0,18.0,3.0,18.0,1,0.8695652173913043
2026_04_LA_PHI,00-0038393,Dontayvion Wicks,PHI,LA,receptions,betrivers,3.5,2.2182468681709544,2.54302377230974,Over,-148,0.2475,,-0.5852702702702702,true,0.0,0.0,18.0,3.0,3.0,-1,-1.0
2026_04_LA_PHI,00-0038393,Dontayvion Wicks,PHI,LA,rec_yds,betmgm,53.5,33.49260375074415,37.790555559971956,Over,-115,0.2525,0.5,-0.5279347826086958,true,0.0,0.0,18.0,3.0,18.0,-1,-1.0
2026_04_LA_PHI,00-0038393,Dontayvion Wicks,PHI,LA,rec_yds,betmgm,53.5,33.49260375074415,37.790555559971956,Under,-115,0.7475,0.5,0.3975000000000001,true,0.0,0.0,18.0,3.0,18.0,1,0.8695652173913043
2026_04_LA_PHI,00-0038393,Dontayvion Wicks,PHI,LA,receptions,betmgm,3.5,2.2182468681709544,2.54302377230974,Over,-160,0.2475,0.5751633986928104,-0.5978125,true,0.0,0.0,18.0,3.0,3.0,-1,-1.0
2026_04_LA_PHI,00-0038393,Dontayvion Wicks,PHI,LA,receptions,betmgm,3.5,2.2182468681709544,2.54302377230974,Under,120,0.7525,0.4248366013071896,0.6554999999999999,true,0.0,0.0,18.0,3.0,3.0,1,1.2
2026_04_LA_PHI,00-0038393,Dontayvion Wicks,PHI,LA,rec_yds,bovada,54.5,33.49260375074415,37.790555559971956,Over,-115,0.2475,0.5,-0.5372826086956521,true,0.0,0.0,18.0,3.0,18.0,-1,-1.0
2026_04_LA_PHI,00-0038393,Dontayvion Wicks,PHI,LA,rec_yds,bovada,54.5,33.49260375074415,37.790555559971956,Under,-115,0.7525,0.5,0.40684782608695635,true,0.0,0.0,18.0,3.0,18.0,1,0.8695652173913043
2026_04_LA_PHI,00-0038393,Dontayvion Wicks,PHI,LA,receptions,bovada,3.5,2.2182468681709544,2.54302377230974,Over,-150,0.2475,0.5633187772925765,-0.5874999999999999,true,0.0,0.0,18.0,3.0,3.0,-1,-1.0
2026_04_LA_PHI,00-0038393,Dontayvion Wicks,PHI,LA,receptions,bovada,3.5,2.2182468681709544,2.54302377230974,Under,115,0.7525,0.4366812227074235,0.6178749999999998,true,0.0,0.0,18.0,3.0,3.0,1,1.15
2026_04_LA_PHI,00-0034844,Saquon Barkley,PHI,LA,rush_yds,draftkings,70.5,65.19214582528157,75.27342864009557,Over,-109,0.4325,0.4936802190857383,-0.17071100917431192,false,0.0,8.0,2.0,1.0,8.0,-1,-1.0
2026_04_LA_PHI,00-0034844,Saquon Barkley,PHI,LA,rush_yds,draftkings,70.5,65.19214582528157,75.27342864009557,Under,-115,0.5675,0.5063197809142617,0.060978260869565204,false,0.0,8.0,2.0,1.0,8.0,1,0.8695652173913043
2026_04_LA_PHI,00-0034844,Saquon Barkley,PHI,LA,rush_yds,fanduel,69.5,65.19214582528157,75.27342864009557,Over,-113,0.4425,0.5,-0.1659070796460177,false,0.0,8.0,2.0,1.0,8.0,-1,-1.0
2026_04_LA_PHI,00-0034844,Saquon Barkley,PHI,LA,rush_yds,fanduel,69.5,65.19214582528157,75.27342864009557,Under,-113,0.5575,0.5,0.05086283185840712,false,0.0,8.0,2.0,1.0,8.0,1,0.8849557522123894
2026_04_LA_PHI,00-0034844,Saquon Barkley,PHI,LA,rush_yds,betonlineag,68.5,65.19214582528157,75.27342864009557,Over,-114,0.4525,0.5,-0.15057017543859647,false,0.0,8.0,2.0,1.0,8.0,-1,-1.0
2026_04_LA_PHI,00-0034844,Saquon Barkley,PHI,LA,rush_yds,betonlineag,68.5,65.19214582528157,75.27342864009557,Under,-114,0.5475,0.5,0.027763157894736767,false,0.0,8.0,2.0,1.0,8.0,1,0.8771929824561403
2026_04_LA_PHI,00-0034844,Saquon Barkley,PHI,LA,rush_yds,betrivers,69.5,65.19214582528157,75.27342864009557,Over,-114,0.4425,0.4969864995178399,-0.1693421052631579,false,0.0,8.0,2.0,1.0,8.0,-1,-1.0
2026_04_LA_PHI,00-0034844,Saquon Barkley,PHI,LA,rush_yds,betrivers,69.5,65.19214582528157,75.27342864009557,Under,-117,0.5575,0.5030135004821601,0.033995726495726464,false,0.0,8.0,2.0,1.0,8.0,1,0.8547008547008547
2026_04_LA_PHI,00-0034844,Saquon Barkley,PHI,LA,rush_yds,betmgm,70.5,65.19214582528157,75.27342864009557,Over,-115,0.4325,0.5,-0.19141304347826088,false,0.0,8.0,2.0,1.0,8.0,-1,-1.0
2026_04_LA_PHI,00-0034844,Saquon Barkley,PHI,LA,rush_yds,betmgm,70.5,65.19214582528157,75.27342864009557,Under,-115,0.5675,0.5,0.060978260869565204,false,0.0,8.0,2.0,1.0,8.0,1,0.8695652173913043
2026_04_LA_PHI,00-0034844,Saquon Barkley,PHI,LA,rush_yds,bovada,70.5,65.19214582528157,75.27342864009557,Over,-110,0.4325,0.48987854251012153,-0.17431818181818182,false,0.0,8.0,2.0,1.0,8.0,-1,-1.0
2026_04_LA_PHI,00-0034844,Saquon Barkley,PHI,LA,rush_yds,bovada,70.5,65.19214582528157,75.27342864009557,Under,-120,0.5675,0.5101214574898785,0.04041666666666671,false,0.0,8.0,2.0,1.0,8.0,1,0.8333333333333334
2026_04_DET_CAR,00-0039139,Jahmyr Gibbs,DET,CAR,rec_yds,draftkings,37.5,38.8632932085856,45.65387386958739,Over,-111,0.4825,0.4978941161605526,-0.08281531531531539,false,0.0,46.0,31.0,4.0,31.0,-1,-1.0
2026_04_DET_CAR,00-0039139,Jahmyr Gibbs,DET,CAR,rec_yds,draftkings,37.5,38.8632932085856,45.65387386958739,Under,-113,0.5175000000000001,0.5021058838394474,-0.024535398230088323,false,0.0,46.0,31.0,4.0,31.0,1,0.8849557522123894
2026_04_DET_CAR,00-0039139,Jahmyr Gibbs,DET,CAR,receptions,draftkings,4.5,4.438815664352644,5.26133335943654,Over,-129,0.4825,0.5310164041860369,-0.1434689922480621,false,0.0,46.0,31.0,4.0,4.0,-1,-1.0
2026_04_DET_CAR,00-0039139,Jahmyr Gibbs,DET,CAR,receptions,draftkings,4.5,4.438815664352644,5.26133335943654,Under,101,0.5175000000000001,0.4689835958139631,0.04017500000000018,false,0.0,46.0,31.0,4.0,4.0,1,1.01
2026_04_DET_CAR,00-0039139,Jahmyr Gibbs,DET,CAR,rush_yds,draftkings,98.5,90.37852099209027,79.32772740575524,Over,-114,0.3825,0.5042122999157539,-0.28197368421052627,false,0.0,46.0,31.0,4.0,46.0,-1,-1.0
2026_04_DET_CAR,00-0039139,Jahmyr Gibbs,DET,CAR,rush_yds,draftkings,98.5,90.37852099209027,79.32772740575524,Under,-110,0.6174999999999999,0.4957877000842461,0.17886363636363622,false,0.0,46.0,31.0,4.0,46.0,1,0.9090909090909091
2026_04_DET_CAR,00-0039139,Jahmyr Gibbs,DET,CAR,rec_yds,fanduel,35.5,38.8632932085856,45.65387386958739,Over,-113,0.515,0.5,-0.029247787610619413,false,0.0,46.0,31.0,4.0,31.0,-1,-1.0
2026_04_DET_CAR,00-0039139,Jahmyr Gibbs,DET,CAR,rec_yds,fanduel,35.5,38.8632932085856,45.65387386958739,Under,-113,0.485,0.5,-0.08579646017699116,false,0.0,46.0,31.0,4.0,31.0,1,0.8849557522123894
2026_04_DET_CAR,00-0039139,Jahmyr Gibbs,DET,CAR,receptions,fanduel,4.5,4.438815664352644,5.26133335943654,Over,-130,0.4825,0.5281576830249397,-0.1463461538461539,false,0.0,46.0,31.0,4.0,4.0,-1,-1.0
2026_04_DET_CAR,00-0039139,Jahmyr Gibbs,DET,CAR,receptions,fanduel,4.5,4.438815664352644,5.26133335943654,Under,-102,0.5175000000000001,0.4718423169750603,0.024852941176470744,false,0.0,46.0,31.0,4.0,4.0,1,0.9803921568627451
2026_04_DET_CAR,00-0039139,Jahmyr Gibbs,DET,CAR,rush_yds,fanduel,94.5,90.37852099209027,79.32772740575524,Over,-113,0.41,0.5,-0.22716814159292043,false,0.0,46.0,31.0,4.0,46.0,-1,-1.0
2026_04_DET_CAR,00-0039139,Jahmyr Gibbs,DET,CAR,rush_yds,fanduel,94.5,90.37852099209027,79.32772740575524,Under,-113,0.5900000000000001,0.5,0.11212389380530996,false,0.0,46.0,31.0,4.0,46.0,1,0.8849557522123894
2026_04_DET_CAR,00-0039139,Jahmyr Gibbs,DET,CAR,rec_yds,betonlineag,35.5,38.8632932085856,45.65387386958739,Over,-116,0.515,0.5051597457277305,-0.041034482758620705,false,0.0,46.0,31.0,4.0,31.0,-1,-1.0
2026_04_DET_CAR,00-0039139,Jahmyr Gibbs,DET,CAR,rec_yds,betonlineag,35.5,38.8632932085856,45.65387386958739,Under,-111,0.485,0.4948402542722695,-0.0780630630630631,false,0.0,46.0,31.0,4.0,31.0,1,0.9009009009009009
2026_04_DET_CAR,00-0039139,Jahmyr Gibbs,DET,CAR,receptions,betonlineag,4.5,4.438815664352644,5.26133335943654,Over,-122,0.4825,0.516439256945586,-0.12200819672131152,false,0.0,46.0,31.0,4.0,4.0,-1,-1.0
2026_04_DET_CAR,00-0039139,Jahmyr Gibbs,DET,CAR,receptions,betonlineag,4.5,4.438815664352644,5.26133335943654,Under,-106,0.5175000000000001,0.483560743054414,0.005707547169811478,false,0.0,46.0,31.0,4.0,4.0,1,0.9433962264150944
2026_04_DET_CAR,00-0039139,Jahmyr Gibbs,DET,CAR,rush_yds,betonlineag,96.5,90.37852099209027,79.32772740575524,Over,-114,0.4,0.5,-0.24912280701754386,false,0.0,46.0,31.0,4.0,46.0,-1,-1.0
2026_04_DET_CAR,00-0039139,Jahmyr Gibbs,DET,CAR,rush_yds,betonlineag,96.5,90.37852099209027,79.32772740575524,Under,-114,0.6,0.5,0.12631578947368416,false,0.0,46.0,31.0,4.0,46.0,1,0.8771929824561403
2026_04_DET_CAR,00-0039139,Jahmyr Gibbs,DET,CAR,rec_yds,betrivers,35.5,38.8632932085856,45.65387386958739,Over,-115,0.515,0.5,-0.037173913043478224,false,0.0,46.0,31.0,4.0,31.0,-1,-1.0
2026_04_DET_CAR,00-0039139,Jahmyr Gibbs,DET,CAR,rec_yds,betrivers,35.5,38.8632932085856,45.65387386958739,Under,-115,0.485,0.5,-0.09326086956521745,false,0.0,46.0,31.0,4.0,31.0,1,0.8695652173913043
2026_04_DET_CAR,00-0039139,Jahmyr Gibbs,DET,CAR,receptions,betrivers,4.5,4.438815664352644,5.26133335943654,Over,-114,0.4825,,-0.09425438596491237,false,0.0,46.0,31.0,4.0,4.0,-1,-1.0
2026_04_DET_CAR,00-0039139,Jahmyr Gibbs,DET,CAR,rush_yds,betrivers,95.5,90.37852099209027,79.32772740575524,Over,-117,0.405,0.5030135004821601,-0.24884615384615383,false,0.0,46.0,31.0,4.0,46.0,-1,-1.0
2026_04_DET_CAR,00-0039139,Jahmyr Gibbs,DET,CAR,rush_yds,betrivers,95.5,90.37852099209027,79.32772740575524,Under,-114,0.595,0.4969864995178399,0.11692982456140344,false,0.0,46.0,31.0,4.0,46.0,1,0.8771929824561403
2026_04_DET_CAR,00-0039139,Jahmyr Gibbs,DET,CAR,rec_yds,bovada,37.5,38.8632932085856,45.65387386958739,Over,-115,0.4825,0.5,-0.09793478260869576,false,0.0,46.0,31.0,4.0,31.0,-1,-1.0
2026_04_DET_CAR,00-0039139,Jahmyr Gibbs,DET,CAR,rec_yds,bovada,37.5,38.8632932085856,45.65387386958739,Under,-115,0.5175000000000001,0.5,-0.03249999999999986,false,0.0,46.0,31.0,4.0,31.0,1,0.8695652173913043
2026_04_DET_CAR,00-0039139,Jahmyr Gibbs,DET,CAR,receptions,bovada,4.5,4.438815664352644,5.26133335943654,Over,-130,0.4825,0.5306122448979592,-0.1463461538461539,false,0.0,46.0,31.0,4.0,4.0,-1,-1.0
2026_04_DET_CAR,00-0039139,Jahmyr Gibbs,DET,CAR,receptions,bovada,4.5,4.438815664352644,5.26133335943654,Under,100,0.5175000000000001,0.4693877551020408,0.03500000000000014,false,0.0,46.0,31.0,4.0,4.0,1,1.0
2026_04_DET_CAR,00-0039139,Jahmyr Gibbs,DET,CAR,rush_yds,bovada,98.5,90.37852099209027,79.32772740575524,Over,-115,0.3825,0.5,-0.284891304347826,false,0.0,46.0,31.0,4.0,46.0,-1,-1.0
2026_04_DET_CAR,00-0039139,Jahmyr Gibbs,DET,CAR,rush_yds,bovada,98.5,90.37852099209027,79.32772740575524,Under,-115,0.6174999999999999,0.5,0.15445652173913027,false,0.0,46.0,31.0,4.0,46.0,1,0.8695652173913043
2026_04_DET_CAR,00-0039139,Jahmyr Gibbs,DET,CAR,rec_yds,betmgm,39.5,38.8632932085856,45.65387386958739,Over,-115,0.455,0.5,-0.14934782608695646,false,0.0,46.0,31.0,4.0,31.0,-1,-1.0
2026_04_DET_CAR,00-0039139,Jahmyr Gibbs,DET,CAR,rec_yds,betmgm,39.5,38.8632932085856,45.65387386958739,Under,-115,0.5449999999999999,0.5,0.018913043478260727,false,0.0,46.0,31.0,4.0,31.0,1,0.8695652173913043
2026_04_DET_CAR,00-0039139,Jahmyr Gibbs,DET,CAR,receptions,betmgm,4.5,4.438815664352644,5.26133335943654,Over,-125,0.4825,0.5203045685279188,-0.13150000000000006,false,0.0,46.0,31.0,4.0,4.0,-1,-1.0
2026_04_DET_CAR,00-0039139,Jahmyr Gibbs,DET,CAR,receptions,betmgm,4.5,4.438815664352644,5.26133335943654,Under,-105,0.5175000000000001,0.47969543147208116,0.010357142857142954,false,0.0,46.0,31.0,4.0,4.0,1,0.9523809523809523
2026_04_DET_CAR,00-0039139,Jahmyr Gibbs,DET,CAR,rush_yds,betmgm,99.5,90.37852099209027,79.32772740575524,Over,-115,0.3775,0.5,-0.29423913043478267,false,0.0,46.0,31.0,4.0,46.0,-1,-1.0
2026_04_DET_CAR,00-0039139,Jahmyr Gibbs,DET,CAR,rush_yds,betmgm,99.5,90.37852099209027,79.32772740575524,Under,-115,0.6225,0.5,0.163804347826087,false,0.0,46.0,31.0,4.0,46.0,1,0.8695652173913043
2026_04_DAL_HOU,00-0036997,Javonte Williams,DAL,HOU,rec_yds,draftkings,13.5,11.40561656805866,10.992310931305528,Over,-106,0.45,0.48638115990613473,-0.12547169811320757,false,0.0,62.0,21.0,5.0,21.0,1,0.9433962264150944
2026_04_DAL_HOU,00-0036997,Javonte Williams,DAL,HOU,rec_yds,draftkings,13.5,11.40561656805866,10.992310931305528,Under,-119,0.55,0.5136188400938653,0.0121848739495799,false,0.0,62.0,21.0,5.0,21.0,-1,-1.0
2026_04_DAL_HOU,00-0036997,Javonte Williams,DAL,HOU,receptions,draftkings,2.5,1.9719619734021325,2.234898620609866,Over,-123,0.2975,0.519675254742772,-0.46063008130081307,false,0.0,62.0,21.0,5.0,5.0,1,0.8130081300813008
2026_04_DAL_HOU,00-0036997,Javonte Williams,DAL,HOU,receptions,draftkings,2.5,1.9719619734021325,2.234898620609866,Under,-104,0.7025,0.480324745257228,0.3779807692307693,false,0.0,62.0,21.0,5.0,5.0,-1,-1.0
2026_04_DAL_HOU,00-0036997,Javonte Williams,DAL,HOU,rush_yds,draftkings,59.5,49.404597364659026,63.10121265594864,Over,-109,0.4275,0.4936802190857383,-0.18029816513761465,false,0.0,62.0,21.0,5.0,62.0,1,0.9174311926605505
2026_04_DAL_HOU,00-0036997,Javonte Williams,DAL,HOU,rush_yds,draftkings,59.5,49.404597364659026,63.10121265594864,Under,-115,0.5725,0.5063197809142617,0.07032608695652176,false,0.0,62.0,21.0,5.0,62.0,-1,-1.0
2026_04_DAL_HOU,00-0036997,Javonte Williams,DAL,HOU,rec_yds,fanduel,13.5,11.40561656805866,10.992310931305528,Over,-113,0.45,0.5,-0.15176991150442481,false,0.0,62.0,21.0,5.0,21.0,1,0.8849557522123894
2026_04_DAL_HOU,00-0036997,Javonte Williams,DAL,HOU,rec_yds,fanduel,13.5,11.40561656805866,10.992310931305528,Under,-113,0.55,0.5,0.036725663716814294,false,0.0,62.0,21.0,5.0,21.0,-1,-1.0
2026_04_DAL_HOU,00-0036997,Javonte Williams,DAL,HOU,receptions,fanduel,2.5,1.9719619734021325,2.234898620609866,Over,-130,0.2975,0.5281576830249397,-0.4736538461538462,false,0.0,62.0,21.0,5.0,5.0,1,0.7692307692307693
2026_04_DAL_HOU,00-0036997,Javonte Williams,DAL,HOU,receptions,fanduel,2.5,1.9719619734021325,2.234898620609866,Under,-102,0.7025,0.4718423169750603,0.39122549019607844,false,0.0,62.0,21.0,5.0,5.0,-1,-1.0
2026_04_DAL_HOU,00-0036997,Javonte Williams,DAL,HOU,rush_yds,fanduel,59.5,49.404597364659026,63.10121265594864,Over,-113,0.4275,0.5,-0.19418141592920352,false,0.0,62.0,21.0,5.0,62.0,1,0.8849557522123894
2026_04_DAL_HOU,00-0036997,Javonte Williams,DAL,HOU,rush_yds,fanduel,59.5,49.404597364659026,63.10121265594864,Under,-113,0.5725,0.5,0.079137168141593,false,0.0,62.0,21.0,5.0,62.0,-1,-1.0
2026_04_DAL_HOU,00-0036997,Javonte Williams,DAL,HOU,rec_yds,betonlineag,13.5,11.40561656805866,10.992310931305528,Over,-114,0.45,0.5,-0.15526315789473688,false,0.0,62.0,21.0,5.0,21.0,1,0.8771929824561403
2026_04_DAL_HOU,00-0036997,Javonte Williams,DAL,HOU,rec_yds,betonlineag,13.5,11.40561656805866,10.992310931305528,Under,-114,0.55,0.5,0.03245614035087724,false,0.0,62.0,21.0,5.0,21.0,-1,-1.0
2026_04_DAL_HOU,00-0036997,Javonte Williams,DAL,HOU,receptions,betonlineag,2.5,1.9719619734021325,2.234898620609866,Over,-123,0.2975,0.5185070943861814,-0.46063008130081307,false,0.0,62.0,21.0,5.0,5.0,1,0.8130081300813008
2026_04_DAL_HOU,00-0036997,Javonte Williams,DAL,HOU,receptions,betonlineag,2.5,1.9719619734021325,2.234898620609866,Under,-105,0.7025,0.48149290561381863,0.371547619047619,false,0.0,62.0,21.0,5.0,5.0,-1,-1.0
2026_04_DAL_HOU,00-0036997,Javonte Williams,DAL,HOU,rush_yds,betonlineag,59.5,49.404597364659026,63.10121265594864,Over,-115,0.4275,0.5030953363598846,-0.20076086956521744,false,0.0,62.0,21.0,5.0,62.0,1,0.8695652173913043
2026_04_DAL_HOU,00-0036997,Javonte Williams,DAL,HOU,rush_yds,betonlineag,59.5,49.404597364659026,63.10121265594864,Under,-112,0.5725,0.49690466364011543,0.08366071428571431,false,0.0,62.0,21.0,5.0,62.0,-1,-1.0
2026_04_DAL_HOU,00-0036997,Javonte Williams,DAL,HOU,rec_yds,betrivers,12.5,11.40561656805866,10.992310931305528,Over,-115,0.495,0.5,-0.0745652173913044,false,0.0,62.0,21.0,5.0,21.0,1,0.8695652173913043
2026_04_DAL_HOU,00-0036997,Javonte Williams,DAL,HOU,rec_yds,betrivers,12.5,11.40561656805866,10.992310931305528,Under,-115,0.505,0.5,-0.05586956521739128,false,0.0,62.0,21.0,5.0,21.0,-1,-1.0
2026_04_DAL_HOU,00-0036997,Javonte Williams,DAL,HOU,receptions,betrivers,2.5,1.9719619734021325,2.234898620609866,Over,-124,0.2975,,-0.4625806451612904,false,0.0,62.0,21.0,5.0,5.0,1,0.8064516129032258
2026_04_DAL_HOU,00-0036997,Javonte Williams,DAL,HOU,rush_yds,betrivers,57.5,49.404597364659026,63.10121265594864,Over,-118,0.4475,0.5050233081498151,-0.17326271186440678,false,0.0,62.0,21.0,5.0,62.0,1,0.847457627118644
2026_04_DAL_HOU,00-0036997,Javonte Williams,DAL,HOU,rush_yds,betrivers,57.5,49.404597364659026,63.10121265594864,Under,-113,0.5525,0.4949766918501849,0.04143805309734516,false,0.0,62.0,21.0,5.0,62.0,-1,-1.0
2026_04_DAL_HOU,00-0036997,Javonte Williams,DAL,HOU,rec_yds,betmgm,13.5,11.40561656805866,10.992310931305528,Over,-120,0.45,0.5101214574898786,-0.17500000000000004,false,0.0,62.0,21.0,5.0,21.0,1,0.8333333333333334
2026_04_DAL_HOU,00-0036997,Javonte Williams,DAL,HOU,rec_yds,betmgm,13.5,11.40561656805866,10.992310931305528,Under,-110,0.55,0.4898785425101214,0.050000000000000044,false,0.0,62.0,21.0,5.0,21.0,-1,-1.0
2026_04_DAL_HOU,00-0036997,Javonte Williams,DAL,HOU,receptions,betmgm,2.5,1.9719619734021325,2.234898620609866,Over,-120,0.2975,0.5101214574898786,-0.45458333333333334,false,0.0,62.0,21.0,5.0,5.0,1,0.8333333333333334
2026_04_DAL_HOU,00-0036997,Javonte Williams,DAL,HOU,receptions,betmgm,2.5,1.9719619734021325,2.234898620609866,Under,-110,0.7025,0.4898785425101214,0.3411363636363637,false,0.0,62.0,21.0,5.0,5.0,-1,-1.0
2026_04_DAL_HOU,00-0036997,Javonte Williams,DAL,HOU,rush_yds,betmgm,56.5,49.404597364659026,63.10121265594864,Over,-125,0.4575,0.5203045685279188,-0.17649999999999993,false,0.0,62.0,21.0,5.0,62.0,1,0.8
2026_04_DAL_HOU,00-0036997,Javonte Williams,DAL,HOU,rush_yds,betmgm,56.5,49.404597364659026,63.10121265594864,Under,-105,0.5425,0.47969543147208116,0.05916666666666659,false,0.0,62.0,21.0,5.0,62.0,-1,-1.0
2026_04_DAL_HOU,00-0036997,Javonte Williams,DAL,HOU,rec_yds,bovada,13.5,11.40561656805866,10.992310931305528,Over,-110,0.45,0.48987854251012153,-0.14090909090909098,false,0.0,62.0,21.0,5.0,21.0,1,0.9090909090909091
2026_04_DAL_HOU,00-0036997,Javonte Williams,DAL,HOU,rec_yds,bovada,13.5,11.40561656805866,10.992310931305528,Under,-120,0.55,0.5101214574898785,0.008333333333333415,false,0.0,62.0,21.0,5.0,21.0,-1,-1.0
2026_04_DAL_HOU,00-0036997,Javonte Williams,DAL,HOU,receptions,bovada,2.5,1.9719619734021325,2.234898620609866,Over,-125,0.2975,0.5203045685279188,-0.4645,false,0.0,62.0,21.0,5.0,5.0,1,0.8
2026_04_DAL_HOU,00-0036997,Javonte Williams,DAL,HOU,receptions,bovada,2.5,1.9719619734021325,2.234898620609866,Under,-105,0.7025,0.47969543147208116,0.371547619047619,false,0.0,62.0,21.0,5.0,5.0,-1,-1.0
2026_04_DAL_HOU,00-0036997,Javonte Williams,DAL,HOU,rush_yds,bovada,59.5,49.404597364659026,63.10121265594864,Over,-110,0.4275,0.48987854251012153,-0.1838636363636364,false,0.0,62.0,21.0,5.0,62.0,1,0.9090909090909091
2026_04_DAL_HOU,00-0036997,Javonte Williams,DAL,HOU,rush_yds,bovada,59.5,49.404597364659026,63.10121265594864,Under,-120,0.5725,0.5101214574898785,0.04958333333333337,false,0.0,62.0,21.0,5.0,62.0,-1,-1.0
2026_04_ARI_NYG,00-0036893,Najee Harris,NYG,ARI,rush_yds,draftkings,23.5,29.61706200652276,35.76332449359529,Over,-115,0.565,0.5063197809142617,0.05630434782608684,false,0.0,30.0,0.0,0.0,30.0,1,0.8695652173913043
2026_04_ARI_NYG,00-0036893,Najee Harris,NYG,ARI,rush_yds,draftkings,23.5,29.61706200652276,35.76332449359529,Under,-109,0.43500000000000005,0.49368021908573834,-0.16591743119266045,false,0.0,30.0,0.0,0.0,30.0,-1,-1.0
2026_04_ARI_NYG,00-0036893,Najee Harris,NYG,ARI,rush_yds,fanduel,23.5,29.61706200652276,35.76332449359529,Over,-113,0.565,0.5,0.06499999999999995,false,0.0,30.0,0.0,0.0,30.0,1,0.8849557522123894
2026_04_ARI_NYG,00-0036893,Najee Harris,NYG,ARI,rush_yds,fanduel,23.5,29.61706200652276,35.76332449359529,Under,-113,0.43500000000000005,0.5,-0.18004424778761052,false,0.0,30.0,0.0,0.0,30.0,-1,-1.0
2026_04_ARI_NYG,00-0036893,Najee Harris,NYG,ARI,rush_yds,betrivers,23.5,29.61706200652276,35.76332449359529,Over,-120,0.565,0.5079872204472844,0.03583333333333327,false,0.0,30.0,0.0,0.0,30.0,1,0.8333333333333334
2026_04_ARI_NYG,00-0036893,Najee Harris,NYG,ARI,rush_yds,betrivers,23.5,29.61706200652276,35.76332449359529,Under,-112,0.43500000000000005,0.4920127795527156,-0.17660714285714274,false,0.0,30.0,0.0,0.0,30.0,-1,-1.0
2026_04_ARI_NYG,00-0036893,Najee Harris,NYG,ARI,rush_yds,betonlineag,23.5,29.61706200652276,35.76332449359529,Over,-114,0.565,0.5,0.060614035087719176,false,0.0,30.0,0.0,0.0,30.0,1,0.8771929824561403
2026_04_ARI_NYG,00-0036893,Najee Harris,NYG,ARI,rush_yds,betonlineag,23.5,29.61706200652276,35.76332449359529,Under,-114,0.43500000000000005,0.5,-0.18342105263157887,false,0.0,30.0,0.0,0.0,30.0,-1,-1.0
2026_04_ARI_NYG,00-0036893,Najee Harris,NYG,ARI,rush_yds,betmgm,25.5,29.61706200652276,35.76332449359529,Over,-110,0.5275,0.48987854251012153,0.007045454545454466,false,0.0,30.0,0.0,0.0,30.0,1,0.9090909090909091
2026_04_ARI_NYG,00-0036893,Najee Harris,NYG,ARI,rush_yds,betmgm,25.5,29.61706200652276,35.76332449359529,Under,-120,0.47250000000000003,0.5101214574898785,-0.13374999999999992,false,0.0,30.0,0.0,0.0,30.0,-1,-1.0
2026_04_ARI_NYG,00-0036893,Najee Harris,NYG,ARI,rush_yds,bovada,23.5,29.61706200652276,35.76332449359529,Over,-120,0.565,0.5101214574898786,0.03583333333333327,false,0.0,30.0,0.0,0.0,30.0,1,0.8333333333333334
2026_04_ARI_NYG,00-0036893,Najee Harris,NYG,ARI,rush_yds,bovada,23.5,29.61706200652276,35.76332449359529,Under,-110,0.43500000000000005,0.4898785425101214,-0.16954545454545444,false,0.0,30.0,0.0,0.0,30.0,-1,-1.0
2026_04_NE_BUF,00-0040734,TreVeyon Henderson,NE,BUF,rush_yds,draftkings,41.5,28.326070520643285,42.661863817359155,Over,-113,0.275,0.5021058838394474,-0.48163716814159285,false,0.0,42.0,0.0,0.0,42.0,1,0.8849557522123894
2026_04_NE_BUF,00-0040734,TreVeyon Henderson,NE,BUF,rush_yds,draftkings,41.5,28.326070520643285,42.661863817359155,Under,-111,0.725,0.49789411616055257,0.3781531531531531,false,0.0,42.0,0.0,0.0,42.0,-1,-1.0
2026_04_NE_BUF,00-0040734,TreVeyon Henderson,NE,BUF,rush_yds,fanduel,39.5,28.326070520643285,42.661863817359155,Over,-113,0.3025,0.5,-0.4298008849557522,false,0.0,42.0,0.0,0.0,42.0,1,0.8849557522123894
2026_04_NE_BUF,00-0040734,TreVeyon Henderson,NE,BUF,rush_yds,fanduel,39.5,28.326070520643285,42.661863817359155,Under,-113,0.6975,0.5,0.3147566371681416,false,0.0,42.0,0.0,0.0,42.0,-1,-1.0
2026_04_NE_BUF,00-0040734,TreVeyon Henderson,NE,BUF,rush_yds,betonlineag,39.5,28.326070520643285,42.661863817359155,Over,-112,0.3025,0.4969046636401156,-0.4274107142857143,false,0.0,42.0,0.0,0.0,42.0,1,0.8928571428571429
2026_04_NE_BUF,00-0040734,TreVeyon Henderson,NE,BUF,rush_yds,betonlineag,39.5,28.326070520643285,42.661863817359155,Under,-115,0.6975,0.5030953363598845,0.30402173913043473,false,0.0,42.0,0.0,0.0,42.0,-1,-1.0
2026_04_NE_BUF,00-0040734,TreVeyon Henderson,NE,BUF,rush_yds,betrivers,41.5,28.326070520643285,42.661863817359155,Over,-118,0.275,0.5050233081498151,-0.4919491525423728,false,0.0,42.0,0.0,0.0,42.0,1,0.847457627118644
2026_04_NE_BUF,00-0040734,TreVeyon Henderson,NE,BUF,rush_yds,betrivers,41.5,28.326070520643285,42.661863817359155,Under,-113,0.725,0.4949766918501849,0.3665929203539823,false,0.0,42.0,0.0,0.0,42.0,-1,-1.0
2026_04_NE_BUF,00-0040734,TreVeyon Henderson,NE,BUF,rush_yds,betmgm,39.5,28.326070520643285,42.661863817359155,Over,-120,0.3025,0.5090470446320868,-0.4454166666666667,false,0.0,42.0,0.0,0.0,42.0,1,0.8333333333333334
2026_04_NE_BUF,00-0040734,TreVeyon Henderson,NE,BUF,rush_yds,betmgm,39.5,28.326070520643285,42.661863817359155,Under,-111,0.6975,0.49095295536791317,0.3258783783783784,false,0.0,42.0,0.0,0.0,42.0,-1,-1.0
2026_04_NE_BUF,00-0040734,TreVeyon Henderson,NE,BUF,rush_yds,bovada,41.5,28.326070520643285,42.661863817359155,Over,-115,0.275,0.5,-0.4858695652173913,false,0.0,42.0,0.0,0.0,42.0,1,0.8695652173913043
2026_04_NE_BUF,00-0040734,TreVeyon Henderson,NE,BUF,rush_yds,bovada,41.5,28.326070520643285,42.661863817359155,Under,-115,0.725,0.5,0.35543478260869554,false,0.0,42.0,0.0,0.0,42.0,-1,-1.0
2026_04_NE_BUF,00-0033555,Mack Hollins,NE,BUF,rec_yds,draftkings,43.5,36.722583155481914,52.490370479774185,Over,-114,0.37,0.5042122999157539,-0.3054385964912281,false,0.0,0.0,53.0,3.0,53.0,1,0.8771929824561403
2026_04_NE_BUF,00-0033555,Mack Hollins,NE,BUF,rec_yds,draftkings,43.5,36.722583155481914,52.490370479774185,Under,-110,0.63,0.4957877000842461,0.20272727272727276,false,0.0,0.0,53.0,3.0,53.0,-1,-1.0
2026_04_NE_BUF,00-0033555,Mack Hollins,NE,BUF,receptions,draftkings,3.5,3.217331728366343,3.816181603569324,Over,-121,0.445,0.5155112508272668,-0.18723140495867763,false,0.0,0.0,53.0,3.0,3.0,-1,-1.0
2026_04_NE_BUF,00-0033555,Mack Hollins,NE,BUF,receptions,draftkings,3.5,3.217331728366343,3.816181603569324,Under,-106,0.5549999999999999,0.4844887491727332,0.07858490566037724,false,0.0,0.0,53.0,3.0,3.0,1,0.9433962264150944
2026_04_NE_BUF,00-0033555,Mack Hollins,NE,BUF,rec_yds,fanduel,43.5,36.722583155481914,52.490370479774185,Over,-113,0.37,0.5,-0.3025663716814159,false,0.0,0.0,53.0,3.0,53.0,1,0.8849557522123894
2026_04_NE_BUF,00-0033555,Mack Hollins,NE,BUF,rec_yds,fanduel,43.5,36.722583155481914,52.490370479774185,Under,-113,0.63,0.5,0.1875221238938053,false,0.0,0.0,53.0,3.0,53.0,-1,-1.0
2026_04_NE_BUF,00-0033555,Mack Hollins,NE,BUF,receptions,fanduel,3.5,3.217331728366343,3.816181603569324,Over,-130,0.445,0.5281576830249397,-0.21269230769230763,false,0.0,0.0,53.0,3.0,3.0,-1,-1.0
2026_04_NE_BUF,00-0033555,Mack Hollins,NE,BUF,receptions,fanduel,3.5,3.217331728366343,3.816181603569324,Under,-102,0.5549999999999999,0.4718423169750603,0.09911764705882342,false,0.0,0.0,53.0,3.0,3.0,1,0.9803921568627451
2026_04_NE_BUF,00-0033555,Mack Hollins,NE,BUF,rec_yds,betonlineag,43.5,36.722583155481914,52.490370479774185,Over,-116,0.37,0.5051597457277305,-0.3110344827586207,false,0.0,0.0,53.0,3.0,53.0,1,0.8620689655172413
2026_04_NE_BUF,00-0033555,Mack Hollins,NE,BUF,rec_yds,betonlineag,43.5,36.722583155481914,52.490370479774185,Under,-111,0.63,0.4948402542722695,0.19756756756756755,false,0.0,0.0,53.0,3.0,53.0,-1,-1.0
2026_04_NE_BUF,00-0033555,Mack Hollins,NE,BUF,receptions,betonlineag,3.5,3.217331728366343,3.816181603569324,Over,-120,0.445,0.5123152709359606,-0.1841666666666666,false,0.0,0.0,53.0,3.0,3.0,-1,-1.0
2026_04_NE_BUF,00-0033555,Mack Hollins,NE,BUF,receptions,betonlineag,3.5,3.217331728366343,3.816181603569324,Under,-108,0.5549999999999999,0.48768472906403937,0.06888888888888878,false,0.0,0.0,53.0,3.0,3.0,1,0.9259259259259259
2026_04_NE_BUF,00-0033555,Mack Hollins,NE,BUF,rec_yds,betrivers,43.5,36.722583155481914,52.490370479774185,Over,-115,0.37,0.5,-0.3082608695652174,false,0.0,0.0,53.0,3.0,53.0,1,0.8695652173913043
2026_04_NE_BUF,00-0033555,Mack Hollins,NE,BUF,rec_yds,betrivers,43.5,36.722583155481914,52.490370479774185,Under,-115,0.63,0.5,0.1778260869565217,false,0.0,0.0,53.0,3.0,53.0,-1,-1.0
2026_04_NE_BUF,00-0033555,Mack Hollins,NE,BUF,receptions,betrivers,3.5,3.217331728366343,3.816181603569324,Over,-134,0.445,,-0.22291044776119395,false,0.0,0.0,53.0,3.0,3.0,-1,-1.0
2026_04_NE_BUF,00-0033555,Mack Hollins,NE,BUF,rec_yds,betmgm,44.5,36.722583155481914,52.490370479774185,Over,-115,0.3575,0.5,-0.3316304347826088,false,0.0,0.0,53.0,3.0,53.0,1,0.8695652173913043
2026_04_NE_BUF,00-0033555,Mack Hollins,NE,BUF,rec_yds,betmgm,44.5,36.722583155481914,52.490370479774185,Under,-115,0.6425000000000001,0.5,0.2011956521739131,false,0.0,0.0,53.0,3.0,53.0,-1,-1.0
2026_04_NE_BUF,00-0033555,Mack Hollins,NE,BUF,receptions,betmgm,3.5,3.217331728366343,3.816181603569324,Over,-111,0.445,0.4928711096627016,-0.15409909909909902,false,0.0,0.0,53.0,3.0,3.0,-1,-1.0
2026_04_NE_BUF,00-0033555,Mack Hollins,NE,BUF,receptions,betmgm,3.5,3.217331728366343,3.816181603569324,Under,-118,0.5549999999999999,0.5071288903372984,0.025338983050847308,false,0.0,0.0,53.0,3.0,3.0,1,0.847457627118644
2026_04_NE_BUF,00-0033555,Mack Hollins,NE,BUF,rec_yds,bovada,43.5,36.722583155481914,52.490370479774185,Over,-115,0.37,0.5,-0.3082608695652174,false,0.0,0.0,53.0,3.0,53.0,1,0.8695652173913043
2026_04_NE_BUF,00-0033555,Mack Hollins,NE,BUF,rec_yds,bovada,43.5,36.722583155481914,52.490370479774185,Under,-115,0.63,0.5,0.1778260869565217,false,0.0,0.0,53.0,3.0,53.0,-1,-1.0
2026_04_NE_BUF,00-0033555,Mack Hollins,NE,BUF,receptions,bovada,3.5,3.217331728366343,3.816181603569324,Over,-125,0.445,0.5203045685279188,-0.1989999999999999,false,0.0,0.0,53.0,3.0,3.0,-1,-1.0
2026_04_NE_BUF,00-0033555,Mack Hollins,NE,BUF,receptions,bovada,3.5,3.217331728366343,3.816181603569324,Under,-105,0.5549999999999999,0.47969543147208116,0.08357142857142841,false,0.0,0.0,53.0,3.0,3.0,1,0.9523809523809523
2026_04_JAX_CIN,00-0038597,Chase Brown,CIN,JAX,rec_yds,draftkings,18.5,16.181682183732107,21.48257505684939,Over,-115,0.42,0.5063197809142617,-0.21478260869565224,false,0.0,10.0,71.0,11.0,71.0,1,0.8695652173913043
2026_04_JAX_CIN,00-0038597,Chase Brown,CIN,JAX,rec_yds,draftkings,18.5,16.181682183732107,21.48257505684939,Under,-109,0.5800000000000001,0.49368021908573834,0.11211009174311948,false,0.0,10.0,71.0,11.0,71.0,-1,-1.0
2026_04_JAX_CIN,00-0038597,Chase Brown,CIN,JAX,receptions,draftkings,3.5,3.0709059843611493,3.816125408200252,Over,116,0.38,0.4368658399098083,-0.17920000000000003,false,0.0,10.0,71.0,11.0,11.0,1,1.16
2026_04_JAX_CIN,00-0038597,Chase Brown,CIN,JAX,receptions,draftkings,3.5,3.0709059843611493,3.816125408200252,Under,-148,0.62,0.5631341600901917,0.03891891891891891,false,0.0,10.0,71.0,11.0,11.0,-1,-1.0
2026_04_JAX_CIN,00-0038597,Chase Brown,CIN,JAX,rush_yds,draftkings,60.5,61.529956222398425,67.70413153460086,Over,-115,0.5275,0.5052301255230126,-0.013804347826087027,false,0.0,10.0,71.0,11.0,10.0,-1,-1.0
2026_04_JAX_CIN,00-0038597,Chase Brown,CIN,JAX,rush_yds,draftkings,60.5,61.529956222398425,67.70413153460086,Under,-110,0.47250000000000003,0.4947698744769874,-0.0979545454545454,false,0.0,10.0,71.0,11.0,10.0,1,0.9090909090909091
2026_04_JAX_CIN,00-0038597,Chase Brown,CIN,JAX,rec_yds,fanduel,19.5,16.181682183732107,21.48257505684939,Over,-113,0.4025,0.5,-0.24130530973451314,false,0.0,10.0,71.0,11.0,71.0,1,0.8849557522123894
2026_04_JAX_CIN,00-0038597,Chase Brown,CIN,JAX,rec_yds,fanduel,19.5,16.181682183732107,21.48257505684939,Under,-113,0.5974999999999999,0.5,0.12626106194690256,false,0.0,10.0,71.0,11.0,71.0,-1,-1.0
2026_04_JAX_CIN,00-0038597,Chase Brown,CIN,JAX,receptions,fanduel,3.5,3.0709059843611493,3.816125408200252,Over,110,0.38,0.4451682953311618,-0.20199999999999996,false,0.0,10.0,71.0,11.0,11.0,1,1.1
2026_04_JAX_CIN,00-0038597,Chase Brown,CIN,JAX,receptions,fanduel,3.5,3.0709059843611493,3.816125408200252,Under,-146,0.62,0.5548317046688382,0.044657534246575314,false,0.0,10.0,71.0,11.0,11.0,-1,-1.0
2026_04_JAX_CIN,00-0038597,Chase Brown,CIN,JAX,rush_yds,fanduel,60.5,61.529956222398425,67.70413153460086,Over,-113,0.5275,0.5,-0.005685840707964629,false,0.0,10.0,71.0,11.0,10.0,-1,-1.0
2026_04_JAX_CIN,00-0038597,Chase Brown,CIN,JAX,rush_yds,fanduel,60.5,61.529956222398425,67.70413153460086,Under,-113,0.47250000000000003,0.5,-0.10935840707964595,false,0.0,10.0,71.0,11.0,10.0,1,0.8849557522123894
2026_04_JAX_CIN,00-0038597,Chase Brown,CIN,JAX,rec_yds,betonlineag,19.5,16.181682183732107,21.48257505684939,Over,-114,0.4025,0.5,-0.24442982456140344,false,0.0,10.0,71.0,11.0,71.0,1,0.8771929824561403
2026_04_JAX_CIN,00-0038597,Chase Brown,CIN,JAX,rec_yds,betonlineag,19.5,16.181682183732107,21.48257505684939,Under,-114,0.5974999999999999,0.5,0.12162280701754369,false,0.0,10.0,71.0,11.0,71.0,-1,-1.0
2026_04_JAX_CIN,00-0038597,Chase Brown,CIN,JAX,receptions,betonlineag,3.5,3.0709059843611493,3.816125408200252,Over,117,0.38,0.43310875842155927,-0.1754,false,0.0,10.0,71.0,11.0,11.0,1,1.17
2026_04_JAX_CIN,00-0038597,Chase Brown,CIN,JAX,receptions,betonlineag,3.5,3.0709059843611493,3.816125408200252,Under,-152,0.62,0.5668912415784407,0.027894736842105305,false,0.0,10.0,71.0,11.0,11.0,-1,-1.0
2026_04_JAX_CIN,00-0038597,Chase Brown,CIN,JAX,rush_yds,betonlineag,58.5,61.529956222398425,67.70413153460086,Over,-114,0.545,0.5,0.02307017543859652,false,0.0,10.0,71.0,11.0,10.0,-1,-1.0
2026_04_JAX_CIN,00-0038597,Chase Brown,CIN,JAX,rush_yds,betonlineag,58.5,61.529956222398425,67.70413153460086,Under,-114,0.45499999999999996,0.5,-0.14587719298245622,false,0.0,10.0,71.0,11.0,10.0,1,0.8771929824561403
2026_04_JAX_CIN,00-0038597,Chase Brown,CIN,JAX,rec_yds,betrivers,19.5,16.181682183732107,21.48257505684939,Over,-114,0.4025,0.4989820846905537,-0.24442982456140344,false,0.0,10.0,71.0,11.0,71.0,1,0.8771929824561403
2026_04_JAX_CIN,00-0038597,Chase Brown,CIN,JAX,rec_yds,betrivers,19.5,16.181682183732107,21.48257505684939,Under,-115,0.5974999999999999,0.5010179153094463,0.11706521739130415,false,0.0,10.0,71.0,11.0,71.0,-1,-1.0
2026_04_JAX_CIN,00-0038597,Chase Brown,CIN,JAX,receptions,betrivers,3.5,3.0709059843611493,3.816125408200252,Over,108,0.38,,-0.20959999999999995,false,0.0,10.0,71.0,11.0,11.0,1,1.08
2026_04_JAX_CIN,00-0038597,Chase Brown,CIN,JAX,rush_yds,betrivers,63.5,61.529956222398425,67.70413153460086,Over,-117,0.495,0.5040451438048622,-0.08192307692307693,false,0.0,10.0,71.0,11.0,10.0,-1,-1.0
2026_04_JAX_CIN,00-0038597,Chase Brown,CIN,JAX,rush_yds,betrivers,63.5,61.529956222398425,67.70413153460086,Under,-113,0.505,0.4959548561951378,-0.04809734513274333,false,0.0,10.0,71.0,11.0,10.0,1,0.8849557522123894
2026_04_JAX_CIN,00-0038597,Chase Brown,CIN,JAX,rec_yds,betmgm,19.5,16.181682183732107,21.48257505684939,Over,-115,0.4025,0.5,-0.2474999999999999,false,0.0,10.0,71.0,11.0,71.0,1,0.8695652173913043
2026_04_JAX_CIN,00-0038597,Chase Brown,CIN,JAX,rec_yds,betmgm,19.5,16.181682183732107,21.48257505684939,Under,-115,0.5974999999999999,0.5,0.11706521739130415,false,0.0,10.0,71.0,11.0,71.0,-1,-1.0
2026_04_JAX_CIN,00-0038597,Chase Brown,CIN,JAX,receptions,betmgm,3.5,3.0709059843611493,3.816125408200252,Over,120,0.38,0.4248366013071895,-0.16400000000000003,false,0.0,10.0,71.0,11.0,11.0,1,1.2
2026_04_JAX_CIN,00-0038597,Chase Brown,CIN,JAX,receptions,betmgm,3.5,3.0709059843611493,3.816125408200252,Under,-160,0.62,0.5751633986928105,0.007500000000000007,false,0.0,10.0,71.0,11.0,11.0,-1,-1.0
2026_04_JAX_CIN,00-0038597,Chase Brown,CIN,JAX,rush_yds,betmgm,62.5,61.529956222398425,67.70413153460086,Over,-105,0.5075,0.4796954314720812,-0.009166666666666767,false,0.0,10.0,71.0,11.0,10.0,-1,-1.0
2026_04_JAX_CIN,00-0038597,Chase Brown,CIN,JAX,rush_yds,betmgm,62.5,61.529956222398425,67.70413153460086,Under,-125,0.49250000000000005,0.5203045685279188,-0.11349999999999988,false,0.0,10.0,71.0,11.0,10.0,1,0.8
2026_04_JAX_CIN,00-0038597,Chase Brown,CIN,JAX,rec_yds,bovada,18.5,16.181682183732107,21.48257505684939,Over,-120,0.42,0.5101214574898786,-0.2300000000000001,false,0.0,10.0,71.0,11.0,71.0,1,0.8333333333333334
2026_04_JAX_CIN,00-0038597,Chase Brown,CIN,JAX,rec_yds,bovada,18.5,16.181682183732107,21.48257505684939,Under,-110,0.5800000000000001,0.4898785425101214,0.10727272727272741,false,0.0,10.0,71.0,11.0,71.0,-1,-1.0
2026_04_JAX_CIN,00-0038597,Chase Brown,CIN,JAX,receptions,bovada,3.5,3.0709059843611493,3.816125408200252,Over,115,0.38,0.43668122270742354,-0.18300000000000005,false,0.0,10.0,71.0,11.0,11.0,1,1.15
2026_04_JAX_CIN,00-0038597,Chase Brown,CIN,JAX,receptions,bovada,3.5,3.0709059843611493,3.816125408200252,Under,-150,0.62,0.5633187772925765,0.033333333333333326,false,0.0,10.0,71.0,11.0,11.0,-1,-1.0
2026_04_JAX_CIN,00-0038597,Chase Brown,CIN,JAX,rush_yds,bovada,60.5,61.529956222398425,67.70413153460086,Over,-120,0.5275,0.5101214574898786,-0.032916666666666705,false,0.0,10.0,71.0,11.0,10.0,-1,-1.0
2026_04_JAX_CIN,00-0038597,Chase Brown,CIN,JAX,rush_yds,bovada,60.5,61.529956222398425,67.70413153460086,Under,-110,0.47250000000000003,0.4898785425101214,-0.0979545454545454,false,0.0,10.0,71.0,11.0,10.0,1,0.9090909090909091
2026_04_LA_PHI,00-0040867,Makai Lemon,PHI,LA,rec_yds,draftkings,36.5,19.156313258656684,14.614195131168584,Over,-112,0.2375,0.5,-0.5504464285714286,true,0.0,0.0,27.0,3.0,27.0,-1,-1.0
2026_04_LA_PHI,00-0040867,Makai Lemon,PHI,LA,rec_yds,draftkings,36.5,19.156313258656684,14.614195131168584,Under,-112,0.7625,0.5,0.44330357142857135,true,0.0,0.0,27.0,3.0,27.0,1,0.8928571428571429
2026_04_LA_PHI,00-0040867,Makai Lemon,PHI,LA,receptions,draftkings,3.5,2.400688908467825,2.339956546029059,Over,-125,0.2775,0.5238589211618258,-0.5005,true,0.0,0.0,27.0,3.0,3.0,-1,-1.0
2026_04_LA_PHI,00-0040867,Makai Lemon,PHI,LA,receptions,draftkings,3.5,2.400688908467825,2.339956546029059,Under,-102,0.7224999999999999,0.47614107883817425,0.4308333333333332,true,0.0,0.0,27.0,3.0,3.0,1,0.9803921568627451
2026_04_LA_PHI,00-0040867,Makai Lemon,PHI,LA,rec_yds,fanduel,35.5,19.156313258656684,14.614195131168584,Over,-113,0.2425,0.5,-0.5428982300884957,true,0.0,0.0,27.0,3.0,27.0,-1,-1.0
2026_04_LA_PHI,00-0040867,Makai Lemon,PHI,LA,rec_yds,fanduel,35.5,19.156313258656684,14.614195131168584,Under,-113,0.7575000000000001,0.5,0.4278539823008851,true,0.0,0.0,27.0,3.0,27.0,1,0.8849557522123894
2026_04_LA_PHI,00-0040867,Makai Lemon,PHI,LA,receptions,fanduel,3.5,2.400688908467825,2.339956546029059,Over,-110,0.2775,0.48987854251012153,-0.47022727272727266,true,0.0,0.0,27.0,3.0,3.0,-1,-1.0
2026_04_LA_PHI,00-0040867,Makai Lemon,PHI,LA,receptions,fanduel,3.5,2.400688908467825,2.339956546029059,Under,-120,0.7224999999999999,0.5101214574898785,0.3245833333333332,true,0.0,0.0,27.0,3.0,3.0,1,0.8333333333333334
2026_04_LA_PHI,00-0040867,Makai Lemon,PHI,LA,rec_yds,betonlineag,35.5,19.156313258656684,14.614195131168584,Over,-122,0.2425,0.516439256945586,-0.5587295081967214,true,0.0,0.0,27.0,3.0,27.0,-1,-1.0
2026_04_LA_PHI,00-0040867,Makai Lemon,PHI,LA,rec_yds,betonlineag,35.5,19.156313258656684,14.614195131168584,Under,-106,0.7575000000000001,0.483560743054414,0.47212264150943406,true,0.0,0.0,27.0,3.0,27.0,1,0.9433962264150944
2026_04_LA_PHI,00-0040867,Makai Lemon,PHI,LA,receptions,betonlineag,3.5,2.400688908467825,2.339956546029059,Over,-120,0.2775,0.5123152709359606,-0.49124999999999985,true,0.0,0.0,27.0,3.0,3.0,-1,-1.0
2026_04_LA_PHI,00-0040867,Makai Lemon,PHI,LA,receptions,betonlineag,3.5,2.400688908467825,2.339956546029059,Under,-108,0.7224999999999999,0.48768472906403937,0.3914814814814813,true,0.0,0.0,27.0,3.0,3.0,1,0.9259259259259259
2026_04_LA_PHI,00-0040867,Makai Lemon,PHI,LA,rec_yds,betrivers,35.5,19.156313258656684,14.614195131168584,Over,-118,0.2425,0.5050233081498151,-0.5519915254237289,true,0.0,0.0,27.0,3.0,27.0,-1,-1.0
2026_04_LA_PHI,00-0040867,Makai Lemon,PHI,LA,rec_yds,betrivers,35.5,19.156313258656684,14.614195131168584,Under,-113,0.7575000000000001,0.4949766918501849,0.4278539823008851,true,0.0,0.0,27.0,3.0,27.0,1,0.8849557522123894
2026_04_LA_PHI,00-0040867,Makai Lemon,PHI,LA,receptions,betrivers,3.5,2.400688908467825,2.339956546029059,Over,-112,0.2775,,-0.4747321428571427,true,0.0,0.0,27.0,3.0,3.0,-1,-1.0
2026_04_LA_PHI,00-0040867,Makai Lemon,PHI,LA,rec_yds,betmgm,34.5,19.156313258656684,14.614195131168584,Over,-120,0.2525,0.5090470446320868,-0.5370833333333334,true,0.0,0.0,27.0,3.0,27.0,-1,-1.0
2026_04_LA_PHI,00-0040867,Makai Lemon,PHI,LA,rec_yds,betmgm,34.5,19.156313258656684,14.614195131168584,Under,-111,0.7475,0.49095295536791317,0.4209234234234235,true,0.0,0.0,27.0,3.0,27.0,1,0.9009009009009009
2026_04_LA_PHI,00-0040867,Makai Lemon,PHI,LA,receptions,betmgm,3.5,2.400688908467825,2.339956546029059,Over,-115,0.2775,0.5,-0.4811956521739129,true,0.0,0.0,27.0,3.0,3.0,-1,-1.0
2026_04_LA_PHI,00-0040867,Makai Lemon,PHI,LA,receptions,betmgm,3.5,2.400688908467825,2.339956546029059,Under,-115,0.7224999999999999,0.5,0.35076086956521724,true,0.0,0.0,27.0,3.0,3.0,1,0.8695652173913043
2026_04_LA_PHI,00-0040867,Makai Lemon,PHI,LA,rec_yds,bovada,36.5,19.156313258656684,14.614195131168584,Over,-115,0.2375,0.5,-0.5559782608695651,true,0.0,0.0,27.0,3.0,27.0,-1,-1.0
2026_04_LA_PHI,00-0040867,Makai Lemon,PHI,LA,rec_yds,bovada,36.5,19.156313258656684,14.614195131168584,Under,-115,0.7625,0.5,0.42554347826086947,true,0.0,0.0,27.0,3.0,27.0,1,0.8695652173913043
2026_04_LA_PHI,00-0040867,Makai Lemon,PHI,LA,receptions,bovada,3.5,2.400688908467825,2.339956546029059,Over,-125,0.2775,0.5203045685279188,-0.5005,true,0.0,0.0,27.0,3.0,3.0,-1,-1.0
2026_04_LA_PHI,00-0040867,Makai Lemon,PHI,LA,receptions,bovada,3.5,2.400688908467825,2.339956546029059,Under,-105,0.7224999999999999,0.47969543147208116,0.4105952380952379,true,0.0,0.0,27.0,3.0,3.0,1,0.9523809523809523
2026_04_LAC_SEA,00-0037545,Rashid Shaheed,SEA,LAC,rec_yds,draftkings,22.5,19.934265193715923,23.72644101762443,Over,-110,0.39,0.4947698744769875,-0.25545454545454543,false,0.0,33.0,20.0,1.0,20.0,-1,-1.0
2026_04_LAC_SEA,00-0037545,Rashid Shaheed,SEA,LAC,rec_yds,draftkings,22.5,19.934265193715923,23.72644101762443,Under,-115,0.61,0.5052301255230125,0.14043478260869557,false,0.0,33.0,20.0,1.0,20.0,1,0.8695652173913043
2026_04_LAC_SEA,00-0037545,Rashid Shaheed,SEA,LAC,receptions,draftkings,2.5,1.8890699215990467,1.9077192680200037,Over,141,0.3125,0.3913296883239432,-0.246875,false,0.0,33.0,20.0,1.0,1.0,-1,-1.0
2026_04_LAC_SEA,00-0037545,Rashid Shaheed,SEA,LAC,receptions,draftkings,2.5,1.8890699215990467,1.9077192680200037,Under,-182,0.6875,0.6086703116760568,0.06524725274725279,false,0.0,33.0,20.0,1.0,1.0,1,0.5494505494505495
2026_04_LAC_SEA,00-0037545,Rashid Shaheed,SEA,LAC,rec_yds,fanduel,23.5,19.934265193715923,23.72644101762443,Over,-113,0.3875,0.5,-0.2695796460176991,false,0.0,33.0,20.0,1.0,20.0,-1,-1.0
2026_04_LAC_SEA,00-0037545,Rashid Shaheed,SEA,LAC,rec_yds,fanduel,23.5,19.934265193715923,23.72644101762443,Under,-113,0.6125,0.5,0.15453539823008866,false,0.0,33.0,20.0,1.0,20.0,1,0.8849557522123894
2026_04_LAC_SEA,00-0037545,Rashid Shaheed,SEA,LAC,receptions,fanduel,2.5,1.8890699215990467,1.9077192680200037,Over,124,0.3125,0.41703248463564524,-0.3,false,0.0,33.0,20.0,1.0,1.0,-1,-1.0
2026_04_LAC_SEA,00-0037545,Rashid Shaheed,SEA,LAC,receptions,fanduel,2.5,1.8890699215990467,1.9077192680200037,Under,-166,0.6875,0.5829675153643548,0.10165662650602414,false,0.0,33.0,20.0,1.0,1.0,1,0.6024096385542169
2026_04_LAC_SEA,00-0037545,Rashid Shaheed,SEA,LAC,rec_yds,betonlineag,22.5,19.934265193715923,23.72644101762443,Over,-115,0.39,0.5030953363598846,-0.2708695652173913,false,0.0,33.0,20.0,1.0,20.0,-1,-1.0
2026_04_LAC_SEA,00-0037545,Rashid Shaheed,SEA,LAC,rec_yds,betonlineag,22.5,19.934265193715923,23.72644101762443,Under,-112,0.61,0.49690466364011543,0.1546428571428572,false,0.0,33.0,20.0,1.0,20.0,1,0.8928571428571429
2026_04_LAC_SEA,00-0037545,Rashid Shaheed,SEA,LAC,receptions,betonlineag,2.5,1.8890699215990467,1.9077192680200037,Over,134,0.3125,0.40175310445580714,-0.26875,false,0.0,33.0,20.0,1.0,1.0,-1,-1.0
2026_04_LAC_SEA,00-0037545,Rashid Shaheed,SEA,LAC,receptions,betonlineag,2.5,1.8890699215990467,1.9077192680200037,Under,-175,0.6875,0.5982468955441929,0.08035714285714285,false,0.0,33.0,20.0,1.0,1.0,1,0.5714285714285714
2026_04_LAC_SEA,00-0037545,Rashid Shaheed,SEA,LAC,rec_yds,betrivers,19.5,19.934265193715923,23.72644101762443,Over,-120,0.455,0.5079872204472844,-0.16583333333333322,false,0.0,33.0,20.0,1.0,20.0,1,0.8333333333333334
2026_04_LAC_SEA,00-0037545,Rashid Shaheed,SEA,LAC,rec_yds,betrivers,19.5,19.934265193715923,23.72644101762443,Under,-112,0.5449999999999999,0.4920127795527156,0.03160714285714272,false,0.0,33.0,20.0,1.0,20.0,-1,-1.0
2026_04_LAC_SEA,00-0037545,Rashid Shaheed,SEA,LAC,receptions,betrivers,2.5,1.8890699215990467,1.9077192680200037,Over,155,0.3125,,-0.203125,false,0.0,33.0,20.0,1.0,1.0,-1,-1.0
2026_04_LAC_SEA,00-0037545,Rashid Shaheed,SEA,LAC,rec_yds,betmgm,22.5,19.934265193715923,23.72644101762443,Over,-120,0.39,0.5090470446320868,-0.285,false,0.0,33.0,20.0,1.0,20.0,-1,-1.0
2026_04_LAC_SEA,00-0037545,Rashid Shaheed,SEA,LAC,rec_yds,betmgm,22.5,19.934265193715923,23.72644101762443,Under,-111,0.61,0.49095295536791317,0.15954954954954959,false,0.0,33.0,20.0,1.0,20.0,1,0.9009009009009009
2026_04_LAC_SEA,00-0037545,Rashid Shaheed,SEA,LAC,receptions,betmgm,2.5,1.8890699215990467,1.9077192680200037,Over,130,0.3125,0.40590405904059046,-0.28125,false,0.0,33.0,20.0,1.0,1.0,-1,-1.0
2026_04_LAC_SEA,00-0037545,Rashid Shaheed,SEA,LAC,receptions,betmgm,2.5,1.8890699215990467,1.9077192680200037,Under,-175,0.6875,0.5940959409594095,0.08035714285714285,false,0.0,33.0,20.0,1.0,1.0,1,0.5714285714285714
2026_04_LAC_SEA,00-0037545,Rashid Shaheed,SEA,LAC,rec_yds,bovada,22.5,19.934265193715923,23.72644101762443,Over,-110,0.39,0.48987854251012153,-0.25545454545454543,false,0.0,33.0,20.0,1.0,20.0,-1,-1.0
2026_04_LAC_SEA,00-0037545,Rashid Shaheed,SEA,LAC,rec_yds,bovada,22.5,19.934265193715923,23.72644101762443,Under,-120,0.61,0.5101214574898785,0.11833333333333329,false,0.0,33.0,20.0,1.0,20.0,1,0.8333333333333334
2026_04_LAC_SEA,00-0037545,Rashid Shaheed,SEA,LAC,receptions,bovada,2.5,1.8890699215990467,1.9077192680200037,Over,140,0.3125,0.39094650205761317,-0.25,false,0.0,33.0,20.0,1.0,1.0,-1,-1.0
2026_04_LAC_SEA,00-0037545,Rashid Shaheed,SEA,LAC,receptions,bovada,2.5,1.8890699215990467,1.9077192680200037,Under,-185,0.6875,0.6090534979423868,0.059121621621621656,false,0.0,33.0,20.0,1.0,1.0,1,0.5405405405405406
2026_04_TEN_BAL,00-0035261,Tony Pollard,TEN,BAL,rush_yds,draftkings,50.5,50.199722050797185,67.27707803559272,Over,-112,0.5475,0.5,0.03633928571428574,false,0.0,48.0,2.0,2.0,48.0,-1,-1.0
2026_04_TEN_BAL,00-0035261,Tony Pollard,TEN,BAL,rush_yds,draftkings,50.5,50.199722050797185,67.27707803559272,Under,-112,0.4525,0.5,-0.14348214285714284,false,0.0,48.0,2.0,2.0,48.0,1,0.8928571428571429
2026_04_TEN_BAL,00-0035261,Tony Pollard,TEN,BAL,rush_yds,fanduel,48.5,50.199722050797185,67.27707803559272,Over,-113,0.555,0.5,0.0461504424778762,false,0.0,48.0,2.0,2.0,48.0,-1,-1.0
2026_04_TEN_BAL,00-0035261,Tony Pollard,TEN,BAL,rush_yds,fanduel,48.5,50.199722050797185,67.27707803559272,Under,-113,0.44499999999999995,0.5,-0.16119469026548677,false,0.0,48.0,2.0,2.0,48.0,1,0.8849557522123894
2026_04_TEN_BAL,00-0035261,Tony Pollard,TEN,BAL,rush_yds,betonlineag,48.5,50.199722050797185,67.27707803559272,Over,-110,0.555,0.49179655455291227,0.05954545454545457,false,0.0,48.0,2.0,2.0,48.0,-1,-1.0
2026_04_TEN_BAL,00-0035261,Tony Pollard,TEN,BAL,rush_yds,betonlineag,48.5,50.199722050797185,67.27707803559272,Under,-118,0.44499999999999995,0.5082034454470877,-0.1778813559322035,false,0.0,48.0,2.0,2.0,48.0,1,0.847457627118644
2026_04_TEN_BAL,00-0035261,Tony Pollard,TEN,BAL,rush_yds,betrivers,46.5,50.199722050797185,67.27707803559272,Over,-118,0.565,0.5050233081498151,0.04381355932203379,false,0.0,48.0,2.0,2.0,48.0,1,0.847457627118644
2026_04_TEN_BAL,00-0035261,Tony Pollard,TEN,BAL,rush_yds,betrivers,46.5,50.199722050797185,67.27707803559272,Under,-113,0.43500000000000005,0.4949766918501849,-0.18004424778761052,false,0.0,48.0,2.0,2.0,48.0,-1,-1.0
2026_04_TEN_BAL,00-0035261,Tony Pollard,TEN,BAL,rush_yds,betmgm,46.5,50.199722050797185,67.27707803559272,Over,-125,0.565,0.5203045685279188,0.016999999999999904,false,0.0,48.0,2.0,2.0,48.0,1,0.8
2026_04_TEN_BAL,00-0035261,Tony Pollard,TEN,BAL,rush_yds,betmgm,46.5,50.199722050797185,67.27707803559272,Under,-105,0.43500000000000005,0.47969543147208116,-0.15071428571428563,false,0.0,48.0,2.0,2.0,48.0,-1,-1.0
2026_04_TEN_BAL,00-0035261,Tony Pollard,TEN,BAL,rush_yds,bovada,50.5,50.199722050797185,67.27707803559272,Over,-115,0.5475,0.5,0.02358695652173909,false,0.0,48.0,2.0,2.0,48.0,-1,-1.0
2026_04_TEN_BAL,00-0035261,Tony Pollard,TEN,BAL,rush_yds,bovada,50.5,50.199722050797185,67.27707803559272,Under,-115,0.4525,0.5,-0.15402173913043476,false,0.0,48.0,2.0,2.0,48.0,1,0.8695652173913043
2026_04_NE_BUF,00-0037816,Romeo Doubs,NE,BUF,rec_yds,draftkings,39.5,33.896024241992706,54.978192336891304,Over,-113,0.4275,0.5021058838394474,-0.19418141592920352,false,0.0,0.0,58.0,6.0,58.0,1,0.8849557522123894
2026_04_NE_BUF,00-0037816,Romeo Doubs,NE,BUF,rec_yds,draftkings,39.5,33.896024241992706,54.978192336891304,Under,-111,0.5725,0.49789411616055257,0.08826576576576584,false,0.0,0.0,58.0,6.0,58.0,-1,-1.0
2026_04_NE_BUF,00-0037816,Romeo Doubs,NE,BUF,receptions,draftkings,3.5,2.9825465651996668,3.2326499344358424,Over,113,0.3675,0.44305636257989545,-0.2172250000000001,false,0.0,0.0,58.0,6.0,6.0,1,1.13
2026_04_NE_BUF,00-0037816,Romeo Doubs,NE,BUF,receptions,draftkings,3.5,2.9825465651996668,3.2326499344358424,Under,-144,0.6325000000000001,0.5569436374201046,0.07173611111111122,false,0.0,0.0,58.0,6.0,6.0,-1,-1.0
2026_04_NE_BUF,00-0037816,Romeo Doubs,NE,BUF,rec_yds,fanduel,39.5,33.896024241992706,54.978192336891304,Over,-113,0.4275,0.5,-0.19418141592920352,false,0.0,0.0,58.0,6.0,58.0,1,0.8849557522123894
2026_04_NE_BUF,00-0037816,Romeo Doubs,NE,BUF,rec_yds,fanduel,39.5,33.896024241992706,54.978192336891304,Under,-113,0.5725,0.5,0.079137168141593,false,0.0,0.0,58.0,6.0,58.0,-1,-1.0
2026_04_NE_BUF,00-0037816,Romeo Doubs,NE,BUF,receptions,fanduel,3.5,2.9825465651996668,3.2326499344358424,Over,112,0.3675,0.4414696667616063,-0.22090000000000004,false,0.0,0.0,58.0,6.0,6.0,1,1.12
2026_04_NE_BUF,00-0037816,Romeo Doubs,NE,BUF,receptions,fanduel,3.5,2.9825465651996668,3.2326499344358424,Under,-148,0.6325000000000001,0.5585303332383937,0.059864864864864975,false,0.0,0.0,58.0,6.0,6.0,-1,-1.0
2026_04_NE_BUF,00-0037816,Romeo Doubs,NE,BUF,rec_yds,betonlineag,39.5,33.896024241992706,54.978192336891304,Over,-116,0.4275,0.5051597457277305,-0.20396551724137935,false,0.0,0.0,58.0,6.0,58.0,1,0.8620689655172413
2026_04_NE_BUF,00-0037816,Romeo Doubs,NE,BUF,rec_yds,betonlineag,39.5,33.896024241992706,54.978192336891304,Under,-111,0.5725,0.4948402542722695,0.08826576576576584,false,0.0,0.0,58.0,6.0,58.0,-1,-1.0
2026_04_NE_BUF,00-0037816,Romeo Doubs,NE,BUF,receptions,betonlineag,3.5,2.9825465651996668,3.2326499344358424,Over,115,0.3675,0.43734082725915513,-0.2098750000000001,false,0.0,0.0,58.0,6.0,6.0,1,1.15
2026_04_NE_BUF,00-0037816,Romeo Doubs,NE,BUF,receptions,betonlineag,3.5,2.9825465651996668,3.2326499344358424,Under,-149,0.6325000000000001,0.5626591727408449,0.05699664429530216,false,0.0,0.0,58.0,6.0,6.0,-1,-1.0
2026_04_NE_BUF,00-0037816,Romeo Doubs,NE,BUF,rec_yds,betrivers,39.5,33.896024241992706,54.978192336891304,Over,-115,0.4275,0.5,-0.20076086956521744,false,0.0,0.0,58.0,6.0,58.0,1,0.8695652173913043
2026_04_NE_BUF,00-0037816,Romeo Doubs,NE,BUF,rec_yds,betrivers,39.5,33.896024241992706,54.978192336891304,Under,-115,0.5725,0.5,0.07032608695652176,false,0.0,0.0,58.0,6.0,58.0,-1,-1.0
2026_04_NE_BUF,00-0037816,Romeo Doubs,NE,BUF,receptions,betrivers,3.5,2.9825465651996668,3.2326499344358424,Over,116,0.3675,,-0.2062000000000001,false,0.0,0.0,58.0,6.0,6.0,1,1.16
2026_04_NE_BUF,00-0037816,Romeo Doubs,NE,BUF,rec_yds,betmgm,38.5,33.896024241992706,54.978192336891304,Over,-115,0.4375,0.5,-0.18206521739130438,false,0.0,0.0,58.0,6.0,58.0,1,0.8695652173913043
2026_04_NE_BUF,00-0037816,Romeo Doubs,NE,BUF,rec_yds,betmgm,38.5,33.896024241992706,54.978192336891304,Under,-115,0.5625,0.5,0.0516304347826087,false,0.0,0.0,58.0,6.0,58.0,-1,-1.0
2026_04_NE_BUF,00-0037816,Romeo Doubs,NE,BUF,receptions,betmgm,3.5,2.9825465651996668,3.2326499344358424,Over,125,0.3675,0.4165029469548133,-0.17312500000000008,false,0.0,0.0,58.0,6.0,6.0,1,1.25
2026_04_NE_BUF,00-0037816,Romeo Doubs,NE,BUF,receptions,betmgm,3.5,2.9825465651996668,3.2326499344358424,Under,-165,0.6325000000000001,0.5834970530451866,0.01583333333333342,false,0.0,0.0,58.0,6.0,6.0,-1,-1.0
2026_04_NE_BUF,00-0037816,Romeo Doubs,NE,BUF,rec_yds,bovada,39.5,33.896024241992706,54.978192336891304,Over,-115,0.4275,0.5,-0.20076086956521744,false,0.0,0.0,58.0,6.0,58.0,1,0.8695652173913043
2026_04_NE_BUF,00-0037816,Romeo Doubs,NE,BUF,rec_yds,bovada,39.5,33.896024241992706,54.978192336891304,Under,-115,0.5725,0.5,0.07032608695652176,false,0.0,0.0,58.0,6.0,58.0,-1,-1.0
2026_04_NE_BUF,00-0037816,Romeo Doubs,NE,BUF,receptions,bovada,3.5,2.9825465651996668,3.2326499344358424,Over,110,0.3675,0.4458598726114649,-0.22825000000000006,false,0.0,0.0,58.0,6.0,6.0,1,1.1
2026_04_NE_BUF,00-0037816,Romeo Doubs,NE,BUF,receptions,bovada,3.5,2.9825465651996668,3.2326499344358424,Under,-145,0.6325000000000001,0.5541401273885351,0.0687068965517243,false,0.0,0.0,58.0,6.0,6.0,-1,-1.0
2026_04_ARI_NYG,00-0037838,Isaiah Likely,NYG,ARI,rec_yds,draftkings,42.5,28.88353623371793,32.5034502949772,Over,-110,0.2825,0.495787700084246,-0.46068181818181825,false,0.0,0.0,66.0,7.0,66.0,1,0.9090909090909091
2026_04_ARI_NYG,00-0037838,Isaiah Likely,NYG,ARI,rec_yds,draftkings,42.5,28.88353623371793,32.5034502949772,Under,-114,0.7175,0.504212299915754,0.34688596491228074,false,0.0,0.0,66.0,7.0,66.0,-1,-1.0
2026_04_ARI_NYG,00-0037838,Isaiah Likely,NYG,ARI,receptions,draftkings,4.5,2.9875322281442154,3.3120012524079128,Over,125,0.2325,0.4193548387096774,-0.47687499999999994,false,0.0,0.0,66.0,7.0,7.0,1,1.25
2026_04_ARI_NYG,00-0037838,Isaiah Likely,NYG,ARI,receptions,draftkings,4.5,2.9875322281442154,3.3120012524079128,Under,-160,0.7675,0.5806451612903226,0.24718749999999995,false,0.0,0.0,66.0,7.0,7.0,-1,-1.0
2026_04_ARI_NYG,00-0037838,Isaiah Likely,NYG,ARI,rec_yds,fanduel,41.5,28.88353623371793,32.5034502949772,Over,-113,0.2975,0.5,-0.43922566371681415,false,0.0,0.0,66.0,7.0,66.0,1,0.8849557522123894
2026_04_ARI_NYG,00-0037838,Isaiah Likely,NYG,ARI,rec_yds,fanduel,41.5,28.88353623371793,32.5034502949772,Under,-113,0.7025,0.5,0.3241814159292036,false,0.0,0.0,66.0,7.0,66.0,-1,-1.0
2026_04_ARI_NYG,00-0037838,Isaiah Likely,NYG,ARI,receptions,fanduel,3.5,2.9875322281442154,3.3120012524079128,Over,-168,0.38,0.5862154150197628,-0.39380952380952383,false,0.0,0.0,66.0,7.0,7.0,1,0.5952380952380952
2026_04_ARI_NYG,00-0037838,Isaiah Likely,NYG,ARI,receptions,fanduel,3.5,2.9875322281442154,3.3120012524079128,Under,126,0.62,0.4137845849802372,0.4012,false,0.0,0.0,66.0,7.0,7.0,-1,-1.0
2026_04_ARI_NYG,00-0037838,Isaiah Likely,NYG,ARI,rec_yds,betrivers,41.5,28.88353623371793,32.5034502949772,Over,-114,0.2975,0.4969864995178399,-0.4415350877192983,false,0.0,0.0,66.0,7.0,66.0,1,0.8771929824561403
2026_04_ARI_NYG,00-0037838,Isaiah Likely,NYG,ARI,rec_yds,betrivers,41.5,28.88353623371793,32.5034502949772,Under,-117,0.7025,0.5030135004821601,0.3029273504273504,false,0.0,0.0,66.0,7.0,66.0,-1,-1.0
2026_04_ARI_NYG,00-0037838,Isaiah Likely,NYG,ARI,receptions,betrivers,3.5,2.9875322281442154,3.3120012524079128,Over,-162,0.38,,-0.3854320987654321,false,0.0,0.0,66.0,7.0,7.0,1,0.6172839506172839
2026_04_ARI_NYG,00-0037838,Isaiah Likely,NYG,ARI,rec_yds,betonlineag,41.5,28.88353623371793,32.5034502949772,Over,-114,0.2975,0.5,-0.4415350877192983,false,0.0,0.0,66.0,7.0,66.0,1,0.8771929824561403
2026_04_ARI_NYG,00-0037838,Isaiah Likely,NYG,ARI,rec_yds,betonlineag,41.5,28.88353623371793,32.5034502949772,Under,-114,0.7025,0.5,0.3187280701754386,false,0.0,0.0,66.0,7.0,66.0,-1,-1.0
2026_04_ARI_NYG,00-0037838,Isaiah Likely,NYG,ARI,receptions,betonlineag,3.5,2.9875322281442154,3.3120012524079128,Over,-167,0.38,0.5867448807441689,-0.39245508982035926,false,0.0,0.0,66.0,7.0,7.0,1,0.5988023952095808
2026_04_ARI_NYG,00-0037838,Isaiah Likely,NYG,ARI,receptions,betonlineag,3.5,2.9875322281442154,3.3120012524079128,Under,127,0.62,0.41325511925583114,0.4074,false,0.0,0.0,66.0,7.0,7.0,-1,-1.0
2026_04_ARI_NYG,00-0037838,Isaiah Likely,NYG,ARI,rec_yds,betmgm,41.5,28.88353623371793,32.5034502949772,Over,-105,0.2975,0.4796954314720812,-0.4191666666666667,false,0.0,0.0,66.0,7.0,66.0,1,0.9523809523809523
2026_04_ARI_NYG,00-0037838,Isaiah Likely,NYG,ARI,rec_yds,betmgm,41.5,28.88353623371793,32.5034502949772,Under,-125,0.7025,0.5203045685279188,0.26450000000000007,false,0.0,0.0,66.0,7.0,66.0,-1,-1.0
2026_04_ARI_NYG,00-0037838,Isaiah Likely,NYG,ARI,receptions,betmgm,3.5,2.9875322281442154,3.3120012524079128,Over,-160,0.38,0.5751633986928104,-0.3825,false,0.0,0.0,66.0,7.0,7.0,1,0.625
2026_04_ARI_NYG,00-0037838,Isaiah Likely,NYG,ARI,receptions,betmgm,3.5,2.9875322281442154,3.3120012524079128,Under,120,0.62,0.4248366013071896,0.364,false,0.0,0.0,66.0,7.0,7.0,-1,-1.0
2026_04_ARI_NYG,00-0037838,Isaiah Likely,NYG,ARI,rec_yds,bovada,42.5,28.88353623371793,32.5034502949772,Over,-115,0.2825,0.5,-0.4718478260869566,false,0.0,0.0,66.0,7.0,66.0,1,0.8695652173913043
2026_04_ARI_NYG,00-0037838,Isaiah Likely,NYG,ARI,rec_yds,bovada,42.5,28.88353623371793,32.5034502949772,Under,-115,0.7175,0.5,0.34141304347826085,false,0.0,0.0,66.0,7.0,66.0,-1,-1.0
2026_04_ARI_NYG,00-0037838,Isaiah Likely,NYG,ARI,receptions,bovada,4.5,2.9875322281442154,3.3120012524079128,Over,125,0.2325,0.4165029469548133,-0.47687499999999994,false,0.0,0.0,66.0,7.0,7.0,1,1.25
2026_04_ARI_NYG,00-0037838,Isaiah Likely,NYG,ARI,receptions,bovada,4.5,2.9875322281442154,3.3120012524079128,Under,-165,0.7675,0.5834970530451866,0.2326515151515151,false,0.0,0.0,66.0,7.0,7.0,-1,-1.0
